{"tweet_id":841810487524257792,"created_unixtime":1489538234965,"created_time":"Wed Mar 15 00:37:14 +0000 2017","lang":"en","displayname":"haarusso","time_zone":"Pacific Time (US & Canada)","msg":"RT amynelss 0314 Happy Pie Day plus a quick tour of Block 16s expanded dining room Pi https//tco/IBUtfKRzMU"}
{"tweet_id":841810487612338176,"created_unixtime":1489538234986,"created_time":"Wed Mar 15 00:37:14 +0000 2017","lang":"ja","displayname":"lin_yinpin","time_zone":"Taipei","msg":"RT tsukiuta1 ☆Happy White Day①☆始「いつも応援ありがとう」春「俺たちから胸いっぱいの愛と感謝を♪」※DLOK※壁紙などマナーを守って使ってくださいね https//tco/SEVeCueeuP"}
{"tweet_id":841810487947878400,"created_unixtime":1489538235066,"created_time":"Wed Mar 15 00:37:15 +0000 2017","lang":"en","displayname":"wolv1000","time_zone":"","msg":"RT HillaryCriminal yungcthulhu Liberals love science yet cant understand the simplest of biology Sad"}
{"tweet_id":841810487725719553,"created_unixtime":1489538235013,"created_time":"Wed Mar 15 00:37:15 +0000 2017","lang":"en","displayname":"quinlisk","time_zone":"","msg":"RT FCBayernUS Happy Pi Day everyone 🤓😁 https//tco/mRpUyieSDZ"}
{"tweet_id":841810488413564928,"created_unixtime":1489538235177,"created_time":"Wed Mar 15 00:37:15 +0000 2017","lang":"en","displayname":"noahsIut","time_zone":"Pacific Time (US & Canada)","msg":"apparently the ending is happy so im so scared and excited djdjdj"}
{"tweet_id":841810488748986368,"created_unixtime":1489538235257,"created_time":"Wed Mar 15 00:37:15 +0000 2017","lang":"en","displayname":"KeevinMunoz","time_zone":"Santiago","msg":"RT warriors DubNation please join us in wishing StephenCurry30 a very Happy Birthday 🎈 https//tco/cByjiIEk25"}
{"tweet_id":841810489277468672,"created_unixtime":1489538235383,"created_time":"Wed Mar 15 00:37:15 +0000 2017","lang":"en","displayname":"ruhtyt","time_zone":"Pacific Time (US & Canada)","msg":"RT amynelss 0314 Happy Pie Day plus a quick tour of Block 16s expanded dining room Pi https//tco/IBUtfKRzMU"}
{"tweet_id":841810489516646400,"created_unixtime":1489538235440,"created_time":"Wed Mar 15 00:37:15 +0000 2017","lang":"en","displayname":"_kristinamarku","time_zone":"","msg":"RT preaching if youre happy with someone forget about what everyone else says"}
{"tweet_id":841810488937857025,"created_unixtime":1489538235302,"created_time":"Wed Mar 15 00:37:15 +0000 2017","lang":"en","displayname":"NateRogers67","time_zone":"Eastern Time (US & Canada)","msg":"“Coaching improves skills not training Sales COACHING is what leads to improved sales https//tco/2almRSHDLn consulting mentoring"}
{"tweet_id":841810489797558272,"created_unixtime":1489538235507,"created_time":"Wed Mar 15 00:37:15 +0000 2017","lang":"en","displayname":"hannnitaaa","time_zone":"","msg":"oh so v happy i got wingstop 💞"}
{"tweet_id":841810490246356992,"created_unixtime":1489538235614,"created_time":"Wed Mar 15 00:37:15 +0000 2017","lang":"en","displayname":"marac00per","time_zone":"Pacific Time (US & Canada)","msg":"RT amynelss 0314 Happy Pie Day plus a quick tour of Block 16s expanded dining room Pi https//tco/IBUtfKRzMU"}
{"tweet_id":841810490388955136,"created_unixtime":1489538235648,"created_time":"Wed Mar 15 00:37:15 +0000 2017","lang":"en","displayname":"r1tap","time_zone":"Pacific Time (US & Canada)","msg":"RT amynelss 0314 Happy Pie Day plus a quick tour of Block 16s expanded dining room Pi https//tco/IBUtfKRzMU"}
{"tweet_id":841810491022307328,"created_unixtime":1489538235799,"created_time":"Wed Mar 15 00:37:15 +0000 2017","lang":"en","displayname":"rit01a","time_zone":"Pacific Time (US & Canada)","msg":"RT amynelss 0314 Happy Pie Day plus a quick tour of Block 16s expanded dining room Pi https//tco/IBUtfKRzMU"}
{"tweet_id":841810491290734593,"created_unixtime":1489538235863,"created_time":"Wed Mar 15 00:37:15 +0000 2017","lang":"en","displayname":"anaukmaria","time_zone":"Pacific Time (US & Canada)","msg":"RT amynelss 0314 Happy Pie Day plus a quick tour of Block 16s expanded dining room Pi https//tco/IBUtfKRzMU"}
{"tweet_id":841810490951114752,"created_unixtime":1489538235782,"created_time":"Wed Mar 15 00:37:15 +0000 2017","lang":"en","displayname":"SoDuTw","time_zone":"Dublin","msg":"RT TheEmilJay probably should have included these details in the original tweet you ratings monger sad https//tco/XTqMao68UD"}
{"tweet_id":841810485251063808,"created_unixtime":1489538234423,"created_time":"Wed Mar 15 00:37:14 +0000 2017","lang":"en","displayname":"DrIncrease","time_zone":"Central Time (US & Canada)","msg":"Happy 2nd Birthday to our grandson Santino Santos Looking forward to celebrating with you this weekend https//tco/Ccl0zfATjK"}
{"tweet_id":841810487582969857,"created_unixtime":1489538234979,"created_time":"Wed Mar 15 00:37:14 +0000 2017","lang":"en","displayname":"KarlNiere","time_zone":"Pacific Time (US & Canada)","msg":"Happy birthday ron  Congrats sa aton 🌟 bigcasrona"}
{"tweet_id":841810487801077760,"created_unixtime":1489538235031,"created_time":"Wed Mar 15 00:37:15 +0000 2017","lang":"en","displayname":"cloud09jadine","time_zone":"","msg":"Happy 3rd Anniversary JaDines More years and years to comeLetOurPurpleHeartsShineAt3"}
{"tweet_id":841810487503421440,"created_unixtime":1489538234960,"created_time":"Wed Mar 15 00:37:14 +0000 2017","lang":"en","displayname":"dragmenoora","time_zone":"Atlantic Time (Canada)","msg":"puckinghabs happy birthday"}
{"tweet_id":841810487838932997,"created_unixtime":1489538235040,"created_time":"Wed Mar 15 00:37:15 +0000 2017","lang":"en","displayname":"EllenMairJones","time_zone":"","msg":"RT AmaziingPuppies Happy dog getting picked up at daycare  https//tco/VAKBpd8Yqi"}
{"tweet_id":841810488237293568,"created_unixtime":1489538235135,"created_time":"Wed Mar 15 00:37:15 +0000 2017","lang":"en","displayname":"_ipaaaaa","time_zone":"","msg":"RT Necation Im so lonely lol sad🤷🏽‍♂️"}
{"tweet_id":841810486782005248,"created_unixtime":1489538234788,"created_time":"Wed Mar 15 00:37:14 +0000 2017","lang":"en","displayname":"faillustrations","time_zone":"","msg":"Happy Pi day piday2017 illustration illustrate kidslitart https//tco/RY7oxi096T"}
{"tweet_id":841810488568778752,"created_unixtime":1489538235214,"created_time":"Wed Mar 15 00:37:15 +0000 2017","lang":"en","displayname":"protectmamamoo","time_zone":"Pacific Time (US & Canada)","msg":"RT realladymoo [031417 SOLAR memo]HAPPY 1000 DAYS MAMAMOOMOOCont https//tco/MotoZf2mlX"}
{"tweet_id":841810489080483840,"created_unixtime":1489538235336,"created_time":"Wed Mar 15 00:37:15 +0000 2017","lang":"en","displayname":"nassirfbrown","time_zone":"","msg":"keeliereagan happy birthday keelie I hope your days been great"}
{"tweet_id":841810489499873280,"created_unixtime":1489538235436,"created_time":"Wed Mar 15 00:37:15 +0000 2017","lang":"en","displayname":"LittleStuff_","time_zone":"Quito","msg":"RT ___ilak If it makes me happy Im going towards it If it brings me pain Im subtracting myself 😇"}
{"tweet_id":841810489264988160,"created_unixtime":1489538235380,"created_time":"Wed Mar 15 00:37:15 +0000 2017","lang":"en","displayname":"paigeeoo","time_zone":"Helsinki","msg":"RT Simone_Biles thanks teala 😘😘😘😘 https//tco/o52BeevLRt"}
{"tweet_id":841810490040897536,"created_unixtime":1489538235565,"created_time":"Wed Mar 15 00:37:15 +0000 2017","lang":"en","displayname":"Parham_Dav","time_zone":"Arizona","msg":"RT ybeitollahi Wishing all those who celebrate the Persian Festival of Fire a very happy and safe ChaharshanbeSoori ❤🔥"}
{"tweet_id":841810490510598144,"created_unixtime":1489538235677,"created_time":"Wed Mar 15 00:37:15 +0000 2017","lang":"en","displayname":"0am8er","time_zone":"Pacific Time (US & Canada)","msg":"RT amynelss 0314 Happy Pie Day plus a quick tour of Block 16s expanded dining room Pi https//tco/IBUtfKRzMU"}
{"tweet_id":841810490179358720,"created_unixtime":1489538235598,"created_time":"Wed Mar 15 00:37:15 +0000 2017","lang":"en","displayname":"DanielsDaddio","time_zone":"","msg":"Build your own happy place Enter to win a suite of prizes from Fitbit Casper Blue Apron and more https//tco/I3uyDi3SQB"}
{"tweet_id":841810491001323520,"created_unixtime":1489538235794,"created_time":"Wed Mar 15 00:37:15 +0000 2017","lang":"en","displayname":"eleparal","time_zone":"Pacific Time (US & Canada)","msg":"RT amynelss 0314 Happy Pie Day plus a quick tour of Block 16s expanded dining room Pi https//tco/IBUtfKRzMU"}
{"tweet_id":841810491269832704,"created_unixtime":1489538235858,"created_time":"Wed Mar 15 00:37:15 +0000 2017","lang":"en","displayname":"anajjny","time_zone":"Pacific Time (US & Canada)","msg":"RT amynelss 0314 Happy Pie Day plus a quick tour of Block 16s expanded dining room Pi https//tco/IBUtfKRzMU"}
{"tweet_id":841810491617955840,"created_unixtime":1489538235941,"created_time":"Wed Mar 15 00:37:15 +0000 2017","lang":"en","displayname":"priacia","time_zone":"Pacific Time (US & Canada)","msg":"RT amynelss 0314 Happy Pie Day plus a quick tour of Block 16s expanded dining room Pi https//tco/IBUtfKRzMU"}
{"tweet_id":841810491093729280,"created_unixtime":1489538235816,"created_time":"Wed Mar 15 00:37:15 +0000 2017","lang":"en","displayname":"WWEJedi7116","time_zone":"","msg":"But waittheres more https//tco/clUKAzeUD9"}
{"tweet_id":841810491500507136,"created_unixtime":1489538235913,"created_time":"Wed Mar 15 00:37:15 +0000 2017","lang":"en","displayname":"212270Haruto","time_zone":"","msg":"RT TabletWallpaper Happy ValentinesDay Andrea 🍾🥂🌹💞💖💓┏┓┏━┓┏┓┏━━┓┏━━┓💓 Always┃┗┛┏┛┣┫┃┏━┛┃┏━┛💓 Love┃┏┓┗┓┃┃┗━┓┃┗━┓┃💓 You┗┛┗━┛┗┛┗━━… "}
{"tweet_id":841810491920007168,"created_unixtime":1489538236013,"created_time":"Wed Mar 15 00:37:16 +0000 2017","lang":"en","displayname":"_lderwin","time_zone":"Eastern Time (US & Canada)","msg":"RT preaching my main focus is to better myself be successful and be happy so if you arent contributing to that then i dont need you i…"}
{"tweet_id":841810491966164993,"created_unixtime":1489538236024,"created_time":"Wed Mar 15 00:37:16 +0000 2017","lang":"en","displayname":"floppymeston","time_zone":"","msg":"RT hoeselman like i hate having a crush bc i always end up sad"}
{"tweet_id":841810492129660928,"created_unixtime":1489538236063,"created_time":"Wed Mar 15 00:37:16 +0000 2017","lang":"en","displayname":"debbiedoublet","time_zone":"Pacific Time (US & Canada)","msg":"RT amynelss 0314 Happy Pie Day plus a quick tour of Block 16s expanded dining room Pi https//tco/IBUtfKRzMU"}
{"tweet_id":841810492339314690,"created_unixtime":1489538236113,"created_time":"Wed Mar 15 00:37:16 +0000 2017","lang":"en","displayname":"m1l1r","time_zone":"Pacific Time (US & Canada)","msg":"RT amynelss 0314 Happy Pie Day plus a quick tour of Block 16s expanded dining room Pi https//tco/IBUtfKRzMU"}
{"tweet_id":841810492029054976,"created_unixtime":1489538236039,"created_time":"Wed Mar 15 00:37:16 +0000 2017","lang":"en","displayname":"Nike_Mike7","time_zone":"Eastern Time (US & Canada)","msg":"RT kmess_9 Happy Birthday Nike_Mike7 🙃🎉"}
{"tweet_id":841810492339306500,"created_unixtime":1489538236113,"created_time":"Wed Mar 15 00:37:16 +0000 2017","lang":"en","displayname":"twiltwa","time_zone":"Pacific Time (US & Canada)","msg":"RT amynelss 0314 Happy Pie Day plus a quick tour of Block 16s expanded dining room Pi https//tco/IBUtfKRzMU"}
{"tweet_id":841810492020674562,"created_unixtime":1489538236037,"created_time":"Wed Mar 15 00:37:16 +0000 2017","lang":"en","displayname":"Traviijj","time_zone":"","msg":"RT D_Deji28 Do you guys know why he was killed A girl lied that he raped her and her brother shot him dead https//tco/IWDVDZp3rz"}
{"tweet_id":841810492960075776,"created_unixtime":1489538236261,"created_time":"Wed Mar 15 00:37:16 +0000 2017","lang":"en","displayname":"jan2no","time_zone":"Pacific Time (US & Canada)","msg":"RT amynelss 0314 Happy Pie Day plus a quick tour of Block 16s expanded dining room Pi https//tco/IBUtfKRzMU"}
{"tweet_id":841810492771467265,"created_unixtime":1489538236216,"created_time":"Wed Mar 15 00:37:16 +0000 2017","lang":"en","displayname":"liseve91","time_zone":"","msg":"shanedawson could you wish my best friend AlonaDanger a very happy birthday"}
{"tweet_id":841810492775579648,"created_unixtime":1489538236217,"created_time":"Wed Mar 15 00:37:16 +0000 2017","lang":"en","displayname":"nati1a","time_zone":"Pacific Time (US & Canada)","msg":"RT amynelss 0314 Happy Pie Day plus a quick tour of Block 16s expanded dining room Pi https//tco/IBUtfKRzMU"}
{"tweet_id":841810493010542596,"created_unixtime":1489538236273,"created_time":"Wed Mar 15 00:37:16 +0000 2017","lang":"en","displayname":"EmmmaAnnee_2","time_zone":"","msg":"RT SincerelyTumblr So annoying when ppl are like ur always laughin U laugh at everything Its not that funny like OK sorry Im a hap…"}
{"tweet_id":841810493199265792,"created_unixtime":1489538236318,"created_time":"Wed Mar 15 00:37:16 +0000 2017","lang":"en","displayname":"OMGtheHawk","time_zone":"","msg":"Happy birthday my dude🎉🎉 joeyEV12"}
{"tweet_id":841810492968603648,"created_unixtime":1489538236263,"created_time":"Wed Mar 15 00:37:16 +0000 2017","lang":"en","displayname":"tk210","time_zone":"Eastern Time (US & Canada)","msg":"Memes I posted three years ago Some of BitBits thoughts ended up with a happy ending https//tco/myhEfHMZVf"}
{"tweet_id":841810492859506688,"created_unixtime":1489538236237,"created_time":"Wed Mar 15 00:37:16 +0000 2017","lang":"en","displayname":"PushinUpRoses","time_zone":"Central Time (US & Canada)","msg":"I think being glad for me is sufficient Im not happy very often so a warning about egotism is not necessary https//tco/gzQYBT0vA7"}
{"tweet_id":841810493652180992,"created_unixtime":1489538236426,"created_time":"Wed Mar 15 00:37:16 +0000 2017","lang":"en","displayname":"tiftan","time_zone":"Pacific Time (US & Canada)","msg":"RT amynelss 0314 Happy Pie Day plus a quick tour of Block 16s expanded dining room Pi https//tco/IBUtfKRzMU"}
{"tweet_id":841810493463515136,"created_unixtime":1489538236381,"created_time":"Wed Mar 15 00:37:16 +0000 2017","lang":"en","displayname":"carrieschle","time_zone":"America/Chicago","msg":"RT Allison_mae00 Happiest birthday to carrieschle You wont my coach for long but I really appreciated you and so happy to see what yo…"}
{"tweet_id":841810493811511296,"created_unixtime":1489538236464,"created_time":"Wed Mar 15 00:37:16 +0000 2017","lang":"en","displayname":"JorElishere","time_zone":"Arizona","msg":"RT HarrietBaldwin I concur https//tco/IK59S5l176"}
{"tweet_id":841810493580939265,"created_unixtime":1489538236409,"created_time":"Wed Mar 15 00:37:16 +0000 2017","lang":"en","displayname":"bcklnvrlft","time_zone":"","msg":"RT Cyn_Santana Hmmm think I wanna eat ice cream watch sad movies and cry all night Send those movies in guys ☺"}
{"tweet_id":841810494067372032,"created_unixtime":1489538236525,"created_time":"Wed Mar 15 00:37:16 +0000 2017","lang":"en","displayname":"en1am","time_zone":"Belgrade","msg":"RT amynelss 0314 Happy Pie Day plus a quick tour of Block 16s expanded dining room Pi https//tco/IBUtfKRzMU"}
{"tweet_id":841810494214311936,"created_unixtime":1489538236560,"created_time":"Wed Mar 15 00:37:16 +0000 2017","lang":"en","displayname":"5HDELREGUI","time_zone":"","msg":"RT india_kate This photo makes me so happy ☺️✨ RitaOra ANTMVH1 antmvh1 https//tco/PsC5hOSlDs"}
{"tweet_id":841810494050693120,"created_unixtime":1489538236521,"created_time":"Wed Mar 15 00:37:16 +0000 2017","lang":"en","displayname":"busse_kate","time_zone":"","msg":"mafiasafia farrah_khan That is amazing I am so happy to read this 💚"}
{"tweet_id":841810494608547841,"created_unixtime":1489538236654,"created_time":"Wed Mar 15 00:37:16 +0000 2017","lang":"en","displayname":"TheDirector2730","time_zone":"Central Time (US & Canada)","msg":"JimCaviezel Boards CBS’ Navy SEAL Pilot as Lead – Variety very happy for Jim ReeseLives personofinterest  https//tco/6MiG5sAlg4"}
{"tweet_id":841810495187243008,"created_unixtime":1489538236792,"created_time":"Wed Mar 15 00:37:16 +0000 2017","lang":"en","displayname":"mtiraaz","time_zone":"Pacific Time (US & Canada)","msg":"RT amynelss 0314 Happy Pie Day plus a quick tour of Block 16s expanded dining room Pi https//tco/IBUtfKRzMU"}
{"tweet_id":841810494818271234,"created_unixtime":1489538236704,"created_time":"Wed Mar 15 00:37:16 +0000 2017","lang":"en","displayname":"sydneynoxon","time_zone":"America/Chicago","msg":"RT nugpapi shes literally a baddie https//tco/DjPkpSSKkD"}
{"tweet_id":841810495191502848,"created_unixtime":1489538236793,"created_time":"Wed Mar 15 00:37:16 +0000 2017","lang":"en","displayname":"pickles_17","time_zone":"Beijing","msg":"RT JadinePublicist Happy 3rd Year Anniversary JaDines Stay Strong 2014 • 2015 • 2016 • 2017 Salamat Ive learned a lot 😘LetOurPu…"}
{"tweet_id":841810496177094656,"created_unixtime":1489538237028,"created_time":"Wed Mar 15 00:37:17 +0000 2017","lang":"en","displayname":"aylinfernandez_","time_zone":"","msg":"KailLowry happy birthday❤️ hope you have an amazing one Much love❤️"}
{"tweet_id":841810496160432128,"created_unixtime":1489538237024,"created_time":"Wed Mar 15 00:37:17 +0000 2017","lang":"en","displayname":"elainexrose","time_zone":"","msg":"RT aryanna_gilbert Happy birthday pretty I love you so much and thank you for all the laughs and taking care of me😩❤️ elainexrose https…"}
{"tweet_id":841810496391127040,"created_unixtime":1489538237079,"created_time":"Wed Mar 15 00:37:17 +0000 2017","lang":"en","displayname":"ViciousQueenpin","time_zone":"","msg":"RT WWERetweeting If youre happy to see Maryse RT this SDLive WWERetweeting wwe"}
{"tweet_id":841810496055586816,"created_unixtime":1489538236999,"created_time":"Wed Mar 15 00:37:16 +0000 2017","lang":"en","displayname":"FaisalShaikh113","time_zone":"","msg":"RT FBIMostWanted Happy 67th Birthday to the FBI Ten Most Wanted Fugitives List created on March 14 1950 https//tco/aaf7lqVtLn"}
{"tweet_id":841810496412102656,"created_unixtime":1489538237084,"created_time":"Wed Mar 15 00:37:17 +0000 2017","lang":"en","displayname":"allyspoems","time_zone":"Eastern Time (US & Canada)","msg":"RT poshtofu not tryin to dictate ur life but drop those friends who dont make you happy who literally offer you nothing Drop shitty pe…"}
{"tweet_id":841810496453922817,"created_unixtime":1489538237094,"created_time":"Wed Mar 15 00:37:17 +0000 2017","lang":"en","displayname":"xHeeN_20","time_zone":"Pacific Time (US & Canada)","msg":"RT TeamRangerOFC I want someone to look at me and think Shes my happy endingMBMayWard https//tco/0JSTGYYZXU"}
{"tweet_id":841810496550539265,"created_unixtime":1489538237117,"created_time":"Wed Mar 15 00:37:17 +0000 2017","lang":"en","displayname":"blouskies_","time_zone":"","msg":"RT lysnorris my little sister keeps telling us she wants to be a boy so my parents went out and bought her boy clothes amp look ho… "}
{"tweet_id":841810496353406976,"created_unixtime":1489538237070,"created_time":"Wed Mar 15 00:37:17 +0000 2017","lang":"en","displayname":"darussian_12","time_zone":"","msg":"RT maya_houser happy birthday n8dagr8m8 i miss u a lot but how bout that dub yesterday😛 anyways keep doing big things in GA ily ❤❤"}
{"tweet_id":841810497049526272,"created_unixtime":1489538237236,"created_time":"Wed Mar 15 00:37:17 +0000 2017","lang":"en","displayname":"Regin76Regina","time_zone":"","msg":"RT Legionofaldub Good morning banana mainedcm 💜Your your banana 🍌 na aldenrichards02 waiting ALDUBxDTBYTugOfHearts https//tco/A…"}
{"tweet_id":841810497154482176,"created_unixtime":1489538237261,"created_time":"Wed Mar 15 00:37:17 +0000 2017","lang":"en","displayname":"JJeymz","time_zone":"London","msg":"wonder if Ive ever come to the end of a tuesday and been happy what a shit day"}
{"tweet_id":841810494482714626,"created_unixtime":1489538236624,"created_time":"Wed Mar 15 00:37:16 +0000 2017","lang":"en","displayname":"crody_dodes","time_zone":"","msg":"Happy https//tco/44j9fs8Z4k"}
{"tweet_id":841810497464803328,"created_unixtime":1489538237335,"created_time":"Wed Mar 15 00:37:17 +0000 2017","lang":"en","displayname":"h3mini","time_zone":"Pacific Time (US & Canada)","msg":"RT amynelss 0314 Happy Pie Day plus a quick tour of Block 16s expanded dining room Pi https//tco/IBUtfKRzMU"}
{"tweet_id":841810497343123456,"created_unixtime":1489538237306,"created_time":"Wed Mar 15 00:37:17 +0000 2017","lang":"en","displayname":"toby27roby","time_zone":"","msg":"Thanks Emma love you too💜 https//tco/tIV5PYnqBd"}
{"tweet_id":841810497641054208,"created_unixtime":1489538237377,"created_time":"Wed Mar 15 00:37:17 +0000 2017","lang":"en","displayname":"liviylou12","time_zone":"Central Time (US & Canada)","msg":"I went down to eat dinner and I was like happy pi day and my dad goes what 4/20 Like bruh"}
{"tweet_id":841810497645109248,"created_unixtime":1489538237378,"created_time":"Wed Mar 15 00:37:17 +0000 2017","lang":"en","displayname":"jaclynsydney","time_zone":"Central Time (US & Canada)","msg":"Someone is clearly not happy about whats about to come out https//tco/910YVFETex"}
{"tweet_id":841810497825460224,"created_unixtime":1489538237421,"created_time":"Wed Mar 15 00:37:17 +0000 2017","lang":"en","displayname":"rui_RR_21","time_zone":"","msg":"RT TheMetalCore Metallica // Sad But True https//tco/9WLr5cUTfX"}
{"tweet_id":841810496043008001,"created_unixtime":1489538236996,"created_time":"Wed Mar 15 00:37:16 +0000 2017","lang":"en","displayname":"AlexandraMill10","time_zone":"","msg":"Hayyyyy find new girl and be happy  https//tco/T9RGSxszZI https//tco/tLf66ftTxc"}
{"tweet_id":841810498219872257,"created_unixtime":1489538237515,"created_time":"Wed Mar 15 00:37:17 +0000 2017","lang":"en","displayname":"Dolce_N_Jeans","time_zone":"Eastern Time (US & Canada)","msg":"Singing some day over the rainbow🎶😂😘🤷🏻‍♀️ https//tco/01SSaJk9UI"}
{"tweet_id":841810498530209792,"created_unixtime":1489538237589,"created_time":"Wed Mar 15 00:37:17 +0000 2017","lang":"en","displayname":"Jessica81579","time_zone":"Pacific Time (US & Canada)","msg":"dont be sad ok i am better now thank u"}
{"tweet_id":841810498811133952,"created_unixtime":1489538237656,"created_time":"Wed Mar 15 00:37:17 +0000 2017","lang":"in","displayname":"Enie_Soebrana","time_zone":"Jakarta","msg":"RT informasi_123 Happy Birthday trendinaliaID 🎉Sukses selalu 😀Fromadmin https//tco/J4L42ep75v"}
{"tweet_id":841810499008315393,"created_unixtime":1489538237703,"created_time":"Wed Mar 15 00:37:17 +0000 2017","lang":"en","displayname":"kaebitb","time_zone":"Mountain Time (US & Canada)","msg":"RT amynelss 0314 Happy Pie Day plus a quick tour of Block 16s expanded dining room Pi https//tco/IBUtfKRzMU"}
{"tweet_id":841810498727231489,"created_unixtime":1489538237636,"created_time":"Wed Mar 15 00:37:17 +0000 2017","lang":"en","displayname":"nitorishuuichi","time_zone":"","msg":"RT NicolaSturgeon Hi ruthiehenderson  feel free to drop me an email youll find address on ScotParl website and Ill be happy to… "}
{"tweet_id":841810498517663745,"created_unixtime":1489538237586,"created_time":"Wed Mar 15 00:37:17 +0000 2017","lang":"en","displayname":"PetiteBeaute_xo","time_zone":"Quito","msg":"Sounds perfect https//tco/rFwnBTd33f"}
{"tweet_id":841810499247386624,"created_unixtime":1489538237760,"created_time":"Wed Mar 15 00:37:17 +0000 2017","lang":"en","displayname":"monikahotte","time_zone":"Pacific Time (US & Canada)","msg":"RT amynelss 0314 Happy Pie Day plus a quick tour of Block 16s expanded dining room Pi https//tco/IBUtfKRzMU"}
{"tweet_id":841810498706370560,"created_unixtime":1489538237631,"created_time":"Wed Mar 15 00:37:17 +0000 2017","lang":"en","displayname":"ArtisticMayhems","time_zone":"Central Time (US & Canada)","msg":"Happy Birthday my handsome angel ♡ https//tco/BSeTUfc1rE"}
{"tweet_id":841810499457052672,"created_unixtime":1489538237810,"created_time":"Wed Mar 15 00:37:17 +0000 2017","lang":"ja","displayname":"kuro2_kaori","time_zone":"","msg":"RT tsukiuta1 ☆Happy White Day⑥☆涙「愛よ届け、ばびゅーん」郁「………涙さん？え、ええと…いつもありがとうございます！俺たちからの愛と感謝も届け！……ばびゅーん（笑）」※DLOK※壁紙などマナーを守って使ってくださいね https//…"}
{"tweet_id":841810499704631296,"created_unixtime":1489538237869,"created_time":"Wed Mar 15 00:37:17 +0000 2017","lang":"en","displayname":"jamarcus_perry","time_zone":"","msg":"Happy Pi day you guys 314"}
{"tweet_id":841810499675254785,"created_unixtime":1489538237862,"created_time":"Wed Mar 15 00:37:17 +0000 2017","lang":"en","displayname":"Spencepll30","time_zone":"Pacific Time (US & Canada)","msg":"RT SincerelyTumblr So annoying when ppl are like ur always laughin U laugh at everything Its not that funny like OK sorry Im a hap…"}
{"tweet_id":841810499184521216,"created_unixtime":1489538237745,"created_time":"Wed Mar 15 00:37:17 +0000 2017","lang":"en","displayname":"drinkmorewasser","time_zone":"Pacific Time (US & Canada)","msg":"RT Stormzy1 Do what makes you happy mate"}
{"tweet_id":841810499830439936,"created_unixtime":1489538237899,"created_time":"Wed Mar 15 00:37:17 +0000 2017","lang":"en","displayname":"MichaelGoku","time_zone":"Mountain Time (US & Canada)","msg":"This makes me so happy 💗 https//tco/531LVmMMMx"}
{"tweet_id":841810500342153217,"created_unixtime":1489538238021,"created_time":"Wed Mar 15 00:37:18 +0000 2017","lang":"en","displayname":"69_callahanc","time_zone":"","msg":"RT MeninistTweet Happy pi dayThe Falcons blew a 283 lead314283  31the warriors blew a 31 lead in the NBA Finals"}
{"tweet_id":841810498077237248,"created_unixtime":1489538237481,"created_time":"Wed Mar 15 00:37:17 +0000 2017","lang":"en","displayname":"onikemen","time_zone":"Central Time (US & Canada)","msg":"Sad randy newman music https//tco/nPyAC2OxzY"}
{"tweet_id":841810500463796225,"created_unixtime":1489538238050,"created_time":"Wed Mar 15 00:37:18 +0000 2017","lang":"en","displayname":"beautyinsiders","time_zone":"Central Time (US & Canada)","msg":"https//tco/xciE7vo2Ao Thankyou for following beautyinsiders Happy to Connect"}
{"tweet_id":841810500581113856,"created_unixtime":1489538238078,"created_time":"Wed Mar 15 00:37:18 +0000 2017","lang":"ja","displayname":"tecondo","time_zone":"Tokyo","msg":"RT mochifu Happy White day☆うっかり忘れてて、もうホワイトデー終わる… https//tco/Wo5fjEur19"}
{"tweet_id":841810501105414144,"created_unixtime":1489538238203,"created_time":"Wed Mar 15 00:37:18 +0000 2017","lang":"en","displayname":"KEANAYUN","time_zone":"","msg":"RT ZacEfron Happy birthday Simone_Biles Hope youre having an incredible day 🎉🎂🎉"}
{"tweet_id":841810501059395584,"created_unixtime":1489538238192,"created_time":"Wed Mar 15 00:37:18 +0000 2017","lang":"en","displayname":"DrIncrease","time_zone":"Central Time (US & Canada)","msg":"Happy 2nd Birthday to our grandson Santino Santos Looking forward to celebrating with you this weekend https//tco/yKG9vsdPYL"}
{"tweet_id":841810496592453632,"created_unixtime":1489538237127,"created_time":"Wed Mar 15 00:37:17 +0000 2017","lang":"en","displayname":"marywilkie86","time_zone":"","msg":"BQQuinn me and zuma wish you a very happy birthday https//tco/WHvzgBAijL"}
{"tweet_id":841810501185204224,"created_unixtime":1489538238222,"created_time":"Wed Mar 15 00:37:18 +0000 2017","lang":"en","displayname":"theselfishrat","time_zone":"Pacific Time (US & Canada)","msg":"RT laurinahpiII You representatives told us not to wish you a happy birthday  ahsjkdk https//tco/UpQJJfQanb"}
{"tweet_id":841810501235539968,"created_unixtime":1489538238234,"created_time":"Wed Mar 15 00:37:18 +0000 2017","lang":"en","displayname":"lil_haj","time_zone":"Central Time (US & Canada)","msg":"RT MarquiseCWhite Happy 314Day errrrbody https//tco/i3BO7Zzyv0"}
{"tweet_id":841810501403201537,"created_unixtime":1489538238274,"created_time":"Wed Mar 15 00:37:18 +0000 2017","lang":"en","displayname":"eunhaeinfires","time_zone":"Kuala Lumpur","msg":"RT relatablerapmon NamjoonKnowledge You were born as a hero why are you trying to become a slave  RAPMONSTER  Do YouIts sad…"}
{"tweet_id":841810501575168001,"created_unixtime":1489538238315,"created_time":"Wed Mar 15 00:37:18 +0000 2017","lang":"en","displayname":"anissira","time_zone":"Pacific Time (US & Canada)","msg":"RT amynelss 0314 Happy Pie Day plus a quick tour of Block 16s expanded dining room Pi https//tco/IBUtfKRzMU"}
{"tweet_id":841810501373943808,"created_unixtime":1489538238267,"created_time":"Wed Mar 15 00:37:18 +0000 2017","lang":"en","displayname":"aquabluejay","time_zone":"","msg":"OzuYuuto Fat happy babies with guns Oh lord"}
{"tweet_id":841810501562703872,"created_unixtime":1489538238312,"created_time":"Wed Mar 15 00:37:18 +0000 2017","lang":"en","displayname":"dombertherine","time_zone":"Greenland","msg":"RT isaiahmustafa arosende Happy Pi day dadjokes https//tco/xLanA0i6jx"}
{"tweet_id":841810501508161537,"created_unixtime":1489538238299,"created_time":"Wed Mar 15 00:37:18 +0000 2017","lang":"en","displayname":"briannabrady_","time_zone":"Atlantic Time (Canada)","msg":"Shit changes and its sad"}
{"tweet_id":841810501562732544,"created_unixtime":1489538238312,"created_time":"Wed Mar 15 00:37:18 +0000 2017","lang":"en","displayname":"PeacockTiffany","time_zone":"Eastern Time (US & Canada)","msg":"RT GMA Happy 21st Birthday to TheVampsCon And thanks to TheVampsband amp MatomaOfficial for spending the morning with us… "}
{"tweet_id":841810502300909569,"created_unixtime":1489538238488,"created_time":"Wed Mar 15 00:37:18 +0000 2017","lang":"en","displayname":"kyleematheney19","time_zone":"","msg":"RT sasha_culp Sick of seeing cyber bullying It makes me sad"}
{"tweet_id":841810502665752577,"created_unixtime":1489538238575,"created_time":"Wed Mar 15 00:37:18 +0000 2017","lang":"en","displayname":"chemitw","time_zone":"Pacific Time (US & Canada)","msg":"RT amynelss 0314 Happy Pie Day plus a quick tour of Block 16s expanded dining room Pi https//tco/IBUtfKRzMU"}
{"tweet_id":841810500740612096,"created_unixtime":1489538238116,"created_time":"Wed Mar 15 00:37:18 +0000 2017","lang":"en","displayname":"KeystoUnlocking","time_zone":"America/Detroit","msg":"I voted for Fake News Sad in The Daily Shows ThirdMonthMania Vote NOW https//tco/kz4ywSfbNw… https//tco/dTqVN1oPME"}
{"tweet_id":841810500681883652,"created_unixtime":1489538238102,"created_time":"Wed Mar 15 00:37:18 +0000 2017","lang":"en","displayname":"Smiley_9Lives","time_zone":"Eastern Time (US & Canada)","msg":"Im so happy for KimRichards11 Its so warming to see her truly happy when she talks about her family RHOBH"}
{"tweet_id":841810502930051072,"created_unixtime":1489538238638,"created_time":"Wed Mar 15 00:37:18 +0000 2017","lang":"en","displayname":"fuckingfriendyo","time_zone":"","msg":"SamanthaRone1 its mean how to cheer up you make you happy"}
{"tweet_id":841810503198478336,"created_unixtime":1489538238702,"created_time":"Wed Mar 15 00:37:18 +0000 2017","lang":"en","displayname":"carterbigelow","time_zone":"","msg":"RT andr3w_gr4y im just tryna be happy man"}
{"tweet_id":841810502560940032,"created_unixtime":1489538238550,"created_time":"Wed Mar 15 00:37:18 +0000 2017","lang":"en","displayname":"WriterJodiMoore","time_zone":"Amsterdam","msg":"RT joshfunkbooks Happy Book Birthday to SUPER HAPPY PARTY BEARS GOING NUTS and STAYING A HIVE by MarcieColleen1MacKidsBooks… "}
{"tweet_id":841810503089438720,"created_unixtime":1489538238676,"created_time":"Wed Mar 15 00:37:18 +0000 2017","lang":"en","displayname":"MeganApplegat","time_zone":"","msg":"RT ellacapone_ happy 16th birthday to my best friend since third grade love u forever meg🖤💗 MeganApplegat https//tco/uoXIj1YTxn"}
{"tweet_id":841810503294963717,"created_unixtime":1489538238725,"created_time":"Wed Mar 15 00:37:18 +0000 2017","lang":"en","displayname":"MichaelOnFleek","time_zone":"","msg":"RT giamaliva taurus cont but once theyre committed its settled will do everything in their power to make you happy over… "}
{"tweet_id":841810503320068096,"created_unixtime":1489538238731,"created_time":"Wed Mar 15 00:37:18 +0000 2017","lang":"en","displayname":"serdadu1923","time_zone":"","msg":"Happy PersisDay"}
{"tweet_id":841810503575953410,"created_unixtime":1489538238792,"created_time":"Wed Mar 15 00:37:18 +0000 2017","lang":"en","displayname":"umbrastaff","time_zone":"London","msg":"cyberchiId think ive ever seen an openly autistic character portrayed so well  nd im so sad i wish there was More content 4 him"}
{"tweet_id":841810502829408257,"created_unixtime":1489538238614,"created_time":"Wed Mar 15 00:37:18 +0000 2017","lang":"en","displayname":"AmazingSkyfish","time_zone":"Eastern Time (US & Canada)","msg":"RT kalebhorton Saying America is optimistic because CEOs are optimistic is like saying prisoners are happy because you heard the w… "}
{"tweet_id":841810502841950208,"created_unixtime":1489538238617,"created_time":"Wed Mar 15 00:37:18 +0000 2017","lang":"tl","displayname":"cj_merin","time_zone":"Alaska","msg":"Happy birthday JAYMEnameiscool God bless you always liit❤️ see you soon at balik ka ulit bahay durugin na ulit k… https//tco/x8zhWOnql4"}
{"tweet_id":841810504519630848,"created_unixtime":1489538239017,"created_time":"Wed Mar 15 00:37:19 +0000 2017","lang":"en","displayname":"mara1y","time_zone":"Pacific Time (US & Canada)","msg":"RT amynelss 0314 Happy Pie Day plus a quick tour of Block 16s expanded dining room Pi https//tco/IBUtfKRzMU"}
{"tweet_id":841810504129605633,"created_unixtime":1489538238924,"created_time":"Wed Mar 15 00:37:18 +0000 2017","lang":"en","displayname":"goethelife","time_zone":"Pacific Time (US & Canada)","msg":"RT maasalan Little did he know today is exactly the day we Iranians play with fire Happy Chaharshanbe Suri everyone 🔥 https//tco/qK4…"}
{"tweet_id":841810504679006208,"created_unixtime":1489538239055,"created_time":"Wed Mar 15 00:37:19 +0000 2017","lang":"en","displayname":"JuanMartinezzx","time_zone":"","msg":"jewwliaa Sad not drake lmaooo"}
{"tweet_id":841810505031376897,"created_unixtime":1489538239139,"created_time":"Wed Mar 15 00:37:19 +0000 2017","lang":"en","displayname":"Jancolsum","time_zone":"","msg":"RT MeanwhileinCana This is what happens when Pi Day is also a snowday Happy Pi DayPiDay https//tco/1JXI6q8v6c"}
{"tweet_id":841810504926564352,"created_unixtime":1489538239114,"created_time":"Wed Mar 15 00:37:19 +0000 2017","lang":"en","displayname":"Dating_Swingers","time_zone":"Pacific Time (US & Canada)","msg":"you deserve to be happy just as much as the next person whether they are straight gay lesbian or bisexual like you"}
{"tweet_id":841810505329180672,"created_unixtime":1489538239210,"created_time":"Wed Mar 15 00:37:19 +0000 2017","lang":"en","displayname":"chefandrew004","time_zone":"","msg":"When the moon hits your eye like a big pizza pie Happy π day Come celebrate oldvenice and… https//tco/Pb9YpV3RTN"}
{"tweet_id":841810505580732417,"created_unixtime":1489538239270,"created_time":"Wed Mar 15 00:37:19 +0000 2017","lang":"en","displayname":"brittawalkk","time_zone":"Pacific Time (US & Canada)","msg":"RT amynelss 0314 Happy Pie Day plus a quick tour of Block 16s expanded dining room Pi https//tco/IBUtfKRzMU"}
{"tweet_id":841810505413083140,"created_unixtime":1489538239230,"created_time":"Wed Mar 15 00:37:19 +0000 2017","lang":"und","displayname":"naa8200","time_zone":"","msg":"whiteday 0314 surprise gift thankyou 💖 happy love bear 🐻 cute selfie pic… https//tco/La8FIxbxSG"}
{"tweet_id":841810505157226496,"created_unixtime":1489538239169,"created_time":"Wed Mar 15 00:37:19 +0000 2017","lang":"en","displayname":"bgtexplorations","time_zone":"Pacific Time (US & Canada)","msg":"Are you this happy to summit kilimanjaro  Our awesome guide thinks so Join the next Kilimanjaro trek in July https//tco/QtKLNk0ctt"}
{"tweet_id":841810505748508673,"created_unixtime":1489538239310,"created_time":"Wed Mar 15 00:37:19 +0000 2017","lang":"und","displayname":"maya_gayle","time_zone":"","msg":"Noooo😭 https//tco/2oegwxBMVq"}
{"tweet_id":841810506113515520,"created_unixtime":1489538239397,"created_time":"Wed Mar 15 00:37:19 +0000 2017","lang":"en","displayname":"mattyehigh","time_zone":"Pacific Time (US & Canada)","msg":"chadwildclay happy Pi day chadwildclay and VyQwaint"}
{"tweet_id":841810504670711808,"created_unixtime":1489538239053,"created_time":"Wed Mar 15 00:37:19 +0000 2017","lang":"en","displayname":"LosAngelC","time_zone":"Pacific Time (US & Canada)","msg":"Does this mean its the end because let me say Im happy asf"}
{"tweet_id":841810506033836037,"created_unixtime":1489538239378,"created_time":"Wed Mar 15 00:37:19 +0000 2017","lang":"en","displayname":"davewarren43","time_zone":"","msg":"Happy PI Day  I like pie"}
{"tweet_id":841810506797146113,"created_unixtime":1489538239560,"created_time":"Wed Mar 15 00:37:19 +0000 2017","lang":"es","displayname":"ariida","time_zone":"Eastern Time (US & Canada)","msg":"Cosa sad 3 Que entre un tipo diciendo hola mamita al personal 🤢 que tenga como 60 y pregunte por 2 chavas de 24 una rubia y otra morena🙄"}
{"tweet_id":841810504859410432,"created_unixtime":1489538239098,"created_time":"Wed Mar 15 00:37:19 +0000 2017","lang":"en","displayname":"blakescott147","time_zone":"","msg":"Happy one hundred days with the BFF 😛 https//tco/E5GcPpjoIx"}
{"tweet_id":841810506860105730,"created_unixtime":1489538239575,"created_time":"Wed Mar 15 00:37:19 +0000 2017","lang":"en","displayname":"carrleyshreve_","time_zone":"","msg":"RT hidden saying im tired when youre actually sad"}
{"tweet_id":841810506629451776,"created_unixtime":1489538239520,"created_time":"Wed Mar 15 00:37:19 +0000 2017","lang":"en","displayname":"jadeserotica","time_zone":"Casablanca","msg":"_Masterseye WatchingDistant Hes right You are Happy bidet"}
{"tweet_id":841810506600054784,"created_unixtime":1489538239513,"created_time":"Wed Mar 15 00:37:19 +0000 2017","lang":"en","displayname":"zyxzjqs","time_zone":"","msg":"RT saturnsxing IM NO LONGER SAD THE PAIN GONE CURLS ARE ALL I SEE https//tco/Tb1J6J7qwM"}
{"tweet_id":841810506969038848,"created_unixtime":1489538239601,"created_time":"Wed Mar 15 00:37:19 +0000 2017","lang":"en","displayname":"frawley_blake","time_zone":"","msg":"wolfieraps SO HAPPY"}
{"tweet_id":841810507094978561,"created_unixtime":1489538239631,"created_time":"Wed Mar 15 00:37:19 +0000 2017","lang":"en","displayname":"graysonandpizza","time_zone":"Bucharest","msg":"RT rosydolan happy tuesday 🍓 i hope you feel confident today tuesdayselfie https//tco/2VSC6KNGtI"}
{"tweet_id":841810507204050946,"created_unixtime":1489538239657,"created_time":"Wed Mar 15 00:37:19 +0000 2017","lang":"en","displayname":"meghan_mulhern","time_zone":"Eastern Time (US & Canada)","msg":"taramckissick Chimbos32Nick so sad bc tomorrow was show and tell "}
{"tweet_id":841810507262787584,"created_unixtime":1489538239671,"created_time":"Wed Mar 15 00:37:19 +0000 2017","lang":"en","displayname":"joeatalbot98","time_zone":"","msg":"Yo Spotify if you see me listening to a playlist called kill myself dont play happy fun dance music in your fucking ads thanks"}
{"tweet_id":841810505656356864,"created_unixtime":1489538239288,"created_time":"Wed Mar 15 00:37:19 +0000 2017","lang":"en","displayname":"BBigham7","time_zone":"","msg":"Happy birthday NCAA M_Barton2016 https//tco/MZDp01SztM"}
{"tweet_id":841810507938050048,"created_unixtime":1489538239832,"created_time":"Wed Mar 15 00:37:19 +0000 2017","lang":"en","displayname":"SmsHugot","time_zone":"Pacific Time (US & Canada)","msg":"Never let a girl sleep sad or mad"}
{"tweet_id":841810508038692864,"created_unixtime":1489538239856,"created_time":"Wed Mar 15 00:37:19 +0000 2017","lang":"en","displayname":"angela_arnott","time_zone":"","msg":" all I want is tooo live a good amp happy life 😊😊"}
{"tweet_id":841810506914643969,"created_unixtime":1489538239588,"created_time":"Wed Mar 15 00:37:19 +0000 2017","lang":"en","displayname":"hbg118","time_zone":"","msg":"METZELERMOTO sad to see your ads are popping up on racist white nationalist site Breitbartplease consider removi… https//tco/VSlRKI8HfC"}
{"tweet_id":841810508361564160,"created_unixtime":1489538239933,"created_time":"Wed Mar 15 00:37:19 +0000 2017","lang":"hi","displayname":"draksbond","time_zone":"","msg":"RT shuklapinku कहीं ऐसा न हो की आने वाली पीढ़ी की होली केवल happy holi ke message तक ही सीमित हो जाये।        🌷सुप्रभात 🌷"}
{"tweet_id":841810505568247808,"created_unixtime":1489538239267,"created_time":"Wed Mar 15 00:37:19 +0000 2017","lang":"en","displayname":"InklingWorks","time_zone":"","msg":"Happy Pi Day to all https//tco/X9yW6sKcrL"}
{"tweet_id":841810508768395264,"created_unixtime":1489538240030,"created_time":"Wed Mar 15 00:37:20 +0000 2017","lang":"ja","displayname":"yui_php","time_zone":"Pacific Time (US & Canada)","msg":"RT lovelive_kot うみちゃーん♡Happy Birthdayヽ〃･ω･ﾉ☆ﾟ’･☆ラブアローシュート♡♡これからも大好きだよ♡園田海未生誕祭2017 園田海未好きな人RT RTした人全員フォローする… "}
{"tweet_id":841810508843909120,"created_unixtime":1489538240048,"created_time":"Wed Mar 15 00:37:20 +0000 2017","lang":"ja","displayname":"yui_php","time_zone":"Pacific Time (US & Canada)","msg":"RT haruraru1205 海未ちゃん！！♡ﾟ･Happy Birthday･ﾟ♡ 園田海未生誕祭2017  3月15日は園田海未の誕生日  ラブライブ  RTした人全員フォローする https//tco/dLOPX46WKF"}
{"tweet_id":841810508743294976,"created_unixtime":1489538240024,"created_time":"Wed Mar 15 00:37:20 +0000 2017","lang":"ja","displayname":"yui_php","time_zone":"Pacific Time (US & Canada)","msg":"RT MONSTER3170 Happy Birthday 海未！園田海未生誕祭2017 RTした人全員フォローする https//tco/WsGIEWuLe2"}
{"tweet_id":841810508990693377,"created_unixtime":1489538240083,"created_time":"Wed Mar 15 00:37:20 +0000 2017","lang":"ja","displayname":"IWATA_REINA_ldh","time_zone":"","msg":"RT tera_0614 HAPPYのけんちゃんのヘアメイク担当させて頂きました時にはクラシックにセクシーにダンディに。とっても刺激的な経験でした！ありがとうございました https//tco/pITGTmFn4A"}
{"tweet_id":841810508965535744,"created_unixtime":1489538240077,"created_time":"Wed Mar 15 00:37:20 +0000 2017","lang":"en","displayname":"MTONT_RioDollas","time_zone":"Pacific Time (US & Canada)","msg":"RT D_Deji28 Do you guys know why he was killed A girl lied that he raped her and her brother shot him dead https//tco/IWDVDZp3rz"}
{"tweet_id":841810508562989057,"created_unixtime":1489538239981,"created_time":"Wed Mar 15 00:37:19 +0000 2017","lang":"de","displayname":"OmmaElfriede","time_zone":"Berlin","msg":"xPandorya bellt Happy Birthday mit einem WelpenChorAlles alles Liebe zum Geburtstag PanSchnuff Ich hab dic… https//tco/vSAUHiewX3"}
{"tweet_id":841810508906942469,"created_unixtime":1489538240063,"created_time":"Wed Mar 15 00:37:20 +0000 2017","lang":"en","displayname":"refecalaw","time_zone":"Eastern Time (US & Canada)","msg":"RT meredithworthen Happy Pi Day Bio PiDay HiddenFigures LEGO_Group womeninmaths GirlsInStem NASA LegoNASAWomen piday2017 bio h…"}
{"tweet_id":841810509049536513,"created_unixtime":1489538240097,"created_time":"Wed Mar 15 00:37:20 +0000 2017","lang":"en","displayname":"princefeliz","time_zone":"Eastern Time (US & Canada)","msg":"Trump Claims That Optimism In America Is ‘Great’ Because He’s Making Wealthy CEOs Happy https//tco/tq5Cm4l77j"}
{"tweet_id":841810509276012544,"created_unixtime":1489538240151,"created_time":"Wed Mar 15 00:37:20 +0000 2017","lang":"en","displayname":"LopezTheCreator","time_zone":"Eastern Time (US & Canada)","msg":"cam_ii_amm Happy Birthday Camden"}
{"tweet_id":841810509292797952,"created_unixtime":1489538240155,"created_time":"Wed Mar 15 00:37:20 +0000 2017","lang":"en","displayname":"B_DUYILEINC","time_zone":"Central Time (US & Canada)","msg":"Chino_Breeze happy g day Holmez"}
{"tweet_id":841810509624156161,"created_unixtime":1489538240234,"created_time":"Wed Mar 15 00:37:20 +0000 2017","lang":"en","displayname":"WillieEarlWade","time_zone":"Pacific Time (US & Canada)","msg":"RT richthekid Focus on what makes you happy"}
{"tweet_id":841810508512661505,"created_unixtime":1489538239969,"created_time":"Wed Mar 15 00:37:19 +0000 2017","lang":"en","displayname":"tobar_fer","time_zone":"Central Time (US & Canada)","msg":"Happy birthday my love ♥️♥️♥️ damn it 23 I remember when I wished you happy 20th anniversary ♥️… https//tco/sdpv1ViFC9"}
{"tweet_id":841810509661888512,"created_unixtime":1489538240243,"created_time":"Wed Mar 15 00:37:20 +0000 2017","lang":"en","displayname":"werstworld","time_zone":"Brasilia","msg":"RT ninadrbrev im happy // before her i didnt know what it was like to be happy https//tco/ywKN3Y9abv"}
{"tweet_id":841810509741608962,"created_unixtime":1489538240262,"created_time":"Wed Mar 15 00:37:20 +0000 2017","lang":"en","displayname":"ramirezs2874","time_zone":"","msg":"RT HornyFacts So annoying when ppl r like ur always laughing U laugh at everything Its not that funny like OK sorry Im a happy pe…"}
{"tweet_id":841810510035210240,"created_unixtime":1489538240332,"created_time":"Wed Mar 15 00:37:20 +0000 2017","lang":"en","displayname":"Leleeeeeee___","time_zone":"Central Time (US & Canada)","msg":"never fails https//tco/nOY3U9kBnH"}
{"tweet_id":841810510370750464,"created_unixtime":1489538240412,"created_time":"Wed Mar 15 00:37:20 +0000 2017","lang":"en","displayname":"MarkDedaJr","time_zone":"","msg":"You guys dont know how happy I am about the half day tomorrow"}
{"tweet_id":841810510706221056,"created_unixtime":1489538240492,"created_time":"Wed Mar 15 00:37:20 +0000 2017","lang":"en","displayname":"Supersayn_Manny","time_zone":"","msg":"RT allisonlopez5 Supersayn_Manny Happy birthday little man hope you have a fantastic day😋🎈🎉🎉"}
{"tweet_id":841810510651711488,"created_unixtime":1489538240479,"created_time":"Wed Mar 15 00:37:20 +0000 2017","lang":"en","displayname":"Alena_Yushina","time_zone":"Irkutsk","msg":"were blessed 🙌 https//tco/c2lK5ehfAR"}
{"tweet_id":841810510886649863,"created_unixtime":1489538240535,"created_time":"Wed Mar 15 00:37:20 +0000 2017","lang":"pt","displayname":"belasoaresl","time_zone":"Brasilia","msg":"wrongmp4 essa musica é a nova happy do pharrell que as pessoas recusam a superar e te forcam a ouvir o tempo todo"}
{"tweet_id":841810510643400704,"created_unixtime":1489538240477,"created_time":"Wed Mar 15 00:37:20 +0000 2017","lang":"und","displayname":"BjMirth","time_zone":"","msg":"justfunnyhttps//tco/lHb1EfTqR2"}
{"tweet_id":841810510962139136,"created_unixtime":1489538240553,"created_time":"Wed Mar 15 00:37:20 +0000 2017","lang":"en","displayname":"ksuding","time_zone":"","msg":"Oohhwe LOVE wearewayne in the house waynelearns BPE_THRIVE PatinsIcam SO happy u are joining us"}
{"tweet_id":841810511247351808,"created_unixtime":1489538240621,"created_time":"Wed Mar 15 00:37:20 +0000 2017","lang":"en","displayname":"nabilaaaahhhh","time_zone":"Alaska","msg":"Happy Birthday 🎊 https//tco/gxk75zh0i4"}
{"tweet_id":841810511859666944,"created_unixtime":1489538240767,"created_time":"Wed Mar 15 00:37:20 +0000 2017","lang":"en","displayname":"MayWardLovers03","time_zone":"Pacific Time (US & Canada)","msg":"RT PBBKAHOUSE I cried I was sad I was guilty I was everything Edward MBMayWard"}
{"tweet_id":841810512237088769,"created_unixtime":1489538240857,"created_time":"Wed Mar 15 00:37:20 +0000 2017","lang":"en","displayname":"melinafelinaa","time_zone":"Pacific Time (US & Canada)","msg":"RT stephanimirella Its Pi day Happy Pi day to every math nerd out there"}
{"tweet_id":841810512459456512,"created_unixtime":1489538240910,"created_time":"Wed Mar 15 00:37:20 +0000 2017","lang":"en","displayname":"ryanhendrajaya","time_zone":"Jakarta","msg":"Happy Pi Day"}
{"tweet_id":841810512912433152,"created_unixtime":1489538241018,"created_time":"Wed Mar 15 00:37:21 +0000 2017","lang":"ja","displayname":"jubi1212","time_zone":"","msg":"achi00__4 ~~~ヾ＾∇＾おはよー♪あら！Happy Birthday！！今夜は寒いけど勝ってほしいねっ๑•̀ㅂ•́و✧"}
{"tweet_id":841810513113808896,"created_unixtime":1489538241066,"created_time":"Wed Mar 15 00:37:21 +0000 2017","lang":"en","displayname":"IJustBePlayin","time_zone":"Mountain Time (US & Canada)","msg":"RT NevaDyingBroke Essentially it cancels each other out and both could be aint shit together and happy https//tco/8pOCeWsh3V"}
{"tweet_id":841810512467906560,"created_unixtime":1489538240912,"created_time":"Wed Mar 15 00:37:20 +0000 2017","lang":"en","displayname":"Norwegian1948","time_zone":"","msg":"I had the privilege of working with him at YMC and was his neighbor for 15 Humble kind modest hard working gr… https//tco/sZC2oMHY0q"}
{"tweet_id":841810512832806913,"created_unixtime":1489538240999,"created_time":"Wed Mar 15 00:37:20 +0000 2017","lang":"en","displayname":"Asarrina","time_zone":"Warsaw","msg":"RT tomellis17 Thanks Vancouver the sun decides to come out the day I leave for Christmas Happy holidays everyone 😈🎅🏻 https//tco/C8FfHS…"}
{"tweet_id":841810513055088641,"created_unixtime":1489538241052,"created_time":"Wed Mar 15 00:37:21 +0000 2017","lang":"pt","displayname":"trykookie","time_zone":"","msg":"Estou happy agora"}
{"tweet_id":841810513172414464,"created_unixtime":1489538241080,"created_time":"Wed Mar 15 00:37:21 +0000 2017","lang":"en","displayname":"AskAmex","time_zone":"Eastern Time (US & Canada)","msg":"wireman915 Ho Tom thx for tweeting us Happy to help Pls share which US card do you have Naomi"}
{"tweet_id":841810513403232256,"created_unixtime":1489538241135,"created_time":"Wed Mar 15 00:37:21 +0000 2017","lang":"en","displayname":"rochelle595","time_zone":"","msg":"RT Stormzy1 Do what makes you happy mate"}
{"tweet_id":841810513373859842,"created_unixtime":1489538241128,"created_time":"Wed Mar 15 00:37:21 +0000 2017","lang":"en","displayname":"maslanys_","time_zone":"Central Time (US & Canada)","msg":"RT woahashli Look Im not saying that this photo makes me happy but I cant NOT look at it amp smile paulfeig I love Ghostbus… "}
{"tweet_id":841810513696808964,"created_unixtime":1489538241205,"created_time":"Wed Mar 15 00:37:21 +0000 2017","lang":"en","displayname":"ChammasJulio","time_zone":"","msg":"RT 5HVotingStats Scared Of Happy FifthHarmony YouKnowYouLoveThem radiodisney"}
{"tweet_id":841810513801707520,"created_unixtime":1489538241230,"created_time":"Wed Mar 15 00:37:21 +0000 2017","lang":"en","displayname":"OmneyaFo","time_zone":"Cairo","msg":"RT preaching my main focus is to better myself be successful and be happy so if you arent contributing to that then i dont need you i…"}
{"tweet_id":841810513927458816,"created_unixtime":1489538241260,"created_time":"Wed Mar 15 00:37:21 +0000 2017","lang":"en","displayname":"nikalynn7","time_zone":"","msg":"RT hidden saying im tired when youre actually sad"}
{"tweet_id":841810513956876288,"created_unixtime":1489538241267,"created_time":"Wed Mar 15 00:37:21 +0000 2017","lang":"en","displayname":"macy_zajac14","time_zone":"Pacific Time (US & Canada)","msg":"RT nikkivisvardis happy birthday macy❤❤🎉 love you lots girl😘🤗 https//tco/Orbcptiv2T"}
{"tweet_id":841810514137251840,"created_unixtime":1489538241310,"created_time":"Wed Mar 15 00:37:21 +0000 2017","lang":"en","displayname":"Mister_Tolu","time_zone":"","msg":"Not much but Im really happy with the uni memories I made with my guys dem 🙏🏾"}
{"tweet_id":841810514468524032,"created_unixtime":1489538241389,"created_time":"Wed Mar 15 00:37:21 +0000 2017","lang":"en","displayname":"rohitarora218","time_zone":"","msg":"RT Gurmeetramrahim MSGwishesToArmedForces Jai Hind amp Happy Holi to the courageous Armed Forces who valiantly defend the honor of our… "}
{"tweet_id":841810514359537665,"created_unixtime":1489538241363,"created_time":"Wed Mar 15 00:37:21 +0000 2017","lang":"en","displayname":"JadynKeo","time_zone":"","msg":"HAPPY BIRTHDAY ChappedIdeekay ‼️ my fav viet 👌"}
{"tweet_id":841810514715934720,"created_unixtime":1489538241448,"created_time":"Wed Mar 15 00:37:21 +0000 2017","lang":"en","displayname":"lizagarciaDC","time_zone":"Urumqi","msg":"RT PBBKAHOUSE I cried I was sad I was guilty I was everything Edward MBMayWard"}
{"tweet_id":841810513881378816,"created_unixtime":1489538241249,"created_time":"Wed Mar 15 00:37:21 +0000 2017","lang":"en","displayname":"christankk","time_zone":"Hawaii","msg":"Late to the game here but Happy CNU Day 💙"}
{"tweet_id":841810515173216256,"created_unixtime":1489538241557,"created_time":"Wed Mar 15 00:37:21 +0000 2017","lang":"en","displayname":"RevLara","time_zone":"Eastern Time (US & Canada)","msg":"RT UUSikh Happy Sikh New Year SikhNewYear sikhchannel https//tco/elNdtGoX5i"}
{"tweet_id":841810514799955974,"created_unixtime":1489538241468,"created_time":"Wed Mar 15 00:37:21 +0000 2017","lang":"en","displayname":"uglytablesalt","time_zone":"Pacific Time (US & Canada)","msg":"RT D_Deji28 Do you guys know why he was killed A girl lied that he raped her and her brother shot him dead https//tco/IWDVDZp3rz"}
{"tweet_id":841810515429060611,"created_unixtime":1489538241618,"created_time":"Wed Mar 15 00:37:21 +0000 2017","lang":"en","displayname":"BallisBehn","time_zone":"","msg":"Happy birthday bro 🎉 xnickjamesx"}
{"tweet_id":841810515525545984,"created_unixtime":1489538241641,"created_time":"Wed Mar 15 00:37:21 +0000 2017","lang":"en","displayname":"omar_aldino","time_zone":"","msg":"RT LoveQuotes i just want someone to just be truly happy over me happy to see me happy to hear from me happy to know me"}
{"tweet_id":841810515257044992,"created_unixtime":1489538241577,"created_time":"Wed Mar 15 00:37:21 +0000 2017","lang":"en","displayname":"daryl_sharon","time_zone":"Singapore","msg":"RT Fanghoul2 ALDUBxDTBYTugOfHearts Respect https//tco/BZlizl76NU"}
{"tweet_id":841810516058161152,"created_unixtime":1489538241768,"created_time":"Wed Mar 15 00:37:21 +0000 2017","lang":"in","displayname":"NurinZulhizam","time_zone":"Paris","msg":"RT HanyaBestfriend Kenangan dgn bestfriend akan jadi berharga bila kau terlalu happy dgn bestfriend kaubenda yang kau takkan lupa amp in…"}
{"tweet_id":841810514615365632,"created_unixtime":1489538241424,"created_time":"Wed Mar 15 00:37:21 +0000 2017","lang":"en","displayname":"mylalovejoy","time_zone":"","msg":"RT _lilsunnyyy Talk to god more aint nothing wrong with you dont know what youre sad for you got clothes on your back and… "}
{"tweet_id":841810516171468800,"created_unixtime":1489538241795,"created_time":"Wed Mar 15 00:37:21 +0000 2017","lang":"en","displayname":"WriterHayley","time_zone":"Pacific Time (US & Canada)","msg":"RT kashanacauley Weve all set a world record for how happy anyone can be when thinking about tax returns"}
{"tweet_id":841810515781419008,"created_unixtime":1489538241702,"created_time":"Wed Mar 15 00:37:21 +0000 2017","lang":"en","displayname":"Sugalean","time_zone":"Central Time (US & Canada)","msg":"Only 10 more to go https//tco/dRwzh1oCyd"}
{"tweet_id":841810517094096896,"created_unixtime":1489538242015,"created_time":"Wed Mar 15 00:37:22 +0000 2017","lang":"en","displayname":"alfiqdegea","time_zone":"","msg":"Happy birthday Azri_Zulhilmi"}
{"tweet_id":841810517471649792,"created_unixtime":1489538242105,"created_time":"Wed Mar 15 00:37:22 +0000 2017","lang":"en","displayname":"drewsmaichard","time_zone":"","msg":"RT AlDubBigGirlz Happy Tweeting mga keneshenTC always😘👋 ALDUBxDTBYTugOfHearts AlDubBigBoyz ALDub_RTeam jophie30… "}
{"tweet_id":841810517396209664,"created_unixtime":1489538242087,"created_time":"Wed Mar 15 00:37:22 +0000 2017","lang":"en","displayname":"Tammy55951","time_zone":"Pacific Time (US & Canada)","msg":"Being sad about something you cant immediately change is the worst feeling ever"}
{"tweet_id":841810517853409280,"created_unixtime":1489538242196,"created_time":"Wed Mar 15 00:37:22 +0000 2017","lang":"en","displayname":"sugarypiixie","time_zone":"","msg":"RT Meelaffs squishy 😊also happy white day https//tco/HI01IusVAR"}
{"tweet_id":841810518092464128,"created_unixtime":1489538242253,"created_time":"Wed Mar 15 00:37:22 +0000 2017","lang":"en","displayname":"Aurelysmartinez","time_zone":"Caracas","msg":"RT SincerelyTumblr So annoying when ppl are like ur always laughin U laugh at everything Its not that funny like OK sorry Im a hap…"}
{"tweet_id":841810517681397760,"created_unixtime":1489538242155,"created_time":"Wed Mar 15 00:37:22 +0000 2017","lang":"en","displayname":"PrincessKaniova","time_zone":"","msg":"RT brielllllllle Her I helpedHim No you didntHer I ate all the pringles😂😂😂😂 https//tco/OGhw1pwIDu"}
{"tweet_id":841810518956429312,"created_unixtime":1489538242459,"created_time":"Wed Mar 15 00:37:22 +0000 2017","lang":"ja","displayname":"kuro2_kaori","time_zone":"","msg":"RT tsukiuta1 春「Happy White Day」春「……滑り込み完了！ロωロゞ＜お付合い、ありがとうございました♪」"}
{"tweet_id":841810517815619584,"created_unixtime":1489538242187,"created_time":"Wed Mar 15 00:37:22 +0000 2017","lang":"en","displayname":"ix_myron","time_zone":"","msg":"MySarcasticwayz HAPPY BIRTHDAYYY https//tco/J8s5aYVTAz"}
{"tweet_id":841810518897704961,"created_unixtime":1489538242445,"created_time":"Wed Mar 15 00:37:22 +0000 2017","lang":"en","displayname":"KimSarmientoo","time_zone":"Beijing","msg":"harplaza happy birthday bro Godbless 🎉"}
{"tweet_id":841810518956494848,"created_unixtime":1489538242459,"created_time":"Wed Mar 15 00:37:22 +0000 2017","lang":"en","displayname":"SweetSweetHazza","time_zone":"Pacific Time (US & Canada)","msg":"Harry_Styles Youre the reason of my smile I love you and Im proud of you I would be very happy if you follow me one day ❤️  762"}
{"tweet_id":841810518276993024,"created_unixtime":1489538242297,"created_time":"Wed Mar 15 00:37:22 +0000 2017","lang":"en","displayname":"egyptpeterss","time_zone":"","msg":"RT Lauuurrreeennn If you dance around your room every night to stupidly good music you will live a happy life i swear"}
{"tweet_id":841810518620921856,"created_unixtime":1489538242379,"created_time":"Wed Mar 15 00:37:22 +0000 2017","lang":"en","displayname":"thikrdanasnickr","time_zone":"","msg":"LMFAOOOOOO https//tco/ht5QgZumly"}
{"tweet_id":841810518419595264,"created_unixtime":1489538242331,"created_time":"Wed Mar 15 00:37:22 +0000 2017","lang":"en","displayname":"UKAPHQ","time_zone":"London","msg":"You came along way to the meeting on March 2nd JacopsAlix  We hope you have got a lot from the day We are happy to help you"}
{"tweet_id":841810519338192896,"created_unixtime":1489538242550,"created_time":"Wed Mar 15 00:37:22 +0000 2017","lang":"en","displayname":"WTFRUTHINKING88","time_zone":"","msg":"RT BabbyAnimal AWWWWWWWWW HES SO HAPPY🐹🐹 https//tco/iHjE3sUAEz"}
{"tweet_id":841810519128473600,"created_unixtime":1489538242500,"created_time":"Wed Mar 15 00:37:22 +0000 2017","lang":"en","displayname":"TracyKHilbun","time_zone":"America/New_York","msg":"RT ThinkPositive66 This is your yearKeep your mind happyKeep your dreams aliveKeep the faithKeep believing in your abilitiesKee…"}
{"tweet_id":841810519757606912,"created_unixtime":1489538242650,"created_time":"Wed Mar 15 00:37:22 +0000 2017","lang":"en","displayname":"maddy_ramos","time_zone":"","msg":"Happy birthday Mairy💋😍🌹🌟🎂❤️ No one else id panic about ap bio other than with you love you gorgeous mairy_123"}
{"tweet_id":841810519774371840,"created_unixtime":1489538242654,"created_time":"Wed Mar 15 00:37:22 +0000 2017","lang":"en","displayname":"stitchfeather","time_zone":"Eastern Time (US & Canada)","msg":"RT kalebhorton Saying America is optimistic because CEOs are optimistic is like saying prisoners are happy because you heard the w… "}
{"tweet_id":841810519694708736,"created_unixtime":1489538242635,"created_time":"Wed Mar 15 00:37:22 +0000 2017","lang":"en","displayname":"mobiliahire","time_zone":"Sydney","msg":"Happy hump day 🙌🏻 do something everyday that brings u one step closer to your goals 👊🏻😊 mobilia https//tco/UdPCMMUKPZ"}
{"tweet_id":841810520357265408,"created_unixtime":1489538242793,"created_time":"Wed Mar 15 00:37:22 +0000 2017","lang":"en","displayname":"itsJessicaAmber","time_zone":"Pacific Time (US & Canada)","msg":"Im getting iamblackbear tix for the Digital Drug Tour i havent been this happy in awhile"}
{"tweet_id":841810520533417984,"created_unixtime":1489538242835,"created_time":"Wed Mar 15 00:37:22 +0000 2017","lang":"en","displayname":"MabBacala","time_zone":"Pacific Time (US & Canada)","msg":"iiamK happy"}
{"tweet_id":841810520349016065,"created_unixtime":1489538242791,"created_time":"Wed Mar 15 00:37:22 +0000 2017","lang":"en","displayname":"AvtarIn05645494","time_zone":"","msg":"RT Gurmeetramrahim MSGwishesToArmedForces Jai Hind amp Happy Holi to the courageous Armed Forces who valiantly defend the honor of our… "}
{"tweet_id":841810520294490112,"created_unixtime":1489538242778,"created_time":"Wed Mar 15 00:37:22 +0000 2017","lang":"en","displayname":"cait_alexis6","time_zone":"","msg":"RT JustAGirIThing Someone When was the last time u were truly happy Me https//tco/YTSjNOreRU"}
{"tweet_id":841810520571281408,"created_unixtime":1489538242844,"created_time":"Wed Mar 15 00:37:22 +0000 2017","lang":"en","displayname":"GabbyRenee___","time_zone":"Quito","msg":"RT D_Deji28 Do you guys know why he was killed A girl lied that he raped her and her brother shot him dead https//tco/IWDVDZp3rz"}
{"tweet_id":841810520554500100,"created_unixtime":1489538242840,"created_time":"Wed Mar 15 00:37:22 +0000 2017","lang":"en","displayname":"DjBriStacks","time_zone":"Mountain Time (US & Canada)","msg":"Just wanna be happy smh"}
{"tweet_id":841810520478998528,"created_unixtime":1489538242822,"created_time":"Wed Mar 15 00:37:22 +0000 2017","lang":"en","displayname":"lowklit","time_zone":"","msg":"iamkamiam_ im sad that its already over ☹️ this season flew by so fast i cry "}
{"tweet_id":841810520936185856,"created_unixtime":1489538242931,"created_time":"Wed Mar 15 00:37:22 +0000 2017","lang":"en","displayname":"irwinxdoll","time_zone":"Casablanca","msg":"RT Stormzy1 Do what makes you happy mate"}
{"tweet_id":841810521196253184,"created_unixtime":1489538242993,"created_time":"Wed Mar 15 00:37:22 +0000 2017","lang":"en","displayname":"vtgood2","time_zone":"","msg":"RT MomItForward Q6 DOES FOOD MAKE YOU HAPPY WHAT DISHES MAKE YOU THE HAPPIEST AvoHappiness GNO PLS RT"}
{"tweet_id":841810521120743428,"created_unixtime":1489538242975,"created_time":"Wed Mar 15 00:37:22 +0000 2017","lang":"en","displayname":"Tanveer02995651","time_zone":"","msg":"RT sanaak21 Happy holi everyone 😘💃🏻 https//tco/LkgsBxQuri"}
{"tweet_id":841810521871523842,"created_unixtime":1489538243154,"created_time":"Wed Mar 15 00:37:23 +0000 2017","lang":"en","displayname":"partikapadokya","time_zone":"Pacific Time (US & Canada)","msg":"RT RobertEibach Happy PiDay Ill take 314159265359 slices of lemon meringue "}
{"tweet_id":841810521917685760,"created_unixtime":1489538243165,"created_time":"Wed Mar 15 00:37:23 +0000 2017","lang":"en","displayname":"katecheater","time_zone":"","msg":"RT ksnutwell katecheater happy birthday 💕💕 https//tco/uCeBwnMwrl"}
{"tweet_id":841810521976315904,"created_unixtime":1489538243179,"created_time":"Wed Mar 15 00:37:23 +0000 2017","lang":"en","displayname":"LPK1981","time_zone":"Chennai","msg":"RT RefugeeBluesKP As KashmiripanditsAtUN Protest today at 1011 am  we wish you happy Sonth too  As spring opens so does our stru… "}
{"tweet_id":841810522114674689,"created_unixtime":1489538243212,"created_time":"Wed Mar 15 00:37:23 +0000 2017","lang":"ja","displayname":"K568488598","time_zone":"Pacific Time (US & Canada)","msg":"RT BELCORNO ラテアート【園田海未】＠ラブライブ！LatteArt【Umi Sonoda】＠ Love Live本日お誕生日で一杯。Happy Birthday作成動画：https//tco/M7aP8M7SKK… "}
{"tweet_id":841810521854771201,"created_unixtime":1489538243150,"created_time":"Wed Mar 15 00:37:23 +0000 2017","lang":"en","displayname":"ZachWahls","time_zone":"Central Time (US & Canada)","msg":"The sad irony of this story is Bannons father blames the government instead of media men who convinced him to sellhttps//tco/3pWeShrftL"}
{"tweet_id":841810521720516609,"created_unixtime":1489538243118,"created_time":"Wed Mar 15 00:37:23 +0000 2017","lang":"es","displayname":"La913FM","time_zone":"Quito","msg":"Oye la cancion que puedes disfrutar ahora HAPPY TOGETHER THETURTLES"}
{"tweet_id":841810522219601920,"created_unixtime":1489538243237,"created_time":"Wed Mar 15 00:37:23 +0000 2017","lang":"en","displayname":"hoemichael","time_zone":"Central Time (US & Canada)","msg":"Me in the club when No More Sad Songs comes on https//tco/aktz0wUH1F"}
{"tweet_id":841810523054211073,"created_unixtime":1489538243436,"created_time":"Wed Mar 15 00:37:23 +0000 2017","lang":"en","displayname":"richardknell","time_zone":"","msg":"Happy Birthday Tim Prospects2016  Enjoy your day"}
{"tweet_id":841810523117236228,"created_unixtime":1489538243451,"created_time":"Wed Mar 15 00:37:23 +0000 2017","lang":"en","displayname":"luccoelho","time_zone":"Brasilia","msg":"RT billyraycyrus Looks like its time to rock n roll MileyCyrus happy   Excited to hear more of the new stuff  Turn it loose  htt…"}
{"tweet_id":841810524081864704,"created_unixtime":1489538243681,"created_time":"Wed Mar 15 00:37:23 +0000 2017","lang":"en","displayname":"drunkafzayn","time_zone":"New Delhi","msg":"zrammys happy birthdayy💕"}
{"tweet_id":841810523624734720,"created_unixtime":1489538243572,"created_time":"Wed Mar 15 00:37:23 +0000 2017","lang":"en","displayname":"Kimmy_Michelle7","time_zone":"","msg":"RT Twi_teacher G H A N A MY HOMELAND HAPPY 60th INDEPENDENCE 🇬🇭 https//tco/59TKlGhDlO"}
{"tweet_id":841810524136452096,"created_unixtime":1489538243694,"created_time":"Wed Mar 15 00:37:23 +0000 2017","lang":"en","displayname":"adamos29","time_zone":"","msg":"Cant say Im happy for Leicester tbh"}
{"tweet_id":841810523280756737,"created_unixtime":1489538243490,"created_time":"Wed Mar 15 00:37:23 +0000 2017","lang":"en","displayname":"louisemaetam","time_zone":"Taipei","msg":"Happy Birthday Eve to me and one of my favorite people in the universe cesdmonsada 🏃🏻‍♀️🙆🏻👩🏻‍🚀👩🏻‍💻 https//tco/cmWZ05FIgj"}
{"tweet_id":841810524065153025,"created_unixtime":1489538243677,"created_time":"Wed Mar 15 00:37:23 +0000 2017","lang":"en","displayname":"TheShowOff85","time_zone":"London","msg":"LeiSev But honestly Im happy for these fans because they deserve every year to stay at the top level"}
{"tweet_id":841810524333518848,"created_unixtime":1489538243741,"created_time":"Wed Mar 15 00:37:23 +0000 2017","lang":"en","displayname":"itsxtyme","time_zone":"Pacific Time (US & Canada)","msg":"RT broken its kinda sad how you can mean the world to someone one day and mean nothing to them the next day"}
{"tweet_id":841810524702556161,"created_unixtime":1489538243829,"created_time":"Wed Mar 15 00:37:23 +0000 2017","lang":"en","displayname":"ajshapi1","time_zone":"","msg":"RT MeninistTweet Happy pi dayThe Falcons blew a 283 lead314283  31the warriors blew a 31 lead in the NBA Finals"}
{"tweet_id":841810524866191360,"created_unixtime":1489538243868,"created_time":"Wed Mar 15 00:37:23 +0000 2017","lang":"en","displayname":"rohitarora218","time_zone":"","msg":"RT Gurmeetramrahim MSGwishesToArmedForces Jai Hind amp Happy Holi to the courageous Armed Forces who valiantly defend the honor of http…"}
{"tweet_id":841810524656549888,"created_unixtime":1489538243818,"created_time":"Wed Mar 15 00:37:23 +0000 2017","lang":"en","displayname":"agent_orangutan","time_zone":"Atlantic Time (Canada)","msg":"RT RWPUSA Another White House ethics complaint from our team at CREW  Sad https//tco/jm2kvIUMhH"}
{"tweet_id":841810525499604994,"created_unixtime":1489538244019,"created_time":"Wed Mar 15 00:37:24 +0000 2017","lang":"en","displayname":"veauxnique","time_zone":"London","msg":"RT Stormzy1 Do what makes you happy mate"}
{"tweet_id":841810525507997701,"created_unixtime":1489538244021,"created_time":"Wed Mar 15 00:37:24 +0000 2017","lang":"en","displayname":"4EverRavenWrite","time_zone":"","msg":"danieljgillies danieljgillies Happy Birthday to an amazing actor and the hottest man to ever put on a suit Have a great day 🎂🎂🍻🍾🎂🎂"}
{"tweet_id":841810525780639745,"created_unixtime":1489538244086,"created_time":"Wed Mar 15 00:37:24 +0000 2017","lang":"en","displayname":"ladymarielle","time_zone":"Quito","msg":"MomItForward Anything with avocados or chicken makes me happy AvoHappiness GNO 🥑😍😍😍"}
{"tweet_id":841810526028021760,"created_unixtime":1489538244145,"created_time":"Wed Mar 15 00:37:24 +0000 2017","lang":"en","displayname":"elizuhxx","time_zone":"Arizona","msg":"happy julquen day 💘"}
{"tweet_id":841810525956780036,"created_unixtime":1489538244128,"created_time":"Wed Mar 15 00:37:24 +0000 2017","lang":"en","displayname":"LIFEWITHJUAREZ","time_zone":"Pacific Time (US & Canada)","msg":"Im sad bc I cant download flurry so I cant watch the twins when they go live "}
{"tweet_id":841810526002806785,"created_unixtime":1489538244139,"created_time":"Wed Mar 15 00:37:24 +0000 2017","lang":"und","displayname":"Krstnrms_","time_zone":"","msg":"😍😞 https//tco/omMmqOqpeG"}
{"tweet_id":841810525918904320,"created_unixtime":1489538244119,"created_time":"Wed Mar 15 00:37:24 +0000 2017","lang":"en","displayname":"mistress_claus","time_zone":"","msg":"RT mistress_claus Happy tittytuesday bigboobs hugenaturals bustybbw santaslittleslut https//tco/XYumqYycol"}
{"tweet_id":841810526426431488,"created_unixtime":1489538244240,"created_time":"Wed Mar 15 00:37:24 +0000 2017","lang":"en","displayname":"jjkxxkie","time_zone":"Arizona","msg":"Happy 5th years anniversary for NUEST sunbaenim~ Wish always be 5 dan stay for long time Lebih sukses kedepannya… https//tco/48SrgouNjs"}
{"tweet_id":841810526523011073,"created_unixtime":1489538244263,"created_time":"Wed Mar 15 00:37:24 +0000 2017","lang":"en","displayname":"macthekillerr","time_zone":"Eastern Time (US & Canada)","msg":"QTJEFFERSONN happy birthday Q"}
{"tweet_id":841810526682419203,"created_unixtime":1489538244301,"created_time":"Wed Mar 15 00:37:24 +0000 2017","lang":"en","displayname":"_itsArtiStic","time_zone":"Central Time (US & Canada)","msg":"RT MiimiiArielle _itsArtiStic Happy Birthdayy"}
{"tweet_id":841810526929879040,"created_unixtime":1489538244360,"created_time":"Wed Mar 15 00:37:24 +0000 2017","lang":"ro","displayname":"EmmaLovesCelebz","time_zone":"Central Time (US & Canada)","msg":"RT LittleLiars Happy pi π day PLL fam https//tco/SLvjMKRpOb"}
{"tweet_id":841810527030509568,"created_unixtime":1489538244384,"created_time":"Wed Mar 15 00:37:24 +0000 2017","lang":"en","displayname":"muktar__","time_zone":"Amsterdam","msg":"RT Stormzy1 Do what makes you happy mate"}
{"tweet_id":841810526845997057,"created_unixtime":1489538244340,"created_time":"Wed Mar 15 00:37:24 +0000 2017","lang":"en","displayname":"ElaynaHernandez","time_zone":"Pacific Time (US & Canada)","msg":"RT FreddyAmazin Someone When was the last time u were truly happyMe https//tco/0lG917uPtK"}
{"tweet_id":841810527156334592,"created_unixtime":1489538244414,"created_time":"Wed Mar 15 00:37:24 +0000 2017","lang":"en","displayname":"HoseokPanda","time_zone":"Pacific Time (US & Canada)","msg":"RT fantagiogroup [아스트로] 20170315 HAPPY BIRTHDAY JINJIN♥https//tco/V5gCN4Og73ASTRO JINJIN 진진 HAPPYJINJINDAY💕 https//tco/wheN9y…"}
{"tweet_id":841810527429005312,"created_unixtime":1489538244479,"created_time":"Wed Mar 15 00:37:24 +0000 2017","lang":"en","displayname":"ArtCultureking","time_zone":"","msg":"RT Nelly_Mo Happy 314 DAY STL STAND UP"}
{"tweet_id":841810527462526976,"created_unixtime":1489538244487,"created_time":"Wed Mar 15 00:37:24 +0000 2017","lang":"en","displayname":"SpanksMcbooty","time_zone":"Eastern Time (US & Canada)","msg":"RT XLNB The corrupt media and failing Rachel Maddow desperate Anything to stop us from Making America Great Again Fake… "}
{"tweet_id":841810527835811840,"created_unixtime":1489538244576,"created_time":"Wed Mar 15 00:37:24 +0000 2017","lang":"en","displayname":"bostonchris535","time_zone":"","msg":"JohnDennisWEEI stevegibson1965 life is that boring for you eh Dino  SAD"}
{"tweet_id":841810527860977664,"created_unixtime":1489538244582,"created_time":"Wed Mar 15 00:37:24 +0000 2017","lang":"en","displayname":"breazy98","time_zone":"Mountain Time (US & Canada)","msg":"Kyra still has the best tweets ever idc what you say https//tco/tuNuVNs7nA"}
{"tweet_id":841810528435621888,"created_unixtime":1489538244719,"created_time":"Wed Mar 15 00:37:24 +0000 2017","lang":"en","displayname":"DoakKayleigh","time_zone":"Pacific Time (US & Canada)","msg":"DoakKayleigh also sad bc _kevinward replaced me with my own dog //"}
{"tweet_id":841810528875945986,"created_unixtime":1489538244824,"created_time":"Wed Mar 15 00:37:24 +0000 2017","lang":"en","displayname":"marnyey","time_zone":"Pacific Time (US & Canada)","msg":"im happy just to know youre in my life"}
{"tweet_id":841810528884396032,"created_unixtime":1489538244826,"created_time":"Wed Mar 15 00:37:24 +0000 2017","lang":"en","displayname":"gachuzc","time_zone":"","msg":"RT kanyefeeI its sad to see a good person change"}
{"tweet_id":841810529299570688,"created_unixtime":1489538244925,"created_time":"Wed Mar 15 00:37:24 +0000 2017","lang":"en","displayname":"pickles_17","time_zone":"Beijing","msg":"RT WeLoveJaDine Happy third Anniversary JaDineLand 💜LetOurPurpleHeartsShineAt3 EL"}
{"tweet_id":841810529110843392,"created_unixtime":1489538244880,"created_time":"Wed Mar 15 00:37:24 +0000 2017","lang":"ja","displayname":"Aki_Nyan8","time_zone":"","msg":"RT lucklife_info ʕ•͡•ʔHappy Birthdayʕ•͡•ʔ遂にキタ！2017315（水）！ラックライフ 9歳になりましたー！🎂めでたい誕生日にメジャー1st full Album『Life is beautiful』リリースー… "}
{"tweet_id":841810529127669761,"created_unixtime":1489538244884,"created_time":"Wed Mar 15 00:37:24 +0000 2017","lang":"en","displayname":"Mr_MITCHELL_2_U","time_zone":"Quito","msg":"RT robinthede Really Some are disappointed that maddow only has 2005 Like you would only be happy w/ 20 yrs of indepth tax analysis…"}
{"tweet_id":841810529203118081,"created_unixtime":1489538244902,"created_time":"Wed Mar 15 00:37:24 +0000 2017","lang":"en","displayname":"Alanna_4th","time_zone":"","msg":"daramunnis HoziersGuitars 😷Take care Dara  happy to hear youre on the mend Take it easy☺🌹🌹🌹"}
{"tweet_id":841810529110896640,"created_unixtime":1489538244880,"created_time":"Wed Mar 15 00:37:24 +0000 2017","lang":"en","displayname":"Jonnymoshcock","time_zone":"","msg":"accordingtocody if you and abby arent there ill be sad"}
{"tweet_id":841810529341571072,"created_unixtime":1489538244935,"created_time":"Wed Mar 15 00:37:24 +0000 2017","lang":"es","displayname":"DD_IceCream","time_zone":"Pacific Time (US & Canada)","msg":"RT Sugarlapin8 Termine de ver el fin de temporada de esta serie 💔Im sadDaronNefcy StarVsTheForcesOfEvil  starco https//tco/gnjn…"}
{"tweet_id":841810529383469056,"created_unixtime":1489538244945,"created_time":"Wed Mar 15 00:37:24 +0000 2017","lang":"en","displayname":"armymedic80","time_zone":"Berlin","msg":"JAdomian My friend told me about the Genocide how they Turks still wont admit to it Very sad"}
{"tweet_id":841810529421271040,"created_unixtime":1489538244954,"created_time":"Wed Mar 15 00:37:24 +0000 2017","lang":"en","displayname":"RyannValkov","time_zone":"Pacific Time (US & Canada)","msg":"RT MaggieWith2gCR ∝ I used to be so happy but without you here i feel so low ∝ https//tco/OKVUsWjm0I"}
{"tweet_id":841810529467412480,"created_unixtime":1489538244965,"created_time":"Wed Mar 15 00:37:24 +0000 2017","lang":"en","displayname":"RobotFaker","time_zone":"Pacific Time (US & Canada)","msg":"SegaSky Happy birthday tortinowave of Antarctica"}
{"tweet_id":841810528959881216,"created_unixtime":1489538244844,"created_time":"Wed Mar 15 00:37:24 +0000 2017","lang":"en","displayname":"LuciferFlowers","time_zone":"","msg":"RT beatdotmedia 10 Best Sad Love Songs by LuciferFlowers https//tco/wOch5eGeCj"}
{"tweet_id":841810529748312065,"created_unixtime":1489538245032,"created_time":"Wed Mar 15 00:37:25 +0000 2017","lang":"en","displayname":"HopeInspire","time_zone":"Mountain Time (US & Canada)","msg":"RT GAbhulimen Giving stimulates gratitude You cannot be happy if you are not grateful WHYiGIVE"}
{"tweet_id":841810529559576576,"created_unixtime":1489538244987,"created_time":"Wed Mar 15 00:37:24 +0000 2017","lang":"en","displayname":"ironnnoc","time_zone":"Pacific Time (US & Canada)","msg":"RT deadhomosexual me an actual angel can confirm that yes we do feel sad https//tco/ulHoGS2BER"}
{"tweet_id":841810529723248640,"created_unixtime":1489538245026,"created_time":"Wed Mar 15 00:37:25 +0000 2017","lang":"en","displayname":"Lily_Rugo","time_zone":"","msg":"RT robinthede Really Some are disappointed that maddow only has 2005 Like you would only be happy w/ 20 yrs of indepth tax analysis…"}
{"tweet_id":841810530159407104,"created_unixtime":1489538245130,"created_time":"Wed Mar 15 00:37:25 +0000 2017","lang":"en","displayname":"ggigicd47","time_zone":"","msg":"topstarnews 생일축하해요 오빠🎊 please always take care of yourself amp be happy Thank you for everythings you have done it making us very happy"}
{"tweet_id":841810530234855425,"created_unixtime":1489538245148,"created_time":"Wed Mar 15 00:37:25 +0000 2017","lang":"en","displayname":"darlynne052830","time_zone":"","msg":"RT PBBKAHOUSE I cried I was sad I was guilty I was everything Edward MBMayWard"}
{"tweet_id":841810529895235584,"created_unixtime":1489538245067,"created_time":"Wed Mar 15 00:37:25 +0000 2017","lang":"en","displayname":"NorikoSakuma","time_zone":"Mexico City","msg":"RT felumatsu im sad solmao https//tco/wTad79FOIe"}
{"tweet_id":841810530310356993,"created_unixtime":1489538245166,"created_time":"Wed Mar 15 00:37:25 +0000 2017","lang":"en","displayname":"t4marie","time_zone":"Pacific Time (US & Canada)","msg":"Wishing my granddaughter a joyful Happy Birthday  koolkennedy… https//tco/7hcyNmpEdl"}
{"tweet_id":841810530230775808,"created_unixtime":1489538245147,"created_time":"Wed Mar 15 00:37:25 +0000 2017","lang":"en","displayname":"KeystoUnlocking","time_zone":"America/Detroit","msg":"I voted for Fake News Sad in The Daily Shows ThirdMonthMania Vote NOW https//tco/kz4ywSfbNw https//tco/aeZTrU24Xg"}
{"tweet_id":841810530666917888,"created_unixtime":1489538245251,"created_time":"Wed Mar 15 00:37:25 +0000 2017","lang":"en","displayname":"moonrockwoo","time_zone":"Pacific Time (US & Canada)","msg":"RT theseoulstory Happy Birthday to ASTRO JinJin Have a great celebration amp we wish you many more happy days 🎂🎉 HappyJinJinDay… "}
{"tweet_id":841810530595610624,"created_unixtime":1489538245234,"created_time":"Wed Mar 15 00:37:25 +0000 2017","lang":"en","displayname":"moonrockwoo","time_zone":"Pacific Time (US & Canada)","msg":"RT ASTROSchedule Today its HappyJinJinDay💜🎉 Happy birthday to our fantastic leader charismatic rapper sweet vocalist and tiny c… "}
{"tweet_id":841810530713059329,"created_unixtime":1489538245262,"created_time":"Wed Mar 15 00:37:25 +0000 2017","lang":"en","displayname":"Rzz_Rvr","time_zone":"","msg":"RT mainedcm I am a one happy banana How about you https//tco/KKyl9dh6HO"}
{"tweet_id":841810531220611074,"created_unixtime":1489538245383,"created_time":"Wed Mar 15 00:37:25 +0000 2017","lang":"en","displayname":"birdiealways","time_zone":"","msg":"RT tonyposnanski Obama gave healthcare to all even those who did not support himTrump is taking healthcare away even those who do su…"}
{"tweet_id":841810530230755328,"created_unixtime":1489538245147,"created_time":"Wed Mar 15 00:37:25 +0000 2017","lang":"en","displayname":"coexxist12","time_zone":"","msg":"This acoustic version makes me sad af https//tco/XJ8OeMvGKE"}
{"tweet_id":841810531136737284,"created_unixtime":1489538245363,"created_time":"Wed Mar 15 00:37:25 +0000 2017","lang":"en","displayname":"Kitchology","time_zone":"Eastern Time (US & Canada)","msg":"Check out Are You In a Happy Barbecue Place This Labor Day https//tco/6oMfOiEB0R kitchology foodallergy"}
{"tweet_id":841810530524250112,"created_unixtime":1489538245217,"created_time":"Wed Mar 15 00:37:25 +0000 2017","lang":"ja","displayname":"HSJ_Yuri_11_30","time_zone":"","msg":"弥生ちゃん･♥ﾟHappy Birthday ♬°･♥今迄ライバルやったのがもう少しでチームになるねこれからいっしょに東海ばど部でがんばろっ🏸毒舌なやよいちゃんだいすきよっ😍k_poping315 https//tco/ExlOI54PHj"}
{"tweet_id":841810531753312256,"created_unixtime":1489538245510,"created_time":"Wed Mar 15 00:37:25 +0000 2017","lang":"en","displayname":"judge_jessica","time_zone":"Central Time (US & Canada)","msg":"Simone_Biles happy birthday"}
{"tweet_id":841810531698667520,"created_unixtime":1489538245497,"created_time":"Wed Mar 15 00:37:25 +0000 2017","lang":"tl","displayname":"julzcajes","time_zone":"","msg":"hihi thankyouuu bff 😚 imyt https//tco/FusGkjwB1G"}
{"tweet_id":841810531841376257,"created_unixtime":1489538245531,"created_time":"Wed Mar 15 00:37:25 +0000 2017","lang":"en","displayname":"BrandonTregidgo","time_zone":"London","msg":"RT ollieburt_ Happy 125th anniversary to my beloved LFC❤️"}
{"tweet_id":841810531254190081,"created_unixtime":1489538245391,"created_time":"Wed Mar 15 00:37:25 +0000 2017","lang":"en","displayname":"WG6__","time_zone":"Central Time (US & Canada)","msg":"Happy birthday wendy__serrano  https//tco/sD1vB3Ucsa"}
{"tweet_id":841810532361465861,"created_unixtime":1489538245655,"created_time":"Wed Mar 15 00:37:25 +0000 2017","lang":"en","displayname":"SinkingStarElf","time_zone":"","msg":"RT Owlteria happy birthday ignis 💖 noctsfw FFXV https//tco/qLu3cZCSDa"}
{"tweet_id":841810532583780353,"created_unixtime":1489538245708,"created_time":"Wed Mar 15 00:37:25 +0000 2017","lang":"en","displayname":"abriancon","time_zone":"Atlantic Time (Canada)","msg":"Check out Are You In a Happy Barbecue Place This Labor Day https//tco/tHctV2kbUc kitchology foodallergy"}
{"tweet_id":841810532600537089,"created_unixtime":1489538245712,"created_time":"Wed Mar 15 00:37:25 +0000 2017","lang":"en","displayname":"ErikHansey","time_zone":"","msg":"jeff_rosen88 youre a sad sad little man"}
{"tweet_id":841810532726411264,"created_unixtime":1489538245742,"created_time":"Wed Mar 15 00:37:25 +0000 2017","lang":"en","displayname":"spicykpoptrash","time_zone":"Pacific Time (US & Canada)","msg":"RT jaebeomtwt how i sleep knowing I stan 7 wonderful boys who give their all to their fans and constantly make sure were all wel… "}
{"tweet_id":841810532684374017,"created_unixtime":1489538245732,"created_time":"Wed Mar 15 00:37:25 +0000 2017","lang":"en","displayname":"madisonbursch_","time_zone":"","msg":"RT Maddybaer Happy one year amigos ❤🇨🇷{victoriaapeddie hudsonbuuurrsch} https//tco/joeagFmrlO"}
{"tweet_id":841810533917458432,"created_unixtime":1489538246026,"created_time":"Wed Mar 15 00:37:26 +0000 2017","lang":"en","displayname":"jingIsAGirl","time_zone":"Pacific Time (US & Canada)","msg":"RT jadine_faney Happy anniv guys LetOurPurpleHeartsShineAt3"}
{"tweet_id":841810533640736768,"created_unixtime":1489538245960,"created_time":"Wed Mar 15 00:37:25 +0000 2017","lang":"en","displayname":"patronsaintofca","time_zone":"","msg":"RT PatricksPeople Have voted SNP for the leadership theyve shown in defending Scotlands interestsIn Scotref Im happy to stand with Y…"}
{"tweet_id":841810533695250432,"created_unixtime":1489538245973,"created_time":"Wed Mar 15 00:37:25 +0000 2017","lang":"en","displayname":"mauratwit","time_zone":"Pacific Time (US & Canada)","msg":"First time Im sad I dont get MSNBC on my extremely basic cable package"}
{"tweet_id":841810533137448960,"created_unixtime":1489538245840,"created_time":"Wed Mar 15 00:37:25 +0000 2017","lang":"en","displayname":"ryanmulkowsky","time_zone":"Eastern Time (US & Canada)","msg":"Happy PiDay Yall Now go eat some real pie 😆 https//tco/IZ4vNiGUoF"}
{"tweet_id":841810533766569984,"created_unixtime":1489538245990,"created_time":"Wed Mar 15 00:37:25 +0000 2017","lang":"en","displayname":"Angeli_Austin","time_zone":"","msg":"Happy Pi day 🤗"}
{"tweet_id":841810534118879233,"created_unixtime":1489538246074,"created_time":"Wed Mar 15 00:37:26 +0000 2017","lang":"en","displayname":"sjh43","time_zone":"Central Time (US & Canada)","msg":"RT RWPUSA Another White House ethics complaint from our team at CREW  Sad https//tco/jm2kvIUMhH"}
{"tweet_id":841810534236344321,"created_unixtime":1489538246102,"created_time":"Wed Mar 15 00:37:26 +0000 2017","lang":"en","displayname":"Obliviusmuke","time_zone":"Mountain Time (US & Canada)","msg":"Son I am sad"}
{"tweet_id":841810534479630336,"created_unixtime":1489538246160,"created_time":"Wed Mar 15 00:37:26 +0000 2017","lang":"en","displayname":"HellaJimin","time_zone":"Pacific Time (US & Canada)","msg":"RT jaebeomtwt this is so sad they dont deserve this https//tco/1fZJPPbuB9"}
{"tweet_id":841810534538215424,"created_unixtime":1489538246174,"created_time":"Wed Mar 15 00:37:26 +0000 2017","lang":"en","displayname":"rockegan","time_zone":"Pacific Time (US & Canada)","msg":"Happy Tuesday So happy to have the sunshine as I leave the office today ☀️"}
{"tweet_id":841810534659956738,"created_unixtime":1489538246203,"created_time":"Wed Mar 15 00:37:26 +0000 2017","lang":"en","displayname":"metra1978","time_zone":"Kuala Lumpur","msg":"Be happy and smileMetraCut by Syafiq Aimanpomade metracut metracutpomade… https//tco/v48FHFwPm7"}
{"tweet_id":841810534727049216,"created_unixtime":1489538246219,"created_time":"Wed Mar 15 00:37:26 +0000 2017","lang":"en","displayname":"angelicadied","time_zone":"Pacific Time (US & Canada)","msg":"been sitting in my car sad as shit just overthinking so many thangs"}
{"tweet_id":841810534848700417,"created_unixtime":1489538246248,"created_time":"Wed Mar 15 00:37:26 +0000 2017","lang":"en","displayname":"juliallima2004","time_zone":"","msg":"RT 5HVotingStats Scared Of Happy FifthHarmony YouKnowYouLoveThem radiodisney"}
{"tweet_id":841810534609620992,"created_unixtime":1489538246191,"created_time":"Wed Mar 15 00:37:26 +0000 2017","lang":"tr","displayname":"jessicastomber","time_zone":"","msg":"Dancing_val Dolans https//tco/IsfJOY09Jy"}
{"tweet_id":841810532369891328,"created_unixtime":1489538245657,"created_time":"Wed Mar 15 00:37:25 +0000 2017","lang":"en","displayname":"melanielopzz","time_zone":"","msg":"So happy to have seen this lovely soul today 💗 https//tco/GPuBN4xOgx"}
{"tweet_id":841810532491489280,"created_unixtime":1489538245686,"created_time":"Wed Mar 15 00:37:25 +0000 2017","lang":"en","displayname":"DarthVaderGirl1","time_zone":"","msg":"When Im sad I watch truTVjokers and I feel better 👍jamessmurray Joe_Gatto SalVulcano BQQuinn… https//tco/7lDmmzRckG"}
{"tweet_id":841810534991310848,"created_unixtime":1489538246282,"created_time":"Wed Mar 15 00:37:26 +0000 2017","lang":"en","displayname":"MoFit_","time_zone":"","msg":"Basically my fave meal ever And yes I love my salt rock 😍🖖🏽💪🏽 Happy I finally learned to sear… https//tco/xVBoW4AxXg"}
{"tweet_id":841810535419150340,"created_unixtime":1489538246384,"created_time":"Wed Mar 15 00:37:26 +0000 2017","lang":"en","displayname":"the_filia","time_zone":"Eastern Time (US & Canada)","msg":"RT morgyn_netsch When Im sad I just watch the_filia stories 😂😂😂😂"}
{"tweet_id":841810535632912384,"created_unixtime":1489538246435,"created_time":"Wed Mar 15 00:37:26 +0000 2017","lang":"en","displayname":"JorgeZG67","time_zone":"Pacific Time (US & Canada)","msg":"RT _Lexstasyyyy HAPPY TUESDAY FOLKS https//tco/iJeaL1ZOGH"}
{"tweet_id":841810535481974784,"created_unixtime":1489538246399,"created_time":"Wed Mar 15 00:37:26 +0000 2017","lang":"en","displayname":"SharNeal","time_zone":"Pacific Time (US & Canada)","msg":"RT Faye0226 You are not funny and your attitude is sad Your mom must be proud of you https//tco/WE6km7lf7L"}
{"tweet_id":841810535683317761,"created_unixtime":1489538246447,"created_time":"Wed Mar 15 00:37:26 +0000 2017","lang":"en","displayname":"shidotmemes","time_zone":"Kuala Lumpur","msg":"ezdsh happy birthday jad 🎉🎊🎉🎊🎊🎊"}
{"tweet_id":841810535532367872,"created_unixtime":1489538246411,"created_time":"Wed Mar 15 00:37:26 +0000 2017","lang":"en","displayname":"AlllMartell","time_zone":"","msg":"RT PeoplePerHour JohnsWesterns MJLaBeff CalibreClothing so happy to be one"}
{"tweet_id":841810536257937408,"created_unixtime":1489538246584,"created_time":"Wed Mar 15 00:37:26 +0000 2017","lang":"en","displayname":"pastelxariel","time_zone":"","msg":"RT armlgb THIS VIDEO MAKES ME SO FCKING HAPPY MY IDOL YESSSSS B 😍 https//tco/w1HMOdWtB4"}
{"tweet_id":841810536023130113,"created_unixtime":1489538246528,"created_time":"Wed Mar 15 00:37:26 +0000 2017","lang":"en","displayname":"joceynO32","time_zone":"","msg":"Im so happy to have you back in my life ❤️"}
{"tweet_id":841810536341757953,"created_unixtime":1489538246604,"created_time":"Wed Mar 15 00:37:26 +0000 2017","lang":"ja","displayname":"P86122094","time_zone":"","msg":"RT wildtono 💙　HAPPY　WHITEDAY　💙男の子の告白シーンおみくじ作ってみました、いつもありがとうございます✨😊 https//tco/HfNIRx0cQa"}
{"tweet_id":841810536622837760,"created_unixtime":1489538246671,"created_time":"Wed Mar 15 00:37:26 +0000 2017","lang":"en","displayname":"HunterNoa","time_zone":"","msg":"RT Sydneyymariee_ If I know theres something in my power that I can do to make someone else happy Ill do it"}
{"tweet_id":841810536329318401,"created_unixtime":1489538246601,"created_time":"Wed Mar 15 00:37:26 +0000 2017","lang":"en","displayname":"darrenangryinch","time_zone":"Eastern Time (US & Canada)","msg":"idoltina16 IM SO HAPPY TO HEAR THIS"}
{"tweet_id":841810536736018433,"created_unixtime":1489538246698,"created_time":"Wed Mar 15 00:37:26 +0000 2017","lang":"ja","displayname":"yumitaaas","time_zone":"Tokyo","msg":"RT hiha_official 【新曲MV発表】本日3/15水 夜9時に新アルバム「白暈」からMVが一曲公開となります。よろしくお願いします。We are happy to announce drop New Music Video today PM 900"}
{"tweet_id":841810536794882048,"created_unixtime":1489538246712,"created_time":"Wed Mar 15 00:37:26 +0000 2017","lang":"en","displayname":"sarahhuntbot","time_zone":"Pacific Time (US & Canada)","msg":"im realy  sad   big mac  neat Just as fridays r nice so Yes"}
{"tweet_id":841810537130283008,"created_unixtime":1489538246792,"created_time":"Wed Mar 15 00:37:26 +0000 2017","lang":"en","displayname":"alananicholeb","time_zone":"","msg":"RT MeninistTweet Happy pi dayThe Falcons blew a 283 lead314283  31the warriors blew a 31 lead in the NBA Finals"}
{"tweet_id":841810536928956416,"created_unixtime":1489538246744,"created_time":"Wed Mar 15 00:37:26 +0000 2017","lang":"en","displayname":"vhuntv","time_zone":"","msg":"mhamiltonmusic ah We dealt with that with frozen but the kids seem happy to love it and leave it lately We did watch it twice though"}
{"tweet_id":841810537449107457,"created_unixtime":1489538246868,"created_time":"Wed Mar 15 00:37:26 +0000 2017","lang":"en","displayname":"FangirlNaPogee","time_zone":"Pacific Time (US & Canada)","msg":"Be happy baby"}
{"tweet_id":841810537117827072,"created_unixtime":1489538246789,"created_time":"Wed Mar 15 00:37:26 +0000 2017","lang":"en","displayname":"ipsyCare","time_zone":"Arizona","msg":"adrisotres Id be happy to look Please follow and DM me with your email address so I can help❥ ad"}
{"tweet_id":841810537403060225,"created_unixtime":1489538246857,"created_time":"Wed Mar 15 00:37:26 +0000 2017","lang":"en","displayname":"enjoyianaaa","time_zone":"","msg":"RT SoFunnyTexts me hey Im actually happy with my life right now everything is going okay stress https//tco/ouJrHHPFmZ"}
{"tweet_id":841810537537142784,"created_unixtime":1489538246889,"created_time":"Wed Mar 15 00:37:26 +0000 2017","lang":"tl","displayname":"RyanRivera_14","time_zone":"","msg":"RT MaichardManila kayo na kayo na talaga ang HAPPY BANANAS 😂😂😂  pati saging destiny rin 😂😂🍌🍌🍌🍌aldenrichards02 mainedcm… "}
{"tweet_id":841810536861978625,"created_unixtime":1489538246728,"created_time":"Wed Mar 15 00:37:26 +0000 2017","lang":"en","displayname":"nelle14randle","time_zone":"","msg":"RT NeshaMcfarland Love u sis 🌸😘💞 https//tco/BoVWV21lCI"}
