{"tweet_id":841793536295075840,"created_unixtime":1489534193477,"created_time":"Tue Mar 14 23:29:53 +0000 2017","lang":"en","displayname":"iluvkaylaaa","time_zone":"","msg":"RT MsThanksgiving8 😊 happy Im not a insecure female"}
{"tweet_id":841793536580321281,"created_unixtime":1489534193545,"created_time":"Tue Mar 14 23:29:53 +0000 2017","lang":"en","displayname":"RK1178","time_zone":"Pacific Time (US & Canada)","msg":"RT JohnStamosFans1 Happy ManCrushMonday to all JohnStamos fans😍❤️             Photos Zimbio https//tco/S2YwCud95d"}
{"tweet_id":841793536517382144,"created_unixtime":1489534193530,"created_time":"Tue Mar 14 23:29:53 +0000 2017","lang":"en","displayname":"MOST_WANTED_DEE","time_zone":"","msg":"You bitches can say wtf yall want about me 😜😘✌🏾I remain doing wth makes me happy"}
{"tweet_id":841793536190164992,"created_unixtime":1489534193452,"created_time":"Tue Mar 14 23:29:53 +0000 2017","lang":"en","displayname":"KeenePOV","time_zone":"Eastern Time (US & Canada)","msg":"Im just tired of white people  Happy birthday vdaze That was her direct quote With AngryBlackLady in 2… https//tco/5e5jBclwdq"}
{"tweet_id":841793536706138116,"created_unixtime":1489534193575,"created_time":"Tue Mar 14 23:29:53 +0000 2017","lang":"en","displayname":"BlackMigoBred","time_zone":"Central Time (US & Canada)","msg":"RT MetroBoomin Happy 314 Day huSTLer https//tco/yiAp1DkLuO"}
{"tweet_id":841793537335259137,"created_unixtime":1489534193725,"created_time":"Tue Mar 14 23:29:53 +0000 2017","lang":"cs","displayname":"JP_Salgadoow","time_zone":"Brasilia","msg":"Gostei de um vídeo YouTube de realfailarmy https//tco/Z0yvz991ux Drunk Fails Happy St Patricks Day March 2017  FailArmy"}
{"tweet_id":841793537981140992,"created_unixtime":1489534193879,"created_time":"Tue Mar 14 23:29:53 +0000 2017","lang":"en","displayname":"yvesnb","time_zone":"Pacific Time (US & Canada)","msg":"RT _Snape_ Happy PiDay https//tco/cI8NnnwW7o"}
{"tweet_id":841793537989607424,"created_unixtime":1489534193881,"created_time":"Tue Mar 14 23:29:53 +0000 2017","lang":"tl","displayname":"iamsuperb12","time_zone":"","msg":"RT JustforKisses Happy na ulit kasi magkasama na naman ang Kissward insert Yong na rinKISSES OurCHOWQueen https//tco/1TGn4xBPXp"}
{"tweet_id":841793537951842304,"created_unixtime":1489534193872,"created_time":"Tue Mar 14 23:29:53 +0000 2017","lang":"en","displayname":"f_ABZ_ulous","time_zone":"Atlantic Time (Canada)","msg":"RT eemmiillyy8 happy birthday abby ❤💗 f_ABZ_ulous https//tco/EV3fWVT3Pp"}
{"tweet_id":841793536387354624,"created_unixtime":1489534193499,"created_time":"Tue Mar 14 23:29:53 +0000 2017","lang":"en","displayname":"MommaMia__","time_zone":"Central Time (US & Canada)","msg":"RT _lilsunnyyy Talk to god more aint nothing wrong with you dont know what youre sad for you got clothes on your back and… "}
{"tweet_id":841793538358628352,"created_unixtime":1489534193969,"created_time":"Tue Mar 14 23:29:53 +0000 2017","lang":"ja","displayname":"kareha__0504","time_zone":"","msg":"RT BELCORNO ラテアート【園田海未】＠ラブライブ！LatteArt【Umi Sonoda】＠ Love Live本日お誕生日で一杯。Happy Birthday作成動画：https//tco/M7aP8M7SKK… "}
{"tweet_id":841793538270486528,"created_unixtime":1489534193948,"created_time":"Tue Mar 14 23:29:53 +0000 2017","lang":"en","displayname":"Tonyzhangchef","time_zone":"","msg":"RT ItsFoodPorn Happy Pi Day https//tco/SUJCzAvha9"}
{"tweet_id":841793534206259200,"created_unixtime":1489534192979,"created_time":"Tue Mar 14 23:29:52 +0000 2017","lang":"en","displayname":"phoebebilly","time_zone":"","msg":"Beyond happy rn 😌😌😌"}
{"tweet_id":841793533627490304,"created_unixtime":1489534192841,"created_time":"Tue Mar 14 23:29:52 +0000 2017","lang":"en","displayname":"scoutea_","time_zone":"","msg":"RT CuteOverloads THIS JUST MADE ME SO HAPPY https//tco/0X8oNeJpgd"}
{"tweet_id":841793534453719040,"created_unixtime":1489534193038,"created_time":"Tue Mar 14 23:29:53 +0000 2017","lang":"en","displayname":"ShobrookMelinda","time_zone":"Pacific Time (US & Canada)","msg":"RT BronwynCarlson Happy 5th Birthday IndigenousX and thank you for providing such awesome resources for teaching IndigenousX"}
{"tweet_id":841793533132525568,"created_unixtime":1489534192723,"created_time":"Tue Mar 14 23:29:52 +0000 2017","lang":"en","displayname":"gitasangtae","time_zone":"Jakarta","msg":"actual truth 😢 https//tco/iGtr2UmKPM"}
{"tweet_id":841793534361444353,"created_unixtime":1489534193016,"created_time":"Tue Mar 14 23:29:53 +0000 2017","lang":"ja","displayname":"ultimateZ6","time_zone":"","msg":"RT shamakho_works 海未ちゃん描きました。happy birthday🎉lovelive園田海未生誕祭2017 3月15日は園田海未の誕生日 https//tco/haJCpEMlak"}
{"tweet_id":841793534185332737,"created_unixtime":1489534192974,"created_time":"Tue Mar 14 23:29:52 +0000 2017","lang":"en","displayname":"ParrishWH97","time_zone":"Pacific Time (US & Canada)","msg":"RT kasssandra__ ParrishWH97 happy belated bday P💓"}
{"tweet_id":841793534818701313,"created_unixtime":1489534193125,"created_time":"Tue Mar 14 23:29:53 +0000 2017","lang":"en","displayname":"thatdancerkris","time_zone":"","msg":"RT eazsy_e What floor you stay on https//tco/KpYzRvJhxB"}
{"tweet_id":841793534860640256,"created_unixtime":1489534193135,"created_time":"Tue Mar 14 23:29:53 +0000 2017","lang":"en","displayname":"georginakay13","time_zone":"","msg":"I SHOULDNT BE THIS ASTOUNDED TO SEE A PANSECUAL CHARACTER BECAUSE IT SHOULD BE COMMON BUT IM SO HAPPY"}
{"tweet_id":841793534277619712,"created_unixtime":1489534192996,"created_time":"Tue Mar 14 23:29:52 +0000 2017","lang":"en","displayname":"SHO_DyingUpHere","time_zone":"","msg":"RT ParamountAustin Were loving this geofilter SHO_DyingUpHere Happy SXSW premiere week https//tco/pTOeGJcOx7"}
{"tweet_id":841793535074525184,"created_unixtime":1489534193186,"created_time":"Tue Mar 14 23:29:53 +0000 2017","lang":"en","displayname":"gdee1__","time_zone":"","msg":"RT lovelyyy_ash this video is soo cute 😭😭 https//tco/5pwyELT1Zu"}
{"tweet_id":841793535384932352,"created_unixtime":1489534193260,"created_time":"Tue Mar 14 23:29:53 +0000 2017","lang":"en","displayname":"deacondale","time_zone":"Central Time (US & Canada)","msg":"Happy Birthday to my granddaughter GabyGodinez"}
{"tweet_id":841793535221350400,"created_unixtime":1489534193221,"created_time":"Tue Mar 14 23:29:53 +0000 2017","lang":"en","displayname":"chukishimakei","time_zone":"Central Time (US & Canada)","msg":"kenhinaiscanon IM SO HAPPY "}
{"tweet_id":841793535858819073,"created_unixtime":1489534193373,"created_time":"Tue Mar 14 23:29:53 +0000 2017","lang":"en","displayname":"JesseVandal","time_zone":"Alaska","msg":"RT therealelp happy to announce that we have added the mighty GASLAMPKILLER to our sold out euro/uk leg of the run the world tou… "}
{"tweet_id":841793535032602630,"created_unixtime":1489534193176,"created_time":"Tue Mar 14 23:29:53 +0000 2017","lang":"en","displayname":"Cademan200q","time_zone":"","msg":"Happy Pi Day Everyone PiDay https//tco/AlX7KHft3I"}
{"tweet_id":841793535678529536,"created_unixtime":1489534193330,"created_time":"Tue Mar 14 23:29:53 +0000 2017","lang":"en","displayname":"ZoeGodTy_","time_zone":"Eastern Time (US & Canada)","msg":"RT BCNCoast2Coast Happy Birthday to the Chef 👨‍🍳👨‍🍳 https//tco/TYDbycH6fK"}
{"tweet_id":841793536039215105,"created_unixtime":1489534193416,"created_time":"Tue Mar 14 23:29:53 +0000 2017","lang":"en","displayname":"kolehamann","time_zone":"","msg":"RT vibacy youll never be happy if you try to please everyone"}
{"tweet_id":841793535795949568,"created_unixtime":1489534193358,"created_time":"Tue Mar 14 23:29:53 +0000 2017","lang":"en","displayname":"NewBrunswick411","time_zone":"Pacific Time (US & Canada)","msg":"RT MWC1996 SeaDogsDK safe drive to Moncton tomorrow and I am so happy for you to be back you have no idea how happy I am to get to see u…"}
{"tweet_id":841793536018259968,"created_unixtime":1489534193411,"created_time":"Tue Mar 14 23:29:53 +0000 2017","lang":"en","displayname":"NonyeDamBizness","time_zone":"Eastern Time (US & Canada)","msg":"Ahhhhhh im so happy for Switch shes too dope for the world not to hear her 🙌🏾🔥see ya in June baby we turn up clap4demgang dj_switchaholic"}
{"tweet_id":841793536169197568,"created_unixtime":1489534193447,"created_time":"Tue Mar 14 23:29:53 +0000 2017","lang":"en","displayname":"rhianna_thrupp","time_zone":"","msg":"RT bloominflowerss happy birthday to everyones favorite sunshine happyhopeday 홉생일ㅊㅋ https//tco/H3vbVtJTyj"}
{"tweet_id":841793538589372416,"created_unixtime":1489534194024,"created_time":"Tue Mar 14 23:29:54 +0000 2017","lang":"en","displayname":"xjkqau1","time_zone":"Pacific Time (US & Canada)","msg":"RedHead Granny Happy For  Huge Cock https//tco/OoRXIkb5xj"}
{"tweet_id":841793539189043201,"created_unixtime":1489534194167,"created_time":"Tue Mar 14 23:29:54 +0000 2017","lang":"en","displayname":"aelinofwildfire","time_zone":"Pacific Time (US & Canada)","msg":"RT kthjjg remember when jeongguk looked so so happy just tying taehyungs hair yes never forget this important moment  https//tco/x6ZJ…"}
{"tweet_id":841793539130421256,"created_unixtime":1489534194153,"created_time":"Tue Mar 14 23:29:54 +0000 2017","lang":"en","displayname":"skrepta","time_zone":"Pacific Time (US & Canada)","msg":"Smoked beans said i sounded like jcole https//tco/QeOpBbV6ux amp tiller in a mix am very happy for this"}
{"tweet_id":841793538639724544,"created_unixtime":1489534194036,"created_time":"Tue Mar 14 23:29:54 +0000 2017","lang":"und","displayname":"VGMdecor","time_zone":"Eastern Time (US & Canada)","msg":"HomeSweetHome  miami https//tco/1dyQnoU6od"}
{"tweet_id":841793539478437888,"created_unixtime":1489534194236,"created_time":"Tue Mar 14 23:29:54 +0000 2017","lang":"en","displayname":"saieleshr","time_zone":"Pacific Time (US & Canada)","msg":"RT HYPEBEAST Happy Birthday Steph 🍾 https//tco/N0t5c1aSwY"}
{"tweet_id":841793539881222146,"created_unixtime":1489534194332,"created_time":"Tue Mar 14 23:29:54 +0000 2017","lang":"en","displayname":"zachary78900","time_zone":"","msg":"IslesWhiteSUV this is so sad"}
{"tweet_id":841793540011241472,"created_unixtime":1489534194363,"created_time":"Tue Mar 14 23:29:54 +0000 2017","lang":"en","displayname":"sidcelery","time_zone":"London","msg":"RT WAGNH_CFC Costa Thibaut ‘is happy here’ Thibaut ‘I am really enjoying my time here’ — and yet more rumors SillySeason https//t…"}
{"tweet_id":841793540455833601,"created_unixtime":1489534194469,"created_time":"Tue Mar 14 23:29:54 +0000 2017","lang":"en","displayname":"meTheKarthik","time_zone":"Chennai","msg":"RT fchollet Hypothesis you can tell if someone is confident in their abilities by whether they are happy or fearful when new people join…"}
{"tweet_id":841793540455772160,"created_unixtime":1489534194469,"created_time":"Tue Mar 14 23:29:54 +0000 2017","lang":"en","displayname":"ohyoumuppet","time_zone":"Amsterdam","msg":"Her service and that of her crewmates wont be forgotten Dreadfully sad news Rescue116 https//tco/cROqd6r8SH"}
{"tweet_id":841793540267094016,"created_unixtime":1489534194424,"created_time":"Tue Mar 14 23:29:54 +0000 2017","lang":"en","displayname":"alegria_madison","time_zone":"Pacific Time (US & Canada)","msg":"RT ilovefIowers if ur sad https//tco/cwXvLBIWEu"}
{"tweet_id":841793540409708548,"created_unixtime":1489534194458,"created_time":"Tue Mar 14 23:29:54 +0000 2017","lang":"en","displayname":"rollinnolann","time_zone":"Central Time (US & Canada)","msg":"RT BrianRoemmele At this moment today March 14th 1879 Albert Einstein was born He would have been 138 years old Happy Birthday… "}
{"tweet_id":841793540556492800,"created_unixtime":1489534194493,"created_time":"Tue Mar 14 23:29:54 +0000 2017","lang":"en","displayname":"ShaeeeeGotti","time_zone":"Eastern Time (US & Canada)","msg":"RT D_Deji28 Do you guys know why he was killed A girl lied that he raped her and her brother shot him dead https//tco/IWDVDZp3rz"}
{"tweet_id":841793541043040256,"created_unixtime":1489534194609,"created_time":"Tue Mar 14 23:29:54 +0000 2017","lang":"en","displayname":"allysincity","time_zone":"London","msg":"if mila has mental health problems thats sad and I wouldnt wish that on anyone but can we not use this to excuse bad behaviour"}
{"tweet_id":841793540111912960,"created_unixtime":1489534194387,"created_time":"Tue Mar 14 23:29:54 +0000 2017","lang":"en","displayname":"tina_louise___","time_zone":"Pacific Time (US & Canada)","msg":"your bathing suit 😍😭 https//tco/eDiXGlLQwp"}
{"tweet_id":841793541592383488,"created_unixtime":1489534194740,"created_time":"Tue Mar 14 23:29:54 +0000 2017","lang":"en","displayname":"madjens","time_zone":"Central Time (US & Canada)","msg":"Im feeling so happy to be here in Texas with gymmae as she gets ready to kick off her golf… https//tco/C4Yhq4L7KV"}
{"tweet_id":841793541584084994,"created_unixtime":1489534194738,"created_time":"Tue Mar 14 23:29:54 +0000 2017","lang":"en","displayname":"pixiegutss","time_zone":"Atlantic Time (Canada)","msg":"I love Mariah Told her I was sad and she asked no questions Just handed me a shot and gave me a hug"}
{"tweet_id":841793541793763328,"created_unixtime":1489534194788,"created_time":"Tue Mar 14 23:29:54 +0000 2017","lang":"en","displayname":"FritzthecatAK","time_zone":"Hawaii","msg":"RT unbibs its 3/14 happy Pi π 314159265359 day https//tco/QSMtQI9mXJ"}
{"tweet_id":841793541999325184,"created_unixtime":1489534194837,"created_time":"Tue Mar 14 23:29:54 +0000 2017","lang":"en","displayname":"notover9000","time_zone":"Eastern Time (US & Canada)","msg":"happy this anime has super weird character design and some flamboyent characters without that being the joke"}
{"tweet_id":841793541919670275,"created_unixtime":1489534194818,"created_time":"Tue Mar 14 23:29:54 +0000 2017","lang":"en","displayname":"Rebeccaclough5","time_zone":"Pacific Time (US & Canada)","msg":"HennessySports peterfury happy birthday Pete xxx"}
{"tweet_id":841793542439768064,"created_unixtime":1489534194942,"created_time":"Tue Mar 14 23:29:54 +0000 2017","lang":"en","displayname":"jyushimaidtsu","time_zone":"Pacific Time (US & Canada)","msg":"RT felumatsu im sad solmao https//tco/wTad79FOIe"}
{"tweet_id":841793541730926592,"created_unixtime":1489534194773,"created_time":"Tue Mar 14 23:29:54 +0000 2017","lang":"und","displayname":"__kodykay","time_zone":"Quito","msg":"🗣 https//tco/0SAuAGoI3x"}
{"tweet_id":841793543035322368,"created_unixtime":1489534195084,"created_time":"Tue Mar 14 23:29:55 +0000 2017","lang":"en","displayname":"onyematomorrow","time_zone":"Hawaii","msg":"RT Amaka_Ekwo antonioguterresWhat is the intl community doing to StopBiafraKillings amp prevent another Biafra Vs Nigeria warhttps/…"}
{"tweet_id":841793541923848193,"created_unixtime":1489534194819,"created_time":"Tue Mar 14 23:29:54 +0000 2017","lang":"en","displayname":"RoseSavwoir","time_zone":"Atlantic Time (Canada)","msg":"RT __klimmmm If you have to see someone be happy without you for you to realize their happiness matters You never deserved that person"}
{"tweet_id":841793543064682498,"created_unixtime":1489534195091,"created_time":"Tue Mar 14 23:29:55 +0000 2017","lang":"en","displayname":"Suicidalorigami","time_zone":"","msg":"My whole month was just made I love making people happy Never thought spoiling someone would feel this FUCKING GOOD"}
{"tweet_id":841793543370813440,"created_unixtime":1489534195164,"created_time":"Tue Mar 14 23:29:55 +0000 2017","lang":"ja","displayname":"Anemone_oxo_","time_zone":"International Date Line West","msg":"Zel_desire うおおおとおおとあああああ木炭さんおたおめありがとうありがとうありがとう～！！！凄い！なんだそれ！可愛い！！🐰🌸💝💝💝💝💝💝💝🎈  Im so happy  🎈😃😛😛😛😛😛😃😊🎀🎀🎀🎀🎀😊💓🎉🎉🎉🎉🎉💓💋💋💋💋💋💋💋"}
{"tweet_id":841793542699810817,"created_unixtime":1489534195004,"created_time":"Tue Mar 14 23:29:55 +0000 2017","lang":"en","displayname":"Hannah_Hennings","time_zone":"Mountain Time (US & Canada)","msg":"Happy Birthday Tay Thanks for always sticking up for me 😉 love ya 😘 heymisstrotter"}
{"tweet_id":841793543794384896,"created_unixtime":1489534195265,"created_time":"Tue Mar 14 23:29:55 +0000 2017","lang":"en","displayname":"anahittttt","time_zone":"","msg":"RT LARRAYOX if youre ever sad just remember one time i posted a snapchat story telling everyone to add my snapchat"}
{"tweet_id":841793543677067265,"created_unixtime":1489534195237,"created_time":"Tue Mar 14 23:29:55 +0000 2017","lang":"en","displayname":"xGIIMz","time_zone":"Pacific Time (US & Canada)","msg":"pulse_max Squishy_Muffinz StuxiTV LukasQripT Happy by Part1of2"}
{"tweet_id":841793543794511873,"created_unixtime":1489534195265,"created_time":"Tue Mar 14 23:29:55 +0000 2017","lang":"en","displayname":"iamtaylorlane","time_zone":"","msg":"We celebrate the move in of a happy client Everyone deserves a roof over their head 🎉… https//tco/FvzTqrDtZ6"}
{"tweet_id":841793544117444609,"created_unixtime":1489534195342,"created_time":"Tue Mar 14 23:29:55 +0000 2017","lang":"en","displayname":"smoothsg","time_zone":"","msg":"RT FlirtyNotes Being happy doesn’t mean that everything is perfect it means that you’ve decided to look beyond the imperfections"}
{"tweet_id":841793544088047616,"created_unixtime":1489534195335,"created_time":"Tue Mar 14 23:29:55 +0000 2017","lang":"ja","displayname":"whoruto","time_zone":"","msg":"RT kanaMax7 whoruto さなちゃん Happy Birthday😊🎉いつも いいねありがとう！！ ¨̮ まだお話した事ないよね！お話出来たらいーなっ😚👌かなねもＤオタだから良かったらトークしましょう⤴︎︎︎⤴︎︎︎彼氏さんともお幸せにです…"}
{"tweet_id":841793544180269056,"created_unixtime":1489534195357,"created_time":"Tue Mar 14 23:29:55 +0000 2017","lang":"en","displayname":"xxxxmuay","time_zone":"","msg":"Happy Birthday JinJin Oppa ❤❤🎂🎂🎂🎉🎉🎉🎉🎉❤🎂🎂🎂🎂🎉 https//tco/0BehNtoG87"}
{"tweet_id":841793544708800513,"created_unixtime":1489534195483,"created_time":"Tue Mar 14 23:29:55 +0000 2017","lang":"en","displayname":"thesecondascent","time_zone":"","msg":"Happy birthday MrBenBrown youre an inspiration dude"}
{"tweet_id":841793544771710977,"created_unixtime":1489534195498,"created_time":"Tue Mar 14 23:29:55 +0000 2017","lang":"en","displayname":"iayuazwani","time_zone":"","msg":"RT WorldAndScience Only 55 of all Americans know that the Sun is a star Kinda sad https//tco/gGgFgz4gRj"}
{"tweet_id":841793544591405056,"created_unixtime":1489534195455,"created_time":"Tue Mar 14 23:29:55 +0000 2017","lang":"en","displayname":"luis_6195","time_zone":"Central Time (US & Canada)","msg":"RT SofiaCarson Thank youyou make me so so happy ❤️ backtobeautiful whendoyoufeelbeautiful https//tco/3ilv7OVYhj"}
{"tweet_id":841793544666898432,"created_unixtime":1489534195473,"created_time":"Tue Mar 14 23:29:55 +0000 2017","lang":"en","displayname":"ZachOxford","time_zone":"","msg":"RT xWeedPosts Money doesnt buy happiness but it does buy weed and blunts And Ive never seen a person sad while smoking a blunt"}
{"tweet_id":841793544939479040,"created_unixtime":1489534195538,"created_time":"Tue Mar 14 23:29:55 +0000 2017","lang":"en","displayname":"ShellyLiebowitz","time_zone":"Pacific Time (US & Canada)","msg":"Another sad day  lost another friend amp talented producer Tommy LiPuma I will miss him RIP  My thoughts are with his family"}
{"tweet_id":841793545375735809,"created_unixtime":1489534195642,"created_time":"Tue Mar 14 23:29:55 +0000 2017","lang":"en","displayname":"saidbeebs","time_zone":"Eastern Time (US & Canada)","msg":"So happy they went back to the drawing board cause that looks like a lifetime movie casting"}
{"tweet_id":841793545254113281,"created_unixtime":1489534195613,"created_time":"Tue Mar 14 23:29:55 +0000 2017","lang":"en","displayname":"zorosales","time_zone":"","msg":"wow its my birthday and no one said happy birthday to me "}
{"tweet_id":841793545799254016,"created_unixtime":1489534195743,"created_time":"Tue Mar 14 23:29:55 +0000 2017","lang":"en","displayname":"LittleBigBoyMan","time_zone":"","msg":"94535 To undergo such maiden pilgrimageBut earthlier happy is the rose distilldAMNDBots"}
{"tweet_id":841793545442844672,"created_unixtime":1489534195658,"created_time":"Tue Mar 14 23:29:55 +0000 2017","lang":"en","displayname":"softlilbaby","time_zone":"","msg":"nsfwgrassi THE LIL HAPPY TRAIL"}
{"tweet_id":841793545765830656,"created_unixtime":1489534195735,"created_time":"Tue Mar 14 23:29:55 +0000 2017","lang":"en","displayname":"Boysquotationss","time_zone":"New Delhi","msg":"RT LifeBibles If I could find someone to show me half the attention he shows his honey buns Id be happy 😩😭 https//tco/a9o6utoiCW"}
{"tweet_id":841793545623216134,"created_unixtime":1489534195701,"created_time":"Tue Mar 14 23:29:55 +0000 2017","lang":"en","displayname":"kissmytulle","time_zone":"","msg":"happypiday Or as my husband calls it HAPPY EVERY DAY"}
{"tweet_id":841793545753124865,"created_unixtime":1489534195732,"created_time":"Tue Mar 14 23:29:55 +0000 2017","lang":"en","displayname":"rosesspetal","time_zone":"Pacific Time (US & Canada)","msg":"James Mcavoy the light of my life and Im so happy he has found another light  🥂🌵🕊 https//tco/xhU43CxIFK"}
{"tweet_id":841793546097176576,"created_unixtime":1489534195814,"created_time":"Tue Mar 14 23:29:55 +0000 2017","lang":"en","displayname":"dommie__","time_zone":"Eastern Time (US & Canada)","msg":"Happy Birthday To My Uncle Mudd ❤️🎉 Love You Big Guyyyy "}
{"tweet_id":841793546248056832,"created_unixtime":1489534195850,"created_time":"Tue Mar 14 23:29:55 +0000 2017","lang":"en","displayname":"Machardeee","time_zone":"Arizona","msg":"Happy birthday you bomb ass bitch😘😘😘🎉 https//tco/65ruT0I95V"}
{"tweet_id":841793546390798336,"created_unixtime":1489534195884,"created_time":"Tue Mar 14 23:29:55 +0000 2017","lang":"en","displayname":"lawrenzod","time_zone":"London","msg":"Being happy is the greatest form of Success"}
{"tweet_id":841793546088730624,"created_unixtime":1489534195812,"created_time":"Tue Mar 14 23:29:55 +0000 2017","lang":"ja","displayname":"8j20TqtkwiAqJLl","time_zone":"","msg":"RT warotawww0722 海未ちゃん！お誕生日おめでとう！🎉🎉🎉🎉🎉🎉🎉🎉🎉🎉🎉🎉🎉🎉🎉🎉happy birthday‼園田海未生誕祭2017 園田海未生誕祭 https//tco/oz4kapgCBc"}
{"tweet_id":841793546080395264,"created_unixtime":1489534195810,"created_time":"Tue Mar 14 23:29:55 +0000 2017","lang":"en","displayname":"OLPI_Staff","time_zone":"","msg":"RT Tinapeg2 A person who never made a mistake never tried anything new🌹Happy Birthday AlbertEinstein amp happy PiDay… "}
{"tweet_id":841793546780790784,"created_unixtime":1489534195977,"created_time":"Tue Mar 14 23:29:55 +0000 2017","lang":"en","displayname":"jenniiifer_524","time_zone":"","msg":"RT troytheblackguy All she wanted to do was say happy birthday to her friend but twitter just couldnt let her live lmaooo https//tco/X…"}
{"tweet_id":841793547363737600,"created_unixtime":1489534196116,"created_time":"Tue Mar 14 23:29:56 +0000 2017","lang":"en","displayname":"gladysia147","time_zone":"","msg":"RT BobOngQuotes Dont live life for happiness live for happy moments because THOSE are what count"}
{"tweet_id":841793547288342528,"created_unixtime":1489534196098,"created_time":"Tue Mar 14 23:29:56 +0000 2017","lang":"en","displayname":"Morpheous_one","time_zone":"","msg":"RT trutherbotblue Do not educate your children to be rich Educate them to be happy So when they grow up theyll know the value of thin…"}
{"tweet_id":841793547238047744,"created_unixtime":1489534196086,"created_time":"Tue Mar 14 23:29:56 +0000 2017","lang":"und","displayname":"overrflowingg","time_zone":"Indiana (East)","msg":"💖 https//tco/kB85VywrDY"}
{"tweet_id":841793547573592064,"created_unixtime":1489534196166,"created_time":"Tue Mar 14 23:29:56 +0000 2017","lang":"en","displayname":"iammeli_","time_zone":"Pacific Time (US & Canada)","msg":"RT TheXOPodcast Imagine finally meeting ur favorite artist in the world amp asking for a picinstead youre told that you make him si… "}
{"tweet_id":841793547321905152,"created_unixtime":1489534196106,"created_time":"Tue Mar 14 23:29:56 +0000 2017","lang":"en","displayname":"charleskashie","time_zone":"Casablanca","msg":"Happy https//tco/mkmSIiEuZ3"}
{"tweet_id":841793548009656322,"created_unixtime":1489534196270,"created_time":"Tue Mar 14 23:29:56 +0000 2017","lang":"en","displayname":"aly_thoee","time_zone":"Arizona","msg":"I am so damn happy I wont be struggling with money anymore"}
{"tweet_id":841793547468722181,"created_unixtime":1489534196141,"created_time":"Tue Mar 14 23:29:56 +0000 2017","lang":"en","displayname":"connorelitellem","time_zone":"Central Time (US & Canada)","msg":"Happy birthday to one of the best shooters in the NBA StephenCurry30 💦🏀"}
{"tweet_id":841793548001378309,"created_unixtime":1489534196268,"created_time":"Tue Mar 14 23:29:56 +0000 2017","lang":"en","displayname":"rachbby_xoxo","time_zone":"","msg":"RT forbidedd Be in a relationship with your bestfriend and youll always be happy🙃🙃"}
{"tweet_id":841793548546646016,"created_unixtime":1489534196398,"created_time":"Tue Mar 14 23:29:56 +0000 2017","lang":"en","displayname":"SpaceAcrux","time_zone":"Eastern Time (US & Canada)","msg":"RT GameGrumps Happy Birthday Danny https//tco/Qc8I63RkPP"}
{"tweet_id":841793548454383617,"created_unixtime":1489534196376,"created_time":"Tue Mar 14 23:29:56 +0000 2017","lang":"es","displayname":"rodrichoco14","time_zone":"","msg":"¿Una noviaaaaaaaaaaa que sad  🙈❤ /"}
{"tweet_id":841793548756307968,"created_unixtime":1489534196448,"created_time":"Tue Mar 14 23:29:56 +0000 2017","lang":"en","displayname":"bomnal170213","time_zone":"Novosibirsk","msg":"RT bangtaened that lovely smile on yoongis face while watching hoseok he looks so happy i love sope https//tco/I4SkkiTCxQ"}
{"tweet_id":841793548307554304,"created_unixtime":1489534196341,"created_time":"Tue Mar 14 23:29:56 +0000 2017","lang":"en","displayname":"_Amaniixo","time_zone":"","msg":"Dont ever depend on a nigga to make you happy 💯 https//tco/Za25HetaGX"}
{"tweet_id":841793548768940032,"created_unixtime":1489534196451,"created_time":"Tue Mar 14 23:29:56 +0000 2017","lang":"en","displayname":"Gracieluvsjls","time_zone":"","msg":"JackAllTimeLow AllTimeLow are you happy now😹😹 https//tco/NjfesUR7dN"}
{"tweet_id":841793549360369665,"created_unixtime":1489534196592,"created_time":"Tue Mar 14 23:29:56 +0000 2017","lang":"en","displayname":"effing_hot_mess","time_zone":"","msg":"Depression isnt feeling sad Its feeling nothing  which is worse than feeling sad"}
{"tweet_id":841793549318406145,"created_unixtime":1489534196582,"created_time":"Tue Mar 14 23:29:56 +0000 2017","lang":"en","displayname":"livenlife8","time_zone":"","msg":"PressSec POTUS Cabinet WhiteHouse  so sad that you guys believe this amp think we do Many lives ruined Trumpcare"}
{"tweet_id":841793549528113152,"created_unixtime":1489534196632,"created_time":"Tue Mar 14 23:29:56 +0000 2017","lang":"en","displayname":"ATSOPRO","time_zone":"London","msg":"RT KensingtonBes1 Thanks for the recent follow FrenchieMummy Happy to connect  have a great this week"}
{"tweet_id":841793550073319424,"created_unixtime":1489534196762,"created_time":"Tue Mar 14 23:29:56 +0000 2017","lang":"en","displayname":"notblondegirl","time_zone":"","msg":"RT ItsVassia julieplec kevwilliamson HAPPY BIRTHDAY KEVIN HERES A GIFT FOR YOU I TRULY HOPE YOU ENJOY IT https//tco/KJTKxJKYie"}
{"tweet_id":841793550064873472,"created_unixtime":1489534196760,"created_time":"Tue Mar 14 23:29:56 +0000 2017","lang":"en","displayname":"mollyshaarpe","time_zone":"","msg":"RT madiiiwatson Happy birthday little lady🙈🎊 mollyshaarpe https//tco/FEukpZb15e"}
{"tweet_id":841793550136229888,"created_unixtime":1489534196777,"created_time":"Tue Mar 14 23:29:56 +0000 2017","lang":"en","displayname":"Trinity_Womack","time_zone":"Pacific Time (US & Canada)","msg":"RT ganaconluisito rt for mini sponsor👀rt for free follows✋ rt for dms📲rt for  idols follow🎰rt for fback🎗️rt for shoutout🏆and rt fo…"}
{"tweet_id":841793550199189504,"created_unixtime":1489534196792,"created_time":"Tue Mar 14 23:29:56 +0000 2017","lang":"en","displayname":"CloftStop","time_zone":"","msg":"RT AliceTeller I stand corrected Clearly my groveling skills are sadly lacking I just cant get the hang of it https//tco/1ZSsK2ViVA"}
{"tweet_id":841793550488621057,"created_unixtime":1489534196861,"created_time":"Tue Mar 14 23:29:56 +0000 2017","lang":"en","displayname":"ryansullivan67","time_zone":"","msg":"RT fiImart Happy Gilmore 1996 https//tco/dDZ3Wx1Ghw"}
{"tweet_id":841793550874476544,"created_unixtime":1489534196953,"created_time":"Tue Mar 14 23:29:56 +0000 2017","lang":"en","displayname":"NaDeeNGaMaL_","time_zone":"Cairo","msg":"RT ranafahdd the saddest people try their best to make people happy they know what it’s like to feel worthless they don’t want anyone t…"}
{"tweet_id":841793550194950144,"created_unixtime":1489534196791,"created_time":"Tue Mar 14 23:29:56 +0000 2017","lang":"en","displayname":"FractalGG","time_zone":"Central Time (US & Canada)","msg":"Happy Pi day Celebrate by sending me 314159 😘😛 https//tco/ABy86wmBPq https//tco/pQgh2fqRI0"}
{"tweet_id":841793551478452224,"created_unixtime":1489534197097,"created_time":"Tue Mar 14 23:29:57 +0000 2017","lang":"en","displayname":"jaredfabaIecki","time_zone":"Casablanca","msg":"why shanedawson still even associating with tana this makes me sad tbh"}
{"tweet_id":841793551751041024,"created_unixtime":1489534197162,"created_time":"Tue Mar 14 23:29:57 +0000 2017","lang":"en","displayname":"Tonyzhangchef","time_zone":"","msg":"RT ItsFoodPorn Happy Pi Day https//tco/Z0y2cAbq0C"}
{"tweet_id":841793551780343808,"created_unixtime":1489534197169,"created_time":"Tue Mar 14 23:29:57 +0000 2017","lang":"en","displayname":"plasticflowerr","time_zone":"Arizona","msg":"RT LL_Wikia March 15 Its the birthday of Sonoda Umi the lovely maiden of the sea Happy birthday Umichan 園田海未生誕祭2017 https//tco/…"}
{"tweet_id":841793551767818241,"created_unixtime":1489534197166,"created_time":"Tue Mar 14 23:29:57 +0000 2017","lang":"ja","displayname":"sk_56_r_","time_zone":"","msg":"RT sinsin3_32 海未ちゃんお誕生日おめでとう〜oHappy Birthday㊗️🎊海未ちゃんの恥ずかしがり屋さんなとこもちょっと生真面目なとこも👍🏼👍🏼‼️‼️これからも幼馴染を大切にね！園田海未生誕祭2017… "}
{"tweet_id":841793552069869569,"created_unixtime":1489534197238,"created_time":"Tue Mar 14 23:29:57 +0000 2017","lang":"en","displayname":"ramasamy2256","time_zone":"","msg":"RT narendramodi Absolutely Happy to be the Pradhan Sevak for each and every Indian https//tco/BEreA1GNVJ"}
{"tweet_id":841793551625293824,"created_unixtime":1489534197132,"created_time":"Tue Mar 14 23:29:57 +0000 2017","lang":"en","displayname":"GarnerOwen11","time_zone":"","msg":"Thanks Reed Blessed to share a girlfriend with you https//tco/BzpgXg3z6A"}
{"tweet_id":841793552388521984,"created_unixtime":1489534197314,"created_time":"Tue Mar 14 23:29:57 +0000 2017","lang":"en","displayname":"superdonafan","time_zone":"","msg":"RT darcydonavan MisterMusik HAPPY BIRTHDAY 4ORTY🎂🎂🎂🎂🎂🎂🎂🎂🎂🎂🎂🎂🎂🎂🎂🎂🎂🎂🎂WISHING YOU A FABULOUS BIRTHDAY😘😘🤘🤘BIG HUGS 🤘🤘 https//tco/8sorq…"}
{"tweet_id":841793552141172736,"created_unixtime":1489534197255,"created_time":"Tue Mar 14 23:29:57 +0000 2017","lang":"en","displayname":"Corrinnheinold_","time_zone":"","msg":"Thank you anna💜 I love and miss you too my girl😘 https//tco/R3DF9r7nLk"}
{"tweet_id":841793551184887809,"created_unixtime":1489534197027,"created_time":"Tue Mar 14 23:29:57 +0000 2017","lang":"en","displayname":"phoebe_wardle99","time_zone":"","msg":"Happy birthday Frankie🍾🍸🍾Hope youve had a fab day🎊🎊 frankierostron https//tco/ja7YJKNCbO"}
{"tweet_id":841793552296341504,"created_unixtime":1489534197292,"created_time":"Tue Mar 14 23:29:57 +0000 2017","lang":"en","displayname":"skoenigsfeld","time_zone":"Eastern Time (US & Canada)","msg":"Nonbasketball note Im really happy they kept the same floor design concept this year They look really sharp and neat MarchMadness"}
{"tweet_id":841793552803856384,"created_unixtime":1489534197413,"created_time":"Tue Mar 14 23:29:57 +0000 2017","lang":"en","displayname":"UKHashtags","time_zone":"Pacific Time (US & Canada)","msg":"RT KensingtonBes1 Thanks for the recent follow FrenchieMummy Happy to connect  have a great this week"}
{"tweet_id":841793552908746754,"created_unixtime":1489534197438,"created_time":"Tue Mar 14 23:29:57 +0000 2017","lang":"es","displayname":"_pereina","time_zone":"","msg":"Me muero https//tco/ruwuLvVu6t"}
{"tweet_id":841793553072295936,"created_unixtime":1489534197477,"created_time":"Tue Mar 14 23:29:57 +0000 2017","lang":"en","displayname":"allycollinsss","time_zone":"","msg":"RT jayceeeve imagine how many people are ruining pi day by putting pineapple on their pizza thats sad //"}
{"tweet_id":841793553277833216,"created_unixtime":1489534197526,"created_time":"Tue Mar 14 23:29:57 +0000 2017","lang":"en","displayname":"thebellarke100","time_zone":"Pacific Time (US & Canada)","msg":"RT The100writers devbostick Happy Birthday gift"}
{"tweet_id":841793553428819972,"created_unixtime":1489534197562,"created_time":"Tue Mar 14 23:29:57 +0000 2017","lang":"en","displayname":"fansFLANfamily","time_zone":"Athens","msg":"RT keatingseve Im a villain and villains dont get happy endings https//tco/9Ij10kIkJH"}
{"tweet_id":841793553768435712,"created_unixtime":1489534197643,"created_time":"Tue Mar 14 23:29:57 +0000 2017","lang":"en","displayname":"smokejumper16","time_zone":"","msg":"RT LesterHoltNBC Happy birthday to Ray Chavez oldest living Pearl Harbor survivor Well take you to his 105th birthday party tonig… "}
{"tweet_id":841793553193963520,"created_unixtime":1489534197506,"created_time":"Tue Mar 14 23:29:57 +0000 2017","lang":"en","displayname":"tallant_chris","time_zone":"Eastern Time (US & Canada)","msg":"kristenschaaled its sad Yet someone will come up with a way to defend it as a positive spin I wish I was joking"}
{"tweet_id":841793553382686720,"created_unixtime":1489534197551,"created_time":"Tue Mar 14 23:29:57 +0000 2017","lang":"en","displayname":"andreepiintoo","time_zone":"Pacific Time (US & Canada)","msg":"RT broken its kinda sad how you can mean the world to someone one day and mean nothing to them the next day"}
{"tweet_id":841793553562914816,"created_unixtime":1489534197594,"created_time":"Tue Mar 14 23:29:57 +0000 2017","lang":"en","displayname":"TheWinery_OC","time_zone":"Pacific Time (US & Canada)","msg":"Happy Pi Day If youre one of the many who love YGs Alsatian Pizza todays a great day to come enjoy this https//tco/t2aHveGPas"}
{"tweet_id":841793553563025411,"created_unixtime":1489534197594,"created_time":"Tue Mar 14 23:29:57 +0000 2017","lang":"en","displayname":"CaptainStar_","time_zone":"Pacific Time (US & Canada)","msg":"RT Yajuuraku commission for PeachMaiden  for their birthday friend Happy Birthday https//tco/zDBOk3aXz6"}
{"tweet_id":841793553936220160,"created_unixtime":1489534197683,"created_time":"Tue Mar 14 23:29:57 +0000 2017","lang":"en","displayname":"fadhlinyasmin","time_zone":"Beijing","msg":"RT femalebook If someone ever made one of these for me itd make my heart so happy https//tco/fdoEazhcJ9"}
{"tweet_id":841793553663590400,"created_unixtime":1489534197618,"created_time":"Tue Mar 14 23:29:57 +0000 2017","lang":"en","displayname":"iradaaum","time_zone":"","msg":"RT kissmemyfan_ Happy White Day~💕[HQ] 140419 WuYiFan  Gimpo Airport CrPetrichorhttps//tco/s2wI27Kxbm https//tco/KCRrThRLw8"}
{"tweet_id":841793554229805056,"created_unixtime":1489534197753,"created_time":"Tue Mar 14 23:29:57 +0000 2017","lang":"en","displayname":"Livvylicious56","time_zone":"","msg":"mermhart also Im so sad that Miranda is over that was my favourite show ever Please come back"}
{"tweet_id":841793553680457730,"created_unixtime":1489534197622,"created_time":"Tue Mar 14 23:29:57 +0000 2017","lang":"nl","displayname":"defsouIbeom","time_zone":"Central Time (US & Canada)","msg":"EMILYKXJDJDB https//tco/wvAuBM9zz1"}
{"tweet_id":841793553961517057,"created_unixtime":1489534197689,"created_time":"Tue Mar 14 23:29:57 +0000 2017","lang":"en","displayname":"barbb_carolina","time_zone":"Atlantic Time (Canada)","msg":"RT neiltyson 314  Happy Piday to Gregorian calendar users who reckon dates with month followed by day separated by period omitting year"}
{"tweet_id":841793554221477892,"created_unixtime":1489534197751,"created_time":"Tue Mar 14 23:29:57 +0000 2017","lang":"en","displayname":"Rimbaboy2_2","time_zone":"Central Time (US & Canada)","msg":"Wilson14Sere happy birthday bro"}
{"tweet_id":841793551562338305,"created_unixtime":1489534197117,"created_time":"Tue Mar 14 23:29:57 +0000 2017","lang":"en","displayname":"RameshKesha","time_zone":"","msg":"Happy holi https//tco/4PNr9tEW9M"}
{"tweet_id":841793553516900352,"created_unixtime":1489534197583,"created_time":"Tue Mar 14 23:29:57 +0000 2017","lang":"en","displayname":"yungjaysworld_","time_zone":"","msg":"RT _Willie21 yungjaysworld_ Happy Cash Day my Boy ‼💯"}
{"tweet_id":841793555618131968,"created_unixtime":1489534198084,"created_time":"Tue Mar 14 23:29:58 +0000 2017","lang":"ja","displayname":"mononofu_yuta","time_zone":"","msg":"RT momoclo_si 💚Happy Birthday💚おっ！誕生日ブログ更新はれにちゃんがいちばんだね💚 今通知きたw 22歳も成長しても変わらず小さな巨人でいてね💚💚💚💚💚💚今日は苦手な緑野菜食べるぞ〜💚有安杏果生誕祭 https//tco/OBU…"}
{"tweet_id":841793554695524352,"created_unixtime":1489534197864,"created_time":"Tue Mar 14 23:29:57 +0000 2017","lang":"en","displayname":"Jh__5","time_zone":"","msg":"Switch 1 and 4 and then its good https//tco/W6Q2rfaKfm"}
{"tweet_id":841793555739762688,"created_unixtime":1489534198113,"created_time":"Tue Mar 14 23:29:58 +0000 2017","lang":"en","displayname":"j8merson","time_zone":"Pacific Time (US & Canada)","msg":"PiBetaPhiHQ uscpiphi happy PiDay piday2017 ✌🏼🇺🇸"}
{"tweet_id":841793555895078912,"created_unixtime":1489534198150,"created_time":"Tue Mar 14 23:29:58 +0000 2017","lang":"en","displayname":"Londonislovinit","time_zone":"London","msg":"RT KensingtonBes1 Thanks for the recent follow FrenchieMummy Happy to connect  have a great this week"}
{"tweet_id":841793555760840704,"created_unixtime":1489534198118,"created_time":"Tue Mar 14 23:29:58 +0000 2017","lang":"en","displayname":"AngelaFregoso1","time_zone":"","msg":"RT donnabrazile RT if you think GOP’s plan to kick 24 million off their health coverage is despicable Trump promised everyone would have…"}
{"tweet_id":841793554976407552,"created_unixtime":1489534197931,"created_time":"Tue Mar 14 23:29:57 +0000 2017","lang":"en","displayname":"janzenallysa","time_zone":"Pacific Time (US & Canada)","msg":"HAPPY SUENIE DAY LOVE YOY BOTH😘😘😘 iamr2alonte sueannadoodles https//tco/0L3r3W76nj"}
{"tweet_id":841793556587130881,"created_unixtime":1489534198315,"created_time":"Tue Mar 14 23:29:58 +0000 2017","lang":"en","displayname":"oheyitsbb","time_zone":"Pacific Time (US & Canada)","msg":"RT _queenliv__ the sad truth😕 https//tco/Jsq2dijWmZ"}
{"tweet_id":841793556834619393,"created_unixtime":1489534198374,"created_time":"Tue Mar 14 23:29:58 +0000 2017","lang":"en","displayname":"beckali_07","time_zone":"","msg":"RT NDF_INTL_OFC Dont be we are praying for them everyday those evil people wont succeed ALDUBxDTBYTugOfHearts https//tco/Px7FrEpphf"}
{"tweet_id":841793556297748481,"created_unixtime":1489534198246,"created_time":"Tue Mar 14 23:29:58 +0000 2017","lang":"en","displayname":"Nikolta","time_zone":"Quito","msg":"RT AmaziingPuppies Happy dog getting picked up at daycare  https//tco/VAKBpd8Yqi"}
{"tweet_id":841793557186904064,"created_unixtime":1489534198458,"created_time":"Tue Mar 14 23:29:58 +0000 2017","lang":"en","displayname":"comewme13","time_zone":"","msg":"RT ilovefIowers if ur sad https//tco/cwXvLBIWEu"}
{"tweet_id":841793558126370816,"created_unixtime":1489534198682,"created_time":"Tue Mar 14 23:29:58 +0000 2017","lang":"en","displayname":"mylyfe2b","time_zone":"","msg":"RT GoodLookingLosr Doug 47 yrs old Im allergic to codeine Kratom was the alternative I needed I am so happy I found itIamkratom… "}
{"tweet_id":841793558105448448,"created_unixtime":1489534198677,"created_time":"Tue Mar 14 23:29:58 +0000 2017","lang":"en","displayname":"ANTRAXZ9","time_zone":"Central Time (US & Canada)","msg":"RT JackieBCN 💃🏽 Happy FriskyFriday 💃🏽   🔥 Im HotAsFuck 🔥      💦 ComeAndFuckMe 💦         🍸 https//tco/9FmosVUHB2 🍸 https//tc…"}
{"tweet_id":841793558747074560,"created_unixtime":1489534198830,"created_time":"Tue Mar 14 23:29:58 +0000 2017","lang":"en","displayname":"jocelene_05","time_zone":"","msg":"I gave my neighbor a bag of pan dulce amp he was so happy 😂😂"}
{"tweet_id":841793558487146496,"created_unixtime":1489534198768,"created_time":"Tue Mar 14 23:29:58 +0000 2017","lang":"en","displayname":"hildur789","time_zone":"Central Time (US & Canada)","msg":"RT HerbinSF Im calling it now The failing DNC is going to send these 2 schmucks out for 2020 They just dont get itSAD… "}
{"tweet_id":841793559011373058,"created_unixtime":1489534198893,"created_time":"Tue Mar 14 23:29:58 +0000 2017","lang":"en","displayname":"kimbkjoos","time_zone":"Mountain Time (US & Canada)","msg":"RT nuestarchives happy anniversary to our favourite boys its already been five years5YearsWithNUEST 💜💙 https//tco/mOqhGmyiBE"}
{"tweet_id":841793558822715397,"created_unixtime":1489534198848,"created_time":"Tue Mar 14 23:29:58 +0000 2017","lang":"en","displayname":"twinsaballa","time_zone":"Quito","msg":"RT HornyFacts So annoying when ppl r like ur always laughing U laugh at everything Its not that funny like OK sorry Im a happy pe…"}
{"tweet_id":841793558768193537,"created_unixtime":1489534198835,"created_time":"Tue Mar 14 23:29:58 +0000 2017","lang":"en","displayname":"lydia_sadai","time_zone":"","msg":"RT Rawesomekev Living a happy life https//tco/uWu7z37gq6"}
{"tweet_id":841793559413977088,"created_unixtime":1489534198989,"created_time":"Tue Mar 14 23:29:58 +0000 2017","lang":"en","displayname":"KinbariiTama","time_zone":"","msg":"RT RelatableDR_en Chihiro Fujisaki and Chiaki Nanami share the same birthday and its today Happy birthday https//tco/Mk7y4aYT4O"}
{"tweet_id":841793559598522368,"created_unixtime":1489534199033,"created_time":"Tue Mar 14 23:29:59 +0000 2017","lang":"en","displayname":"katie020619","time_zone":"","msg":"RT ganaconluisito rt for mini sponsor👀rt for free follows✋ rt for dms📲rt for  idols follow🎰rt for fback🎗️rt for shoutout🏆and rt fo…"}
{"tweet_id":841793559581741056,"created_unixtime":1489534199029,"created_time":"Tue Mar 14 23:29:59 +0000 2017","lang":"en","displayname":"mecheeVDRA","time_zone":"","msg":"RT mookie000 Happywhiteday https//tco/iPJGm5MrFT"}
{"tweet_id":841793559669874689,"created_unixtime":1489534199050,"created_time":"Tue Mar 14 23:29:59 +0000 2017","lang":"en","displayname":"nicole_banuelos","time_zone":"Pacific Time (US & Canada)","msg":"RT crzylifelittles Happy NationalPancakeDay Check out this easy grainfree pancake recipe perfect for kidsbreakfast… "}
{"tweet_id":841793559833526272,"created_unixtime":1489534199089,"created_time":"Tue Mar 14 23:29:59 +0000 2017","lang":"en","displayname":"MiaLenox","time_zone":"Arizona","msg":"RT tammyrich_ The littlest shit makes me so happy I swear"}
{"tweet_id":841793560060022786,"created_unixtime":1489534199143,"created_time":"Tue Mar 14 23:29:59 +0000 2017","lang":"en","displayname":"walterparker11","time_zone":"","msg":"Happy 50th anniversary of your debut album GratefulDead  Forever grateful"}
{"tweet_id":841793560198406146,"created_unixtime":1489534199176,"created_time":"Tue Mar 14 23:29:59 +0000 2017","lang":"en","displayname":"vannalynn11","time_zone":"Atlantic Time (Canada)","msg":"starlettedanice yay So happy for you"}
{"tweet_id":841793560265560064,"created_unixtime":1489534199192,"created_time":"Tue Mar 14 23:29:59 +0000 2017","lang":"en","displayname":"Tiarajvana","time_zone":"","msg":"Im the biggest crybaby when it comes to sad movies 😭🤕"}
{"tweet_id":841793560689094656,"created_unixtime":1489534199293,"created_time":"Tue Mar 14 23:29:59 +0000 2017","lang":"en","displayname":"Jenaa_moreno","time_zone":"","msg":"RT cieraaajeannn happy birthday Jenabooo have a great day 💙 Jenaa_moreno"}
{"tweet_id":841793560588378112,"created_unixtime":1489534199269,"created_time":"Tue Mar 14 23:29:59 +0000 2017","lang":"en","displayname":"touchinguranus","time_zone":"Arizona","msg":"RT Afrxz im so happy i dont go school anymore https//tco/FyItVAaoxV"}
{"tweet_id":841793560370372608,"created_unixtime":1489534199217,"created_time":"Tue Mar 14 23:29:59 +0000 2017","lang":"en","displayname":"ReneeCastle1025","time_zone":"","msg":"RT AlainersBoard Happy TuesDay ReneeCastle1025  Country1025WKLB RoadLessTraveled by Lauren_Alaina on your CastleCountdown 2nite Yo…"}
{"tweet_id":841793559611228160,"created_unixtime":1489534199036,"created_time":"Tue Mar 14 23:29:59 +0000 2017","lang":"en","displayname":"Anjelika_Raqs","time_zone":"Central Time (US & Canada)","msg":"Happy birthday to ninjasexparty s very own Danny Sexbang FLIRTINIS AND DILDOES ALL ROUND https//tco/lK809feSML"}
{"tweet_id":841793560441692163,"created_unixtime":1489534199234,"created_time":"Tue Mar 14 23:29:59 +0000 2017","lang":"en","displayname":"lovehorses104","time_zone":"Quito","msg":"BQQuinn Happy birthday to my favorite joker Much love from UNCW 💙💛 bringimpracticaljokerstoUNCW2k17 please… https//tco/Yd4RvMRnht"}
{"tweet_id":841793561565646848,"created_unixtime":1489534199502,"created_time":"Tue Mar 14 23:29:59 +0000 2017","lang":"en","displayname":"jaydreamerxx","time_zone":"Pacific Time (US & Canada)","msg":"RT preaching my main focus is to better myself be successful and be happy so if you arent contributing to that then i dont need you i…"}
{"tweet_id":841793561397927936,"created_unixtime":1489534199462,"created_time":"Tue Mar 14 23:29:59 +0000 2017","lang":"en","displayname":"smolparkchim","time_zone":"","msg":"Im happy now https//tco/6bCWddcSh0"}
{"tweet_id":841793561729331200,"created_unixtime":1489534199541,"created_time":"Tue Mar 14 23:29:59 +0000 2017","lang":"en","displayname":"byulxycelle","time_zone":"Asia/Manila","msg":"RT BooksMsgs Ive changed No I just grew up I stopped letting people push me around I learned that I cant always be happy I accepte…"}
{"tweet_id":841793561859350529,"created_unixtime":1489534199572,"created_time":"Tue Mar 14 23:29:59 +0000 2017","lang":"en","displayname":"ChrisManzione","time_zone":"Caracas","msg":"RT AccurateText Dont feel sad over someone who  https//tco/70ARpyhQRV"}
{"tweet_id":841793562157096960,"created_unixtime":1489534199643,"created_time":"Tue Mar 14 23:29:59 +0000 2017","lang":"en","displayname":"_DylanGJH","time_zone":"International Date Line West","msg":"RT deprive This makes me so happy https//tco/vGXqeXY5Mp"}
{"tweet_id":841793561695797248,"created_unixtime":1489534199533,"created_time":"Tue Mar 14 23:29:59 +0000 2017","lang":"en","displayname":"iambudlangley","time_zone":"","msg":"RT thebootdotcom Happy Opry anniversary TrishaYearwood https//tco/49hJ7EhBUN https//tco/21GOBfZ9cf"}
{"tweet_id":841793562891177984,"created_unixtime":1489534199818,"created_time":"Tue Mar 14 23:29:59 +0000 2017","lang":"en","displayname":"tgodfrey33","time_zone":"","msg":"RT CultureFUBU Happy Birthday Merlin SantanaRIP https//tco/0K4quO4M5g"}
{"tweet_id":841793562798768128,"created_unixtime":1489534199796,"created_time":"Tue Mar 14 23:29:59 +0000 2017","lang":"en","displayname":"msjlura","time_zone":"","msg":"AzulZR plkelly27 weve cont to evolve but I have old blog posthttps//tco/zUvWjnN2PN happy to share whats happened since TTLSummit"}
{"tweet_id":841793563390271488,"created_unixtime":1489534199937,"created_time":"Tue Mar 14 23:29:59 +0000 2017","lang":"en","displayname":"coltonabney","time_zone":"","msg":"RT SN_Ohio Happy birthday StephenCurry30 heres a compilation video https//tco/JmYjJXLt65"}
{"tweet_id":841793563486765056,"created_unixtime":1489534199960,"created_time":"Tue Mar 14 23:29:59 +0000 2017","lang":"en","displayname":"Doninjaa","time_zone":"Atlantic Time (Canada)","msg":"RT ringelrei please I want them to be happy https//tco/mMMS2L9zbw"}
{"tweet_id":841793563822313473,"created_unixtime":1489534200040,"created_time":"Tue Mar 14 23:30:00 +0000 2017","lang":"en","displayname":"woodrowj41","time_zone":"Eastern Time (US & Canada)","msg":"RT DownWithDamon Happy Birthday StephenCurry30 Heres every time LeBron James blocked you in last years NBA Finals Memories https//t…"}
{"tweet_id":841793564069756929,"created_unixtime":1489534200099,"created_time":"Tue Mar 14 23:30:00 +0000 2017","lang":"en","displayname":"savwoot1","time_zone":"","msg":"Happy 16th birthday to the happiest person I know kaileyybrimm  Love and miss you so much KB ❤❤❤"}
{"tweet_id":841793563901931522,"created_unixtime":1489534200059,"created_time":"Tue Mar 14 23:30:00 +0000 2017","lang":"en","displayname":"MsDolldalita","time_zone":"","msg":"RT mbchavez86 Seeing you both thise happy makes me so happy tooGoodvibes amp happinessMaymay amp EdwardMBMayWard [pctto] https//tco…"}
{"tweet_id":841793563734216704,"created_unixtime":1489534200019,"created_time":"Tue Mar 14 23:30:00 +0000 2017","lang":"en","displayname":"mypinksphinx","time_zone":"Pacific Time (US & Canada)","msg":"hennythewitch this just made me profoundly sad and Idk why"}
{"tweet_id":841793563524448257,"created_unixtime":1489534199969,"created_time":"Tue Mar 14 23:29:59 +0000 2017","lang":"tl","displayname":"Chryzialieyn3","time_zone":"","msg":"RT maywardUn Happy graduation day sa lahat ng ga graduate Sa mga bagsak better luck next year MBMayWard"}
{"tweet_id":841793564568895488,"created_unixtime":1489534200218,"created_time":"Tue Mar 14 23:30:00 +0000 2017","lang":"en","displayname":"HarrillJk","time_zone":"","msg":"LouDobbs And The Thinking Has Been Obama Is Fostering A Shadow Government Obama May Be But Paul Ryan Is The STAR Of The SHADOW KNOWS Sad"}
{"tweet_id":841793564321423360,"created_unixtime":1489534200159,"created_time":"Tue Mar 14 23:30:00 +0000 2017","lang":"en","displayname":"babygurl_myu","time_zone":"Alaska","msg":"RT geneweeb Packages make me happy"}
{"tweet_id":841793564883349504,"created_unixtime":1489534200293,"created_time":"Tue Mar 14 23:30:00 +0000 2017","lang":"en","displayname":"julissasarceno","time_zone":"","msg":"RT MyPillowPets julissasarceno Sorry Pua was so popular he wont be back until May We wish you a happy birthday a little early thoug…"}
{"tweet_id":841793564992540672,"created_unixtime":1489534200319,"created_time":"Tue Mar 14 23:30:00 +0000 2017","lang":"en","displayname":"Maripujin","time_zone":"","msg":"RT Got7Mania Happy Birthday Coco 💚 GOT7 https//tco/QNteZIEkj3"}
{"tweet_id":841793565307080704,"created_unixtime":1489534200394,"created_time":"Tue Mar 14 23:30:00 +0000 2017","lang":"en","displayname":"iraida2ct4p","time_zone":"","msg":"RT PinkSmurfysPlay Happy Friday Everyone 😋 Please dont forget to subscribe to my channel Ill love you forever 💗💗https//tco/qTuTFqz…"}
{"tweet_id":841793565688643584,"created_unixtime":1489534200485,"created_time":"Tue Mar 14 23:30:00 +0000 2017","lang":"en","displayname":"abberssss","time_zone":"","msg":"Happy Birthday to my beautiful momma❤ilysm and you mean the world to… https//tco/D6CCTmOafY"}
{"tweet_id":841793565323857920,"created_unixtime":1489534200398,"created_time":"Tue Mar 14 23:30:00 +0000 2017","lang":"en","displayname":"SimonSaysRage","time_zone":"","msg":"RT neiltyson 314  Happy Piday to Gregorian calendar users who reckon dates with month followed by day separated by period omitting year"}
{"tweet_id":841793565663588352,"created_unixtime":1489534200479,"created_time":"Tue Mar 14 23:30:00 +0000 2017","lang":"en","displayname":"owls_in_cities","time_zone":"","msg":"RT fIeekin sad to see how many friends turned into strangers this year"}
{"tweet_id":841793564212371456,"created_unixtime":1489534200133,"created_time":"Tue Mar 14 23:30:00 +0000 2017","lang":"en","displayname":"nergis_54_","time_zone":"Istanbul","msg":"Omg Im so Happy because First time win of with big my idol character  BretHart WWE2K17 https//tco/j5rLLFQOSx"}
{"tweet_id":841793565546151936,"created_unixtime":1489534200451,"created_time":"Tue Mar 14 23:30:00 +0000 2017","lang":"en","displayname":"kmaackk","time_zone":"Quito","msg":"RT warriors DubNation please join us in wishing StephenCurry30 a very Happy Birthday 🎈 https//tco/cByjiIEk25"}
{"tweet_id":841793566305210368,"created_unixtime":1489534200632,"created_time":"Tue Mar 14 23:30:00 +0000 2017","lang":"en","displayname":"mysteriousfact","time_zone":"New Delhi","msg":"Smiling even in a bad mood can immediately improve your mood because these muscles are enough to trigger happy chemicals in the brain"}
{"tweet_id":841793566426845184,"created_unixtime":1489534200661,"created_time":"Tue Mar 14 23:30:00 +0000 2017","lang":"en","displayname":"jace_fraz01","time_zone":"","msg":"RT MeninistTweet Happy pi dayThe Falcons blew a 283 lead314283  31the warriors blew a 31 lead in the NBA Finals"}
{"tweet_id":841793566225625088,"created_unixtime":1489534200613,"created_time":"Tue Mar 14 23:30:00 +0000 2017","lang":"en","displayname":"danilovestay","time_zone":"Central Time (US & Canada)","msg":"MaddiePfeiffer3 WE ARE LEAVING TO LIVE A HAPPY LIFE TOGETHER"}
{"tweet_id":841793566305222656,"created_unixtime":1489534200632,"created_time":"Tue Mar 14 23:30:00 +0000 2017","lang":"en","displayname":"kyawneee","time_zone":"Pacific Time (US & Canada)","msg":"audriaa_ I saw your tweet like should I go to school and you did and I was happy bc I saw you smile😭😭😭💗💗this sweet girl man😭😭"}
{"tweet_id":841793565877403648,"created_unixtime":1489534200530,"created_time":"Tue Mar 14 23:30:00 +0000 2017","lang":"en","displayname":"KitsapLibrary","time_zone":"Pacific Time (US & Canada)","msg":"Happy bday to Albert Einstein 138 years later and you still wow us STEM libraries AlbertEinstein https//tco/cwxjM7pQIr"}
{"tweet_id":841793566531817472,"created_unixtime":1489534200686,"created_time":"Tue Mar 14 23:30:00 +0000 2017","lang":"und","displayname":"mwitmer64","time_zone":"","msg":"davidlabrava  lyics  itsonlyjustbegun  BecomingaSon  STREETLEVEL  InkMaster  Furpeople ❤SOA/Happy"}
{"tweet_id":841793567186132992,"created_unixtime":1489534200842,"created_time":"Tue Mar 14 23:30:00 +0000 2017","lang":"en","displayname":"TapThat_Cass","time_zone":"Atlantic Time (Canada)","msg":"RT MattMontedoro Happy 21 to the man TapThat_Cass  🤙🏼🍻"}
{"tweet_id":841793567630622720,"created_unixtime":1489534200948,"created_time":"Tue Mar 14 23:30:00 +0000 2017","lang":"en","displayname":"gracegcracker","time_zone":"","msg":"RT sciam Happy Pi Day Love math Get your numbers fix with the latest math digital bundle https//tco/fNjvwfRmwZ https//tco/RwBXqAzt…"}
{"tweet_id":841793567890661381,"created_unixtime":1489534201010,"created_time":"Tue Mar 14 23:30:01 +0000 2017","lang":"en","displayname":"berlin_demarco","time_zone":"","msg":"RT FIirtationship I hate that I cry out of frustration 95  of the time its not even cause Im sad its that Im so angry I cant contr…"}
{"tweet_id":841793565994954755,"created_unixtime":1489534200558,"created_time":"Tue Mar 14 23:30:00 +0000 2017","lang":"en","displayname":"jessiecerreta","time_zone":"","msg":"Thank u so much 💜 https//tco/axGc0fj0Hu"}
{"tweet_id":841793568117260289,"created_unixtime":1489534201064,"created_time":"Tue Mar 14 23:30:01 +0000 2017","lang":"en","displayname":"__AaronJohnson","time_zone":"Eastern Time (US & Canada)","msg":"aIwaysawarbIer Hey Were happy right he hummed inching in for another kiss Thats all that matters"}
{"tweet_id":841793568016633856,"created_unixtime":1489534201040,"created_time":"Tue Mar 14 23:30:01 +0000 2017","lang":"en","displayname":"vicbenzo03","time_zone":"","msg":"So happy to get this block off tomorrow"}
{"tweet_id":841793568192647168,"created_unixtime":1489534201082,"created_time":"Tue Mar 14 23:30:01 +0000 2017","lang":"en","displayname":"_abgsantos","time_zone":"","msg":"RT castroaiesha you must live a sad life if bringing others down by their appearance or their interests is the only way to feel good abou…"}
{"tweet_id":841793567634817024,"created_unixtime":1489534200949,"created_time":"Tue Mar 14 23:30:00 +0000 2017","lang":"en","displayname":"CloserOnline","time_zone":"London","msg":"EastEnders star Danny Dyer has been photographed looking happy and healthy on his extended break in South Africa 🙌… https//tco/71MllKLD7w"}
{"tweet_id":841793567991468032,"created_unixtime":1489534201034,"created_time":"Tue Mar 14 23:30:01 +0000 2017","lang":"en","displayname":"NightmareEnt1","time_zone":"Eastern Time (US & Canada)","msg":"RT AuthorKTMcQueen REAL Horror Happy Meal Boxes and Horror Movie Jiffy Pop Available to Buy Now https//tco/taplRjcM1F"}
{"tweet_id":841793569358786560,"created_unixtime":1489534201360,"created_time":"Tue Mar 14 23:30:01 +0000 2017","lang":"es","displayname":"martirianmorena","time_zone":"Wellington","msg":"Estas en algo con alguno O que onda — nop nada sad  https//tco/U6ab0p94E5"}
{"tweet_id":841793568490586114,"created_unixtime":1489534201153,"created_time":"Tue Mar 14 23:30:01 +0000 2017","lang":"en","displayname":"FabFitKat","time_zone":"","msg":"SenSanders wow PNG still has tribespeople who are considered undiscovered  this is sad"}
{"tweet_id":841793569476231169,"created_unixtime":1489534201388,"created_time":"Tue Mar 14 23:30:01 +0000 2017","lang":"en","displayname":"daddyshowkey1","time_zone":"","msg":"Happy Birthday to you olamide_YBNL no kain God Continue to bless you showdonshow daddyshowkey… https//tco/Cqj2ApgRut"}
{"tweet_id":841793569581019136,"created_unixtime":1489534201413,"created_time":"Tue Mar 14 23:30:01 +0000 2017","lang":"en","displayname":"ExGOPwoman","time_zone":"Pacific Time (US & Canada)","msg":"If we just add health care under the heading wed live happy amp shit  No need 2 lose our homes over amp xray CuestionMarque darionavarro111"}
{"tweet_id":841793568855453696,"created_unixtime":1489534201240,"created_time":"Tue Mar 14 23:30:01 +0000 2017","lang":"en","displayname":"Emoji_is_best","time_zone":"","msg":"happy pie day everyone i know i copied asdf ITS OBVIOUS https//tco/nYg7Us9XL2"}
{"tweet_id":841793570042466304,"created_unixtime":1489534201523,"created_time":"Tue Mar 14 23:30:01 +0000 2017","lang":"en","displayname":"zmfstl","time_zone":"","msg":"RT coryschmitt WORLD Welcome to PaneraSTL Its Bread CoWORLD Happy Pi DaySTL Its 314Day"}
{"tweet_id":841793568763195395,"created_unixtime":1489534201218,"created_time":"Tue Mar 14 23:30:01 +0000 2017","lang":"und","displayname":"LeidiV4","time_zone":"Pacific Time (US & Canada)","msg":"Sad https//tco/7jaSM1VTjn"}
{"tweet_id":841793569983725568,"created_unixtime":1489534201509,"created_time":"Tue Mar 14 23:30:01 +0000 2017","lang":"en","displayname":"lotp1D","time_zone":"Pacific Time (US & Canada)","msg":"ShawnMendes so happy and excited for you to be acting in this movie musical you must be so excited❤"}
{"tweet_id":841793568071127041,"created_unixtime":1489534201053,"created_time":"Tue Mar 14 23:30:01 +0000 2017","lang":"en","displayname":"DavidMatthewBy1","time_zone":"","msg":"RT NatureNPS This is what happens when you have a building full of scientists and a laser👨🏽‍🔬👩🏾‍🔬⚡️3️⃣1️⃣4️⃣ Happy PiDay https//tco…"}
{"tweet_id":841793567861411842,"created_unixtime":1489534201003,"created_time":"Tue Mar 14 23:30:01 +0000 2017","lang":"en","displayname":"Nineteen1319","time_zone":"Pacific Time (US & Canada)","msg":"gtsad piano musiclt https//tco/omYdkajfGf"}
{"tweet_id":841793569799172096,"created_unixtime":1489534201465,"created_time":"Tue Mar 14 23:30:01 +0000 2017","lang":"en","displayname":"Tazmin98","time_zone":"London","msg":"RT TheInSneider Wow Anyone doing this is an asshole who doesnt know what it means to struggle with addiction Bens a person too… "}
{"tweet_id":841793567932731395,"created_unixtime":1489534201020,"created_time":"Tue Mar 14 23:30:01 +0000 2017","lang":"en","displayname":"Dany_Janae","time_zone":"Atlantic Time (Canada)","msg":"RT baeElectronica its really sad to see yall support and defend niggas who purposely get chicks fucked up on drugs so they can have sex…"}
{"tweet_id":841793570340253699,"created_unixtime":1489534201594,"created_time":"Tue Mar 14 23:30:01 +0000 2017","lang":"en","displayname":"Madssaar","time_zone":"","msg":"RT cameronmcght hearts full amp my soul happy"}
{"tweet_id":841793570633785344,"created_unixtime":1489534201664,"created_time":"Tue Mar 14 23:30:01 +0000 2017","lang":"en","displayname":"clarksipos1","time_zone":"","msg":"Thank you so much https//tco/GUIZGdX8zo"}
{"tweet_id":841793569669156868,"created_unixtime":1489534201434,"created_time":"Tue Mar 14 23:30:01 +0000 2017","lang":"en","displayname":"HealingMB","time_zone":"Eastern Time (US & Canada)","msg":"Exercise produces Endorphins  Happy Drug  and our pets have a calming effect Healing Dogs Cats Fitness… https//tco/l951RFjMDu"}
{"tweet_id":841793571082637313,"created_unixtime":1489534201771,"created_time":"Tue Mar 14 23:30:01 +0000 2017","lang":"en","displayname":"iHarsh04","time_zone":"New Delhi","msg":"RT cesc4official Back to Wembley Happy days surrounded ⚽️ https//tco/TgoorDmPZ0"}
{"tweet_id":841793569329451009,"created_unixtime":1489534201353,"created_time":"Tue Mar 14 23:30:01 +0000 2017","lang":"en","displayname":"ABC7NY","time_zone":"Eastern Time (US & Canada)","msg":"Happy 108 to WhiteHouse dancing queen Virginia McLaurin She celebrated with Globies https//tco/SP80zCbSg6 https//tco/RHIeqBXh0s"}
{"tweet_id":841793570151489537,"created_unixtime":1489534201549,"created_time":"Tue Mar 14 23:30:01 +0000 2017","lang":"en","displayname":"Cappy_Galactic","time_zone":"London","msg":"RT Kyle_MacLachlan Happy NationalPieDay https//tco/YIpXYBDATp"}
{"tweet_id":841793571531321345,"created_unixtime":1489534201878,"created_time":"Tue Mar 14 23:30:01 +0000 2017","lang":"en","displayname":"BE_Foutz","time_zone":"","msg":"RT KariWahlgren Happy PiDay 💗 https//tco/nq0sUlIkuL"}
{"tweet_id":841793571074248704,"created_unixtime":1489534201769,"created_time":"Tue Mar 14 23:30:01 +0000 2017","lang":"en","displayname":"Risenart","time_zone":"","msg":"Happy PiDay https//tco/FHI6AdYTFe"}
{"tweet_id":841793569115512832,"created_unixtime":1489534201302,"created_time":"Tue Mar 14 23:30:01 +0000 2017","lang":"en","displayname":"Robi_theplug","time_zone":"","msg":"RT D_Deji28 Do you guys know why he was killed A girl lied that he raped her and her brother shot him dead https//tco/IWDVDZp3rz"}
{"tweet_id":841793571346763776,"created_unixtime":1489534201834,"created_time":"Tue Mar 14 23:30:01 +0000 2017","lang":"ko","displayname":"meltheart93","time_zone":"Seoul","msg":"RT mintosyndr Happy White Day🍭🍭🍭 지각맨~😂 승화 https//tco/DLMR1DHdcJ"}
{"tweet_id":841793571527241730,"created_unixtime":1489534201877,"created_time":"Tue Mar 14 23:30:01 +0000 2017","lang":"en","displayname":"Charlie1977","time_zone":"Copenhagen","msg":"RT JonathanRKnight So happy to share our music video for OneMoreNight with you Watch nowl 🎥 https//tco/H6lK69WFJI"}
{"tweet_id":841793569157451776,"created_unixtime":1489534201312,"created_time":"Tue Mar 14 23:30:01 +0000 2017","lang":"en","displayname":"ZYXJAY10","time_zone":"Pacific Time (US & Canada)","msg":"RT layshands 170314 Happy Camp weibo updateNo shirt collar is safe from DIY master Zhang Yixing 😂 https//tco/2tyUEyOlP3"}
{"tweet_id":841793571569131520,"created_unixtime":1489534201887,"created_time":"Tue Mar 14 23:30:01 +0000 2017","lang":"ja","displayname":"suzukuma1001_2","time_zone":"Tokyo","msg":"RT BELCORNO ラテアート【園田海未】＠ラブライブ！LatteArt【Umi Sonoda】＠ Love Live本日お誕生日で一杯。Happy Birthday作成動画：https//tco/M7aP8M7SKK… "}
{"tweet_id":841793569866297346,"created_unixtime":1489534201481,"created_time":"Tue Mar 14 23:30:01 +0000 2017","lang":"en","displayname":"mycomicshop","time_zone":"Central Time (US & Canada)","msg":"Happy NCBD Eve Heres some of our favorites from this weeks new releases https//tco/iOW85TSoQS"}
{"tweet_id":841793572126904321,"created_unixtime":1489534202020,"created_time":"Tue Mar 14 23:30:02 +0000 2017","lang":"en","displayname":"englishhowell","time_zone":"","msg":"hes at a very good and happy place in his life why arent people satisfied with that"}
{"tweet_id":841793572131168256,"created_unixtime":1489534202021,"created_time":"Tue Mar 14 23:30:02 +0000 2017","lang":"en","displayname":"samsreedus","time_zone":"Pacific Time (US & Canada)","msg":"homicidalhailey happy birthday beautiful 🎉❤️💞"}
{"tweet_id":841793571002949632,"created_unixtime":1489534201752,"created_time":"Tue Mar 14 23:30:01 +0000 2017","lang":"en","displayname":"BelikerAble","time_zone":"Pacific Time (US & Canada)","msg":"RT Ava_Av9 Good morning Thank you so muchHappy day to you~ akpolyme ❁❁ https//tco/9xzt0tBdCg"}
{"tweet_id":841793569006448641,"created_unixtime":1489534201276,"created_time":"Tue Mar 14 23:30:01 +0000 2017","lang":"en","displayname":"11_phill","time_zone":"","msg":"Happy spring break to all https//tco/ax89onGo1G"}
{"tweet_id":841793571812388864,"created_unixtime":1489534201945,"created_time":"Tue Mar 14 23:30:01 +0000 2017","lang":"en","displayname":"xXAaronSXx","time_zone":"","msg":"JohnLegere Youve made this TMobile custom VERY happy with another year of MLB TV Thank you I love tmobiletuesdays DetFanInPhoenix"}
{"tweet_id":841793572265377792,"created_unixtime":1489534202053,"created_time":"Tue Mar 14 23:30:02 +0000 2017","lang":"en","displayname":"baby__chain","time_zone":"","msg":"I have a 3 kd in aw im happy"}
{"tweet_id":841793571401408513,"created_unixtime":1489534201847,"created_time":"Tue Mar 14 23:30:01 +0000 2017","lang":"en","displayname":"badgalee_","time_zone":"","msg":"RT D_Deji28 Do you guys know why he was killed A girl lied that he raped her and her brother shot him dead https//tco/IWDVDZp3rz"}
{"tweet_id":841793571887943682,"created_unixtime":1489534201963,"created_time":"Tue Mar 14 23:30:01 +0000 2017","lang":"en","displayname":"JordanBreyelle","time_zone":"Atlantic Time (Canada)","msg":"RT D_Deji28 Do you guys know why he was killed A girl lied that he raped her and her brother shot him dead https//tco/IWDVDZp3rz"}
{"tweet_id":841793572336631808,"created_unixtime":1489534202070,"created_time":"Tue Mar 14 23:30:02 +0000 2017","lang":"en","displayname":"yungadetiba","time_zone":"","msg":"RT shineonHaiti Gorgeous happy kids LaGonave support LGCCA worthy charitable organization education https//tco/WewHvZzgu5 http…"}
{"tweet_id":841793572521291776,"created_unixtime":1489534202114,"created_time":"Tue Mar 14 23:30:02 +0000 2017","lang":"en","displayname":"natburnss","time_zone":"Quito","msg":"Scout picked the Spartans to win the 1st game of the tourney amp that makes my heart so happy sam_ponder 🏀💚"}
{"tweet_id":841793572630339585,"created_unixtime":1489534202140,"created_time":"Tue Mar 14 23:30:02 +0000 2017","lang":"en","displayname":"SimonSaysRage","time_zone":"","msg":"RT BillNye Happy 314 Day peoples"}
{"tweet_id":841793572332548098,"created_unixtime":1489534202069,"created_time":"Tue Mar 14 23:30:02 +0000 2017","lang":"en","displayname":"AlanJeffries9","time_zone":"","msg":"Happy birthday big man⚡ Its Einsteins birthdayhttps//tco/h3Nv6y0FVH"}
{"tweet_id":841793573049659392,"created_unixtime":1489534202240,"created_time":"Tue Mar 14 23:30:02 +0000 2017","lang":"en","displayname":"MonkeyDude96","time_zone":"","msg":"Once the present you is this life in and I would be understood as a happy little less traveled by works and trying to abide"}
{"tweet_id":841793572663885824,"created_unixtime":1489534202148,"created_time":"Tue Mar 14 23:30:02 +0000 2017","lang":"en","displayname":"janetologist","time_zone":"Eastern Time (US & Canada)","msg":"sad case https//tco/YqpwpDQw2S"}
{"tweet_id":841793572982611969,"created_unixtime":1489534202224,"created_time":"Tue Mar 14 23:30:02 +0000 2017","lang":"en","displayname":"kylietripulca","time_zone":"Pacific Time (US & Canada)","msg":"We could be together baby hahaha joke happy crushh hahaha https//tco/zHutOUmBiK"}
{"tweet_id":841793573288734720,"created_unixtime":1489534202297,"created_time":"Tue Mar 14 23:30:02 +0000 2017","lang":"ja","displayname":"rei1230o","time_zone":"","msg":"u_a0315 あいらちゃんHappy Birthday🎂💕"}
{"tweet_id":841793573255225344,"created_unixtime":1489534202289,"created_time":"Tue Mar 14 23:30:02 +0000 2017","lang":"en","displayname":"Laurenk83","time_zone":"Central Time (US & Canada)","msg":"Simone_Biles Happy Birthday to you😁🤗🎈🎉🎂"}
{"tweet_id":841793573154652161,"created_unixtime":1489534202265,"created_time":"Tue Mar 14 23:30:02 +0000 2017","lang":"en","displayname":"BeautyBind","time_zone":"Central Time (US & Canada)","msg":"Thought provoking thread voicefeed https//tco/yn2wNvpgeH"}
{"tweet_id":841793573330780161,"created_unixtime":1489534202307,"created_time":"Tue Mar 14 23:30:02 +0000 2017","lang":"en","displayname":"classifiedfact","time_zone":"New Delhi","msg":"Banana is a happy fruit Eating just one can help relieve irritable emotions anger and or depression"}
{"tweet_id":841793573708226560,"created_unixtime":1489534202397,"created_time":"Tue Mar 14 23:30:02 +0000 2017","lang":"en","displayname":"DomDreyar","time_zone":"Beijing","msg":"RT truelifevibe I just want all my friends to be happy and never ever want them to feel alone or hurt"}
{"tweet_id":841793573649547267,"created_unixtime":1489534202383,"created_time":"Tue Mar 14 23:30:02 +0000 2017","lang":"en","displayname":"JenScholte","time_zone":"Eastern Time (US & Canada)","msg":"Happy Sellers Happy Buyers I LOVE What I do findyourhappyplacejenergy jenscholteSOLDforoverasking https//tco/OW1C6tNpNa"}
{"tweet_id":841793573649539072,"created_unixtime":1489534202383,"created_time":"Tue Mar 14 23:30:02 +0000 2017","lang":"en","displayname":"janrob01","time_zone":"Eastern Time (US & Canada)","msg":"kitten_academy She seems so happy to have some Angel time  She has been so attentive to her precious babies she definitely deserves it"}
{"tweet_id":841793572399591424,"created_unixtime":1489534202085,"created_time":"Tue Mar 14 23:30:02 +0000 2017","lang":"en","displayname":"_LunaWolf98","time_zone":"","msg":"You know the saddest thing about Pi day I see it everywhere but Ive never actually had like any types of pie and… https//tco/Efq2MoBNos"}
{"tweet_id":841793573595021312,"created_unixtime":1489534202370,"created_time":"Tue Mar 14 23:30:02 +0000 2017","lang":"en","displayname":"s0ygordita_","time_zone":"","msg":"RT emofucc when i show people a list of reasons why im so sad https//tco/c986HezrtS"}
{"tweet_id":841793573452410880,"created_unixtime":1489534202336,"created_time":"Tue Mar 14 23:30:02 +0000 2017","lang":"en","displayname":"your_other_guy","time_zone":"","msg":"RT NaughtyCT Happy humpday 🍑 Check out our naughty snapchats from last night 😝💦 asswednesday sexy RateMyAss1 https//tco/ucQY8esJyo"}
{"tweet_id":841793573636976642,"created_unixtime":1489534202380,"created_time":"Tue Mar 14 23:30:02 +0000 2017","lang":"en","displayname":"AhmedoIbrahim3","time_zone":"","msg":"BillNye happy a big jock day"}
{"tweet_id":841793574303756288,"created_unixtime":1489534202539,"created_time":"Tue Mar 14 23:30:02 +0000 2017","lang":"tl","displayname":"maywardscc","time_zone":"","msg":"RT fabrayist Sa mga echuserang froglets na basher ng MayWard manuod din kayo para lalo kayong mainis HAHAHAHAMBMayWard https//tco/…"}
{"tweet_id":841793571221065729,"created_unixtime":1489534201804,"created_time":"Tue Mar 14 23:30:01 +0000 2017","lang":"en","displayname":"crunchy_science","time_zone":"Central Time (US & Canada)","msg":"The Secret of setting a positive intention for a happy day https//tco/G1ckiECx4t https//tco/Jx3zpZ6yQo"}
{"tweet_id":841793572882022402,"created_unixtime":1489534202200,"created_time":"Tue Mar 14 23:30:02 +0000 2017","lang":"en","displayname":"NatlToday","time_zone":"Pacific Time (US & Canada)","msg":"Happy NationalPiDay It’s irrational It’s mathematical It’s totally radical More at https//tco/GGPyS1iZUQ https//tco/RU45AMPPoT"}
{"tweet_id":841793574928695296,"created_unixtime":1489534202688,"created_time":"Tue Mar 14 23:30:02 +0000 2017","lang":"en","displayname":"hollyrosenbaum","time_zone":"","msg":"Finally watched the season finale of cwtvd and that last 20 minutes was the most emotional episode Ive ever watched Sad its over 😭😭"}
{"tweet_id":841793574379298817,"created_unixtime":1489534202557,"created_time":"Tue Mar 14 23:30:02 +0000 2017","lang":"en","displayname":"JulzeW","time_zone":"Melbourne","msg":"RT NickyBlack17 Ibehereforyou_ samosalau JulzeW lena_bambee  all my mates 🌷🌷🌷🇦🇺🐨🇦🇺gerald_stanyer kevdoherty90896   every1… "}
{"tweet_id":841793575331405824,"created_unixtime":1489534202784,"created_time":"Tue Mar 14 23:30:02 +0000 2017","lang":"en","displayname":"SportsAnthony","time_zone":"","msg":"Happy Try To Remember What Channel truTV Is Day everyone MarchMadness"}
{"tweet_id":841793575121768448,"created_unixtime":1489534202734,"created_time":"Tue Mar 14 23:30:02 +0000 2017","lang":"en","displayname":"TkellyTim","time_zone":"Eastern Time (US & Canada)","msg":"RT LCA_Detroit Happy 313Day https//tco/jos9PPAkD1"}
{"tweet_id":841793575453110272,"created_unixtime":1489534202813,"created_time":"Tue Mar 14 23:30:02 +0000 2017","lang":"en","displayname":"MayorGriffis","time_zone":"Eastern Time (US & Canada)","msg":"RT ILLUMlNATI A private life is a happy life"}
{"tweet_id":841793573771214848,"created_unixtime":1489534202412,"created_time":"Tue Mar 14 23:30:02 +0000 2017","lang":"en","displayname":"claraanalytics","time_zone":"Pacific Time (US & Canada)","msg":"Happy Pi Day from the CLARA analytics Team piday2017 https//tco/VfoAZ4P9wN"}
{"tweet_id":841793575742398464,"created_unixtime":1489534202882,"created_time":"Tue Mar 14 23:30:02 +0000 2017","lang":"en","displayname":"SwastikaBindu","time_zone":"Pacific Time (US & Canada)","msg":"RT JeSuisMush Happy Birthday aamir_khan ❤🎉🎆🎂🎈🎊🎁 🙌🙌 HappyBirthdayAamirKhan https//tco/KQshTseZkZ"}
{"tweet_id":841793575771754496,"created_unixtime":1489534202889,"created_time":"Tue Mar 14 23:30:02 +0000 2017","lang":"th","displayname":"aimmiaimx","time_zone":"Bangkok","msg":"RT 158notshort Sunny is Happy pillชอบอันนี้ กำลังเก็กสวยกันอยู่แล้วพอซันนี่เริ่มหลุดหัวเราะ ก็ขำกันหมดเหมือนโรคติดต่อ https//tco/XaMs…"}
{"tweet_id":841793575516033025,"created_unixtime":1489534202828,"created_time":"Tue Mar 14 23:30:02 +0000 2017","lang":"en","displayname":"B985FM","time_zone":"Eastern Time (US & Canada)","msg":"Now thats one happy pup ~KL https//tco/a4CujctYG0"}
{"tweet_id":841793575893446656,"created_unixtime":1489534202918,"created_time":"Tue Mar 14 23:30:02 +0000 2017","lang":"en","displayname":"iradaaum","time_zone":"","msg":"RT kissmemyfan_ Happy White Day~💕[HQ] 161106 Wuyifan  MRFANTASTIC2016 CrVanguard1106https//tco/fCAcgUGXcV… "}
{"tweet_id":841793575616696320,"created_unixtime":1489534202852,"created_time":"Tue Mar 14 23:30:02 +0000 2017","lang":"en","displayname":"BlazePizza","time_zone":"Pacific Time (US & Canada)","msg":"_jasminemarie Happy PiDay 🍕 HowDoYouBlaze BlazePiDay"}
{"tweet_id":841793576468008960,"created_unixtime":1489534203055,"created_time":"Tue Mar 14 23:30:03 +0000 2017","lang":"en","displayname":"Coachchadcooper","time_zone":"Eastern Time (US & Canada)","msg":"Happy Tuesday https//tco/2I50YLPerx"}
{"tweet_id":841793575788634112,"created_unixtime":1489534202893,"created_time":"Tue Mar 14 23:30:02 +0000 2017","lang":"en","displayname":"Williamad_","time_zone":"","msg":"We have to go to France We are very happy lets win the Great War😄💪 https//tco/iOCxEmwbHS"}
{"tweet_id":841793576803676160,"created_unixtime":1489534203135,"created_time":"Tue Mar 14 23:30:03 +0000 2017","lang":"en","displayname":"okaaygigi","time_zone":"","msg":"RT g59en Life is so good rn Im happy and Im getting thick wow"}
{"tweet_id":841793577004945408,"created_unixtime":1489534203183,"created_time":"Tue Mar 14 23:30:03 +0000 2017","lang":"en","displayname":"Gmoneyx04","time_zone":"","msg":"RT NBA_Skits Happy Birthday to the 4Time NBA AllStar 2Time NBA MVP amp a 1Time NBA Champion Stephen Curry 🎊🎉 https//tco/rtGHIMkVzq"}
{"tweet_id":841793577051086848,"created_unixtime":1489534203194,"created_time":"Tue Mar 14 23:30:03 +0000 2017","lang":"en","displayname":"TheGWATCo","time_zone":"Brisbane","msg":"Heres some good vibes and happy days from Global Travellers Jacinta amp Taylor from their Working Holiday in https//tco/cN1Vrt85mE"}
{"tweet_id":841793577298628609,"created_unixtime":1489534203253,"created_time":"Tue Mar 14 23:30:03 +0000 2017","lang":"en","displayname":"ChrisJWatts504","time_zone":"Eastern Time (US & Canada)","msg":"RT ItsFoodPorn Bacon Mac and cheese pie Happy PiDay https//tco/7UNXJ7TxL0"}
{"tweet_id":841793577294434304,"created_unixtime":1489534203252,"created_time":"Tue Mar 14 23:30:03 +0000 2017","lang":"en","displayname":"holydamerons","time_zone":"","msg":"RT kennethIonergan im not good at expressing how i feel but i rlly love ben and im glad hes gotten help and just want him to be hap… "}
{"tweet_id":841793577361514496,"created_unixtime":1489534203268,"created_time":"Tue Mar 14 23:30:03 +0000 2017","lang":"tl","displayname":"basnurbasith","time_zone":"Beijing","msg":"Happy anniversary PT nindya karya 😇😇😇🙏🏻🙏🏻🙏🏻🙏🏻🙏🏻 likers like like4like vscocam vsco… https//tco/Pb2xAa1AwJ"}
{"tweet_id":841793573603426305,"created_unixtime":1489534202372,"created_time":"Tue Mar 14 23:30:02 +0000 2017","lang":"en","displayname":"b_huffines12","time_zone":"","msg":"Happy bday to my other half I love you more than youll ever know💗 https//tco/ABl0wAbGtf"}
{"tweet_id":841793578363961344,"created_unixtime":1489534203507,"created_time":"Tue Mar 14 23:30:03 +0000 2017","lang":"en","displayname":"UrzasRage","time_zone":"Pacific Time (US & Canada)","msg":"Man the world is politically a sad sad place according to twitter"}
{"tweet_id":841793577193771009,"created_unixtime":1489534203228,"created_time":"Tue Mar 14 23:30:03 +0000 2017","lang":"en","displayname":"JuliaTherese3","time_zone":"","msg":"washingtonpost Wow Really Its everywhere Sad"}
{"tweet_id":841793578611412994,"created_unixtime":1489534203566,"created_time":"Tue Mar 14 23:30:03 +0000 2017","lang":"en","displayname":"________secrets","time_zone":"Hawaii","msg":"RT a1fbgmn every girl just wanna be genuinely happy not confused not irritated not slept on not taken advantage of just happy my g "}
{"tweet_id":841793578317815809,"created_unixtime":1489534203496,"created_time":"Tue Mar 14 23:30:03 +0000 2017","lang":"en","displayname":"Triaaa__","time_zone":"Eastern Time (US & Canada)","msg":"Im just happy to know Im not the only one who do this 😭😭😭😭 https//tco/BOtganL8kJ"}
{"tweet_id":841793579102093312,"created_unixtime":1489534203683,"created_time":"Tue Mar 14 23:30:03 +0000 2017","lang":"en","displayname":"AbigailVstl","time_zone":"Pacific Time (US & Canada)","msg":"RT Fleeing so annoying when ppl are like ur always laughin u laugh at everything its not that funny like OK sorry im a happy perso…"}
{"tweet_id":841793579294973954,"created_unixtime":1489534203729,"created_time":"Tue Mar 14 23:30:03 +0000 2017","lang":"en","displayname":"teethsee0761","time_zone":"","msg":"RT maiden16_IL Happy because you are mainedcm ALDUBxDTBYTugOfHearts https//tco/pZCYl6Y7c6"}
{"tweet_id":841793579374718977,"created_unixtime":1489534203748,"created_time":"Tue Mar 14 23:30:03 +0000 2017","lang":"und","displayname":"pozchi","time_zone":"","msg":"RT nitchyhuang พูดเก่งนักใช่ไหมมมมม ด๊ายยยยยย หยิกแก้มแม่มเลยยยย หมั่นเขี้ยว ~ Happy White Day for our Spouse kaa ❤ Cr9294RealLo… "}
{"tweet_id":841793579437641729,"created_unixtime":1489534203763,"created_time":"Tue Mar 14 23:30:03 +0000 2017","lang":"ja","displayname":"MikoMini2411","time_zone":"","msg":"RT opoopoopopoop ギャグ専高くない？私、涙流して笑ってるよ？ほら可愛いお口を開けて。んっ←開けてねぇちゅっ←マカロンねじ込んでるの？マカロンの味がする←せやろ？マカロン口入ってるからな？スイートな愛とビターな支配←何言ってんだ？こいつww… "}
{"tweet_id":841793579844530177,"created_unixtime":1489534203860,"created_time":"Tue Mar 14 23:30:03 +0000 2017","lang":"en","displayname":"Tinypopple","time_zone":"Pacific Time (US & Canada)","msg":"RT HonestMum Win The Happy Easter Hamper worth £35 Follow amp RT me honestmum amp HotelChocolat E8417 UK only competition https//…"}
{"tweet_id":841793578435194880,"created_unixtime":1489534203524,"created_time":"Tue Mar 14 23:30:03 +0000 2017","lang":"en","displayname":"KodgeC","time_zone":"","msg":"flushtheNDP stockchaser99 Sad to admit its the education system that is indoctrinating r youth with Leftest values n NDP doctrine"}
{"tweet_id":841793580293361670,"created_unixtime":1489534203967,"created_time":"Tue Mar 14 23:30:03 +0000 2017","lang":"en","displayname":"smbry23","time_zone":"","msg":"RT SHO_Shameless We may not know much about Pi  but we know about partying Happy PiDay from Patsys 🎉🎉 Shameless https//tco/099ff0…"}
{"tweet_id":841793579588624384,"created_unixtime":1489534203799,"created_time":"Tue Mar 14 23:30:03 +0000 2017","lang":"en","displayname":"JaccBrownn","time_zone":"Arizona","msg":"Happy birthday to this wild child in the middle Hope your day is as beautiful as youuuu Jessie_dayy ❤ https//tco/VN8ZS67qbt"}
{"tweet_id":841793580737875968,"created_unixtime":1489534204073,"created_time":"Tue Mar 14 23:30:04 +0000 2017","lang":"en","displayname":"clarksipos1","time_zone":"","msg":"RT _brittaniiiii Happy birthday clarksipos1"}
{"tweet_id":841793580909920257,"created_unixtime":1489534204114,"created_time":"Tue Mar 14 23:30:04 +0000 2017","lang":"en","displayname":"Dionte_M15","time_zone":"","msg":"RT champagnecamera Happy Feelings in the air ChampagneCameras📸💫 https//tco/DQBqTKbjQE"}
{"tweet_id":841793580234616832,"created_unixtime":1489534203953,"created_time":"Tue Mar 14 23:30:03 +0000 2017","lang":"pt","displayname":"ForeveerAloneee","time_zone":"Brasilia","msg":" RT y0urfavdaddy é tão sad querer foder mas ser forever alone"}
{"tweet_id":841793580809261056,"created_unixtime":1489534204090,"created_time":"Tue Mar 14 23:30:04 +0000 2017","lang":"en","displayname":"joellamernatti","time_zone":"","msg":"bishopp35 happy birthday"}
{"tweet_id":841793581341851648,"created_unixtime":1489534204217,"created_time":"Tue Mar 14 23:30:04 +0000 2017","lang":"en","displayname":"whitefoxbaby","time_zone":"","msg":"RT AsmaDaehyun Tbh after all what happend Im so happy many havent giving up on themthis show how our fandom become more strongLets sup…"}
{"tweet_id":841793580347871232,"created_unixtime":1489534203980,"created_time":"Tue Mar 14 23:30:03 +0000 2017","lang":"en","displayname":"Kd_xo","time_zone":"Quito","msg":"RT rickrod156 Well no fucking wonder This shit taking its sweet ass time smh nigga Im trynna be happy hurry yo ass up https//tco/Ub…"}
{"tweet_id":841793580771495936,"created_unixtime":1489534204081,"created_time":"Tue Mar 14 23:30:04 +0000 2017","lang":"und","displayname":"_lalu1992","time_zone":"Atlantic Time (Canada)","msg":"Loool https//tco/EhcfxXfk8L"}
{"tweet_id":841793581245448192,"created_unixtime":1489534204194,"created_time":"Tue Mar 14 23:30:04 +0000 2017","lang":"en","displayname":"defsouIbeom","time_zone":"Central Time (US & Canada)","msg":"RT yugyeommiie hey guys imma bit sad https//tco/5hIU0O5oQM"}
{"tweet_id":841793581585129472,"created_unixtime":1489534204275,"created_time":"Tue Mar 14 23:30:04 +0000 2017","lang":"en","displayname":"sunshineeerae","time_zone":"Pacific Time (US & Canada)","msg":"Domgarcia_71 happy birthday Dom 🤗🎉"}
{"tweet_id":841793581669089282,"created_unixtime":1489534204295,"created_time":"Tue Mar 14 23:30:04 +0000 2017","lang":"en","displayname":"_ash_leyy_","time_zone":"Pacific Time (US & Canada)","msg":"masonwill1371 happy bday dad"}
{"tweet_id":841793581698428929,"created_unixtime":1489534204302,"created_time":"Tue Mar 14 23:30:04 +0000 2017","lang":"en","displayname":"taeserasera","time_zone":"Eastern Time (US & Canada)","msg":"as usual I think TheBachelor chose wrong but what do I know I mean look at all the happy marriages"}
{"tweet_id":841793581107036164,"created_unixtime":1489534204161,"created_time":"Tue Mar 14 23:30:04 +0000 2017","lang":"en","displayname":"Patbacon__","time_zone":"","msg":"RT _meermaaaid Thanks PB 😛 my momma said hey French Montana daughter boyfriend 😂 https//tco/PmZ4R1ri1x"}
{"tweet_id":841793582063325184,"created_unixtime":1489534204389,"created_time":"Tue Mar 14 23:30:04 +0000 2017","lang":"en","displayname":"KaelATroxel","time_zone":"Pacific Time (US & Canada)","msg":"RT Yessajay KaelATroxel happy birthday play boy Hope all is well"}
{"tweet_id":841793582390370305,"created_unixtime":1489534204467,"created_time":"Tue Mar 14 23:30:04 +0000 2017","lang":"en","displayname":"_NURFAZ","time_zone":"","msg":"RT raiyhani To me eating 2 maggi 711 combo is a date because spending my time with you makes me happy af"}
{"tweet_id":841793582163996672,"created_unixtime":1489534204413,"created_time":"Tue Mar 14 23:30:04 +0000 2017","lang":"en","displayname":"katarina6gkr","time_zone":"","msg":"RT jasonWeek Happy Valentines Day everyone I just wish you all had construction paper mailboxes that I could drop this in… "}
{"tweet_id":841793580096229376,"created_unixtime":1489534203920,"created_time":"Tue Mar 14 23:30:03 +0000 2017","lang":"en","displayname":"smileieri","time_zone":"Eastern Time (US & Canada)","msg":"im feelin super sad for no reason AGAIN GOOOOOOOODBYE"}
{"tweet_id":841793583451529217,"created_unixtime":1489534204720,"created_time":"Tue Mar 14 23:30:04 +0000 2017","lang":"ja","displayname":"new_anime_bot","time_zone":"Pacific Time (US & Canada)","msg":"RT KitaharaTomoe Pixivに投稿しましたHappy Birthday 海未ちゃん♥♥♥  北原朋萌｡◆コミ1[し40a] pixiv https//tco/4bE8kpFUCo3月15日は園田海未の誕生日園田海未生誕祭2017… "}
{"tweet_id":841793583774543872,"created_unixtime":1489534204797,"created_time":"Tue Mar 14 23:30:04 +0000 2017","lang":"en","displayname":"iciecles","time_zone":"Pacific Time (US & Canada)","msg":"RT Fighter_C3 Happy Birthday this year too Umichan ！！！園田海未生誕祭2017 ラブライブ LoveLive 園田海未生誕祭 3月15日は園田海未の誕生日 https//tco/k5dO7XV66f"}
{"tweet_id":841793583627808768,"created_unixtime":1489534204762,"created_time":"Tue Mar 14 23:30:04 +0000 2017","lang":"en","displayname":"khamburs1ebr","time_zone":"","msg":"RT CDevelops Happy Birthday to Ignis Scientia I bet the cake is great FFXV"}
{"tweet_id":841793583514546177,"created_unixtime":1489534204735,"created_time":"Tue Mar 14 23:30:04 +0000 2017","lang":"es","displayname":"Miguee_Loyola","time_zone":"Central Time (US & Canada)","msg":"crisdsparrow ValeriaPG98 no fui yo por alguna extraña razón sali de todos mis grupos estoy muy sad"}
{"tweet_id":841793583065755648,"created_unixtime":1489534204628,"created_time":"Tue Mar 14 23:30:04 +0000 2017","lang":"en","displayname":"AlphaPopper","time_zone":"Casablanca","msg":"RT RCorbettMEP farage nowadays happy to reveal his true colours https//tco/Rsm8k2QY5v"}
{"tweet_id":841793583464251392,"created_unixtime":1489534204723,"created_time":"Tue Mar 14 23:30:04 +0000 2017","lang":"en","displayname":"Pottxhead","time_zone":"Central Time (US & Canada)","msg":"RT CultureFUBU Happy Birthday Merlin SantanaRIP https//tco/0K4quO4M5g"}
{"tweet_id":841793583661342720,"created_unixtime":1489534204770,"created_time":"Tue Mar 14 23:30:04 +0000 2017","lang":"en","displayname":"_kaleighbrennan","time_zone":"","msg":"RT CoupIesPosts Yall could easily get ur girl one of these for under 100 and shell be so happy https//tco/ExnOSAW9TD"}
{"tweet_id":841793584303022080,"created_unixtime":1489534204923,"created_time":"Tue Mar 14 23:30:04 +0000 2017","lang":"en","displayname":"REIDcure","time_zone":"","msg":"Happy Anniversary guyssazzyrubie Lalowla_ Jadinewolfy Jemsweeed Mananagwan_Ako2 baibiedefendersLetOurPurpleHeartsShineAt3"}
{"tweet_id":841793584265338880,"created_unixtime":1489534204914,"created_time":"Tue Mar 14 23:30:04 +0000 2017","lang":"en","displayname":"DSR_Roman","time_zone":"","msg":"RT NintendoAmerica Poochy heard the word Pi and got excited Happy PiDay https//tco/qLVabwbqi8"}
{"tweet_id":841793577390899200,"created_unixtime":1489534203275,"created_time":"Tue Mar 14 23:30:03 +0000 2017","lang":"en","displayname":"HustlerCors","time_zone":"","msg":"RT L1LDebbie You dont find the happy life  you make it"}
{"tweet_id":841793583552299008,"created_unixtime":1489534204744,"created_time":"Tue Mar 14 23:30:04 +0000 2017","lang":"en","displayname":"StephenAkinduro","time_zone":"Eastern Time (US & Canada)","msg":"Simone_Biles happy birthday When does DWTS start I cant wait"}
{"tweet_id":841793584043053057,"created_unixtime":1489534204861,"created_time":"Tue Mar 14 23:30:04 +0000 2017","lang":"en","displayname":"shandakardash","time_zone":"","msg":"RT D_Deji28 Do you guys know why he was killed A girl lied that he raped her and her brother shot him dead https//tco/IWDVDZp3rz"}
