{"tweet_id":841809852632510464,"created_unixtime":1489538083595,"created_time":"Wed Mar 15 00:34:43 +0000 2017","lang":"en","displayname":"thekidrodelo","time_zone":"Atlantic Time (Canada)","msg":"Happy Birthday 🎉🎂 StephenCurry30 of the warriors"}
{"tweet_id":841809852645138432,"created_unixtime":1489538083598,"created_time":"Wed Mar 15 00:34:43 +0000 2017","lang":"en","displayname":"arleneramirez_","time_zone":"Pacific Time (US & Canada)","msg":"callmehgabbie no time to be sad TOMORROW IS YOOOO BIRTHDAYYYY"}
{"tweet_id":841809852657737733,"created_unixtime":1489538083601,"created_time":"Wed Mar 15 00:34:43 +0000 2017","lang":"en","displayname":"95lineTT","time_zone":"","msg":"RT 97JUNYE — Just be happy  https//tco/eBiq3vSn3b"}
{"tweet_id":841809854108905472,"created_unixtime":1489538083947,"created_time":"Wed Mar 15 00:34:43 +0000 2017","lang":"en","displayname":"ThersaFloro","time_zone":"","msg":"RT MayWardDVO_Thai Trust yourself Create the kind of self that you will be happy to live with all your lifeMBMayWard"}
{"tweet_id":841809854125731842,"created_unixtime":1489538083951,"created_time":"Wed Mar 15 00:34:43 +0000 2017","lang":"en","displayname":"tafarmacechain","time_zone":"","msg":"RT Crunchyroll Happy White Day https//tco/HqQLeZcFpX"}
{"tweet_id":841809854134132738,"created_unixtime":1489538083953,"created_time":"Wed Mar 15 00:34:43 +0000 2017","lang":"en","displayname":"_jamilazariaxO","time_zone":"Atlantic Time (Canada)","msg":"RT D_Deji28 Do you guys know why he was killed A girl lied that he raped her and her brother shot him dead https//tco/IWDVDZp3rz"}
{"tweet_id":841809854083825668,"created_unixtime":1489538083941,"created_time":"Wed Mar 15 00:34:43 +0000 2017","lang":"und","displayname":"_germyy","time_zone":"Central Time (US & Canada)","msg":"🎯🎯🎯🎯🎯 https//tco/DLGGNjZMLR"}
{"tweet_id":841809854658408448,"created_unixtime":1489538084078,"created_time":"Wed Mar 15 00:34:44 +0000 2017","lang":"en","displayname":"melanie_ibe","time_zone":"Casablanca","msg":"MissLarbz happy birthday hun xx"}
{"tweet_id":841809855409090561,"created_unixtime":1489538084257,"created_time":"Wed Mar 15 00:34:44 +0000 2017","lang":"th","displayname":"Briunjinmons","time_zone":"","msg":"RT JinjinThailand แปล 170315 offclASTRO Happy birthday to you~ จินจินฮยอง สุขสันต์วันเกิดครบรอบ22ปีนะครับ🎉🎉 ใจดี ขี้เล่น มีความเป็น… "}
{"tweet_id":841809855493111808,"created_unixtime":1489538084277,"created_time":"Wed Mar 15 00:34:44 +0000 2017","lang":"en","displayname":"liseve91","time_zone":"","msg":"aidybryant could you wish my best friend AlonaDanger a very happy birthday"}
{"tweet_id":841809855622995968,"created_unixtime":1489538084308,"created_time":"Wed Mar 15 00:34:44 +0000 2017","lang":"en","displayname":"kokoroy","time_zone":"London","msg":"PiyushGoyal Happy to see a very different aspect of my city Imphal Manipur loving the positivity"}
{"tweet_id":841809855748931586,"created_unixtime":1489538084338,"created_time":"Wed Mar 15 00:34:44 +0000 2017","lang":"en","displayname":"yayoplastick","time_zone":"","msg":"RT ringelrei please I want them to be happy https//tco/mMMS2L9zbw"}
{"tweet_id":841809855837032448,"created_unixtime":1489538084359,"created_time":"Wed Mar 15 00:34:44 +0000 2017","lang":"en","displayname":"eye_leeen","time_zone":"","msg":"Im like so happy and its all because of you and yeah everyone needs a best friend like mine"}
{"tweet_id":841809855577001986,"created_unixtime":1489538084297,"created_time":"Wed Mar 15 00:34:44 +0000 2017","lang":"en","displayname":"khaamee","time_zone":"Dublin","msg":"RT D_Deji28 Do you guys know why he was killed A girl lied that he raped her and her brother shot him dead https//tco/IWDVDZp3rz"}
{"tweet_id":841809855551791104,"created_unixtime":1489538084291,"created_time":"Wed Mar 15 00:34:44 +0000 2017","lang":"en","displayname":"_alliejones19","time_zone":"","msg":"devy314 happy bday dev loveamp miss u😘🎉🎈"}
{"tweet_id":841809855702740992,"created_unixtime":1489538084327,"created_time":"Wed Mar 15 00:34:44 +0000 2017","lang":"en","displayname":"dayuajeng","time_zone":"Alaska","msg":"happy birthday badass jizziemcguire https//tco/h2yVTIo0ja"}
{"tweet_id":841809855925084161,"created_unixtime":1489538084380,"created_time":"Wed Mar 15 00:34:44 +0000 2017","lang":"en","displayname":"astacks69","time_zone":"Central Time (US & Canada)","msg":"RT richthekid Focus on what makes you happy"}
{"tweet_id":841809854385803265,"created_unixtime":1489538084013,"created_time":"Wed Mar 15 00:34:44 +0000 2017","lang":"en","displayname":"MrLSmith21","time_zone":"Eastern Time (US & Canada)","msg":"So tonight were watching planetearth2 Deserts The kids love this show 👍🏾 And yes Happy Hour was great https//tco/LNoKmf782H"}
{"tweet_id":841809856650702849,"created_unixtime":1489538084553,"created_time":"Wed Mar 15 00:34:44 +0000 2017","lang":"en","displayname":"_Breeanna","time_zone":"Quito","msg":"RT AshleeJamise InsecureHBO July 23rd IssaRae Happy AF https//tco/BcbcCIxQC3"}
{"tweet_id":841809857132949504,"created_unixtime":1489538084668,"created_time":"Wed Mar 15 00:34:44 +0000 2017","lang":"en","displayname":"RealDonnaWilson","time_zone":"","msg":"RT JustinTrudeau Happy PiDay Our government is committed to supporting science amp innovation for a stronger Canada And pie for a tasti…"}
{"tweet_id":841809856789114882,"created_unixtime":1489538084586,"created_time":"Wed Mar 15 00:34:44 +0000 2017","lang":"en","displayname":"Dianni_Keeper","time_zone":"Eastern Time (US & Canada)","msg":"RT 49ers RT to wish AhmadBrooks55 a happy birthday https//tco/Od4M5LNFjR"}
{"tweet_id":841809857321832448,"created_unixtime":1489538084713,"created_time":"Wed Mar 15 00:34:44 +0000 2017","lang":"en","displayname":"whatinsamhill8","time_zone":"Eastern Time (US & Canada)","msg":"RT THETOMMYDREAMER Happy Birthday ECW OGBeulah McGillicuttyWay before the DIVAS RevolutionThe women of ECW revolutionized the bizW… "}
{"tweet_id":841809857766277121,"created_unixtime":1489538084819,"created_time":"Wed Mar 15 00:34:44 +0000 2017","lang":"ja","displayname":"hato_1111","time_zone":"","msg":"RT poosan1125 海未ちゃんお誕生日ｵﾒﾃﾞﾄ ヽ｀･ω･´ﾉ ｲｪｲHappy Birthday☆｡ﾟ園田海未生誕祭2017 園田海未生誕祭 3月15日は園田海未の誕生日 RTした人全員フォローする https//tco…"}
{"tweet_id":841809857594318848,"created_unixtime":1489538084778,"created_time":"Wed Mar 15 00:34:44 +0000 2017","lang":"en","displayname":"RafaCamargo69","time_zone":"","msg":"RT SPORTalkKings Happy Birthday big fella realchriswebber https//tco/4i33vGENoQ"}
{"tweet_id":841809858445811714,"created_unixtime":1489538084981,"created_time":"Wed Mar 15 00:34:44 +0000 2017","lang":"en","displayname":"ikhramhakim_","time_zone":"","msg":"RT DiyMakeupx I dont care how I look I dont care how I act as long as I can be happy with my life I enjoy it"}
{"tweet_id":841809858642948096,"created_unixtime":1489538085028,"created_time":"Wed Mar 15 00:34:45 +0000 2017","lang":"en","displayname":"lazyroshan","time_zone":"","msg":"RT marIboros you could spend 0 on me and I’d be happy af just spending time with you"}
{"tweet_id":841809858575908868,"created_unixtime":1489538085012,"created_time":"Wed Mar 15 00:34:45 +0000 2017","lang":"en","displayname":"johnsparacio2","time_zone":"","msg":"RT MatPatGT A nerdy math joke for a nerdy holidayHappy Pi Day https//tco/jRxvuScUyn"}
{"tweet_id":841809857674129408,"created_unixtime":1489538084797,"created_time":"Wed Mar 15 00:34:44 +0000 2017","lang":"en","displayname":"aunreeee_","time_zone":"Eastern Time (US & Canada)","msg":"RT NumbThePain This supposed to be a sad song and the bitch in the back jammin 💀💀 https//tco/2d6D9N2rcC"}
{"tweet_id":841809858798080000,"created_unixtime":1489538085065,"created_time":"Wed Mar 15 00:34:45 +0000 2017","lang":"ja","displayname":"sinmmc","time_zone":"","msg":"RT BELCORNO ラテアート【高町なのは】＠魔法少女リリカルなのは本日お誕生日で一杯。Happy Birthday高町なのは生誕祭 高町なのは生誕祭2017 yukari_tamura https//tco/lqCKadLb5R"}
{"tweet_id":841809858726879232,"created_unixtime":1489538085048,"created_time":"Wed Mar 15 00:34:45 +0000 2017","lang":"en","displayname":"AlanHebertt","time_zone":"Pacific Time (US & Canada)","msg":"RT TheMetalCore Metallica // Sad But True https//tco/9WLr5cUTfX"}
{"tweet_id":841809858429083648,"created_unixtime":1489538084977,"created_time":"Wed Mar 15 00:34:44 +0000 2017","lang":"en","displayname":"ivanamiranda__","time_zone":"","msg":"somewhat https//tco/uHuYeFga4p"}
{"tweet_id":841809858781298688,"created_unixtime":1489538085061,"created_time":"Wed Mar 15 00:34:45 +0000 2017","lang":"ja","displayname":"raguna1192","time_zone":"Tokyo","msg":"RT nonbirineko_01 海未ちゃんHappy Birthday✨園田海未生誕祭2017 3月15日は園田海未の誕生日 RTした人全員フォローする 海未ちゃん好きな人はRT 祝う人RT https//tco/ajcZUBKz4w"}
{"tweet_id":841809858974363649,"created_unixtime":1489538085107,"created_time":"Wed Mar 15 00:34:45 +0000 2017","lang":"en","displayname":"jorrynja","time_zone":"","msg":"RT LovelySeven_ I got so use to pain Im afraid of being happy"}
{"tweet_id":841809859129438209,"created_unixtime":1489538085144,"created_time":"Wed Mar 15 00:34:45 +0000 2017","lang":"en","displayname":"daphnee_ok","time_zone":"Atlantic Time (Canada)","msg":"RT a1fbgmn every girl just wanna be genuinely happy not confused not irritated not slept on not taken advantage of just happy my g "}
{"tweet_id":841809858357792768,"created_unixtime":1489538084960,"created_time":"Wed Mar 15 00:34:44 +0000 2017","lang":"en","displayname":"DLoesch","time_zone":"Central Time (US & Canada)","msg":"RT lkeane Happy to learn TitosVodka is now supporting a different animal welfare group Not antihunting HSUS which only give… "}
{"tweet_id":841809859280531456,"created_unixtime":1489538085180,"created_time":"Wed Mar 15 00:34:45 +0000 2017","lang":"en","displayname":"OhwowValerie_","time_zone":"Central Time (US & Canada)","msg":"I love my job so much I havent been this content with my life in so long I feels good to be happy again 🙂"}
{"tweet_id":841809859649634307,"created_unixtime":1489538085268,"created_time":"Wed Mar 15 00:34:45 +0000 2017","lang":"en","displayname":"ivankaaxoxo","time_zone":"Eastern Time (US & Canada)","msg":"RT ThisDopeKid Look how happy he is 😍 https//tco/MQiMnydC2M"}
{"tweet_id":841809859528015873,"created_unixtime":1489538085239,"created_time":"Wed Mar 15 00:34:45 +0000 2017","lang":"en","displayname":"sunnycarter15","time_zone":"Eastern Time (US & Canada)","msg":"Listening to the Sufferers makes me so happy"}
{"tweet_id":841809859930603520,"created_unixtime":1489538085335,"created_time":"Wed Mar 15 00:34:45 +0000 2017","lang":"ja","displayname":"mn_0yskLi","time_zone":"","msg":"RT sinsin3_32 海未ちゃんお誕生日おめでとう〜oHappy Birthday㊗️🎊海未ちゃんの恥ずかしがり屋さんなとこもちょっと生真面目なとこも👍🏼👍🏼‼️‼️これからも幼馴染を大切にね！園田海未生誕祭2017… "}
{"tweet_id":841809859402166273,"created_unixtime":1489538085209,"created_time":"Wed Mar 15 00:34:45 +0000 2017","lang":"en","displayname":"copycat_queen","time_zone":"","msg":"RT hipslikePC Hello Priyanka looks so happy and I wish for her to stay like this always https//tco/vY5Fv2CBLE"}
{"tweet_id":841809859704180737,"created_unixtime":1489538085281,"created_time":"Wed Mar 15 00:34:45 +0000 2017","lang":"en","displayname":"politeregal","time_zone":"","msg":"Raise your hand if you wish you were that pie 🙋🏼 https//tco/5E8S7imwwr"}
{"tweet_id":841809859666423809,"created_unixtime":1489538085272,"created_time":"Wed Mar 15 00:34:45 +0000 2017","lang":"en","displayname":"kirstyskorner","time_zone":"Eastern Time (US & Canada)","msg":"LOVE U CAM ♡♡♡ https//tco/FIzP3p6WbO"}
{"tweet_id":841809859788042241,"created_unixtime":1489538085301,"created_time":"Wed Mar 15 00:34:45 +0000 2017","lang":"en","displayname":"5_mads","time_zone":"","msg":"RT kanyefeeI its sad to see a good person change"}
{"tweet_id":841809860245168128,"created_unixtime":1489538085410,"created_time":"Wed Mar 15 00:34:45 +0000 2017","lang":"ja","displayname":"ayachaxxxn","time_zone":"","msg":"朝目の前で電車行ってもーて鞄の中身ぶち負けるし本間焦った（笑）朝から厚底でフルダッシュあ、ほのぴーに会えてhappyになりました💗"}
{"tweet_id":841809859775500288,"created_unixtime":1489538085298,"created_time":"Wed Mar 15 00:34:45 +0000 2017","lang":"en","displayname":"Jalayciadecl1","time_zone":"","msg":"RT D_Deji28 Do you guys know why he was killed A girl lied that he raped her and her brother shot him dead https//tco/IWDVDZp3rz"}
{"tweet_id":841809859804819460,"created_unixtime":1489538085305,"created_time":"Wed Mar 15 00:34:45 +0000 2017","lang":"en","displayname":"ATfinnandjake32","time_zone":"","msg":"RT iwen308 I really like the story of IslandsJust a little sad😢AdventureTime アドベンチャー・タイム https//tco/22QELPq8Qy"}
{"tweet_id":841809860182302720,"created_unixtime":1489538085395,"created_time":"Wed Mar 15 00:34:45 +0000 2017","lang":"en","displayname":"dorkdanvers","time_zone":"London","msg":"this just made me so happy pls ur perfect whoever u are ily 💖 https//tco/RMuEJcSW2f"}
{"tweet_id":841809861126021120,"created_unixtime":1489538085620,"created_time":"Wed Mar 15 00:34:45 +0000 2017","lang":"en","displayname":"doliva9107","time_zone":"","msg":"RT maguire_fran TongueOutTuesday Happy Day to all my fur Friends out thereBe Good amp Be SafewoofwoofBusterxx https//tco/fpj…"}
{"tweet_id":841809861121851392,"created_unixtime":1489538085619,"created_time":"Wed Mar 15 00:34:45 +0000 2017","lang":"en","displayname":"jennycofer","time_zone":"Quito","msg":"RT kashanacauley Weve all set a world record for how happy anyone can be when thinking about tax returns"}
{"tweet_id":841809861230882818,"created_unixtime":1489538085645,"created_time":"Wed Mar 15 00:34:45 +0000 2017","lang":"en","displayname":"Becky_DiStefano","time_zone":"Eastern Time (US & Canada)","msg":"smegasis no clue but the fact his family wont be there is sad though his brothers sound odd someone else has to be paying"}
{"tweet_id":841809861331562496,"created_unixtime":1489538085669,"created_time":"Wed Mar 15 00:34:45 +0000 2017","lang":"en","displayname":"NneomaAnaeto","time_zone":"Amsterdam","msg":"Happy birthday to the only baddo baddest guy ever liveth olamide_YBNL Gods blessing to you and keep making waves 🌊❤"}
{"tweet_id":841809861461606401,"created_unixtime":1489538085700,"created_time":"Wed Mar 15 00:34:45 +0000 2017","lang":"en","displayname":"MollyLikesPie99","time_zone":"Eastern Time (US & Canada)","msg":"happy pi day i made a video involving waluigi cash me outside girl and MirandaSings https//tco/VyBSIxv2n3"}
{"tweet_id":841809861629362177,"created_unixtime":1489538085740,"created_time":"Wed Mar 15 00:34:45 +0000 2017","lang":"en","displayname":"ReneaaaaClaire_","time_zone":"Alaska","msg":"RT KarrisLikeParis the key to a happy life is taking care of YOURSELF 🌸 amp doing what makes you happy 💗"}
{"tweet_id":841809861893578754,"created_unixtime":1489538085803,"created_time":"Wed Mar 15 00:34:45 +0000 2017","lang":"en","displayname":"Itsbipolargirl","time_zone":"","msg":"RT littlepotatow my first fanart I hope you like it love you zayn thanks for making me happy you deserve everything https//tco/IL…"}
{"tweet_id":841809862006845440,"created_unixtime":1489538085830,"created_time":"Wed Mar 15 00:34:45 +0000 2017","lang":"en","displayname":"ayymarkie","time_zone":"Atlantic Time (Canada)","msg":"RT L1LDebbie You dont find the happy life  you make it"}
{"tweet_id":841809861759401984,"created_unixtime":1489538085771,"created_time":"Wed Mar 15 00:34:45 +0000 2017","lang":"und","displayname":"magla_marinko","time_zone":"Ljubljana","msg":"Sad mi zao cika Miroja presela mu ta jutarnja kafica https//tco/hiKyGuuxyz"}
{"tweet_id":841809862367535105,"created_unixtime":1489538085916,"created_time":"Wed Mar 15 00:34:45 +0000 2017","lang":"en","displayname":"JusMakinMuzik","time_zone":"","msg":"RT KingJames Happy Bday bro RealTristan13 Glad I got to spend some time with you on your day Enjoy MoreLife"}
{"tweet_id":841809858877878273,"created_unixtime":1489538085084,"created_time":"Wed Mar 15 00:34:45 +0000 2017","lang":"en","displayname":"MattGajewski14","time_zone":"Quito","msg":"Happy Birthday to my buddy Coalhastings a talking turtle who knows how to code but doesnt know how to get it up… https//tco/B2yXfD7tPJ"}
{"tweet_id":841809862426296320,"created_unixtime":1489538085930,"created_time":"Wed Mar 15 00:34:45 +0000 2017","lang":"en","displayname":"underthesie","time_zone":"Atlantic Time (Canada)","msg":"RT elijahandxtine THEY HAD A PUPPY BIRTHDAY PARTY AND GOT HIM A DOGGY CAKE HE LOOKS SO HAPPY 😭 https//tco/pAKp61UHeB"}
{"tweet_id":841809862694699008,"created_unixtime":1489538085994,"created_time":"Wed Mar 15 00:34:45 +0000 2017","lang":"en","displayname":"blscj333","time_zone":"Atlantic Time (Canada)","msg":"shleyMarieeee kushboy_kassidy FuckMikie I was very Happy for a minute there"}
{"tweet_id":841809862736674817,"created_unixtime":1489538086004,"created_time":"Wed Mar 15 00:34:46 +0000 2017","lang":"en","displayname":"Isabel__Belcher","time_zone":"","msg":"RT WhitePplQuote Wishing their parents a happy birthday on Instagram or Twitter when their parents dont have social media"}
{"tweet_id":841809863034441729,"created_unixtime":1489538086075,"created_time":"Wed Mar 15 00:34:46 +0000 2017","lang":"en","displayname":"__makayla14","time_zone":"","msg":"RT marIboros you could spend 0 on me and I’d be happy af just spending time with you"}
{"tweet_id":841809863365672960,"created_unixtime":1489538086154,"created_time":"Wed Mar 15 00:34:46 +0000 2017","lang":"ja","displayname":"ich_will_gehen","time_zone":"","msg":"RT mako_pana 園田海未生誕祭2017 昨日暫定的になっちゃいましたが、うみちゃを描きました🎵海未ちゃん･♥ﾟHappy Birthday ♬ °･♥お茶の間ラブライ部 https//tco/ca0wFokVX9"}
{"tweet_id":841809861683892224,"created_unixtime":1489538085753,"created_time":"Wed Mar 15 00:34:45 +0000 2017","lang":"en","displayname":"bIueguitar","time_zone":"Brasilia","msg":"SherriSaum1 a thing about Stef that you love with all your heart thefosterschat THANK U FOR SAYING HI TO MY GIRL SHES SO HAPPY ilysm"}
{"tweet_id":841809863621599232,"created_unixtime":1489538086215,"created_time":"Wed Mar 15 00:34:46 +0000 2017","lang":"ko","displayname":"Maxene_aroha","time_zone":"Pacific Time (US & Canada)","msg":"RT offclASTRO Happy birthday to you~ 진진형 22번째 생일을진심으로 축하해요🎉🎉 착하고 장난도 잘받아주고 리더쉽있는ㅎㅎ진진형 귀염댕이 아스트로 잘부탁드려요생일선물 나 HappyJINJINDay https//…"}
{"tweet_id":841809863583887360,"created_unixtime":1489538086206,"created_time":"Wed Mar 15 00:34:46 +0000 2017","lang":"tl","displayname":"Silentchardaine","time_zone":"","msg":"RT Bebegirlee12My Salamat sir J Nakaka miss ang ISALDUBxDTBYTugOfHearts https//tco/JhPIIvwWwQ"}
{"tweet_id":841809863936204803,"created_unixtime":1489538086290,"created_time":"Wed Mar 15 00:34:46 +0000 2017","lang":"en","displayname":"Sandra_nonato","time_zone":"Brasilia","msg":"RT LukaLuzelia Good morning Happy dayThank you https//tco/4IZILXZxsw"}
{"tweet_id":841809863374192642,"created_unixtime":1489538086156,"created_time":"Wed Mar 15 00:34:46 +0000 2017","lang":"en","displayname":"Jackieortega97","time_zone":"Mountain Time (US & Canada)","msg":"RT gaybtw_ why am I always sad"}
{"tweet_id":841809864083030017,"created_unixtime":1489538086325,"created_time":"Wed Mar 15 00:34:46 +0000 2017","lang":"en","displayname":"Liasbeautylife","time_zone":"","msg":"kirabays hey love i see ur following beth itd make me very happy if u took a moment amp checked my new video💗https//tco/sKZBdlvRDe"}
{"tweet_id":841809863730712576,"created_unixtime":1489538086241,"created_time":"Wed Mar 15 00:34:46 +0000 2017","lang":"en","displayname":"truthful1o1","time_zone":"","msg":"mmfa youre a downer how sad you must be one of them its obvious by your negativity"}
{"tweet_id":841809863550332929,"created_unixtime":1489538086198,"created_time":"Wed Mar 15 00:34:46 +0000 2017","lang":"en","displayname":"KatiesChoice_","time_zone":"","msg":"RT D_Deji28 Do you guys know why he was killed A girl lied that he raped her and her brother shot him dead https//tco/IWDVDZp3rz"}
{"tweet_id":841809862577266688,"created_unixtime":1489538085966,"created_time":"Wed Mar 15 00:34:45 +0000 2017","lang":"en","displayname":"hallllllleeeess","time_zone":"Central Time (US & Canada)","msg":"RT Jordyn_Carrillo Happy Birthday hottie with a body hallllllleeeess 😍🎉🍾"}
{"tweet_id":841809863516803074,"created_unixtime":1489538086190,"created_time":"Wed Mar 15 00:34:46 +0000 2017","lang":"en","displayname":"Fatmahussainn","time_zone":"Pacific Time (US & Canada)","msg":"Happy birthday pretty Alhadhoud32 💗💗"}
{"tweet_id":841809864930283520,"created_unixtime":1489538086527,"created_time":"Wed Mar 15 00:34:46 +0000 2017","lang":"en","displayname":"Capt_Morgan1440","time_zone":"Atlantic Time (Canada)","msg":"TJHaslem Happy Birthday Haslem"}
{"tweet_id":841809864682807296,"created_unixtime":1489538086468,"created_time":"Wed Mar 15 00:34:46 +0000 2017","lang":"es","displayname":"CesarCG_","time_zone":"","msg":"RT arigameplays Vi esta imagen y me puse mega sad me hubiera gustado ver este final en Logan 😩 https//tco/9IWUoQr8Nq"}
{"tweet_id":841809865270022144,"created_unixtime":1489538086608,"created_time":"Wed Mar 15 00:34:46 +0000 2017","lang":"en","displayname":"Lexinicolehill","time_zone":"","msg":"RT hidden saying im tired when youre actually sad"}
{"tweet_id":841809865139920897,"created_unixtime":1489538086577,"created_time":"Wed Mar 15 00:34:46 +0000 2017","lang":"en","displayname":"Aking_Poreber24","time_zone":"Pacific Time (US & Canada)","msg":"RT OFCALDubKoTo WE DEFINE OUR SET OF EXPECTATIONS AND OUR STANDARDS TO REACH HAPPINESS WHICH WE ALL CALL CONTENTMENT 😊… "}
{"tweet_id":841809865190346753,"created_unixtime":1489538086589,"created_time":"Wed Mar 15 00:34:46 +0000 2017","lang":"en","displayname":"JL_TheProfessor","time_zone":"Central Time (US & Canada)","msg":"RT SpawnWaveMedia JonTron is big time under fire online right now I used to watch GameGrumps all the time sad to see whats happened wit…"}
{"tweet_id":841809865295167489,"created_unixtime":1489538086614,"created_time":"Wed Mar 15 00:34:46 +0000 2017","lang":"en","displayname":"PrimordialAybss","time_zone":"Eastern Time (US & Canada)","msg":"RT kashanacauley Weve all set a world record for how happy anyone can be when thinking about tax returns"}
{"tweet_id":841809865110618112,"created_unixtime":1489538086570,"created_time":"Wed Mar 15 00:34:46 +0000 2017","lang":"en","displayname":"LovingVolTrav","time_zone":"","msg":"RT donnabrazile RT if you think GOP’s plan to kick 24 million off their health coverage is despicable Trump promised everyone would have…"}
{"tweet_id":841809865555234817,"created_unixtime":1489538086676,"created_time":"Wed Mar 15 00:34:46 +0000 2017","lang":"en","displayname":"Tonya82653","time_zone":"Pacific Time (US & Canada)","msg":"Smiling is always easier than explaining why youre sad"}
{"tweet_id":841809865903357956,"created_unixtime":1489538086759,"created_time":"Wed Mar 15 00:34:46 +0000 2017","lang":"und","displayname":"CETONJAA","time_zone":"Belgrade","msg":"Ovo je sad vec faza dje je izgorio sad ce da pocne da prijeti"}
{"tweet_id":841809866196828160,"created_unixtime":1489538086829,"created_time":"Wed Mar 15 00:34:46 +0000 2017","lang":"en","displayname":"cubanadeanna","time_zone":"","msg":"RT melar_76 MilesGastonV Happy Birthday Miles Lots of love and best wishes to you today 🎉🎉🎉🎉"}
{"tweet_id":841809865710419974,"created_unixtime":1489538086713,"created_time":"Wed Mar 15 00:34:46 +0000 2017","lang":"en","displayname":"lydiabernardino","time_zone":"","msg":"RT TheDARRENatics Happy Wednesday 💚 https//tco/t3WAFylZvy"}
{"tweet_id":841809863063834624,"created_unixtime":1489538086082,"created_time":"Wed Mar 15 00:34:46 +0000 2017","lang":"en","displayname":"alyssabehnke","time_zone":"","msg":"So happy https//tco/2iqWr9EotE"}
{"tweet_id":841809866024988674,"created_unixtime":1489538086788,"created_time":"Wed Mar 15 00:34:46 +0000 2017","lang":"en","displayname":"gabbynader","time_zone":"","msg":"listening to the front bottoms makes my heart so happy"}
{"tweet_id":841809866628907009,"created_unixtime":1489538086932,"created_time":"Wed Mar 15 00:34:46 +0000 2017","lang":"en","displayname":"BABY_Jongmin","time_zone":"Bangkok","msg":"mom dad do not like to quarrel later jongmin sad"}
{"tweet_id":841809866167525376,"created_unixtime":1489538086822,"created_time":"Wed Mar 15 00:34:46 +0000 2017","lang":"ja","displayname":"K568488598","time_zone":"Pacific Time (US & Canada)","msg":"RT msoshira1219 海未ちゃん✨🎉HAPPY BIRTHDAY🎊✨μsの中でのしっかりもので照れ屋さんなうみちゃんが大好き💕これからもずっとよろしくね！皆で祝おうぞ！！園田海未生誕祭2017 3月15日は園田海未の誕生日… "}
{"tweet_id":841809866645745664,"created_unixtime":1489538086936,"created_time":"Wed Mar 15 00:34:46 +0000 2017","lang":"en","displayname":"havenfulk_","time_zone":"Arizona","msg":"this made me so happy much love 😍💗💗 https//tco/8JdNU5ltvD"}
{"tweet_id":841809866771460097,"created_unixtime":1489538086966,"created_time":"Wed Mar 15 00:34:46 +0000 2017","lang":"en","displayname":"FemaleChiefSosa","time_zone":"","msg":"Im really happy as hell 🤦🏽‍♀️"}
{"tweet_id":841809867199340544,"created_unixtime":1489538087068,"created_time":"Wed Mar 15 00:34:47 +0000 2017","lang":"en","displayname":"rusydahanim__","time_zone":"","msg":"RT ImagineErotica Dating someone is so cool like hey I like you and you like me lets hangout and have inside jokes and kiss each other a…"}
{"tweet_id":841809867400720384,"created_unixtime":1489538087116,"created_time":"Wed Mar 15 00:34:47 +0000 2017","lang":"en","displayname":"papikellz_","time_zone":"Eastern Time (US & Canada)","msg":"RT NooAngell papikellz_ Happy Birthdayy Kellz 🎈"}
{"tweet_id":841809867954245632,"created_unixtime":1489538087248,"created_time":"Wed Mar 15 00:34:47 +0000 2017","lang":"en","displayname":"XlNGMl","time_zone":"Taipei","msg":"RT saturnsxing IM NO LONGER SAD THE PAIN GONE CURLS ARE ALL I SEE https//tco/Tb1J6J7qwM"}
{"tweet_id":841809867824336902,"created_unixtime":1489538087217,"created_time":"Wed Mar 15 00:34:47 +0000 2017","lang":"en","displayname":"devyn_rush","time_zone":"","msg":"RT caaitlinreilly devyn_rush happy birthday bitch💕"}
{"tweet_id":841809865156755456,"created_unixtime":1489538086581,"created_time":"Wed Mar 15 00:34:46 +0000 2017","lang":"en","displayname":"sjcharles11","time_zone":"","msg":"dom_pirozzi happy birthday dom have a cold one https//tco/2CWt9FmSYz"}
{"tweet_id":841809868675719168,"created_unixtime":1489538087420,"created_time":"Wed Mar 15 00:34:47 +0000 2017","lang":"en","displayname":"lissybeth91","time_zone":"","msg":"TudorTweep Your tweets are making me extremely happy not to be catholic 😨"}
{"tweet_id":841809868650618880,"created_unixtime":1489538087414,"created_time":"Wed Mar 15 00:34:47 +0000 2017","lang":"en","displayname":"diane_o","time_zone":"Eastern Time (US & Canada)","msg":"RT robinthede Really Some are disappointed that maddow only has 2005 Like you would only be happy w/ 20 yrs of indepth tax analysis…"}
{"tweet_id":841809868130525185,"created_unixtime":1489538087290,"created_time":"Wed Mar 15 00:34:47 +0000 2017","lang":"en","displayname":"preciouslypml","time_zone":"","msg":"CrankThatFrank im sad"}
{"tweet_id":841809868914864129,"created_unixtime":1489538087477,"created_time":"Wed Mar 15 00:34:47 +0000 2017","lang":"en","displayname":"Cora_006","time_zone":"","msg":"RT RockStarTragedy Happy PiDay https//tco/AQkAQtSJJY"}
{"tweet_id":841809868390567936,"created_unixtime":1489538087352,"created_time":"Wed Mar 15 00:34:47 +0000 2017","lang":"en","displayname":"lisamazzariello","time_zone":"","msg":"Ive never been this happy https//tco/STy5GzABz1"}
{"tweet_id":841809869632094209,"created_unixtime":1489538087648,"created_time":"Wed Mar 15 00:34:47 +0000 2017","lang":"en","displayname":"_jessscalenn_","time_zone":"","msg":"cierradenofaa happy birthday pretty❤"}
{"tweet_id":841809869346861057,"created_unixtime":1489538087580,"created_time":"Wed Mar 15 00:34:47 +0000 2017","lang":"en","displayname":"HylianPSI","time_zone":"Pacific Time (US & Canada)","msg":"FlowerDragon85 Is there something Im doing wrong your highnessHis heart nearly stopped He feels so sad"}
{"tweet_id":841809870055694336,"created_unixtime":1489538087749,"created_time":"Wed Mar 15 00:34:47 +0000 2017","lang":"en","displayname":"HoosierGirl5","time_zone":"Indiana (East)","msg":"RT burgessdave Happy PiDay to our math STARS at DBC Inc alicekeeler mathdiana MathDenisNJ MrVaudrey Jstevens009… "}
{"tweet_id":841809870206648320,"created_unixtime":1489538087785,"created_time":"Wed Mar 15 00:34:47 +0000 2017","lang":"en","displayname":"somewhereinMY","time_zone":"","msg":"RT cliffordsshug If youre ever feeling sad just remember that this video exists https//tco/HjEMGrNXhB"}
{"tweet_id":841809869858516996,"created_unixtime":1489538087702,"created_time":"Wed Mar 15 00:34:47 +0000 2017","lang":"en","displayname":"zerofqs","time_zone":"","msg":"RT hot_pcy_pict Happy chanyeol❤ https//tco/jKezuenINA"}
{"tweet_id":841809870458253312,"created_unixtime":1489538087845,"created_time":"Wed Mar 15 00:34:47 +0000 2017","lang":"en","displayname":"9puffdo","time_zone":"Irkutsk","msg":"RT WilliamShatner Happy Pie Day in about 7 minutes 🤗 https//tco/NSfLcDVuRD"}
{"tweet_id":841809870433206272,"created_unixtime":1489538087839,"created_time":"Wed Mar 15 00:34:47 +0000 2017","lang":"en","displayname":"shelbyrenee_17","time_zone":"","msg":"RT hidden saying im tired when youre actually sad"}
{"tweet_id":841809870454181889,"created_unixtime":1489538087844,"created_time":"Wed Mar 15 00:34:47 +0000 2017","lang":"en","displayname":"chloe_willson3","time_zone":"","msg":"RT abcon45 chloe_willson3 happy birthday gorgeous 💜💜💜"}
{"tweet_id":841809870709903360,"created_unixtime":1489538087905,"created_time":"Wed Mar 15 00:34:47 +0000 2017","lang":"en","displayname":"KongGamingINDIA","time_zone":"","msg":"Wishing you a very happy birthday TheVampsConLoads of love from India 🇮🇳 Hope your every wish comes true Enjoy your day ALL THE LOVE💗"}
{"tweet_id":841809870600978435,"created_unixtime":1489538087879,"created_time":"Wed Mar 15 00:34:47 +0000 2017","lang":"en","displayname":"StormsMadelyn","time_zone":"Pacific Time (US & Canada)","msg":"I wish everybody could be happy and confident with who they are"}
{"tweet_id":841809870890254336,"created_unixtime":1489538087948,"created_time":"Wed Mar 15 00:34:47 +0000 2017","lang":"en","displayname":"kytimes2","time_zone":"","msg":"RT katerinaaa_t youll get judged anyway so might as well do you and be happy"}
{"tweet_id":841809869976002560,"created_unixtime":1489538087730,"created_time":"Wed Mar 15 00:34:47 +0000 2017","lang":"en","displayname":"SBarrBrisebois","time_zone":"Eastern Time (US & Canada)","msg":"British_Theatre RyanGage G_RhysJones mfhorne LeeMack WixKaty andiosho So happy 4 all these gr8 reviews 4… https//tco/nfx1b5kGXq"}
{"tweet_id":841809871636852736,"created_unixtime":1489538088126,"created_time":"Wed Mar 15 00:34:48 +0000 2017","lang":"ja","displayname":"koneko_0123","time_zone":"","msg":"RT tsukiuta1 ☆Happy White Day②☆新「もうすぐ春だよーあったかくなってきたから眠いよー君の愛に包まれて眠ります」葵「こらこら（苦笑）。いつもありがとうございます！」※DLOK※壁紙などマナーを守って使ってくださいね https//t…"}
{"tweet_id":841809871305605122,"created_unixtime":1489538088047,"created_time":"Wed Mar 15 00:34:48 +0000 2017","lang":"en","displayname":"grace_pogo","time_zone":"","msg":"happy birthday quinn miss you😊 quinnbiscotto"}
{"tweet_id":841809871326597120,"created_unixtime":1489538088052,"created_time":"Wed Mar 15 00:34:48 +0000 2017","lang":"en","displayname":"SMV978","time_zone":"Eastern Time (US & Canada)","msg":"RT DomAlaimo Thankyou everyone who wished me a happy bday If theres 1 thing I want for my birthday its for everyone to follow inform…"}
{"tweet_id":841809871519514624,"created_unixtime":1489538088098,"created_time":"Wed Mar 15 00:34:48 +0000 2017","lang":"en","displayname":"Youngitvchi","time_zone":"Pacific Time (US & Canada)","msg":"RT richthekid Focus on what makes you happy"}
{"tweet_id":841809871708266497,"created_unixtime":1489538088143,"created_time":"Wed Mar 15 00:34:48 +0000 2017","lang":"en","displayname":"IenaVl","time_zone":"Dublin","msg":"RT KurdieJenner 5 people said I look like a male version of KylieJenner today So happy"}
{"tweet_id":841809871725035522,"created_unixtime":1489538088147,"created_time":"Wed Mar 15 00:34:48 +0000 2017","lang":"en","displayname":"elliewells_xo","time_zone":"","msg":"RT Stormzy1 Do what makes you happy mate"}
{"tweet_id":841809872198877185,"created_unixtime":1489538088260,"created_time":"Wed Mar 15 00:34:48 +0000 2017","lang":"en","displayname":"HaZizoZazi","time_zone":"Singapore","msg":"ikinatorr HAPPY 21ST BIRTHDAY👑🎂🎁🎉"}
{"tweet_id":841809871985119232,"created_unixtime":1489538088209,"created_time":"Wed Mar 15 00:34:48 +0000 2017","lang":"en","displayname":"Ruepac_Shakur","time_zone":"Quito","msg":"Carmella gets 0 reaction still its kinda sad"}
{"tweet_id":841809872039645184,"created_unixtime":1489538088222,"created_time":"Wed Mar 15 00:34:48 +0000 2017","lang":"en","displayname":"mimi2point0","time_zone":"Eastern Time (US & Canada)","msg":"RT neiltyson If one evening you feel sad enough to cry look up Your tears will not fall and the starry night may bring joy to your soul"}
{"tweet_id":841809870735212544,"created_unixtime":1489538087911,"created_time":"Wed Mar 15 00:34:47 +0000 2017","lang":"en","displayname":"mxferwho","time_zone":"Caracas","msg":"RT lingerie_addict In an industry thats all to happy to discard women once they reach the age of 25 campaigns like this are necessary… "}
{"tweet_id":841809872714850304,"created_unixtime":1489538088383,"created_time":"Wed Mar 15 00:34:48 +0000 2017","lang":"en","displayname":"bartnbeka","time_zone":"","msg":"RT JustinTrudeau Happy PiDay Our government is committed to supporting science amp innovation for a stronger Canada And pie for a tasti…"}
{"tweet_id":841809872689733634,"created_unixtime":1489538088377,"created_time":"Wed Mar 15 00:34:48 +0000 2017","lang":"in","displayname":"OhMyRob_","time_zone":"Atlantic Time (Canada)","msg":"Nah b 🇩🇴 https//tco/oqxdfcBjN6"}
{"tweet_id":841809873188798465,"created_unixtime":1489538088496,"created_time":"Wed Mar 15 00:34:48 +0000 2017","lang":"en","displayname":"karen_abdon","time_zone":"","msg":"RT bluemists19 so happy for this day MBMayWard"}
{"tweet_id":841809872631001091,"created_unixtime":1489538088363,"created_time":"Wed Mar 15 00:34:48 +0000 2017","lang":"en","displayname":"R9Game","time_zone":"Amsterdam","msg":"RT khaledalnouss1 Happy birthday to former Juventus midfielder Paul Pogba who turns 24 todayGames 178Goals 34 https//tco/1TzvSz5…"}
{"tweet_id":841809872345788417,"created_unixtime":1489538088295,"created_time":"Wed Mar 15 00:34:48 +0000 2017","lang":"en","displayname":"emilynt98","time_zone":"Pacific Time (US & Canada)","msg":"RT cnucab Happy CNU Day from the Campus Activities Board✨ CNUDay17 https//tco/GACTq9Gevt"}
{"tweet_id":841809872853319683,"created_unixtime":1489538088416,"created_time":"Wed Mar 15 00:34:48 +0000 2017","lang":"en","displayname":"MaseL52","time_zone":"","msg":"RT elleybelley3 Happy PiDay from John Dont be fooled he recited the first 100 digits ALL from memory 😵👌🏼 https//tco/OI37KtXC4c"}
{"tweet_id":841809872559734784,"created_unixtime":1489538088346,"created_time":"Wed Mar 15 00:34:48 +0000 2017","lang":"en","displayname":"MrVsMathClass","time_zone":"","msg":"Happy pi day everyone https//tco/PEt8FkMEAe"}
{"tweet_id":841809873750773762,"created_unixtime":1489538088630,"created_time":"Wed Mar 15 00:34:48 +0000 2017","lang":"en","displayname":"vwaddley","time_zone":"Pacific Time (US & Canada)","msg":"RT HiddenFigures Look beyond the numbers Happy PiDay https//tco/7UiOTzd1qj"}
{"tweet_id":841809873360822273,"created_unixtime":1489538088537,"created_time":"Wed Mar 15 00:34:48 +0000 2017","lang":"en","displayname":"MicroCosmicMama","time_zone":"","msg":"realDonaldTrump Optimistic CEOs So happy the 1 is finally feeling confident You guys deserve a chance at happiness too"}
{"tweet_id":841809873377595392,"created_unixtime":1489538088541,"created_time":"Wed Mar 15 00:34:48 +0000 2017","lang":"en","displayname":"adesolaanimash1","time_zone":"","msg":"RT Stormzy1 Do what makes you happy mate"}
{"tweet_id":841809873708953601,"created_unixtime":1489538088620,"created_time":"Wed Mar 15 00:34:48 +0000 2017","lang":"en","displayname":"Cannoli_Joe","time_zone":"Mountain Time (US & Canada)","msg":"RT RitchieJodi She went on a verbal attack calling every person in his town kkk supporters equating his statement to being raped… "}
{"tweet_id":841809873826398208,"created_unixtime":1489538088648,"created_time":"Wed Mar 15 00:34:48 +0000 2017","lang":"en","displayname":"mirandafryman","time_zone":"Atlantic Time (Canada)","msg":"CassadeePope girl youve been killing it lately So happy for you 💕"}
{"tweet_id":841809874082242563,"created_unixtime":1489538088709,"created_time":"Wed Mar 15 00:34:48 +0000 2017","lang":"en","displayname":"nishningz","time_zone":"Hawaii","msg":"RT Stormzy1 Do what makes you happy mate"}
{"tweet_id":841809873985708032,"created_unixtime":1489538088686,"created_time":"Wed Mar 15 00:34:48 +0000 2017","lang":"en","displayname":"petz_lauren","time_zone":"","msg":"RT onherperiod So annoying when ppl are like ur always laughin U laugh at everything Its not that funny like OK sorry Im a happy p…"}
{"tweet_id":841809874556076032,"created_unixtime":1489538088822,"created_time":"Wed Mar 15 00:34:48 +0000 2017","lang":"en","displayname":"kristinwilford","time_zone":"","msg":"RT obxcurity I high key just wanna make sure you’re happy as fuck"}
{"tweet_id":841809874572861440,"created_unixtime":1489538088826,"created_time":"Wed Mar 15 00:34:48 +0000 2017","lang":"en","displayname":"aidyn_albright","time_zone":"","msg":"RT WesterveltMadi happy birthday aidyyyyn hope you get all the mandarin oranges in the worldlt3 cant wait to drive in your mustang a… "}
{"tweet_id":841809874459721730,"created_unixtime":1489538088799,"created_time":"Wed Mar 15 00:34:48 +0000 2017","lang":"en","displayname":"cheerfulgrayson","time_zone":"Pacific Time (US & Canada)","msg":"RT ZILOVESDOLANS I love seeing them happy https//tco/fQieGwHEub"}
{"tweet_id":841809874719789056,"created_unixtime":1489538088861,"created_time":"Wed Mar 15 00:34:48 +0000 2017","lang":"en","displayname":"tyahill01","time_zone":"","msg":"RT Kaacey6 Happy Birthday to my bestfriend Im so grateful you came into my life❤ I hope you have the best day ever🎉😘 https//tco/g9jjg…"}
{"tweet_id":841809874669445120,"created_unixtime":1489538088849,"created_time":"Wed Mar 15 00:34:48 +0000 2017","lang":"en","displayname":"CreepyAnto","time_zone":"","msg":"RT SincerelyTumblr So annoying when ppl are like ur always laughin U laugh at everything Its not that funny like OK sorry Im a hap…"}
{"tweet_id":841809874765926400,"created_unixtime":1489538088872,"created_time":"Wed Mar 15 00:34:48 +0000 2017","lang":"en","displayname":"OriginForme_Txt","time_zone":"","msg":"RT Zubat_edex //Happy Pi Day Take this PIchu as a peace offering https//tco/IsCYQxGNKI"}
{"tweet_id":841809874694619138,"created_unixtime":1489538088855,"created_time":"Wed Mar 15 00:34:48 +0000 2017","lang":"en","displayname":"hannahmj100","time_zone":"","msg":"Why is it when youve movedon theres contact Do you give out a vibe like Im happy now come try amp destroy it just for bants 🤔"}
{"tweet_id":841809874908504065,"created_unixtime":1489538088906,"created_time":"Wed Mar 15 00:34:48 +0000 2017","lang":"en","displayname":"DougPriestly","time_zone":"","msg":"Ava and Bear are happy  Smithville Ontario https//tco/McEckjNzOk"}
{"tweet_id":841809875353010176,"created_unixtime":1489538089012,"created_time":"Wed Mar 15 00:34:49 +0000 2017","lang":"en","displayname":"ZhangYixingPH","time_zone":"Pacific Time (US & Canada)","msg":"RT iamlaydreamer Theyre already here Thank you po sa freebies and yung poster Super happy ako ❤❤😍😍 ZhangYixingPH ❤❤ https//tco/LUL…"}
{"tweet_id":841809875927740416,"created_unixtime":1489538089149,"created_time":"Wed Mar 15 00:34:49 +0000 2017","lang":"en","displayname":"katastrophhy","time_zone":"","msg":"my life is extremely great right now Im physically emotionally and mentally happy😌👍🏾"}
{"tweet_id":841809875990634499,"created_unixtime":1489538089164,"created_time":"Wed Mar 15 00:34:49 +0000 2017","lang":"en","displayname":"JagadeesanNisha","time_zone":"","msg":"aliaa08 Happy happy birthday to you princess 👸👸👸👸👸👸today is yours 😘😘😘😘😘Enjoy the day 😍😍😍😍😍😍"}
{"tweet_id":841809876032593920,"created_unixtime":1489538089174,"created_time":"Wed Mar 15 00:34:49 +0000 2017","lang":"en","displayname":"jessiegooch","time_zone":"Eastern Time (US & Canada)","msg":"RT devinbrugman So happy lately 🤗🤗🤗🤗🤗🤗"}
{"tweet_id":841809876112236545,"created_unixtime":1489538089193,"created_time":"Wed Mar 15 00:34:49 +0000 2017","lang":"en","displayname":"gyellenhaals","time_zone":"Pacific Time (US & Canada)","msg":"i know its not his birthday but i love this video sooo much 😭😭 https//tco/c1hWmnsGez"}
{"tweet_id":841809876154109952,"created_unixtime":1489538089203,"created_time":"Wed Mar 15 00:34:49 +0000 2017","lang":"en","displayname":"iiiii016","time_zone":"Hanoi","msg":"RT WANGKING852_ Happy White Valentines Day 🌹Nothing On You 🌹잭슨 王嘉爾 GetWellSoonJackson https//tco/7qFncVnBQz"}
{"tweet_id":841809876250574850,"created_unixtime":1489538089226,"created_time":"Wed Mar 15 00:34:49 +0000 2017","lang":"en","displayname":"rusydahanim__","time_zone":"","msg":"RT ImagineErotica Never settle for anyone who isnt absolutely insanely amp foolishly happy to be with you"}
{"tweet_id":841809876313608193,"created_unixtime":1489538089241,"created_time":"Wed Mar 15 00:34:49 +0000 2017","lang":"en","displayname":"CleoFlamingo","time_zone":"","msg":"RT ramblingsloa “I do not exist to impress the worldI exist to live my life in a way that will make me happy ”― Richard Bach"}
{"tweet_id":841809876426854400,"created_unixtime":1489538089268,"created_time":"Wed Mar 15 00:34:49 +0000 2017","lang":"en","displayname":"CarisAdel","time_zone":"Atlantic Time (Canada)","msg":"RT LouisatheLast CW HolocaustIm watching Night Will Fall an amazing documentary about the liberation of the camps because why not…"}
{"tweet_id":841809875097272320,"created_unixtime":1489538088951,"created_time":"Wed Mar 15 00:34:48 +0000 2017","lang":"en","displayname":"CarriereKyra","time_zone":"","msg":"So proud of niece tonight but sad that I missed it because of this ridiculous cough Congratulations Chloe… https//tco/I7wqiqtNfY"}
{"tweet_id":841809876502343681,"created_unixtime":1489538089286,"created_time":"Wed Mar 15 00:34:49 +0000 2017","lang":"en","displayname":"MichaelJKist","time_zone":"","msg":"Rivers at 30 in permanent marker Help that secondary by adding an athletic bendy sackman https//tco/MSCUNrE7mQ"}
{"tweet_id":841809876691083264,"created_unixtime":1489538089331,"created_time":"Wed Mar 15 00:34:49 +0000 2017","lang":"ja","displayname":"usiasa","time_zone":"Tokyo","msg":"RT ToHeart2next Happy Birthdayなのは誕生日おめでとう≧∇≦/Reflectionメッチャクチャ楽しみだァー早く見たい＼o／全力全開で公開を待っているぞง°̀ﾛ°́ง高町なのは生誕祭2017… "}
{"tweet_id":841809877227974657,"created_unixtime":1489538089459,"created_time":"Wed Mar 15 00:34:49 +0000 2017","lang":"en","displayname":"Tehnliz","time_zone":"","msg":"RT ValerieKayXXX Happy Valentines Day 🖤 see more on my public Snapchat badgirlvkbad https//tco/KMS5ClAaOV"}
{"tweet_id":841809877357981696,"created_unixtime":1489538089490,"created_time":"Wed Mar 15 00:34:49 +0000 2017","lang":"en","displayname":"KamikoArtVA","time_zone":"","msg":"RT ThePinkDD Happy birthday to me 🎂🎉"}
{"tweet_id":841809876405911552,"created_unixtime":1489538089263,"created_time":"Wed Mar 15 00:34:49 +0000 2017","lang":"en","displayname":"pri2sav","time_zone":"Pacific Time (US & Canada)","msg":"NevarezJaz Happy Birthday Girl turn up 😜🍾 https//tco/yorZ5yYN3e"}
{"tweet_id":841809877295091715,"created_unixtime":1489538089475,"created_time":"Wed Mar 15 00:34:49 +0000 2017","lang":"en","displayname":"alluringIuv","time_zone":"Eastern Time (US & Canada)","msg":"anyway im sad"}
{"tweet_id":841809877693526016,"created_unixtime":1489538089570,"created_time":"Wed Mar 15 00:34:49 +0000 2017","lang":"es","displayname":"RadioCaba","time_zone":"","msg":"ESCUCHAS gtgtgt  Pharrell Williams  Happy  Radio Caba Marca la diferenciahttps//tco/yqdNULreMj"}
{"tweet_id":841809877328621568,"created_unixtime":1489538089483,"created_time":"Wed Mar 15 00:34:49 +0000 2017","lang":"en","displayname":"MadeleineReedd","time_zone":"","msg":"Chase said we could get a dog if I pay for it so Ive been looking at shelter pages and its just so sad 😭😩 I want them all"}
{"tweet_id":841809878008139776,"created_unixtime":1489538089645,"created_time":"Wed Mar 15 00:34:49 +0000 2017","lang":"en","displayname":"katrinshropshir","time_zone":"","msg":"RWall463 AshleyJudd thank you Mr Wall for tweeting what I was thinkingIts sad how cruel she has been"}
{"tweet_id":841809878171635712,"created_unixtime":1489538089684,"created_time":"Wed Mar 15 00:34:49 +0000 2017","lang":"tl","displayname":"MaichardManila","time_zone":"Pacific Time (US & Canada)","msg":"RT sunghyenaul pati saging dume destiny na rin 😂😂ALDUBxDTBYTugOfHearts https//tco/3Qx88bHpkE"}
{"tweet_id":841809878540779521,"created_unixtime":1489538089772,"created_time":"Wed Mar 15 00:34:49 +0000 2017","lang":"en","displayname":"lauren_wolph","time_zone":"","msg":"Happy birthday to a beautiful pair of human beings love you both💗 morganeIizabeth maisoneIizabeth"}
{"tweet_id":841809878767280129,"created_unixtime":1489538089826,"created_time":"Wed Mar 15 00:34:49 +0000 2017","lang":"en","displayname":"NlCOLETlGLAO","time_zone":"Baghdad","msg":"gawd smh to the people in my school who tryna include me in their dramas like gurl im a happy person i aint got time with that shit so stfu"}
{"tweet_id":841809879081861121,"created_unixtime":1489538089901,"created_time":"Wed Mar 15 00:34:49 +0000 2017","lang":"en","displayname":"_germyy","time_zone":"Central Time (US & Canada)","msg":"RT poemsandthongs im beautiful and so worthy and its ok that im sad right now"}
{"tweet_id":841809878964412416,"created_unixtime":1489538089873,"created_time":"Wed Mar 15 00:34:49 +0000 2017","lang":"en","displayname":"Taylorxparis","time_zone":"Quito","msg":"Some of you just sit on your ass all day No ambition or goals at all Sad"}
{"tweet_id":841809879031533568,"created_unixtime":1489538089889,"created_time":"Wed Mar 15 00:34:49 +0000 2017","lang":"en","displayname":"KatiesChoice_","time_zone":"","msg":"RT CultureFUBU Happy Birthday Merlin SantanaRIP https//tco/0K4quO4M5g"}
{"tweet_id":841809877584363520,"created_unixtime":1489538089544,"created_time":"Wed Mar 15 00:34:49 +0000 2017","lang":"en","displayname":"__rchlccao","time_zone":"Pacific Time (US & Canada)","msg":"RT OhBaeMsgs Your smile Your eyes Your voice Your laugh Your warmth Your existence Just You Makes me happy"}
{"tweet_id":841809879824248833,"created_unixtime":1489538090078,"created_time":"Wed Mar 15 00:34:50 +0000 2017","lang":"en","displayname":"makaylaalley","time_zone":"Eastern Time (US & Canada)","msg":"RT EiramAydni Ill always care about my character more than my reputation i have to live with myselfI have to be happy with myself in…"}
{"tweet_id":841809880096870401,"created_unixtime":1489538090143,"created_time":"Wed Mar 15 00:34:50 +0000 2017","lang":"en","displayname":"downsouth505","time_zone":"Eastern Time (US & Canada)","msg":"RT 2020fight maddow sad trombone https//tco/ftAANqOZol"}
{"tweet_id":841809880726028288,"created_unixtime":1489538090293,"created_time":"Wed Mar 15 00:34:50 +0000 2017","lang":"en","displayname":"3_ayomide","time_zone":"","msg":"RT HornyFacts So annoying when ppl r like ur always laughing U laugh at everything Its not that funny like OK sorry Im a happy pe…"}
{"tweet_id":841809880759513088,"created_unixtime":1489538090301,"created_time":"Wed Mar 15 00:34:50 +0000 2017","lang":"en","displayname":"mpolikoff","time_zone":"Quito","msg":"They could literally say “I sexually assault women” which would a provide no new information and b result in no… https//tco/XwthSeTTkq"}
{"tweet_id":841809880885391361,"created_unixtime":1489538090331,"created_time":"Wed Mar 15 00:34:50 +0000 2017","lang":"en","displayname":"ryeisenberg","time_zone":"Eastern Time (US & Canada)","msg":"MikeRoe everyone is just so sad all the time and acting irrationally I miss fun lighthearted flash"}
{"tweet_id":841809881061441536,"created_unixtime":1489538090373,"created_time":"Wed Mar 15 00:34:50 +0000 2017","lang":"en","displayname":"hermioneshay","time_zone":"","msg":"RT emisonml Alison Dilaurentis invented character development and finally she gonna propose to Emily Fields and have a happy en… "}
{"tweet_id":841809881078231040,"created_unixtime":1489538090377,"created_time":"Wed Mar 15 00:34:50 +0000 2017","lang":"en","displayname":"Rhenzie8","time_zone":"","msg":"RT MaywardEnbers One of the best feelings in the world is knowing that someone is happy because of youMBMayWard"}
{"tweet_id":841809880906358785,"created_unixtime":1489538090336,"created_time":"Wed Mar 15 00:34:50 +0000 2017","lang":"en","displayname":"Melissa06517577","time_zone":"","msg":"RT LittleMix NoMoreSadSongs for REAL❌❤️ weve made a SpotifyUK playlist with some happy songs☺️ what should we add X the girl… "}
{"tweet_id":841809880340144128,"created_unixtime":1489538090201,"created_time":"Wed Mar 15 00:34:50 +0000 2017","lang":"en","displayname":"Ivoryejej","time_zone":"Jakarta","msg":"Can anybody be happy to hear that love in your life is really into the idea of robots as lover/spouse/housekeeper/caretaker or whatever 😐"}
{"tweet_id":841809880973377536,"created_unixtime":1489538090352,"created_time":"Wed Mar 15 00:34:50 +0000 2017","lang":"en","displayname":"theMarinaMari","time_zone":"Pacific Time (US & Canada)","msg":"Happy Birthday to my amazing twin😘I love you always and forever 🎉💕 https//tco/l2rpdO7d7u"}
{"tweet_id":841809881971724288,"created_unixtime":1489538090590,"created_time":"Wed Mar 15 00:34:50 +0000 2017","lang":"en","displayname":"claire_hof","time_zone":"","msg":"quinnbiscotto happy birthday so glad were gonna work together"}
{"tweet_id":841809882093387777,"created_unixtime":1489538090619,"created_time":"Wed Mar 15 00:34:50 +0000 2017","lang":"en","displayname":"liljoshcelli33","time_zone":"","msg":"RT CaileighMarkle Being genuinely happy is the best feeling"}
{"tweet_id":841809882089152512,"created_unixtime":1489538090618,"created_time":"Wed Mar 15 00:34:50 +0000 2017","lang":"en","displayname":"f8ightt","time_zone":"London","msg":"RT shaaymuni_ the wrong people think I care its sad"}
{"tweet_id":841809882504290305,"created_unixtime":1489538090717,"created_time":"Wed Mar 15 00:34:50 +0000 2017","lang":"en","displayname":"imarlenequinto","time_zone":"Pacific Time (US & Canada)","msg":"Yas So happy RT VannySigala I can finally hear you imarlenequinto 🙌🏽💁🏻  AlChileconmarleneQuinto https//tco/0tFo9XOCWP"}
{"tweet_id":841809882462470144,"created_unixtime":1489538090707,"created_time":"Wed Mar 15 00:34:50 +0000 2017","lang":"en","displayname":"katiesmathers","time_zone":"Central Time (US & Canada)","msg":"RT CuteOverloads THIS JUST MADE ME SO HAPPY https//tco/0X8oNeJpgd"}
{"tweet_id":841809882189770754,"created_unixtime":1489538090642,"created_time":"Wed Mar 15 00:34:50 +0000 2017","lang":"en","displayname":"renatalarico","time_zone":"Hawaii","msg":"Thank you xx https//tco/54LO63rhmC"}
{"tweet_id":841809883049656320,"created_unixtime":1489538090847,"created_time":"Wed Mar 15 00:34:50 +0000 2017","lang":"en","displayname":"ariel_cantu","time_zone":"","msg":"dont know whats gonna make you happy if you cant even make yourself happy"}
{"tweet_id":841809882969980928,"created_unixtime":1489538090828,"created_time":"Wed Mar 15 00:34:50 +0000 2017","lang":"en","displayname":"KlioudLu","time_zone":"Pacific Time (US & Canada)","msg":"RT lostpanda Happy Pi day https//tco/tMJq9uUeRk"}
{"tweet_id":841809882818973698,"created_unixtime":1489538090792,"created_time":"Wed Mar 15 00:34:50 +0000 2017","lang":"en","displayname":"DonnellSavannah","time_zone":"","msg":"Ive never been so happy with my life before"}
{"tweet_id":841809883154456576,"created_unixtime":1489538090872,"created_time":"Wed Mar 15 00:34:50 +0000 2017","lang":"ja","displayname":"AsEeidk2B07wiao","time_zone":"","msg":"RT jsb3_official そして、JSB LOVEhttps//tco/74gDJ5N3KV三代目の歴史が詰まった映像配信中！！！ https//tco/JWW7oLoDnN"}
{"tweet_id":841809883800322048,"created_unixtime":1489538091026,"created_time":"Wed Mar 15 00:34:51 +0000 2017","lang":"en","displayname":"angelz_spicez","time_zone":"","msg":"RT Avlem25 angelz_spicez ellina_gen jaysondmx OMG25_MASS SumaSarabeGirls  Happy wednesday every1  Have a great day ahead ALDUBxDT…"}
{"tweet_id":841809883464892416,"created_unixtime":1489538090946,"created_time":"Wed Mar 15 00:34:50 +0000 2017","lang":"en","displayname":"FatManCollier","time_zone":"Central Time (US & Canada)","msg":"RT 2020fight maddow sad trombone https//tco/ftAANqOZol"}
{"tweet_id":841809883913699329,"created_unixtime":1489538091053,"created_time":"Wed Mar 15 00:34:51 +0000 2017","lang":"en","displayname":"orrc","time_zone":"Bern","msg":"RT KenJennings The Ugly Duckling is my favorite story about how if youre unpopular amp sad you might still turn it around if your look…"}
{"tweet_id":841809884173684736,"created_unixtime":1489538091115,"created_time":"Wed Mar 15 00:34:51 +0000 2017","lang":"en","displayname":"okbutelliot","time_zone":"Pacific Time (US & Canada)","msg":"RT SincerelyTumblr So annoying when ppl are like ur always laughin U laugh at everything Its not that funny like OK sorry Im a hap…"}
{"tweet_id":841809884052107264,"created_unixtime":1489538091086,"created_time":"Wed Mar 15 00:34:51 +0000 2017","lang":"en","displayname":"Micahmaee_","time_zone":"","msg":"RT Savclovell__ my boyfriend is literally so good to me and I will do anything I can just to see a smile across his face amp make sure he…"}
{"tweet_id":841809883733319680,"created_unixtime":1489538091010,"created_time":"Wed Mar 15 00:34:51 +0000 2017","lang":"en","displayname":"be_insane_ch","time_zone":"Bern","msg":"RT RapSpotlights RT if youre happy that Kodak Black is out and making new music 🔥 https//tco/8wyxkj92Su"}
{"tweet_id":841809884513415168,"created_unixtime":1489538091196,"created_time":"Wed Mar 15 00:34:51 +0000 2017","lang":"ja","displayname":"raguna1192","time_zone":"Tokyo","msg":"RT yuuu_san0123 Happy Birth Day 海未ちゃん💙園田海未生誕祭2017 3月15日は園田海未の誕生日 ラブライバーはRT ラブライバーと繋がりたい RTした人全員フォローする いいねした人全員フォロー https//t…"}
{"tweet_id":841809883464929280,"created_unixtime":1489538090946,"created_time":"Wed Mar 15 00:34:50 +0000 2017","lang":"en","displayname":"PGameHD","time_zone":"Eastern Time (US & Canada)","msg":"RT 2020fight maddow sad trombone https//tco/ftAANqOZol"}
{"tweet_id":841809884484124672,"created_unixtime":1489538091189,"created_time":"Wed Mar 15 00:34:51 +0000 2017","lang":"en","displayname":"_andhannah","time_zone":"Central Time (US & Canada)","msg":"RT neiltyson 314  Happy Piday to Gregorian calendar users who reckon dates with month followed by day separated by period omitting year"}
{"tweet_id":841809884039524352,"created_unixtime":1489538091083,"created_time":"Wed Mar 15 00:34:51 +0000 2017","lang":"en","displayname":"roanokestar11","time_zone":"","msg":"My faith in humanity has been restored now where is my chipotle¿☺☺ https//tco/FUQOS8jFih"}
{"tweet_id":841809884605685760,"created_unixtime":1489538091218,"created_time":"Wed Mar 15 00:34:51 +0000 2017","lang":"en","displayname":"ccsantos18","time_zone":"","msg":"mercado_lillen NDF_INTL_OFC elekmyco happy morning everyone 😀😀🙏 ALDUBxDTBYTugOfHearts"}
{"tweet_id":841809884668547072,"created_unixtime":1489538091233,"created_time":"Wed Mar 15 00:34:51 +0000 2017","lang":"tl","displayname":"DonyaDeLayla","time_zone":"Pacific Time (US & Canada)","msg":"pabebengamazona Happy Birthday Ang mga Pisces talaga magagaling sa asaran at hindi pikon hwag lang idamay ang love amp family"}
{"tweet_id":841809884844765188,"created_unixtime":1489538091275,"created_time":"Wed Mar 15 00:34:51 +0000 2017","lang":"th","displayname":"Kataepanlan","time_zone":"Bangkok","msg":"RT McThai Happy Fries Day อร่อยยกเซ็ต ลดราคา 50 เหลือเพียงเซตละ 80 ปกติ 160 เท่านั้น ไปปะ ช้าได้ไง แบบนี้ต้องฉลอง… "}
{"tweet_id":841809884559618049,"created_unixtime":1489538091207,"created_time":"Wed Mar 15 00:34:51 +0000 2017","lang":"en","displayname":"DopeKidNextDoor","time_zone":"Eastern Time (US & Canada)","msg":"RT troytheblackguy All she wanted to do was say happy birthday to her friend but twitter just couldnt let her live lmaooo https//tco/X…"}
{"tweet_id":841809884744151041,"created_unixtime":1489538091251,"created_time":"Wed Mar 15 00:34:51 +0000 2017","lang":"en","displayname":"TonyPerkisjr","time_zone":"Atlantic Time (Canada)","msg":"RT KazeSkyz This stunt by Rachel Maddow is just a sad attempt to beat TuckerCarlson in the ratings  Im not falling for her clickbait…"}
{"tweet_id":841809884916154368,"created_unixtime":1489538091292,"created_time":"Wed Mar 15 00:34:51 +0000 2017","lang":"en","displayname":"TorchAHS","time_zone":"Eastern Time (US & Canada)","msg":"RT DavidRoads I choose to be happy today https//tco/1bJzOsIC38"}
{"tweet_id":841809885306077184,"created_unixtime":1489538091385,"created_time":"Wed Mar 15 00:34:51 +0000 2017","lang":"tl","displayname":"EnnairamPili","time_zone":"","msg":"Ceeeeddd happy birthday ced pakabait palagi🎉🎂💖"}
{"tweet_id":841809885746597888,"created_unixtime":1489538091490,"created_time":"Wed Mar 15 00:34:51 +0000 2017","lang":"en","displayname":"Sweetest_Taboo_","time_zone":"Eastern Time (US & Canada)","msg":"RT CUTEST_ANlMALS this makes me so happy  https//tco/4ebwUxo9Hg"}
{"tweet_id":841809886061060096,"created_unixtime":1489538091565,"created_time":"Wed Mar 15 00:34:51 +0000 2017","lang":"in","displayname":"NurShafiqa_","time_zone":"Kuala Lumpur","msg":"RT Uselessxhope_ Lepasan spm lepas ni jangan dok happy sangat Lepas ni kau akan merasa tak tidur sampai pagi tiap2 hari ngadap assignmen…"}
{"tweet_id":841809885725515776,"created_unixtime":1489538091485,"created_time":"Wed Mar 15 00:34:51 +0000 2017","lang":"ja","displayname":"tadamomo34","time_zone":"","msg":"RT iyokan37 ﾟ。♡Happy Birthday♡。ﾟ有安杏果生誕祭 有安杏果生誕祭2017 https//tco/n6LFOFrjgz"}
{"tweet_id":841809885293617152,"created_unixtime":1489538091382,"created_time":"Wed Mar 15 00:34:51 +0000 2017","lang":"en","displayname":"vonniebtw","time_zone":"Pacific Time (US & Canada)","msg":"facts https//tco/iF2LeyLXTd"}
{"tweet_id":841809885893390340,"created_unixtime":1489538091525,"created_time":"Wed Mar 15 00:34:51 +0000 2017","lang":"en","displayname":"soapysamuels","time_zone":"Quito","msg":"RT caseyelizbth__ Vanessa is so realistic though Its not always happy amazing moments Youre gonna have hard times Its not always ea…"}
{"tweet_id":841809886107262976,"created_unixtime":1489538091576,"created_time":"Wed Mar 15 00:34:51 +0000 2017","lang":"en","displayname":"joseph_inz","time_zone":"Beijing","msg":"RT OfficialKBB So happy to see you both together Take care always girls ❤️ bernardokath kristelfulgar © CHFILTeaserLaunch https//t…"}
{"tweet_id":841809886161788928,"created_unixtime":1489538091589,"created_time":"Wed Mar 15 00:34:51 +0000 2017","lang":"en","displayname":"bobbyboucher604","time_zone":"Alaska","msg":"Cheekster82 u guys have shit luck finding good reliable people Sad thing is its tough everywhere we employ idiots jus cause they show up"}
{"tweet_id":841809882005311488,"created_unixtime":1489538090598,"created_time":"Wed Mar 15 00:34:50 +0000 2017","lang":"en","displayname":"Dh10Spencer","time_zone":"","msg":"Happy Birthday to this crazy young fella Enjoy these pics bro❤️🐐🐐😂🎉 DFilliater https//tco/DxA5LObzI3"}
{"tweet_id":841809885763387393,"created_unixtime":1489538091494,"created_time":"Wed Mar 15 00:34:51 +0000 2017","lang":"en","displayname":"shaisthoughts","time_zone":"","msg":"RT CultureFUBU Happy Birthday Merlin SantanaRIP https//tco/0K4quO4M5g"}
{"tweet_id":841809886262394880,"created_unixtime":1489538091613,"created_time":"Wed Mar 15 00:34:51 +0000 2017","lang":"tl","displayname":"mariceltumale","time_zone":"","msg":"RT IEmGAB_ Sobrang happy ako for our bebes Ang sarap panoorin ng Magandang Buhay na sila lang no Ang fresh HahahahaMBMayWard"}
{"tweet_id":841809886384123904,"created_unixtime":1489538091642,"created_time":"Wed Mar 15 00:34:51 +0000 2017","lang":"en","displayname":"813Drew","time_zone":"","msg":"FlaPanthers KEEP IT UP FLORIDA Making fellow Florida Lightning flans happy Were all panther fans tonight Lol"}
{"tweet_id":841809886686007297,"created_unixtime":1489538091714,"created_time":"Wed Mar 15 00:34:51 +0000 2017","lang":"tl","displayname":"jayveecantere","time_zone":"","msg":"CondpaulM Buang na sad ka mongskie "}
{"tweet_id":841809886656753665,"created_unixtime":1489538091707,"created_time":"Wed Mar 15 00:34:51 +0000 2017","lang":"en","displayname":"Me_Konika","time_zone":"Eastern Time (US & Canada)","msg":"RT mainzina Happy tuesday ❤️💙💚❣️☘️ GEdelDrake jcdcg2008 Alisazvezdica99 FairydaMild Me_Konika cliffping Kam11Bbc… "}
{"tweet_id":841809886484828162,"created_unixtime":1489538091666,"created_time":"Wed Mar 15 00:34:51 +0000 2017","lang":"en","displayname":"thesmallperson_","time_zone":"","msg":"Yall really happy about a two hour delay Im about to square up"}
{"tweet_id":841809886799384577,"created_unixtime":1489538091741,"created_time":"Wed Mar 15 00:34:51 +0000 2017","lang":"en","displayname":"_XOTracy","time_zone":"Indiana (East)","msg":"k_kardash01 Happy birthday"}
{"tweet_id":841809887206154240,"created_unixtime":1489538091838,"created_time":"Wed Mar 15 00:34:51 +0000 2017","lang":"in","displayname":"sazaumiraismail","time_zone":"","msg":"even aku tahu aku tak dapat macam mane aku nak tapi aku happy sebab esok nak balik nak jumpe mama and ayah ☺️☺️😘"}
{"tweet_id":841809885654319106,"created_unixtime":1489538091468,"created_time":"Wed Mar 15 00:34:51 +0000 2017","lang":"en","displayname":"StonedInsomniac","time_zone":"","msg":"BTLSRadio TheRobbShow It would be sad if it wasnt so infuriating Some of us wanted good things for you Now you get what you deserve"}
{"tweet_id":841809886103101440,"created_unixtime":1489538091575,"created_time":"Wed Mar 15 00:34:51 +0000 2017","lang":"en","displayname":"allie_328","time_zone":"","msg":"Happy birthday dork 💗 https//tco/IUpuLcIyhj"}
{"tweet_id":841809887764074497,"created_unixtime":1489538091971,"created_time":"Wed Mar 15 00:34:51 +0000 2017","lang":"en","displayname":"leonawrote","time_zone":"","msg":"RT BradFireborn RT DavidRoads I choose to be happy today https//tco/VZCuugl57i"}
{"tweet_id":841809887818539008,"created_unixtime":1489538091984,"created_time":"Wed Mar 15 00:34:51 +0000 2017","lang":"en","displayname":"maggiej36775571","time_zone":"","msg":"RT ldulleba LouDobbs jaketapper yep thrown under the bus by this administration SAD"}
{"tweet_id":841809887474667520,"created_unixtime":1489538091902,"created_time":"Wed Mar 15 00:34:51 +0000 2017","lang":"en","displayname":"VehementSchizo","time_zone":"Eastern Time (US & Canada)","msg":"RT SliceWrestling Retweet If Youre Happy WWERollins Is Back To Take On TripleH RAW https//tco/R0nsrwZFDt"}
{"tweet_id":841809887994761218,"created_unixtime":1489538092026,"created_time":"Wed Mar 15 00:34:52 +0000 2017","lang":"en","displayname":"whitaker0325","time_zone":"Eastern Time (US & Canada)","msg":"I love seeing my best friends so happy 😭❤"}
{"tweet_id":841809888112218112,"created_unixtime":1489538092054,"created_time":"Wed Mar 15 00:34:52 +0000 2017","lang":"en","displayname":"GalenM57","time_zone":"","msg":"Salon  Just sooo sad Jesus has nothing to do with that man or his policies 😈 He is evil incarnate"}
{"tweet_id":841809888527302656,"created_unixtime":1489538092153,"created_time":"Wed Mar 15 00:34:52 +0000 2017","lang":"en","displayname":"kamuibot_en","time_zone":"","msg":"Um no offense Im happy you came to help and all but youre creeping me out"}
{"tweet_id":841809888707715072,"created_unixtime":1489538092196,"created_time":"Wed Mar 15 00:34:52 +0000 2017","lang":"en","displayname":"Lynsindac1","time_zone":"","msg":"I love you JadinesHappy 3rd anniversary💜💜💜LetOurPurpleHeartsShineAt3"}
{"tweet_id":841809888925831168,"created_unixtime":1489538092248,"created_time":"Wed Mar 15 00:34:52 +0000 2017","lang":"en","displayname":"UATGenEd","time_zone":"Pacific Time (US & Canada)","msg":"RT UATedu Happy PiDay from Math Professor Heather Peters PiParty math https//tco/wRXlo0hKdN"}
{"tweet_id":841809888904847361,"created_unixtime":1489538092243,"created_time":"Wed Mar 15 00:34:52 +0000 2017","lang":"ja","displayname":"loveliveokuchan","time_zone":"","msg":"RT fukasaru1007 🎁Happy🎉Birthday🎂海未ちゃん！誕生日おめでとう♡可愛くて、友達想いでまっすぐ？な海未ちゃんが大好きです♡勧誘も何も出来なくてごめんなさい来年は絶対やるから！文字数が園田海未生誕祭… "}
{"tweet_id":841809889013903360,"created_unixtime":1489538092269,"created_time":"Wed Mar 15 00:34:52 +0000 2017","lang":"en","displayname":"shiroihime","time_zone":"Pacific Time (US & Canada)","msg":"RT chika___n Sougo For some reason I was so very happy when you chose me I will tell you why next time we see each other https//tc…"}
{"tweet_id":841809889525698560,"created_unixtime":1489538092391,"created_time":"Wed Mar 15 00:34:52 +0000 2017","lang":"en","displayname":"MommaKx33","time_zone":"Central Time (US & Canada)","msg":"RT HornyFacts So annoying when ppl r like ur always laughing U laugh at everything Its not that funny like OK sorry Im a happy pe…"}
{"tweet_id":841809889416564736,"created_unixtime":1489538092365,"created_time":"Wed Mar 15 00:34:52 +0000 2017","lang":"und","displayname":"Hewantsthedeee","time_zone":"","msg":"RT haleycutie_ SAD https//tco/qlIQNmlEDF"}
{"tweet_id":841809889554915328,"created_unixtime":1489538092398,"created_time":"Wed Mar 15 00:34:52 +0000 2017","lang":"en","displayname":"christinabxoxx","time_zone":"","msg":"Iv decided I wont buy any summer clothes until I start losing weight and get myself back to where I was and when I was happy 😷"}
{"tweet_id":841809888800067584,"created_unixtime":1489538092218,"created_time":"Wed Mar 15 00:34:52 +0000 2017","lang":"en","displayname":"glenncooney","time_zone":"London","msg":"Steve_Dangle Homers not happy with the MapleLeafs either thus far Heres some gif evidence https//tco/fK218RQjR2"}
{"tweet_id":841809889706033153,"created_unixtime":1489538092434,"created_time":"Wed Mar 15 00:34:52 +0000 2017","lang":"en","displayname":"rainebeckf0rd","time_zone":"London","msg":"RT Stormzy1 Do what makes you happy mate"}
{"tweet_id":841809889739603968,"created_unixtime":1489538092442,"created_time":"Wed Mar 15 00:34:52 +0000 2017","lang":"en","displayname":"cryinlightin","time_zone":"","msg":"RT bts_bighit [Episode] HAPPY WHITE DAY FROM BTS 1 https//tco/Kk7XrnfG3x2 https//tco/dUxXeGBvhG"}
{"tweet_id":841809890406359040,"created_unixtime":1489538092601,"created_time":"Wed Mar 15 00:34:52 +0000 2017","lang":"en","displayname":"MacTropicanita","time_zone":"Mexico City","msg":"RT MalenaMorgan Dear porn magazinesPlease stop using photos of me from 6 years ago to promote your brand Its sad Get some new conte…"}
{"tweet_id":841809891136159744,"created_unixtime":1489538092775,"created_time":"Wed Mar 15 00:34:52 +0000 2017","lang":"en","displayname":"HeartieDee","time_zone":"Pacific Time (US & Canada)","msg":"RT Clovergerl Happy MountieMonday Hearties  DLissing erinkrakow LoriLoughlin hallmarkchannel WCTH_TV HeartieArt https//tco/nn1…"}
{"tweet_id":841809891677290496,"created_unixtime":1489538092904,"created_time":"Wed Mar 15 00:34:52 +0000 2017","lang":"in","displayname":"rcsetiawan48","time_zone":"Pacific Time (US & Canada)","msg":"Ngampus wehgak bisa nonton sad JKT48ATDAHSYAT"}
{"tweet_id":841809891790606336,"created_unixtime":1489538092931,"created_time":"Wed Mar 15 00:34:52 +0000 2017","lang":"en","displayname":"carleyvenable","time_zone":"Atlantic Time (Canada)","msg":"RT hidden saying im tired when youre actually sad"}
{"tweet_id":841809890632978435,"created_unixtime":1489538092655,"created_time":"Wed Mar 15 00:34:52 +0000 2017","lang":"en","displayname":"linsteadnjh","time_zone":"","msg":"Happy ThatcherTuesday Hearties by puggy123 erinkrakow https//tco/7Eg5OTLx8x"}
{"tweet_id":841809892142927873,"created_unixtime":1489538093015,"created_time":"Wed Mar 15 00:34:53 +0000 2017","lang":"en","displayname":"lovejoy_riley","time_zone":"","msg":"RT TotalProSports Steph Curry turns 29 today29 years old  2 MVPs  31Warriors blew a 31 lead 🤔Happy birthday Steph🎉🎉🎉"}
{"tweet_id":841809891710898176,"created_unixtime":1489538092912,"created_time":"Wed Mar 15 00:34:52 +0000 2017","lang":"en","displayname":"YahBenGoHard","time_zone":"Eastern Time (US & Canada)","msg":"RT MidnightMamba Happy birthday my nigga YahBenGoHard"}
{"tweet_id":841809892105195520,"created_unixtime":1489538093006,"created_time":"Wed Mar 15 00:34:53 +0000 2017","lang":"en","displayname":"Viewsfromthe609","time_zone":"Eastern Time (US & Canada)","msg":"RT GameOfThrones Happy GameofThrones PiDay https//tco/N1spcVNHuw"}
{"tweet_id":841809892511907841,"created_unixtime":1489538093103,"created_time":"Wed Mar 15 00:34:53 +0000 2017","lang":"ja","displayname":"koneko_0123","time_zone":"","msg":"RT tsukiuta1 ☆Happy White Day③☆恋「俺たちにプランを任せて頂ければ、笑いの耐えないデートをご提供してみせます！」駆「そして体重１kgはかたい」恋「フラれるヤツ…！」※DLOK※壁紙などマナーを守って使ってくださいね https/…"}
{"tweet_id":841809892755161089,"created_unixtime":1489538093161,"created_time":"Wed Mar 15 00:34:53 +0000 2017","lang":"en","displayname":"y_anms2","time_zone":"","msg":"RT 1216_di Happy White Day 🍫 https//tco/Q5vPmZfwM4"}
{"tweet_id":841809892604174336,"created_unixtime":1489538093125,"created_time":"Wed Mar 15 00:34:53 +0000 2017","lang":"in","displayname":"YIzyani","time_zone":"","msg":"EncikRadhi smpi usm pning nk bg sijil grad course mnahahaatq radi rudy bin daduhahaahhappy working radhi"}
{"tweet_id":841809892759371776,"created_unixtime":1489538093162,"created_time":"Wed Mar 15 00:34:53 +0000 2017","lang":"en","displayname":"tokkisenpai","time_zone":"Mountain Time (US & Canada)","msg":"keys_knees i was about to link you but my internet is so slow ajshdhf but yes im happy for them "}
{"tweet_id":841809892985962496,"created_unixtime":1489538093216,"created_time":"Wed Mar 15 00:34:53 +0000 2017","lang":"en","displayname":"brooklyn8123","time_zone":"","msg":"RT D_Deji28 Do you guys know why he was killed A girl lied that he raped her and her brother shot him dead https//tco/IWDVDZp3rz"}
{"tweet_id":841809893132722176,"created_unixtime":1489538093251,"created_time":"Wed Mar 15 00:34:53 +0000 2017","lang":"en","displayname":"THETRUMPBUREAU","time_zone":"Pacific Time (US & Canada)","msg":"RT IvankaTrump Womens day is every day                       Happy Thursday internationalwomensday https//tco/unZFukf3zn"}
{"tweet_id":841809891975151620,"created_unixtime":1489538092975,"created_time":"Wed Mar 15 00:34:52 +0000 2017","lang":"en","displayname":"sobaproducer","time_zone":"Central Time (US & Canada)","msg":"RT chika___n Riku Your feelings made me so happy and it was delicious I wonder if I made you smile too https//tco/bkCsHGLPDe"}
{"tweet_id":841809893107597312,"created_unixtime":1489538093245,"created_time":"Wed Mar 15 00:34:53 +0000 2017","lang":"en","displayname":"kaystackzzzzzz","time_zone":"","msg":"RT KianLawley u got this remember pie  £327 we have 5 planets abrajam lennon was the 3rd president amp the lakers won the su… "}
{"tweet_id":841809893979914243,"created_unixtime":1489538093453,"created_time":"Wed Mar 15 00:34:53 +0000 2017","lang":"en","displayname":"paigeecuppy","time_zone":"","msg":"RT JohnBoyega Shes gonna be happy to know that Im actually a big deal in the resistance"}
{"tweet_id":841809893652860928,"created_unixtime":1489538093375,"created_time":"Wed Mar 15 00:34:53 +0000 2017","lang":"en","displayname":"ChristianaDJJD","time_zone":"Eastern Time (US & Canada)","msg":"RT CUTEST_ANlMALS this makes me so happy  https//tco/4ebwUxo9Hg"}
{"tweet_id":841809894328025088,"created_unixtime":1489538093536,"created_time":"Wed Mar 15 00:34:53 +0000 2017","lang":"und","displayname":"diddydondiddy","time_zone":"Pacific Time (US & Canada)","msg":"🍰🍰🍰🎂🎂🎂 https//tco/n2qtWLVLeh"}
{"tweet_id":841809894156193794,"created_unixtime":1489538093495,"created_time":"Wed Mar 15 00:34:53 +0000 2017","lang":"en","displayname":"sweettea412891","time_zone":"","msg":"RT Eugenia_Cooney Happy birthday to my dog Buzz 🎉🐶"}
{"tweet_id":841809894839840768,"created_unixtime":1489538093658,"created_time":"Wed Mar 15 00:34:53 +0000 2017","lang":"en","displayname":"eBearWashington","time_zone":"Atlantic Time (Canada)","msg":"RT JoshSiminski Happy birthday bigshotom https//tco/OOlFDiWCHz"}
{"tweet_id":841809894554664960,"created_unixtime":1489538093590,"created_time":"Wed Mar 15 00:34:53 +0000 2017","lang":"en","displayname":"torslore","time_zone":"Quito","msg":"RT HornyFacts So annoying when ppl r like ur always laughing U laugh at everything Its not that funny like OK sorry Im a happy pe…"}
{"tweet_id":841809894873407488,"created_unixtime":1489538093666,"created_time":"Wed Mar 15 00:34:53 +0000 2017","lang":"en","displayname":"be_insane_ch","time_zone":"Bern","msg":"Retweeted Rap Spotlights RapSpotlightsRT if youre happy that Kodak Black is out and making new music 🔥 https//tco/G6l7Uyqb56"}
{"tweet_id":841809895255117824,"created_unixtime":1489538093757,"created_time":"Wed Mar 15 00:34:53 +0000 2017","lang":"en","displayname":"lphoebetl","time_zone":"Pacific Time (US & Canada)","msg":"megannmai happy birthday gorgeous  💓"}
{"tweet_id":841809895632588800,"created_unixtime":1489538093847,"created_time":"Wed Mar 15 00:34:53 +0000 2017","lang":"en","displayname":"realjoeypoirier","time_zone":"Pacific Time (US & Canada)","msg":"RT RWPUSA Another White House ethics complaint from our team at CREW  Sad https//tco/jm2kvIUMhH"}
{"tweet_id":841809895582232580,"created_unixtime":1489538093835,"created_time":"Wed Mar 15 00:34:53 +0000 2017","lang":"en","displayname":"liseve91","time_zone":"","msg":"katemckinnon could you wish my best friend AlonaDanger a very happy birthday"}
{"tweet_id":841809895682895873,"created_unixtime":1489538093859,"created_time":"Wed Mar 15 00:34:53 +0000 2017","lang":"en","displayname":"anidalaa","time_zone":"Pacific Time (US & Canada)","msg":"RT ElizabethRunals anidalaa happy birthday 💕☺"}
{"tweet_id":841809895875870720,"created_unixtime":1489538093905,"created_time":"Wed Mar 15 00:34:53 +0000 2017","lang":"en","displayname":"JanetHe69095692","time_zone":"","msg":"SashaFarber Happy birthday this is Your day live it up but not to much😃"}
{"tweet_id":841809895586426880,"created_unixtime":1489538093836,"created_time":"Wed Mar 15 00:34:53 +0000 2017","lang":"en","displayname":"tylergreene1","time_zone":"","msg":"RT richthekid Focus on what makes you happy"}
{"tweet_id":841809894512689152,"created_unixtime":1489538093580,"created_time":"Wed Mar 15 00:34:53 +0000 2017","lang":"en","displayname":"BritnieAdams","time_zone":"Eastern Time (US & Canada)","msg":"RT OmggRhi DO NOT PURPOSELY DO SHIT TO MAKE ME MAD THEN GET MAD THAT IM MAD FUCK U THOUGHT I WAS GONNA BE AFTER PISSING ME OFF HAPPY"}
{"tweet_id":841809896106520577,"created_unixtime":1489538093960,"created_time":"Wed Mar 15 00:34:53 +0000 2017","lang":"en","displayname":"ANight_in_Paris","time_zone":"Sydney","msg":"Paris tip Bonne Annee Happy New Year 2017 Postcards from Paris https//tco/PPShyU9zXN"}
{"tweet_id":841809896194605056,"created_unixtime":1489538093981,"created_time":"Wed Mar 15 00:34:53 +0000 2017","lang":"en","displayname":"EST_1389_MAD","time_zone":"Eastern Time (US & Canada)","msg":"Dont act like you arent happy to see Miz right now Especially during this era WWE SDLive Smackdown"}
{"tweet_id":841809896811204608,"created_unixtime":1489538094128,"created_time":"Wed Mar 15 00:34:54 +0000 2017","lang":"en","displayname":"lifesuckslawl","time_zone":"","msg":"RT RickyPDillon Happy pi day https//tco/PyJRimk7d3"}
{"tweet_id":841809896999923712,"created_unixtime":1489538094173,"created_time":"Wed Mar 15 00:34:54 +0000 2017","lang":"en","displayname":"SUNNYJIMlN","time_zone":"Central Time (US & Canada)","msg":"jjkdaily happy birthday lovely have a good one ✨🎉"}
{"tweet_id":841809897159299072,"created_unixtime":1489538094211,"created_time":"Wed Mar 15 00:34:54 +0000 2017","lang":"en","displayname":"brooklyn_derosa","time_zone":"","msg":"RT OfficiaIJCoIe i just wanna make u happy"}
{"tweet_id":841809897423540224,"created_unixtime":1489538094274,"created_time":"Wed Mar 15 00:34:54 +0000 2017","lang":"en","displayname":"marcustewartjr","time_zone":"Central Time (US & Canada)","msg":"RT MetroBoomin Happy 314 Day huSTLer https//tco/yiAp1DkLuO"}
{"tweet_id":841809897905836032,"created_unixtime":1489538094389,"created_time":"Wed Mar 15 00:34:54 +0000 2017","lang":"en","displayname":"alldqueensmen","time_zone":"","msg":"RT JustJared Dont be too sad about the end of TVD Another spinoff might be in the works https//tco/7PPDZ4Vgvz"}
{"tweet_id":841809897784205313,"created_unixtime":1489538094360,"created_time":"Wed Mar 15 00:34:54 +0000 2017","lang":"en","displayname":"bellqbanita","time_zone":"","msg":"RT einnoc115 Wish I can turn back time and  go back to last Sunday at 1215 PM I could use some happy thoughts kellymonaco1 💕"}
{"tweet_id":841809897830334464,"created_unixtime":1489538094371,"created_time":"Wed Mar 15 00:34:54 +0000 2017","lang":"en","displayname":"__andreaaaaaa__","time_zone":"","msg":"RT COCONUTOILBAE me i think Im going to be happy one daymy depression https//tco/yl6mv9ohIC"}
{"tweet_id":841809898123943936,"created_unixtime":1489538094441,"created_time":"Wed Mar 15 00:34:54 +0000 2017","lang":"tl","displayname":"arjam_","time_zone":"Alaska","msg":"happy birthday ron pogi gyapon ko 😎 bigcasrona"}
{"tweet_id":841809898052689920,"created_unixtime":1489538094424,"created_time":"Wed Mar 15 00:34:54 +0000 2017","lang":"en","displayname":"Kara_Roggenkamp","time_zone":"","msg":"RT SenBobCasey Pennsylvania is home to three National Wildlife Refuges Cherry Valley Erie and John Heinz NWR Happy Birthday USFWSRefu…"}
{"tweet_id":841809898165944320,"created_unixtime":1489538094451,"created_time":"Wed Mar 15 00:34:54 +0000 2017","lang":"en","displayname":"richten47","time_zone":"Atlantic Time (Canada)","msg":"RT ActualFlatticus Its my sad duty to announce that there is no line item for bribes from Russian oligarchs on a 1040 form https//t…"}
{"tweet_id":841809898379857920,"created_unixtime":1489538094502,"created_time":"Wed Mar 15 00:34:54 +0000 2017","lang":"en","displayname":"touchIeigh","time_zone":"Central Time (US & Canada)","msg":"Thats the kind of winner I love to hear NateOnMix SteveSerrano made me cry So happy for her shes screaming 😭❤️"}
{"tweet_id":841809898614611968,"created_unixtime":1489538094558,"created_time":"Wed Mar 15 00:34:54 +0000 2017","lang":"en","displayname":"sarahmcglothlen","time_zone":"","msg":"RT PeachMeadows only miserable people are bullys amp thats a fact no one who is happy ever has the urge to bring others down remember t…"}
{"tweet_id":841809898514067457,"created_unixtime":1489538094534,"created_time":"Wed Mar 15 00:34:54 +0000 2017","lang":"en","displayname":"afsanaa_xo","time_zone":"Pacific Time (US & Canada)","msg":"RT SincerelyTumblr So annoying when ppl are like ur always laughin U laugh at everything Its not that funny like OK sorry Im a hap…"}
{"tweet_id":841809898610528256,"created_unixtime":1489538094557,"created_time":"Wed Mar 15 00:34:54 +0000 2017","lang":"en","displayname":"peoplespostng","time_zone":"West Central Africa","msg":"Happy birthday to Nigerian Singer Olamide Adedeji aka olamide_YBNL may you be given more… https//tco/cgRIUGcUn3"}
{"tweet_id":841809898572775424,"created_unixtime":1489538094548,"created_time":"Wed Mar 15 00:34:54 +0000 2017","lang":"en","displayname":"DominicChow4","time_zone":"","msg":"RT aveiestweets So hyped for the return of JohnWesleyShipp my tv dad is the best Im always happy when hes in episodes teaching B… "}
{"tweet_id":841809899172597760,"created_unixtime":1489538094691,"created_time":"Wed Mar 15 00:34:54 +0000 2017","lang":"en","displayname":"LeChuckVCF","time_zone":"Madrid","msg":"RT CUTEST_ANlMALS this makes me so happy  https//tco/4ebwUxo9Hg"}
{"tweet_id":841809899621306368,"created_unixtime":1489538094798,"created_time":"Wed Mar 15 00:34:54 +0000 2017","lang":"ja","displayname":"GehilfeOberlauf","time_zone":"Bern","msg":"RT lizmgukk 海未ちゃん誕生日おめでとう！！園田海未生誕祭2017 まとめあげました↓【μs】Happy Birthday「H２８」  トマー pixiv https//tco/2W66OhiEMI https//tco/s2fYsA…"}
{"tweet_id":841809899566714880,"created_unixtime":1489538094785,"created_time":"Wed Mar 15 00:34:54 +0000 2017","lang":"en","displayname":"bartnbeka","time_zone":"","msg":"RT BeSeriousUSA We just freaking love ❤️ you JustinTrudeau Could you please come south and fix this shitshow too  America 🇺🇸 https/…"}
{"tweet_id":841809899847741440,"created_unixtime":1489538094852,"created_time":"Wed Mar 15 00:34:54 +0000 2017","lang":"en","displayname":"gimellemae15","time_zone":"Arizona","msg":"Thank you Julieeee Mwa Loveyoutooo MBMayWard https//tco/xUHkeG7SSA"}
{"tweet_id":841809900271415297,"created_unixtime":1489538094953,"created_time":"Wed Mar 15 00:34:54 +0000 2017","lang":"en","displayname":"MichelleAnsari","time_zone":"","msg":"I just took the best nap of my like Im so happy"}
{"tweet_id":841809900082757632,"created_unixtime":1489538094908,"created_time":"Wed Mar 15 00:34:54 +0000 2017","lang":"en","displayname":"drvickithomas","time_zone":"Pacific Time (US & Canada)","msg":"RT BillNye Happy 314 Day peoples"}
{"tweet_id":841809900472745984,"created_unixtime":1489538095001,"created_time":"Wed Mar 15 00:34:55 +0000 2017","lang":"en","displayname":"_leslycerda","time_zone":"Pacific Time (US & Canada)","msg":"RT softcherries happy pi day"}
{"tweet_id":841809900200169474,"created_unixtime":1489538094936,"created_time":"Wed Mar 15 00:34:54 +0000 2017","lang":"en","displayname":"HoneyBadger_83","time_zone":"Pacific Time (US & Canada)","msg":"You and about 15 other people 😂 https//tco/dbOi0RRPEi"}
{"tweet_id":841809900116271104,"created_unixtime":1489538094916,"created_time":"Wed Mar 15 00:34:54 +0000 2017","lang":"en","displayname":"__kiddaking21","time_zone":"","msg":"RT richthekid Focus on what makes you happy"}
{"tweet_id":841809900581740544,"created_unixtime":1489538095027,"created_time":"Wed Mar 15 00:34:55 +0000 2017","lang":"en","displayname":"SwaySoSteezy","time_zone":"Pacific Time (US & Canada)","msg":"Happy pi day guys 314 🤓"}
{"tweet_id":841809899914989568,"created_unixtime":1489538094868,"created_time":"Wed Mar 15 00:34:54 +0000 2017","lang":"en","displayname":"_pinkkcocaine_","time_zone":"","msg":"bankrolly happy birthday 😊"}
{"tweet_id":841809900237815808,"created_unixtime":1489538094945,"created_time":"Wed Mar 15 00:34:54 +0000 2017","lang":"en","displayname":"gkfp16","time_zone":"","msg":"RT shirota_153 Happy３１５day🎈 https//tco/oeUJLLfg1R"}
{"tweet_id":841809901676503040,"created_unixtime":1489538095288,"created_time":"Wed Mar 15 00:34:55 +0000 2017","lang":"en","displayname":"valthebeast","time_zone":"Central Time (US & Canada)","msg":"thank you https//tco/tQWjgHNEiF"}
{"tweet_id":841809901823258624,"created_unixtime":1489538095323,"created_time":"Wed Mar 15 00:34:55 +0000 2017","lang":"en","displayname":"withloveshinee","time_zone":"Jakarta","msg":"RT vegetable_small Happy White Valentines Day https//tco/zgVYbqQhZ5"}
{"tweet_id":841809901680644096,"created_unixtime":1489538095289,"created_time":"Wed Mar 15 00:34:55 +0000 2017","lang":"en","displayname":"salwaahhh","time_zone":"Kuala Lumpur","msg":"RT cliffordsshug If youre ever feeling sad just remember that this video exists https//tco/HjEMGrNXhB"}
{"tweet_id":841809902133628928,"created_unixtime":1489538095397,"created_time":"Wed Mar 15 00:34:55 +0000 2017","lang":"ko","displayname":"KissMeYing","time_zone":"Beijing","msg":"RT offclASTRO Happy birthday to you~ 진진형 22번째 생일을진심으로 축하해요🎉🎉 착하고 장난도 잘받아주고 리더쉽있는ㅎㅎ진진형 귀염댕이 아스트로 잘부탁드려요생일선물 나 HappyJINJINDay https//…"}
{"tweet_id":841809900758020097,"created_unixtime":1489538095069,"created_time":"Wed Mar 15 00:34:55 +0000 2017","lang":"en","displayname":"KeyonaSheridan","time_zone":"","msg":"RT alayna284 thanks girllyy❤️ https//tco/edvA2C9CLz"}
{"tweet_id":841809901944995840,"created_unixtime":1489538095352,"created_time":"Wed Mar 15 00:34:55 +0000 2017","lang":"en","displayname":"DJKonceptMusic","time_zone":"Central Time (US & Canada)","msg":"RT _lilsunnyyy Talk to god more aint nothing wrong with you dont know what youre sad for you got clothes on your back and… "}
{"tweet_id":841809902569963520,"created_unixtime":1489538095501,"created_time":"Wed Mar 15 00:34:55 +0000 2017","lang":"en","displayname":"cambrrghinihigh","time_zone":"Eastern Time (US & Canada)","msg":"RT victoriacamin happy birthday week to me though 🤗"}
{"tweet_id":841809902603538432,"created_unixtime":1489538095509,"created_time":"Wed Mar 15 00:34:55 +0000 2017","lang":"en","displayname":"danrenfro","time_zone":"Central Time (US & Canada)","msg":"As you enjoy your pie tonight just remember to wish the fantastic czuegner a happy birthday Hope its a great day DownWithKeyLime"}
