{"tweet_id":841809599791546373,"created_unixtime":1489538023313,"created_time":"Wed Mar 15 00:33:43 +0000 2017","lang":"en","displayname":"__theLEA","time_zone":"","msg":"RT _VeronicaLake cut the negative source out amp been happy ever since "}
{"tweet_id":841809600395522049,"created_unixtime":1489538023457,"created_time":"Wed Mar 15 00:33:43 +0000 2017","lang":"en","displayname":"Jenthulhu","time_zone":"Eastern Time (US & Canada)","msg":"h20samurai I cant tell you how happy it makes me"}
{"tweet_id":841809600571621376,"created_unixtime":1489538023499,"created_time":"Wed Mar 15 00:33:43 +0000 2017","lang":"en","displayname":"boyinlust","time_zone":"Pacific Time (US & Canada)","msg":"RT yoongibts bts episode HAPPY WHITE DAY FROM BTS 1 hoseok https//tco/xuD9EabHcj"}
{"tweet_id":841809600412323841,"created_unixtime":1489538023461,"created_time":"Wed Mar 15 00:33:43 +0000 2017","lang":"en","displayname":"katiebuquicchio","time_zone":"","msg":"happy birthday bri love uuu prettyyy💛💛💛briannadillon_"}
{"tweet_id":841809600571674624,"created_unixtime":1489538023499,"created_time":"Wed Mar 15 00:33:43 +0000 2017","lang":"en","displayname":"JenTheRiot","time_zone":"Central Time (US & Canada)","msg":"RT melinda_de_ross ❤The characters are well developedampmade me want them to be happy❤ https//tco/vmsMUQhNl3 T4US IARTG https//tco…"}
{"tweet_id":841809600794001408,"created_unixtime":1489538023552,"created_time":"Wed Mar 15 00:33:43 +0000 2017","lang":"en","displayname":"chelsmchavis","time_zone":"","msg":"It breaks my heart watching ChelseaHouska on these old eps So so happy for you now ❤"}
{"tweet_id":841809600378748928,"created_unixtime":1489538023453,"created_time":"Wed Mar 15 00:33:43 +0000 2017","lang":"en","displayname":"VaporeonSisters","time_zone":"Pacific Time (US & Canada)","msg":"RT _Aphmau_ This happens with everyone in the public eye Its really sadAll my VAs have to deal with this as well as myself… "}
{"tweet_id":841809600416477184,"created_unixtime":1489538023462,"created_time":"Wed Mar 15 00:33:43 +0000 2017","lang":"en","displayname":"mo_henny_","time_zone":"Eastern Time (US & Canada)","msg":"RT _lilsunnyyy Talk to god more aint nothing wrong with you dont know what youre sad for you got clothes on your back and… "}
{"tweet_id":841809600991121408,"created_unixtime":1489538023599,"created_time":"Wed Mar 15 00:33:43 +0000 2017","lang":"en","displayname":"mikeromano42","time_zone":"","msg":"Its sad nobody ever knows how much someone is actually hurting Someone right next to you could be completely broken and you wouldnt know"}
{"tweet_id":841809601641164800,"created_unixtime":1489538023754,"created_time":"Wed Mar 15 00:33:43 +0000 2017","lang":"en","displayname":"hqnsols","time_zone":"Singapore","msg":"RT yoongibts bts episode HAPPY WHITE DAY FROM BTS 1 yoongi 😭💖 https//tco/k4AL97UH8M"}
{"tweet_id":841809599028178944,"created_unixtime":1489538023131,"created_time":"Wed Mar 15 00:33:43 +0000 2017","lang":"en","displayname":"peggenze","time_zone":"","msg":"RT WalshFreedom Republicans created this messThey were afraid to go all the way with repealThey went halfway So nobodys happy…"}
{"tweet_id":841809601875992576,"created_unixtime":1489538023810,"created_time":"Wed Mar 15 00:33:43 +0000 2017","lang":"en","displayname":"QueeNyahh_","time_zone":"Eastern Time (US & Canada)","msg":"So so sad😂😂"}
{"tweet_id":841809602173886464,"created_unixtime":1489538023881,"created_time":"Wed Mar 15 00:33:43 +0000 2017","lang":"en","displayname":"maaadiiiescott","time_zone":"","msg":"happy one month to the person in my life that always finds a way to make me smile one down many more to go NoahWehner"}
{"tweet_id":841809602333294596,"created_unixtime":1489538023919,"created_time":"Wed Mar 15 00:33:43 +0000 2017","lang":"en","displayname":"SandiMeow","time_zone":"Central Time (US & Canada)","msg":"JensenAckles Its Pie Day 🍕cant find a pie emoji ok PI but its Jensen So happy Pie Day"}
{"tweet_id":841809602698194946,"created_unixtime":1489538024006,"created_time":"Wed Mar 15 00:33:44 +0000 2017","lang":"en","displayname":"elizaabethrose7","time_zone":"","msg":"you make me happy but no one can see that"}
{"tweet_id":841809600974360576,"created_unixtime":1489538023595,"created_time":"Wed Mar 15 00:33:43 +0000 2017","lang":"en","displayname":"samaulinskis","time_zone":"","msg":"happy birthday to this ugly muppet https//tco/SNpQkHBsov"}
{"tweet_id":841809602719186945,"created_unixtime":1489538024011,"created_time":"Wed Mar 15 00:33:44 +0000 2017","lang":"en","displayname":"antonioscento","time_zone":"","msg":"happy birthday boss jarrett_dulskis"}
{"tweet_id":841809602639466497,"created_unixtime":1489538023992,"created_time":"Wed Mar 15 00:33:43 +0000 2017","lang":"en","displayname":"obaidyraniah","time_zone":"Pacific Time (US & Canada)","msg":"RT poshtofu not tryin to dictate ur life but drop those friends who dont make you happy who literally offer you nothing Drop shitty pe…"}
{"tweet_id":841809601515421696,"created_unixtime":1489538023724,"created_time":"Wed Mar 15 00:33:43 +0000 2017","lang":"en","displayname":"rivsmy2","time_zone":"","msg":"Happy birthday to the best roomie ever ❤🎈👨‍👩‍👧‍👦🥂 love ya IanSmyth_ https//tco/YDYO09l4T8"}
{"tweet_id":841809603172151297,"created_unixtime":1489538024119,"created_time":"Wed Mar 15 00:33:44 +0000 2017","lang":"en","displayname":"RockyHugMe","time_zone":"Pacific Time (US & Canada)","msg":"rydelR5 Hi queen I wanted to say that in 3 days its my birthday Could you wish me Happy early Birthday Te amo🙈❣ X540"}
{"tweet_id":841809602861768704,"created_unixtime":1489538024045,"created_time":"Wed Mar 15 00:33:44 +0000 2017","lang":"en","displayname":"kaseymarie_d","time_zone":"","msg":"RT neiltyson 314  Happy Piday to Gregorian calendar users who reckon dates with month followed by day separated by period omitting year"}
{"tweet_id":841809603243479040,"created_unixtime":1489538024136,"created_time":"Wed Mar 15 00:33:44 +0000 2017","lang":"en","displayname":"liamstephen_","time_zone":"London","msg":"I miss being happy"}
{"tweet_id":841809603343990784,"created_unixtime":1489538024160,"created_time":"Wed Mar 15 00:33:44 +0000 2017","lang":"ja","displayname":"e_r1210","time_zone":"Tokyo","msg":"RT pu_rag pixivに投稿しました Happy Birthday Ichigo pixiv  https//tco/9lM6GU1cqt"}
{"tweet_id":841809603629203456,"created_unixtime":1489538024228,"created_time":"Wed Mar 15 00:33:44 +0000 2017","lang":"ja","displayname":"miko_0307","time_zone":"Tokyo","msg":"tomozo_0315 HAPPY BIRTHDAY友さんっ！！！"}
{"tweet_id":841809603553853440,"created_unixtime":1489538024210,"created_time":"Wed Mar 15 00:33:44 +0000 2017","lang":"en","displayname":"bIueguitar","time_zone":"Brasilia","msg":"SherriSaum1 a thing about Stef that you love with all your heart thefosterschat THANK U FOR SAYING HI TO MY GIRL SHES SO HAPPY ILYSM lt3"}
{"tweet_id":841809603067277313,"created_unixtime":1489538024094,"created_time":"Wed Mar 15 00:33:44 +0000 2017","lang":"en","displayname":"pearlpyh","time_zone":"","msg":"Happy White amp Pure Day to all！💙 https//tco/1HASocxAfC"}
{"tweet_id":841809599183388672,"created_unixtime":1489538023168,"created_time":"Wed Mar 15 00:33:43 +0000 2017","lang":"en","displayname":"Qsw77","time_zone":"Eastern Time (US & Canada)","msg":"Happy birthday Kelly miss you a ton kelly_burton10 https//tco/oBnpMiGuOB"}
{"tweet_id":841809603423789056,"created_unixtime":1489538024179,"created_time":"Wed Mar 15 00:33:44 +0000 2017","lang":"und","displayname":"mugencosmic","time_zone":"","msg":"RT vxrbxl happy π day🍴💖 https//tco/HzFW5nCfiA"}
{"tweet_id":841809603771809792,"created_unixtime":1489538024262,"created_time":"Wed Mar 15 00:33:44 +0000 2017","lang":"en","displayname":"amaterasuhime1","time_zone":"Seoul","msg":"RT fumileica Happy Birthday to you Chitose SmartDoll 白澤千歳  Chitose  sirasawa https//tco/ndKSx4VOQP"}
{"tweet_id":841809603876794368,"created_unixtime":1489538024287,"created_time":"Wed Mar 15 00:33:44 +0000 2017","lang":"en","displayname":"frenchnneed4","time_zone":"","msg":"RT RWPUSA Another White House ethics complaint from our team at CREW  Sad https//tco/jm2kvIUMhH"}
{"tweet_id":841809604661125120,"created_unixtime":1489538024474,"created_time":"Wed Mar 15 00:33:44 +0000 2017","lang":"en","displayname":"RussoGotbars","time_zone":"","msg":"RT iDailyRapFacts Happy Birthday to Jay Z throwback to him giving an interview next to two girls eating each other GOAT https//tco/xX…"}
{"tweet_id":841809604526895104,"created_unixtime":1489538024442,"created_time":"Wed Mar 15 00:33:44 +0000 2017","lang":"en","displayname":"minselokz","time_zone":"","msg":"RT CUTEST_ANlMALS this makes me so happy  https//tco/4ebwUxo9Hg"}
{"tweet_id":841809604644339712,"created_unixtime":1489538024470,"created_time":"Wed Mar 15 00:33:44 +0000 2017","lang":"en","displayname":"Eli_TheCaptain","time_zone":"","msg":"RT LKrauss1 Very happy my first tv interview on the new book was on my home station arizonapbs  Watch it tonight at 530 amp again later amp…"}
{"tweet_id":841809604975636481,"created_unixtime":1489538024549,"created_time":"Wed Mar 15 00:33:44 +0000 2017","lang":"en","displayname":"healthpolicygrp","time_zone":"Pacific Time (US & Canada)","msg":"RT NatureNPS This is what happens when you have a building full of scientists and a laser👨🏽‍🔬👩🏾‍🔬⚡️3️⃣1️⃣4️⃣ Happy PiDay https//tco…"}
{"tweet_id":841809604984070145,"created_unixtime":1489538024551,"created_time":"Wed Mar 15 00:33:44 +0000 2017","lang":"en","displayname":"brandisbass","time_zone":"","msg":"RT yonnieeeeee_ Because they are dumb and dont realize how dumb they was until the girl leaves them and becomes genuinely happy w… "}
{"tweet_id":841809605210603521,"created_unixtime":1489538024605,"created_time":"Wed Mar 15 00:33:44 +0000 2017","lang":"en","displayname":"ronald_megna","time_zone":"","msg":"RT Knuffle_Bunny Happy early St Patricks Day Massachusetts  Be the LIGHT amp FIGHT for the American Dream https//tco/lxiAsEKiDf"}
{"tweet_id":841809605051183105,"created_unixtime":1489538024567,"created_time":"Wed Mar 15 00:33:44 +0000 2017","lang":"en","displayname":"2ohthreeam","time_zone":"","msg":"RT D_Deji28 Do you guys know why he was killed A girl lied that he raped her and her brother shot him dead https//tco/IWDVDZp3rz"}
{"tweet_id":841809605453873153,"created_unixtime":1489538024663,"created_time":"Wed Mar 15 00:33:44 +0000 2017","lang":"en","displayname":"badgyal_lisha","time_zone":"","msg":"Ive even tried to date guys  but I wasnt happy at all and I wasnt about to be miserable to make others happy Fck em"}
{"tweet_id":841809605789278208,"created_unixtime":1489538024743,"created_time":"Wed Mar 15 00:33:44 +0000 2017","lang":"en","displayname":"cfisher_6","time_zone":"","msg":"RT juicyjoe13 Happy bday fish keep ballin💦 cfisher_6 https//tco/ZyFeX7GqdJ"}
{"tweet_id":841809606020030464,"created_unixtime":1489538024798,"created_time":"Wed Mar 15 00:33:44 +0000 2017","lang":"en","displayname":"taecocks","time_zone":"Pacific Time (US & Canada)","msg":"RT cliffordsshug If youre ever feeling sad just remember that this video exists https//tco/HjEMGrNXhB"}
{"tweet_id":841809606338854912,"created_unixtime":1489538024874,"created_time":"Wed Mar 15 00:33:44 +0000 2017","lang":"en","displayname":"parrisg98","time_zone":"","msg":"I dont have to deal with my hair no more im so happy"}
{"tweet_id":841809606334586880,"created_unixtime":1489538024873,"created_time":"Wed Mar 15 00:33:44 +0000 2017","lang":"es","displayname":"RedRosecattail","time_zone":"Pacific Time (US & Canada)","msg":"RT Louie0r Be Happy miauu🐱🐾🎹🎶Me encanta esta pic 🐾🐾💙Un corazón agradecido siempre tiene paz felicidadDulce Noche para… "}
{"tweet_id":841809606686916608,"created_unixtime":1489538024957,"created_time":"Wed Mar 15 00:33:44 +0000 2017","lang":"en","displayname":"OpieMogie","time_zone":"Beijing","msg":"RT LittleMix NoMoreSadSongs for REAL❌❤️ weve made a SpotifyUK playlist with some happy songs☺️ what should we add X the girl… "}
{"tweet_id":841809605877501952,"created_unixtime":1489538024764,"created_time":"Wed Mar 15 00:33:44 +0000 2017","lang":"en","displayname":"prepzilla","time_zone":"Pacific Time (US & Canada)","msg":"karenmcallister  stormiiandnoah Happy Birthday Stormi Hope its been a fun one 🍾🍰🍾 via Twitter https//tco/GhAlBHV9I1 Prepzilla"}
{"tweet_id":841809607047671808,"created_unixtime":1489538025043,"created_time":"Wed Mar 15 00:33:45 +0000 2017","lang":"en","displayname":"Jason_Duncan01","time_zone":"Central Time (US & Canada)","msg":"We need to have a Holiday dedicated to the Thessalonians Happy Thessalonian Day"}
{"tweet_id":841809607097962496,"created_unixtime":1489538025055,"created_time":"Wed Mar 15 00:33:45 +0000 2017","lang":"ja","displayname":"Hs913Ne","time_zone":"","msg":"RT piecespace1 海未ちゃんHappy Birthday恥ずかしがりながらもアイドルとして可愛く振る舞う姿や、勝負事に対して一笑（生）懸命になる姿などが最高！園田海未生誕祭2017 3月15日は園田海未の誕生日… "}
{"tweet_id":841809607198621696,"created_unixtime":1489538025079,"created_time":"Wed Mar 15 00:33:45 +0000 2017","lang":"und","displayname":"Baeocystin","time_zone":"Pacific Time (US & Canada)","msg":"Happy π Day yall   https//tco/dAtrECBNMO"}
{"tweet_id":841809606473048064,"created_unixtime":1489538024906,"created_time":"Wed Mar 15 00:33:44 +0000 2017","lang":"en","displayname":"HiattWade","time_zone":"","msg":"RT HannahWilleke2 HiattWade HAPPY BIRTHDAY WADE 😝 https//tco/AojFcLiKEI"}
{"tweet_id":841809607416676352,"created_unixtime":1489538025131,"created_time":"Wed Mar 15 00:33:45 +0000 2017","lang":"en","displayname":"thenamesjax","time_zone":"","msg":"RT tbhbyron i just wanna travel the world and have fun and take pictures and explore and just be happy genuinely happy"}
{"tweet_id":841809607072735232,"created_unixtime":1489538025049,"created_time":"Wed Mar 15 00:33:45 +0000 2017","lang":"en","displayname":"malxnaa","time_zone":"Pacific Time (US & Canada)","msg":"RT JenniferElm Happy Monday💀 https//tco/mPRNWmAr11"}
{"tweet_id":841809608108838912,"created_unixtime":1489538025296,"created_time":"Wed Mar 15 00:33:45 +0000 2017","lang":"en","displayname":"Taulman4lyfe","time_zone":"Pacific Time (US & Canada)","msg":"RT Joe_Gatto Happy birthday to the guy that puts the cool in Q  hope you had a great day my friend BQQuinn"}
{"tweet_id":841809607953666048,"created_unixtime":1489538025259,"created_time":"Wed Mar 15 00:33:45 +0000 2017","lang":"en","displayname":"ChenierDrew17","time_zone":"","msg":"Been saying it for years https//tco/SpJoQayetW"}
{"tweet_id":841809608310169600,"created_unixtime":1489538025344,"created_time":"Wed Mar 15 00:33:45 +0000 2017","lang":"en","displayname":"aprildouglass_","time_zone":"","msg":"RT 808srej i may not show it 💰🔥😤 but a nigga sad asf 🤣✊🏾💯"}
{"tweet_id":841809607731347456,"created_unixtime":1489538025206,"created_time":"Wed Mar 15 00:33:45 +0000 2017","lang":"en","displayname":"OKCThunderZone","time_zone":"Casablanca","msg":"RT PrimeWestbrook Happy Birthday StephenCurry30 https//tco/ugw9sQ38s7"}
{"tweet_id":841809608058519552,"created_unixtime":1489538025284,"created_time":"Wed Mar 15 00:33:45 +0000 2017","lang":"en","displayname":"onlimine","time_zone":"Madrid","msg":"RT dakotaxharry Everyday I work with Dakota Johnson is my favorite day Happy birthday marktownsend1  Youre the best 💕 https//tc…"}
{"tweet_id":841809608876408833,"created_unixtime":1489538025479,"created_time":"Wed Mar 15 00:33:45 +0000 2017","lang":"en","displayname":"muscadinia","time_zone":"Central Time (US & Canada)","msg":"My grandpa isnt doing well and I need to quit my job and be with him Death is so fucking sad i cant stand it"}
{"tweet_id":841809608616361988,"created_unixtime":1489538025417,"created_time":"Wed Mar 15 00:33:45 +0000 2017","lang":"en","displayname":"LiaDelDuca","time_zone":"","msg":"And a chance to fill it with joy hope and promise https//tco/VyNYLQUA9t"}
{"tweet_id":841809609178386432,"created_unixtime":1489538025551,"created_time":"Wed Mar 15 00:33:45 +0000 2017","lang":"en","displayname":"shivayadavji","time_zone":"Asia/Calcutta","msg":"Happy holi  shiva_yadav_ji  in my village hirner https//tco/RjMgkpPMIj"}
{"tweet_id":841809609270657025,"created_unixtime":1489538025573,"created_time":"Wed Mar 15 00:33:45 +0000 2017","lang":"en","displayname":"Run__DMC20","time_zone":"","msg":"RT AllForO_ Glook bro🤞🏽idgt 😂 https//tco/aVQvaVJSx3"}
{"tweet_id":841809609476136960,"created_unixtime":1489538025622,"created_time":"Wed Mar 15 00:33:45 +0000 2017","lang":"en","displayname":"HeroOfHyrule13","time_zone":"Pacific Time (US & Canada)","msg":"RT catlover_707 Me Yoosung want anything form Mc Donalds Yoosung Yeah Rika back Me Happy Meal it is"}
{"tweet_id":841809609782358016,"created_unixtime":1489538025695,"created_time":"Wed Mar 15 00:33:45 +0000 2017","lang":"en","displayname":"lifeofmarissa07","time_zone":"","msg":"RT RiceGum Its my birthday tomorrow So happy my dad didnt pull out 😭"}
{"tweet_id":841809609627209728,"created_unixtime":1489538025658,"created_time":"Wed Mar 15 00:33:45 +0000 2017","lang":"en","displayname":"BlancaG925","time_zone":"","msg":"RT richthekid Focus on what makes you happy"}
{"tweet_id":841809609341960192,"created_unixtime":1489538025590,"created_time":"Wed Mar 15 00:33:45 +0000 2017","lang":"en","displayname":"heizelperez","time_zone":"Beijing","msg":"Happy Birthday Love WardellStephenCurry30 https//tco/GhdusJPtmK"}
{"tweet_id":841809609757196288,"created_unixtime":1489538025689,"created_time":"Wed Mar 15 00:33:45 +0000 2017","lang":"en","displayname":"Hayden40150951","time_zone":"","msg":"CURRY3Zer0 happy birthday Im your biggest biggest fan can you come to my house tomorrow at 300 i live in New Jersey exposition dr 2205"}
{"tweet_id":841809610474434562,"created_unixtime":1489538025860,"created_time":"Wed Mar 15 00:33:45 +0000 2017","lang":"en","displayname":"tanithrea","time_zone":"Edinburgh","msg":"RT AmaziingPuppies Happy dog getting picked up at daycare  https//tco/VAKBpd8Yqi"}
{"tweet_id":841809610365382656,"created_unixtime":1489538025834,"created_time":"Wed Mar 15 00:33:45 +0000 2017","lang":"en","displayname":"_taliiya_","time_zone":"","msg":"RT Fam0usRockstar The most important thing is to enjoy your life—to be happy—its all that matters― Audrey Hepburn quote"}
{"tweet_id":841809610054934529,"created_unixtime":1489538025760,"created_time":"Wed Mar 15 00:33:45 +0000 2017","lang":"en","displayname":"cathmcclure","time_zone":"Arizona","msg":"Happy bday my love❤️ hope you have the best day hanfran3 https//tco/lyC2qDGLZj"}
{"tweet_id":841809610239442944,"created_unixtime":1489538025804,"created_time":"Wed Mar 15 00:33:45 +0000 2017","lang":"en","displayname":"DreamingPeaches","time_zone":"Taipei","msg":"RT zmss28 Ang vulnerable mo tingnan in these photos how you overcome your weakness to make people happy astounds me ❤️ © A… "}
{"tweet_id":841809611032211456,"created_unixtime":1489538025993,"created_time":"Wed Mar 15 00:33:45 +0000 2017","lang":"en","displayname":"badanamu_id","time_zone":"","msg":"Happy wednesday all😊May your day be lovely 😉Badanamu is a new way for children to learn It… https//tco/3WGrhhrrlD"}
{"tweet_id":841809611380342784,"created_unixtime":1489538026076,"created_time":"Wed Mar 15 00:33:46 +0000 2017","lang":"en","displayname":"TFaqiryar","time_zone":"","msg":"RT SummerFontana Happy Birthday danieljgillies rocknroll 🎂🎉🎸 https//tco/phJV1H96IA"}
{"tweet_id":841809611732717568,"created_unixtime":1489538026160,"created_time":"Wed Mar 15 00:33:46 +0000 2017","lang":"en","displayname":"swagmoneymariah","time_zone":"Central Time (US & Canada)","msg":"RT CoultNicholas HAPPY 314DAY ST LOUIS MO https//tco/0CTP3U4IkY"}
{"tweet_id":841809611468488705,"created_unixtime":1489538026097,"created_time":"Wed Mar 15 00:33:46 +0000 2017","lang":"en","displayname":"CourtneyPL11","time_zone":"London","msg":"RT Stormzy1 Do what makes you happy mate"}
{"tweet_id":841809611367825409,"created_unixtime":1489538026073,"created_time":"Wed Mar 15 00:33:46 +0000 2017","lang":"en","displayname":"TEETERSS_","time_zone":"Eastern Time (US & Canada)","msg":"RT _lilsunnyyy Talk to god more aint nothing wrong with you dont know what youre sad for you got clothes on your back and… "}
{"tweet_id":841809612223442944,"created_unixtime":1489538026277,"created_time":"Wed Mar 15 00:33:46 +0000 2017","lang":"en","displayname":"daylightexo","time_zone":"Eastern Time (US & Canada)","msg":"is it sad that im freaking out over one pic and video of yixing"}
{"tweet_id":841809611657207809,"created_unixtime":1489538026142,"created_time":"Wed Mar 15 00:33:46 +0000 2017","lang":"en","displayname":"Danipink89","time_zone":"Mountain Time (US & Canada)","msg":"RT GameOfThrones Happy GameofThrones PiDay https//tco/N1spcVNHuw"}
{"tweet_id":841809611241992192,"created_unixtime":1489538026043,"created_time":"Wed Mar 15 00:33:46 +0000 2017","lang":"ko","displayname":"Marshzellow","time_zone":"","msg":"RT LuckystarStella 170314 더쇼출근 preview 1 BAP ZELO 젤로 ROSE WAKEMEUP ZELO96 Happy White day🌹뽀뽀해줘~💋💋 https//tco/8VTGySmSnW"}
{"tweet_id":841809611657109504,"created_unixtime":1489538026142,"created_time":"Wed Mar 15 00:33:46 +0000 2017","lang":"en","displayname":"Moviehole","time_zone":"Sydney","msg":"Happy Birthday to our late cofounder Beth We miss you so much Forever in our thoughts birthday… https//tco/7O2tL43QSv"}
{"tweet_id":841809612651274240,"created_unixtime":1489538026379,"created_time":"Wed Mar 15 00:33:46 +0000 2017","lang":"en","displayname":"WarioWare3DS","time_zone":"Pacific Time (US & Canada)","msg":"Im happy that the green ranger was green and not silver or gold or some other special color"}
{"tweet_id":841809612902924288,"created_unixtime":1489538026439,"created_time":"Wed Mar 15 00:33:46 +0000 2017","lang":"en","displayname":"carolineking00","time_zone":"","msg":"RT jayson_patrick1 carolineking00 happy birthday Caroline🎉"}
{"tweet_id":841809612554809346,"created_unixtime":1489538026356,"created_time":"Wed Mar 15 00:33:46 +0000 2017","lang":"en","displayname":"eringalllagher","time_zone":"Central Time (US & Canada)","msg":"finally at that point where I can look at old pictures and feel happy that it happened and not sad anymore If that makes sense"}
{"tweet_id":841809612907126786,"created_unixtime":1489538026440,"created_time":"Wed Mar 15 00:33:46 +0000 2017","lang":"en","displayname":"zana_gwiyeobda","time_zone":"","msg":"RT fanatic_got7 GOT7 ON WEEKLY IDOL IS ONE OF THE THINGS THAT MAKE ME SO HAPPY I CANT WAIT FOR EXTRA7 😂❤️ https//tco/DyRK0bpisH"}
{"tweet_id":841809613230039040,"created_unixtime":1489538026517,"created_time":"Wed Mar 15 00:33:46 +0000 2017","lang":"en","displayname":"greendamon","time_zone":"Arizona","msg":"Happy PI Day Of course we have mini Pumpkin and French Silk pies comesayhi and grab one of… https//tco/tho6Plbq2j"}
{"tweet_id":841809613431308288,"created_unixtime":1489538026565,"created_time":"Wed Mar 15 00:33:46 +0000 2017","lang":"ja","displayname":"paradaisumax777","time_zone":"","msg":"RT meimei_anime_ 今日は1番推している海未ちゃんの誕生日！！Happy Birthday！！海未ちゃんは天使のようにかわいい！最高すぎます！3月15日は園田海未の誕生日 園田海未生誕祭2017ラブライバーはRT 海未ちゃん生誕祭… "}
{"tweet_id":841809613418835969,"created_unixtime":1489538026562,"created_time":"Wed Mar 15 00:33:46 +0000 2017","lang":"pt","displayname":"hwan_hyuna","time_zone":"","msg":"minseokanalha Já Sad"}
{"tweet_id":841809613573914624,"created_unixtime":1489538026599,"created_time":"Wed Mar 15 00:33:46 +0000 2017","lang":"ja","displayname":"naokiii81","time_zone":"Irkutsk","msg":"Happy 29th birthday StephenCurry30 🎉日本時間では昨日やけど！201112シーズンから好きになったけど、こんなに魅力たっぷりの人は初めて🤤onコートもoffコートも🤤いつも勉強させてもら… https//tco/eySUck7Iwd"}
{"tweet_id":841809613565616128,"created_unixtime":1489538026597,"created_time":"Wed Mar 15 00:33:46 +0000 2017","lang":"en","displayname":"MattLegit10","time_zone":"","msg":"RT CoultNicholas HAPPY 314DAY SAINT LOUIS MO https//tco/Ogiyf1MJ01"}
{"tweet_id":841809614169604097,"created_unixtime":1489538026741,"created_time":"Wed Mar 15 00:33:46 +0000 2017","lang":"en","displayname":"PledgeCents","time_zone":"Eastern Time (US & Canada)","msg":"Happy Pi Day PiDay edchat math education teaching https//tco/gMTFKaDiAs"}
{"tweet_id":841809614739980288,"created_unixtime":1489538026877,"created_time":"Wed Mar 15 00:33:46 +0000 2017","lang":"en","displayname":"tinako70480","time_zone":"","msg":"RT bts_bighit [Episode] HAPPY WHITE DAY FROM BTS 1 https//tco/Kk7XrnfG3x2 https//tco/dUxXeGBvhG"}
{"tweet_id":841809614740021249,"created_unixtime":1489538026877,"created_time":"Wed Mar 15 00:33:46 +0000 2017","lang":"ja","displayname":"hiikairu","time_zone":"Caracas","msg":"RT shamakho_works 海未ちゃん描きました。happy birthday🎉lovelive園田海未生誕祭2017 3月15日は園田海未の誕生日 https//tco/haJCpEMlak"}
{"tweet_id":841809614891028480,"created_unixtime":1489538026913,"created_time":"Wed Mar 15 00:33:46 +0000 2017","lang":"en","displayname":"x_MoreSunshinee","time_zone":"Quito","msg":"Yes me too https//tco/a68p5dvWHr"}
{"tweet_id":841809615012651009,"created_unixtime":1489538026942,"created_time":"Wed Mar 15 00:33:46 +0000 2017","lang":"en","displayname":"RadioXUS","time_zone":"Central Time (US & Canada)","msg":"REM  Shiny Happy People  NowPlaying np  https//tco/hsJbJgoaQj"}
{"tweet_id":841809615167860738,"created_unixtime":1489538026979,"created_time":"Wed Mar 15 00:33:46 +0000 2017","lang":"en","displayname":"jvotta67","time_zone":"","msg":"Jaxgma3235 i think the whole estab needs to burn to the ground But all this media garbage re his taxes is comical distraction sad"}
{"tweet_id":841809615008464897,"created_unixtime":1489538026941,"created_time":"Wed Mar 15 00:33:46 +0000 2017","lang":"en","displayname":"aspicer33","time_zone":"Atlantic Time (Canada)","msg":"RT wolcott_austin Its not my birthday and it wasnt my birthday a month ago when you did the same thing😂😂 https//tco/UNotn4YdhN"}
{"tweet_id":841809614928809985,"created_unixtime":1489538026922,"created_time":"Wed Mar 15 00:33:46 +0000 2017","lang":"en","displayname":"rikki_earley","time_zone":"Central Time (US & Canada)","msg":"RT Clairer5_ Its a lot easier to be happy when youre not waiting on someone else to give you that happiness"}
{"tweet_id":841809615583096833,"created_unixtime":1489538027078,"created_time":"Wed Mar 15 00:33:47 +0000 2017","lang":"en","displayname":"suemcmahon1217","time_zone":"","msg":"RT UniofOxford Education is not the learning of facts but the training of the mind to think Happy Birthday Einstein https//tco/Vzw…"}
{"tweet_id":841809615570493441,"created_unixtime":1489538027075,"created_time":"Wed Mar 15 00:33:47 +0000 2017","lang":"en","displayname":"drae_cheer8","time_zone":"Pacific Time (US & Canada)","msg":"RT liz_franklin Social media has swallowed our entire generation Nobody knows how to communicate and its honestly so sad"}
{"tweet_id":841809616136724480,"created_unixtime":1489538027210,"created_time":"Wed Mar 15 00:33:47 +0000 2017","lang":"en","displayname":"mherrlich23","time_zone":"","msg":"RT AlexisBanta mherrlich23 your twitter header makes my heart happy"}
{"tweet_id":841809615981494272,"created_unixtime":1489538027173,"created_time":"Wed Mar 15 00:33:47 +0000 2017","lang":"en","displayname":"daydreamer2223","time_zone":"","msg":"RT MyyKeeBee happy birthday big guy StephenCurry30 https//tco/Ncwbl3Iavg"}
{"tweet_id":841809616023502848,"created_unixtime":1489538027183,"created_time":"Wed Mar 15 00:33:47 +0000 2017","lang":"en","displayname":"amandaoates34","time_zone":"","msg":"RT Ross_Dizzle One day imma be happy and itll all be worth it"}
{"tweet_id":841809616291876864,"created_unixtime":1489538027247,"created_time":"Wed Mar 15 00:33:47 +0000 2017","lang":"ja","displayname":"a_inote","time_zone":"Pacific Time (US & Canada)","msg":"RT tsukiuta1 ☆Happy White Day②☆新「もうすぐ春だよーあったかくなってきたから眠いよー君の愛に包まれて眠ります」葵「こらこら（苦笑）。いつもありがとうございます！」※DLOK※壁紙などマナーを守って使ってくださいね https//t…"}
{"tweet_id":841809615864123392,"created_unixtime":1489538027145,"created_time":"Wed Mar 15 00:33:47 +0000 2017","lang":"en","displayname":"aiden_tamez","time_zone":"","msg":"maddychavezzz its been a minnnnn But Happy birthday Maddie🎉"}
{"tweet_id":841809616052838400,"created_unixtime":1489538027190,"created_time":"Wed Mar 15 00:33:47 +0000 2017","lang":"en","displayname":"grace_mcgrew13","time_zone":"Pacific Time (US & Canada)","msg":"Happy Birthday Taylor  I hope you had a great day gorgeous 😊💕🎉 TaylorHensley_"}
{"tweet_id":841809616505720832,"created_unixtime":1489538027298,"created_time":"Wed Mar 15 00:33:47 +0000 2017","lang":"en","displayname":"luxgem","time_zone":"","msg":"RT _jaassmin I want to be as happy as Zoe lustrelux https//tco/QAT4MuJMi2"}
{"tweet_id":841809616426033152,"created_unixtime":1489538027279,"created_time":"Wed Mar 15 00:33:47 +0000 2017","lang":"en","displayname":"maichard161","time_zone":"","msg":"RT jaysondmx HAPPY ALDUB1stAnniversary EVERYONEmainedcm aldenrichards02 👊😎ALDUB AND PROUD‼️ https//tco/tMiJyJTE7X"}
{"tweet_id":841809616124162049,"created_unixtime":1489538027207,"created_time":"Wed Mar 15 00:33:47 +0000 2017","lang":"en","displayname":"snapdragon6469","time_zone":"","msg":"RT NicolaSturgeon Hi ruthiehenderson  feel free to drop me an email youll find address on ScotParl website and Ill be happy to… "}
{"tweet_id":841809616480677889,"created_unixtime":1489538027292,"created_time":"Wed Mar 15 00:33:47 +0000 2017","lang":"en","displayname":"Larryg_03","time_zone":"","msg":"FrankBerardini happy birthday broo"}
{"tweet_id":841809616426151937,"created_unixtime":1489538027279,"created_time":"Wed Mar 15 00:33:47 +0000 2017","lang":"en","displayname":"mmkoch200","time_zone":"Quito","msg":"MissMovies thats awesome  So happy for you"}
{"tweet_id":841809616790933505,"created_unixtime":1489538027366,"created_time":"Wed Mar 15 00:33:47 +0000 2017","lang":"ja","displayname":"chooooouu","time_zone":"","msg":"【連載マンガ】「ほしとくずDont worry Be happy CHAPTER01」を読みました！人気マンガが無料で読める！LINEマンガ今スグ読む→ https//tco/LLzU1mLaNo LINEマンガ"}
{"tweet_id":841809616283533314,"created_unixtime":1489538027245,"created_time":"Wed Mar 15 00:33:47 +0000 2017","lang":"en","displayname":"MarionuottoMo","time_zone":"","msg":"time for hot stuffand to send u all a happy wednesday😉😘 https//tco/KlnprWtG93 https//tco/iSsjbSSNn3… https//tco/ofRKLDXH7D"}
{"tweet_id":841809616606502912,"created_unixtime":1489538027322,"created_time":"Wed Mar 15 00:33:47 +0000 2017","lang":"en","displayname":"DollaBillDillz","time_zone":"","msg":"The sad part is I never touched this woman in my life https//tco/yWDIhszDEj"}
{"tweet_id":841809617202102272,"created_unixtime":1489538027464,"created_time":"Wed Mar 15 00:33:47 +0000 2017","lang":"en","displayname":"aaronralph","time_zone":"Central Time (US & Canada)","msg":"RT BillNye Happy 314 Day peoples"}
{"tweet_id":841809617520738304,"created_unixtime":1489538027540,"created_time":"Wed Mar 15 00:33:47 +0000 2017","lang":"en","displayname":"jennnawoood","time_zone":"Central Time (US & Canada)","msg":"my mom theyre just portraying what the world is like nowgrandma I know sad huh"}
{"tweet_id":841809617621549061,"created_unixtime":1489538027564,"created_time":"Wed Mar 15 00:33:47 +0000 2017","lang":"en","displayname":"red_velvet17","time_zone":"","msg":"RT AthleteAdvisory This is motivation Happy 29th birthday Steph Curry 💯🏀🔥https//tco/FhzKTqiD3f"}
{"tweet_id":841809617730572288,"created_unixtime":1489538027590,"created_time":"Wed Mar 15 00:33:47 +0000 2017","lang":"en","displayname":"OFrDvTjcbjn9LKW","time_zone":"Pacific Time (US & Canada)","msg":"CumTrib1994 Im glad youre happy"}
{"tweet_id":841809618435112960,"created_unixtime":1489538027758,"created_time":"Wed Mar 15 00:33:47 +0000 2017","lang":"en","displayname":"ziizziii","time_zone":"Pacific Time (US & Canada)","msg":"RT NASA Its PiDay It may be irrational but pi plays an important role in the work of scientists at NASA… "}
{"tweet_id":841809618791624705,"created_unixtime":1489538027843,"created_time":"Wed Mar 15 00:33:47 +0000 2017","lang":"en","displayname":"F73312771Hannah","time_zone":"","msg":"RT michseljonh ALDUBxDTBYTugOfHearts happy morning aldub"}
{"tweet_id":841809618611408896,"created_unixtime":1489538027800,"created_time":"Wed Mar 15 00:33:47 +0000 2017","lang":"en","displayname":"c_aikee","time_zone":"","msg":"Mamccyyyy HappY birtHdaY   stay humBLe and preTTy muaahh lablab  burger Burger hehe "}
{"tweet_id":841809618800123905,"created_unixtime":1489538027845,"created_time":"Wed Mar 15 00:33:47 +0000 2017","lang":"en","displayname":"Julleahb","time_zone":"Pacific Time (US & Canada)","msg":"RT D_Deji28 Do you guys know why he was killed A girl lied that he raped her and her brother shot him dead https//tco/IWDVDZp3rz"}
{"tweet_id":841809619152384002,"created_unixtime":1489538027929,"created_time":"Wed Mar 15 00:33:47 +0000 2017","lang":"tl","displayname":"avi33Tara","time_zone":"Pacific Time (US & Canada)","msg":"Happy 33rdweeksary sa mga minamahal ko annie_jugo amp ricsl1600 stay blessed my dearsssssssss😊😊😊😊… https//tco/14J3EqFz7U"}
{"tweet_id":841809619035013121,"created_unixtime":1489538027901,"created_time":"Wed Mar 15 00:33:47 +0000 2017","lang":"en","displayname":"theelovelymuse","time_zone":"Eastern Time (US & Canada)","msg":"RT OfficialPlugged Happy 20th Birthday to the classic movie Love JonesMarch 14 1997 https//tco/Nb4JoKPwkF"}
{"tweet_id":841809619517345792,"created_unixtime":1489538028016,"created_time":"Wed Mar 15 00:33:48 +0000 2017","lang":"en","displayname":"SharonNorwoodL4","time_zone":"","msg":"nytimes Look who Trump has pulling out a chair for him a black man Wtf The bitch cant move out his own chair Sad"}
{"tweet_id":841809619437539328,"created_unixtime":1489538027997,"created_time":"Wed Mar 15 00:33:47 +0000 2017","lang":"en","displayname":"Macdongov","time_zone":"","msg":"RT OFCALDubKoTo HAPPY WEDNESDAY 😘ALDUBxDTBYTugOfHearts https//tco/iUQrMDb2PN"}
{"tweet_id":841809620163260416,"created_unixtime":1489538028170,"created_time":"Wed Mar 15 00:33:48 +0000 2017","lang":"en","displayname":"fat_ugly00","time_zone":"","msg":"RT thinzero seeing my friends eat whatever they want makes me happy bc they can eat without guilt but it also makes me want to kill mysel…"}
{"tweet_id":841809620293177344,"created_unixtime":1489538028201,"created_time":"Wed Mar 15 00:33:48 +0000 2017","lang":"en","displayname":"autermelon","time_zone":"Arizona","msg":"RT alexnoelle__ i just want to skip to the part in life where its happy and consistently stable"}
{"tweet_id":841809619336978433,"created_unixtime":1489538027973,"created_time":"Wed Mar 15 00:33:47 +0000 2017","lang":"en","displayname":"JennB1208","time_zone":"","msg":"😂😂 Happy Pi Day https//tco/P0sELPWVEx"}
{"tweet_id":841809620339462144,"created_unixtime":1489538028212,"created_time":"Wed Mar 15 00:33:48 +0000 2017","lang":"en","displayname":"laurel90","time_zone":"Central Time (US & Canada)","msg":"kristianbush Happy Birthday "}
{"tweet_id":841809620528164864,"created_unixtime":1489538028257,"created_time":"Wed Mar 15 00:33:48 +0000 2017","lang":"en","displayname":"lovable_Cute","time_zone":"Mountain Time (US & Canada)","msg":"Devins_World I would have woke up happy she throwing me ones"}
{"tweet_id":841809620750426114,"created_unixtime":1489538028310,"created_time":"Wed Mar 15 00:33:48 +0000 2017","lang":"tl","displayname":"keytnikool_","time_zone":"","msg":"Mabastos sad ta ani klase nga tao ni"}
{"tweet_id":841809620557561857,"created_unixtime":1489538028264,"created_time":"Wed Mar 15 00:33:48 +0000 2017","lang":"en","displayname":"spictacular12","time_zone":"Eastern Time (US & Canada)","msg":"RT AlainaSarrica I hate having a split family  more than anything else You can never make people happy"}
{"tweet_id":841809620767264769,"created_unixtime":1489538028314,"created_time":"Wed Mar 15 00:33:48 +0000 2017","lang":"en","displayname":"ghara_hara","time_zone":"","msg":"RT LegionAbroad OHT ALDUBxDTBYTugOfHearts Happy Tweeting Legionofaldub  legion_ligaya8  LegionEditorSP https//tco/fkMtu8CCMJ"}
{"tweet_id":841809621287292928,"created_unixtime":1489538028438,"created_time":"Wed Mar 15 00:33:48 +0000 2017","lang":"en","displayname":"SirSarkaar","time_zone":"Pacific Time (US & Canada)","msg":"RT Harshu_2288 SirSarkaar many many happy returns of the day my dear 😘😘 happy birthday 🎂 https//tco/Dh3XjW5EAL"}
{"tweet_id":841809621413203968,"created_unixtime":1489538028468,"created_time":"Wed Mar 15 00:33:48 +0000 2017","lang":"en","displayname":"watsonaitor21","time_zone":"","msg":"RT cristanangela Forget the closure I thought I needed from irrelevant people Ive moved on to better things amp im happy as fucccc"}
{"tweet_id":841809617759821825,"created_unixtime":1489538027597,"created_time":"Wed Mar 15 00:33:47 +0000 2017","lang":"en","displayname":"Healthier_365","time_zone":"","msg":"Love it when I can sit and relaxBut sleepy happy puppies that is where its really at https//tco/rJjObsun69"}
{"tweet_id":841809621518032898,"created_unixtime":1489538028493,"created_time":"Wed Mar 15 00:33:48 +0000 2017","lang":"en","displayname":"haliebgoodwin","time_zone":"","msg":"Yes man 😢 https//tco/LlWt4r5JFJ"}
{"tweet_id":841809621232844800,"created_unixtime":1489538028425,"created_time":"Wed Mar 15 00:33:48 +0000 2017","lang":"en","displayname":"Timcanpies","time_zone":"Pacific Time (US & Canada)","msg":"RT LL_Wikia March 15 Its the birthday of Sonoda Umi the lovely maiden of the sea Happy birthday Umichan 園田海未生誕祭2017 https//tco/…"}
{"tweet_id":841809621660528640,"created_unixtime":1489538028527,"created_time":"Wed Mar 15 00:33:48 +0000 2017","lang":"en","displayname":"flowerysolar","time_zone":"","msg":"RT gyultypleasure happy white day I love you I know I say it all the time and I hope it doesnt lose its meaning with you because… "}
{"tweet_id":841809619899023360,"created_unixtime":1489538028107,"created_time":"Wed Mar 15 00:33:48 +0000 2017","lang":"en","displayname":"1_WIZZ","time_zone":"","msg":"antiTrump organizers UNCOVERED antisocial personality disorder  a sad twisted warped psyche that attacks people… https//tco/dqzguubOQ1"}
{"tweet_id":841809617432809472,"created_unixtime":1489538027519,"created_time":"Wed Mar 15 00:33:47 +0000 2017","lang":"en","displayname":"Jassmine_rivera","time_zone":"","msg":"happy birthday to one of the best guys i know hope u had the best day ever 💘 ljpratt5 https//tco/LMzfBngp9d"}
{"tweet_id":841809622352728065,"created_unixtime":1489538028692,"created_time":"Wed Mar 15 00:33:48 +0000 2017","lang":"en","displayname":"julzsg59","time_zone":"Atlantic Time (Canada)","msg":"RT Jilliemary ninscrystal CUSTER85 Judeuhl butchey12 JAmy208 julzsg59 juliaharper69 JasonHoughton5 jasonvchapman Hi Nina Happy…"}
{"tweet_id":841809622692388864,"created_unixtime":1489538028773,"created_time":"Wed Mar 15 00:33:48 +0000 2017","lang":"en","displayname":"BabiShintasu","time_zone":"Central Time (US & Canada)","msg":"RT MahailaMcKellar Happy Pi Day 🌸😊🌸 Intentional Tuesdays 🌸😊🌸 Meditation WellnessThroughAwareness https//tco/imOb3yoKn7"}
{"tweet_id":841809623262859264,"created_unixtime":1489538028909,"created_time":"Wed Mar 15 00:33:48 +0000 2017","lang":"en","displayname":"zoelindsay11","time_zone":"","msg":"IndiaaXOX happy bdaay gal hope u have an amazin day🌺💛"}
{"tweet_id":841809623514468354,"created_unixtime":1489538028969,"created_time":"Wed Mar 15 00:33:48 +0000 2017","lang":"en","displayname":"amaliaprwnd","time_zone":"Bangkok","msg":"RT efacnafstb HAPPY WHITE DAY TO ARMY https//tco/HCDVGui0nY"}
{"tweet_id":841809623770255360,"created_unixtime":1489538029030,"created_time":"Wed Mar 15 00:33:49 +0000 2017","lang":"ko","displayname":"H_Ha_Z","time_zone":"","msg":"RT FF14_TENSHIELD 파이널판타지14 패치 33 추가 지역소르 카이 Sohr Khai는 드래곤족 언어로so[h]r  apology / k[h]ai  sad 슬픈 사죄라는 뜻을 담고 있습니다소[호]르 크… "}
{"tweet_id":841809622990221312,"created_unixtime":1489538028844,"created_time":"Wed Mar 15 00:33:48 +0000 2017","lang":"en","displayname":"howardhoch","time_zone":"Mid-Atlantic","msg":"Sad that Obama cant get his job back as a candy bar salesman in Chicago ghetto https//tco/tQ1PuBslId"}
{"tweet_id":841809623954923521,"created_unixtime":1489538029074,"created_time":"Wed Mar 15 00:33:49 +0000 2017","lang":"en","displayname":"RezaeeRyan","time_zone":"","msg":"happy birthday bridgeesac_ 🎈🎈miss you hope it was great"}
{"tweet_id":841809624403607552,"created_unixtime":1489538029181,"created_time":"Wed Mar 15 00:33:49 +0000 2017","lang":"en","displayname":"whatsupimtrisha","time_zone":"","msg":"RT yourdailyhugots We all deserve to be happy"}
{"tweet_id":841809624072351745,"created_unixtime":1489538029102,"created_time":"Wed Mar 15 00:33:49 +0000 2017","lang":"en","displayname":"Astrid_Dancer96","time_zone":"","msg":"RT HunterRowland the next three tour dates are already sold out and Im so happy about it 😍soo crazy just wait"}
{"tweet_id":841809624806363136,"created_unixtime":1489538029277,"created_time":"Wed Mar 15 00:33:49 +0000 2017","lang":"en","displayname":"taekooksIut","time_zone":"Eastern Time (US & Canada)","msg":"RT cliffordsshug If youre ever feeling sad just remember that this video exists https//tco/HjEMGrNXhB"}
{"tweet_id":841809624391143424,"created_unixtime":1489538029178,"created_time":"Wed Mar 15 00:33:49 +0000 2017","lang":"en","displayname":"Christobiggs23","time_zone":"","msg":"RT kiley_duffy7 Happy birthday Christobiggs23 hope you have a great day and cant wait to be at ASU with you 😘☀️"}
{"tweet_id":841809624818933760,"created_unixtime":1489538029280,"created_time":"Wed Mar 15 00:33:49 +0000 2017","lang":"en","displayname":"HelplessBetsey","time_zone":"Eastern Time (US & Canada)","msg":"DaintyLibertine — Eliza never had an interest in going to Hogwarts or even Ilvermorny She was perfectly happy to have private tutors at —"}
{"tweet_id":841809625238409217,"created_unixtime":1489538029380,"created_time":"Wed Mar 15 00:33:49 +0000 2017","lang":"en","displayname":"Grimes_Gurl","time_zone":"Central Time (US & Canada)","msg":"RT ZADF_ORG Happy National PiDay  https//tco/1BrZGZe4eW"}
{"tweet_id":841809625108365312,"created_unixtime":1489538029349,"created_time":"Wed Mar 15 00:33:49 +0000 2017","lang":"en","displayname":"ixmirax","time_zone":"","msg":"Happy birthday angel TheVampsCon we love you so much hope you have an amazing day with family and friends 🎈🎉❤❤ HappyBirthdayConnor"}
{"tweet_id":841809625460690949,"created_unixtime":1489538029433,"created_time":"Wed Mar 15 00:33:49 +0000 2017","lang":"en","displayname":"DOUBLE_A_XXi","time_zone":"Central Time (US & Canada)","msg":"OGMelo_ smh sad thing is even thought I know you lying its believable 😩😂"}
{"tweet_id":841809625716531201,"created_unixtime":1489538029494,"created_time":"Wed Mar 15 00:33:49 +0000 2017","lang":"en","displayname":"CourtLovesAvi","time_zone":"Central Time (US & Canada)","msg":"actuallymaxie You be cute and send me snaps when Im sad that make me not sad oops you already did those"}
{"tweet_id":841809626370850816,"created_unixtime":1489538029650,"created_time":"Wed Mar 15 00:33:49 +0000 2017","lang":"en","displayname":"808srej","time_zone":"Pacific Time (US & Canada)","msg":"RT kilokyla Block me https//tco/QOwUDuksXH"}
{"tweet_id":841809626450485248,"created_unixtime":1489538029669,"created_time":"Wed Mar 15 00:33:49 +0000 2017","lang":"en","displayname":"SerinaKG","time_zone":"Pacific Time (US & Canada)","msg":"RT PhatIconnn Why do yall want fat people to hate themselves and be depressedwe know it isnt healthy but we can be happy and b… "}
{"tweet_id":841809626005942272,"created_unixtime":1489538029563,"created_time":"Wed Mar 15 00:33:49 +0000 2017","lang":"en","displayname":"lucasmaccoitir","time_zone":"","msg":"OrlaithOLeary happy birthday princess much love xx"}
{"tweet_id":841809626584702977,"created_unixtime":1489538029701,"created_time":"Wed Mar 15 00:33:49 +0000 2017","lang":"ja","displayname":"9ramasan","time_zone":"","msg":"RT lovelive_kot うみちゃーん♡Happy Birthdayヽ〃･ω･ﾉ☆ﾟ’･☆ラブアローシュート♡♡これからも大好きだよ♡園田海未生誕祭2017 園田海未好きな人RT RTした人全員フォローする… "}
{"tweet_id":841809626580541440,"created_unixtime":1489538029700,"created_time":"Wed Mar 15 00:33:49 +0000 2017","lang":"en","displayname":"kelledavis9661","time_zone":"","msg":"good morning friends and sisters Happy Hump Day "}
{"tweet_id":841809626999865344,"created_unixtime":1489538029800,"created_time":"Wed Mar 15 00:33:49 +0000 2017","lang":"en","displayname":"_nataliecortezz","time_zone":"","msg":"RT _dannie_25 Happy birthday🎈 _nataliecortezz"}
{"tweet_id":841809626697994240,"created_unixtime":1489538029728,"created_time":"Wed Mar 15 00:33:49 +0000 2017","lang":"en","displayname":"minseokaeb","time_zone":"Pacific Time (US & Canada)","msg":"RT chwndIerriggs Hi Chandler Could Read the text that I made for you Done with great care if you can follow me I will be super hap… "}
{"tweet_id":841809627062845440,"created_unixtime":1489538029815,"created_time":"Wed Mar 15 00:33:49 +0000 2017","lang":"ja","displayname":"moon2_yuu","time_zone":"","msg":"RT tsukiuta1 ☆Happy White Day③☆恋「俺たちにプランを任せて頂ければ、笑いの耐えないデートをご提供してみせます！」駆「そして体重１kgはかたい」恋「フラれるヤツ…！」※DLOK※壁紙などマナーを守って使ってくださいね https/…"}
{"tweet_id":841809627444580352,"created_unixtime":1489538029906,"created_time":"Wed Mar 15 00:33:49 +0000 2017","lang":"en","displayname":"brooklyn63845","time_zone":"","msg":"RT Johnnaburchell Someone come into my life and make me happy thx"}
{"tweet_id":841809627041955841,"created_unixtime":1489538029810,"created_time":"Wed Mar 15 00:33:49 +0000 2017","lang":"en","displayname":"JauneDaBomb","time_zone":"Pacific Time (US & Canada)","msg":"come here Ruby hugs I know you want to be with your friends while you can but I need you to be strong for… https//tco/yj6QVcBIop"}
{"tweet_id":841809626312015872,"created_unixtime":1489538029636,"created_time":"Wed Mar 15 00:33:49 +0000 2017","lang":"en","displayname":"silent_apathy","time_zone":"Mountain Time (US & Canada)","msg":"Because sciencematters Happy PiDay https//tco/4tdV00J5LW"}
{"tweet_id":841809626698022913,"created_unixtime":1489538029728,"created_time":"Wed Mar 15 00:33:49 +0000 2017","lang":"en","displayname":"ChloeGreen20","time_zone":"","msg":"Hello find new girl and be happy  https//tco/TAZrjA3xPw https//tco/dJPM3md1OF"}
{"tweet_id":841809627725545472,"created_unixtime":1489538029973,"created_time":"Wed Mar 15 00:33:49 +0000 2017","lang":"en","displayname":"VivianReyes23","time_zone":"","msg":"RT Legionofaldub Good morning banana mainedcm 💜Your your banana 🍌 na aldenrichards02 waiting ALDUBxDTBYTugOfHearts https//tco/A…"}
{"tweet_id":841809627989790721,"created_unixtime":1489538030036,"created_time":"Wed Mar 15 00:33:50 +0000 2017","lang":"en","displayname":"BobSmith4152","time_zone":"Pacific Time (US & Canada)","msg":"RT RoseAnnDeMoro Happy Pi Day PiDay resist https//tco/WtRwHPsSL2"}
{"tweet_id":841809628178538497,"created_unixtime":1489538030081,"created_time":"Wed Mar 15 00:33:50 +0000 2017","lang":"en","displayname":"ButterflyAIVY","time_zone":"","msg":"RT bossyney Happy for you May Youre finally living your dreams  MBMayWard"}
{"tweet_id":841809627574599680,"created_unixtime":1489538029937,"created_time":"Wed Mar 15 00:33:49 +0000 2017","lang":"en","displayname":"pecunium","time_zone":"Atlantic Time (Canada)","msg":"RT jelenawoehr No a very sad day is when you lose a loved one or arent paid for your work What youre experiencing Boris… "}
{"tweet_id":841809628262416385,"created_unixtime":1489538030101,"created_time":"Wed Mar 15 00:33:50 +0000 2017","lang":"en","displayname":"sofea96","time_zone":"","msg":"RT 9GAG Face Youre uglyBody Youre fatBrain Youre stupidLife You suckFood Come here babe youll be happy with me"}
{"tweet_id":841809628283330564,"created_unixtime":1489538030106,"created_time":"Wed Mar 15 00:33:50 +0000 2017","lang":"en","displayname":"KendallJane34","time_zone":"Pacific Time (US & Canada)","msg":"AshHardells sad friend voice is pretty much what Sadness from Inside Out sounds like so thats a fun fact"}
{"tweet_id":841809628153430022,"created_unixtime":1489538030075,"created_time":"Wed Mar 15 00:33:50 +0000 2017","lang":"en","displayname":"KristaLovesJian","time_zone":"","msg":"RT RickyPDillon Happy pi day https//tco/PyJRimk7d3"}
{"tweet_id":841809628652433409,"created_unixtime":1489538030194,"created_time":"Wed Mar 15 00:33:50 +0000 2017","lang":"en","displayname":"xojovixo","time_zone":"","msg":"RT Pr1nceJustin People dont even date anymore  they talk  catch feelings  have a good thing going on for a lil then end up ignoring…"}
{"tweet_id":841809627427684352,"created_unixtime":1489538029902,"created_time":"Wed Mar 15 00:33:49 +0000 2017","lang":"ja","displayname":"nakajiii_41","time_zone":"","msg":"海未ちゃんHappy Birthday  ॑꒳ ॑ ♥ https//tco/hZtvvtlVNr"}
{"tweet_id":841809628765802496,"created_unixtime":1489538030221,"created_time":"Wed Mar 15 00:33:50 +0000 2017","lang":"en","displayname":"Offishal1","time_zone":"Central Time (US & Canada)","msg":"Ray_Woods Awww Happy Birthday boo 😊"}
{"tweet_id":841809629189398528,"created_unixtime":1489538030322,"created_time":"Wed Mar 15 00:33:50 +0000 2017","lang":"en","displayname":"_tone1_","time_zone":"","msg":"RT SneakyDog773 _tone1_ Happy Birthday DOG😤"}
{"tweet_id":841809628870651905,"created_unixtime":1489538030246,"created_time":"Wed Mar 15 00:33:50 +0000 2017","lang":"en","displayname":"Ollie_Parsons1","time_zone":"","msg":"MarkgLcfc yeah they werent happy when i shouted adios amigos and one in a hood just charged straight at me hahaha Copper stopped him tho"}
{"tweet_id":841809629533241344,"created_unixtime":1489538030404,"created_time":"Wed Mar 15 00:33:50 +0000 2017","lang":"ja","displayname":"GMTA_11","time_zone":"","msg":"RT fukasaru1007 🎁Happy🎉Birthday🎂海未ちゃん！誕生日おめでとう♡可愛くて、友達想いでまっすぐ？な海未ちゃんが大好きです♡勧誘も何も出来なくてごめんなさい来年は絶対やるから！文字数が園田海未生誕祭… "}
{"tweet_id":841809629290090497,"created_unixtime":1489538030346,"created_time":"Wed Mar 15 00:33:50 +0000 2017","lang":"en","displayname":"Juliacali_","time_zone":"","msg":"Aww your so sweet bby happy you like it❤ https//tco/aQSrZKTVoc"}
{"tweet_id":841809629592055809,"created_unixtime":1489538030418,"created_time":"Wed Mar 15 00:33:50 +0000 2017","lang":"en","displayname":"jadebabYy_22","time_zone":"","msg":"I liked a YouTube video https//tco/HNwcAMc0iJ SHE ISNT HAPPY ABOUT THIS"}
{"tweet_id":841809629680148485,"created_unixtime":1489538030439,"created_time":"Wed Mar 15 00:33:50 +0000 2017","lang":"en","displayname":"FlorColdplay","time_zone":"Buenos Aires","msg":"RT Jayreg1969 Love this https//tco/cLrFgGXBp1"}
{"tweet_id":841809629654982656,"created_unixtime":1489538030433,"created_time":"Wed Mar 15 00:33:50 +0000 2017","lang":"en","displayname":"Timcanpies","time_zone":"Pacific Time (US & Canada)","msg":"RT LLUpdates March 15th is Umi Sonadas birthday Happy birthday Umi 💙園田海未生誕祭2017 https//tco/fRdJUZyY8A"}
{"tweet_id":841809630028152832,"created_unixtime":1489538030522,"created_time":"Wed Mar 15 00:33:50 +0000 2017","lang":"ja","displayname":"SnowmountG","time_zone":"","msg":"RT T_IWATA_EX_3JSB 本日、新曲『HAPPY』が店着日となりました‼️三代目 J Soul Brothers、2017年第一弾シングルを宜しくお願い致します🙏🏻✨jsb3_official https//tco/JaZgE3NICO"}
{"tweet_id":841809628883234816,"created_unixtime":1489538030249,"created_time":"Wed Mar 15 00:33:50 +0000 2017","lang":"en","displayname":"ATfinnandjake32","time_zone":"","msg":"Happy birthday Finn 🤗💙💙💙AdventureTime finnbirthday https//tco/qsfNDlPRqv"}
{"tweet_id":841809630250569728,"created_unixtime":1489538030575,"created_time":"Wed Mar 15 00:33:50 +0000 2017","lang":"en","displayname":"younggiv","time_zone":"Pacific Time (US & Canada)","msg":"RT Taytaughtem I just want my life to be like Nina Mosley I want to find my Darius Lovehall so I can seduce him with my poetry L… "}
{"tweet_id":841809629847863296,"created_unixtime":1489538030479,"created_time":"Wed Mar 15 00:33:50 +0000 2017","lang":"en","displayname":"letradoarmando1","time_zone":"","msg":"RT IntelSoftware Happy Pi Day  PiDay https//tco/xAxi11uyni"}
{"tweet_id":841809630103769090,"created_unixtime":1489538030540,"created_time":"Wed Mar 15 00:33:50 +0000 2017","lang":"en","displayname":"BabiiCoco21","time_zone":"Eastern Time (US & Canada)","msg":"RT ElectricLadyPHL Happy to have the ladies of BabelsBack performing at UNITY3/24RSVP https//tco/SkcyuPMcBr https//tco/…"}
{"tweet_id":841809629671788544,"created_unixtime":1489538030437,"created_time":"Wed Mar 15 00:33:50 +0000 2017","lang":"en","displayname":"OneSkaterCA","time_zone":"","msg":"Do what makes your soul shine quote soul shine happy inspiration https//tco/DRXt41FnI3 https//tco/TnQL9GvJvA"}
{"tweet_id":841809631001354241,"created_unixtime":1489538030754,"created_time":"Wed Mar 15 00:33:50 +0000 2017","lang":"en","displayname":"misbahrb","time_zone":"Amsterdam","msg":"RT Fatimaa__z I actually hate this dunya its impossible to be happy when everything is so corrupt"}
{"tweet_id":841809631336849408,"created_unixtime":1489538030834,"created_time":"Wed Mar 15 00:33:50 +0000 2017","lang":"en","displayname":"PajaronLouis","time_zone":"Pacific Time (US & Canada)","msg":"RT pinayquotes_ Remember the five simple rules to be happy"}
{"tweet_id":841809632360194048,"created_unixtime":1489538031078,"created_time":"Wed Mar 15 00:33:51 +0000 2017","lang":"en","displayname":"avi33Tara","time_zone":"Pacific Time (US & Canada)","msg":"RT ricsl1600 HAPPY WEEKSARY AND GOOD MORNING MS BEAUTIFUL LADIES avi33Tara annie_jugo ALDUBxDTBYTugOfHearts https//tco/LfwxSYqMS5"}
{"tweet_id":841809632129626112,"created_unixtime":1489538031023,"created_time":"Wed Mar 15 00:33:51 +0000 2017","lang":"en","displayname":"matetzkie05","time_zone":"","msg":"Happy third anniversary JaDines LetOurPurpleHeartsShineAt3"}
{"tweet_id":841809632679018496,"created_unixtime":1489538031154,"created_time":"Wed Mar 15 00:33:51 +0000 2017","lang":"ja","displayname":"mirin0216","time_zone":"Tokyo","msg":"RT wildtono 💙　HAPPY　WHITEDAY　💙男の子の告白シーンおみくじ作ってみました、いつもありがとうございます✨😊 https//tco/HfNIRx0cQa"}
{"tweet_id":841809632372838400,"created_unixtime":1489538031081,"created_time":"Wed Mar 15 00:33:51 +0000 2017","lang":"en","displayname":"dayuajeng","time_zone":"Alaska","msg":"yesterday was your birthday happy birthday badass jizziemcguire https//tco/Or8rPHW6yo"}
{"tweet_id":841809633043992576,"created_unixtime":1489538031241,"created_time":"Wed Mar 15 00:33:51 +0000 2017","lang":"en","displayname":"katiiecostello","time_zone":"Pacific Time (US & Canada)","msg":"RT changes saying im tired when youre actually sad"}
{"tweet_id":841809632930742273,"created_unixtime":1489538031214,"created_time":"Wed Mar 15 00:33:51 +0000 2017","lang":"en","displayname":"JaDineBoys","time_zone":"","msg":"RT YuCriscia Happy 3rd year anniversary JaDineLand Love you allLetOurPurpleHeartsShineAt3 https//tco/ZfXpkdy09O"}
{"tweet_id":841809633668882432,"created_unixtime":1489538031390,"created_time":"Wed Mar 15 00:33:51 +0000 2017","lang":"en","displayname":"imdelacruzrizza","time_zone":"Arizona","msg":"RT dailytxtmsg You make me happy Please stay"}
{"tweet_id":841809633455013889,"created_unixtime":1489538031339,"created_time":"Wed Mar 15 00:33:51 +0000 2017","lang":"en","displayname":"shivayadavji","time_zone":"Asia/Calcutta","msg":"Happy holi  shiva_yadav_ji  in my village hirner https//tco/b9AaiDxcat"}
{"tweet_id":841809633417269248,"created_unixtime":1489538031330,"created_time":"Wed Mar 15 00:33:51 +0000 2017","lang":"en","displayname":"mawiwawie","time_zone":"Pacific Time (US & Canada)","msg":"RT IccySteve I was happy with my haircut 💇‍♂️ https//tco/eyAiRFynrW"}
{"tweet_id":841809634146967552,"created_unixtime":1489538031504,"created_time":"Wed Mar 15 00:33:51 +0000 2017","lang":"en","displayname":"Mymildtwinstar","time_zone":"","msg":"topstarnews Happy Jacksons Day I wish you always be happines and take care your health as you take care of IGOT7 1"}
{"tweet_id":841809631701680128,"created_unixtime":1489538030921,"created_time":"Wed Mar 15 00:33:50 +0000 2017","lang":"tl","displayname":"pikNYX","time_zone":"Tokyo","msg":"Hayowp Birthday nya Hahahaha Happy Beerday Beks  HAHAHAHAHAHAHAHAHA _deexv https//tco/bGi1UYuoy8"}
{"tweet_id":841809634054811650,"created_unixtime":1489538031482,"created_time":"Wed Mar 15 00:33:51 +0000 2017","lang":"en","displayname":"hayley_palm","time_zone":"","msg":"RT astrid_loch I want a relationship that makes me as happy as ravengates09 skipping around Finland TheBachelor"}
{"tweet_id":841809632964296704,"created_unixtime":1489538031222,"created_time":"Wed Mar 15 00:33:51 +0000 2017","lang":"en","displayname":"WadeNeverFades","time_zone":"","msg":"RT ImagineErotica Dating someone is so cool like hey I like you and you like me lets hangout and have inside jokes and kiss each other a…"}
{"tweet_id":841809634264510464,"created_unixtime":1489538031532,"created_time":"Wed Mar 15 00:33:51 +0000 2017","lang":"en","displayname":"ADiPirro23","time_zone":"","msg":"DEPEW CLOSED AGAIN  HAPPY ANNIE"}
{"tweet_id":841809634621022211,"created_unixtime":1489538031617,"created_time":"Wed Mar 15 00:33:51 +0000 2017","lang":"en","displayname":"DTKnows","time_zone":"Eastern Time (US & Canada)","msg":"DeeepThreat as a tax guy Its hilarious and yet sad how excited ppl are to see a 1040 Funnier part will be ppl trying to understand it"}
{"tweet_id":841809633694093312,"created_unixtime":1489538031396,"created_time":"Wed Mar 15 00:33:51 +0000 2017","lang":"en","displayname":"mrspencermason","time_zone":"","msg":"A sad monologue called Wasted Talent Im rehearsing about depression and wasted potential actingschool actor https//tco/h7OfqoRtXU"}
{"tweet_id":841809634251939842,"created_unixtime":1489538031529,"created_time":"Wed Mar 15 00:33:51 +0000 2017","lang":"en","displayname":"castawayyycalum","time_zone":"","msg":"the iconic moment Ke killed my hopes and dreams https//tco/7Ow9cNjrEW"}
{"tweet_id":841809634843328512,"created_unixtime":1489538031670,"created_time":"Wed Mar 15 00:33:51 +0000 2017","lang":"en","displayname":"cavillspurpose","time_zone":"London","msg":"RT godsnyder I hated that Sad Affleck meme from the start That shit was never fucking funny It needs to burn"}
{"tweet_id":841809634696429568,"created_unixtime":1489538031635,"created_time":"Wed Mar 15 00:33:51 +0000 2017","lang":"en","displayname":"VivianReyes23","time_zone":"","msg":"RT TropALDUBDFNDR Happy Tweeting😊 ALDUBxDTBYTugOfHearts AlDubBigGirlz AlDubBigBoyz ALDUBHashtagSQ  TropALDUB  yodabuda… "}
{"tweet_id":841809635812229122,"created_unixtime":1489538031901,"created_time":"Wed Mar 15 00:33:51 +0000 2017","lang":"en","displayname":"LoveAlways_Meee","time_zone":"Central Time (US & Canada)","msg":"RT BeaIive dont be sad bc sad spelt backwards is das and das not good"}
{"tweet_id":841809634851721217,"created_unixtime":1489538031672,"created_time":"Wed Mar 15 00:33:51 +0000 2017","lang":"en","displayname":"TASTEMyInsanity","time_zone":"Central Time (US & Canada)","msg":"RT D_Deji28 Do you guys know why he was killed A girl lied that he raped her and her brother shot him dead https//tco/IWDVDZp3rz"}
{"tweet_id":841809635602509829,"created_unixtime":1489538031851,"created_time":"Wed Mar 15 00:33:51 +0000 2017","lang":"en","displayname":"codstivelli","time_zone":"Eastern Time (US & Canada)","msg":"Its so sad to me how stupid people here can be after seeing how tragic ol beautiful star girls sweet little angel self passed theyre"}
{"tweet_id":841809636625866752,"created_unixtime":1489538032095,"created_time":"Wed Mar 15 00:33:52 +0000 2017","lang":"en","displayname":"thecrawfordadv","time_zone":"Pacific Time (US & Canada)","msg":"RT NatureNPS This is what happens when you have a building full of scientists and a laser👨🏽‍🔬👩🏾‍🔬⚡️3️⃣1️⃣4️⃣ Happy PiDay https//tco…"}
{"tweet_id":841809636424572928,"created_unixtime":1489538032047,"created_time":"Wed Mar 15 00:33:52 +0000 2017","lang":"en","displayname":"isabelramirezz_","time_zone":"Central Time (US & Canada)","msg":"RT isabelcerda9 Ive been so happy lately and I really wanna stay this way"}
{"tweet_id":841809635975802885,"created_unixtime":1489538031940,"created_time":"Wed Mar 15 00:33:51 +0000 2017","lang":"en","displayname":"00MelBell00","time_zone":"Pacific Time (US & Canada)","msg":"kiyannamonaeee i love you but you were wrong to hit sayyoraink just because she didnt want to cosign w yoursampfras… https//tco/oGQSB6rbiF"}
{"tweet_id":841809636877557761,"created_unixtime":1489538032155,"created_time":"Wed Mar 15 00:33:52 +0000 2017","lang":"en","displayname":"_kennedysmi","time_zone":"","msg":"RT D_Deji28 Do you guys know why he was killed A girl lied that he raped her and her brother shot him dead https//tco/IWDVDZp3rz"}
{"tweet_id":841809636659470338,"created_unixtime":1489538032103,"created_time":"Wed Mar 15 00:33:52 +0000 2017","lang":"en","displayname":"darealmamacita","time_zone":"","msg":"mashable well hell if they want it that bad they can come to Syracuse to get some we will more than happy to give them some"}
{"tweet_id":841809637208907776,"created_unixtime":1489538032234,"created_time":"Wed Mar 15 00:33:52 +0000 2017","lang":"en","displayname":"SuleimanJat_","time_zone":"","msg":"RT Stormzy1 Do what makes you happy mate"}
{"tweet_id":841809636600754176,"created_unixtime":1489538032089,"created_time":"Wed Mar 15 00:33:52 +0000 2017","lang":"en","displayname":"AhmadMuzhaffar","time_zone":"Alaska","msg":"Happy Wednesday people AhmadMuzhaffar is now open for lunch From 11am till 3pm We serve… https//tco/TeGjlWpR7o"}
{"tweet_id":841809637401858049,"created_unixtime":1489538032280,"created_time":"Wed Mar 15 00:33:52 +0000 2017","lang":"en","displayname":"elaynajones","time_zone":"Pacific Time (US & Canada)","msg":"RT L1LDebbie You dont find the happy life  you make it"}
{"tweet_id":841809637489836032,"created_unixtime":1489538032301,"created_time":"Wed Mar 15 00:33:52 +0000 2017","lang":"en","displayname":"rahwillz","time_zone":"Eastern Time (US & Canada)","msg":"RT DjCarisma Happy Birthday ITSTHEKIDANGEL 🌴🎂🌴"}
{"tweet_id":841809637737357312,"created_unixtime":1489538032360,"created_time":"Wed Mar 15 00:33:52 +0000 2017","lang":"en","displayname":"EvanNayman","time_zone":"","msg":"happy bday to best udyr na RileighMoore"}
{"tweet_id":841809637481545729,"created_unixtime":1489538032299,"created_time":"Wed Mar 15 00:33:52 +0000 2017","lang":"en","displayname":"indelacio_co_uk","time_zone":"UTC","msg":"When you remove a fire alarm with a hammer it makes such a sad noise shouldve not malfunctioned and shut up"}
{"tweet_id":841809636617539584,"created_unixtime":1489538032093,"created_time":"Wed Mar 15 00:33:52 +0000 2017","lang":"en","displayname":"alisonnnn1115","time_zone":"","msg":"one last happy bday to this beautiful soul😇💘 endless love for you Al you deserve the world🌎💚 xoxoxo https//tco/ohzUtzCqYA"}
{"tweet_id":841809637703880705,"created_unixtime":1489538032352,"created_time":"Wed Mar 15 00:33:52 +0000 2017","lang":"en","displayname":"bIueguitar","time_zone":"Brasilia","msg":"SherriSaum1 a thing about Stef that you love with all your heart thefosterschat THANK U FOR SAYING HI TO MY GIRL SHES SO HAPPY lt3 loveu"}
{"tweet_id":841809637749977090,"created_unixtime":1489538032363,"created_time":"Wed Mar 15 00:33:52 +0000 2017","lang":"en","displayname":"nicklatchy","time_zone":"","msg":"_logankidder happy birthday neighbor"}
{"tweet_id":841809638349668352,"created_unixtime":1489538032506,"created_time":"Wed Mar 15 00:33:52 +0000 2017","lang":"en","displayname":"peter_ott_24","time_zone":"Pacific Time (US & Canada)","msg":"Happy pi day peoples https//tco/O5lt2sNWEN"}
{"tweet_id":841809636256817153,"created_unixtime":1489538032007,"created_time":"Wed Mar 15 00:33:52 +0000 2017","lang":"en","displayname":"jasminecassadi","time_zone":"","msg":"RT CUTEST_ANlMALS this makes me so happy  https//tco/4ebwUxo9Hg"}
{"tweet_id":841809638072950786,"created_unixtime":1489538032440,"created_time":"Wed Mar 15 00:33:52 +0000 2017","lang":"en","displayname":"bi_hamilfan","time_zone":"Eastern Time (US & Canada)","msg":"RT Lin_Manuel Me no math but happy you like all these numbers in this order https//tco/pU9iT5XbpV"}
{"tweet_id":841809638463049728,"created_unixtime":1489538032533,"created_time":"Wed Mar 15 00:33:52 +0000 2017","lang":"en","displayname":"krissingsg","time_zone":"","msg":"stjinx_maya s weibo update [140317] Good night for Happy White Valentines Day🙊he looks so… https//tco/1ijaC32cWb"}
{"tweet_id":841809638869815297,"created_unixtime":1489538032630,"created_time":"Wed Mar 15 00:33:52 +0000 2017","lang":"en","displayname":"einnoc115","time_zone":"Pacific Time (US & Canada)","msg":"Wish I can turn back time and  go back to last Sunday at 1215 PM I could use some happy thoughts kellymonaco1 💕"}
{"tweet_id":841809638970531840,"created_unixtime":1489538032654,"created_time":"Wed Mar 15 00:33:52 +0000 2017","lang":"en","displayname":"honeybelxkobi","time_zone":"","msg":"StephenCurry30 happy birthday 🎊🎈🎁🎉🎂 love you 😘"}
{"tweet_id":841809638362349568,"created_unixtime":1489538032509,"created_time":"Wed Mar 15 00:33:52 +0000 2017","lang":"en","displayname":"mvilaisak","time_zone":"Eastern Time (US & Canada)","msg":"RT septicals do u ever lay in bed and get really sad about ur favorite person bc theyre not in the bed with u"}
{"tweet_id":841809639536656386,"created_unixtime":1489538032789,"created_time":"Wed Mar 15 00:33:52 +0000 2017","lang":"en","displayname":"Jessdistrict11","time_zone":"","msg":"RT ohteenquotes Spend life with who makes you happy not with who you have to impress"}
{"tweet_id":841809637905170435,"created_unixtime":1489538032400,"created_time":"Wed Mar 15 00:33:52 +0000 2017","lang":"en","displayname":"_OGPREACH","time_zone":"CDT","msg":"Happy 314Day https//tco/UUqOTuEWxc"}
{"tweet_id":841809639545147392,"created_unixtime":1489538032791,"created_time":"Wed Mar 15 00:33:52 +0000 2017","lang":"und","displayname":"violentquark","time_zone":"Amsterdam","msg":"E sam lepo govorila kad sllikavate penisa da upišete na ruci ime Da ste me slušali sad bi imali Vučića u šaci Da tako kažem"}
{"tweet_id":841809640019001344,"created_unixtime":1489538032904,"created_time":"Wed Mar 15 00:33:52 +0000 2017","lang":"en","displayname":"junahmanwa","time_zone":"Beijing","msg":"Belated happy birthday piabrnrdo Sorry I wasnt able to greet you on time 😔😭 Hope you enjoyed your day 🎉❤😘"}
{"tweet_id":841809639696142336,"created_unixtime":1489538032827,"created_time":"Wed Mar 15 00:33:52 +0000 2017","lang":"en","displayname":"theflahxs","time_zone":"","msg":"RT dpanabaker Happy pi day"}
{"tweet_id":841809639838781440,"created_unixtime":1489538032861,"created_time":"Wed Mar 15 00:33:52 +0000 2017","lang":"en","displayname":"maovel70","time_zone":"","msg":"RT Learntoskywatch Morning YallWeve had a total of 20 Sunspotless days in 2017 and today makes 9 in a row  Happy Pi Day  Ima… "}
{"tweet_id":841809640031682560,"created_unixtime":1489538032907,"created_time":"Wed Mar 15 00:33:52 +0000 2017","lang":"en","displayname":"ixmirax","time_zone":"","msg":"RT Tjasa_12 HAPPY HAPPY HAPPY BIRTHDAY CONNOR❤️🎉 TheVampsCon TheVampsband HappyBirthdayConnor Love you❤️🔥 https//tco/d3RMKTlXDr"}
{"tweet_id":841809640291721221,"created_unixtime":1489538032969,"created_time":"Wed Mar 15 00:33:52 +0000 2017","lang":"en","displayname":"CharlieHirst05","time_zone":"","msg":"Aidanwilliams97 happy birthday lad x"}
{"tweet_id":841809640291737601,"created_unixtime":1489538032969,"created_time":"Wed Mar 15 00:33:52 +0000 2017","lang":"en","displayname":"kaitastic_","time_zone":"Atlantic Time (Canada)","msg":"RT cliffordsshug If youre ever feeling sad just remember that this video exists https//tco/HjEMGrNXhB"}
{"tweet_id":841809640795045893,"created_unixtime":1489538033089,"created_time":"Wed Mar 15 00:33:53 +0000 2017","lang":"en","displayname":"GianluT67","time_zone":"Rome","msg":"Why the fuck damn Ovi doesnt celebrate this fucking goal Dont be sad drought is over"}
{"tweet_id":841809640551772161,"created_unixtime":1489538033031,"created_time":"Wed Mar 15 00:33:53 +0000 2017","lang":"en","displayname":"nishiplier","time_zone":"Pacific Time (US & Canada)","msg":"RT celestialavidan thankyoudan for being an inspiration for cheering me up when im down for everything i love you and happy birthd… "}
{"tweet_id":841809640866369536,"created_unixtime":1489538033106,"created_time":"Wed Mar 15 00:33:53 +0000 2017","lang":"en","displayname":"ThatDickScott","time_zone":"Eastern Time (US & Canada)","msg":"tracy_forner thedudeabides81 IndyStyle Nice happy anniversary Indy Style folks"}
{"tweet_id":841809641159966722,"created_unixtime":1489538033176,"created_time":"Wed Mar 15 00:33:53 +0000 2017","lang":"en","displayname":"TheSoccerUK","time_zone":"","msg":"RT TFS_StokeCity Happy birthday to Joe Allen who turns 27 today SCFC https//tco/zesnpZ6J34 https//tco/yVF65WZD39"}
{"tweet_id":841809641478676480,"created_unixtime":1489538033252,"created_time":"Wed Mar 15 00:33:53 +0000 2017","lang":"en","displayname":"gaeullove33","time_zone":"","msg":"Ate Loveee Happy Birthday meowanghal 😘💕 I love youuu and Im always here for youuu"}
{"tweet_id":841809641281597440,"created_unixtime":1489538033205,"created_time":"Wed Mar 15 00:33:53 +0000 2017","lang":"en","displayname":"RafrafinJ","time_zone":"","msg":"RT ltsKermit So annoying when ppl are like ur always laughin U laugh at everything Its not that funny like OK sorry Im a happy per…"}
{"tweet_id":841809641407451136,"created_unixtime":1489538033235,"created_time":"Wed Mar 15 00:33:53 +0000 2017","lang":"en","displayname":"NotTheRealEspy","time_zone":"Central Time (US & Canada)","msg":"RT fox32news HAPPY BIRTHDAY Albert Einstein was born on this day in 1879 Hes best known for E  mc2 dubbed the worlds most… "}
{"tweet_id":841809641587785729,"created_unixtime":1489538033278,"created_time":"Wed Mar 15 00:33:53 +0000 2017","lang":"en","displayname":"LewisMcParlane","time_zone":"","msg":"gabbyforesta1 Rebeccakane_ yes this is sad but look at his shoes"}
{"tweet_id":841809641562595330,"created_unixtime":1489538033272,"created_time":"Wed Mar 15 00:33:53 +0000 2017","lang":"en","displayname":"VxxHW","time_zone":"Eastern Time (US & Canada)","msg":"RT RevArielle Happy birthday Daddy 🎂🎁 See you soon 😘😘 OrderlySinn https//tco/UBu0zOYRZ7"}
{"tweet_id":841809641696706560,"created_unixtime":1489538033304,"created_time":"Wed Mar 15 00:33:53 +0000 2017","lang":"en","displayname":"daemchyoo","time_zone":"Kuala Lumpur","msg":"RT FEATYONGGUK himchan always takes care of the members and makes sure that theyre happy and loved baps actual sunshine https//tco/b…"}
{"tweet_id":841809641520660480,"created_unixtime":1489538033262,"created_time":"Wed Mar 15 00:33:53 +0000 2017","lang":"en","displayname":"alexisdonnellyy","time_zone":"","msg":"RT brookemcgannn i cant even lie im genuinely happy with my life right now"}
{"tweet_id":841809641474514944,"created_unixtime":1489538033251,"created_time":"Wed Mar 15 00:33:53 +0000 2017","lang":"en","displayname":"Hamouz_","time_zone":"Casablanca","msg":"RT The_coffeeholic Porn https//tco/d9FtiRVKug"}
{"tweet_id":841809642413936641,"created_unixtime":1489538033475,"created_time":"Wed Mar 15 00:33:53 +0000 2017","lang":"en","displayname":"HisyamNursalam","time_zone":"Kuala Lumpur","msg":"AwinM happy birthday doctor awin"}
{"tweet_id":841809642632052736,"created_unixtime":1489538033527,"created_time":"Wed Mar 15 00:33:53 +0000 2017","lang":"en","displayname":"StarLifeNick","time_zone":"Eastern Time (US & Canada)","msg":"proud you bro told u it a happen great sad i ain there but bigger things to come FromDowdyToYou_"}
{"tweet_id":841809642506313728,"created_unixtime":1489538033497,"created_time":"Wed Mar 15 00:33:53 +0000 2017","lang":"en","displayname":"bowhunter_va","time_zone":"","msg":"RT comermd NancyPelosi The most disillusioned Dem in DC Raising Money for a Disillusioned Al Jazeera Puppet Sad GA06… "}
{"tweet_id":841809641847812096,"created_unixtime":1489538033340,"created_time":"Wed Mar 15 00:33:53 +0000 2017","lang":"en","displayname":"photonblaze","time_zone":"Eastern Time (US & Canada)","msg":"RT WarioWare3DS Im happy that the green ranger was green and not silver or gold or some other special color"}
{"tweet_id":841809642766385152,"created_unixtime":1489538033559,"created_time":"Wed Mar 15 00:33:53 +0000 2017","lang":"ja","displayname":"134rtaka","time_zone":"","msg":"RT satoutakuyaman SECRET BASE が復活します！！場所は平塚HAPPY MOUNTAIN https//tco/8nHnmfEfMQ"}
{"tweet_id":841809642804113408,"created_unixtime":1489538033568,"created_time":"Wed Mar 15 00:33:53 +0000 2017","lang":"en","displayname":"rebecca_mx","time_zone":"Casablanca","msg":"RT Stormzy1 Do what makes you happy mate"}
{"tweet_id":841809642950860801,"created_unixtime":1489538033603,"created_time":"Wed Mar 15 00:33:53 +0000 2017","lang":"en","displayname":"austinlabry","time_zone":"","msg":"RT ohteenquotes Spend life with who makes you happy not with who you have to impress"}
{"tweet_id":841809643076689922,"created_unixtime":1489538033633,"created_time":"Wed Mar 15 00:33:53 +0000 2017","lang":"en","displayname":"ME4E","time_zone":"Central Time (US & Canada)","msg":"Happy Pi Day from PJ Storytime piday pie math  libraryprogram  Green Hills Public Library https//tco/n5JiazvEsu"}
{"tweet_id":841809643487821824,"created_unixtime":1489538033731,"created_time":"Wed Mar 15 00:33:53 +0000 2017","lang":"en","displayname":"41characters","time_zone":"Pacific Time (US & Canada)","msg":"TripAyakker sad year indeed first McAfee now this smh"}
{"tweet_id":841809643827564544,"created_unixtime":1489538033812,"created_time":"Wed Mar 15 00:33:53 +0000 2017","lang":"en","displayname":"ChelseaChavis","time_zone":"Tokyo","msg":"keelyvalentine well stop it unless it makes you happy"}
{"tweet_id":841809643944964097,"created_unixtime":1489538033840,"created_time":"Wed Mar 15 00:33:53 +0000 2017","lang":"en","displayname":"nophunintd","time_zone":"","msg":"J  TL finally liked one of my tweets Im so happy"}
{"tweet_id":841809643353571328,"created_unixtime":1489538033699,"created_time":"Wed Mar 15 00:33:53 +0000 2017","lang":"en","displayname":"nohalalbackgirl","time_zone":"Arizona","msg":"RT D_Deji28 Do you guys know why he was killed A girl lied that he raped her and her brother shot him dead https//tco/IWDVDZp3rz"}
{"tweet_id":841809643982614528,"created_unixtime":1489538033849,"created_time":"Wed Mar 15 00:33:53 +0000 2017","lang":"en","displayname":"Emily_Braff","time_zone":"Central Time (US & Canada)","msg":"RT SaraBareilles You look inside your heart and find a pizza and remember that pizza is ALL our best friends https//tco/G79BuhSpba"}
{"tweet_id":841809644418920448,"created_unixtime":1489538033953,"created_time":"Wed Mar 15 00:33:53 +0000 2017","lang":"en","displayname":"galpalhal","time_zone":"Eastern Time (US & Canada)","msg":"RT Ashton5SOS HAPPY MONDAY https//tco/z0i1UqhS6X"}
{"tweet_id":841809644406231040,"created_unixtime":1489538033950,"created_time":"Wed Mar 15 00:33:53 +0000 2017","lang":"en","displayname":"RainierSixPac","time_zone":"Pacific Time (US & Canada)","msg":"RT CNN Sen Schumer on CBO report Do facts matter anymore to our colleagues to the President Does truth matter Sad a… "}
{"tweet_id":841809644297289728,"created_unixtime":1489538033924,"created_time":"Wed Mar 15 00:33:53 +0000 2017","lang":"en","displayname":"eziketobe","time_zone":"Central Time (US & Canada)","msg":"SEUN_AD happy birthday fam Many more year more blessings amp success Cheers"}
{"tweet_id":841809644796416000,"created_unixtime":1489538034043,"created_time":"Wed Mar 15 00:33:54 +0000 2017","lang":"en","displayname":"jenhen_23","time_zone":"","msg":"RT _queenliv__ the sad truth😕 https//tco/Jsq2dijWmZ"}
{"tweet_id":841809643278090241,"created_unixtime":1489538033681,"created_time":"Wed Mar 15 00:33:53 +0000 2017","lang":"en","displayname":"NajeeyaS","time_zone":"","msg":"Happy Birthday MohammedNajib18 🎂🕯️ on your special day i wish you the greatest happiness that can be in this worl… https//tco/0lRRgxv7c6"}
{"tweet_id":841809644750295040,"created_unixtime":1489538034032,"created_time":"Wed Mar 15 00:33:54 +0000 2017","lang":"en","displayname":"carri_ari","time_zone":"","msg":"his dancing makes me sooo happy😊😊 https//tco/bvFNGSLuwt"}
{"tweet_id":841809644930637824,"created_unixtime":1489538034075,"created_time":"Wed Mar 15 00:33:54 +0000 2017","lang":"en","displayname":"Everett_G24","time_zone":"Eastern Time (US & Canada)","msg":"I certainly get the fascination with Hankins However there are still others on the team that need to be signed Plus if DQ is happy cont"}
{"tweet_id":841809645064839168,"created_unixtime":1489538034107,"created_time":"Wed Mar 15 00:33:54 +0000 2017","lang":"en","displayname":"NaomiCaraballo_","time_zone":"Pacific Time (US & Canada)","msg":"RT alexaiono My happy place☺ https//tco/pgetrNhVIp"}
{"tweet_id":841809645505142784,"created_unixtime":1489538034212,"created_time":"Wed Mar 15 00:33:54 +0000 2017","lang":"en","displayname":"spacegIow","time_zone":"Pacific Time (US & Canada)","msg":"RT NASA Its PiDay It may be irrational but pi plays an important role in the work of scientists at NASA… "}
{"tweet_id":841809645287157760,"created_unixtime":1489538034160,"created_time":"Wed Mar 15 00:33:54 +0000 2017","lang":"en","displayname":"Ahaass","time_zone":"","msg":"RT NDDCScholars_16 Please sir NsimaUEkere we are hoping 2016 scholars are also included https//tco/6JusFo1RsM"}
{"tweet_id":841809645228429312,"created_unixtime":1489538034146,"created_time":"Wed Mar 15 00:33:54 +0000 2017","lang":"en","displayname":"caniffxjenn","time_zone":"","msg":"RT RickyPDillon Happy pi day https//tco/PyJRimk7d3"}
{"tweet_id":841809646415368194,"created_unixtime":1489538034429,"created_time":"Wed Mar 15 00:33:54 +0000 2017","lang":"en","displayname":"BUMBLEB97x_","time_zone":"Jakarta","msg":"RT ZzangJia ♡170314HAPPY WHITE DAY🍭💖뱀뱀 BamBam BamBam1A https//tco/FUaLARjth6"}
{"tweet_id":841809646708957184,"created_unixtime":1489538034499,"created_time":"Wed Mar 15 00:33:54 +0000 2017","lang":"en","displayname":"TinyKarnstein","time_zone":"","msg":"RT nootvanlis Aww look at how cute and happy Mildred is to be cheating 😂 MurdochMysteries https//tco/XtVSBNcaMx"}
{"tweet_id":841809645962428416,"created_unixtime":1489538034321,"created_time":"Wed Mar 15 00:33:54 +0000 2017","lang":"en","displayname":"grejeennews","time_zone":"","msg":"Gurdaspur CRPF man killed in Sukma attack cremated https//tco/YWt5Odr1Wu https//tco/yMmg6jq1po"}
{"tweet_id":841809647002505216,"created_unixtime":1489538034569,"created_time":"Wed Mar 15 00:33:54 +0000 2017","lang":"en","displayname":"kyleosterman2","time_zone":"","msg":"RT JimmyKulaga kyleosterman2 happy birthday president🔥💯"}
{"tweet_id":841809645983416320,"created_unixtime":1489538034326,"created_time":"Wed Mar 15 00:33:54 +0000 2017","lang":"en","displayname":"AKromthb","time_zone":"","msg":"RT Google Happy birthday to Leslie Marmon Silko acclaimed poet novelist and key figure in Native American literature… "}
{"tweet_id":841809647136825345,"created_unixtime":1489538034601,"created_time":"Wed Mar 15 00:33:54 +0000 2017","lang":"en","displayname":"Its_Poling","time_zone":"","msg":"Happy birthday broski _evanharris"}
{"tweet_id":841809647543582720,"created_unixtime":1489538034698,"created_time":"Wed Mar 15 00:33:54 +0000 2017","lang":"en","displayname":"LiNluv94","time_zone":"","msg":"LFC happy birthday ❤"}
{"tweet_id":841809647484907520,"created_unixtime":1489538034684,"created_time":"Wed Mar 15 00:33:54 +0000 2017","lang":"en","displayname":"Mukhriz182","time_zone":"Kuala Lumpur","msg":"RT _Snape_ Happy PiDay https//tco/cI8NnnwW7o"}
{"tweet_id":841809647145222146,"created_unixtime":1489538034603,"created_time":"Wed Mar 15 00:33:54 +0000 2017","lang":"en","displayname":"rachel_dundon","time_zone":"","msg":"RT USAGym Happy birthday to the most decorated American gymnast fourtime Olympic gold medalist 10time world champion… "}
{"tweet_id":841809647245877249,"created_unixtime":1489538034627,"created_time":"Wed Mar 15 00:33:54 +0000 2017","lang":"en","displayname":"m0llyperry","time_zone":"Amsterdam","msg":"RT Stormzy1 Do what makes you happy mate"}
{"tweet_id":841809647937835008,"created_unixtime":1489538034792,"created_time":"Wed Mar 15 00:33:54 +0000 2017","lang":"en","displayname":"SincerelyXXVII","time_zone":"Pacific Time (US & Canada)","msg":"xiixxcviii its a sad day"}
{"tweet_id":841809647614984192,"created_unixtime":1489538034715,"created_time":"Wed Mar 15 00:33:54 +0000 2017","lang":"en","displayname":"KyleeEvaAnne","time_zone":"","msg":"RT JustAGirIThing Someone When was the last time u were truly happy Me https//tco/YTSjNOreRU"}
{"tweet_id":841809647761670144,"created_unixtime":1489538034750,"created_time":"Wed Mar 15 00:33:54 +0000 2017","lang":"zh","displayname":"_slirelty6","time_zone":"","msg":"RT theinnocence_J 늦었지만Happy White Day❤️白色情人节快乐我们俊辉 pledis_17 https//tco/eB7wkR9MEz"}
{"tweet_id":841809648034299904,"created_unixtime":1489538034815,"created_time":"Wed Mar 15 00:33:54 +0000 2017","lang":"en","displayname":"Douuughnuuuh","time_zone":"Beijing","msg":"RT memoirella Happy Birthday You have officially reached the age of 18 Have the best day ever 🖤 Douuughnuuuh https//tco/qaXuyJzEaX"}
{"tweet_id":841809648315465728,"created_unixtime":1489538034882,"created_time":"Wed Mar 15 00:33:54 +0000 2017","lang":"en","displayname":"a_burkholder10","time_zone":"Eastern Time (US & Canada)","msg":"RT meganns25 happy birthday pretty girl💖 hope you had a good snow day a_burkholder10"}
{"tweet_id":841809647656960006,"created_unixtime":1489538034725,"created_time":"Wed Mar 15 00:33:54 +0000 2017","lang":"en","displayname":"osama1237268522","time_zone":"","msg":"RT NataliaForrest1 Happy Friday everyoneCome Join now https//tco/GZFlbFh8Gf https//tco/6CCBsFdMhm"}
{"tweet_id":841809648328032256,"created_unixtime":1489538034885,"created_time":"Wed Mar 15 00:33:54 +0000 2017","lang":"en","displayname":"umzelo","time_zone":"Pacific Time (US & Canada)","msg":"Be happy n healthy forever Junhong would want you  — AWW DAPHNIE YOURE SO ADORABLE I HOPE THE SAME FOR Y https//tco/DDtPc2oCvW"}
{"tweet_id":841809648198004736,"created_unixtime":1489538034854,"created_time":"Wed Mar 15 00:33:54 +0000 2017","lang":"en","displayname":"biebersluxx","time_zone":"","msg":"RT arianasdawn Its my birthday and Id like to thank Ariana for giving me a purpose making me a better person and always making… "}
{"tweet_id":841809648390963201,"created_unixtime":1489538034900,"created_time":"Wed Mar 15 00:33:54 +0000 2017","lang":"en","displayname":"beezerfrag","time_zone":"","msg":"RT andibeth012 YUNA BRETT PRECIOUS PERFECT HAPPY BOYS BACK ON GDM 💉LIST 3/15 MFKRS 😈NYCACC DMPD BY 😡😡😡FKDUP😈 POS OWNR FKU AHOLE… "}
{"tweet_id":841809648692953094,"created_unixtime":1489538034972,"created_time":"Wed Mar 15 00:33:54 +0000 2017","lang":"en","displayname":"heybeybey14","time_zone":"","msg":"RT TalyorBrandon Its sad when an hour wait for a ride doesnt seem so bad anymore"}
{"tweet_id":841809649363963906,"created_unixtime":1489538035132,"created_time":"Wed Mar 15 00:33:55 +0000 2017","lang":"en","displayname":"FeliciaGlantz1","time_zone":"","msg":"White supremacy which is an oxymoron to me now has another spokesman Iowa Rep Steve King All blacks in Iowa should be on the lookout Sad"}
{"tweet_id":841809649745580032,"created_unixtime":1489538035223,"created_time":"Wed Mar 15 00:33:55 +0000 2017","lang":"en","displayname":"UnicornMoka","time_zone":"","msg":"RT EveryApplePro Logo is finally changed Happy guys I just couldnt let my old one go 😢"}
{"tweet_id":841809648625811456,"created_unixtime":1489538034956,"created_time":"Wed Mar 15 00:33:54 +0000 2017","lang":"en","displayname":"anidalaa","time_zone":"Pacific Time (US & Canada)","msg":"Aww thank you so much sweetie ILYSM💗☺️ https//tco/LQo5QNN4G3"}
{"tweet_id":841809649921810432,"created_unixtime":1489538035265,"created_time":"Wed Mar 15 00:33:55 +0000 2017","lang":"en","displayname":"Suryantilim","time_zone":"","msg":"RT Suryantilim Hbd my precious one Jinwoo aa~ ♡ Please be happy and healthyIll always support uGbu  별들의_리더_박진우_생일축하해… "}
