{"tweet_id":841794017767657472,"created_unixtime":1489534308269,"created_time":"Tue Mar 14 23:31:48 +0000 2017","lang":"en","displayname":"rita_faria_18","time_zone":"Pacific Time (US & Canada)","msg":"Why are people so jealous jeeez cant you be happy for people "}
{"tweet_id":841794017931206657,"created_unixtime":1489534308308,"created_time":"Tue Mar 14 23:31:48 +0000 2017","lang":"en","displayname":"michwatsonn","time_zone":"","msg":"RT Ioverthoughts Divorce is SO SCARY I pray to God that the person marry I am happy ampamp absolutely in love with for the rest of my li…"}
{"tweet_id":841794017562091526,"created_unixtime":1489534308220,"created_time":"Tue Mar 14 23:31:48 +0000 2017","lang":"en","displayname":"Damianbnb","time_zone":"","msg":"RT melbaby_x In my happy place ❤️ https//tco/kwGSpHR4Gi"}
{"tweet_id":841794017100742656,"created_unixtime":1489534308110,"created_time":"Tue Mar 14 23:31:48 +0000 2017","lang":"en","displayname":"USAF4life","time_zone":"","msg":"Same pic i have of realDonaldTrump having relations with IvankaTrump What a nasty ass family Hey dykhd pass… https//tco/ChxisCEwSw"}
{"tweet_id":841794017012543488,"created_unixtime":1489534308089,"created_time":"Tue Mar 14 23:31:48 +0000 2017","lang":"en","displayname":"DaddyLeo_","time_zone":"Arizona","msg":"everyone wish the KOOLest dude I know a happy birthday much love fam 💯 Theealexjones kooljohnhimself https//tco/uoZhMOROlM"}
{"tweet_id":841794017738280962,"created_unixtime":1489534308262,"created_time":"Tue Mar 14 23:31:48 +0000 2017","lang":"en","displayname":"yoadriennetx","time_zone":"","msg":"My favorite video Brilliant  https//tco/hdznp1d1Dt"}
{"tweet_id":841794018736496644,"created_unixtime":1489534308500,"created_time":"Tue Mar 14 23:31:48 +0000 2017","lang":"en","displayname":"a_altamran","time_zone":"Baghdad","msg":"RT Footy_Jokes Happy Monday from Patrice Evra 😄👍 https//tco/faXO0bBnR0"}
{"tweet_id":841794018841399297,"created_unixtime":1489534308525,"created_time":"Tue Mar 14 23:31:48 +0000 2017","lang":"en","displayname":"SlayGisselle","time_zone":"","msg":"RT _queenliv__ the sad truth😕 https//tco/Jsq2dijWmZ"}
{"tweet_id":841794018228994048,"created_unixtime":1489534308379,"created_time":"Tue Mar 14 23:31:48 +0000 2017","lang":"en","displayname":"smolouislwt","time_zone":"Pacific Time (US & Canada)","msg":"RT Ashton5SOS HAPPY MONDAY https//tco/z0i1UqhS6X"}
{"tweet_id":841794018157580289,"created_unixtime":1489534308362,"created_time":"Tue Mar 14 23:31:48 +0000 2017","lang":"en","displayname":"PasuteruKuso","time_zone":"Pacific Time (US & Canada)","msg":"IM FEEEEEEEELING MYSELF LMAO LIFE IS GOOD AS HECK FOR ME IM SO HAPPY WTH https//tco/El6unuqRMn"}
{"tweet_id":841794019025907712,"created_unixtime":1489534308569,"created_time":"Tue Mar 14 23:31:48 +0000 2017","lang":"en","displayname":"gabittaylor","time_zone":"","msg":"thanks kenz i love you https//tco/5rhlMPCKUX"}
{"tweet_id":841794019181109248,"created_unixtime":1489534308606,"created_time":"Tue Mar 14 23:31:48 +0000 2017","lang":"en","displayname":"nylgk","time_zone":"","msg":"nytimesbooks so sad Condolences to her family"}
{"tweet_id":841794019696893952,"created_unixtime":1489534308729,"created_time":"Tue Mar 14 23:31:48 +0000 2017","lang":"en","displayname":"addison_meeker","time_zone":"","msg":"RT NateBocelle i try to keep everybody happy but i just end up hurt"}
{"tweet_id":841794019378253825,"created_unixtime":1489534308653,"created_time":"Tue Mar 14 23:31:48 +0000 2017","lang":"en","displayname":"wagman_rachel","time_zone":"Pacific Time (US & Canada)","msg":"Happy 22nd birthday to my amazing boyfriend These past few days in Toronto have been a blast… https//tco/oAAhnuHVrW"}
{"tweet_id":841794019701227520,"created_unixtime":1489534308730,"created_time":"Tue Mar 14 23:31:48 +0000 2017","lang":"en","displayname":"hotlineprentiss","time_zone":"Eastern Time (US & Canada)","msg":"RT clexaslegendary This would be funny if it wasnt so fucking sad https//tco/bp4KELVzVp"}
{"tweet_id":841794019688628224,"created_unixtime":1489534308727,"created_time":"Tue Mar 14 23:31:48 +0000 2017","lang":"en","displayname":"J_Zuckerman","time_zone":"Eastern Time (US & Canada)","msg":"That I would become a translator a decade later was a happy accident One that might never have happened without The Neverending Story"}
{"tweet_id":841794016614195201,"created_unixtime":1489534307994,"created_time":"Tue Mar 14 23:31:47 +0000 2017","lang":"en","displayname":"daniellenatalee","time_zone":"","msg":"Happy birthday maddicrabtree hope you have a great day love and miss u💙💙 https//tco/usLhyhYQXC"}
{"tweet_id":841794019936088065,"created_unixtime":1489534308786,"created_time":"Tue Mar 14 23:31:48 +0000 2017","lang":"en","displayname":"stylespoetry","time_zone":"Santiago","msg":"dear Harry_Styles keep smiling cause your smile makes me smile Thank you for making me so happy mind following me Love you ♡ — 13160"}
{"tweet_id":841794020284100608,"created_unixtime":1489534308869,"created_time":"Tue Mar 14 23:31:48 +0000 2017","lang":"en","displayname":"Carmenxaviles","time_zone":"","msg":"happy 314 day"}
{"tweet_id":841794020221186048,"created_unixtime":1489534308854,"created_time":"Tue Mar 14 23:31:48 +0000 2017","lang":"en","displayname":"dare6626","time_zone":"","msg":"RT JohnTDolan In 8 short years of Obamas decisiveness has created Americas inability to unite as patriots no matter the cause… "}
{"tweet_id":841794020674162692,"created_unixtime":1489534308962,"created_time":"Tue Mar 14 23:31:48 +0000 2017","lang":"en","displayname":"ScytheWielder_","time_zone":"Sydney","msg":"BewitchingAeon Leaning over for a kiss to be placed along Aeon’s hairline Death saw how sad she was about what Death had said Not "}
{"tweet_id":841794020447801346,"created_unixtime":1489534308908,"created_time":"Tue Mar 14 23:31:48 +0000 2017","lang":"tl","displayname":"monikawesome","time_zone":"","msg":"RT chie_chie26 Happy Wednesday👋 sagot na po pordalaba😘 ALDUBxDTBYTugOfHearts zenkmm fleurs7754 mhellopez19 mecampo09… "}
{"tweet_id":841794020825169920,"created_unixtime":1489534308998,"created_time":"Tue Mar 14 23:31:48 +0000 2017","lang":"en","displayname":"subredyou","time_zone":"","msg":"RT NBA Join us in wishing StephenCurry30 of the warriors a HAPPY 29th BIRTHDAY NBABDAY DubNation https//tco/cZfNy7sLh5"}
{"tweet_id":841794020544135169,"created_unixtime":1489534308931,"created_time":"Tue Mar 14 23:31:48 +0000 2017","lang":"en","displayname":"OrgoniumOrgone","time_zone":"Sydney","msg":"My book From Chronic Fatigue amp Candida To Happy Ever After coming soon https//tco/cD3R8gkVio https//tco/CVeTcLv9JW"}
{"tweet_id":841794020938514434,"created_unixtime":1489534309025,"created_time":"Tue Mar 14 23:31:49 +0000 2017","lang":"en","displayname":"townsendkyle03","time_zone":"Pacific Time (US & Canada)","msg":"RT braden_nichols Happy birthday kyle this is the only picture I have of you  townsendkyle03 https//tco/JP7EvRpiGf"}
{"tweet_id":841794020808523778,"created_unixtime":1489534308994,"created_time":"Tue Mar 14 23:31:48 +0000 2017","lang":"en","displayname":"craveniza","time_zone":"Arizona","msg":"RT CultureFUBU Happy Birthday Merlin SantanaRIP https//tco/0K4quO4M5g"}
{"tweet_id":841794021282332672,"created_unixtime":1489534309107,"created_time":"Tue Mar 14 23:31:49 +0000 2017","lang":"en","displayname":"ACSarahAC","time_zone":"Sydney","msg":"RT Kyle_MacLachlan Happy NationalPieDay https//tco/YIpXYBDATp"}
{"tweet_id":841794021215346691,"created_unixtime":1489534309091,"created_time":"Tue Mar 14 23:31:49 +0000 2017","lang":"en","displayname":"agmoonIights","time_zone":"","msg":"ArianaGrande💙Hey🖤😍I love you so much🌺🎵Your smile makes me happy ❤ 🌹You saved me🌹💜Follow me this year please🙏💞its my dream☘ 448x"}
{"tweet_id":841794019407544320,"created_unixtime":1489534308660,"created_time":"Tue Mar 14 23:31:48 +0000 2017","lang":"en","displayname":"PsychoPanda9000","time_zone":"","msg":"edmundmcmillen will the Mulligans ever be happy https//tco/V6Nisn80Vk"}
{"tweet_id":841794021471199232,"created_unixtime":1489534309152,"created_time":"Tue Mar 14 23:31:49 +0000 2017","lang":"en","displayname":"TheyKraveKookie","time_zone":"Central Time (US & Canada)","msg":"Happy hour flow"}
{"tweet_id":841794021731139584,"created_unixtime":1489534309214,"created_time":"Tue Mar 14 23:31:49 +0000 2017","lang":"en","displayname":"tiniv","time_zone":"Pacific Time (US & Canada)","msg":"The moment has almost come So happy our jury deliberations will come to light tonight I hate… https//tco/EV5ai4i6hg"}
{"tweet_id":841794020602970113,"created_unixtime":1489534308945,"created_time":"Tue Mar 14 23:31:48 +0000 2017","lang":"en","displayname":"saucehoncho","time_zone":"Central Time (US & Canada)","msg":"RT NBA Join us in wishing StephenCurry30 of the warriors a HAPPY 29th BIRTHDAY NBABDAY DubNation https//tco/cZfNy7sLh5"}
{"tweet_id":841794021676658688,"created_unixtime":1489534309201,"created_time":"Tue Mar 14 23:31:49 +0000 2017","lang":"en","displayname":"_lixiann_","time_zone":"Singapore","msg":"RT soompi Happy Birthday to ASTROs JinJin HappyJinJinDay https//tco/re8aLKVIDL https//tco/oAcH44Finb"}
{"tweet_id":841794019847987201,"created_unixtime":1489534308765,"created_time":"Tue Mar 14 23:31:48 +0000 2017","lang":"en","displayname":"c_frinks","time_zone":"","msg":"Big happy birthday to the man who cant be caught without a bev😂 sam_higuera https//tco/L8RgJSq3uv"}
{"tweet_id":841794022272299008,"created_unixtime":1489534309343,"created_time":"Tue Mar 14 23:31:49 +0000 2017","lang":"en","displayname":"NileHappel","time_zone":"","msg":"Happy Birthday SlatteryAlex😎make sure to scold lucass_brownn for me next year😂"}
{"tweet_id":841794022586871808,"created_unixtime":1489534309418,"created_time":"Tue Mar 14 23:31:49 +0000 2017","lang":"en","displayname":"BrianKapz_","time_zone":"Dublin","msg":"RT HEAVYareTILLERY Like do what tf make u happy Thats it"}
{"tweet_id":841794022083575808,"created_unixtime":1489534309298,"created_time":"Tue Mar 14 23:31:49 +0000 2017","lang":"en","displayname":"gridlock3d_","time_zone":"Eastern Time (US & Canada)","msg":"happy birthday you production god slightbeats"}
{"tweet_id":841794022624661504,"created_unixtime":1489534309427,"created_time":"Tue Mar 14 23:31:49 +0000 2017","lang":"en","displayname":"AshleyDykas1","time_zone":"","msg":"macy_zajac14 happy birthday ❤"}
{"tweet_id":841794022641397760,"created_unixtime":1489534309431,"created_time":"Tue Mar 14 23:31:49 +0000 2017","lang":"en","displayname":"lauren_merri","time_zone":"Atlantic Time (Canada)","msg":"kaleighcurtin IM SO HAPPY FOR YOU NUGGET CONGRATS☺️"}
{"tweet_id":841794023350140929,"created_unixtime":1489534309600,"created_time":"Tue Mar 14 23:31:49 +0000 2017","lang":"en","displayname":"mccoyxelisse","time_zone":"Hong Kong","msg":"Balik to good vibes Stay happy loves 💕"}
{"tweet_id":841794023148806144,"created_unixtime":1489534309552,"created_time":"Tue Mar 14 23:31:49 +0000 2017","lang":"en","displayname":"rickyftana","time_zone":"Pacific Time (US & Canada)","msg":"im so funny https//tco/3kwiWxO1Fn"}
{"tweet_id":841794022230249473,"created_unixtime":1489534309333,"created_time":"Tue Mar 14 23:31:49 +0000 2017","lang":"ja","displayname":"milkty2929","time_zone":"","msg":"k_a_i0000 Happy Birthday  毎年恒例この写真で。笑元気そうでよかったよ。元気に頑張れ！笑 https//tco/wDXmnjjtdg"}
{"tweet_id":841794023157202944,"created_unixtime":1489534309554,"created_time":"Tue Mar 14 23:31:49 +0000 2017","lang":"en","displayname":"WisegirlNYC","time_zone":"","msg":"realDonaldTrump RandPaul calling women Fat Pigsgrab them by the Puy Wonder what U call Melania in private UD sleep W Ivanka U said SAD🤡"}
{"tweet_id":841794023249567745,"created_unixtime":1489534309576,"created_time":"Tue Mar 14 23:31:49 +0000 2017","lang":"en","displayname":"cashtomonkeys","time_zone":"Brasilia","msg":"RT chwndIerriggs Hi Chandler Could Read the text that I made for you Done with great care if you can follow me I will be super hap… "}
{"tweet_id":841794023258001413,"created_unixtime":1489534309578,"created_time":"Tue Mar 14 23:31:49 +0000 2017","lang":"en","displayname":"Axis1500","time_zone":"Casablanca","msg":"2017 is weird https//tco/kpE2hhUaaa"}
{"tweet_id":841794023744446464,"created_unixtime":1489534309694,"created_time":"Tue Mar 14 23:31:49 +0000 2017","lang":"en","displayname":"ShobrookMelinda","time_zone":"Pacific Time (US & Canada)","msg":"RT LukeLPearson I wants that cake https//tco/GbfruRwyzH"}
{"tweet_id":841794023673221121,"created_unixtime":1489534309677,"created_time":"Tue Mar 14 23:31:49 +0000 2017","lang":"en","displayname":"ofmiceandraee","time_zone":"","msg":"RT julieplec HAPPY HAPPY BIRTHDAY TO MY FRIEND AND PARTNERINEPIC kevwilliamson"}
{"tweet_id":841794023987675137,"created_unixtime":1489534309752,"created_time":"Tue Mar 14 23:31:49 +0000 2017","lang":"en","displayname":"RachySeo","time_zone":"Beijing","msg":"RT sjohns1218 Happy 3rd Anniversary JaDinesLetOurPurpleHeartsShineAt3"}
{"tweet_id":841794023362838533,"created_unixtime":1489534309603,"created_time":"Tue Mar 14 23:31:49 +0000 2017","lang":"en","displayname":"xxnatt","time_zone":"","msg":"Yoga has been cancelled the past 2 nights which I get but Im sad because Im obsessed"}
{"tweet_id":841794024080068608,"created_unixtime":1489534309774,"created_time":"Tue Mar 14 23:31:49 +0000 2017","lang":"en","displayname":"CeloFtUru","time_zone":"International Date Line West","msg":"RT foolskam when isak found a note from even in his pocket he was so happyhe came out to jonasthank you jonas https//tco/J4J…"}
{"tweet_id":841794024507871232,"created_unixtime":1489534309876,"created_time":"Tue Mar 14 23:31:49 +0000 2017","lang":"en","displayname":"rachhrenae","time_zone":"Central Time (US & Canada)","msg":"Miss you too gorgeous Glad to see you so happy https//tco/BhHfWD9NRM"}
{"tweet_id":841794024742780928,"created_unixtime":1489534309932,"created_time":"Tue Mar 14 23:31:49 +0000 2017","lang":"en","displayname":"RunhappyKat","time_zone":"Pacific Time (US & Canada)","msg":"JAEAJ5 Youll get back to where you were Your body will  remember So happy for you"}
{"tweet_id":841794025115996160,"created_unixtime":1489534310021,"created_time":"Tue Mar 14 23:31:50 +0000 2017","lang":"en","displayname":"naihs_","time_zone":"Pacific Time (US & Canada)","msg":"Sooooooo happy rn ☺️☺️☺️☺️"}
{"tweet_id":841794025283698689,"created_unixtime":1489534310061,"created_time":"Tue Mar 14 23:31:50 +0000 2017","lang":"ja","displayname":"akane1249","time_zone":"","msg":"ai__03 🎈Happy Birthday🎂だいすきぃぃ～😊💓LINE見てね～0/"}
{"tweet_id":841794025418047488,"created_unixtime":1489534310093,"created_time":"Tue Mar 14 23:31:50 +0000 2017","lang":"en","displayname":"LElkan","time_zone":"","msg":"RT brainpickings Happy PiDay What pi sounds like – its first 31 decimals translated into notes and performed on various instrument… "}
{"tweet_id":841794024600043520,"created_unixtime":1489534309898,"created_time":"Tue Mar 14 23:31:49 +0000 2017","lang":"en","displayname":"ScarecrowVideo","time_zone":"Pacific Time (US & Canada)","msg":"Happy birthday Rita Tushingham Now watching The Knackand How To Get It 1965 https//tco/EtPtTIhxWn"}
{"tweet_id":841794025430573056,"created_unixtime":1489534310096,"created_time":"Tue Mar 14 23:31:50 +0000 2017","lang":"en","displayname":"Geselleeee","time_zone":"Pacific Time (US & Canada)","msg":"RT ClaraCanlas Geselleeee Happy Birthday bes 🎊 mbtc and God bless ❣️"}
{"tweet_id":841794025455800324,"created_unixtime":1489534310102,"created_time":"Tue Mar 14 23:31:50 +0000 2017","lang":"en","displayname":"GBineal","time_zone":"International Date Line West","msg":"Happy birthday baby wish nothing but the best for you khon❤️🤘🏼Eshodaniel"}
{"tweet_id":841794025556455424,"created_unixtime":1489534310126,"created_time":"Tue Mar 14 23:31:50 +0000 2017","lang":"en","displayname":"dianekarolyn","time_zone":"Eastern Time (US & Canada)","msg":"RT BillNye Happy 314 Day peoples"}
{"tweet_id":841794023283167232,"created_unixtime":1489534309584,"created_time":"Tue Mar 14 23:31:49 +0000 2017","lang":"en","displayname":"j_killasmooth","time_zone":"Eastern Time (US & Canada)","msg":"Luv my new heart mug its so cute makes me so happy loveheartsstarbucks CoffeeAddict https//tco/RQ9Xlko4LL"}
{"tweet_id":841794026093314050,"created_unixtime":1489534310254,"created_time":"Tue Mar 14 23:31:50 +0000 2017","lang":"en","displayname":"HenriPicker","time_zone":"","msg":"RT RMConservative Very sad to listen to VP mislead marklevinshows audience talks about free market nothing about it gets rid of it"}
{"tweet_id":841794026160365569,"created_unixtime":1489534310270,"created_time":"Tue Mar 14 23:31:50 +0000 2017","lang":"tl","displayname":"AuxteroKeara","time_zone":"","msg":"RT maywardUn Happy graduation day sa lahat ng ga graduate Sa mga bagsak better luck next year MBMayWard"}
{"tweet_id":841794025518694400,"created_unixtime":1489534310117,"created_time":"Tue Mar 14 23:31:50 +0000 2017","lang":"en","displayname":"Romiiinax","time_zone":"Santiago","msg":"RT Givajonas7 Happy Jemi Day🎉🎉😍 https//tco/pnajnOCOjH"}
{"tweet_id":841794026156118018,"created_unixtime":1489534310269,"created_time":"Tue Mar 14 23:31:50 +0000 2017","lang":"en","displayname":"Faufauzha","time_zone":"Bangkok","msg":"Exhausted but so happy today Thanks everyone KittyLive Fafau Ezha 🦋 https//tco/x0IjMzQwni https//tco/wKWcPHxOJW"}
{"tweet_id":841794026533736448,"created_unixtime":1489534310359,"created_time":"Tue Mar 14 23:31:50 +0000 2017","lang":"en","displayname":"impnaughton","time_zone":"","msg":"RT GameOfThrones Happy GameofThrones PiDay https//tco/N1spcVNHuw"}
{"tweet_id":841794026965626880,"created_unixtime":1489534310462,"created_time":"Tue Mar 14 23:31:50 +0000 2017","lang":"en","displayname":"diyanahramlee","time_zone":"Kuala Lumpur","msg":"Happy bornday estogauge   May Allah bless u amp grant all ur wishes  😄"}
{"tweet_id":841794026038824960,"created_unixtime":1489534310241,"created_time":"Tue Mar 14 23:31:50 +0000 2017","lang":"en","displayname":"LaraHoward6","time_zone":"","msg":"Hayyyyy find new girl and be happy  https//tco/1qPziOFXsw https//tco/v6i6CuNnqN"}
{"tweet_id":841794026034630656,"created_unixtime":1489534310240,"created_time":"Tue Mar 14 23:31:50 +0000 2017","lang":"en","displayname":"_HvnOnEarth","time_zone":"Mountain Time (US & Canada)","msg":"People shit talking cant hurt you if you truly just dont give a fuck and be true to you Be happy dude Fuck the negative people ✌🏼😎"}
{"tweet_id":841794027376713729,"created_unixtime":1489534310560,"created_time":"Tue Mar 14 23:31:50 +0000 2017","lang":"en","displayname":"pxaceminusone","time_zone":"","msg":"RT seungverse WINNER will returnThis year is our yearThe only thing left is for us all to be happyOur boys are reall… "}
{"tweet_id":841794026185625600,"created_unixtime":1489534310276,"created_time":"Tue Mar 14 23:31:50 +0000 2017","lang":"en","displayname":"LeftShark12","time_zone":"Central Time (US & Canada)","msg":"RT D_Deji28 Do you guys know why he was killed A girl lied that he raped her and her brother shot him dead https//tco/IWDVDZp3rz"}
{"tweet_id":841794027011874817,"created_unixtime":1489534310473,"created_time":"Tue Mar 14 23:31:50 +0000 2017","lang":"en","displayname":"Ayee_itsBri_","time_zone":"","msg":"Happy birthday💕💕 https//tco/lP0fz2vH54"}
{"tweet_id":841794027758489602,"created_unixtime":1489534310651,"created_time":"Tue Mar 14 23:31:50 +0000 2017","lang":"en","displayname":"OfficerMinSuga","time_zone":"Alaska","msg":"RT rippedjimin THE WAY HE SAID HAPPY WHITE DAY INVENTED ENGLISH https//tco/Eo3f5Inuux"}
{"tweet_id":841794027838033920,"created_unixtime":1489534310670,"created_time":"Tue Mar 14 23:31:50 +0000 2017","lang":"ja","displayname":"inori_re","time_zone":"","msg":"RT otonokizaka0308 Happy Birthday dear 海未ちゃん！！！誕生日おめでとおおおおおおお！！！！！！園田海未生誕祭 園田海未生誕祭2017 3月15日は園田海未の誕生日 ラブアローシュート 海未ちゃん… "}
{"tweet_id":841794028047761408,"created_unixtime":1489534310720,"created_time":"Tue Mar 14 23:31:50 +0000 2017","lang":"ja","displayname":"lovelivematu","time_zone":"","msg":"RT 1wcNZYAcLqgMPn0 海未ちゃん･♥ﾟHappy Birthday ♬ °･♥園田海未生誕祭2017 3月15日は園田海未の誕生日 園田海未生誕祭 全力で祝う人RT ラブライバーはRT RTした人全員フォローする… "}
{"tweet_id":841794028110794754,"created_unixtime":1489534310735,"created_time":"Tue Mar 14 23:31:50 +0000 2017","lang":"en","displayname":"joaomarcos290","time_zone":"Brasilia","msg":"RT kirakosarin Happy PiDay everyone https//tco/EEXQMLwQ6G"}
{"tweet_id":841794028152721408,"created_unixtime":1489534310745,"created_time":"Tue Mar 14 23:31:50 +0000 2017","lang":"en","displayname":"nicoreyes182","time_zone":"","msg":"RT KingJames Happy Bday bro RealTristan13 Glad I got to spend some time with you on your day Enjoy MoreLife"}
{"tweet_id":841794028463046657,"created_unixtime":1489534310819,"created_time":"Tue Mar 14 23:31:50 +0000 2017","lang":"en","displayname":"felixlansangan8","time_zone":"Eastern Time (US & Canada)","msg":"Happy b day 🎊🎉 lisegarfield"}
{"tweet_id":841794028479758336,"created_unixtime":1489534310823,"created_time":"Tue Mar 14 23:31:50 +0000 2017","lang":"ko","displayname":"i80202377","time_zone":"","msg":"RT offclASTRO Happy birthday to you~ 진진형 22번째 생일을진심으로 축하해요🎉🎉 착하고 장난도 잘받아주고 리더쉽있는ㅎㅎ진진형 귀염댕이 아스트로 잘부탁드려요생일선물 나 HappyJINJINDay https//…"}
{"tweet_id":841794028303728640,"created_unixtime":1489534310781,"created_time":"Tue Mar 14 23:31:50 +0000 2017","lang":"en","displayname":"CorrynNicolee","time_zone":"","msg":"In my defence I didnt want our anniversary to be pi day https//tco/HGyiiSE9vL"}
{"tweet_id":841794028291166209,"created_unixtime":1489534310778,"created_time":"Tue Mar 14 23:31:50 +0000 2017","lang":"en","displayname":"aamber__s","time_zone":"","msg":"RT Uglypeopleunite THESE MAKE ME SO HAPPY https//tco/oTq0jg9Qy7"}
{"tweet_id":841794029121490944,"created_unixtime":1489534310976,"created_time":"Tue Mar 14 23:31:50 +0000 2017","lang":"ja","displayname":"lovelive_nosa","time_zone":"Pacific Time (US & Canada)","msg":"RT BELCORNO ラテアート【園田海未】＠ラブライブ！LatteArt【Umi Sonoda】＠ Love Live本日お誕生日で一杯。Happy Birthday作成動画：https//tco/M7aP8M7SKK… "}
{"tweet_id":841794029746442245,"created_unixtime":1489534311125,"created_time":"Tue Mar 14 23:31:51 +0000 2017","lang":"en","displayname":"silent_shipper","time_zone":"Hong Kong","msg":"Happy birthday Pandita0314 Have a great one 😊🎉🎂"}
{"tweet_id":841794029503275008,"created_unixtime":1489534311067,"created_time":"Tue Mar 14 23:31:51 +0000 2017","lang":"en","displayname":"The305MVP","time_zone":"Eastern Time (US & Canada)","msg":"RT THETOMMYDREAMER Happy Birthday ECW OGBeulah McGillicuttyWay before the DIVAS RevolutionThe women of ECW revolutionized the bizW… "}
{"tweet_id":841794029629104128,"created_unixtime":1489534311097,"created_time":"Tue Mar 14 23:31:51 +0000 2017","lang":"en","displayname":"lmjavadds","time_zone":"Brasilia","msg":"sad do ingles so sad https//tco/iZUyQpuNI0"}
{"tweet_id":841794029826260992,"created_unixtime":1489534311144,"created_time":"Tue Mar 14 23:31:51 +0000 2017","lang":"en","displayname":"DanielLeeSewell","time_zone":"","msg":"InuyashaSan87 yes its sad that it will no longer be on toonami big deal so what people just need to move on its so easy to watch it"}
{"tweet_id":841794029922660352,"created_unixtime":1489534311167,"created_time":"Tue Mar 14 23:31:51 +0000 2017","lang":"en","displayname":"ilazarinia","time_zone":"Kuala Lumpur","msg":"The sad reality of our world today not just girls but boys get sexually assaulted too 😔"}
{"tweet_id":841794030216208384,"created_unixtime":1489534311237,"created_time":"Tue Mar 14 23:31:51 +0000 2017","lang":"en","displayname":"GreeneMarquel","time_zone":"","msg":"Cayla35J its going to be so sad when were done Im 9999 positive Im going to cry 😭 I was totally rooting for you guys to win too"}
{"tweet_id":841794030304337920,"created_unixtime":1489534311258,"created_time":"Tue Mar 14 23:31:51 +0000 2017","lang":"en","displayname":"arriannariff","time_zone":"Perth","msg":"RT dmtroll Without this guy we wont have little happy moments in the latest episodes of Defendant https//tco/Fkv4lRlNjQ"}
{"tweet_id":841794030254022656,"created_unixtime":1489534311246,"created_time":"Tue Mar 14 23:31:51 +0000 2017","lang":"ja","displayname":"ki9o_tsuki","time_zone":"","msg":"RT tsukiuta1 ☆Happy White Day④☆隼「愛で溢れるイベントは大好きだよ♪ハッピーアルビオーン♪」海「夜にお店に駆け込むお父さんをたくさん見ました！頑張って！」隼「皆が愛で満たされますように…」※DLOK※壁紙などマナー… "}
{"tweet_id":841794030648360960,"created_unixtime":1489534311340,"created_time":"Tue Mar 14 23:31:51 +0000 2017","lang":"en","displayname":"__lilsky","time_zone":"","msg":"RT dritheplug __lilsky happy birthday 🎉"}
{"tweet_id":841794030195351552,"created_unixtime":1489534311232,"created_time":"Tue Mar 14 23:31:51 +0000 2017","lang":"en","displayname":"bonitatijoe","time_zone":"","msg":"happy birthday CarolineGabel hope its been good one🎉🎈"}
{"tweet_id":841794031298465792,"created_unixtime":1489534311495,"created_time":"Tue Mar 14 23:31:51 +0000 2017","lang":"en","displayname":"MemeKanna","time_zone":"","msg":"RT JustinTrudeau Happy PiDay Our government is committed to supporting science amp innovation for a stronger Canada And pie for a tasti…"}
{"tweet_id":841794031462060032,"created_unixtime":1489534311534,"created_time":"Tue Mar 14 23:31:51 +0000 2017","lang":"en","displayname":"jossandwich","time_zone":"","msg":"RT ilovefIowers if ur sad https//tco/cwXvLBIWEu"}
{"tweet_id":841794031847784448,"created_unixtime":1489534311626,"created_time":"Tue Mar 14 23:31:51 +0000 2017","lang":"en","displayname":"raqcriz","time_zone":"","msg":"RT rozen0687 Raz must be so happy Thank you Mengamp BTW the cap shes wearing was gven by Raz to herSinuot nya tlga sa huling… "}
{"tweet_id":841794031684214784,"created_unixtime":1489534311587,"created_time":"Tue Mar 14 23:31:51 +0000 2017","lang":"en","displayname":"jessicaxcoleman","time_zone":"","msg":"RT tiiariichards0n i am so happy with my life right now and all the support and happiness that surrounds me"}
{"tweet_id":841794032225280000,"created_unixtime":1489534311716,"created_time":"Tue Mar 14 23:31:51 +0000 2017","lang":"en","displayname":"rhythmicmoran","time_zone":"Pacific Time (US & Canada)","msg":"RT RickyPDillon Happy pi day https//tco/PyJRimk7d3"}
{"tweet_id":841794031969538050,"created_unixtime":1489534311655,"created_time":"Tue Mar 14 23:31:51 +0000 2017","lang":"en","displayname":"zouiszinha","time_zone":"Brasilia","msg":"RT About_The_Jade LittleMix SpotifyUK What about WINGS  That always makes me happy xxx"}
{"tweet_id":841794032632250369,"created_unixtime":1489534311813,"created_time":"Tue Mar 14 23:31:51 +0000 2017","lang":"en","displayname":"_phyllispilapil","time_zone":"Hawaii","msg":"I love seeing my friends find someone who makes them happy 😭"}
{"tweet_id":841794032351232000,"created_unixtime":1489534311746,"created_time":"Tue Mar 14 23:31:51 +0000 2017","lang":"en","displayname":"Korenzer","time_zone":"","msg":"RT Parajae__ He knows just how to keep me happy ❤️ https//tco/g68jrAklVv"}
{"tweet_id":841794032376389632,"created_unixtime":1489534311752,"created_time":"Tue Mar 14 23:31:51 +0000 2017","lang":"en","displayname":"ninacastoreno24","time_zone":"","msg":"RT miraclesuggs if I tweet some sad shit  dont assume its about a nigga lol I bitch about everything 😂"}
{"tweet_id":841794032871317504,"created_unixtime":1489534311870,"created_time":"Tue Mar 14 23:31:51 +0000 2017","lang":"fr","displayname":"Noobyscope","time_zone":"Paris","msg":"Jaime une vidéo YouTube  Sorry  Sad Jazz Trumpet Hip Hop Beat à ladresse https//tco/yHdqSMdDdj"}
{"tweet_id":841794033139740672,"created_unixtime":1489534311934,"created_time":"Tue Mar 14 23:31:51 +0000 2017","lang":"en","displayname":"J_Swaggot","time_zone":"Eastern Time (US & Canada)","msg":"happy happy happy  Pratt Kansas https//tco/93Q884Mkex"}
{"tweet_id":841794033349464064,"created_unixtime":1489534311984,"created_time":"Tue Mar 14 23:31:51 +0000 2017","lang":"en","displayname":"_janayah","time_zone":"Central Time (US & Canada)","msg":"RT D_Deji28 Do you guys know why he was killed A girl lied that he raped her and her brother shot him dead https//tco/IWDVDZp3rz"}
{"tweet_id":841794031369744384,"created_unixtime":1489534311512,"created_time":"Tue Mar 14 23:31:51 +0000 2017","lang":"en","displayname":"jakebrock23","time_zone":"","msg":"Happy bday goat Hope is was a good one bro 😂 https//tco/U8pxSqAvdy"}
{"tweet_id":841794032309231617,"created_unixtime":1489534311736,"created_time":"Tue Mar 14 23:31:51 +0000 2017","lang":"en","displayname":"silkdolan","time_zone":"","msg":"happy Tuesday🙃 tuesdayselfie https//tco/v10xjqGoRW"}
{"tweet_id":841794033697619969,"created_unixtime":1489534312067,"created_time":"Tue Mar 14 23:31:52 +0000 2017","lang":"en","displayname":"L_StayJuggin","time_zone":"","msg":"RT MallyGXXIV Happy Bday To My 💯 Round L_StayJuggin 🤞🏾🔓🎉 Be Home Real Soon 🤐"}
{"tweet_id":841794034221826048,"created_unixtime":1489534312192,"created_time":"Tue Mar 14 23:31:52 +0000 2017","lang":"ja","displayname":"Kyosuke3310","time_zone":"","msg":"RT dFVhxvfj3EF2ODj 今日はラブライブの海未ちゃんの誕生日･♥ﾟHappy Birthday ♬ °･♥海未ちゃん､おめでとーーう！！園田海未生誕祭2017 海未ちゃん推しはRT 海未ちゃん好きな人はRT… "}
{"tweet_id":841794034041536512,"created_unixtime":1489534312149,"created_time":"Tue Mar 14 23:31:52 +0000 2017","lang":"en","displayname":"QueenTalkSwan2","time_zone":"","msg":"RT NetflixUK Make your own happy ending OUAT https//tco/rpg2pzepuB"}
{"tweet_id":841794034544795649,"created_unixtime":1489534312269,"created_time":"Tue Mar 14 23:31:52 +0000 2017","lang":"tl","displayname":"itsyouknee","time_zone":"","msg":"kezyaaang ako sad mga 1 percent lang"}
{"tweet_id":841794034679046144,"created_unixtime":1489534312301,"created_time":"Tue Mar 14 23:31:52 +0000 2017","lang":"tl","displayname":"MaryJaneAnchet4","time_zone":"","msg":"RT LEIcharDmee WaahYesYesYesHappy lng ❤ ko baibuti nmn dininig ni God prayer koI love you both of you delavinkisses… "}
{"tweet_id":841794034586796036,"created_unixtime":1489534312279,"created_time":"Tue Mar 14 23:31:52 +0000 2017","lang":"pt","displayname":"iamtreybell","time_zone":"","msg":"ummmm maam https//tco/hIxVlcQAPM"}
{"tweet_id":841794035828244480,"created_unixtime":1489534312575,"created_time":"Tue Mar 14 23:31:52 +0000 2017","lang":"en","displayname":"Thevampskd","time_zone":"Pacific Time (US & Canada)","msg":"RT Thevampskd TheVampsCon TheVampsband HAPPY 21st BIRTHDAY 💗❤"}
{"tweet_id":841794034842636288,"created_unixtime":1489534312340,"created_time":"Tue Mar 14 23:31:52 +0000 2017","lang":"en","displayname":"d3rrby1","time_zone":"","msg":"Some day I will be with someone that makes me happy"}
{"tweet_id":841794034301575170,"created_unixtime":1489534312211,"created_time":"Tue Mar 14 23:31:52 +0000 2017","lang":"en","displayname":"PeacefulSteez","time_zone":"Quito","msg":"RT D_Deji28 Do you guys know why he was killed A girl lied that he raped her and her brother shot him dead https//tco/IWDVDZp3rz"}
{"tweet_id":841794035387912192,"created_unixtime":1489534312470,"created_time":"Tue Mar 14 23:31:52 +0000 2017","lang":"en","displayname":"gridsandstars","time_zone":"London","msg":"RT unbleachedkpop Happy Birthday to Astros precious leader 💕😭 HappyJinJinDay 별들의_리더_박진우_생일축하해 https//tco/d7VZsCTtGr"}
{"tweet_id":841794035878658048,"created_unixtime":1489534312587,"created_time":"Tue Mar 14 23:31:52 +0000 2017","lang":"en","displayname":"illtraffic","time_zone":"Atlantic Time (Canada)","msg":"Ppl dont want you to enjoy life when theyre not enjoying it Sad"}
{"tweet_id":841794035706671104,"created_unixtime":1489534312546,"created_time":"Tue Mar 14 23:31:52 +0000 2017","lang":"en","displayname":"taemato_soup","time_zone":"Pacific Time (US & Canada)","msg":"RT cliffordsshug If youre ever feeling sad just remember that this video exists https//tco/HjEMGrNXhB"}
{"tweet_id":841794036033814528,"created_unixtime":1489534312624,"created_time":"Tue Mar 14 23:31:52 +0000 2017","lang":"en","displayname":"2712____","time_zone":"Pacific Time (US & Canada)","msg":"my Twitter may have you thinking Im single taken alone happy sad all that stuff i just b posting😂 dont look at my page for answers"}
{"tweet_id":841794035987668993,"created_unixtime":1489534312613,"created_time":"Tue Mar 14 23:31:52 +0000 2017","lang":"en","displayname":"adaptivechat","time_zone":"","msg":"RT JillBuban Happy to announce a research track and expanded graduate student opportunities at 2017 OLCToday  OLCAccelerate https//tc…"}
{"tweet_id":841794035660513281,"created_unixtime":1489534312535,"created_time":"Tue Mar 14 23:31:52 +0000 2017","lang":"en","displayname":"BIG__KP","time_zone":"Pacific Time (US & Canada)","msg":"RT CultureFUBU Happy Birthday Merlin SantanaRIP https//tco/0K4quO4M5g"}
{"tweet_id":841794035664732160,"created_unixtime":1489534312536,"created_time":"Tue Mar 14 23:31:52 +0000 2017","lang":"en","displayname":"voodoolovestan","time_zone":"","msg":"voodoolovestan im happy  with the 75 25 but im not signing no 50/50 shit bye"}
{"tweet_id":841794036088348672,"created_unixtime":1489534312637,"created_time":"Tue Mar 14 23:31:52 +0000 2017","lang":"en","displayname":"michaelsky12","time_zone":"","msg":"RT michaelsky12 JeanetteEliz ldd2407 Happy New Week🌸🍂🌺💫🐝🌸🐤🌟🌸🐝 https//tco/gKaoqIkd7v"}
{"tweet_id":841794036671385600,"created_unixtime":1489534312776,"created_time":"Tue Mar 14 23:31:52 +0000 2017","lang":"en","displayname":"issa_skater666","time_zone":"Pacific Time (US & Canada)","msg":"Im only ever happy when Im on a board"}
{"tweet_id":841794036948193281,"created_unixtime":1489534312842,"created_time":"Tue Mar 14 23:31:52 +0000 2017","lang":"en","displayname":"0728_ty","time_zone":"","msg":"RT JeepPeopIe Black Jeeps make me Happy 😊😍 https//tco/FwK0eMDm1f"}
{"tweet_id":841794037413625856,"created_unixtime":1489534312953,"created_time":"Tue Mar 14 23:31:52 +0000 2017","lang":"in","displayname":"yyudhawan","time_zone":"Jakarta","msg":"Happy Bday Minot sehat panjang umur dan sukses terus ya😙😍🌷🎂🍺❤Watch KOKOMO  happy birthday on YouTube with Moss🇨🇦🍎"}
{"tweet_id":841794037304725504,"created_unixtime":1489534312927,"created_time":"Tue Mar 14 23:31:52 +0000 2017","lang":"en","displayname":"Seferman29","time_zone":"Pacific Time (US & Canada)","msg":"Happy Birthday StephenCurry30 😊"}
{"tweet_id":841794037657014273,"created_unixtime":1489534313011,"created_time":"Tue Mar 14 23:31:53 +0000 2017","lang":"et","displayname":"nuranahmed23","time_zone":"","msg":"MernaHeshamm Ahlla Birthday Girl🎊🎉 Happy Birthday le ahla w atib banuta f elduniaa Kuul snen eldunia w enty taiba w mabsuta yarb😻❤Bahbkk🙈💙"}
{"tweet_id":841794037409562624,"created_unixtime":1489534312952,"created_time":"Tue Mar 14 23:31:52 +0000 2017","lang":"en","displayname":"thotbreakernick","time_zone":"Central Time (US & Canada)","msg":"RT D_Deji28 Do you guys know why he was killed A girl lied that he raped her and her brother shot him dead https//tco/IWDVDZp3rz"}
{"tweet_id":841794038047080448,"created_unixtime":1489534313104,"created_time":"Tue Mar 14 23:31:53 +0000 2017","lang":"und","displayname":"marifercoloma","time_zone":"Athens","msg":"RT ElDixionario Sad 📚 https//tco/wADSu8fJND"}
{"tweet_id":841794038407749633,"created_unixtime":1489534313190,"created_time":"Tue Mar 14 23:31:53 +0000 2017","lang":"en","displayname":"pxnutt","time_zone":"Hanoi","msg":"RT bangtaened that lovely smile on yoongis face while watching hoseok he looks so happy i love sope https//tco/I4SkkiTCxQ"}
{"tweet_id":841794039355703296,"created_unixtime":1489534313416,"created_time":"Tue Mar 14 23:31:53 +0000 2017","lang":"en","displayname":"olgaah_","time_zone":"Central Time (US & Canada)","msg":"RT biancaalashelle sometimes you never know what your friends are really going through deep down amp its honestly sad cause sometimes its…"}
{"tweet_id":841794039687057408,"created_unixtime":1489534313495,"created_time":"Tue Mar 14 23:31:53 +0000 2017","lang":"en","displayname":"vlasta1gbe","time_zone":"","msg":"RT CuteOverloads Happy puppies are the best 😍 https//tco/3IRPsBENYa"}
{"tweet_id":841794040106496000,"created_unixtime":1489534313595,"created_time":"Tue Mar 14 23:31:53 +0000 2017","lang":"en","displayname":"Astrosvibess","time_zone":"Pacific Time (US & Canada)","msg":"And as a fan you should support him and be happy if he found someone he cares a lot about not hurt those he loves https//tco/1KnI9PUCFM"}
{"tweet_id":841794040093900801,"created_unixtime":1489534313592,"created_time":"Tue Mar 14 23:31:53 +0000 2017","lang":"en","displayname":"fonzhasalambo","time_zone":"","msg":"RT rellBRODIE ⚡️ “Happy 314Day St Louis” by NOPussBoys_https//tco/P69x7iCVlY"}
{"tweet_id":841794041196904449,"created_unixtime":1489534313855,"created_time":"Tue Mar 14 23:31:53 +0000 2017","lang":"ja","displayname":"ki9o_tsuki","time_zone":"","msg":"RT tsukiuta1 ☆Happy White Day⑤☆陽「いっつも、愛をありがとね☆ちゃ〜んと届いてるよ！大好き♪」夜「やれやれ…陽が調子に乗る日です（笑）。でも、皆さんの応援を感じているのは俺も同じです。ありがとうございます！」※DLOK… "}
{"tweet_id":841794041238896641,"created_unixtime":1489534313865,"created_time":"Tue Mar 14 23:31:53 +0000 2017","lang":"en","displayname":"visualistjin","time_zone":"Pacific Time (US & Canada)","msg":"RT unbleachedkpop Happy Birthday to Astros precious leader 💕😭 HappyJinJinDay 별들의_리더_박진우_생일축하해 https//tco/d7VZsCTtGr"}
{"tweet_id":841794041473843201,"created_unixtime":1489534313921,"created_time":"Tue Mar 14 23:31:53 +0000 2017","lang":"en","displayname":"savemebradley","time_zone":"Athens","msg":"Happy birthday Condora my fav bassist ever🎸🎸🎉 HappyBirthdayConnor TheVampsCon"}
{"tweet_id":841794041310257152,"created_unixtime":1489534313882,"created_time":"Tue Mar 14 23:31:53 +0000 2017","lang":"en","displayname":"batool_id","time_zone":"Baghdad","msg":"vxl9_ happy birthday ya glbii😍😍 lyysm💙💙💙💙"}
{"tweet_id":841794042170093569,"created_unixtime":1489534314087,"created_time":"Tue Mar 14 23:31:54 +0000 2017","lang":"und","displayname":"nick_wheeler8","time_zone":"","msg":"RT rachelmillard99 mrsharker https//tco/C8J1MNOtMn"}
{"tweet_id":841794042694316032,"created_unixtime":1489534314212,"created_time":"Tue Mar 14 23:31:54 +0000 2017","lang":"tl","displayname":"cathypandaaa","time_zone":"Midway Island","msg":"Jgh happy hahah"}
{"tweet_id":841794042618867712,"created_unixtime":1489534314194,"created_time":"Tue Mar 14 23:31:54 +0000 2017","lang":"en","displayname":"A_bunny07","time_zone":"","msg":"Im done with my dad I cant do it he makes me cry His the reasons I cant be happy😔"}
{"tweet_id":841794039175237637,"created_unixtime":1489534313373,"created_time":"Tue Mar 14 23:31:53 +0000 2017","lang":"en","displayname":"infamousluong","time_zone":"","msg":"RT TOASTOTHEGOD Its Sad When Ur Own Friends Hate On You"}
{"tweet_id":841794039397666817,"created_unixtime":1489534313426,"created_time":"Tue Mar 14 23:31:53 +0000 2017","lang":"en","displayname":"BellaMartnz","time_zone":"Arizona","msg":"RT d_vaneee How sad is it that most people in mexico cant afford to explore the luxuries of their own country while Americans who suppor…"}
{"tweet_id":841794039372369921,"created_unixtime":1489534313420,"created_time":"Tue Mar 14 23:31:53 +0000 2017","lang":"en","displayname":"angiesimeon0418","time_zone":"","msg":"RT Sinag_DTBY OHT ALDUBxDTBYTugOfHearts Happy Tweeting GMADestinedToBe LegionEditorSP LegionEditorSP https//tco/BytiTYvXZf"}
{"tweet_id":841794039267639297,"created_unixtime":1489534313395,"created_time":"Tue Mar 14 23:31:53 +0000 2017","lang":"en","displayname":"IamThe_Vid","time_zone":"","msg":"Youll see both soon https//tco/VO4oLw0lzh"}
{"tweet_id":841794039770828802,"created_unixtime":1489534313515,"created_time":"Tue Mar 14 23:31:53 +0000 2017","lang":"en","displayname":"LadyLucksMelano","time_zone":"Arizona","msg":"RT VariationsBaker Happy Hanukkah From our family to yoursHanukkah holidays chanukah SharetheLights 4ChionStyle https//tco/3Niw…"}
{"tweet_id":841794039678562304,"created_unixtime":1489534313493,"created_time":"Tue Mar 14 23:31:53 +0000 2017","lang":"en","displayname":"Kantate72","time_zone":"","msg":"YehudahMirsky yes but one lost its way from YHVH and the lightvery sad"}
{"tweet_id":841794040240701444,"created_unixtime":1489534313627,"created_time":"Tue Mar 14 23:31:53 +0000 2017","lang":"en","displayname":"Mrwooolfman","time_zone":"Central Time (US & Canada)","msg":"ShySub0413 I apparently fail because I didnt see your tweet yesterday about today being your birthday but Happy Birthday I miss you"}
{"tweet_id":841794040467189761,"created_unixtime":1489534313681,"created_time":"Tue Mar 14 23:31:53 +0000 2017","lang":"en","displayname":"masonvandyk","time_zone":"","msg":"Happy birthday dannah321 🎉🎉"}
{"tweet_id":841794040765022208,"created_unixtime":1489534313752,"created_time":"Tue Mar 14 23:31:53 +0000 2017","lang":"en","displayname":"agmoonIights","time_zone":"","msg":"ArianaGrande💙Hey🖤😍I love you so much🌺🎵Your smile makes me happy ❤ 🌹You saved me🌹💜Follow me this year please🙏💞its my dream☘ 449x"}
{"tweet_id":841794041058586624,"created_unixtime":1489534313822,"created_time":"Tue Mar 14 23:31:53 +0000 2017","lang":"en","displayname":"xxSimplyKB","time_zone":"Quito","msg":"RT D_Deji28 Do you guys know why he was killed A girl lied that he raped her and her brother shot him dead https//tco/IWDVDZp3rz"}
{"tweet_id":841794042048483328,"created_unixtime":1489534314058,"created_time":"Tue Mar 14 23:31:54 +0000 2017","lang":"en","displayname":"macs_cane","time_zone":"","msg":"Happy birthday boys Known you guys forever Keep being the realist twins in nob tylercassidy11 ryancassidy24"}
{"tweet_id":841794042472087553,"created_unixtime":1489534314159,"created_time":"Tue Mar 14 23:31:54 +0000 2017","lang":"en","displayname":"delanieq","time_zone":"","msg":"RT haleyashlyn00 A happy heart makes the face cheerful but heartache crushes the spirit"}
{"tweet_id":841794042706903040,"created_unixtime":1489534314215,"created_time":"Tue Mar 14 23:31:54 +0000 2017","lang":"en","displayname":"__yanelii","time_zone":"","msg":"RT alexaiono My happy place☺ https//tco/pgetrNhVIp"}
{"tweet_id":841794042836922368,"created_unixtime":1489534314246,"created_time":"Tue Mar 14 23:31:54 +0000 2017","lang":"en","displayname":"CallMeLlama666","time_zone":"","msg":"AM I CRYING CAUAE IM SAD OR BECAUSE THIS IS ME https//tco/20khHAE7Jn"}
{"tweet_id":841794042916679684,"created_unixtime":1489534314265,"created_time":"Tue Mar 14 23:31:54 +0000 2017","lang":"en","displayname":"_NUNDO","time_zone":"Eastern Time (US & Canada)","msg":"htc HTCCanada will Blinkfeed ever have the ability to add RSS Feed links that I choose I am not happy with its current selection"}
{"tweet_id":841794043025711105,"created_unixtime":1489534314291,"created_time":"Tue Mar 14 23:31:54 +0000 2017","lang":"en","displayname":"Hobsonxo","time_zone":"London","msg":"Healthy eating when youre sad is pretty shit Comfort eating oranges isnt the same as Oreos"}
{"tweet_id":841794043600355328,"created_unixtime":1489534314428,"created_time":"Tue Mar 14 23:31:54 +0000 2017","lang":"en","displayname":"PerplexedView","time_zone":"","msg":"ColtishImp Oh The happy glint in her eyes I didYayThats good I thinkThats good for mWaitI INFLUENCED AN EMOTION"}
{"tweet_id":841794043981910016,"created_unixtime":1489534314519,"created_time":"Tue Mar 14 23:31:54 +0000 2017","lang":"en","displayname":"HajaNordin","time_zone":"","msg":"RT AccurateText Dont feel sad over someone who  https//tco/70ARpyhQRV"}
{"tweet_id":841794043340283904,"created_unixtime":1489534314366,"created_time":"Tue Mar 14 23:31:54 +0000 2017","lang":"en","displayname":"Up_BangtanBoys","time_zone":"Santiago","msg":"RT bts_bighit [Episode] HAPPY WHITE DAY FROM BTS 1 https//tco/Kk7XrnfG3x2 https//tco/dUxXeGBvhG"}
{"tweet_id":841794044082638848,"created_unixtime":1489534314543,"created_time":"Tue Mar 14 23:31:54 +0000 2017","lang":"en","displayname":"WesCollin","time_zone":"Arizona","msg":"RT okoktommo IM SO HAPPY CODY IS GOING THROUGH THE  I MADE codystanarebeautiful"}
{"tweet_id":841794041863905281,"created_unixtime":1489534314014,"created_time":"Tue Mar 14 23:31:54 +0000 2017","lang":"en","displayname":"zhaaaane","time_zone":"Pacific Time (US & Canada)","msg":"❤️ you more lil bro https//tco/iJS4QWl727"}
{"tweet_id":841794044162269184,"created_unixtime":1489534314562,"created_time":"Tue Mar 14 23:31:54 +0000 2017","lang":"en","displayname":"paigejohnnson","time_zone":"","msg":"nothing I enjoy more than seeing my friends be happy"}
{"tweet_id":841794044158074880,"created_unixtime":1489534314561,"created_time":"Tue Mar 14 23:31:54 +0000 2017","lang":"ja","displayname":"aimi08240","time_zone":"","msg":"0315Hatachi ちはるちゃん！Happy Birthday🎂🎉"}
{"tweet_id":841794043956846592,"created_unixtime":1489534314513,"created_time":"Tue Mar 14 23:31:54 +0000 2017","lang":"en","displayname":"gotta_LOVITZ","time_zone":"Atlantic Time (Canada)","msg":"Happy 20th Birthday yooo💯🥂😍8181alyssssssag"}
{"tweet_id":841794044191744000,"created_unixtime":1489534314569,"created_time":"Tue Mar 14 23:31:54 +0000 2017","lang":"und","displayname":"Eman_justin","time_zone":"Athens","msg":"✋truerelationshipgoals couples boy girl man women sad  romantic style likeforfollow… https//tco/AKECwxjjQO"}
{"tweet_id":841794044451737600,"created_unixtime":1489534314631,"created_time":"Tue Mar 14 23:31:54 +0000 2017","lang":"en","displayname":"that_spaz","time_zone":"Pacific Time (US & Canada)","msg":"RT iamsrk My beautiful neighbours hav been dancing to loud music since noon So happy instead of working I am humming ‘I’m in lov with th…"}
{"tweet_id":841794044170768384,"created_unixtime":1489534314564,"created_time":"Tue Mar 14 23:31:54 +0000 2017","lang":"en","displayname":"NaxoDuboy","time_zone":"","msg":"Me gustó un video de YouTube de realfailarmy https//tco/jRndCHF8ZQ Drunk Fails Happy St Patricks Day March 2017  FailArmy"}
{"tweet_id":841794043852013568,"created_unixtime":1489534314488,"created_time":"Tue Mar 14 23:31:54 +0000 2017","lang":"en","displayname":"indianewsomee","time_zone":"","msg":"RT D_Deji28 Do you guys know why he was killed A girl lied that he raped her and her brother shot him dead https//tco/IWDVDZp3rz"}
{"tweet_id":841794043470327808,"created_unixtime":1489534314397,"created_time":"Tue Mar 14 23:31:54 +0000 2017","lang":"en","displayname":"chiidera_Ken","time_zone":"","msg":"Happy Birthday T_awonuga Hope its lit 🔥love you and miss you❤️❤️❤️😭❤️stay blessed https//tco/gTXm71mJqT"}
{"tweet_id":841794045122822146,"created_unixtime":1489534314791,"created_time":"Tue Mar 14 23:31:54 +0000 2017","lang":"en","displayname":"thedailyclark","time_zone":"","msg":"Happy Birthday Albert Einstein Cred worldscifest alberteinstein einstein atheism… https//tco/C3uAl4sR10"}
{"tweet_id":841794045428953089,"created_unixtime":1489534314864,"created_time":"Tue Mar 14 23:31:54 +0000 2017","lang":"en","displayname":"mareena19911007","time_zone":"","msg":"RT layshands 170314 Happy Camp weibo updateNo shirt collar is safe from DIY master Zhang Yixing 😂 https//tco/2tyUEyOlP3"}
{"tweet_id":841794045579993093,"created_unixtime":1489534314900,"created_time":"Tue Mar 14 23:31:54 +0000 2017","lang":"ja","displayname":"chanmakitomato","time_zone":"","msg":"RT anilove_you ♡Happy うみちゃん Birthday♡今日はしっかり者の海未ちゃんの誕生日！！皆でお祝いしましょー！！うっみうみうー〃gtωlt★園田海未生誕祭2017 3月15日は園田海未の誕生日  祝う人RT… "}
{"tweet_id":841794045148053504,"created_unixtime":1489534314797,"created_time":"Tue Mar 14 23:31:54 +0000 2017","lang":"en","displayname":"EGO_MANIAK","time_zone":"Central Time (US & Canada)","msg":"RT OfficialPlugged Happy 20th Birthday to the classic movie Love JonesMarch 14 1997 https//tco/Nb4JoKPwkF"}
{"tweet_id":841794045189869568,"created_unixtime":1489534314807,"created_time":"Tue Mar 14 23:31:54 +0000 2017","lang":"ja","displayname":"Kyosuke3310","time_zone":"","msg":"RT r_take_2000 海未ちゃん！Happy Birthday🎉🎊しっかり者で、皆の事すっごく心配してて、お姉さんみたいな海未ちゃんが大好きです！！これからもμsの園田海未として頑張ってください！！✨✨園田海未生誕祭2017… "}
{"tweet_id":841794045127077888,"created_unixtime":1489534314792,"created_time":"Tue Mar 14 23:31:54 +0000 2017","lang":"en","displayname":"drugrixh_kae","time_zone":"Alaska","msg":"DonjzeaC she gave that shit to me as a gift 😭😭😭😂😂😂 dont post no fucking 300 😭😂😂 https//tco/OO6JbUWoUm"}
{"tweet_id":841794045898768384,"created_unixtime":1489534314976,"created_time":"Tue Mar 14 23:31:54 +0000 2017","lang":"en","displayname":"oslomusicschool","time_zone":"Athens","msg":"triste tristamente  sad sorrowful"}
{"tweet_id":841794045802385408,"created_unixtime":1489534314953,"created_time":"Tue Mar 14 23:31:54 +0000 2017","lang":"en","displayname":"Jadaabee","time_zone":"Eastern Time (US & Canada)","msg":"baby_nessaaa i know im sad now"}
{"tweet_id":841794045982724096,"created_unixtime":1489534314996,"created_time":"Tue Mar 14 23:31:54 +0000 2017","lang":"en","displayname":"GTRLife","time_zone":"Eastern Time (US & Canada)","msg":"RT MCGTRN1SMO Nissan  sad to see  Shiro Nakamura retiring Such a special eye for design and one of the nicest most humble peopl… "}
{"tweet_id":841794046326521856,"created_unixtime":1489534315078,"created_time":"Tue Mar 14 23:31:55 +0000 2017","lang":"en","displayname":"BeeSchoolGBS","time_zone":"","msg":"RT mkokaly Happy PiDay everybody 😃 https//tco/dPl8jyobp8"}
{"tweet_id":841794046666412032,"created_unixtime":1489534315159,"created_time":"Tue Mar 14 23:31:55 +0000 2017","lang":"en","displayname":"EjTownsend171","time_zone":"","msg":"madi_dahl happy bday"}
{"tweet_id":841794046720901120,"created_unixtime":1489534315172,"created_time":"Tue Mar 14 23:31:55 +0000 2017","lang":"en","displayname":"LargePeas","time_zone":"London","msg":"samthehumanoid its actually really sad the way he was fucking treated hes not the villain hes the victim"}
{"tweet_id":841794046267936768,"created_unixtime":1489534315064,"created_time":"Tue Mar 14 23:31:55 +0000 2017","lang":"en","displayname":"AbrahamEdafe","time_zone":"","msg":"Lots of people are thinking of you on your birthday I just wanted  you to know I’m one of them Happy Birthday bos… https//tco/BjluFYmBZF"}
{"tweet_id":841794046469255168,"created_unixtime":1489534315112,"created_time":"Tue Mar 14 23:31:55 +0000 2017","lang":"en","displayname":"jackrcallahan11","time_zone":"","msg":"Happy birthday mace windu https//tco/vqY51ZiIfg"}
{"tweet_id":841794047605911552,"created_unixtime":1489534315383,"created_time":"Tue Mar 14 23:31:55 +0000 2017","lang":"en","displayname":"belle_rakestraw","time_zone":"","msg":"RT skgnehm Happy birthday to my main❤️ https//tco/ASV7x37X4g"}
{"tweet_id":841794047505195008,"created_unixtime":1489534315359,"created_time":"Tue Mar 14 23:31:55 +0000 2017","lang":"en","displayname":"shanaaaaang","time_zone":"Hawaii","msg":"RT GoIdenState HAPPY 29TH BIRTHDAY TO MY FAVORITE PLAYER EVER 🎉 https//tco/g0hlD4s6on"}
{"tweet_id":841794047341666306,"created_unixtime":1489534315320,"created_time":"Tue Mar 14 23:31:55 +0000 2017","lang":"en","displayname":"usmanbf0wl","time_zone":"","msg":"RT Pamaj You know what to do https//tco/sfwugrcBZQ"}
{"tweet_id":841794048226607104,"created_unixtime":1489534315531,"created_time":"Tue Mar 14 23:31:55 +0000 2017","lang":"en","displayname":"itsleibih","time_zone":"","msg":"RT tudelam_ If he has a girl leave him alone That means dont text him call him amp dont hit him up Go get your own man and let them be…"}
{"tweet_id":841794047803039744,"created_unixtime":1489534315430,"created_time":"Tue Mar 14 23:31:55 +0000 2017","lang":"en","displayname":"HeSuchACharmer","time_zone":"Pacific Time (US & Canada)","msg":"RT Triaaa__ Im just happy to know Im not the only one who do this 😭😭😭😭 https//tco/BOtganL8kJ"}
{"tweet_id":841794048256028672,"created_unixtime":1489534315538,"created_time":"Tue Mar 14 23:31:55 +0000 2017","lang":"en","displayname":"_sleepykitteeh","time_zone":"Georgetown","msg":"RT iIIegible im so happy i grew up in a time where we played hide and seek amp played on the street with friends rather than playing on an…"}
{"tweet_id":841794049031921664,"created_unixtime":1489534315723,"created_time":"Tue Mar 14 23:31:55 +0000 2017","lang":"en","displayname":"neadawn808","time_zone":"","msg":"RT ilovefIowers if ur sad https//tco/cwXvLBIWEu"}
{"tweet_id":841794048780304384,"created_unixtime":1489534315663,"created_time":"Tue Mar 14 23:31:55 +0000 2017","lang":"en","displayname":"CLBCNews","time_zone":"Pacific Time (US & Canada)","msg":"RT earlklugh Very sad to learn of the passing of music great Tommy LiPuma Had the privilege amp honor of working with him on Collaboration…"}
{"tweet_id":841794048490909696,"created_unixtime":1489534315594,"created_time":"Tue Mar 14 23:31:55 +0000 2017","lang":"en","displayname":"jackcambriani1","time_zone":"","msg":"chlodavies_ this makes me happy"}
{"tweet_id":841794048998404096,"created_unixtime":1489534315715,"created_time":"Tue Mar 14 23:31:55 +0000 2017","lang":"en","displayname":"eeva_xo","time_zone":"Pacific Time (US & Canada)","msg":"RT sisibisi_ Pinterest is my happy place"}
{"tweet_id":841794048478273536,"created_unixtime":1489534315591,"created_time":"Tue Mar 14 23:31:55 +0000 2017","lang":"en","displayname":"Ritz_rico_","time_zone":"","msg":"All I need to make me happy https//tco/Zmu5GpZPT2"}
{"tweet_id":841794049388478464,"created_unixtime":1489534315808,"created_time":"Tue Mar 14 23:31:55 +0000 2017","lang":"en","displayname":"littleblackcock","time_zone":"","msg":"RT goddess_mandyxx Hi cunts 💄💦 Do me a quick favor and punch that sad thing between your legs findom slaveboy2093 RTpetboy https//t…"}
{"tweet_id":841794049782751234,"created_unixtime":1489534315902,"created_time":"Tue Mar 14 23:31:55 +0000 2017","lang":"en","displayname":"giveawaydmfr","time_zone":"","msg":"RT ganaconluisito rt for mini sponsor👀rt for free follows✋ rt for dms📲rt for  idols follow🎰rt for fback🎗️rt for shoutout🏆and rt fo…"}
{"tweet_id":841794050252541953,"created_unixtime":1489534316014,"created_time":"Tue Mar 14 23:31:56 +0000 2017","lang":"en","displayname":"BatmanwitaGloc","time_zone":"Atlantic Time (Canada)","msg":"RT MatPatGT A nerdy math joke for a nerdy holidayHappy Pi Day https//tco/jRxvuScUyn"}
{"tweet_id":841794050038591490,"created_unixtime":1489534315963,"created_time":"Tue Mar 14 23:31:55 +0000 2017","lang":"en","displayname":"OUHetts","time_zone":"Eastern Time (US & Canada)","msg":"RT LifeCenterCincy Happy PiDay Pi is the symbol used to represent a  that will continue on without end Be like Pi amp go on forever… "}
{"tweet_id":841794050432892928,"created_unixtime":1489534316057,"created_time":"Tue Mar 14 23:31:56 +0000 2017","lang":"en","displayname":"kjimenadl","time_zone":"Eastern Time (US & Canada)","msg":"RT ILLUMlNATI Sad reality https//tco/MdEMXJQbN8"}
{"tweet_id":841794050902630400,"created_unixtime":1489534316169,"created_time":"Tue Mar 14 23:31:56 +0000 2017","lang":"en","displayname":"ekdcolman","time_zone":"Pacific Time (US & Canada)","msg":"marinewitch I enjoyed your question Ah it was so good I am so overwhelmed by love for him sad I didnt discover him when I was younger"}
{"tweet_id":841794050462220288,"created_unixtime":1489534316064,"created_time":"Tue Mar 14 23:31:56 +0000 2017","lang":"en","displayname":"jindu_afiana","time_zone":"London","msg":"RT D_Deji28 Do you guys know why he was killed A girl lied that he raped her and her brother shot him dead https//tco/IWDVDZp3rz"}
{"tweet_id":841794051347173376,"created_unixtime":1489534316275,"created_time":"Tue Mar 14 23:31:56 +0000 2017","lang":"ja","displayname":"ki9o_tsuki","time_zone":"","msg":"RT tsukiuta1 ☆Happy White Day⑥☆涙「愛よ届け、ばびゅーん」郁「………涙さん？え、ええと…いつもありがとうございます！俺たちからの愛と感謝も届け！……ばびゅーん（笑）」※DLOK※壁紙などマナーを守って使ってくださいね https//…"}
{"tweet_id":841794050940370944,"created_unixtime":1489534316178,"created_time":"Tue Mar 14 23:31:56 +0000 2017","lang":"en","displayname":"x0rachelxo","time_zone":"","msg":"RT troytheblackguy All she wanted to do was say happy birthday to her friend but twitter just couldnt let her live lmaooo https//tco/X…"}
{"tweet_id":841794051238182912,"created_unixtime":1489534316249,"created_time":"Tue Mar 14 23:31:56 +0000 2017","lang":"en","displayname":"MontseMB_12","time_zone":"","msg":"RT ganaconluisito rt for mini sponsor👀rt for free follows✋ rt for dms📲rt for  idols follow🎰rt for fback🎗️rt for shoutout🏆and rt fo…"}
{"tweet_id":841794050923593729,"created_unixtime":1489534316174,"created_time":"Tue Mar 14 23:31:56 +0000 2017","lang":"en","displayname":"Kasice","time_zone":"Atlantic Time (Canada)","msg":"RT CultureFUBU Happy Birthday Merlin SantanaRIP https//tco/0K4quO4M5g"}
{"tweet_id":841794051611471877,"created_unixtime":1489534316338,"created_time":"Tue Mar 14 23:31:56 +0000 2017","lang":"en","displayname":"OldSchool1053","time_zone":"Quito","msg":"Happy Birthday Steph https//tco/8re51z6nym"}
{"tweet_id":841794052341170177,"created_unixtime":1489534316512,"created_time":"Tue Mar 14 23:31:56 +0000 2017","lang":"ja","displayname":"rinrin_youyou13","time_zone":"","msg":"RT poteto_rubyi 園田海未生誕祭2017 ぽっぴん加工海未ちゃん happy birthday‼️🎂🎂海未ちゃんアイコン配布です！ https//tco/BySEyTTCgE"}
{"tweet_id":841794052597137408,"created_unixtime":1489534316573,"created_time":"Tue Mar 14 23:31:56 +0000 2017","lang":"en","displayname":"ligarelou","time_zone":"","msg":"RT Drakee_YMCMB I could literally lay up all day and chill with one person amp just be happy with that"}
{"tweet_id":841794052710387712,"created_unixtime":1489534316600,"created_time":"Tue Mar 14 23:31:56 +0000 2017","lang":"en","displayname":"repBrooklynn_","time_zone":"Central Time (US & Canada)","msg":"RT Gametime_GIbson Yea sis  good to see you happy shawty ❤️🤞🏽 https//tco/sAJi4j1nXa"}
{"tweet_id":841794052018315264,"created_unixtime":1489534316435,"created_time":"Tue Mar 14 23:31:56 +0000 2017","lang":"en","displayname":"ranigill7","time_zone":"Casablanca","msg":"nadeem_nas  GOODMORNING FRIENDSWISHING YOU ALL  A WONDERFUL HAPPY WEDESDAYSTAY BLESSED AND HAPPYKEEP SMILIN… https//tco/7cDOjnjZC5"}
{"tweet_id":841794052752252928,"created_unixtime":1489534316610,"created_time":"Tue Mar 14 23:31:56 +0000 2017","lang":"en","displayname":"uisageulimja","time_zone":"","msg":"RT Koreaboo Happy Birthday to Lee Hwi Jae’s twins Lee Seo Eon and Lee Seo Jun 🎉🎂🤗 https//tco/xtjHommriu"}
{"tweet_id":841794051124936704,"created_unixtime":1489534316222,"created_time":"Tue Mar 14 23:31:56 +0000 2017","lang":"und","displayname":"Trazimo_info","time_zone":"Pacific Time (US & Canada)","msg":"Šijaèiæ Zanima me poreklo prezimena najèešæese pojavljuje u Srbobranu u Baèkoj HvalaBranislav ŠijaèiæNovi Sad S https//tco/VLHPu0KWng"}
{"tweet_id":841794052714459136,"created_unixtime":1489534316601,"created_time":"Tue Mar 14 23:31:56 +0000 2017","lang":"en","displayname":"MaryMNation","time_zone":"Beijing","msg":"HunterHaleyKing hollyjbarrett GirlsOfTheSameBEAUTIFULFeatherDoSpinClassesTogether 👯🚴‍♀️ Happy Tuesday to you both 😄😄😄 🙆🙆🙆 🤗💕"}
{"tweet_id":841794052752203776,"created_unixtime":1489534316610,"created_time":"Tue Mar 14 23:31:56 +0000 2017","lang":"ko","displayname":"aroha_000321","time_zone":"","msg":"RT aloha_aroha_223 💜960315 HAPPY Jinwoos DAY💜우리 진리더 생일축하해 태어나줘서 고맙고 리더해줘서 고마워 사랑해요💓아스트로 ASTRO 진진 JinJin HappyJINJINDay… "}
{"tweet_id":841794052953645056,"created_unixtime":1489534316658,"created_time":"Tue Mar 14 23:31:56 +0000 2017","lang":"en","displayname":"victoriastewa98","time_zone":"Pacific Time (US & Canada)","msg":"RT hightonlauren Some people man cant stand to see u happy nout but bitter 😴"}
{"tweet_id":841794052727029760,"created_unixtime":1489534316604,"created_time":"Tue Mar 14 23:31:56 +0000 2017","lang":"en","displayname":"HighOffLyfe_","time_zone":"Pacific Time (US & Canada)","msg":"Cant relate  mine hugs me and calls me baby 🤷🏻‍♀️ https//tco/MhzXXF5Nlw"}
{"tweet_id":841794052915900416,"created_unixtime":1489534316649,"created_time":"Tue Mar 14 23:31:56 +0000 2017","lang":"en","displayname":"etherealnmjoon","time_zone":"Central Time (US & Canada)","msg":"RT unbleachedkpop Happy Birthday to Astros precious leader 💕😭 HappyJinJinDay 별들의_리더_박진우_생일축하해 https//tco/d7VZsCTtGr"}
{"tweet_id":841794053121445889,"created_unixtime":1489534316698,"created_time":"Tue Mar 14 23:31:56 +0000 2017","lang":"en","displayname":"MustbeKii__","time_zone":"Quito","msg":"Glad Kam calling me he the only person Im not mad at rn 😩 and he gonna make me happy"}
{"tweet_id":841794053519859713,"created_unixtime":1489534316793,"created_time":"Tue Mar 14 23:31:56 +0000 2017","lang":"en","displayname":"Madelineh28","time_zone":"Pacific Time (US & Canada)","msg":"RT DailyGreysQ “I used to wake up happy And then everything was hard and my life felt like it didn’t fit me anymore  Arizona Robbins"}
{"tweet_id":841794052760711171,"created_unixtime":1489534316612,"created_time":"Tue Mar 14 23:31:56 +0000 2017","lang":"en","displayname":"artbyhildy","time_zone":"","msg":"Happy Pi Day https//tco/afB7dXycN7"}
{"tweet_id":841794054027382784,"created_unixtime":1489534316914,"created_time":"Tue Mar 14 23:31:56 +0000 2017","lang":"en","displayname":"aitanamartingr","time_zone":"","msg":"RT LaurenJauregui ConnorFranta so sad I missed you babe😭 youre amazing and thankyou❤️❤️"}
{"tweet_id":841794055000412160,"created_unixtime":1489534317146,"created_time":"Tue Mar 14 23:31:57 +0000 2017","lang":"en","displayname":"aathelioness","time_zone":"Melbourne","msg":"1001_Knights kickstarter hellocaris finally Im happy to hear this"}
{"tweet_id":841794053247250432,"created_unixtime":1489534316728,"created_time":"Tue Mar 14 23:31:56 +0000 2017","lang":"en","displayname":"xAlien6","time_zone":"","msg":"Happy birthday grandma 💜🎉🎈"}
{"tweet_id":841794055126237184,"created_unixtime":1489534317176,"created_time":"Tue Mar 14 23:31:57 +0000 2017","lang":"en","displayname":"AsmAA_qandilL","time_zone":"","msg":"🙈🙈🙈 thanx you https//tco/C8qtF7HhSI"}
{"tweet_id":841794055084347392,"created_unixtime":1489534317166,"created_time":"Tue Mar 14 23:31:57 +0000 2017","lang":"en","displayname":"AngelPhoto1","time_zone":"Eastern Time (US & Canada)","msg":"Happy Birthday Willbird  Town 220 Restaurant https//tco/UT2atMrQKV"}
{"tweet_id":841794055080140800,"created_unixtime":1489534317165,"created_time":"Tue Mar 14 23:31:57 +0000 2017","lang":"en","displayname":"mrpaulreynolds","time_zone":"","msg":"I dont know where to begin But here we go  indyref2 fake news edition Sad https//tco/IPwPefyNJx"}
{"tweet_id":841794054232907776,"created_unixtime":1489534316963,"created_time":"Tue Mar 14 23:31:56 +0000 2017","lang":"en","displayname":"jimnsdoll","time_zone":"Central Time (US & Canada)","msg":"RT SMILEJlMIN no one asked for this but heres jimin being happy on loop to brigthen up your day https//tco/VSPfQ48lOy"}
{"tweet_id":841794054086107138,"created_unixtime":1489534316928,"created_time":"Tue Mar 14 23:31:56 +0000 2017","lang":"und","displayname":"yoFrankieee","time_zone":"La Paz","msg":"Happy π Day https//tco/0KAWb6TedH"}
{"tweet_id":841794055973494784,"created_unixtime":1489534317378,"created_time":"Tue Mar 14 23:31:57 +0000 2017","lang":"en","displayname":"Thevampskd","time_zone":"Pacific Time (US & Canada)","msg":"RT Dayna_Brunskill TheVampsCon HAPPY 21ST BIRTHDAY CONNOR TheVampsCon ❤️❤️"}
{"tweet_id":841794056103575552,"created_unixtime":1489534317409,"created_time":"Tue Mar 14 23:31:57 +0000 2017","lang":"en","displayname":"AVeron4","time_zone":"Central Time (US & Canada)","msg":"RT MetroBoomin Happy 314 Day huSTLer https//tco/yiAp1DkLuO"}
{"tweet_id":841794056095129600,"created_unixtime":1489534317407,"created_time":"Tue Mar 14 23:31:57 +0000 2017","lang":"ko","displayname":"RuroRooo","time_zone":"Beijing","msg":"RT mintosyndr Happy White Day🍭🍭🍭 지각맨~😂 승화 https//tco/DLMR1DHdcJ"}
{"tweet_id":841794054836879360,"created_unixtime":1489534317107,"created_time":"Tue Mar 14 23:31:57 +0000 2017","lang":"en","displayname":"brittnik8","time_zone":"","msg":"Happy day😜 https//tco/Zd9Blrawna"}
{"tweet_id":841794056506155008,"created_unixtime":1489534317505,"created_time":"Tue Mar 14 23:31:57 +0000 2017","lang":"en","displayname":"_SuraltaBrent","time_zone":"Pacific Time (US & Canada)","msg":"its so sad to think of the good times"}
{"tweet_id":841794056351059969,"created_unixtime":1489534317468,"created_time":"Tue Mar 14 23:31:57 +0000 2017","lang":"en","displayname":"Sloatsburgny","time_zone":"Quito","msg":"RT SWalkerRCSD Happy shoveling Mounties https//tco/VqO9R9cPZt"}
{"tweet_id":841794056812298240,"created_unixtime":1489534317578,"created_time":"Tue Mar 14 23:31:57 +0000 2017","lang":"en","displayname":"sidnietayler","time_zone":"Pacific Time (US & Canada)","msg":"I think freckles are the most beautiful feature and Im sad that I dont have more"}
{"tweet_id":841794056678211584,"created_unixtime":1489534317546,"created_time":"Tue Mar 14 23:31:57 +0000 2017","lang":"en","displayname":"jjbrooks1717","time_zone":"","msg":"RT scarylawyerguy Sad commentary on the state of journalism that it took the possible repeal of ACA for them to do serious reporting on i…"}
{"tweet_id":841794056799809536,"created_unixtime":1489534317575,"created_time":"Tue Mar 14 23:31:57 +0000 2017","lang":"en","displayname":"judetx","time_zone":"","msg":"RT KenJennings The Ugly Duckling is my favorite story about how if youre unpopular amp sad you might still turn it around if your look…"}
{"tweet_id":841794057667928065,"created_unixtime":1489534317782,"created_time":"Tue Mar 14 23:31:57 +0000 2017","lang":"en","displayname":"leighgomezz","time_zone":"","msg":"I ran into my coworker at the club last night and I was so happy to see her 😭😂"}
{"tweet_id":841794057454141440,"created_unixtime":1489534317731,"created_time":"Tue Mar 14 23:31:57 +0000 2017","lang":"en","displayname":"fizzytheath","time_zone":"","msg":"RT captain_risa Got a surprise in the mail a clear quarts D so friggin happy and feeling so grateful lt3 thank you veeoneeye https//t…"}
{"tweet_id":841794057441554432,"created_unixtime":1489534317728,"created_time":"Tue Mar 14 23:31:57 +0000 2017","lang":"en","displayname":"confusinsusan","time_zone":"Pacific Time (US & Canada)","msg":"so sQUISH I WANNA HUG https//tco/DvGZ1oKe66"}
{"tweet_id":841794056971796480,"created_unixtime":1489534317616,"created_time":"Tue Mar 14 23:31:57 +0000 2017","lang":"en","displayname":"kibiebzbtch","time_zone":"Brasilia","msg":"RT ilovefIowers if ur sad https//tco/cwXvLBIWEu"}
{"tweet_id":841794058150268929,"created_unixtime":1489534317897,"created_time":"Tue Mar 14 23:31:57 +0000 2017","lang":"tl","displayname":"LumbaEmily","time_zone":"","msg":"RT shewishU Sobrang happy mo na razalfaro 2 DJ na labs mo ohh mor1019chacha meets mainedcm JusticeforRaz… "}
{"tweet_id":841794057747759108,"created_unixtime":1489534317801,"created_time":"Tue Mar 14 23:31:57 +0000 2017","lang":"en","displayname":"pastelpunkqueer","time_zone":"Eastern Time (US & Canada)","msg":"RT pettyblackgirI Kids are aware of their gender identity at a very early age its silly that ppl think otherwise Always support tr… "}
{"tweet_id":841794058339012609,"created_unixtime":1489534317942,"created_time":"Tue Mar 14 23:31:57 +0000 2017","lang":"en","displayname":"nttpnn_","time_zone":"Hanoi","msg":"RT VinesGot7 Happy White Day 💗 https//tco/KU4o3Urzc2"}
{"tweet_id":841794058326560772,"created_unixtime":1489534317939,"created_time":"Tue Mar 14 23:31:57 +0000 2017","lang":"en","displayname":"BChavis6","time_zone":"","msg":"RT meat_print_papi Seeing your mama happy https//tco/2UKJoxwKmG"}
{"tweet_id":841794058360131584,"created_unixtime":1489534317947,"created_time":"Tue Mar 14 23:31:57 +0000 2017","lang":"en","displayname":"kdelorenzo25","time_zone":"Eastern Time (US & Canada)","msg":"RT insecuring IF HE HAS A GIRLFRIEND THAT MEANS LEAVE HIM ALONE DONT TEXT HIM DONT CALL HIM  DONT HIT HIM UP GO GET YOUR OWN MAN AND L…"}
{"tweet_id":841794055323439104,"created_unixtime":1489534317223,"created_time":"Tue Mar 14 23:31:57 +0000 2017","lang":"en","displayname":"YRDSBGetOut","time_zone":"Eastern Time (US & Canada)","msg":"Happy Pi Day everyone Even nature is celebrating  Pi Day Pictures Natures NearPerfect Circles https//tco/9i21Xp1feG via NatGeo"}
{"tweet_id":841794058255237120,"created_unixtime":1489534317922,"created_time":"Tue Mar 14 23:31:57 +0000 2017","lang":"en","displayname":"_lulu_lullaby_","time_zone":"Eastern Time (US & Canada)","msg":"RT vampirediaries Happy birthday kevwilliamson 🎂 https//tco/JbUHYIy8lp"}
{"tweet_id":841794058997514240,"created_unixtime":1489534318099,"created_time":"Tue Mar 14 23:31:58 +0000 2017","lang":"en","displayname":"dylan__waller","time_zone":"Central Time (US & Canada)","msg":"RT rayuhsunshinee Lets pretend this wasnt from my birthday bc its too perfect LIKE MY MAN😍 HAPPY BIRTHDAY MY LOVE 💃🏽🕺🏻✨❤️… "}
{"tweet_id":841794058666299392,"created_unixtime":1489534318020,"created_time":"Tue Mar 14 23:31:58 +0000 2017","lang":"en","displayname":"Blue_Soldier_","time_zone":"Pacific Time (US & Canada)","msg":"RT nicholasmegalis Happy PiDay from DavidBowieReal https//tco/t50dYiZOXy"}
{"tweet_id":841794058863431680,"created_unixtime":1489534318067,"created_time":"Tue Mar 14 23:31:58 +0000 2017","lang":"en","displayname":"desssybop","time_zone":"","msg":"skinnymamba_ happy bday 💗"}
{"tweet_id":841794058100060160,"created_unixtime":1489534317885,"created_time":"Tue Mar 14 23:31:57 +0000 2017","lang":"en","displayname":"Cindaaaaaaaaaay","time_zone":"Hawaii","msg":"Im so happy for you ❤ https//tco/Gu95Q2LM8A"}
{"tweet_id":841794058636926976,"created_unixtime":1489534318013,"created_time":"Tue Mar 14 23:31:58 +0000 2017","lang":"und","displayname":"AmorOfRubiuh","time_zone":"Santiago","msg":"sTaXxFtChewie sad"}
{"tweet_id":841794059542786048,"created_unixtime":1489534318229,"created_time":"Tue Mar 14 23:31:58 +0000 2017","lang":"ro","displayname":"jaureguiologyst","time_zone":"Pacific Time (US & Canada)","msg":"RT LittleLiars Happy pi π day PLL fam https//tco/SLvjMKRpOb"}
{"tweet_id":841794059383541762,"created_unixtime":1489534318191,"created_time":"Tue Mar 14 23:31:58 +0000 2017","lang":"en","displayname":"softiejoonie","time_zone":"","msg":"RT meanpIastic Someone When was the last time u were truly happyMe https//tco/ntTKfIwWx1"}
{"tweet_id":841794059744215041,"created_unixtime":1489534318277,"created_time":"Tue Mar 14 23:31:58 +0000 2017","lang":"en","displayname":"shannoncaraker","time_zone":"Central Time (US & Canada)","msg":"RT NalydV1776 MissyPassMeyer shannoncaraker sassysassyred VFL2013 We all know Were just happy to see pride instead of flag burning…"}
{"tweet_id":841794060088152069,"created_unixtime":1489534318359,"created_time":"Tue Mar 14 23:31:58 +0000 2017","lang":"en","displayname":"chrishvnn","time_zone":"Eastern Time (US & Canada)","msg":"RT JustyFBaby Greatest happy birthday wish Ive ever seen https//tco/UrlPQdhFpt"}
{"tweet_id":841794060394340356,"created_unixtime":1489534318432,"created_time":"Tue Mar 14 23:31:58 +0000 2017","lang":"en","displayname":"a_sumner87","time_zone":"","msg":"RT HillaryClinton Happy birthday to this future president https//tco/JT3HiBjYdj"}
{"tweet_id":841794060855664640,"created_unixtime":1489534318542,"created_time":"Tue Mar 14 23:31:58 +0000 2017","lang":"en","displayname":"SimplyTimmy315","time_zone":"","msg":"Happy Anniversary JaDines hellobangsie  JayeHanash 3 years and countingLetOurPurpleHeartsShineAt3"}
{"tweet_id":841794060763451392,"created_unixtime":1489534318520,"created_time":"Tue Mar 14 23:31:58 +0000 2017","lang":"en","displayname":"speccula","time_zone":"Santiago","msg":"sad but tru https//tco/BgLyYpufbu"}
{"tweet_id":841794060843016192,"created_unixtime":1489534318539,"created_time":"Tue Mar 14 23:31:58 +0000 2017","lang":"en","displayname":"lovemehopelessx","time_zone":"Pacific Time (US & Canada)","msg":"erinlindslaay aww omg thats amazing im so happy for you even tho i already said that and also i miss u so much im excited "}
{"tweet_id":841794060641787905,"created_unixtime":1489534318491,"created_time":"Tue Mar 14 23:31:58 +0000 2017","lang":"en","displayname":"kac_facee","time_zone":"","msg":"RT D_Deji28 Do you guys know why he was killed A girl lied that he raped her and her brother shot him dead https//tco/IWDVDZp3rz"}
{"tweet_id":841794060968972288,"created_unixtime":1489534318569,"created_time":"Tue Mar 14 23:31:58 +0000 2017","lang":"en","displayname":"ARandomness","time_zone":"Eastern Time (US & Canada)","msg":"RT BoozDataScience Happy PiDay  datahumor https//tco/0ilUF6Z8IC"}
{"tweet_id":841794061346390018,"created_unixtime":1489534318659,"created_time":"Tue Mar 14 23:31:58 +0000 2017","lang":"ja","displayname":"mononofu_yuta","time_zone":"","msg":"RT emi09280315 💚💚杏果ちゃんHappy Birthday💚💚大好きな杏果ちゃん🐸💚22歳おめでとう🎊🎉これからも迫力のあるダンスと最高にかっこいい歌声聞かせてね💓💓有安杏果有安杏果誕生祭 有安杏果生誕祭 有安杏果エゴサ用… "}
{"tweet_id":841794061707038721,"created_unixtime":1489534318745,"created_time":"Tue Mar 14 23:31:58 +0000 2017","lang":"en","displayname":"MeilinLozano","time_zone":"Hong Kong","msg":"RT SSepioto Happy morning AldubnationALDUBxDTBYTugOfHearts"}
{"tweet_id":841794061367406592,"created_unixtime":1489534318664,"created_time":"Tue Mar 14 23:31:58 +0000 2017","lang":"en","displayname":"blvck_bvxuty","time_zone":"Eastern Time (US & Canada)","msg":"RT zapseattle ian gallagher  lowkey abusive to mickey  boring  i was so happy he was learning all these things about lgbtq… "}
{"tweet_id":841794061929451520,"created_unixtime":1489534318798,"created_time":"Tue Mar 14 23:31:58 +0000 2017","lang":"en","displayname":"emmabullington3","time_zone":"Pacific Time (US & Canada)","msg":"RT USAGym Happy birthday to the most decorated American gymnast fourtime Olympic gold medalist 10time world champion… "}
{"tweet_id":841794061895901184,"created_unixtime":1489534318790,"created_time":"Tue Mar 14 23:31:58 +0000 2017","lang":"en","displayname":"sbuchbinder","time_zone":"Eastern Time (US & Canada)","msg":"RT ResistanceParty Problem is Monica Crowley is a happy warrior for Putin TrumpRussia TeamOfLiars https//tco/fTAtkDBMTi"}
{"tweet_id":841794061346385920,"created_unixtime":1489534318659,"created_time":"Tue Mar 14 23:31:58 +0000 2017","lang":"en","displayname":"leilanidolan","time_zone":"","msg":" My nipples could cut diamonds right now  lol go watch the new video Happy TuesdayGraysonDolan EthanDolan… https//tco/cabL8XIqQQ"}
{"tweet_id":841794061912702976,"created_unixtime":1489534318794,"created_time":"Tue Mar 14 23:31:58 +0000 2017","lang":"en","displayname":"jadynberndt","time_zone":"","msg":"RT HornyFacts So annoying when ppl r like ur always laughing U laugh at everything Its not that funny like OK sorry Im a happy pe…"}
{"tweet_id":841794062545960960,"created_unixtime":1489534318945,"created_time":"Tue Mar 14 23:31:58 +0000 2017","lang":"en","displayname":"JustaFunEscape","time_zone":"","msg":"RT FeverFlave Shes sad make her laugh Shes horny fuck her good Shes threatened protect her Shes wrong just shut the fuck…"}
{"tweet_id":841794062365691904,"created_unixtime":1489534318902,"created_time":"Tue Mar 14 23:31:58 +0000 2017","lang":"en","displayname":"eufeatnailler","time_zone":"Brasilia","msg":"RT LittleMix NoMoreSadSongs for REAL❌❤️ weve made a SpotifyUK playlist with some happy songs☺️ what should we add X the girl… "}
{"tweet_id":841794062357159936,"created_unixtime":1489534318900,"created_time":"Tue Mar 14 23:31:58 +0000 2017","lang":"en","displayname":"nochutaesthetic","time_zone":"Pacific Time (US & Canada)","msg":"RT rulerofwind_sh EXO IS ALREADY HAPPY BY JUST PLAYING WITH THEIR HELIUM VOICE YES THIS IS THE GROUP I STAN 😂😂😂 https//tco/C1oj8RSwHS"}
{"tweet_id":841794062306824192,"created_unixtime":1489534318888,"created_time":"Tue Mar 14 23:31:58 +0000 2017","lang":"en","displayname":"Torres3Denise","time_zone":"Pacific Time (US & Canada)","msg":"RT deadhomosexual me an actual angel can confirm that yes we do feel sad https//tco/ulHoGS2BER"}
{"tweet_id":841794062789300225,"created_unixtime":1489534319003,"created_time":"Tue Mar 14 23:31:59 +0000 2017","lang":"en","displayname":"Jxselinne","time_zone":"","msg":"RT preaching my main focus is to better myself be successful and be happy so if you arent contributing to that then i dont need you i…"}
{"tweet_id":841794062864793605,"created_unixtime":1489534319021,"created_time":"Tue Mar 14 23:31:59 +0000 2017","lang":"en","displayname":"BeataSamson","time_zone":"","msg":"RT culture_pl Happy birthday Leon Tarasewicz The famous Polish painter was born OnThisDay in 1957 https//tco/jRAic8TVgF… "}
{"tweet_id":841794062525050880,"created_unixtime":1489534318940,"created_time":"Tue Mar 14 23:31:58 +0000 2017","lang":"en","displayname":"loganthewriter","time_zone":"America/Denver","msg":"RT derekcarrqb Its about time Looking forward to not getting hit by you anymore haha just kidding man One of the best ever Hap… "}
{"tweet_id":841794062315343872,"created_unixtime":1489534318890,"created_time":"Tue Mar 14 23:31:58 +0000 2017","lang":"en","displayname":"XO_Minzy","time_zone":"Atlantic Time (Canada)","msg":"ALS is 100 fatal Im sad now https//tco/jYIMRwnwZc"}
{"tweet_id":841794062839603200,"created_unixtime":1489534319015,"created_time":"Tue Mar 14 23:31:59 +0000 2017","lang":"en","displayname":"NYsportsfan2015","time_zone":"Eastern Time (US & Canada)","msg":"😍😍😍😍 so sweet https//tco/bdxF5YJr9V"}
{"tweet_id":841794062822838272,"created_unixtime":1489534319011,"created_time":"Tue Mar 14 23:31:59 +0000 2017","lang":"en","displayname":"Yolyyy_","time_zone":"Atlantic Time (Canada)","msg":"RT Yolyyy_ HAPPY BIRTHDAY TO ME😍🤷🏽‍♀️🎈 Blessed https//tco/oHNdz96Gvo"}
{"tweet_id":841794062910803968,"created_unixtime":1489534319032,"created_time":"Tue Mar 14 23:31:59 +0000 2017","lang":"ja","displayname":"MomoZ315","time_zone":"","msg":"RT mo0mo6mo2ka9 杏果･♥ﾟHappy Birthday ♬ °･♥22歳のあなたも、あなたらしく歌っていてほしい！！ずっとずっとついていくからね！本当におめでとうございます（Θ💚✨🎉🎁🎊🎁🎉✨有安杏果誕生日… "}
{"tweet_id":841794063032451072,"created_unixtime":1489534319061,"created_time":"Tue Mar 14 23:31:59 +0000 2017","lang":"en","displayname":"RealArjunMusic","time_zone":"Asia/Singapore","msg":"RT CauseWereGuys pic 1 a happy futurepic 2 an uncertain future https//tco/hyWJ4UloPX"}
{"tweet_id":841794063221325824,"created_unixtime":1489534319106,"created_time":"Tue Mar 14 23:31:59 +0000 2017","lang":"en","displayname":"umudx9gr","time_zone":"","msg":"RT DanielP43817553 Im so happy I have people that care for me and love me I feel so much better thanks to you all ❤"}
{"tweet_id":841794060780105729,"created_unixtime":1489534318524,"created_time":"Tue Mar 14 23:31:58 +0000 2017","lang":"en","displayname":"imagineDTwins","time_zone":"","msg":"[imagine] G so were here celebrating that Ethan finally has a girlfriend Her names Y/N amp shes perfect for h… https//tco/KYV1pSSSXs"}
{"tweet_id":841794063284228097,"created_unixtime":1489534319121,"created_time":"Tue Mar 14 23:31:59 +0000 2017","lang":"en","displayname":"macknolan_","time_zone":"Eastern Time (US & Canada)","msg":"RT thome_katie Happy birthday 🎈 macknolan_  you are so sweet love you 💕"}
{"tweet_id":841794063732891648,"created_unixtime":1489534319228,"created_time":"Tue Mar 14 23:31:59 +0000 2017","lang":"en","displayname":"Madison_Ellen97","time_zone":"","msg":"RT pipesmalone there was a point in my life when i didnt think id be this happy ever again amp now i cant believe i ever let someone mak…"}
{"tweet_id":841794063582003205,"created_unixtime":1489534319192,"created_time":"Tue Mar 14 23:31:59 +0000 2017","lang":"en","displayname":"stewartgabys2","time_zone":"","msg":"RT ItsFoodPorn Happy Pi Day https//tco/SUJCzAvha9"}
{"tweet_id":841794063976304640,"created_unixtime":1489534319286,"created_time":"Tue Mar 14 23:31:59 +0000 2017","lang":"en","displayname":"Justin_Hall_11","time_zone":"","msg":"RT HornyFacts So annoying when ppl r like ur always laughing U laugh at everything Its not that funny like OK sorry Im a happy pe…"}
{"tweet_id":841794063397474304,"created_unixtime":1489534319148,"created_time":"Tue Mar 14 23:31:59 +0000 2017","lang":"pt","displayname":"STARSDREWNCE","time_zone":"Brasilia","msg":"Obrigadaaa amore https//tco/cI6KnQASB6"}
{"tweet_id":841794064374677504,"created_unixtime":1489534319381,"created_time":"Tue Mar 14 23:31:59 +0000 2017","lang":"en","displayname":"SallyHipolito","time_zone":"Singapore","msg":"RT ofcaldub_canada Hello hello hello Pls Support our HT  👇🏻😂😂😂 happy lang  ALDUBxDTBYTugOfHearts"}
{"tweet_id":841794064198561792,"created_unixtime":1489534319339,"created_time":"Tue Mar 14 23:31:59 +0000 2017","lang":"en","displayname":"akamomteach","time_zone":"Eastern Time (US & Canada)","msg":"RT brainpicker Happy PiDay What pi sounds like – its first 31 decimals translated into notes and performed on various instrument… "}
{"tweet_id":841794064198598657,"created_unixtime":1489534319339,"created_time":"Tue Mar 14 23:31:59 +0000 2017","lang":"en","displayname":"mzanaw","time_zone":"Eastern Time (US & Canada)","msg":"Ion wish that shit on my worse enemy I was so happy to be fired My spirit lit up and I couldnt help but smile Life been peaceful too"}
{"tweet_id":841794064307654657,"created_unixtime":1489534319365,"created_time":"Tue Mar 14 23:31:59 +0000 2017","lang":"en","displayname":"AzariaKeith","time_zone":"","msg":"Happy birthday jilldonlon  Love you too much I hope you have an amazing day 😘😘😍😘😍laxislife fitnesspartner"}
{"tweet_id":841794064282488832,"created_unixtime":1489534319359,"created_time":"Tue Mar 14 23:31:59 +0000 2017","lang":"en","displayname":"SaharSayess","time_zone":"","msg":"RT lsarsour Omg This is so sad yet so beautiful ❤️😞 https//tco/wD87PfBTBx"}
{"tweet_id":841794064441827329,"created_unixtime":1489534319397,"created_time":"Tue Mar 14 23:31:59 +0000 2017","lang":"und","displayname":"mespatle","time_zone":"Belgrade","msg":"Nisam bila ni na jednom predavanju sredom jer je svaku sredu do sad padala kiša a ko sam ja da idem igde iz kuće po kiši zaista"}
{"tweet_id":841794063590404096,"created_unixtime":1489534319194,"created_time":"Tue Mar 14 23:31:59 +0000 2017","lang":"en","displayname":"ashten_petro","time_zone":"Atlantic Time (Canada)","msg":"Happy birthday my lil sunshine jillianjed 🎈 https//tco/vO5FZOiL7p"}
{"tweet_id":841794064798236672,"created_unixtime":1489534319482,"created_time":"Tue Mar 14 23:31:59 +0000 2017","lang":"en","displayname":"gxrcixmirixm","time_zone":"","msg":"RT ManCanddyPics COLTON HAYNES AND HIS BOYFRIEND ARE ENGAGED THIS MAKES ME SO HAPPY 😭 https//tco/dihGKd2CEI"}
{"tweet_id":841794065096142848,"created_unixtime":1489534319553,"created_time":"Tue Mar 14 23:31:59 +0000 2017","lang":"en","displayname":"DevinDParlett","time_zone":"Eastern Time (US & Canada)","msg":"RT NexusFolf Happy Pi Day 3/14 everyonePlease enjoy Pie In The Face by myself AuraPuffs MainMandarin amp BartonTheFoxhttps/…"}
{"tweet_id":841794064907440128,"created_unixtime":1489534319508,"created_time":"Tue Mar 14 23:31:59 +0000 2017","lang":"tr","displayname":"DEMONxCORE","time_zone":"Quito","msg":"RT yunanbicagi bu çocuğu sad yapanın anası babası ölsün https//tco/1Dz6REsNtK"}
{"tweet_id":841794065339420675,"created_unixtime":1489534319611,"created_time":"Tue Mar 14 23:31:59 +0000 2017","lang":"en","displayname":"AmerMusicChan","time_zone":"Central Time (US & Canada)","msg":"Thanks TopNewFollowers markusthePR BMKTelevision BentlyMcKenna Happy to connect "}
{"tweet_id":841794065721118722,"created_unixtime":1489534319702,"created_time":"Tue Mar 14 23:31:59 +0000 2017","lang":"en","displayname":"troi_storryy","time_zone":"","msg":"I just loved being happy"}
{"tweet_id":841794066186686465,"created_unixtime":1489534319813,"created_time":"Tue Mar 14 23:31:59 +0000 2017","lang":"en","displayname":"AsmAA_qandilL","time_zone":"","msg":"RT BiboGhareb Happy BirthDay 🎉AsmAA_qandilL"}
{"tweet_id":841794065914044417,"created_unixtime":1489534319748,"created_time":"Tue Mar 14 23:31:59 +0000 2017","lang":"en","displayname":"Markhamillbae","time_zone":"","msg":"Im so happy now I dont know why😂😂👏👏💗💗"}
{"tweet_id":841794066018885632,"created_unixtime":1489534319773,"created_time":"Tue Mar 14 23:31:59 +0000 2017","lang":"en","displayname":"I00I6","time_zone":"","msg":"Sad Talk to God Happy Talk to God"}
{"tweet_id":841794066408996864,"created_unixtime":1489534319866,"created_time":"Tue Mar 14 23:31:59 +0000 2017","lang":"en","displayname":"nwilhelmxci","time_zone":"Eastern Time (US & Canada)","msg":"RT DownWithDamon Happy Birthday StephenCurry30 Heres every time LeBron James blocked you in last years NBA Finals Memories https//t…"}
{"tweet_id":841794066308251648,"created_unixtime":1489534319842,"created_time":"Tue Mar 14 23:31:59 +0000 2017","lang":"en","displayname":"ginnybraun","time_zone":"Wellington","msg":"Some days Im very happy to have colleagues like Knhannah ok I lie its actually every day"}
{"tweet_id":841794066589204480,"created_unixtime":1489534319909,"created_time":"Tue Mar 14 23:31:59 +0000 2017","lang":"ja","displayname":"NFCEZzN9PTZg9sx","time_zone":"","msg":"RT yuga805882 海未ちゃんHappy Birthday🎊これからもよろしく！ みんなで祝いましょう◍˃̶ᗜ˂̶◍ﾉ拡散希望3月15日は園田海未の誕生日園田海未生誕祭2017ラブライバーと繋がりたいラブライバーはRT… "}
{"tweet_id":841794067310637056,"created_unixtime":1489534320081,"created_time":"Tue Mar 14 23:32:00 +0000 2017","lang":"en","displayname":"AlyahHicks","time_zone":"Pacific Time (US & Canada)","msg":"im getting another tattoo tomorrow and im so happy"}
{"tweet_id":841794067289780224,"created_unixtime":1489534320076,"created_time":"Tue Mar 14 23:32:00 +0000 2017","lang":"en","displayname":"MissStarLove75","time_zone":"","msg":"RT ClimateReality The Earths circumference is 24901 beautiful miles Dont forget there is no Planet B Happy PiDay https//tco/HM6r…"}
{"tweet_id":841794067310755841,"created_unixtime":1489534320081,"created_time":"Tue Mar 14 23:32:00 +0000 2017","lang":"en","displayname":"clare_boland","time_zone":"","msg":"RT DownWithDamon Happy Birthday StephenCurry30 Heres every time LeBron James blocked you in last years NBA Finals Memories https//t…"}
{"tweet_id":841794067688247296,"created_unixtime":1489534320171,"created_time":"Tue Mar 14 23:32:00 +0000 2017","lang":"en","displayname":"MrMarkJamesUK","time_zone":"Pacific Time (US & Canada)","msg":"Talemarq That would make this person very very happy"}
{"tweet_id":841794067411406852,"created_unixtime":1489534320105,"created_time":"Tue Mar 14 23:32:00 +0000 2017","lang":"en","displayname":"IdiannyC","time_zone":"Central Time (US & Canada)","msg":"RT KaytonDarley Happy 18th Birthday to this amazing person I can call my Mine  👰🏻💍❤️_lesliesamantha https//tco/5CS1roRwJI"}
{"tweet_id":841794067293917184,"created_unixtime":1489534320077,"created_time":"Tue Mar 14 23:32:00 +0000 2017","lang":"en","displayname":"thewongwayy","time_zone":"Mountain Time (US & Canada)","msg":"My average hours of sleep are sad https//tco/IarvQOoAOh"}
{"tweet_id":841794067289759744,"created_unixtime":1489534320076,"created_time":"Tue Mar 14 23:32:00 +0000 2017","lang":"en","displayname":"desiray220","time_zone":"Pacific Time (US & Canada)","msg":"RT lysnorris my little sister keeps telling us she wants to be a boy so my parents went out and bought her boy clothes amp look ho… "}
{"tweet_id":841794068136906752,"created_unixtime":1489534320278,"created_time":"Tue Mar 14 23:32:00 +0000 2017","lang":"en","displayname":"ohs688","time_zone":"Seoul","msg":"RT nightwoof Marvelous commission by spaghettee I love it and it makes me very happy ❤️ https//tco/293TKEgbR7"}
