{"tweet_id":841793584290529280,"created_unixtime":1489534204920,"created_time":"Tue Mar 14 23:30:04 +0000 2017","lang":"en","displayname":"LucasReveau","time_zone":"Athens","msg":"Happy birthday my bro paulpogba ❤️"}
{"tweet_id":841793584365985793,"created_unixtime":1489534204938,"created_time":"Tue Mar 14 23:30:04 +0000 2017","lang":"en","displayname":"aozul27","time_zone":"Madrid","msg":"Aaah look thats near where I live Im so happy Its just down maybe another time street https//tco/wK9ws81lal"}
{"tweet_id":841793583803994112,"created_unixtime":1489534204804,"created_time":"Tue Mar 14 23:30:04 +0000 2017","lang":"es","displayname":"nicolas291016","time_zone":"","msg":"RT mellamanfredy Hoy tendremos algo de Happy Weels que en mi vida he jugado y un vídeo en MeLlamanFredy 😉¿Cómo lleváis el día 🙈"}
{"tweet_id":841793580322684929,"created_unixtime":1489534203974,"created_time":"Tue Mar 14 23:30:03 +0000 2017","lang":"en","displayname":"JosieWitt1","time_zone":"","msg":"Hello find new girl and be happy  https//tco/hJMeBFl04K https//tco/RbDpmc663O"}
{"tweet_id":841793584894476289,"created_unixtime":1489534205064,"created_time":"Tue Mar 14 23:30:05 +0000 2017","lang":"en","displayname":"idksamyyy","time_zone":"Pacific Time (US & Canada)","msg":"RT _itsmcneil Happy to see that smile on her face ❣️ https//tco/VJdfGPV1q1"}
{"tweet_id":841793584818978816,"created_unixtime":1489534205046,"created_time":"Tue Mar 14 23:30:05 +0000 2017","lang":"en","displayname":"DualGrey","time_zone":"Central Time (US & Canada)","msg":"RT ringelrei please I want them to be happy https//tco/mMMS2L9zbw"}
{"tweet_id":841793585171296256,"created_unixtime":1489534205130,"created_time":"Tue Mar 14 23:30:05 +0000 2017","lang":"en","displayname":"ms_cosmetics","time_zone":"","msg":"A recent review from one of our beautiful Etsy Customers on Flashy Thank you So happy you love… https//tco/Rm9PdQF8Fo"}
{"tweet_id":841793585578106881,"created_unixtime":1489534205227,"created_time":"Tue Mar 14 23:30:05 +0000 2017","lang":"th","displayname":"Zeansyp","time_zone":"Jakarta","msg":"RT NamjoohyukTH Happy White Day 💕🍭วันนี้ที่เกาหลีเป็นวัน White Day ค่ะรอให้นางมาแฮปปี้ไม่น่าจะมี เกรงว่าจะรอเก้อ สาวๆอยากได้ลูกอม… "}
{"tweet_id":841793585343168516,"created_unixtime":1489534205171,"created_time":"Tue Mar 14 23:30:05 +0000 2017","lang":"en","displayname":"LukeLPearson","time_zone":"Perth","msg":"I wants that cake https//tco/GbfruRwyzH"}
{"tweet_id":841793585540284416,"created_unixtime":1489534205218,"created_time":"Tue Mar 14 23:30:05 +0000 2017","lang":"en","displayname":"jovitaholmes112","time_zone":"","msg":"Search function added now you can search your app with their keyword  Happy Searching "}
{"tweet_id":841793585687085056,"created_unixtime":1489534205253,"created_time":"Tue Mar 14 23:30:05 +0000 2017","lang":"en","displayname":"_vosss","time_zone":"Pacific Time (US & Canada)","msg":"I AM SO HAPPY"}
{"tweet_id":841793585590767623,"created_unixtime":1489534205230,"created_time":"Tue Mar 14 23:30:05 +0000 2017","lang":"und","displayname":"jbake52","time_zone":"","msg":"👍🏼 https//tco/Lm8lDZfFs9"}
{"tweet_id":841793586152779776,"created_unixtime":1489534205364,"created_time":"Tue Mar 14 23:30:05 +0000 2017","lang":"en","displayname":"sSo_Ariane","time_zone":"","msg":"styletonicc Happy Birthday ma belle love you so much ❣❣"}
{"tweet_id":841793586156961792,"created_unixtime":1489534205365,"created_time":"Tue Mar 14 23:30:05 +0000 2017","lang":"en","displayname":"saraheschertt","time_zone":"","msg":"I love seeing the people I care about happy"}
{"tweet_id":841793586479824896,"created_unixtime":1489534205442,"created_time":"Tue Mar 14 23:30:05 +0000 2017","lang":"en","displayname":"chiderah_onuoha","time_zone":"America/New_York","msg":"Jemidelaju happy birthday bro💪hope its mad"}
{"tweet_id":841793587922771969,"created_unixtime":1489534205786,"created_time":"Tue Mar 14 23:30:05 +0000 2017","lang":"en","displayname":"nasry18","time_zone":"","msg":"Happy birthday olamide_YBNL God bless your new age bro🎉❤️️"}
{"tweet_id":841793588153487362,"created_unixtime":1489534205841,"created_time":"Tue Mar 14 23:30:05 +0000 2017","lang":"en","displayname":"ericatommo","time_zone":"London","msg":"RT danisnotonfire there i was sat feeling all cozy under my furry blanket and phil says you look like a sad pimp thanks mate https//t…"}
{"tweet_id":841793588446941184,"created_unixtime":1489534205911,"created_time":"Tue Mar 14 23:30:05 +0000 2017","lang":"en","displayname":"ReneePadia1","time_zone":"","msg":"when im sad or sick my mom just sends me 20 photos of my puppy 😌"}
{"tweet_id":841793588358979584,"created_unixtime":1489534205890,"created_time":"Tue Mar 14 23:30:05 +0000 2017","lang":"en","displayname":"FASTK8Charter","time_zone":"Pacific Time (US & Canada)","msg":"RT mrsjaegerfastk8 Happy piday FASTK8Charter Ss drawing 3x5 grid using 3 colors many designs 14 min fast2thefuture https//tco/DyIBe…"}
{"tweet_id":841793588375740416,"created_unixtime":1489534205894,"created_time":"Tue Mar 14 23:30:05 +0000 2017","lang":"en","displayname":"_hamdihassan","time_zone":"Atlantic Time (Canada)","msg":"Happy birthday once again Cant wait to see u this summer 🎉🎉🎉😘ox_hashi"}
{"tweet_id":841793588551905281,"created_unixtime":1489534205936,"created_time":"Tue Mar 14 23:30:05 +0000 2017","lang":"en","displayname":"Jcoonce13","time_zone":"","msg":"RT TheBucktList there are so many beautiful reasons to be happy https//tco/DQkyoN1SHW"}
{"tweet_id":841793588681932800,"created_unixtime":1489534205967,"created_time":"Tue Mar 14 23:30:05 +0000 2017","lang":"en","displayname":"TRUMP4ISRAEL","time_zone":"Pacific Time (US & Canada)","msg":"RT seanhannity Obama holdovers So sad NRO is so ignorant amp has sunk this low Conservative review NRO IS now totally irrelevant   https…"}
{"tweet_id":841793588635791360,"created_unixtime":1489534205956,"created_time":"Tue Mar 14 23:30:05 +0000 2017","lang":"en","displayname":"amber_sgambati","time_zone":"","msg":"Dont be sad its over smile because it happened 💖 https//tco/BPn8zCHDEh"}
{"tweet_id":841793589151698945,"created_unixtime":1489534206079,"created_time":"Tue Mar 14 23:30:06 +0000 2017","lang":"en","displayname":"CrystalSuber","time_zone":"Eastern Time (US & Canada)","msg":"PiDay Kroger has pies 314 Happy Pi Day Now kids should never forget the value of pi Sweet Holiday"}
{"tweet_id":841793588656779265,"created_unixtime":1489534205961,"created_time":"Tue Mar 14 23:30:05 +0000 2017","lang":"en","displayname":"Baertellzman","time_zone":"Bern","msg":"Happy birthday to our Alfred Michael Caine https//tco/bhSLmGXoBo"}
{"tweet_id":841793588216381441,"created_unixtime":1489534205856,"created_time":"Tue Mar 14 23:30:05 +0000 2017","lang":"en","displayname":"Harry_ur_a_wiz","time_zone":"London","msg":"fxckneckdeep_ you looked so happy and were more successful than the others I saw 😂"}
{"tweet_id":841793588270882816,"created_unixtime":1489534205869,"created_time":"Tue Mar 14 23:30:05 +0000 2017","lang":"en","displayname":"_aDiiz","time_zone":"Mountain Time (US & Canada)","msg":"Mood happy/sad 🙃 https//tco/QjhywZ4XJx"}
{"tweet_id":841793588778414082,"created_unixtime":1489534205990,"created_time":"Tue Mar 14 23:30:05 +0000 2017","lang":"en","displayname":"Vicky____13","time_zone":"","msg":"RT KENS5 Happy 25th Birthday SF_FiestaTexas  🎢🎉🎈😄 https//tco/HhPzj8RVq4"}
{"tweet_id":841793590066065408,"created_unixtime":1489534206297,"created_time":"Tue Mar 14 23:30:06 +0000 2017","lang":"en","displayname":"NaniiMuletash","time_zone":"Brasilia","msg":"RT deanekeaton im sad because im ugly or im ugly because im sad well never know"}
{"tweet_id":841793590007218176,"created_unixtime":1489534206283,"created_time":"Tue Mar 14 23:30:06 +0000 2017","lang":"en","displayname":"WagsWigglesOC","time_zone":"","msg":"Happy birthday to these three Thanks for coming in to celebrate your birthdays with us"}
{"tweet_id":841793589726261248,"created_unixtime":1489534206216,"created_time":"Tue Mar 14 23:30:06 +0000 2017","lang":"en","displayname":"Lorenyanggg","time_zone":"","msg":"RT teenagehumors ugly but can make u happy"}
{"tweet_id":841793589898317824,"created_unixtime":1489534206257,"created_time":"Tue Mar 14 23:30:06 +0000 2017","lang":"en","displayname":"madelynnwiggins","time_zone":"Atlantic Time (Canada)","msg":"RT Alexa_Merkiel happy bday Mads💙🤙🏼thanks for being my fave person to work with and for making me laugh constantly😊🎁🎈🤗😍 https//tco/YXwr…"}
{"tweet_id":841793589935923200,"created_unixtime":1489534206266,"created_time":"Tue Mar 14 23:30:06 +0000 2017","lang":"en","displayname":"LadyLucksMelano","time_zone":"Arizona","msg":"RT 4ChionLifestyle Thank you to each follower We enjoy your lifestyle adventures Happy you like ours beauty fashion lifestyle… "}
{"tweet_id":841793590581956610,"created_unixtime":1489534206420,"created_time":"Tue Mar 14 23:30:06 +0000 2017","lang":"en","displayname":"dormans2006","time_zone":"","msg":"RT NatureNPS This is what happens when you have a building full of scientists and a laser👨🏽‍🔬👩🏾‍🔬⚡️3️⃣1️⃣4️⃣ Happy PiDay https//tco…"}
{"tweet_id":841793590581960709,"created_unixtime":1489534206420,"created_time":"Tue Mar 14 23:30:06 +0000 2017","lang":"en","displayname":"realKYZR","time_zone":"","msg":"PsyQoFH4D Happy birthday man"}
{"tweet_id":841793589302706176,"created_unixtime":1489534206115,"created_time":"Tue Mar 14 23:30:06 +0000 2017","lang":"en","displayname":"Jasmin_Hanifan","time_zone":"Pacific Time (US & Canada)","msg":"12 Tricks To Make Your Girl Happy Are Revealed 3 Is So Obvious https//tco/yTqmKSa3b4"}
{"tweet_id":841793590892216320,"created_unixtime":1489534206494,"created_time":"Tue Mar 14 23:30:06 +0000 2017","lang":"en","displayname":"NadLeaNnot","time_zone":"Mountain Time (US & Canada)","msg":"Happy bday to my husband Taylor Hanson hansonmusic 🎂🥂✨✨✨💕💕🎹🎊🎉  Yes in my head we married 20 years ago have a magical day Tay "}
{"tweet_id":841793591156584448,"created_unixtime":1489534206557,"created_time":"Tue Mar 14 23:30:06 +0000 2017","lang":"en","displayname":"DlCKBICYCLE","time_zone":"Athens","msg":"Hacking someones just for their  wont make the person u stole it from happy u know also it must be illegal"}
{"tweet_id":841793591093669888,"created_unixtime":1489534206542,"created_time":"Tue Mar 14 23:30:06 +0000 2017","lang":"en","displayname":"AKidNamedMalik","time_zone":"Pacific Time (US & Canada)","msg":"The cliche your girl must be happy with you working at Victorias Secret  and not actually having a girl is quite ironic"}
{"tweet_id":841793590649057280,"created_unixtime":1489534206436,"created_time":"Tue Mar 14 23:30:06 +0000 2017","lang":"en","displayname":"BelikerAble","time_zone":"Pacific Time (US & Canada)","msg":"RT Ava_Av9 Happy day ❤ https//tco/WsPxjSjCJ0"}
{"tweet_id":841793591290810369,"created_unixtime":1489534206589,"created_time":"Tue Mar 14 23:30:06 +0000 2017","lang":"en","displayname":"InlineGlobal","time_zone":"Pacific Time (US & Canada)","msg":"Happy PiDay Cleanfax  made a pie showing factors affecting revenues in this infographic Take a lookhttps//tco/5XT00SitgD"}
{"tweet_id":841793591647322113,"created_unixtime":1489534206674,"created_time":"Tue Mar 14 23:30:06 +0000 2017","lang":"en","displayname":"gillian_findlay","time_zone":"Harare","msg":"GoSocialSA DavidGrahamSA VCDominey JacquiCooks haha  happy next morning all"}
{"tweet_id":841793583065755648,"created_unixtime":1489534204628,"created_time":"Tue Mar 14 23:30:04 +0000 2017","lang":"en","displayname":"AlphaPopper","time_zone":"Casablanca","msg":"RT RCorbettMEP farage nowadays happy to reveal his true colours https//tco/Rsm8k2QY5v"}
{"tweet_id":841793592184188928,"created_unixtime":1489534206802,"created_time":"Tue Mar 14 23:30:06 +0000 2017","lang":"en","displayname":"Author_Brokenxx","time_zone":"Pacific Time (US & Canada)","msg":"I like seeing him happy but he really just wants to give up on school but I know if he does hed end being a full time stoner"}
{"tweet_id":841793592431648770,"created_unixtime":1489534206861,"created_time":"Tue Mar 14 23:30:06 +0000 2017","lang":"en","displayname":"itzemxx","time_zone":"Pacific Time (US & Canada)","msg":"RT NDennington Im so freaking happy these days"}
{"tweet_id":841793591974465537,"created_unixtime":1489534206752,"created_time":"Tue Mar 14 23:30:06 +0000 2017","lang":"en","displayname":"blacklove0207","time_zone":"Tokyo","msg":"💐Happy White Day💐・大好きなpirremarcoliniどれから食べるか迷っちゃう ありがとうpierremarcolini ピエールマルコリーニ… https//tco/UJChiXrUj1"}
{"tweet_id":841793593044025344,"created_unixtime":1489534207007,"created_time":"Tue Mar 14 23:30:07 +0000 2017","lang":"en","displayname":"DanEDangerously","time_zone":"Eastern Time (US & Canada)","msg":"RT GameOfThrones Happy GameofThrones PiDay https//tco/N1spcVNHuw"}
{"tweet_id":841793593299857408,"created_unixtime":1489534207068,"created_time":"Tue Mar 14 23:30:07 +0000 2017","lang":"en","displayname":"VanillaRiceYT","time_zone":"London","msg":"RT RightOpinionYT Happy Birthday To my boiiii mattstokesyt Picture of me nd u back in the dayzzzzz keeping it 💯💯💯 my g Joke… "}
{"tweet_id":841793593111150592,"created_unixtime":1489534207023,"created_time":"Tue Mar 14 23:30:07 +0000 2017","lang":"en","displayname":"UWGEARUP","time_zone":"Pacific Time (US & Canada)","msg":"Happy Pi Day https//tco/VDfx2iHdXP"}
{"tweet_id":841793593350144000,"created_unixtime":1489534207080,"created_time":"Tue Mar 14 23:30:07 +0000 2017","lang":"en","displayname":"exclusivewes","time_zone":"Arizona","msg":"bieberftjuarez shut up i just complimented him for the first time you should be HAPPY"}
{"tweet_id":841793593769570304,"created_unixtime":1489534207180,"created_time":"Tue Mar 14 23:30:07 +0000 2017","lang":"ja","displayname":"konpan2828","time_zone":"","msg":"RT tsukiuta1 ☆Happy White Day①☆始「いつも応援ありがとう」春「俺たちから胸いっぱいの愛と感謝を♪」※DLOK※壁紙などマナーを守って使ってくださいね https//tco/SEVeCueeuP"}
{"tweet_id":841793593492836352,"created_unixtime":1489534207114,"created_time":"Tue Mar 14 23:30:07 +0000 2017","lang":"en","displayname":"rjottawa","time_zone":"Eastern Time (US & Canada)","msg":"manny_ottawa Typical Liberal priorities Sad"}
{"tweet_id":841793593492832256,"created_unixtime":1489534207114,"created_time":"Tue Mar 14 23:30:07 +0000 2017","lang":"en","displayname":"_lucyreyes10","time_zone":"Mountain Time (US & Canada)","msg":"AmandaFaith_20 Happy Birthday girl Hope its great 🎉"}
{"tweet_id":841793593903845377,"created_unixtime":1489534207212,"created_time":"Tue Mar 14 23:30:07 +0000 2017","lang":"en","displayname":"ValentinoNora","time_zone":"","msg":"RT MWC1996 SeaDogsDK safe drive to Moncton tomorrow and I am so happy for you to be back you have no idea how happy I am to get to see u…"}
{"tweet_id":841793594214174720,"created_unixtime":1489534207286,"created_time":"Tue Mar 14 23:30:07 +0000 2017","lang":"ja","displayname":"waferchoco_","time_zone":"Jakarta","msg":"RT tsukiuta1 ☆Happy White Day②☆新「もうすぐ春だよーあったかくなってきたから眠いよー君の愛に包まれて眠ります」葵「こらこら（苦笑）。いつもありがとうございます！」※DLOK※壁紙などマナーを守って使ってくださいね https//t…"}
{"tweet_id":841793594939736064,"created_unixtime":1489534207459,"created_time":"Tue Mar 14 23:30:07 +0000 2017","lang":"in","displayname":"ecahchachacha","time_zone":"","msg":"Happy birthday semoga panjang umur murah rezekii 🎉🎁 Radin_Era"}
{"tweet_id":841793595292041217,"created_unixtime":1489534207543,"created_time":"Tue Mar 14 23:30:07 +0000 2017","lang":"ja","displayname":"positive09875","time_zone":"Tokyo","msg":"逃げ出したくなる時もあるよ　思い通りなんていかなくてだけどそんな時こそ自分ひとりじゃ何も出来てないこと気づかされるね「Happy days」"}
{"tweet_id":841793595099250688,"created_unixtime":1489534207497,"created_time":"Tue Mar 14 23:30:07 +0000 2017","lang":"en","displayname":"rissa_1013","time_zone":"Atlantic Time (Canada)","msg":"Caradelevingne writing a book means I can read it and die happy the next day no questions asked"}
{"tweet_id":841793595631788033,"created_unixtime":1489534207624,"created_time":"Tue Mar 14 23:30:07 +0000 2017","lang":"en","displayname":"bbygirltam","time_zone":"Pacific Time (US & Canada)","msg":"octaviashit first of all Clarke does not need anybody to be happy She is strong as an individual She also doesnt have to fall into the"}
{"tweet_id":841793592377147393,"created_unixtime":1489534206848,"created_time":"Tue Mar 14 23:30:06 +0000 2017","lang":"en","displayname":"legitericka","time_zone":"","msg":"just_maggg Im so happy weve became closer lately mags I love youuu 💖😻 https//tco/3jlBEYlxXq"}
{"tweet_id":841793595837308929,"created_unixtime":1489534207673,"created_time":"Tue Mar 14 23:30:07 +0000 2017","lang":"en","displayname":"kat_sie","time_zone":"Pacific Time (US & Canada)","msg":"RT JustinTrudeau Happy PiDay Our government is committed to supporting science amp innovation for a stronger Canada And pie for a tasti…"}
{"tweet_id":841793594826481664,"created_unixtime":1489534207432,"created_time":"Tue Mar 14 23:30:07 +0000 2017","lang":"en","displayname":"maorjtsu","time_zone":"Pacific Time (US & Canada)","msg":"im so sad how am i gonna do this https//tco/ORediqVkD8"}
{"tweet_id":841793595539632128,"created_unixtime":1489534207602,"created_time":"Tue Mar 14 23:30:07 +0000 2017","lang":"und","displayname":"politicslite2","time_zone":"","msg":"https//tco/k1K6Ln6ZNC"}
{"tweet_id":841793596034494464,"created_unixtime":1489534207720,"created_time":"Tue Mar 14 23:30:07 +0000 2017","lang":"en","displayname":"CeleryCaraway","time_zone":"Pacific Time (US & Canada)","msg":"RT neiltyson 314  Happy Piday to Gregorian calendar users who reckon dates with month followed by day separated by period omitting year"}
{"tweet_id":841793596198076416,"created_unixtime":1489534207759,"created_time":"Tue Mar 14 23:30:07 +0000 2017","lang":"en","displayname":"iga_bonobo","time_zone":"Tokyo","msg":"RT ben_watt Sad news TommyLipuma has died Produced EBTG in 1989 Total great guy Pic Montreux 2000 with Tracey and our twi… "}
{"tweet_id":841793595942281216,"created_unixtime":1489534207698,"created_time":"Tue Mar 14 23:30:07 +0000 2017","lang":"en","displayname":"space_ages17","time_zone":"","msg":"RT sophholt29 If you have friends with depression or anxiety PLEASE watch this video I relate to this SO much so be a good fri… "}
{"tweet_id":841793594105204737,"created_unixtime":1489534207260,"created_time":"Tue Mar 14 23:30:07 +0000 2017","lang":"en","displayname":"CityOfLasVegas","time_zone":"Pacific Time (US & Canada)","msg":"Happy PiDay from our Safekey kids Learn more about before/after school care at https//tco/cRdcKFqeYk https//tco/qbLSM7otMi"}
{"tweet_id":841793596760178688,"created_unixtime":1489534207893,"created_time":"Tue Mar 14 23:30:07 +0000 2017","lang":"en","displayname":"lilyhooves","time_zone":"","msg":"RT bwecht Happy Birthday to a guy that forever changed my life Dan Avidan Audrey amp I recorded a little message to celebrate https//t…"}
{"tweet_id":841793596600774659,"created_unixtime":1489534207855,"created_time":"Tue Mar 14 23:30:07 +0000 2017","lang":"und","displayname":"polarpolitics2","time_zone":"","msg":"https//tco/AzWStK3u8g"}
{"tweet_id":841793597339009024,"created_unixtime":1489534208031,"created_time":"Tue Mar 14 23:30:08 +0000 2017","lang":"en","displayname":"Fantomex02","time_zone":"London","msg":"RT DaveBensonPhill Twentyfive years ago cult cbbc gunge gameshow Get Your Own Back was first broadcast in 1991 Happy 25th anniversar…"}
{"tweet_id":841793597838118912,"created_unixtime":1489534208150,"created_time":"Tue Mar 14 23:30:08 +0000 2017","lang":"en","displayname":"johnsonngirl","time_zone":"Brasilia","msg":"jack johnson would make md happy with his follows but he will never follow me"}
{"tweet_id":841793597947183108,"created_unixtime":1489534208176,"created_time":"Tue Mar 14 23:30:08 +0000 2017","lang":"en","displayname":"BlazBlueAM","time_zone":"","msg":"Happy BDayblazblue https//tco/eKtMMTLB86"}
{"tweet_id":841793598228168704,"created_unixtime":1489534208243,"created_time":"Tue Mar 14 23:30:08 +0000 2017","lang":"en","displayname":"JShroge","time_zone":"","msg":"RT SN_Ohio Happy birthday StephenCurry30 heres a compilation video https//tco/JmYjJXLt65"}
{"tweet_id":841793598588899329,"created_unixtime":1489534208329,"created_time":"Tue Mar 14 23:30:08 +0000 2017","lang":"en","displayname":"LindseyMillerWP","time_zone":"Central Time (US & Canada)","msg":"rebeccagill LiquidWeb Thank you so much Happy to be of service "}
{"tweet_id":841793598500798464,"created_unixtime":1489534208308,"created_time":"Tue Mar 14 23:30:08 +0000 2017","lang":"en","displayname":"ipsyCare","time_zone":"Arizona","msg":"ontotheshore Looks fabulous Happy Glamming xoxo❥ ad"}
{"tweet_id":841793598718906368,"created_unixtime":1489534208360,"created_time":"Tue Mar 14 23:30:08 +0000 2017","lang":"en","displayname":"tmdennison97","time_zone":"","msg":"RT KGfirefly Ytumas50 Congratulations on achieving 20K followers🎉🎉🎉Happy new week🍀🌸🍀🌸🍀👏👏 https//tco/jACdqPQbmW"}
{"tweet_id":841793598676975616,"created_unixtime":1489534208350,"created_time":"Tue Mar 14 23:30:08 +0000 2017","lang":"en","displayname":"bocavill","time_zone":"","msg":"RT Matrixis Congrats https//tco/6cVGIvYGcz"}
{"tweet_id":841793599498993664,"created_unixtime":1489534208546,"created_time":"Tue Mar 14 23:30:08 +0000 2017","lang":"en","displayname":"LittleBigBoyMan","time_zone":"","msg":"63735 To undergo such maiden pilgrimageBut earthlier happy is the rose distilldAMNDBots"}
{"tweet_id":841793599461195777,"created_unixtime":1489534208537,"created_time":"Tue Mar 14 23:30:08 +0000 2017","lang":"en","displayname":"notblondegirl","time_zone":"","msg":"RT ishipforaliving julieplec kevwilliamson happy birthday hope you enjoy these incredible pictures of your favorite ship 🤗 https//tco…"}
{"tweet_id":841793599670964224,"created_unixtime":1489534208587,"created_time":"Tue Mar 14 23:30:08 +0000 2017","lang":"en","displayname":"DerpDream","time_zone":"Pacific Time (US & Canada)","msg":"im so happy to be doing track again"}
{"tweet_id":841793599515820032,"created_unixtime":1489534208550,"created_time":"Tue Mar 14 23:30:08 +0000 2017","lang":"en","displayname":"DrGailSaltz","time_zone":"Eastern Time (US & Canada)","msg":"Happy birthday Albert Einstein NatGeoChannel Genius you had ThePowerofDifferent and we all benefited from your curious mind"}
{"tweet_id":841793599360626689,"created_unixtime":1489534208513,"created_time":"Tue Mar 14 23:30:08 +0000 2017","lang":"en","displayname":"prohibityulin2","time_zone":"","msg":"RT andibeth012 ADORABLE CALM HAPPY PERFECT 13 y  GOOD BOY DMPD BY BAD IRRESPONSIBLE FKG😡😈👎 OWNR FKU NYCACC SADISTS 💉3/15 WELL BHA… "}
{"tweet_id":841793599813623808,"created_unixtime":1489534208621,"created_time":"Tue Mar 14 23:30:08 +0000 2017","lang":"en","displayname":"kennyhuynh45","time_zone":"","msg":"RT loyaIgrande miragebutera PAREESA WHAT THE FUFJ DID I TELL YOU YEE HAW BITCH IM SO HAPPY"}
{"tweet_id":841793600564297728,"created_unixtime":1489534208800,"created_time":"Tue Mar 14 23:30:08 +0000 2017","lang":"tl","displayname":"sann1005","time_zone":"","msg":"RT MaderBell Hahahhahaha ang graceful naman poodyyyy 😍😂😂😂 CHFILTeaserLaunch https//tco/90So3wlhrI"}
{"tweet_id":841793600283369473,"created_unixtime":1489534208733,"created_time":"Tue Mar 14 23:30:08 +0000 2017","lang":"en","displayname":"IAmIsaiahBurden","time_zone":"Eastern Time (US & Canada)","msg":"OMG YAAAYYYY I AM SOOOO HAPPY FOR YOU https//tco/tJTnwsYWf0"}
{"tweet_id":841793600711086081,"created_unixtime":1489534208835,"created_time":"Tue Mar 14 23:30:08 +0000 2017","lang":"en","displayname":"loveme_yao","time_zone":"","msg":"RT LeoLucasIFC WEIBO UP Leo and Lucas will attend Hunan satellite TV Happy Boys on March 17th for the start ceremony… "}
{"tweet_id":841793600715280384,"created_unixtime":1489534208836,"created_time":"Tue Mar 14 23:30:08 +0000 2017","lang":"en","displayname":"aainaaezzate","time_zone":"Alaska","msg":"Happy Pi day everyone  https//tco/R2N2wRAZQG"}
{"tweet_id":841793600757338113,"created_unixtime":1489534208846,"created_time":"Tue Mar 14 23:30:08 +0000 2017","lang":"en","displayname":"Ghina_wesley","time_zone":"Baghdad","msg":"RT writerthespian This👏🏽👏🏽 But thats the sad part about it He was her happiness he just didnt see it Stelena https//tco/et9zPe6y0W"}
{"tweet_id":841793600807698432,"created_unixtime":1489534208858,"created_time":"Tue Mar 14 23:30:08 +0000 2017","lang":"en","displayname":"Mel_0314","time_zone":"","msg":"RT obxcurity I high key just wanna make sure you’re happy as fuck"}
{"tweet_id":841793600866385921,"created_unixtime":1489534208872,"created_time":"Tue Mar 14 23:30:08 +0000 2017","lang":"en","displayname":"HassanTarek94","time_zone":"Cairo","msg":"Amiiraa❤😍Happy Birthday my beautiful friend💥😍💃Enjoy it ya… https//tco/QoxdJMSv60"}
{"tweet_id":841793601206009856,"created_unixtime":1489534208953,"created_time":"Tue Mar 14 23:30:08 +0000 2017","lang":"en","displayname":"LTH_2K3","time_zone":"","msg":"RT xWeedPosts Money doesnt buy happiness but it does buy weed and blunts And Ive never seen a person sad while smoking a blunt"}
{"tweet_id":841793601231233025,"created_unixtime":1489534208959,"created_time":"Tue Mar 14 23:30:08 +0000 2017","lang":"en","displayname":"LukeLPearson","time_zone":"Perth","msg":"RT handsomemurri Happy Birthday IndigenousX big ups to everyones twitterdad LukeLPearson for keeping it going for us https//tco/PK…"}
{"tweet_id":841793601084489729,"created_unixtime":1489534208924,"created_time":"Tue Mar 14 23:30:08 +0000 2017","lang":"en","displayname":"Ill_Informed","time_zone":"","msg":"dirtywaternymph apparently its your birthday so happy birthday Also I lov u ps not desperate"}
{"tweet_id":841793601260642304,"created_unixtime":1489534208966,"created_time":"Tue Mar 14 23:30:08 +0000 2017","lang":"en","displayname":"Masterkey_Tim","time_zone":"Arizona","msg":"RT BrianDEvans Happy Birthday AlbertEinstein positive thoughts https//tco/n2PsJky5Wj https//tco/PoNkU6LL4o"}
{"tweet_id":841793601092915204,"created_unixtime":1489534208926,"created_time":"Tue Mar 14 23:30:08 +0000 2017","lang":"en","displayname":"jam1ie_","time_zone":"Pacific Time (US & Canada)","msg":"Dx_b8 there are tons of things to be sad about and its 2017 yet still no change"}
{"tweet_id":841793601944215552,"created_unixtime":1489534209129,"created_time":"Tue Mar 14 23:30:09 +0000 2017","lang":"en","displayname":"Jujuliette","time_zone":"Pacific Time (US & Canada)","msg":"RT JustinTrudeau Happy PiDay Our government is committed to supporting science amp innovation for a stronger Canada And pie for a tasti…"}
{"tweet_id":841793601201934336,"created_unixtime":1489534208952,"created_time":"Tue Mar 14 23:30:08 +0000 2017","lang":"en","displayname":"wtvnoone","time_zone":"Dublin","msg":"well you MsSarahPaulson still have 30 min to wish me a Happy Birthday or you can just do it later or dont i love you"}
{"tweet_id":841793601122271236,"created_unixtime":1489534208933,"created_time":"Tue Mar 14 23:30:08 +0000 2017","lang":"en","displayname":"NatGeoGenius","time_zone":"Pacific Time (US & Canada)","msg":"By his 22nd birthday Einstein had published his first scientific paper Happy 138th birthday Einstein… https//tco/mV9cJwQvrW"}
{"tweet_id":841793602116190209,"created_unixtime":1489534209170,"created_time":"Tue Mar 14 23:30:09 +0000 2017","lang":"ja","displayname":"BotMikipoeme","time_zone":"Irkutsk","msg":"ときめきどきどきhappy love 恋する気持ちはいちご色 甘くて切ないmy memory ドックンドックン速くなる 私のハートのメトロノーム"}
{"tweet_id":841793602502057984,"created_unixtime":1489534209262,"created_time":"Tue Mar 14 23:30:09 +0000 2017","lang":"ja","displayname":"pazudoraLTE","time_zone":"","msg":"RT BELCORNO ラテアート【園田海未】＠ラブライブ！LatteArt【Umi Sonoda】＠ Love Live本日お誕生日で一杯。Happy Birthday作成動画：https//tco/M7aP8M7SKK… "}
{"tweet_id":841793601533276161,"created_unixtime":1489534209031,"created_time":"Tue Mar 14 23:30:09 +0000 2017","lang":"en","displayname":"Talesof3Teacher","time_zone":"","msg":"HAPPY PI DAY 314 📕📚Check out this fun activity to celebrate PI day Talesof3Teachers https//tco/nfWL2P9de9"}
{"tweet_id":841793602724405248,"created_unixtime":1489534209315,"created_time":"Tue Mar 14 23:30:09 +0000 2017","lang":"en","displayname":"AlaraBowsher","time_zone":"","msg":"Shes literally so selfless that shes saying happy birthday to other people on her birthday https//tco/PEgi5ybOvB"}
{"tweet_id":841793602594459648,"created_unixtime":1489534209284,"created_time":"Tue Mar 14 23:30:09 +0000 2017","lang":"en","displayname":"nerdinthecorner","time_zone":"America/New_York","msg":"rhettmc Variety Thanks to you and linklamont for making us Mythical Beasts Couldnt be more proud or happy for you both"}
{"tweet_id":841793601730449408,"created_unixtime":1489534209078,"created_time":"Tue Mar 14 23:30:09 +0000 2017","lang":"en","displayname":"Chocmilkpapi","time_zone":"Atlantic Time (Canada)","msg":"mustanggtgto thats so sad 😂😂😂😂😂😂"}
{"tweet_id":841793602812538883,"created_unixtime":1489534209336,"created_time":"Tue Mar 14 23:30:09 +0000 2017","lang":"en","displayname":"emmagracewalter","time_zone":"Eastern Time (US & Canada)","msg":"Happy twentyfun SydRudd hope its been simply wonderful 💗"}
{"tweet_id":841793602820886528,"created_unixtime":1489534209338,"created_time":"Tue Mar 14 23:30:09 +0000 2017","lang":"en","displayname":"romn8tr","time_zone":"Pacific Time (US & Canada)","msg":"RT PlanetaryRsrcs Pi This is how we roll Happy PiDay https//tco/JF4zyNaQts https//tco/6XWCZ1njQ2"}
{"tweet_id":841793602955186180,"created_unixtime":1489534209370,"created_time":"Tue Mar 14 23:30:09 +0000 2017","lang":"en","displayname":"spactra","time_zone":"Brasilia","msg":"RT StationCDRKelly Thinking of my YearInSpace homecoming pie today 3/14 at 159 Happy PiDay https//tco/vwUPTBB7dk"}
{"tweet_id":841793602799972353,"created_unixtime":1489534209333,"created_time":"Tue Mar 14 23:30:09 +0000 2017","lang":"en","displayname":"lookinlikethat","time_zone":"Quito","msg":"RT victoriantribe Girl shut up https//tco/nd8CnJII02"}
{"tweet_id":841793602837667840,"created_unixtime":1489534209342,"created_time":"Tue Mar 14 23:30:09 +0000 2017","lang":"ja","displayname":"kareha__0504","time_zone":"","msg":"RT 1717frappuccino ✩海未ちゃんHappy Birthday✩いつも頑張り屋さんな海未ちゃん。頑張る人は素敵✨でしょ？加工もしてみました！どうかな？あなたに届け！ 園田海未生誕祭2017 3月15日は園田海未の誕生日… "}
{"tweet_id":841793603336863745,"created_unixtime":1489534209461,"created_time":"Tue Mar 14 23:30:09 +0000 2017","lang":"en","displayname":"Elajahhx3","time_zone":"Quito","msg":"Nobody know how sad I am that I dont have all my hookah stuff 😔"}
{"tweet_id":841793603601072128,"created_unixtime":1489534209524,"created_time":"Tue Mar 14 23:30:09 +0000 2017","lang":"en","displayname":"_sunflowersz","time_zone":"","msg":"RT YaslinneKnows_ A private life is a happy life"}
{"tweet_id":841793603177467909,"created_unixtime":1489534209423,"created_time":"Tue Mar 14 23:30:09 +0000 2017","lang":"en","displayname":"renufail","time_zone":"Pacific Time (US & Canada)","msg":"RT Bitiiez Jhope Happy White Day 🐱🍭🍬 😘💋💕 https//tco/3tn2K9D9hV"}
{"tweet_id":841793603953430529,"created_unixtime":1489534209608,"created_time":"Tue Mar 14 23:30:09 +0000 2017","lang":"en","displayname":"SodaBulldog","time_zone":"","msg":"RT MidMittenBullie So happy with the way these pups are turning out merle merlebulldog rarebulldog englishbulldogs https//tco/Vdsil…"}
{"tweet_id":841793603726909440,"created_unixtime":1489534209554,"created_time":"Tue Mar 14 23:30:09 +0000 2017","lang":"en","displayname":"WhitbyOshawa16","time_zone":"","msg":"RT SteveClarkPC Its 3 years since Ag Minister amp Premier Kathleen_Wynne allowed Kemptville College to close One of this govts wo… "}
{"tweet_id":841793604079214593,"created_unixtime":1489534209638,"created_time":"Tue Mar 14 23:30:09 +0000 2017","lang":"en","displayname":"amakainc","time_zone":"Eastern Time (US & Canada)","msg":"39 approval rating Sad https//tco/F6yVzaVw9y"}
{"tweet_id":841793604624379904,"created_unixtime":1489534209768,"created_time":"Tue Mar 14 23:30:09 +0000 2017","lang":"en","displayname":"immenselyirwin","time_zone":"","msg":"colliscool HAPPY BIRTHDAY COLLEEN HAVE SOME CAKE 🎂"}
{"tweet_id":841793605064892416,"created_unixtime":1489534209873,"created_time":"Tue Mar 14 23:30:09 +0000 2017","lang":"en","displayname":"tonyposnanski","time_zone":"Central Time (US & Canada)","msg":"Sad that the Deplorables who hate the word pssy being said out loudAre the same one that dont mind Trump grabbing one without consent"}
{"tweet_id":841793605211643905,"created_unixtime":1489534209908,"created_time":"Tue Mar 14 23:30:09 +0000 2017","lang":"en","displayname":"vxtoriale","time_zone":"","msg":"RT insecuring IF HE HAS A GIRLFRIEND THAT MEANS LEAVE HIM ALONE DONT TEXT HIM DONT CALL HIM  DONT HIT HIM UP GO GET YOUR OWN MAN AND L…"}
{"tweet_id":841793605522100225,"created_unixtime":1489534209982,"created_time":"Tue Mar 14 23:30:09 +0000 2017","lang":"en","displayname":"LoveeTimara","time_zone":"Quito","msg":"__shortness happy birthday😍❤️❤️🎊🎊🎊🎊🎊"}
{"tweet_id":841793605354283008,"created_unixtime":1489534209942,"created_time":"Tue Mar 14 23:30:09 +0000 2017","lang":"en","displayname":"wxvyl","time_zone":"","msg":"RT CoupIesPosts Yall could easily get ur girl one of these for under 100 and shell be so happy https//tco/ExnOSAW9TD"}
{"tweet_id":841793605589073920,"created_unixtime":1489534209998,"created_time":"Tue Mar 14 23:30:09 +0000 2017","lang":"en","displayname":"tyzeuzx","time_zone":"Bangkok","msg":"RT broken its kinda sad how you can mean the world to someone one day and mean nothing to them the next day"}
{"tweet_id":841793605735989249,"created_unixtime":1489534210033,"created_time":"Tue Mar 14 23:30:10 +0000 2017","lang":"en","displayname":"marcusbeonthat","time_zone":"Pacific Time (US & Canada)","msg":"RT RapsDaiIy_ Know the difference between a Bad Bitch and a Sad Bitch https//tco/TDwyai92sb"}
{"tweet_id":841793605647884288,"created_unixtime":1489534210012,"created_time":"Tue Mar 14 23:30:10 +0000 2017","lang":"en","displayname":"mikalombardo","time_zone":"Eastern Time (US & Canada)","msg":"RT footlocker Happy Birthday to the BabyFaced Assassin StephenCurry30 https//tco/EKqGyZ7Qav"}
{"tweet_id":841793605467570176,"created_unixtime":1489534209969,"created_time":"Tue Mar 14 23:30:09 +0000 2017","lang":"en","displayname":"JamieToppe","time_zone":"Pacific Time (US & Canada)","msg":"RT IUSKappaSigma Thank you so much Allie https//tco/jeqsl3niqz"}
{"tweet_id":841793605530460164,"created_unixtime":1489534209984,"created_time":"Tue Mar 14 23:30:09 +0000 2017","lang":"en","displayname":"megaxard","time_zone":"Central Time (US & Canada)","msg":"RT naegiri_ happy birthday to these two precious cinnamon rolls that deserve all the happiness in the world 💗 https//tco/RYsmED2UqG"}
{"tweet_id":841793605715038208,"created_unixtime":1489534210028,"created_time":"Tue Mar 14 23:30:10 +0000 2017","lang":"en","displayname":"MissSherryVine","time_zone":"Eastern Time (US & Canada)","msg":"The show is on for tonight No blizzard is gonna keep me from getting coins Showtime 11pm Therapy_NYC shots late happy hour all live"}
{"tweet_id":841793606063124484,"created_unixtime":1489534210111,"created_time":"Tue Mar 14 23:30:10 +0000 2017","lang":"en","displayname":"ourdollox","time_zone":"Pacific Time (US & Canada)","msg":"Nash Grier your smile makes me happy"}
{"tweet_id":841793606323167232,"created_unixtime":1489534210173,"created_time":"Tue Mar 14 23:30:10 +0000 2017","lang":"en","displayname":"danyelekellyx","time_zone":"Casablanca","msg":"livjones15 amazin🙌🏻 pad called me and said he couldnt even describe it so happy"}
{"tweet_id":841793605975085056,"created_unixtime":1489534210090,"created_time":"Tue Mar 14 23:30:10 +0000 2017","lang":"en","displayname":"ciarremist","time_zone":"Mountain Time (US & Canada)","msg":"RT D_Deji28 Do you guys know why he was killed A girl lied that he raped her and her brother shot him dead https//tco/IWDVDZp3rz"}
{"tweet_id":841793606713143296,"created_unixtime":1489534210266,"created_time":"Tue Mar 14 23:30:10 +0000 2017","lang":"en","displayname":"SuperDuperBee18","time_zone":"","msg":"RT aim0519 Being happy comes from within😍 HappyWednesbaeEveryJuan🤗ilybibi mainedcm 💛ALDUBxDTBYTugOfHearts https//tco/aZIemeJayo"}
{"tweet_id":841793606486773760,"created_unixtime":1489534210212,"created_time":"Tue Mar 14 23:30:10 +0000 2017","lang":"en","displayname":"SydRaye5","time_zone":"Pacific Time (US & Canada)","msg":"RT Baylie_Mariee Happy Birthday Syd ❤❤❤ SydRaye5"}
{"tweet_id":841793606671306753,"created_unixtime":1489534210256,"created_time":"Tue Mar 14 23:30:10 +0000 2017","lang":"en","displayname":"claraabieberrr","time_zone":"","msg":"RT Drewphillips__ When A girls are sad over C guys like nonono bbygirl pick ur head up hes a mcrib thts kicked off the menu amp u r a Bi…"}
{"tweet_id":841793606558056448,"created_unixtime":1489534210229,"created_time":"Tue Mar 14 23:30:10 +0000 2017","lang":"en","displayname":"grasan00","time_zone":"Eastern Time (US & Canada)","msg":"RT neiltyson 314  Happy Piday to Gregorian calendar users who reckon dates with month followed by day separated by period omitting year"}
{"tweet_id":841793606734217216,"created_unixtime":1489534210271,"created_time":"Tue Mar 14 23:30:10 +0000 2017","lang":"en","displayname":"brightbazaar","time_zone":"Eastern Time (US & Canada)","msg":"Um Probably more excited than I should be that Simone_Biles and I share our birth date 🎉🙌🏻😂 https//tco/0i012iN8zc"}
{"tweet_id":841793607044587521,"created_unixtime":1489534210345,"created_time":"Tue Mar 14 23:30:10 +0000 2017","lang":"en","displayname":"RubiuhFtSmile","time_zone":"Quito","msg":"RT foolskam when even stayed the next dayonly you can feel what you feelthey were so happy and in love5 FINE FRØKNERman… "}
{"tweet_id":841793607174631425,"created_unixtime":1489534210376,"created_time":"Tue Mar 14 23:30:10 +0000 2017","lang":"en","displayname":"shabadoobie","time_zone":"Eastern Time (US & Canada)","msg":"RT johnmulaneybot But with my girlfriend she would just be like When one feels like a duck one is happy so its better"}
{"tweet_id":841793607577231361,"created_unixtime":1489534210472,"created_time":"Tue Mar 14 23:30:10 +0000 2017","lang":"in","displayname":"bibmf","time_zone":"Beijing","msg":"RT princessmeenie Happy birthday _syaqdragon yang perfect dan kelakar I harap one day u jumpa GD pastu dia macam terkejut sbb cam…"}
{"tweet_id":841793607346618368,"created_unixtime":1489534210417,"created_time":"Tue Mar 14 23:30:10 +0000 2017","lang":"en","displayname":"clo0807a","time_zone":"","msg":"RT _forbesalvatore julieplec kevwilliamson happy birthday 🎁 😘 https//tco/DnqkyqIyrn"}
{"tweet_id":841793607627505664,"created_unixtime":1489534210484,"created_time":"Tue Mar 14 23:30:10 +0000 2017","lang":"en","displayname":"nasruladli11","time_zone":"","msg":"RT mustahapa Be happy not because everything is good but because you can see the good side of everything especially orchid… "}
{"tweet_id":841793607820550144,"created_unixtime":1489534210530,"created_time":"Tue Mar 14 23:30:10 +0000 2017","lang":"en","displayname":"Black_Ramb0","time_zone":"Pacific Time (US & Canada)","msg":"RT TOASTOTHEGOD Its Sad When Ur Own Friends Hate On You"}
{"tweet_id":841793608097263616,"created_unixtime":1489534210596,"created_time":"Tue Mar 14 23:30:10 +0000 2017","lang":"en","displayname":"KingMoriarTea","time_zone":"","msg":"JimsSniper James watches him Seb He gets up and pulls him into a kiss it was sad and desperate but also sweet and loving"}
{"tweet_id":841793608269369346,"created_unixtime":1489534210637,"created_time":"Tue Mar 14 23:30:10 +0000 2017","lang":"en","displayname":"nkhcolours","time_zone":"Mid-Atlantic","msg":"Im so thankful for Normani she has helped me so much My heart is tired but she always finds a way to make me happy I love her"}
{"tweet_id":841793607556300802,"created_unixtime":1489534210467,"created_time":"Tue Mar 14 23:30:10 +0000 2017","lang":"en","displayname":"chayashadow","time_zone":"","msg":"RT ItsAus10 2 Love yourself amp be comfortable in your own skin If people have something negative to say about you ignore them You deser…"}
{"tweet_id":841793608713814017,"created_unixtime":1489534210743,"created_time":"Tue Mar 14 23:30:10 +0000 2017","lang":"ko","displayname":"xxxxmuay","time_zone":"","msg":"RT offclASTRO Happy birthday to you~ 진진형 22번째 생일을진심으로 축하해요🎉🎉 착하고 장난도 잘받아주고 리더쉽있는ㅎㅎ진진형 귀염댕이 아스트로 잘부탁드려요생일선물 나 HappyJINJINDay https//…"}
{"tweet_id":841793608999026688,"created_unixtime":1489534210811,"created_time":"Tue Mar 14 23:30:10 +0000 2017","lang":"en","displayname":"juliescobedo_","time_zone":"Pacific Time (US & Canada)","msg":"RT sexuaI Im tryna be this happy with my boo https//tco/Y9Ec6Qw43s"}
{"tweet_id":841793609007542272,"created_unixtime":1489534210813,"created_time":"Tue Mar 14 23:30:10 +0000 2017","lang":"en","displayname":"trip_oblivion","time_zone":"Pacific Time (US & Canada)","msg":"RT cryshawty i deserve to be happy"}
{"tweet_id":841793608642617344,"created_unixtime":1489534210726,"created_time":"Tue Mar 14 23:30:10 +0000 2017","lang":"en","displayname":"DulcimerGreenmn","time_zone":"Eastern Time (US & Canada)","msg":"RT AliceTeller I stand corrected Clearly my groveling skills are sadly lacking I just cant get the hang of it https//tco/1ZSsK2ViVA"}
{"tweet_id":841793609045311489,"created_unixtime":1489534210822,"created_time":"Tue Mar 14 23:30:10 +0000 2017","lang":"en","displayname":"ItsKelsD_","time_zone":"Central Time (US & Canada)","msg":"RT ShameIessQuotes theyre so happy together https//tco/ZtpNu0s0jY"}
{"tweet_id":841793609355649024,"created_unixtime":1489534210896,"created_time":"Tue Mar 14 23:30:10 +0000 2017","lang":"en","displayname":"_TheLastProphet","time_zone":"Central Time (US & Canada)","msg":"_thelettermm happy birthday mom Tell her she still fine as wine ✨"}
{"tweet_id":841793608990756864,"created_unixtime":1489534210809,"created_time":"Tue Mar 14 23:30:10 +0000 2017","lang":"en","displayname":"Loueeeh_Oioiii_","time_zone":"London","msg":"RT ChampionsLeague Sad to see you go Porto amp Sevilla Best of luck for the rest of the season amp hope to see you back soon 👏 UCL https/…"}
{"tweet_id":841793609687044096,"created_unixtime":1489534210975,"created_time":"Tue Mar 14 23:30:10 +0000 2017","lang":"en","displayname":"ktfontenot4","time_zone":"","msg":"happy 18th birthday sarah_agnello  i hope today was fabulous miss you💜💜💜🎉🎉🔞"}
{"tweet_id":841793609087221764,"created_unixtime":1489534210832,"created_time":"Tue Mar 14 23:30:10 +0000 2017","lang":"en","displayname":"AnnyPopenny","time_zone":"","msg":"Happy PiDay https//tco/409fFYwffQ"}
{"tweet_id":841793610324500481,"created_unixtime":1489534211127,"created_time":"Tue Mar 14 23:30:11 +0000 2017","lang":"en","displayname":"angiesimeon0418","time_zone":"","msg":"RT Salvesayson When You Are Happy You Enjoy The Music But When You Are Sad You Understand The Lyrics ALDUBxDTBYTugOfHearts"}
{"tweet_id":841793609506660352,"created_unixtime":1489534210932,"created_time":"Tue Mar 14 23:30:10 +0000 2017","lang":"en","displayname":"caleighhhope","time_zone":"Eastern Time (US & Canada)","msg":"Hope youre happy"}
{"tweet_id":841793609951260674,"created_unixtime":1489534211038,"created_time":"Tue Mar 14 23:30:11 +0000 2017","lang":"en","displayname":"annemargaretj","time_zone":"","msg":"Kelly def deserves to be happy but he amp Anna have been through hardly anything Geez Time to focus on Brettonio https//tco/PlJYUQDtKl"}
{"tweet_id":841793610454577152,"created_unixtime":1489534211158,"created_time":"Tue Mar 14 23:30:11 +0000 2017","lang":"en","displayname":"namelessnazz","time_zone":"London","msg":"RT AtharvaVividhaa I FEEL her pain shes so broken She feels betrayed I feel so sad It hit me like a rock Shivani is such a brilli… "}
{"tweet_id":841793610760749056,"created_unixtime":1489534211231,"created_time":"Tue Mar 14 23:30:11 +0000 2017","lang":"en","displayname":"5sospunkstrhood","time_zone":"Eastern Time (US & Canada)","msg":"RT 5sospunkstrhood Michael5SOS Ull never love whomever u decide to call urself til u return to ben a funny happy go lucky unpre… "}
{"tweet_id":841793611373154304,"created_unixtime":1489534211377,"created_time":"Tue Mar 14 23:30:11 +0000 2017","lang":"en","displayname":"doeRayyyMe","time_zone":"Quito","msg":"RT Radical_Yell Marissa Alexander should have never been put into jail but Im happy shes free"}
{"tweet_id":841793611750604800,"created_unixtime":1489534211467,"created_time":"Tue Mar 14 23:30:11 +0000 2017","lang":"en","displayname":"alb_ng","time_zone":"Dublin","msg":"RT alexaiono My happy place☺ https//tco/pgetrNhVIp"}
{"tweet_id":841793569866297346,"created_unixtime":1489534201481,"created_time":"Tue Mar 14 23:30:01 +0000 2017","lang":"en","displayname":"mycomicshop","time_zone":"Central Time (US & Canada)","msg":"Happy NCBD Eve Heres some of our favorites from this weeks new releases https//tco/iOW85TSoQS"}
{"tweet_id":841793612186755072,"created_unixtime":1489534211571,"created_time":"Tue Mar 14 23:30:11 +0000 2017","lang":"en","displayname":"TheJc_Oblino","time_zone":"Volgograd","msg":"RT warriors DubNation please join us in wishing StephenCurry30 a very Happy Birthday 🎈 https//tco/cByjiIEk25"}
{"tweet_id":841793612224569344,"created_unixtime":1489534211580,"created_time":"Tue Mar 14 23:30:11 +0000 2017","lang":"en","displayname":"Alanoudkhalid7","time_zone":"","msg":"Happy birthday F💕💕 FatmaAlarbash"}
{"tweet_id":841793612392329221,"created_unixtime":1489534211620,"created_time":"Tue Mar 14 23:30:11 +0000 2017","lang":"en","displayname":"rebecca66406635","time_zone":"","msg":"RT lilschwartzie Do not put on lotion BEFORE cutting your pubes Trust me Happy Valentines Day"}
{"tweet_id":841793612815953920,"created_unixtime":1489534211721,"created_time":"Tue Mar 14 23:30:11 +0000 2017","lang":"en","displayname":"Maramancla","time_zone":"London","msg":"Today is my birthday and FLW_music hasnt wished me happy birthday yet"}
{"tweet_id":841793612186771456,"created_unixtime":1489534211571,"created_time":"Tue Mar 14 23:30:11 +0000 2017","lang":"en","displayname":"valanis_","time_zone":"Arizona","msg":"schollowhitaker happy birthday schollo 😊💕 have a fun day love ❤️"}
{"tweet_id":841793612866322432,"created_unixtime":1489534211733,"created_time":"Tue Mar 14 23:30:11 +0000 2017","lang":"en","displayname":"tessaholly","time_zone":"London","msg":"katybellemairs happy birthday lovely 🎈🎉"}
{"tweet_id":841793613910568961,"created_unixtime":1489534211982,"created_time":"Tue Mar 14 23:30:11 +0000 2017","lang":"en","displayname":"kimjadoll","time_zone":"Jakarta","msg":"RT broken its kinda sad how you can mean the world to someone one day and mean nothing to them the next day"}
{"tweet_id":841793613407387649,"created_unixtime":1489534211862,"created_time":"Tue Mar 14 23:30:11 +0000 2017","lang":"en","displayname":"eiiixel","time_zone":"Eastern Time (US & Canada)","msg":"i am a sad sac"}
{"tweet_id":841793610890809345,"created_unixtime":1489534211262,"created_time":"Tue Mar 14 23:30:11 +0000 2017","lang":"en","displayname":"alexellisuk","time_zone":"UTC","msg":"Happy PiDay Raspberry_Pi with the Model A B and ZeroW https//tco/5Bbd6ylDo4"}
{"tweet_id":841793614397112321,"created_unixtime":1489534212098,"created_time":"Tue Mar 14 23:30:12 +0000 2017","lang":"ja","displayname":"amenagikun","time_zone":"Tokyo","msg":"RT poosan1125 海未ちゃんお誕生日ｵﾒﾃﾞﾄ ヽ｀･ω･´ﾉ ｲｪｲHappy Birthday☆｡ﾟ園田海未生誕祭2017 園田海未生誕祭 3月15日は園田海未の誕生日 RTした人全員フォローする https//tco…"}
{"tweet_id":841793614086823936,"created_unixtime":1489534212024,"created_time":"Tue Mar 14 23:30:12 +0000 2017","lang":"en","displayname":"kassiezaragoza","time_zone":"Pacific Time (US & Canada)","msg":"RT laynerychelle the quesadilla group chat makes me so happy"}
{"tweet_id":841793614225264640,"created_unixtime":1489534212057,"created_time":"Tue Mar 14 23:30:12 +0000 2017","lang":"en","displayname":"beastiegirl1969","time_zone":"","msg":"earregardless RoguePOTUSStaff PASSING the buck STARTS here SAD"}
{"tweet_id":841793613440856065,"created_unixtime":1489534211870,"created_time":"Tue Mar 14 23:30:11 +0000 2017","lang":"en","displayname":"PJRadloff","time_zone":"Eastern Time (US & Canada)","msg":"I have no skin in this but if u wnt 2 change how u look  sourcing in your ATS stop by RestlessBandit… https//tco/3bfdtV9qit"}
{"tweet_id":841793614531428352,"created_unixtime":1489534212130,"created_time":"Tue Mar 14 23:30:12 +0000 2017","lang":"en","displayname":"kyycrowe","time_zone":"","msg":"RT CoultNicholas HAPPY 314DAY SAINT LOUIS MO https//tco/Ogiyf1MJ01"}
{"tweet_id":841793615009472513,"created_unixtime":1489534212244,"created_time":"Tue Mar 14 23:30:12 +0000 2017","lang":"en","displayname":"ArizonaPaul","time_zone":"Pacific Time (US & Canada)","msg":"Happy Pi day"}
{"tweet_id":841793614846021632,"created_unixtime":1489534212205,"created_time":"Tue Mar 14 23:30:12 +0000 2017","lang":"en","displayname":"JGMAKL","time_zone":"","msg":"flipboard not happy with the new update Wheres all my stuff on the grid"}
{"tweet_id":841793614770520064,"created_unixtime":1489534212187,"created_time":"Tue Mar 14 23:30:12 +0000 2017","lang":"en","displayname":"doralysarroyo1","time_zone":"America/New_York","msg":"DanellJLeyva happy birthday"}
{"tweet_id":841793615236018176,"created_unixtime":1489534212298,"created_time":"Tue Mar 14 23:30:12 +0000 2017","lang":"en","displayname":"giving_is_love","time_zone":"Ljubljana","msg":"Giving makes happy PayPal https//tco/uIRrhCDBBJcharitygmailcom BTC 15gwd7HtZ95gpwX2zAwwHFD8hsPs76wjq1 give"}
{"tweet_id":841793615307276288,"created_unixtime":1489534212315,"created_time":"Tue Mar 14 23:30:12 +0000 2017","lang":"en","displayname":"iradaaum","time_zone":"","msg":"RT kissmemyfan_ Happy White Day~💕[HQ] 170205 Wuyifan  JTTW2 Roadshow in Shenzhen CrFanith1106https//tco/P6PoiACDHQ… "}
{"tweet_id":841793615311605760,"created_unixtime":1489534212316,"created_time":"Tue Mar 14 23:30:12 +0000 2017","lang":"en","displayname":"_dxVis","time_zone":"","msg":"Honestly if drakes album never dropped I dont think Id be sad"}
{"tweet_id":841793615554781184,"created_unixtime":1489534212374,"created_time":"Tue Mar 14 23:30:12 +0000 2017","lang":"en","displayname":"notblondegirl","time_zone":"","msg":"RT castondarx julieplec kevwilliamson HAPPY BIRTHDAYYY https//tco/dNAg9qXPgg"}
{"tweet_id":841793615491923969,"created_unixtime":1489534212359,"created_time":"Tue Mar 14 23:30:12 +0000 2017","lang":"en","displayname":"jon_ard","time_zone":"Eastern Time (US & Canada)","msg":"Happy for Leicester keep it going"}
{"tweet_id":841793615651201024,"created_unixtime":1489534212397,"created_time":"Tue Mar 14 23:30:12 +0000 2017","lang":"en","displayname":"_gammaburst","time_zone":"","msg":"RT ResistanceParty Problem is Monica Crowley is a happy warrior for Putin TrumpRussia TeamOfLiars https//tco/fTAtkDBMTi"}
{"tweet_id":841793615097659392,"created_unixtime":1489534212265,"created_time":"Tue Mar 14 23:30:12 +0000 2017","lang":"en","displayname":"Brooke_Burns17","time_zone":"","msg":"Happy bday texts 😂😂 https//tco/BqwjstyTgX"}
{"tweet_id":841793615827480577,"created_unixtime":1489534212439,"created_time":"Tue Mar 14 23:30:12 +0000 2017","lang":"en","displayname":"zainakur8is0","time_zone":"","msg":"RT PlayStation Twenty years ago today a train pulled into Sector 1 StationHappy anniversary to one of the alltime greats https//t…"}
{"tweet_id":841793616100106240,"created_unixtime":1489534212504,"created_time":"Tue Mar 14 23:30:12 +0000 2017","lang":"en","displayname":"sasha_cresswell","time_zone":"Eastern Time (US & Canada)","msg":"I wish I was half as happy as this guy abeautifulanus https//tco/Xa50q3dCrN"}
{"tweet_id":841793616448237568,"created_unixtime":1489534212587,"created_time":"Tue Mar 14 23:30:12 +0000 2017","lang":"en","displayname":"loverofsongz","time_zone":"Eastern Time (US & Canada)","msg":"RT Energetic_Vibes Respect yourself enough to walk away from anything that no longer serves you grows you or makes you happy"}
{"tweet_id":841793615819096068,"created_unixtime":1489534212437,"created_time":"Tue Mar 14 23:30:12 +0000 2017","lang":"en","displayname":"DulcisMendax","time_zone":"Pacific Time (US & Canada)","msg":"DiabolicaLux I always do I always do when they walk around and whisper my name He murmured sadly I just want to be happy with you"}
{"tweet_id":841793615961706496,"created_unixtime":1489534212471,"created_time":"Tue Mar 14 23:30:12 +0000 2017","lang":"en","displayname":"FoodSharer","time_zone":"","msg":"RT yashafluff Happy pi day~ thoI actually dont like pie so heres a picture of a slice of cake 8D foodporn https//tco/ikR0uyopwe"}
{"tweet_id":841793616733335552,"created_unixtime":1489534212655,"created_time":"Tue Mar 14 23:30:12 +0000 2017","lang":"en","displayname":"englishhowell","time_zone":"","msg":"let him be happy"}
{"tweet_id":841793616225923073,"created_unixtime":1489534212534,"created_time":"Tue Mar 14 23:30:12 +0000 2017","lang":"en","displayname":"AgustMihyun","time_zone":"","msg":"Im really feeling all of them but Seunghee Arin a — Im so happy about this lmao  https//tco/npwXUAH167"}
{"tweet_id":841793617157013504,"created_unixtime":1489534212756,"created_time":"Tue Mar 14 23:30:12 +0000 2017","lang":"en","displayname":"rendytiann","time_zone":"Jakarta","msg":"RT LIFE Happy Birthday Albert Einstein Born 138 years ago today https//tco/ix6F4lU6AZ https//tco/88y4nfxYZn"}
{"tweet_id":841793616456515584,"created_unixtime":1489534212589,"created_time":"Tue Mar 14 23:30:12 +0000 2017","lang":"en","displayname":"Tenny100","time_zone":"Harare","msg":"Happy Pi Day Nerds celebrate 3/14 https//tco/JOHvt0GPg3 trending https//tco/xYyHuI99tz"}
{"tweet_id":841793617081581568,"created_unixtime":1489534212738,"created_time":"Tue Mar 14 23:30:12 +0000 2017","lang":"en","displayname":"tehfroyopanda","time_zone":"","msg":"RT NASA Its PiDay It may be irrational but pi plays an important role in the work of scientists at NASA… "}
{"tweet_id":841793616892833792,"created_unixtime":1489534212693,"created_time":"Tue Mar 14 23:30:12 +0000 2017","lang":"en","displayname":"JohnlockBitchhh","time_zone":"Hawaii","msg":"JohnlockBitchhh But I feel like hes just gonna fuck up my head again but right now Im happy so idc"}
{"tweet_id":841793617157074945,"created_unixtime":1489534212756,"created_time":"Tue Mar 14 23:30:12 +0000 2017","lang":"en","displayname":"uponabitch","time_zone":"Brasilia","msg":"RT Mr_nyakahara Look to Oda with a gift and Dazai being happyIm crying https//tco/YZ7bV3kAMR"}
{"tweet_id":841793617740075011,"created_unixtime":1489534212895,"created_time":"Tue Mar 14 23:30:12 +0000 2017","lang":"en","displayname":"monikawesome","time_zone":"","msg":"RT vhielez4 aizzgiant chie_chie26 mhellopez19 zenkmm emzsmf fleurs7754 betchieflores xinempl arenb72 mecampo09… "}
{"tweet_id":841793617257717760,"created_unixtime":1489534212780,"created_time":"Tue Mar 14 23:30:12 +0000 2017","lang":"en","displayname":"JordanMWood97","time_zone":"","msg":"RT TattersBrooke Makes me sad that people actually find animal cruelty entertaining☹️ https//tco/TjNXK7Y7jA"}
{"tweet_id":841793617635250176,"created_unixtime":1489534212870,"created_time":"Tue Mar 14 23:30:12 +0000 2017","lang":"en","displayname":"Nashaliemariee","time_zone":"","msg":"RT lssued some of the Jersey Shore cast reunited This makes me so happy 😭😍 https//tco/5C4HkwPBRL"}
{"tweet_id":841793618339741697,"created_unixtime":1489534213038,"created_time":"Tue Mar 14 23:30:13 +0000 2017","lang":"en","displayname":"tsoondere","time_zone":"Kuala Lumpur","msg":"RT lostpanda Happy Pi day https//tco/tMJq9uUeRk"}
{"tweet_id":841793618004320256,"created_unixtime":1489534212958,"created_time":"Tue Mar 14 23:30:12 +0000 2017","lang":"pt","displayname":"diekisonuang","time_zone":"Pacific Time (US & Canada)","msg":"a coisa mais fofa que vcs vão ver hj https//tco/S50hqy8ocH"}
{"tweet_id":841793618432131074,"created_unixtime":1489534213060,"created_time":"Tue Mar 14 23:30:13 +0000 2017","lang":"en","displayname":"MrsRae27","time_zone":"","msg":"RT IntThings Do what you love and whatever makes you happy Be good to the people that are good to you Cut off negativity Dont settle…"}
{"tweet_id":841793618163691521,"created_unixtime":1489534212996,"created_time":"Tue Mar 14 23:30:12 +0000 2017","lang":"en","displayname":"Holduphalf","time_zone":"London","msg":"RT AltHHS Happy PiDay2017 As its also Albert Einsteins Birthday its an important day to reflect on the value of immigra… "}
{"tweet_id":841793618956414978,"created_unixtime":1489534213185,"created_time":"Tue Mar 14 23:30:13 +0000 2017","lang":"und","displayname":"DrNickBrand","time_zone":"Eastern Time (US & Canada)","msg":"ghostofGalleani haneiyuu Sad"}
{"tweet_id":841793619031920641,"created_unixtime":1489534213203,"created_time":"Tue Mar 14 23:30:13 +0000 2017","lang":"en","displayname":"issaaliiyahh_","time_zone":"Hawaii","msg":"RT ___xpauline A relationship without any arguements is fake asf idc idc idc dont nobody stay happy the whole time 😂🤦🏾‍♀️💀"}
{"tweet_id":841793619124088832,"created_unixtime":1489534213225,"created_time":"Tue Mar 14 23:30:13 +0000 2017","lang":"en","displayname":"primitive_ks","time_zone":"Arizona","msg":"RT _lilsunnyyy Talk to god more aint nothing wrong with you dont know what youre sad for you got clothes on your back and… "}
{"tweet_id":841793617194754048,"created_unixtime":1489534212765,"created_time":"Tue Mar 14 23:30:12 +0000 2017","lang":"en","displayname":"JIARnuest","time_zone":"Jakarta","msg":"We have happy sad laugh cry together We always have each other and we promise always together for our LOVEs… https//tco/un7v6kkZGp"}
{"tweet_id":841793619463831552,"created_unixtime":1489534213306,"created_time":"Tue Mar 14 23:30:13 +0000 2017","lang":"ja","displayname":"gaze___310","time_zone":"","msg":"jr_hirata Happy Birthday🎂🎁🎉素敵な1年になりますように🙏🏻🙏🏻"}
{"tweet_id":841793619342286850,"created_unixtime":1489534213277,"created_time":"Tue Mar 14 23:30:13 +0000 2017","lang":"und","displayname":"raurquiz","time_zone":"Santiago","msg":"happy piday startrek deepspacenine teroknor https//tco/tw2XWgA0it"}
{"tweet_id":841793619392618496,"created_unixtime":1489534213289,"created_time":"Tue Mar 14 23:30:13 +0000 2017","lang":"en","displayname":"Aabriilsiitaa","time_zone":"Buenos Aires","msg":"RT LittleMix NoMoreSadSongs for REAL❌❤️ weve made a SpotifyUK playlist with some happy songs☺️ what should we add X the girl… "}
{"tweet_id":841793619728171009,"created_unixtime":1489534213369,"created_time":"Tue Mar 14 23:30:13 +0000 2017","lang":"es","displayname":"SonicPokemonXD","time_zone":"Pacific Time (US & Canada)","msg":"RT FSceptile Me gusta la hora sad https//tco/RZIsFXza26"}
{"tweet_id":841793619963068417,"created_unixtime":1489534213425,"created_time":"Tue Mar 14 23:30:13 +0000 2017","lang":"en","displayname":"BlazePizza","time_zone":"Pacific Time (US & Canada)","msg":"TweeBrittanyLee Happy PiDay 🍕 HowDoYouBlaze BlazePiDay"}
{"tweet_id":841793619849826304,"created_unixtime":1489534213398,"created_time":"Tue Mar 14 23:30:13 +0000 2017","lang":"en","displayname":"zach_ennis2","time_zone":"","msg":"Happy birthday lill homie 💪😈 willclifford6"}
{"tweet_id":841793620009205760,"created_unixtime":1489534213436,"created_time":"Tue Mar 14 23:30:13 +0000 2017","lang":"en","displayname":"KevinJames_83","time_zone":"Central Time (US & Canada)","msg":"91UG1N WRVoltec ChevyElectric  I dont remember the last time around every 6 months though  Love this car Sad my lease is almost up 😥"}
{"tweet_id":841793618574729217,"created_unixtime":1489534213094,"created_time":"Tue Mar 14 23:30:13 +0000 2017","lang":"en","displayname":"ashleycarver00","time_zone":"","msg":"happy birthday coop🎉🎉I hope your day was great amp enjoy these old middle school pictures😅CooperMartin12 https//tco/DxK5anCmTA"}
{"tweet_id":841793619870728193,"created_unixtime":1489534213403,"created_time":"Tue Mar 14 23:30:13 +0000 2017","lang":"en","displayname":"taec_aholic","time_zone":"Irkutsk","msg":"taeccool 2PM makes me happy♡I LOVE U♡♡♡"}
{"tweet_id":841793621024243713,"created_unixtime":1489534213678,"created_time":"Tue Mar 14 23:30:13 +0000 2017","lang":"en","displayname":"TonyRooger","time_zone":"Brasilia","msg":"RT ILLUMlNATI Just be happy Be who you wanna be If others dont like it then let them be Happiness is a choice Life isnt about plea…"}
{"tweet_id":841793621045075968,"created_unixtime":1489534213683,"created_time":"Tue Mar 14 23:30:13 +0000 2017","lang":"en","displayname":"RushersLATAM","time_zone":"Central Time (US & Canada)","msg":"RT _srslymgc_ jamesmaslow Thank You for everything James You made me so so happy it was the best Day of my life 😭❤ https//tco/vxhBIgk…"}
{"tweet_id":841793620319580165,"created_unixtime":1489534213510,"created_time":"Tue Mar 14 23:30:13 +0000 2017","lang":"en","displayname":"sydneyc314","time_zone":"Arizona","msg":"RT KassiSarahAnne sydneyc314 Happy birthday to one of the best managers a girl could ask for😊 https//tco/VOyc995QVB"}
{"tweet_id":841793621426860033,"created_unixtime":1489534213774,"created_time":"Tue Mar 14 23:30:13 +0000 2017","lang":"en","displayname":"__DiamPiece_","time_zone":"Quito","msg":"RT D_Deji28 Do you guys know why he was killed A girl lied that he raped her and her brother shot him dead https//tco/IWDVDZp3rz"}
{"tweet_id":841793621753917440,"created_unixtime":1489534213852,"created_time":"Tue Mar 14 23:30:13 +0000 2017","lang":"en","displayname":"BelikerAble","time_zone":"Pacific Time (US & Canada)","msg":"RT Ava_Av9 Good morning my dear friends Happy day to you~ myall3000 ali33322216 🌹 https//tco/9tkIehOISL"}
{"tweet_id":841793622236250112,"created_unixtime":1489534213967,"created_time":"Tue Mar 14 23:30:13 +0000 2017","lang":"ja","displayname":"ukeity","time_zone":"Tokyo","msg":"「TON TON TOMMY E6 Happy Birthday」　第6回はお誕生日祝いです。ハッピーバースディを歌いましょう！"}
{"tweet_id":841793622102044672,"created_unixtime":1489534213935,"created_time":"Tue Mar 14 23:30:13 +0000 2017","lang":"en","displayname":"rheannaportillo","time_zone":"","msg":"RT kayporty happy birthday to my best friend♥️ love you rhe thanks for being there for me through it all you complete me https//tco/…"}
{"tweet_id":841793622848618496,"created_unixtime":1489534214113,"created_time":"Tue Mar 14 23:30:14 +0000 2017","lang":"en","displayname":"izzauno","time_zone":"Tokyo","msg":"RT thesecret The whole point of life is to have fun to seek happiness to be happy That is your one and only purpose in life"}
{"tweet_id":841793622383165440,"created_unixtime":1489534214002,"created_time":"Tue Mar 14 23:30:14 +0000 2017","lang":"en","displayname":"GEROJORGE6","time_zone":"Central Time (US & Canada)","msg":"RT KGfirefly valeriazolota I am sorry for the delay in greetings 🙏Thank you for following and RT Wishing your Happy March🌹🌸🌹… "}
{"tweet_id":841793622471258114,"created_unixtime":1489534214023,"created_time":"Tue Mar 14 23:30:14 +0000 2017","lang":"en","displayname":"Love_Keen21","time_zone":"Hawaii","msg":"RT noheartfound it doesnt matter what other people think of your relationship if your happy fuck em"}
{"tweet_id":841793622777446400,"created_unixtime":1489534214096,"created_time":"Tue Mar 14 23:30:14 +0000 2017","lang":"en","displayname":"_jairaelizabeth","time_zone":"","msg":"Happy Birthday Cuzzo xvallejol"}
{"tweet_id":841793622941011968,"created_unixtime":1489534214135,"created_time":"Tue Mar 14 23:30:14 +0000 2017","lang":"en","displayname":"kssomerville","time_zone":"Eastern Time (US & Canada)","msg":"RT unapologetiicb so annoying when ppl are like ur always laughin u laugh at everything its not that funny like OK sorry im a happ…"}
{"tweet_id":841793623121399808,"created_unixtime":1489534214178,"created_time":"Tue Mar 14 23:30:14 +0000 2017","lang":"en","displayname":"KingoArMstead_","time_zone":"","msg":"RT D_Deji28 Do you guys know why he was killed A girl lied that he raped her and her brother shot him dead https//tco/IWDVDZp3rz"}
{"tweet_id":841793623746269184,"created_unixtime":1489534214327,"created_time":"Tue Mar 14 23:30:14 +0000 2017","lang":"en","displayname":"UncleTrapQueen","time_zone":"Pacific Time (US & Canada)","msg":"RT _queenliv__ the sad truth😕 https//tco/Jsq2dijWmZ"}
{"tweet_id":841793624048295938,"created_unixtime":1489534214399,"created_time":"Tue Mar 14 23:30:14 +0000 2017","lang":"en","displayname":"andreyrpbuk","time_zone":"","msg":"RT _Zeniith_ Sad but true https//tco/5dHYbJgCPu"}
{"tweet_id":841793624312487936,"created_unixtime":1489534214462,"created_time":"Tue Mar 14 23:30:14 +0000 2017","lang":"en","displayname":"dac1492","time_zone":"","msg":"RT BillNye Happy 314 Day peoples"}
{"tweet_id":841793624249622528,"created_unixtime":1489534214447,"created_time":"Tue Mar 14 23:30:14 +0000 2017","lang":"en","displayname":"RoseShriver","time_zone":"Central Time (US & Canada)","msg":"Happy to spend my St Patricks day with andrewmcmahon ❤️"}
{"tweet_id":841793624304164864,"created_unixtime":1489534214460,"created_time":"Tue Mar 14 23:30:14 +0000 2017","lang":"en","displayname":"IamStephSimone","time_zone":"Eastern Time (US & Canada)","msg":"RT OfficialPlugged Happy 20th Birthday to the classic movie Love JonesMarch 14 1997 https//tco/Nb4JoKPwkF"}
{"tweet_id":841793624325165056,"created_unixtime":1489534214465,"created_time":"Tue Mar 14 23:30:14 +0000 2017","lang":"en","displayname":"___envyb","time_zone":"Pacific Time (US & Canada)","msg":"RT MsThanksgiving8 😊 happy Im not a insecure female"}
{"tweet_id":841793625059028992,"created_unixtime":1489534214640,"created_time":"Tue Mar 14 23:30:14 +0000 2017","lang":"en","displayname":"deaddiedalone","time_zone":"","msg":"Why do I feel the need to feel sad"}
{"tweet_id":841793625029668864,"created_unixtime":1489534214633,"created_time":"Tue Mar 14 23:30:14 +0000 2017","lang":"ja","displayname":"AyasaYou","time_zone":"","msg":"tamoyoyu たもちゃ～ん♡朝から、Happyだね˙˘˙ஐこれから、楽しみ🙌٩๑ᵒ̴̶̷͈̀ ᗜ ᵒ̴̶̷͈́و ̑̑ ✧ｲｪ~ｨ ♬"}
{"tweet_id":841793624711041024,"created_unixtime":1489534214557,"created_time":"Tue Mar 14 23:30:14 +0000 2017","lang":"en","displayname":"mooney_steve99","time_zone":"","msg":"RT akash_n35 Happy Birthday home slice Always here for you bro 🎊🎂🎊🎂🎊🎂🎊🎂🎊🎂 mooney_steve99 https//tco/voQWDSbneQ"}
{"tweet_id":841793625189101574,"created_unixtime":1489534214671,"created_time":"Tue Mar 14 23:30:14 +0000 2017","lang":"en","displayname":"StellaInger","time_zone":"Pacific Time (US & Canada)","msg":"Happy bday beautiful  AlexaLiacko https//tco/ayDhvwpZcD"}
{"tweet_id":841793625650544640,"created_unixtime":1489534214781,"created_time":"Tue Mar 14 23:30:14 +0000 2017","lang":"en","displayname":"jackier333","time_zone":"","msg":"RT BusterBooks Its Einsteins Birthday today happy PiDay AND its BSW17 To celebrate im giving away a copy of Destroy This… "}
{"tweet_id":841793625717673985,"created_unixtime":1489534214797,"created_time":"Tue Mar 14 23:30:14 +0000 2017","lang":"en","displayname":"zeenoa1","time_zone":"","msg":"ColtonCarlyle happy birthday man"}
{"tweet_id":841793625826693120,"created_unixtime":1489534214823,"created_time":"Tue Mar 14 23:30:14 +0000 2017","lang":"en","displayname":"ahellakhatab","time_zone":"","msg":"In 14 March 1933 a legendary man was born Happy 84th Birthday Sir MICHAEL CAINE ✨ I am a… https//tco/uDMW0vO8Ux"}
{"tweet_id":841793626141216768,"created_unixtime":1489534214898,"created_time":"Tue Mar 14 23:30:14 +0000 2017","lang":"en","displayname":"vox_MENDOZA","time_zone":"Pacific Time (US & Canada)","msg":"RT MillennialOfMNL This is your reminder that its okay to not be okay No one is constantly happy Your emotions are yours No one can t…"}
{"tweet_id":841793626355118080,"created_unixtime":1489534214949,"created_time":"Tue Mar 14 23:30:14 +0000 2017","lang":"ja","displayname":"waferchoco_","time_zone":"Jakarta","msg":"RT tsukiuta1 ☆Happy White Day③☆恋「俺たちにプランを任せて頂ければ、笑いの耐えないデートをご提供してみせます！」駆「そして体重１kgはかたい」恋「フラれるヤツ…！」※DLOK※壁紙などマナーを守って使ってくださいね https/…"}
{"tweet_id":841793626585862144,"created_unixtime":1489534215004,"created_time":"Tue Mar 14 23:30:15 +0000 2017","lang":"en","displayname":"TickleMeTez","time_zone":"Central Time (US & Canada)","msg":"RT itsGirICode THIS DOGS REACTION TO GETTING ADOPTED MAKES ME SO HAPPY 😭❤️ https//tco/KA5Ipv0PUM"}
{"tweet_id":841793626816565253,"created_unixtime":1489534215059,"created_time":"Tue Mar 14 23:30:15 +0000 2017","lang":"en","displayname":"DemonsDaughter","time_zone":"","msg":"JimLee Varian and Tiffin Wrynn King and Queen of Stormwind Sad story but it gave us Anduin"}
{"tweet_id":841793627177197569,"created_unixtime":1489534215145,"created_time":"Tue Mar 14 23:30:15 +0000 2017","lang":"en","displayname":"iamfangirlx_","time_zone":"","msg":"HAPPY BIRTHDAY ALIA BHATT aliaa08 may you keep shining 💜✨ https//tco/49lgWhAs0F"}
{"tweet_id":841793626917163008,"created_unixtime":1489534215083,"created_time":"Tue Mar 14 23:30:15 +0000 2017","lang":"en","displayname":"frangela1221","time_zone":"","msg":"RT WeLoveJaDine Happy third Anniversary JaDineLand 💜LetOurPurpleHeartsShineAt3 EL"}
{"tweet_id":841793627441393664,"created_unixtime":1489534215208,"created_time":"Tue Mar 14 23:30:15 +0000 2017","lang":"en","displayname":"TimWilsonCPA","time_zone":"","msg":"RandPaul Open the floor to all ideas  thats the plan after all these years  Coining a Phrase Sad"}
{"tweet_id":841793625247866880,"created_unixtime":1489534214685,"created_time":"Tue Mar 14 23:30:14 +0000 2017","lang":"en","displayname":"aridibella","time_zone":"","msg":"RT savmontano So crazy seeing your visions come to life im happy i get to share them with you all❤"}
{"tweet_id":841793627676262400,"created_unixtime":1489534215264,"created_time":"Tue Mar 14 23:30:15 +0000 2017","lang":"en","displayname":"ItsTinnaaaa","time_zone":"Atlantic Time (Canada)","msg":"The_YFNKJ Happy Birthday 🎉"}
{"tweet_id":841793628099903488,"created_unixtime":1489534215365,"created_time":"Tue Mar 14 23:30:15 +0000 2017","lang":"en","displayname":"BoOtYGoD16","time_zone":"","msg":"RT barbiepink1177 Happy SteakampBj Day 🍆👅💋 😘  wolfdaddyspace CamDevilz burger_boogie FantasyMilf69 BoOtYGoD16 pussy_eater699… "}
{"tweet_id":841793627768659968,"created_unixtime":1489534215286,"created_time":"Tue Mar 14 23:30:15 +0000 2017","lang":"en","displayname":"lxmunoz","time_zone":"Pacific Time (US & Canada)","msg":"All the feels Cheers to the happy couple 🎉💍💕 TheBachelorFinale TheBachelor via DIRECTV https//tco/GBcmvunc87… https//tco/ulpAxusaZX"}
{"tweet_id":841793627697360901,"created_unixtime":1489534215269,"created_time":"Tue Mar 14 23:30:15 +0000 2017","lang":"en","displayname":"SavannahRobins3","time_zone":"","msg":"Hiiii find new girl and be happy  https//tco/tk1lSldvoB https//tco/tLesKQGPFM"}
{"tweet_id":841793628527853569,"created_unixtime":1489534215467,"created_time":"Tue Mar 14 23:30:15 +0000 2017","lang":"en","displayname":"cnastey","time_zone":"Atlantic Time (Canada)","msg":"RT _EmilyAlmanzar Theres a new marvel show going on Netflix Im so happy omg 😭"}
{"tweet_id":841793628225839104,"created_unixtime":1489534215395,"created_time":"Tue Mar 14 23:30:15 +0000 2017","lang":"en","displayname":"Ayame_Ky","time_zone":"","msg":"RT akidearest Happy White Day Favorite romance anime series/manga/movie https//tco/BFFFKp3paa"}
{"tweet_id":841793628649472001,"created_unixtime":1489534215496,"created_time":"Tue Mar 14 23:30:15 +0000 2017","lang":"en","displayname":"HoisinRenderson","time_zone":"London","msg":"Heartbreaking news from Buncrana tonight God love her family and friends Another sad day for the town RIP https//tco/olqYCJPPFN"}
{"tweet_id":841793628104196098,"created_unixtime":1489534215366,"created_time":"Tue Mar 14 23:30:15 +0000 2017","lang":"en","displayname":"twenty88pilots","time_zone":"London","msg":"Queen of pop i love her more than i love myself which is sad but oh whale shes adorable af and a feminist que… https//tco/oFGPzwN63o"}
{"tweet_id":841793629072965632,"created_unixtime":1489534215597,"created_time":"Tue Mar 14 23:30:15 +0000 2017","lang":"en","displayname":"sydgarces","time_zone":"","msg":"RT DhaSickest Awe man I grew up with out a fatherand its sad to see most of yall hating on this man for believing in his son… "}
{"tweet_id":841793629115060225,"created_unixtime":1489534215607,"created_time":"Tue Mar 14 23:30:15 +0000 2017","lang":"en","displayname":"thegoodphyte","time_zone":"","msg":"wow never ordering from uline ever again Ive spent thousands of  over the past few years sad https//tco/6tFRW5mqak"}
{"tweet_id":841793629618290688,"created_unixtime":1489534215727,"created_time":"Tue Mar 14 23:30:15 +0000 2017","lang":"ko","displayname":"bluibernice","time_zone":"","msg":"RT offclASTRO Happy birthday to you~ 진진형 22번째 생일을진심으로 축하해요🎉🎉 착하고 장난도 잘받아주고 리더쉽있는ㅎㅎ진진형 귀염댕이 아스트로 잘부탁드려요생일선물 나 HappyJINJINDay https//…"}
{"tweet_id":841793628892622853,"created_unixtime":1489534215554,"created_time":"Tue Mar 14 23:30:15 +0000 2017","lang":"ja","displayname":"scanty320","time_zone":"Tokyo","msg":"RT DtuiL4VQb2NG1ol ｡・＋°Happy Birthday テリー  ´ω`  ｡・＋°KOFで初めて使ったキャラがテリーだったなヾ●´∇｀●ﾉ https//tco/aCRe3X5lW6"}
{"tweet_id":841793629983186945,"created_unixtime":1489534215814,"created_time":"Tue Mar 14 23:30:15 +0000 2017","lang":"en","displayname":"joleen300","time_zone":"Pacific Time (US & Canada)","msg":"RT rana_yamak happy as can b https//tco/i4aB61Nptp"}
{"tweet_id":841793629333135360,"created_unixtime":1489534215659,"created_time":"Tue Mar 14 23:30:15 +0000 2017","lang":"en","displayname":"BASH_jnr1","time_zone":"Africa/Lagos","msg":"Ameen Happy birthday Ya Amir https//tco/VxIqH79Cyl"}
{"tweet_id":841793629618241536,"created_unixtime":1489534215727,"created_time":"Tue Mar 14 23:30:15 +0000 2017","lang":"en","displayname":"inspiringmuke","time_zone":"Pacific Time (US & Canada)","msg":"RT Ashton5SOS HAPPY MONDAY https//tco/z0i1UqhS6X"}
{"tweet_id":841793630159413248,"created_unixtime":1489534215856,"created_time":"Tue Mar 14 23:30:15 +0000 2017","lang":"en","displayname":"scoutcest","time_zone":"Eastern Time (US & Canada)","msg":"hey this is sad what the fuck if shes dead i fucking quit"}
{"tweet_id":841793629828067328,"created_unixtime":1489534215777,"created_time":"Tue Mar 14 23:30:15 +0000 2017","lang":"en","displayname":"kailyroberts29","time_zone":"","msg":"RT Mintzified Dont feel sad over someone who gave up on you feel sorry for them because they gave up on someone who would have never gi…"}
{"tweet_id":841793630465548289,"created_unixtime":1489534215929,"created_time":"Tue Mar 14 23:30:15 +0000 2017","lang":"ja","displayname":"NFCEZzN9PTZg9sx","time_zone":"","msg":"RT SPADE918 っヮcltﾗﾌﾞｱﾛｰｼｭｰﾄｫｫHappy Birthday🎉園田海未生誕祭20173月15日は園田海未の誕生日3月15日までに315RT目指すラブライバーはRTRTした人全員フォローする… "}
{"tweet_id":841793630138429440,"created_unixtime":1489534215851,"created_time":"Tue Mar 14 23:30:15 +0000 2017","lang":"en","displayname":"skinnymamba_","time_zone":"Quito","msg":"thank you 😊😊 https//tco/qBfdHtnSeu"}
{"tweet_id":841793630834679808,"created_unixtime":1489534216017,"created_time":"Tue Mar 14 23:30:16 +0000 2017","lang":"en","displayname":"CLOUDBenji","time_zone":"Eastern Time (US & Canada)","msg":"RT AliciaJM228 Happy birthday to CLOUDBenji  🎉💖 I love you and your videos so much Thanks for always making me smile and inspi… "}
{"tweet_id":841793630469804032,"created_unixtime":1489534215930,"created_time":"Tue Mar 14 23:30:15 +0000 2017","lang":"en","displayname":"Riveraa_vale","time_zone":"","msg":"RT DanielaAG21 Very sad https//tco/HUpaeQtETD"}
{"tweet_id":841793631216271360,"created_unixtime":1489534216108,"created_time":"Tue Mar 14 23:30:16 +0000 2017","lang":"en","displayname":"KeviKSG","time_zone":"","msg":"RT BdotAdot5 Happy Birthday Brudder ✊🏽💯 StephenCurry30 https//tco/fxunT808HC"}
{"tweet_id":841793630843084800,"created_unixtime":1489534216019,"created_time":"Tue Mar 14 23:30:16 +0000 2017","lang":"en","displayname":"MARGAnda0214","time_zone":"","msg":"RT KCollins_T Dear delavinkisses amp Barber_Edward_  Saw your FB vid today amp remembered the moment below Together u radiate j… "}
{"tweet_id":841793630847275008,"created_unixtime":1489534216020,"created_time":"Tue Mar 14 23:30:16 +0000 2017","lang":"en","displayname":"_jayxxxx","time_zone":"Eastern Time (US & Canada)","msg":"RT JustyFBaby Greatest happy birthday wish Ive ever seen https//tco/UrlPQdhFpt"}
{"tweet_id":841793631354789888,"created_unixtime":1489534216141,"created_time":"Tue Mar 14 23:30:16 +0000 2017","lang":"en","displayname":"_princessamoeji","time_zone":"Atlantic Time (Canada)","msg":"RT _queenliv__ the sad truth😕 https//tco/Jsq2dijWmZ"}
{"tweet_id":841793631539216384,"created_unixtime":1489534216185,"created_time":"Tue Mar 14 23:30:16 +0000 2017","lang":"en","displayname":"Kuh35340408","time_zone":"","msg":"Happy Day poMBMayWard"}
{"tweet_id":841793631304458241,"created_unixtime":1489534216129,"created_time":"Tue Mar 14 23:30:16 +0000 2017","lang":"en","displayname":"OGR47","time_zone":"Eastern Time (US & Canada)","msg":"RT IEEEorg Happy PiDay Did you know there are no zeros in the first 31 digits of Pi How are you celebrating today https//tco/xTPjJQ…"}
{"tweet_id":841793631841206274,"created_unixtime":1489534216257,"created_time":"Tue Mar 14 23:30:16 +0000 2017","lang":"en","displayname":"maywardscc","time_zone":"","msg":"RT fearlesssheart Be happy for no reason like a child MBMayWard"}
{"tweet_id":841793631727968256,"created_unixtime":1489534216230,"created_time":"Tue Mar 14 23:30:16 +0000 2017","lang":"tl","displayname":"shanelcastine02","time_zone":"","msg":"Thank you ate😊Nagtatampo ako sayo😑 https//tco/Gmt9FBm2Jm"}
{"tweet_id":841793632009035777,"created_unixtime":1489534216297,"created_time":"Tue Mar 14 23:30:16 +0000 2017","lang":"en","displayname":"kazumai_arashi","time_zone":"","msg":"ﾉﾉ｀∀´ﾙ Jun Matsumoto♡Happy Birthday time am"}
{"tweet_id":841793631853895680,"created_unixtime":1489534216260,"created_time":"Tue Mar 14 23:30:16 +0000 2017","lang":"en","displayname":"jamiereevesuk","time_zone":"London","msg":"Inspired by the Northern Soul Girl this is happy vs happy live https//tco/IqW77s27H9 northernsoul happy pharrell jamiereeves"}
{"tweet_id":841793631673565186,"created_unixtime":1489534216217,"created_time":"Tue Mar 14 23:30:16 +0000 2017","lang":"en","displayname":"Cahronw_","time_zone":"Pacific Time (US & Canada)","msg":"RT takaylaxoxo if you so happy and unbothered you wouldnt be worried about nobody elses relationship life nothing they doing yall…"}
{"tweet_id":841793632105517056,"created_unixtime":1489534216320,"created_time":"Tue Mar 14 23:30:16 +0000 2017","lang":"en","displayname":"LacieFantaski","time_zone":"Mountain Time (US & Canada)","msg":"This weather is wonderful but its also a sad reminder that Im going to have to consistently start shaving my legs 😢"}
{"tweet_id":841793632239726592,"created_unixtime":1489534216352,"created_time":"Tue Mar 14 23:30:16 +0000 2017","lang":"en","displayname":"SvuSvuVeli","time_zone":"Hawaii","msg":"He was so cute  https//tco/zjf2H1sVhy"}
{"tweet_id":841793632159989760,"created_unixtime":1489534216333,"created_time":"Tue Mar 14 23:30:16 +0000 2017","lang":"en","displayname":"sarahk_music","time_zone":"Arizona","msg":"This will always be one of my favorite videos So sweet yet sad https//tco/uu6D5sSA3a"}
{"tweet_id":841793632994709505,"created_unixtime":1489534216532,"created_time":"Tue Mar 14 23:30:16 +0000 2017","lang":"en","displayname":"BeAwesome_Laugh","time_zone":"Pacific Time (US & Canada)","msg":"RT disneyfan1960 Happy New Year 2017 https//tco/KfqauRmFJm https//tco/Cyie0NdBFi"}
{"tweet_id":841793632730517504,"created_unixtime":1489534216469,"created_time":"Tue Mar 14 23:30:16 +0000 2017","lang":"en","displayname":"Allissa_Quicker","time_zone":"Quito","msg":"RT JustinTrudeau Happy PiDay Our government is committed to supporting science amp innovation for a stronger Canada And pie for a tasti…"}
{"tweet_id":841793633137369089,"created_unixtime":1489534216566,"created_time":"Tue Mar 14 23:30:16 +0000 2017","lang":"en","displayname":"astrojoe888","time_zone":"Central Time (US & Canada)","msg":"RT beertrekkie Wish you and yours a happy PI dayHave a slice for meMarch 14   piday2017 https//tco/NfmsSTUL3N"}
{"tweet_id":841793633477120001,"created_unixtime":1489534216647,"created_time":"Tue Mar 14 23:30:16 +0000 2017","lang":"en","displayname":"THlGHBROW","time_zone":"Pacific Time (US & Canada)","msg":"A private life is a happy life  💯💯💯🙌🏾"}
{"tweet_id":841793633347076096,"created_unixtime":1489534216616,"created_time":"Tue Mar 14 23:30:16 +0000 2017","lang":"en","displayname":"reeceecup","time_zone":"Eastern Time (US & Canada)","msg":"RT lovebscott All that Olympic magic ✨ Happy Birthday Simone_Biles Today the gymnast and DWTS contestant turns 20 https//tco/Xcdk6j…"}
{"tweet_id":841793632776654848,"created_unixtime":1489534216480,"created_time":"Tue Mar 14 23:30:16 +0000 2017","lang":"en","displayname":"Kennedy1874","time_zone":"","msg":"Sad because I knew two divers on the team back in the day but thrilled they are adding softball https//tco/XihfSDOlQA"}
{"tweet_id":841793633544208384,"created_unixtime":1489534216663,"created_time":"Tue Mar 14 23:30:16 +0000 2017","lang":"en","displayname":"loserabi","time_zone":"London","msg":"thank u girl  💕 https//tco/z8HRcR1BKV"}
{"tweet_id":841793633837756416,"created_unixtime":1489534216733,"created_time":"Tue Mar 14 23:30:16 +0000 2017","lang":"en","displayname":"Mariajsarteche","time_zone":"Arizona","msg":"RT hmlnani 🤦🏾‍♀️ i just wanna be happy with someone for a really long time but its just not happening"}
{"tweet_id":841793633972047873,"created_unixtime":1489534216765,"created_time":"Tue Mar 14 23:30:16 +0000 2017","lang":"en","displayname":"fortrexs","time_zone":"Mid-Atlantic","msg":"RT fortrexs myleskennedy alterbridge Happy Birthday I hope you enjoyed your day Congratulations Myles"}
{"tweet_id":841793634324303872,"created_unixtime":1489534216849,"created_time":"Tue Mar 14 23:30:16 +0000 2017","lang":"en","displayname":"hindiakobanko","time_zone":"Eastern Time (US & Canada)","msg":" always be positive and happy surround yourself with right people https//tco/633BT0UzKD"}
{"tweet_id":841793633716191234,"created_unixtime":1489534216704,"created_time":"Tue Mar 14 23:30:16 +0000 2017","lang":"en","displayname":"rikki_garcia","time_zone":"","msg":"Happy birthday Joe Love Barry ❤ themanyadventuresofbarryandjoe https//tco/nuu0u3yvxN"}
{"tweet_id":841793634043351044,"created_unixtime":1489534216782,"created_time":"Tue Mar 14 23:30:16 +0000 2017","lang":"en","displayname":"NapervilleRunCo","time_zone":"Central Time (US & Canada)","msg":"Ed Whitlock showed its possible to be a happy amp healthy runner in your 60s 70s and even your 80s RIPEdWhitlockhttps//tco/Z66OPIPMXS"}
{"tweet_id":841793634726891520,"created_unixtime":1489534216945,"created_time":"Tue Mar 14 23:30:16 +0000 2017","lang":"en","displayname":"TheTenthKnotnet","time_zone":"Pacific Time (US & Canada)","msg":"RT BLMedieval Happy PiDay Measuring circles  spheres from Archimedes De curvis superficiebus https//tco/9fpdee76ne https//tco/ECI…"}
{"tweet_id":841793635133747201,"created_unixtime":1489534217042,"created_time":"Tue Mar 14 23:30:17 +0000 2017","lang":"en","displayname":"negativeneil","time_zone":"","msg":"JonTronShow a much uglier system relies on the trampling of human rights being couched in rationalism Sad to see you joining its ranks"}
{"tweet_id":841793634169102336,"created_unixtime":1489534216812,"created_time":"Tue Mar 14 23:30:16 +0000 2017","lang":"ja","displayname":"tkhr1219_PUR","time_zone":"","msg":"R_jasmine0818 あーちゃん♡誕生日おめでとう⸜ ´꒳`⸝♡いつも色々気に掛けてくれてその優しさに何度も救われてます♡あーちゃんにとってHappyな1年になりますよーに☆。楽しいこといっぱいしようね♪ https//tco/OHlREVWoLK"}
{"tweet_id":841793635419013120,"created_unixtime":1489534217110,"created_time":"Tue Mar 14 23:30:17 +0000 2017","lang":"en","displayname":"oniku_tori","time_zone":"","msg":"RT coneyrivard Happy birthday to UMI ~ https//tco/Pwn7AApSYl"}
{"tweet_id":841793635599417344,"created_unixtime":1489534217153,"created_time":"Tue Mar 14 23:30:17 +0000 2017","lang":"en","displayname":"GCtigersoccer","time_zone":"Quito","msg":"Happy birthday to alumnus Monfilsss6"}
{"tweet_id":841793635221942272,"created_unixtime":1489534217063,"created_time":"Tue Mar 14 23:30:17 +0000 2017","lang":"en","displayname":"3TenEventsInc","time_zone":"Atlantic Time (Canada)","msg":"Hey aplivevideo thanks for the follow  Happy to connect 👍😄"}
{"tweet_id":841793636257927168,"created_unixtime":1489534217310,"created_time":"Tue Mar 14 23:30:17 +0000 2017","lang":"en","displayname":"eksyneet","time_zone":"Moscow","msg":"sometimes i think abt how Messis gonna go down in history as GOAT instead of Cris purely because of the dominant discourse amp get sad"}
{"tweet_id":841793635960123394,"created_unixtime":1489534217239,"created_time":"Tue Mar 14 23:30:17 +0000 2017","lang":"en","displayname":"conniegalan","time_zone":"","msg":"RT modeknit Very sad loved watching him on TCM https//tco/IbegeDv2eD"}
{"tweet_id":841793636044013569,"created_unixtime":1489534217259,"created_time":"Tue Mar 14 23:30:17 +0000 2017","lang":"en","displayname":"PianosAndTea","time_zone":"Amsterdam","msg":"Funkycow64 That makes me very happy the message is obviously getting through"}
{"tweet_id":841793636526313472,"created_unixtime":1489534217374,"created_time":"Tue Mar 14 23:30:17 +0000 2017","lang":"tl","displayname":"catherinesolay2","time_zone":"","msg":"Go baby girl maymay Hayaan ang mga epal Happy lng wla ending HahahaMBMayWard"}
{"tweet_id":841793636836769793,"created_unixtime":1489534217448,"created_time":"Tue Mar 14 23:30:17 +0000 2017","lang":"en","displayname":"loveitohanxoxo","time_zone":"","msg":"I LOVE seeing people choose to be happy and positive because you never know who you can bless with your attitude and actions"}
{"tweet_id":841793634865410049,"created_unixtime":1489534216978,"created_time":"Tue Mar 14 23:30:16 +0000 2017","lang":"en","displayname":"Kenziebriggs_","time_zone":"","msg":"happy birthday gab girl i love you cutie💞💞 https//tco/pEgUhYU1ve"}
{"tweet_id":841793636517961729,"created_unixtime":1489534217372,"created_time":"Tue Mar 14 23:30:17 +0000 2017","lang":"en","displayname":"stand_him_up","time_zone":"London","msg":"Turdstick Id be well happy with that https//tco/DAvxWfjQxS"}
{"tweet_id":841793637591711744,"created_unixtime":1489534217628,"created_time":"Tue Mar 14 23:30:17 +0000 2017","lang":"en","displayname":"DukeCityAbeyta","time_zone":"","msg":"RT BillNye Happy 314 Day peoples"}
{"tweet_id":841793637566435328,"created_unixtime":1489534217622,"created_time":"Tue Mar 14 23:30:17 +0000 2017","lang":"ja","displayname":"okkikki1","time_zone":"","msg":"mi_ti_temtem Happy Birthday〜〜😄🎉💖✨これからも今まで通り、みゆらしく頑張ってねん😘😘"}
{"tweet_id":841793637612691456,"created_unixtime":1489534217633,"created_time":"Tue Mar 14 23:30:17 +0000 2017","lang":"en","displayname":"baby_girlllM","time_zone":"","msg":"Happy birthday to Lex_Ayars  been fun lady couple of years being your friend can not wait till summer tho its gonna be so fun💕💐🐳"}
{"tweet_id":841793637667229696,"created_unixtime":1489534217646,"created_time":"Tue Mar 14 23:30:17 +0000 2017","lang":"en","displayname":"xJadexF","time_zone":"London","msg":"RT kjdpics HAPPY BABY https//tco/9huZ4Bs8jy"}
{"tweet_id":841793637285548032,"created_unixtime":1489534217555,"created_time":"Tue Mar 14 23:30:17 +0000 2017","lang":"en","displayname":"lechkun3615","time_zone":"","msg":"RT JScott5678 I still cannot believe this happened https//tco/3mRFJvKXqp"}
{"tweet_id":841793637646254081,"created_unixtime":1489534217641,"created_time":"Tue Mar 14 23:30:17 +0000 2017","lang":"en","displayname":"WillisFBW","time_zone":"Central Time (US & Canada)","msg":"Simone_Biles Happy birthday Simonehope its a great one for you my friend"}
{"tweet_id":841793638405402624,"created_unixtime":1489534217822,"created_time":"Tue Mar 14 23:30:17 +0000 2017","lang":"en","displayname":"ten_shittapon","time_zone":"America/New_York","msg":"RT fxactivist the sad thing is this isnt the first time amber has talked about sm ignoring her https//tco/BHhopD2xFB"}
{"tweet_id":841793637256187905,"created_unixtime":1489534217548,"created_time":"Tue Mar 14 23:30:17 +0000 2017","lang":"en","displayname":"Crispy_Fry23","time_zone":"","msg":"Happy Birthday to Party Mom 😘brookeehowerton https//tco/0L1d0HpCSg"}
{"tweet_id":841793638044729344,"created_unixtime":1489534217736,"created_time":"Tue Mar 14 23:30:17 +0000 2017","lang":"en","displayname":"StarlaFitchMD","time_zone":"Atlantic Time (Canada)","msg":"Tweet me one thing that made you happy today GetHappy https//tco/LXDrVLuu8C"}
