{"tweet_id":841810247362727936,"created_unixtime":1489538177706,"created_time":"Wed Mar 15 00:36:17 +0000 2017","lang":"en","displayname":"Lalesca214","time_zone":"","msg":"RT SummerFontana Happy Birthday danieljgillies rocknroll 🎂🎉🎸 https//tco/phJV1H96IA"}
{"tweet_id":841810247232675841,"created_unixtime":1489538177675,"created_time":"Wed Mar 15 00:36:17 +0000 2017","lang":"en","displayname":"LovableJhope","time_zone":"Athens","msg":"RT yoongibts bts episode HAPPY WHITE DAY FROM BTS 1 namjoon https//tco/sUDppIFoht"}
{"tweet_id":841810247689854976,"created_unixtime":1489538177784,"created_time":"Wed Mar 15 00:36:17 +0000 2017","lang":"en","displayname":"ultsugamin","time_zone":"Atlantic Time (Canada)","msg":"RT cliffordsshug If youre ever feeling sad just remember that this video exists https//tco/HjEMGrNXhB"}
{"tweet_id":841810248004329472,"created_unixtime":1489538177859,"created_time":"Wed Mar 15 00:36:17 +0000 2017","lang":"tl","displayname":"kindamich","time_zone":"Pacific Time (US & Canada)","msg":"mag koan nalang ko oy kay para mo koan sad ni ba 😏😏"}
{"tweet_id":841810247798923268,"created_unixtime":1489538177810,"created_time":"Wed Mar 15 00:36:17 +0000 2017","lang":"en","displayname":"thatfangirl915","time_zone":"Pacific Time (US & Canada)","msg":"RT lucyliciousmith Edward So happy to be here MBMayWard"}
{"tweet_id":841810247824097280,"created_unixtime":1489538177816,"created_time":"Wed Mar 15 00:36:17 +0000 2017","lang":"en","displayname":"Kathryn2439","time_zone":"","msg":"d_m_elms Sad to say I think you called it  Per AP shes now saying the taxes are from 2005"}
{"tweet_id":841810247631155200,"created_unixtime":1489538177770,"created_time":"Wed Mar 15 00:36:17 +0000 2017","lang":"en","displayname":"ssourbelts","time_zone":"","msg":"RT hidden saying im tired when youre actually sad"}
{"tweet_id":841810245202538496,"created_unixtime":1489538177191,"created_time":"Wed Mar 15 00:36:17 +0000 2017","lang":"en","displayname":"WagsandWalks","time_zone":"Alaska","msg":"Happy TongueOutTuesday from our favorite pair SirPatStew and his foster pup Ginger GingerGurl… https//tco/Dy6DtajoNv"}
{"tweet_id":841810248541257728,"created_unixtime":1489538177987,"created_time":"Wed Mar 15 00:36:17 +0000 2017","lang":"en","displayname":"pati_wax","time_zone":"Pacific Time (US & Canada)","msg":"joancastillo_ I know she is A lot of guys at her school be so sad shes lesbian 😂"}
{"tweet_id":841810248566509568,"created_unixtime":1489538177993,"created_time":"Wed Mar 15 00:36:17 +0000 2017","lang":"en","displayname":"jewishladyblog","time_zone":"Eastern Time (US & Canada)","msg":"RT MomItForward Q6 DOES FOOD MAKE YOU HAPPY WHAT DISHES MAKE YOU THE HAPPIEST AvoHappiness GNO PLS RT"}
{"tweet_id":841810248629424130,"created_unixtime":1489538178008,"created_time":"Wed Mar 15 00:36:18 +0000 2017","lang":"en","displayname":"MrPeoplesInc","time_zone":"Eastern Time (US & Canada)","msg":"Happy Holidays ✌🏾"}
{"tweet_id":841810248365182976,"created_unixtime":1489538177945,"created_time":"Wed Mar 15 00:36:17 +0000 2017","lang":"en","displayname":"anidalaa","time_zone":"Pacific Time (US & Canada)","msg":"AWW THANK YOU☺️💕 https//tco/1BYvrhATIo"}
{"tweet_id":841810248579047426,"created_unixtime":1489538177996,"created_time":"Wed Mar 15 00:36:17 +0000 2017","lang":"en","displayname":"Thecamocook","time_zone":"","msg":"Presenting the youngest member of the cheesecakemovement Clan Happy birthday Judahtuesday… https//tco/7n1x3vbnrT"}
{"tweet_id":841810248621002752,"created_unixtime":1489538178006,"created_time":"Wed Mar 15 00:36:18 +0000 2017","lang":"en","displayname":"suzi_botello","time_zone":"","msg":"RT D_Deji28 Do you guys know why he was killed A girl lied that he raped her and her brother shot him dead https//tco/IWDVDZp3rz"}
{"tweet_id":841810248822317057,"created_unixtime":1489538178054,"created_time":"Wed Mar 15 00:36:18 +0000 2017","lang":"en","displayname":"jarlynhardye","time_zone":"","msg":"RT owee_briiii Sadly SADLY this be me man https//tco/U1b5LWKFuv"}
{"tweet_id":841810247010402304,"created_unixtime":1489538177622,"created_time":"Wed Mar 15 00:36:17 +0000 2017","lang":"en","displayname":"Hannah_May7","time_zone":"","msg":"Happy birthday StephenCurry30  your family is perfect If you ever need a nanny Im your girl I think Id fit in… https//tco/hOXNc3whHL"}
{"tweet_id":841810249241645056,"created_unixtime":1489538178154,"created_time":"Wed Mar 15 00:36:18 +0000 2017","lang":"en","displayname":"KimoraShakur","time_zone":"","msg":"RT D_Deji28 Do you guys know why he was killed A girl lied that he raped her and her brother shot him dead https//tco/IWDVDZp3rz"}
{"tweet_id":841810248801353729,"created_unixtime":1489538178049,"created_time":"Wed Mar 15 00:36:18 +0000 2017","lang":"en","displayname":"RyanIrelanJane","time_zone":"","msg":"Jason_Pollock FoxNews Saw you act like an idiot on live TV  How sad https//tco/Agnk5wpDbk"}
{"tweet_id":841810249346621444,"created_unixtime":1489538178179,"created_time":"Wed Mar 15 00:36:18 +0000 2017","lang":"en","displayname":"ivanaestrada_c","time_zone":"Atlantic Time (Canada)","msg":"RT 5HVotingStats Scared Of Happy FifthHarmony YouKnowYouLoveThem radiodisney"}
{"tweet_id":841810249489178625,"created_unixtime":1489538178213,"created_time":"Wed Mar 15 00:36:18 +0000 2017","lang":"en","displayname":"teresa0136","time_zone":"Quito","msg":"Happy birthday to my grandson Joseph he is 11 years old today it hard to believe he is that old seem like just https//tco/Cuh3OOzhUq"}
{"tweet_id":841810249594097664,"created_unixtime":1489538178238,"created_time":"Wed Mar 15 00:36:18 +0000 2017","lang":"en","displayname":"thetylerraye","time_zone":"","msg":"Happy one week since seeing the legend DUALIPA"}
{"tweet_id":841810249690566660,"created_unixtime":1489538178261,"created_time":"Wed Mar 15 00:36:18 +0000 2017","lang":"en","displayname":"PeakFM","time_zone":"London","msg":"Happy Wednesday You know were officially half way towards the weekend now right Sam x LateShow"}
{"tweet_id":841810250122567680,"created_unixtime":1489538178364,"created_time":"Wed Mar 15 00:36:18 +0000 2017","lang":"en","displayname":"hearteyesrena_","time_zone":"","msg":"my best friends boyfriend got her concert tickets to her favorite singer ahh Im so so happy for her shes so excited"}
{"tweet_id":841810249929625602,"created_unixtime":1489538178318,"created_time":"Wed Mar 15 00:36:18 +0000 2017","lang":"en","displayname":"969MYfm","time_zone":"Central Time (US & Canada)","msg":"Sad Diagnosis for Creator of SpongeBob https//tco/JaiPtviEai"}
{"tweet_id":841810247907864576,"created_unixtime":1489538177836,"created_time":"Wed Mar 15 00:36:17 +0000 2017","lang":"en","displayname":"1desto_","time_zone":"","msg":"Not everybody can do what we do so of course we take pride in it🤷🏽‍♀️💪🏽Happy Wednesday ☀️ https//tco/2a6El8Di1k"}
{"tweet_id":841810249975758848,"created_unixtime":1489538178329,"created_time":"Wed Mar 15 00:36:18 +0000 2017","lang":"en","displayname":"AngieGa01574875","time_zone":"","msg":"RT SoReIatable I hate that I cry out of frustration 95  of the time its not even cause Im sad its that Im so angry I cant control…"}
{"tweet_id":841810250072244224,"created_unixtime":1489538178352,"created_time":"Wed Mar 15 00:36:18 +0000 2017","lang":"en","displayname":"MaryAbrahams","time_zone":"","msg":"RT declothed Someday youre going to meet someone who makes you happy feel beautiful and stands by you even when you feel like you don…"}
{"tweet_id":841810250315517952,"created_unixtime":1489538178410,"created_time":"Wed Mar 15 00:36:18 +0000 2017","lang":"en","displayname":"mastersquills","time_zone":"","msg":"RT SeeTheOtherOne Happy Birthday to one of the masters PiDay 314 alberteinstein_s photo https//tco/2Escd5wDDv"}
{"tweet_id":841810250680393728,"created_unixtime":1489538178497,"created_time":"Wed Mar 15 00:36:18 +0000 2017","lang":"en","displayname":"Larasaleh__","time_zone":"London","msg":"b3yzam happy birthday babe xx"}
{"tweet_id":841810250332270593,"created_unixtime":1489538178414,"created_time":"Wed Mar 15 00:36:18 +0000 2017","lang":"und","displayname":"kabzsho","time_zone":"Casablanca","msg":"🤔🤔🤔🤔🤔 https//tco/FVdulIog4Z"}
{"tweet_id":841810250697191425,"created_unixtime":1489538178501,"created_time":"Wed Mar 15 00:36:18 +0000 2017","lang":"en","displayname":"CaceyMadison","time_zone":"","msg":"RT thelipstickgawd Yall really be mad amp upset with people just because they have good parents who help them out well after theyre out o…"}
{"tweet_id":841810250999111680,"created_unixtime":1489538178573,"created_time":"Wed Mar 15 00:36:18 +0000 2017","lang":"tl","displayname":"SolKiok","time_zone":"Pacific Time (US & Canada)","msg":"RT jaysondmx Yung mga nag hahanap ng FAs ko Eto thread From 2015 to july 2016 reposted nung first Aniv 🙂… "}
{"tweet_id":841810251347238912,"created_unixtime":1489538178656,"created_time":"Wed Mar 15 00:36:18 +0000 2017","lang":"en","displayname":"aliyahhoustonn","time_zone":"","msg":"RT C7ouds The rich forever way dropping this Friday am so happy"}
{"tweet_id":841810251359780864,"created_unixtime":1489538178659,"created_time":"Wed Mar 15 00:36:18 +0000 2017","lang":"ja","displayname":"a1r1s3_a","time_zone":"","msg":"RT oh_satoshi713 やっとTwitter解禁です！大野くんよりのALL担‼︎10年FCでAre you happy参戦しました‼︎嵐ファンの方と繋がりたいです。拡散とともにフォローお願いします！気になった方絡ませていただきます。嵐大… "}
{"tweet_id":841810251133423622,"created_unixtime":1489538178605,"created_time":"Wed Mar 15 00:36:18 +0000 2017","lang":"en","displayname":"lindsay_jones7","time_zone":"","msg":"RT claire_billings Happy to announce I will be running track at su next year w my girl ynahtebemsti   https//tco/wfXuMkpRgw"}
{"tweet_id":841810251347189760,"created_unixtime":1489538178656,"created_time":"Wed Mar 15 00:36:18 +0000 2017","lang":"en","displayname":"mantohihigairu","time_zone":"","msg":"✨🌹🌹🌹🌹🌹✨🌹✨✨🎀✨✨🌹🌹🌟🎁🙆🎁🌟🌹🌹🌟🎁💎🎁🌟🌹🌹🌟🎁💖🎁🌟🌹🌹Happy birthday🌹✨🌹🌹🌹🌹🌹✨k_nk_y"}
{"tweet_id":841810250651062272,"created_unixtime":1489538178490,"created_time":"Wed Mar 15 00:36:18 +0000 2017","lang":"en","displayname":"reaganwalker_9","time_zone":"Central Time (US & Canada)","msg":"Happy birthday carayatess hope you had a great day🎉🎉😊"}
{"tweet_id":841810251368275968,"created_unixtime":1489538178661,"created_time":"Wed Mar 15 00:36:18 +0000 2017","lang":"en","displayname":"IamLizziie","time_zone":"Atlantic Time (Canada)","msg":"Kavi_BossChick GKHanneliusFan cool so happy for him"}
{"tweet_id":841810251431219201,"created_unixtime":1489538178676,"created_time":"Wed Mar 15 00:36:18 +0000 2017","lang":"es","displayname":"valenti01408089","time_zone":"","msg":"RT dannapaola Cumpleaños feliz de mi gemela perdida 😜jiji Happy bday bonita yuyacst 🎉deseo mucho que seas muy feliz y sonrías siempre…"}
{"tweet_id":841810252160942080,"created_unixtime":1489538178850,"created_time":"Wed Mar 15 00:36:18 +0000 2017","lang":"en","displayname":"chiikaahh","time_zone":"Pacific Time (US & Canada)","msg":"RT changjaeftw sungjae said this i wanna feel touched and happy but theyre laughing their ass off isjsjsjsjskjdkd https//tco/50pIpm6tR3"}
{"tweet_id":841810251632500736,"created_unixtime":1489538178724,"created_time":"Wed Mar 15 00:36:18 +0000 2017","lang":"en","displayname":"SupernagatoYT","time_zone":"Bogota","msg":"RT Lightrex_SIF HAPPY BIRTHDAY UMII have 3 Idolized URs of her First girl Ive done this with Not even with MakiLLSIF… "}
{"tweet_id":841810252014182403,"created_unixtime":1489538178815,"created_time":"Wed Mar 15 00:36:18 +0000 2017","lang":"en","displayname":"MIIMDesigns","time_zone":"Eastern Time (US & Canada)","msg":"RT reidhoffman Ive taken the LiveTogether challenge with hadip Happy Persian New Year Pass it on jeffweiner drewhouston… "}
{"tweet_id":841810249883500544,"created_unixtime":1489538178307,"created_time":"Wed Mar 15 00:36:18 +0000 2017","lang":"en","displayname":"ceshanks98","time_zone":"","msg":"This little pumpkin is 17 today Happy Birthday Sis KarlieAnnShanks https//tco/gfkWI6RQhp"}
{"tweet_id":841810252270051328,"created_unixtime":1489538178876,"created_time":"Wed Mar 15 00:36:18 +0000 2017","lang":"en","displayname":"JamesGardin","time_zone":"Central Time (US & Canada)","msg":"ashleylatruly Im happy to hear that"}
{"tweet_id":841810252584611840,"created_unixtime":1489538178951,"created_time":"Wed Mar 15 00:36:18 +0000 2017","lang":"tl","displayname":"maddiehayse","time_zone":"","msg":"hahahahah thanks mariah😂💞 https//tco/Ikitp7MDG0"}
{"tweet_id":841810251930324993,"created_unixtime":1489538178795,"created_time":"Wed Mar 15 00:36:18 +0000 2017","lang":"en","displayname":"stewartashley11","time_zone":"","msg":"Happy birthday luv❤ I hope ur day is amazing🎉🎁 https//tco/aRWQLRiOZz"}
{"tweet_id":841810252995678208,"created_unixtime":1489538179049,"created_time":"Wed Mar 15 00:36:19 +0000 2017","lang":"en","displayname":"ShaniaLiarLiar","time_zone":"Pacific Time (US & Canada)","msg":"RT JemiahMB Im so happy The joy from the Lord is so fulfilling My life may not be the way I want it to be but Im definitely where Go…"}
{"tweet_id":841810252920102912,"created_unixtime":1489538179031,"created_time":"Wed Mar 15 00:36:19 +0000 2017","lang":"en","displayname":"licelbiscocho_","time_zone":"Urumqi","msg":"babesssssss 💘 https//tco/iLU64mXDyL"}
{"tweet_id":841810253406593025,"created_unixtime":1489538179147,"created_time":"Wed Mar 15 00:36:19 +0000 2017","lang":"en","displayname":"adrian_butler12","time_zone":"","msg":"RT richthekid Focus on what makes you happy"}
{"tweet_id":841810253423362049,"created_unixtime":1489538179151,"created_time":"Wed Mar 15 00:36:19 +0000 2017","lang":"en","displayname":"GridleyTessa","time_zone":"","msg":"luke_achoo happy birthday luke 🎉"}
{"tweet_id":841810253616300033,"created_unixtime":1489538179197,"created_time":"Wed Mar 15 00:36:19 +0000 2017","lang":"en","displayname":"dessoriano","time_zone":"Pacific Time (US & Canada)","msg":"RT JadinePublicist Happy 3rd Year Anniversary JaDines Stay Strong 2014 • 2015 • 2016 • 2017 Salamat Ive learned a lot 😘LetOurPu…"}
{"tweet_id":841810252467212292,"created_unixtime":1489538178923,"created_time":"Wed Mar 15 00:36:18 +0000 2017","lang":"en","displayname":"emilyy_gordonn","time_zone":"","msg":"RT _leahhazelwood Happy birthday emilyy_gordonn  I hope you and Ollie have an equally awesome day🚗🎉"}
{"tweet_id":841810253155078145,"created_unixtime":1489538179087,"created_time":"Wed Mar 15 00:36:19 +0000 2017","lang":"en","displayname":"britni_morgan","time_zone":"","msg":"RT ceciley_carina OMFG BRIT ALWAYS MAKES ME SOOOOOO HAPPY ❤️💜💚💙💛 https//tco/TgK48UkFrs"}
{"tweet_id":841810253633077250,"created_unixtime":1489538179201,"created_time":"Wed Mar 15 00:36:19 +0000 2017","lang":"en","displayname":"IshaniVerma_","time_zone":"","msg":"RT pinkvilla HAPPY BIRTHDAY ALIA BHATT aliaa08s journey from a star kid to winning the Best Actor Award is incredible https//tco/Cs0…"}
{"tweet_id":841810253285097472,"created_unixtime":1489538179118,"created_time":"Wed Mar 15 00:36:19 +0000 2017","lang":"en","displayname":"namjwams","time_zone":"Mid-Atlantic","msg":"RT efacnafstb HAPPY WHITE DAY TO ARMY https//tco/HCDVGui0nY"}
{"tweet_id":841810253805060100,"created_unixtime":1489538179242,"created_time":"Wed Mar 15 00:36:19 +0000 2017","lang":"ja","displayname":"raguna1192","time_zone":"Tokyo","msg":"RT mato21010213 海未ちゃんHappy Birthday！！穂乃果とことりとずっと一緒にいられますよーに。園田海未生誕祭2017 RTした人全員フォローする 3月15日は園田海未の誕生日 ラブライバーと繋がりたい… "}
{"tweet_id":841810253658316800,"created_unixtime":1489538179207,"created_time":"Wed Mar 15 00:36:19 +0000 2017","lang":"en","displayname":"LindsayOrganize","time_zone":"Pacific Time (US & Canada)","msg":"Yes A really amazing dessert that turns out exactly like the photos in the recipe  gno AvoHappiness… https//tco/aFb0Fm1x30"}
{"tweet_id":841810254371393537,"created_unixtime":1489538179377,"created_time":"Wed Mar 15 00:36:19 +0000 2017","lang":"en","displayname":"YuaXIII","time_zone":"Madrid","msg":"RT ringelrei please I want them to be happy https//tco/mMMS2L9zbw"}
{"tweet_id":841810254568472576,"created_unixtime":1489538179424,"created_time":"Wed Mar 15 00:36:19 +0000 2017","lang":"ja","displayname":"kuro2_kaori","time_zone":"","msg":"RT tsukiuta1 ☆Happy White Day①☆始「いつも応援ありがとう」春「俺たちから胸いっぱいの愛と感謝を♪」※DLOK※壁紙などマナーを守って使ってくださいね https//tco/SEVeCueeuP"}
{"tweet_id":841810254719459329,"created_unixtime":1489538179460,"created_time":"Wed Mar 15 00:36:19 +0000 2017","lang":"ja","displayname":"lovelive0011","time_zone":"","msg":"RT shizu_0426 Happy Birthday 海未ちゃん！おめでとう！海未ちゃんがラブライブを好きになるきっかけでした！！ラブアローシュート💕園田海未生誕祭 園田海未生誕祭2017 海未ちゃん推しはRT… "}
{"tweet_id":841810254346260481,"created_unixtime":1489538179371,"created_time":"Wed Mar 15 00:36:19 +0000 2017","lang":"en","displayname":"Clearskies68","time_zone":"","msg":"RT BornFreeUSA Sad photos show how wild dolphins are shipped to marine parks When you visit these parks you support cruelty… "}
{"tweet_id":841810254744702976,"created_unixtime":1489538179466,"created_time":"Wed Mar 15 00:36:19 +0000 2017","lang":"en","displayname":"liseve91","time_zone":"","msg":"FelicityJones__ could you wish my best friend AlonaDanger a very happy birthday"}
{"tweet_id":841810255201898496,"created_unixtime":1489538179575,"created_time":"Wed Mar 15 00:36:19 +0000 2017","lang":"en","displayname":"eugeneedelro","time_zone":"Central Time (US & Canada)","msg":"Hahah tinkerbell😝 Thanks ate rache Miss u guys tooo💖😩💜 https//tco/FIdNyPExxs"}
{"tweet_id":841810254325252096,"created_unixtime":1489538179366,"created_time":"Wed Mar 15 00:36:19 +0000 2017","lang":"en","displayname":"SydneyCollins10","time_zone":"","msg":"Hi find new girl and be happy  https//tco/810S6i69xl https//tco/7FIR3eLgMW"}
{"tweet_id":841810255440941056,"created_unixtime":1489538179632,"created_time":"Wed Mar 15 00:36:19 +0000 2017","lang":"en","displayname":"DCdummy","time_zone":"Central Time (US & Canada)","msg":"RT D_Deji28 Do you guys know why he was killed A girl lied that he raped her and her brother shot him dead https//tco/IWDVDZp3rz"}
{"tweet_id":841810255658942464,"created_unixtime":1489538179684,"created_time":"Wed Mar 15 00:36:19 +0000 2017","lang":"en","displayname":"luisgromero9","time_zone":"","msg":"RT BillNye Happy 314 Day peoples"}
{"tweet_id":841810256506302465,"created_unixtime":1489538179886,"created_time":"Wed Mar 15 00:36:19 +0000 2017","lang":"en","displayname":"Stenoke","time_zone":"Pacific Time (US & Canada)","msg":"RT SouthPark Professor Chaos bringer of destruction and doomand pie Happy Pi Day PiDay https//tco/N1odqnjueT"}
{"tweet_id":841810252576169989,"created_unixtime":1489538178949,"created_time":"Wed Mar 15 00:36:18 +0000 2017","lang":"en","displayname":"oliviamarcc","time_zone":"","msg":"happy birthday to my soul sister love u and ur memes https//tco/FmPacC0ogP"}
{"tweet_id":841810257118560256,"created_unixtime":1489538180032,"created_time":"Wed Mar 15 00:36:20 +0000 2017","lang":"en","displayname":"IndycarPs4","time_zone":"","msg":"Honestly not as bad as when i first saw it but still sad they got rid of the old colors still going to rep my force india polo from last yr"}
{"tweet_id":841810256804089856,"created_unixtime":1489538179957,"created_time":"Wed Mar 15 00:36:19 +0000 2017","lang":"en","displayname":"Lil_Cangs","time_zone":"Central Time (US & Canada)","msg":"Happy Birthday brother FlemingYoung"}
{"tweet_id":841810257072558080,"created_unixtime":1489538180021,"created_time":"Wed Mar 15 00:36:20 +0000 2017","lang":"en","displayname":"BoX_OfHOLES","time_zone":"Central Time (US & Canada)","msg":"Wally looks so sad"}
{"tweet_id":841810257093439488,"created_unixtime":1489538180026,"created_time":"Wed Mar 15 00:36:20 +0000 2017","lang":"en","displayname":"AnthonyZarate10","time_zone":"","msg":"RT HYPEBEAST Happy Birthday Steph 🍾 https//tco/N0t5c1aSwY"}
{"tweet_id":841810256464355328,"created_unixtime":1489538179876,"created_time":"Wed Mar 15 00:36:19 +0000 2017","lang":"en","displayname":"tfasm","time_zone":"Pacific Time (US & Canada)","msg":"RT uprun4life Happy Pi Day Are you looking for a low calorie pie to celebrate Try this fun pie dessert… https//tco/KNSyMrV1ny"}
{"tweet_id":841810256594407428,"created_unixtime":1489538179907,"created_time":"Wed Mar 15 00:36:19 +0000 2017","lang":"en","displayname":"anidalaa","time_zone":"Pacific Time (US & Canada)","msg":"RT anakinskywx anidalaa HAPPY BIRTHDAY BOO💞"}
{"tweet_id":841810257244499969,"created_unixtime":1489538180062,"created_time":"Wed Mar 15 00:36:20 +0000 2017","lang":"en","displayname":"Theprinceofaz","time_zone":"Arizona","msg":"RT JayZClassicBars My squad and me / lack of respect for authority laughin hard / Happy to be escapin povertyhowever brief https…"}
{"tweet_id":841810256715890689,"created_unixtime":1489538179936,"created_time":"Wed Mar 15 00:36:19 +0000 2017","lang":"und","displayname":"ryrycajilig","time_zone":"Beijing","msg":"Sending yall some good vibes fellas Happy Wednesday Guten Mittwoch Счастливой среды https//tco/dmBwIbczGs"}
{"tweet_id":841810256493699072,"created_unixtime":1489538179883,"created_time":"Wed Mar 15 00:36:19 +0000 2017","lang":"en","displayname":"MickNevin63","time_zone":"","msg":"RT MMaryMcKenna I like this one of DanMulhall Greta amp Ardal IrelandEmbGB Happy StPatricksDay friends  ☘💚☘ https//tco/CNHPoVbE6M"}
{"tweet_id":841810257844289537,"created_unixtime":1489538180205,"created_time":"Wed Mar 15 00:36:20 +0000 2017","lang":"en","displayname":"DaltonPakkala","time_zone":"","msg":"LexusTatge happy bday Lexus Hope you had a great day 😌"}
{"tweet_id":841810258033029120,"created_unixtime":1489538180250,"created_time":"Wed Mar 15 00:36:20 +0000 2017","lang":"en","displayname":"marshawnwisee","time_zone":"","msg":"Shes more doper when shes happy 😊"}
{"tweet_id":841810257764581376,"created_unixtime":1489538180186,"created_time":"Wed Mar 15 00:36:20 +0000 2017","lang":"en","displayname":"genofsavings","time_zone":"Central Time (US & Canada)","msg":"RT MomItForward Q6 DOES FOOD MAKE YOU HAPPY WHAT DISHES MAKE YOU THE HAPPIEST AvoHappiness GNO PLS RT"}
{"tweet_id":841810258456657920,"created_unixtime":1489538180351,"created_time":"Wed Mar 15 00:36:20 +0000 2017","lang":"en","displayname":"gicaxxx","time_zone":"","msg":"my main focus is to better myself be successful and be happy so if you arent contributing to that then i dont need you in my life"}
{"tweet_id":841810258620170240,"created_unixtime":1489538180390,"created_time":"Wed Mar 15 00:36:20 +0000 2017","lang":"en","displayname":"purplefiji","time_zone":"Arizona","msg":"RT kanyefeeI its sad to see a good person change"}
{"tweet_id":841810258666377217,"created_unixtime":1489538180401,"created_time":"Wed Mar 15 00:36:20 +0000 2017","lang":"en","displayname":"Dan_Coles","time_zone":"Pacific Time (US & Canada)","msg":"RT NASA Happy Pi Day Celebrate with our PiDay Challenge featuring math problems we must solve to explore space… "}
{"tweet_id":841810256548253696,"created_unixtime":1489538179896,"created_time":"Wed Mar 15 00:36:19 +0000 2017","lang":"en","displayname":"ohnojohanna","time_zone":"","msg":"sad days sad music"}
{"tweet_id":841810258922205184,"created_unixtime":1489538180462,"created_time":"Wed Mar 15 00:36:20 +0000 2017","lang":"en","displayname":"odouglass11","time_zone":"Eastern Time (US & Canada)","msg":"RT MomItForward Q6 DOES FOOD MAKE YOU HAPPY WHAT DISHES MAKE YOU THE HAPPIEST AvoHappiness GNO PLS RT"}
{"tweet_id":841810259618500608,"created_unixtime":1489538180628,"created_time":"Wed Mar 15 00:36:20 +0000 2017","lang":"en","displayname":"martinolsson7","time_zone":"London","msg":"RT OxfordEdMaths Happy InternationalWomensDay Mathematician Ada Lovelace is often considered to be the first computer programmer https/…"}
{"tweet_id":841810259568128000,"created_unixtime":1489538180616,"created_time":"Wed Mar 15 00:36:20 +0000 2017","lang":"en","displayname":"cck0675","time_zone":"Eastern Time (US & Canada)","msg":"RT CNN Sen Schumer on CBO report Do facts matter anymore to our colleagues to the President Does truth matter Sad a… "}
{"tweet_id":841810259903569920,"created_unixtime":1489538180696,"created_time":"Wed Mar 15 00:36:20 +0000 2017","lang":"en","displayname":"GoodremInspired","time_zone":"","msg":"AngelakateluvsD happy birthday lovely hope you have an incredible day ❤❤❤"}
{"tweet_id":841810259832406016,"created_unixtime":1489538180679,"created_time":"Wed Mar 15 00:36:20 +0000 2017","lang":"en","displayname":"laracska89","time_zone":"","msg":"RT TheDoctorPuppet Happy piday doctorwho petercapaldi pearlmackie billpotts pie https//tco/2KayNRsZ8t"}
{"tweet_id":841810260339896320,"created_unixtime":1489538180800,"created_time":"Wed Mar 15 00:36:20 +0000 2017","lang":"en","displayname":"fools_garden04","time_zone":"Eastern Time (US & Canada)","msg":"RT sosarika Love is not about sex going on fancy dates or showing off Its about being with a person who makes you happy in a way nobo…"}
{"tweet_id":841810259500924928,"created_unixtime":1489538180600,"created_time":"Wed Mar 15 00:36:20 +0000 2017","lang":"en","displayname":"sweetsquirts21","time_zone":"","msg":"Ill start by saying Im not happy with twitter right now but bygones be bygones Heres a photo from last week wh… https//tco/BylrAwulRY"}
{"tweet_id":841810260474101760,"created_unixtime":1489538180832,"created_time":"Wed Mar 15 00:36:20 +0000 2017","lang":"en","displayname":"Phattys_TL","time_zone":"Central Time (US & Canada)","msg":"RT Yas_thisyas_tht Im so happy they put the Cosby show back on air  I live for old sitcoms"}
{"tweet_id":841810260553785344,"created_unixtime":1489538180851,"created_time":"Wed Mar 15 00:36:20 +0000 2017","lang":"en","displayname":"disnalldat","time_zone":"Tokyo","msg":"omsports42 OffHiatusBBC I think the closest I came to feeling sad over a song is because Im sad the song exists Does that count Tony"}
{"tweet_id":841810260872560641,"created_unixtime":1489538180927,"created_time":"Wed Mar 15 00:36:20 +0000 2017","lang":"en","displayname":"bajanvincygyal","time_zone":"Quito","msg":"RT ChrisxLondon fuck with someone who wants to see you happy and wants to be that reason"}
{"tweet_id":841810260893564929,"created_unixtime":1489538180932,"created_time":"Wed Mar 15 00:36:20 +0000 2017","lang":"en","displayname":"hannaedwsn","time_zone":"","msg":"rachelhlb happy birthday rachi💕"}
{"tweet_id":841810260998381568,"created_unixtime":1489538180957,"created_time":"Wed Mar 15 00:36:20 +0000 2017","lang":"en","displayname":"BfdRenegade","time_zone":"Casablanca","msg":"RT tonyposnanski Sad that the Deplorables who hate the word pssy being said out loudAre the same one that dont mind Trump grabbing…"}
{"tweet_id":841810261417771008,"created_unixtime":1489538181057,"created_time":"Wed Mar 15 00:36:21 +0000 2017","lang":"en","displayname":"srinualme","time_zone":"","msg":"RT JorgeOfitas analons FJ_Bering MarcioFreudenb1 srinualme heroldbarton discountsgyan AAPKAyozzzzz masaoota Thanks Happy Tuesday"}
{"tweet_id":841810260411219968,"created_unixtime":1489538180817,"created_time":"Wed Mar 15 00:36:20 +0000 2017","lang":"en","displayname":"aaron_bolton_","time_zone":"","msg":"RT Stormzy1 Do what makes you happy mate"}
{"tweet_id":841810261036175360,"created_unixtime":1489538180966,"created_time":"Wed Mar 15 00:36:20 +0000 2017","lang":"en","displayname":"ImaniZairee","time_zone":"Quito","msg":"RT preaching my main focus is to better myself be successful and be happy so if you arent contributing to that then i dont need you i…"}
{"tweet_id":841810261333889026,"created_unixtime":1489538181037,"created_time":"Wed Mar 15 00:36:21 +0000 2017","lang":"ja","displayname":"kodai7871","time_zone":"","msg":"RT HQ2as 海未ちゃんHappy Birthday🎉🎉🎉園田海未生誕祭2017 3月15日は園田海未の誕生日 ラブライバーと繋がりたい RTした人全員フォローする https//tco/PRk8XRzeae"}
{"tweet_id":841810261145227264,"created_unixtime":1489538180992,"created_time":"Wed Mar 15 00:36:20 +0000 2017","lang":"en","displayname":"shizuosbutt","time_zone":"","msg":"Im staying up till 12 just to wish myself a happy birthday"}
{"tweet_id":841810261770096640,"created_unixtime":1489538181141,"created_time":"Wed Mar 15 00:36:21 +0000 2017","lang":"en","displayname":"haroldjkurt","time_zone":"","msg":"Mvt31M  MyVideoTalk is dead You still looking I am with the company MVT tried to copy Happy to share information if asked to do so"}
{"tweet_id":841810261858242561,"created_unixtime":1489538181162,"created_time":"Wed Mar 15 00:36:21 +0000 2017","lang":"en","displayname":"__HoneyBoss","time_zone":"Central Time (US & Canada)","msg":"RT eplymp the best feeling is being happy with your current situation AND having future things to look forward to and goals to accomplis…"}
{"tweet_id":841810261656903681,"created_unixtime":1489538181114,"created_time":"Wed Mar 15 00:36:21 +0000 2017","lang":"en","displayname":"funkymongeau","time_zone":"","msg":"why is this pic so freakin cute omg https//tco/ZhGV7Qx6HC"}
{"tweet_id":841810262340571136,"created_unixtime":1489538181277,"created_time":"Wed Mar 15 00:36:21 +0000 2017","lang":"en","displayname":"Dmurry_34","time_zone":"Eastern Time (US & Canada)","msg":"RT D_Deji28 Do you guys know why he was killed A girl lied that he raped her and her brother shot him dead https//tco/IWDVDZp3rz"}
{"tweet_id":841810262390853632,"created_unixtime":1489538181289,"created_time":"Wed Mar 15 00:36:21 +0000 2017","lang":"ja","displayname":"runa_tyomu72","time_zone":"","msg":"RT akane1205basket 海未ちゃん💙Happy Birthday🎂ラブアローシュート👼💗園田海未生誕祭2017 ラブライブ RTした人全員フォローする https//tco/EwXI34Lhtd"}
{"tweet_id":841810262390919168,"created_unixtime":1489538181289,"created_time":"Wed Mar 15 00:36:21 +0000 2017","lang":"en","displayname":"WWERetweeting","time_zone":"Eastern Time (US & Canada)","msg":"If youre happy to see The Miz RT this SDLive WWERetweeting wwe"}
{"tweet_id":841810262642565121,"created_unixtime":1489538181349,"created_time":"Wed Mar 15 00:36:21 +0000 2017","lang":"en","displayname":"bIueguitar","time_zone":"Brasilia","msg":"SherriSaum1 a thing about Stef that you love with all your heart thefosterschat THANK U FOR SAYING HI TO MY GIRL SHES SO HAPPY ilysm"}
{"tweet_id":841810262768422912,"created_unixtime":1489538181379,"created_time":"Wed Mar 15 00:36:21 +0000 2017","lang":"en","displayname":"MichelleHechter","time_zone":"","msg":"calpoligirl ur the sweetest and loveliest person ever dont be sad 💔"}
{"tweet_id":841810263628210176,"created_unixtime":1489538181584,"created_time":"Wed Mar 15 00:36:21 +0000 2017","lang":"en","displayname":"hobiangel","time_zone":"Central Time (US & Canada)","msg":"RT minseokpics hehe he got so happy when he got a compliment https//tco/oIf2WibVwe"}
{"tweet_id":841810259060617218,"created_unixtime":1489538180495,"created_time":"Wed Mar 15 00:36:20 +0000 2017","lang":"en","displayname":"RominaJ2002","time_zone":"","msg":"Rubeooh happy birthday to you happy birthday to you happy birthday Ian happy birthday to you I hope you had a beau… https//tco/ET3tSKWZPR"}
{"tweet_id":841810263816962049,"created_unixtime":1489538181629,"created_time":"Wed Mar 15 00:36:21 +0000 2017","lang":"en","displayname":"Aadriana_Aubrey","time_zone":"Atlantic Time (Canada)","msg":"RT __StayHumbled Be with who makes you happy amp teach you something different  its never about what they have 😌"}
{"tweet_id":841810264123105281,"created_unixtime":1489538181702,"created_time":"Wed Mar 15 00:36:21 +0000 2017","lang":"ja","displayname":"qEKvjavZW39iIbW","time_zone":"","msg":"RT BELCORNO ラテアート【園田海未】＠ラブライブ！LatteArt【Umi Sonoda】＠ Love Live本日お誕生日で一杯。Happy Birthday作成動画：https//tco/M7aP8M7SKK… "}
{"tweet_id":841810263636643840,"created_unixtime":1489538181586,"created_time":"Wed Mar 15 00:36:21 +0000 2017","lang":"en","displayname":"Snapback","time_zone":"Eastern Time (US & Canada)","msg":"0x2Trojan this is so sad"}
{"tweet_id":841810264198676480,"created_unixtime":1489538181720,"created_time":"Wed Mar 15 00:36:21 +0000 2017","lang":"en","displayname":"lctinamami","time_zone":"Central Time (US & Canada)","msg":"RT badgalvicks These kind of sweet unexpected texts can make a Vicky happy ❣️ https//tco/kKDL1MH2E8"}
{"tweet_id":841810263846326272,"created_unixtime":1489538181636,"created_time":"Wed Mar 15 00:36:21 +0000 2017","lang":"en","displayname":"nativegalamber","time_zone":"Central Time (US & Canada)","msg":"Awe omg 😭😭😍😍 this made me sadshe sound like my great grandma too https//tco/hDXy2sRrzh"}
{"tweet_id":841810263997313028,"created_unixtime":1489538181672,"created_time":"Wed Mar 15 00:36:21 +0000 2017","lang":"en","displayname":"BashitwaFilm","time_zone":"","msg":"Fantastic Thabang You rock I will email the book right now Happy Reading And I will also read your blog as well https//tco/NYLTUiPbys"}
{"tweet_id":841810264638935041,"created_unixtime":1489538181825,"created_time":"Wed Mar 15 00:36:21 +0000 2017","lang":"en","displayname":"rohitarora218","time_zone":"","msg":"RT Gurmeetramrahim MSGwishing all a Happy International Women’s Day May all the daughters prosper amp be blessed with lots of courage O…"}
{"tweet_id":841810264848662529,"created_unixtime":1489538181875,"created_time":"Wed Mar 15 00:36:21 +0000 2017","lang":"en","displayname":"Biankarle","time_zone":"Caracas","msg":"RT lingerie_addict In an industry thats all to happy to discard women once they reach the age of 25 campaigns like this are necessary… "}
{"tweet_id":841810264869736449,"created_unixtime":1489538181880,"created_time":"Wed Mar 15 00:36:21 +0000 2017","lang":"en","displayname":"allieblaineee","time_zone":"Hawaii","msg":"RT AdorabIeAnimal THIS JUST MADE ME SO HAPPY https//tco/AsV7FQnJoN"}
{"tweet_id":841810264269963265,"created_unixtime":1489538181737,"created_time":"Wed Mar 15 00:36:21 +0000 2017","lang":"en","displayname":"MeganApplegat","time_zone":"","msg":"RT lindsay_yurick happy birthday meg💗💗💗 love u to pieces MeganApplegat https//tco/Svd7cuZ75S"}
{"tweet_id":841810264496439296,"created_unixtime":1489538181791,"created_time":"Wed Mar 15 00:36:21 +0000 2017","lang":"en","displayname":"josalg_","time_zone":"","msg":"All of my friends are cute I love them all and wish theyre always happy"}
{"tweet_id":841810265247227905,"created_unixtime":1489538181970,"created_time":"Wed Mar 15 00:36:21 +0000 2017","lang":"en","displayname":"BurchamDena","time_zone":"","msg":"RT KazeSkyz This stunt by Rachel Maddow is just a sad attempt to beat TuckerCarlson in the ratings  Im not falling for her clickbait…"}
{"tweet_id":841810265360367617,"created_unixtime":1489538181997,"created_time":"Wed Mar 15 00:36:21 +0000 2017","lang":"ja","displayname":"bambi_of_pink","time_zone":"","msg":"RT shamakho_works 海未ちゃん描きました。happy birthday🎉lovelive園田海未生誕祭2017 3月15日は園田海未の誕生日 https//tco/haJCpEMlak"}
{"tweet_id":841810265045905411,"created_unixtime":1489538181922,"created_time":"Wed Mar 15 00:36:21 +0000 2017","lang":"en","displayname":"rodneyblade11","time_zone":"","msg":"RT richthekid Focus on what makes you happy"}
{"tweet_id":841810265259814912,"created_unixtime":1489538181973,"created_time":"Wed Mar 15 00:36:21 +0000 2017","lang":"en","displayname":"sugusplanet","time_zone":"Madrid","msg":"me han dado clase s con sona guess whos happy"}
{"tweet_id":841810265406545921,"created_unixtime":1489538182008,"created_time":"Wed Mar 15 00:36:22 +0000 2017","lang":"en","displayname":"lauren14_xx","time_zone":"","msg":"Thanks jess miss you too ❤️😘 https//tco/XK1Saju5zC"}
{"tweet_id":841810265624666113,"created_unixtime":1489538182060,"created_time":"Wed Mar 15 00:36:22 +0000 2017","lang":"en","displayname":"ishipthiss","time_zone":"Pacific Time (US & Canada)","msg":"Wally hes so sad 😞 TheFlash"}
{"tweet_id":841810265658204160,"created_unixtime":1489538182068,"created_time":"Wed Mar 15 00:36:22 +0000 2017","lang":"ja","displayname":"EchigoNamba48","time_zone":"","msg":"RT mame_ngt48_mame れなぽんHappy Birthday∇/ﾟ･【祝】･ﾟ＼∇映画も楽しみにしてるね！長谷川玲奈生誕祭NGT48 https//tco/vIe6UqAMNF"}
{"tweet_id":841810265767329792,"created_unixtime":1489538182094,"created_time":"Wed Mar 15 00:36:22 +0000 2017","lang":"en","displayname":"ImShivering","time_zone":"Quito","msg":"RT D_Deji28 Do you guys know why he was killed A girl lied that he raped her and her brother shot him dead https//tco/IWDVDZp3rz"}
{"tweet_id":841810266169913345,"created_unixtime":1489538182190,"created_time":"Wed Mar 15 00:36:22 +0000 2017","lang":"ja","displayname":"sumireqryuo","time_zone":"","msg":"ヽ´□｀。ﾉ･ﾟ  100リフォローします。refollowjp happy picoftheday photooftheday"}
{"tweet_id":841810265868013568,"created_unixtime":1489538182118,"created_time":"Wed Mar 15 00:36:22 +0000 2017","lang":"en","displayname":"quanthealing","time_zone":"Pacific Time (US & Canada)","msg":"johncusack so thoughtfully and beautifully done Very moving and so great that Brians happy now"}
{"tweet_id":841810265964478464,"created_unixtime":1489538182141,"created_time":"Wed Mar 15 00:36:22 +0000 2017","lang":"en","displayname":"ShelbyGrace0343","time_zone":"Arizona","msg":"RT soIute sometimes the best way to be happy is to learn to let go of things you tried hard to hold on to that are no longer good for you"}
{"tweet_id":841810265700212737,"created_unixtime":1489538182078,"created_time":"Wed Mar 15 00:36:22 +0000 2017","lang":"en","displayname":"mirandaholizna","time_zone":"Quito","msg":"RT SN_Ohio Happy birthday StephenCurry30 heres a compilation video https//tco/JmYjJXLt65"}
{"tweet_id":841810266476101632,"created_unixtime":1489538182263,"created_time":"Wed Mar 15 00:36:22 +0000 2017","lang":"en","displayname":"annkatniel","time_zone":"","msg":"RT hrhpwdrblu Yung song na Cant Help Falling In Love bagay na bagay talaga sa KNs and KN Happy hump day everyone CHFILTeaserLaunch"}
{"tweet_id":841810266295812098,"created_unixtime":1489538182220,"created_time":"Wed Mar 15 00:36:22 +0000 2017","lang":"en","displayname":"VDRP__","time_zone":"Hawaii","msg":"RT __prettyAkia Just wanna make him happy and be the best thing that ever happened to him✨"}
{"tweet_id":841810265826025473,"created_unixtime":1489538182108,"created_time":"Wed Mar 15 00:36:22 +0000 2017","lang":"en","displayname":"Lulubaby1230","time_zone":"","msg":"RT RealJack Its sad but hilarious how the mainstream media thinks plastering antiTrump BS all over is going to stop him Every headline…"}
{"tweet_id":841810266157395968,"created_unixtime":1489538182187,"created_time":"Wed Mar 15 00:36:22 +0000 2017","lang":"en","displayname":"giraffe_sama","time_zone":"Pacific Time (US & Canada)","msg":"RT melonami happy belated birthday to a wonderful friend lance tries his best lt3 completelycathy https//tco/5uKsSElRfo"}
{"tweet_id":841810266295812098,"created_unixtime":1489538182220,"created_time":"Wed Mar 15 00:36:22 +0000 2017","lang":"en","displayname":"VDRP__","time_zone":"Hawaii","msg":"RT __prettyAkia Just wanna make him happy and be the best thing that ever happened to him✨"}
{"tweet_id":841810265209470978,"created_unixtime":1489538181961,"created_time":"Wed Mar 15 00:36:21 +0000 2017","lang":"en","displayname":"tristannraineyy","time_zone":"","msg":"RT _kaejae3 happy birthday baby 😘 tristannraineyy"}
{"tweet_id":841810265607938049,"created_unixtime":1489538182056,"created_time":"Wed Mar 15 00:36:22 +0000 2017","lang":"en","displayname":"manngurleen","time_zone":"Eastern Time (US & Canada)","msg":"RT Gurmeetramrahim MSGwishesToArmedForces Jai Hind amp Happy Holi to the courageous Armed Forces who valiantly defend the honor of our… "}
{"tweet_id":841810266438397952,"created_unixtime":1489538182254,"created_time":"Wed Mar 15 00:36:22 +0000 2017","lang":"en","displayname":"MercFansUnite","time_zone":"Central Time (US & Canada)","msg":"Happy Birthday Mercedes"}
{"tweet_id":841810266249695232,"created_unixtime":1489538182209,"created_time":"Wed Mar 15 00:36:22 +0000 2017","lang":"en","displayname":"Mrs_Came_LHS","time_zone":"Eastern Time (US & Canada)","msg":"RT Mr_Came_LHS Happy piday YumThanks Amyn1991 https//tco/G5K8yhYjhE"}
{"tweet_id":841810266585194497,"created_unixtime":1489538182289,"created_time":"Wed Mar 15 00:36:22 +0000 2017","lang":"en","displayname":"emilyykatee","time_zone":"","msg":"RT ThRealBallsDeep walks into breakroomCoworkerHappy Pi Day MikeMe middle fingers Eat shit and die Carl"}
{"tweet_id":841810265503031297,"created_unixtime":1489538182031,"created_time":"Wed Mar 15 00:36:22 +0000 2017","lang":"en","displayname":"DobsonSienna","time_zone":"","msg":"happy bday 🎉 thanks for always annoying me yet making me happier everytime we talk ❤️ https//tco/YZdS5TDmDt"}
{"tweet_id":841810266018975744,"created_unixtime":1489538182154,"created_time":"Wed Mar 15 00:36:22 +0000 2017","lang":"en","displayname":"WeinfeldRuth","time_zone":"","msg":"RT RoseAnnDeMoro Happy Pi Day PiDay resist https//tco/WtRwHPsSL2"}
{"tweet_id":841810267277152256,"created_unixtime":1489538182454,"created_time":"Wed Mar 15 00:36:22 +0000 2017","lang":"en","displayname":"wensyfq","time_zone":"Beijing","msg":"RT ohteenquotes Spend life with who makes you happy not with who you have to impress"}
{"tweet_id":841810266782330881,"created_unixtime":1489538182336,"created_time":"Wed Mar 15 00:36:22 +0000 2017","lang":"en","displayname":"LynnShawProd","time_zone":"Eastern Time (US & Canada)","msg":"RT animanicast Happy Pi Day yakkopinky MAURICELAMARCHE Animaniacs PinkyandtheBrain PiDay https//tco/CfnpAs3fvl"}
{"tweet_id":841810267235323904,"created_unixtime":1489538182444,"created_time":"Wed Mar 15 00:36:22 +0000 2017","lang":"en","displayname":"CarolynTunks","time_zone":"","msg":"RT seincast Happy PiDay seinfeld https//tco/Ub0wDjXrVw"}
{"tweet_id":841810267910549504,"created_unixtime":1489538182605,"created_time":"Wed Mar 15 00:36:22 +0000 2017","lang":"en","displayname":"deal_yuh","time_zone":"","msg":"RT poemsandthongs im beautiful and so worthy and its ok that im sad right now"}
{"tweet_id":841810267386318849,"created_unixtime":1489538182480,"created_time":"Wed Mar 15 00:36:22 +0000 2017","lang":"en","displayname":"Im_a_BELLiever","time_zone":"Atlantic Time (Canada)","msg":"RT hidden saying im tired when youre actually sad"}
{"tweet_id":841810268225126400,"created_unixtime":1489538182680,"created_time":"Wed Mar 15 00:36:22 +0000 2017","lang":"en","displayname":"puriayusundari","time_zone":"Arizona","msg":"RT ILLUMlNATI Just be happy Be who you wanna be If others dont like it then let them be Happiness is a choice Life isnt about plea…"}
{"tweet_id":841810268283797505,"created_unixtime":1489538182694,"created_time":"Wed Mar 15 00:36:22 +0000 2017","lang":"en","displayname":"jus_trynahelp","time_zone":"","msg":"chadwildclay you two are the cutest sweetest people ever Happy PiDay 🍕🍕"}
{"tweet_id":841810266870370308,"created_unixtime":1489538182357,"created_time":"Wed Mar 15 00:36:22 +0000 2017","lang":"tl","displayname":"Krizant0","time_zone":"","msg":"HAPPY ARAW NG DAVAO  HAND  HappyArawNgDavao ArawNgDavao2017 80thArawNgDavao HAND2017 Senyora MochaUson… https//tco/DPFEmuiu2F"}
{"tweet_id":841810268816568320,"created_unixtime":1489538182821,"created_time":"Wed Mar 15 00:36:22 +0000 2017","lang":"en","displayname":"chriscorbo_714","time_zone":"","msg":"RT LexBerndt FYI Theres a difference between being sad and being depressed"}
{"tweet_id":841810268254539777,"created_unixtime":1489538182687,"created_time":"Wed Mar 15 00:36:22 +0000 2017","lang":"en","displayname":"ryannnshively","time_zone":"Pacific Time (US & Canada)","msg":"ALL OF THESE PROMPOSALS MAKE ME SO HAPPY"}
{"tweet_id":841810268363583492,"created_unixtime":1489538182713,"created_time":"Wed Mar 15 00:36:22 +0000 2017","lang":"en","displayname":"RS_9jaBeauty","time_zone":"Central Time (US & Canada)","msg":"RT D_Deji28 Do you guys know why he was killed A girl lied that he raped her and her brother shot him dead https//tco/IWDVDZp3rz"}
{"tweet_id":841810268799827970,"created_unixtime":1489538182817,"created_time":"Wed Mar 15 00:36:22 +0000 2017","lang":"en","displayname":"WeH8Smalls","time_zone":"Atlantic Time (Canada)","msg":"Happy birthday slightbeats"}
{"tweet_id":841810269340811264,"created_unixtime":1489538182946,"created_time":"Wed Mar 15 00:36:22 +0000 2017","lang":"en","displayname":"naddieootd","time_zone":"","msg":"MirandaVeron LGLYNY Happy birthday 💐💜"}
{"tweet_id":841810269131182081,"created_unixtime":1489538182896,"created_time":"Wed Mar 15 00:36:22 +0000 2017","lang":"en","displayname":"NaseemSi_","time_zone":"Arizona","msg":"TRY TO BE COOL/HAPPY PERSON"}
{"tweet_id":841810267814154240,"created_unixtime":1489538182582,"created_time":"Wed Mar 15 00:36:22 +0000 2017","lang":"en","displayname":"mayaissocool","time_zone":"","msg":"happy 🎉 birthday 💯 to 👏 my 🔥ride 🙅🏻 or 😤 die 😋 https//tco/YRIYBDodhw"}
{"tweet_id":841810269147934721,"created_unixtime":1489538182900,"created_time":"Wed Mar 15 00:36:22 +0000 2017","lang":"en","displayname":"MaddieOchoa","time_zone":"","msg":"RT berkbrod Hawaii is my happy place💙 https//tco/CbmPvqPH9W"}
{"tweet_id":841810269319925762,"created_unixtime":1489538182941,"created_time":"Wed Mar 15 00:36:22 +0000 2017","lang":"tl","displayname":"ma26581724","time_zone":"","msg":"Hahahaha https//tco/GJ3AWpuFKy"}
{"tweet_id":841810269592555521,"created_unixtime":1489538183006,"created_time":"Wed Mar 15 00:36:23 +0000 2017","lang":"en","displayname":"Roadhouse_Music","time_zone":"","msg":"RT rrbchoir Happy birthday to this guy Hands down one of the coolest around bismeaux https//tco/s6J4t9R2ac"}
{"tweet_id":841810269819031552,"created_unixtime":1489538183060,"created_time":"Wed Mar 15 00:36:23 +0000 2017","lang":"en","displayname":"KOfarrell15","time_zone":"","msg":"RT dean_gilroy Lifes too short to b stressin out dudes b happy x"}
{"tweet_id":841810269613449216,"created_unixtime":1489538183011,"created_time":"Wed Mar 15 00:36:23 +0000 2017","lang":"en","displayname":"YouDaTuan","time_zone":"Pacific Time (US & Canada)","msg":"RT uItmarkson Hes so happy and his smile is just so beautiful hes feeling the cutesy song im emo https//tco/JB53r4aIL1"}
{"tweet_id":841810268787109888,"created_unixtime":1489538182814,"created_time":"Wed Mar 15 00:36:22 +0000 2017","lang":"en","displayname":"jack_prior_","time_zone":"Pacific Time (US & Canada)","msg":"Thank you devan https//tco/jcWZ80qxqE"}
{"tweet_id":841810269630210049,"created_unixtime":1489538183015,"created_time":"Wed Mar 15 00:36:23 +0000 2017","lang":"en","displayname":"lissaarosee","time_zone":"","msg":"RT abbygordonn Happy birthday to my girl🏈 Love you amp miss u so much❤️🎉 lissaarosee https//tco/Joyk6jRiQP"}
{"tweet_id":841810269462491136,"created_unixtime":1489538182975,"created_time":"Wed Mar 15 00:36:22 +0000 2017","lang":"en","displayname":"_ChristinaCakes","time_zone":"Pacific Time (US & Canada)","msg":"That’s so sad https//tco/72hKRrBJpp"}
{"tweet_id":841810270121005056,"created_unixtime":1489538183132,"created_time":"Wed Mar 15 00:36:23 +0000 2017","lang":"en","displayname":"hannahkwhite4","time_zone":"","msg":"RT amberi__ so happy w my life"}
{"tweet_id":841810269781221376,"created_unixtime":1489538183051,"created_time":"Wed Mar 15 00:36:23 +0000 2017","lang":"en","displayname":"_kayyybeee","time_zone":"","msg":"a year and a half and he still gets happy such a great feeling 😍😍😍 https//tco/oHn8mYq4hL"}
{"tweet_id":841810270221619200,"created_unixtime":1489538183156,"created_time":"Wed Mar 15 00:36:23 +0000 2017","lang":"en","displayname":"NorikoPak","time_zone":"Hanoi","msg":"RT SakimiChanArt Happy ValentineInspired by that one scene in FFIV wNoctis and Lunafreyalt3 PSDhigh resstepsvidprocess et… "}
{"tweet_id":841810270225850368,"created_unixtime":1489538183157,"created_time":"Wed Mar 15 00:36:23 +0000 2017","lang":"en","displayname":"Alwaysblessed7","time_zone":"Mountain Time (US & Canada)","msg":"mikaleerhart Happy Birthday for the 3rd time I miss you ❤"}
{"tweet_id":841810269995175936,"created_unixtime":1489538183102,"created_time":"Wed Mar 15 00:36:23 +0000 2017","lang":"en","displayname":"onlyboy1121","time_zone":"Pacific Time (US & Canada)","msg":"I want skinny xtina back  https//tco/CVbdm35G8t"}
{"tweet_id":841810270540468225,"created_unixtime":1489538183232,"created_time":"Wed Mar 15 00:36:23 +0000 2017","lang":"en","displayname":"ChorusNZ","time_zone":"Wellington","msg":"Tegal1234 Hey Keegan did you have a fault logged by chance all seems a bit odd but were happy to investigate further if needed SC"}
{"tweet_id":841810271010140161,"created_unixtime":1489538183344,"created_time":"Wed Mar 15 00:36:23 +0000 2017","lang":"en","displayname":"Naijavibesnet","time_zone":"Pacific Time (US & Canada)","msg":"Happy birthday to the Consistent Artiste in Nigeria olamide_YBNL More heights bro"}
{"tweet_id":841810271144357889,"created_unixtime":1489538183376,"created_time":"Wed Mar 15 00:36:23 +0000 2017","lang":"en","displayname":"dessoriano","time_zone":"Pacific Time (US & Canada)","msg":"RT WeLoveJaDine Happy third Anniversary JaDineLand 💜LetOurPurpleHeartsShineAt3 EL"}
{"tweet_id":841810270917914624,"created_unixtime":1489538183322,"created_time":"Wed Mar 15 00:36:23 +0000 2017","lang":"und","displayname":"paulstiga215","time_zone":"Eastern Time (US & Canada)","msg":"KennyGarsey18 https//tco/lD4is3BRYG"}
{"tweet_id":841810271136030720,"created_unixtime":1489538183374,"created_time":"Wed Mar 15 00:36:23 +0000 2017","lang":"en","displayname":"MiriamAhern","time_zone":"Dublin","msg":"AnnNonimouse Thanks for the link Ann Happy St Patrick’s day for Friday from Dublin Ireland 💚🎩🐍☘🇮🇪"}
{"tweet_id":841810271500931074,"created_unixtime":1489538183461,"created_time":"Wed Mar 15 00:36:23 +0000 2017","lang":"en","displayname":"kevburkeie","time_zone":"","msg":"StevieGrainger despod ntwamley jimxcomet Stone Roses  amp Happy Mondays Step on the day the 90s began both released in 1989 I think"}
{"tweet_id":841810271874121730,"created_unixtime":1489538183550,"created_time":"Wed Mar 15 00:36:23 +0000 2017","lang":"en","displayname":"joyregui97","time_zone":"","msg":"RT 5HVotingStats Scared Of Happy FifthHarmony YouKnowYouLoveThem radiodisney"}
{"tweet_id":841810271366664192,"created_unixtime":1489538183429,"created_time":"Wed Mar 15 00:36:23 +0000 2017","lang":"ja","displayname":"kuro2_kaori","time_zone":"","msg":"RT tsukiuta1 ☆Happy White Day②☆新「もうすぐ春だよーあったかくなってきたから眠いよー君の愛に包まれて眠ります」葵「こらこら（苦笑）。いつもありがとうございます！」※DLOK※壁紙などマナーを守って使ってくださいね https//t…"}
{"tweet_id":841810271605776385,"created_unixtime":1489538183486,"created_time":"Wed Mar 15 00:36:23 +0000 2017","lang":"en","displayname":"jayljohnson","time_zone":"Central Time (US & Canada)","msg":"JeopardyGuesser Jeopardork It feels good to make a happy little connection like this"}
{"tweet_id":841810271744200705,"created_unixtime":1489538183519,"created_time":"Wed Mar 15 00:36:23 +0000 2017","lang":"en","displayname":"KatBrockavich","time_zone":"Pacific Time (US & Canada)","msg":"sponsored Happy Birthday Dr Seuss win  set of The Sneetches book and Sneetch toy  BTHM1 kohlscares amp kohls https//tco/DHcvDSpmA1"}
{"tweet_id":841810272390012928,"created_unixtime":1489538183673,"created_time":"Wed Mar 15 00:36:23 +0000 2017","lang":"ja","displayname":"Sena86902725","time_zone":"","msg":"RT Ip1MAVq98Qa89DS 海未ちゃんHappy Birthday🎉😊海未ちゃんのおっちょこちょいなところが可愛くて大好きですこれからも皆のハートを撃ち抜いちゃってください！ラブアローシュート 3月15日は園田海未の誕生日… "}
{"tweet_id":841810271924572160,"created_unixtime":1489538183562,"created_time":"Wed Mar 15 00:36:23 +0000 2017","lang":"en","displayname":"itsREALLYMK","time_zone":"Central Time (US & Canada)","msg":"Happy birthday kenni💖 https//tco/vbbNUIuQuO"}
{"tweet_id":841810272188792832,"created_unixtime":1489538183625,"created_time":"Wed Mar 15 00:36:23 +0000 2017","lang":"en","displayname":"JamiWilliams2","time_zone":"","msg":"RT ShockerLIFE If you look closely you can see all the studentathletes who received a 314 GPA or higher in the Fall Semester H… "}
{"tweet_id":841810272574701568,"created_unixtime":1489538183717,"created_time":"Wed Mar 15 00:36:23 +0000 2017","lang":"en","displayname":"Collins_Cj","time_zone":"West Central Africa","msg":"RT Stormzy1 Do what makes you happy mate"}
{"tweet_id":841810272960487424,"created_unixtime":1489538183809,"created_time":"Wed Mar 15 00:36:23 +0000 2017","lang":"en","displayname":"sadafhasham","time_zone":"","msg":"https//tco/ttn7gZeHxR Theyre BackHappy Tuesday💜💜DolanTwinsNewVideo Dont miss it Luv yaa GraysonDolan EthanDolan "}
{"tweet_id":841810271328960512,"created_unixtime":1489538183420,"created_time":"Wed Mar 15 00:36:23 +0000 2017","lang":"en","displayname":"luiscota29","time_zone":"Central Time (US & Canada)","msg":"RT JustAGirIThing Someone When was the last time u were truly happy Me https//tco/YTSjNOreRU"}
{"tweet_id":841810273182851073,"created_unixtime":1489538183862,"created_time":"Wed Mar 15 00:36:23 +0000 2017","lang":"en","displayname":"Mark_Fetti","time_zone":"Eastern Time (US & Canada)","msg":"RT SuccessInsiderr Live to be happy and be happy to be living"}
{"tweet_id":841810273933508608,"created_unixtime":1489538184041,"created_time":"Wed Mar 15 00:36:24 +0000 2017","lang":"en","displayname":"chimnmeri","time_zone":"Pacific Time (US & Canada)","msg":"RT bangtaened that lovely smile on yoongis face while watching hoseok he looks so happy i love sope https//tco/I4SkkiTCxQ"}
{"tweet_id":841810273904267266,"created_unixtime":1489538184034,"created_time":"Wed Mar 15 00:36:24 +0000 2017","lang":"en","displayname":"WhenWillParkBom","time_zone":"Santiago","msg":"RT MlNZYS anyway minzy looks happy lately im glad ❤"}
{"tweet_id":841810272419491842,"created_unixtime":1489538183680,"created_time":"Wed Mar 15 00:36:23 +0000 2017","lang":"en","displayname":"QueenMeese","time_zone":"","msg":"RT praises i could chill at my boyfriends house amp he can spend 0 on me amp i would be happy asf yall girls crazy"}
{"tweet_id":841810273728094208,"created_unixtime":1489538183992,"created_time":"Wed Mar 15 00:36:23 +0000 2017","lang":"en","displayname":"seokjsm","time_zone":"","msg":"RT kville_ent [HAPPY BIRTHDAY] to ASTROs Leader JinJin ♡HAPPYJINJINDAY https//tco/7T3cPY1pJx"}
{"tweet_id":841810275263102977,"created_unixtime":1489538184358,"created_time":"Wed Mar 15 00:36:24 +0000 2017","lang":"ja","displayname":"miyura0812","time_zone":"Tokyo","msg":"RT madan_shinsai Happy 5th Anniversary to NUEST♡本日、まだん心斎橋店のBGMはNUEST＆チャングンソクさん♪デビュー5周年のお祝いやLIVE後に韓国料理はいかが☆？TEL：0661217788https//t…"}
{"tweet_id":841810275066081280,"created_unixtime":1489538184311,"created_time":"Wed Mar 15 00:36:24 +0000 2017","lang":"en","displayname":"maetaemae","time_zone":"","msg":"RT mariahthefirst Im getting shit done  too happy man"}
{"tweet_id":841810274894118914,"created_unixtime":1489538184270,"created_time":"Wed Mar 15 00:36:24 +0000 2017","lang":"en","displayname":"xande18000","time_zone":"Santiago","msg":"RT operationsmile We cant thank SmileAmbassadors RealRomaDowney amp MarkBurnettTV enough for all they do to healsmiles Happy to h… "}
{"tweet_id":841810275657367552,"created_unixtime":1489538184452,"created_time":"Wed Mar 15 00:36:24 +0000 2017","lang":"en","displayname":"CHAivana","time_zone":"Pacific Time (US & Canada)","msg":"Happy is the person who learns to WAIT as he/she prays and never loses his/her PATIENCE for Gods time is the best time"}
{"tweet_id":841810275661668354,"created_unixtime":1489538184453,"created_time":"Wed Mar 15 00:36:24 +0000 2017","lang":"en","displayname":"neutralbrit","time_zone":"London","msg":"RT Rachael_Swindon Tory MP Anne Main Happy to cut disability money and happy for you to cover her daughters lifestyle Shocking amp ve… "}
{"tweet_id":841810272465653760,"created_unixtime":1489538183691,"created_time":"Wed Mar 15 00:36:23 +0000 2017","lang":"en","displayname":"GraceDiMarino2","time_zone":"","msg":"One last happy birthday just bc youre great ilysm hope your day was as great as you 💜 https//tco/x9QajwhgEf"}
{"tweet_id":841810276122939392,"created_unixtime":1489538184563,"created_time":"Wed Mar 15 00:36:24 +0000 2017","lang":"en","displayname":"BruceSalvage","time_zone":"Pacific Time (US & Canada)","msg":"USArmy RepKinzinger CNN Forcing animals to do humans jobsespecially military/police dogs Is quite sadTheyd rather sniff buttsampplay ball"}
{"tweet_id":841810276513140736,"created_unixtime":1489538184656,"created_time":"Wed Mar 15 00:36:24 +0000 2017","lang":"en","displayname":"slgillam73","time_zone":"Pacific Time (US & Canada)","msg":"I just entered a Prize Giveaway  HAPPY HOLI OFFER on https//tco/KOcDyVuGOH https//tco/Edn6D8La2q win Fishbowlprizes"}
{"tweet_id":841810276374745089,"created_unixtime":1489538184623,"created_time":"Wed Mar 15 00:36:24 +0000 2017","lang":"en","displayname":"siannnnsmithX","time_zone":"Casablanca","msg":"RT RoastMeDaily Bob Barker and Adam Sandler did a Happy Gilmore reunion skit and it was great https//tco/LCtdsSqoeZ"}
{"tweet_id":841810276764790784,"created_unixtime":1489538184716,"created_time":"Wed Mar 15 00:36:24 +0000 2017","lang":"en","displayname":"emilyytito","time_zone":"","msg":"Happy birthday Ivan Hope you had a great day❤️ ivanmoraga_"}
{"tweet_id":841810276223746052,"created_unixtime":1489538184587,"created_time":"Wed Mar 15 00:36:24 +0000 2017","lang":"en","displayname":"aleriachambers","time_zone":"Pacific Time (US & Canada)","msg":"RT kvngzeee IM TRYNNA B HAPPY ALL 2017‼️‼️‼️"}
{"tweet_id":841810276974379008,"created_unixtime":1489538184766,"created_time":"Wed Mar 15 00:36:24 +0000 2017","lang":"en","displayname":"arianrams","time_zone":"Singapore","msg":"RT dhaval241086 Modi must be very happy man today because his opponents are blaming EVM instead of searching real reason for their defeat"}
{"tweet_id":841810277691756544,"created_unixtime":1489538184937,"created_time":"Wed Mar 15 00:36:24 +0000 2017","lang":"en","displayname":"_naturalatbest","time_zone":"Quito","msg":"RT preaching my main focus is to better myself be successful and be happy so if you arent contributing to that then i dont need you i…"}
{"tweet_id":841810277914017793,"created_unixtime":1489538184990,"created_time":"Wed Mar 15 00:36:24 +0000 2017","lang":"en","displayname":"Sunny37267","time_zone":"Pacific Time (US & Canada)","msg":"RT Stormzy1 Do what makes you happy mate"}
{"tweet_id":841810274113970177,"created_unixtime":1489538184084,"created_time":"Wed Mar 15 00:36:24 +0000 2017","lang":"en","displayname":"FalaLeticia","time_zone":"Brasilia","msg":"RT ZacEfron Happy birthday Simone_Biles Hope youre having an incredible day 🎉🎂🎉"}
{"tweet_id":841810273832955905,"created_unixtime":1489538184017,"created_time":"Wed Mar 15 00:36:24 +0000 2017","lang":"en","displayname":"slgillam73","time_zone":"Pacific Time (US & Canada)","msg":"I just entered a Prize Giveaway  HAPPY HOLI OFFER on https//tco/clMXXyDx0A https//tco/TjpIzoJ5w0 win Fishbowlprizes"}
{"tweet_id":841810274013347841,"created_unixtime":1489538184060,"created_time":"Wed Mar 15 00:36:24 +0000 2017","lang":"en","displayname":"Gcf1517","time_zone":"","msg":"RT KazeSkyz This stunt by Rachel Maddow is just a sad attempt to beat TuckerCarlson in the ratings  Im not falling for her clickbait…"}
{"tweet_id":841810278488596481,"created_unixtime":1489538185127,"created_time":"Wed Mar 15 00:36:25 +0000 2017","lang":"en","displayname":"eyyimtellie","time_zone":"","msg":"Happy Birthday to meeeh~ 💙💪🎉🎁🎈"}
{"tweet_id":841810277456850945,"created_unixtime":1489538184881,"created_time":"Wed Mar 15 00:36:24 +0000 2017","lang":"en","displayname":"har___mony","time_zone":"Pacific Time (US & Canada)","msg":"RT jamisonauer Happy Birthday to my homie Lean Ling he is on the come up 💸🎶😂 Miss you bro😕🎈 har___mony"}
{"tweet_id":841810278086017025,"created_unixtime":1489538185031,"created_time":"Wed Mar 15 00:36:25 +0000 2017","lang":"en","displayname":"kjenvp","time_zone":"","msg":"I like to say I CANT WAIT TO SEE WHAT YOURE GONNA DO WITH THIS usually HEcrawls https//tco/0CCR4aSr75"}
{"tweet_id":841810275661713408,"created_unixtime":1489538184453,"created_time":"Wed Mar 15 00:36:24 +0000 2017","lang":"en","displayname":"Joshbeatttie","time_zone":"London","msg":"IndiaaXOX happy birthday india Xx"}
{"tweet_id":841810275489730562,"created_unixtime":1489538184412,"created_time":"Wed Mar 15 00:36:24 +0000 2017","lang":"en","displayname":"erin_g4591","time_zone":"","msg":"RT ReallyCodyPics Every beginning has an end Sad to see Teen Wolf go https//tco/grXr6o6bLc"}
{"tweet_id":841810276483760128,"created_unixtime":1489538184649,"created_time":"Wed Mar 15 00:36:24 +0000 2017","lang":"en","displayname":"cuteseokjins","time_zone":"Buenos Aires","msg":"GOT7Official STAY HEALTHY AND HAPPY GUYS ILY 💙💙 https//tco/X3aWep10f0"}
{"tweet_id":841810276534099970,"created_unixtime":1489538184661,"created_time":"Wed Mar 15 00:36:24 +0000 2017","lang":"en","displayname":"Heather86568","time_zone":"Pacific Time (US & Canada)","msg":"its sad how easy it is to lose touch with someone u were once so close to"}
{"tweet_id":841810277679153153,"created_unixtime":1489538184934,"created_time":"Wed Mar 15 00:36:24 +0000 2017","lang":"en","displayname":"ImShivering","time_zone":"Quito","msg":"RT CultureFUBU Happy Birthday Merlin SantanaRIP https//tco/0K4quO4M5g"}
{"tweet_id":841810276110475264,"created_unixtime":1489538184560,"created_time":"Wed Mar 15 00:36:24 +0000 2017","lang":"en","displayname":"Tay_Ault","time_zone":"Eastern Time (US & Canada)","msg":"humphrey_drew omg this just made me so sad 💔😭"}
{"tweet_id":841810277935005696,"created_unixtime":1489538184995,"created_time":"Wed Mar 15 00:36:24 +0000 2017","lang":"en","displayname":"mcarlson110","time_zone":"Eastern Time (US & Canada)","msg":"Happy T today Supt of schools noticed my Ss BookCreatorApp  and sent a personal email  teacherfriends"}
{"tweet_id":841810275200294913,"created_unixtime":1489538184343,"created_time":"Wed Mar 15 00:36:24 +0000 2017","lang":"en","displayname":"morgianaax10","time_zone":"Atlantic Time (Canada)","msg":"Happy  birthday who never fails to amaze me On and off stage Love u long time rissy❤️💕 rememberhalloween2k17 https//tco/loWJyQKluR"}
{"tweet_id":841810278970978304,"created_unixtime":1489538185242,"created_time":"Wed Mar 15 00:36:25 +0000 2017","lang":"en","displayname":"tiaaaannaa","time_zone":"Pacific Time (US & Canada)","msg":"RT og_treday tiaaaannaa happy birthday kid 🎊❤️"}
{"tweet_id":841810279205748736,"created_unixtime":1489538185298,"created_time":"Wed Mar 15 00:36:25 +0000 2017","lang":"ja","displayname":"vugqfvuf649659","time_zone":"Pacific Time (US & Canada)","msg":"RT fukasaru1007 🎁Happy🎉Birthday🎂海未ちゃん！誕生日おめでとう♡可愛くて、友達想いでまっすぐ？な海未ちゃんが大好きです♡勧誘も何も出来なくてごめんなさい来年は絶対やるから！文字数が園田海未生誕祭… "}
{"tweet_id":841810278547259392,"created_unixtime":1489538185141,"created_time":"Wed Mar 15 00:36:25 +0000 2017","lang":"tl","displayname":"libretheaaa","time_zone":"Pacific Time (US & Canada)","msg":"NessaEveryday HAPPY MOTMOT SAINYO BROOOOOO HAHAHAHAHA MWAMWA 💕💕💕💕"}
{"tweet_id":841810279159730181,"created_unixtime":1489538185287,"created_time":"Wed Mar 15 00:36:25 +0000 2017","lang":"en","displayname":"gracegalentine","time_zone":"","msg":"RT peymosel gracegalentine happy birthday I love yaaaaaa 💕"}
{"tweet_id":841810279696605184,"created_unixtime":1489538185415,"created_time":"Wed Mar 15 00:36:25 +0000 2017","lang":"en","displayname":"CeceCrazii","time_zone":"Atlantic Time (Canada)","msg":"ATAnyadike happy birthday gorgeous ❤️"}
{"tweet_id":841810280007012353,"created_unixtime":1489538185489,"created_time":"Wed Mar 15 00:36:25 +0000 2017","lang":"in","displayname":"NhtYatie39","time_zone":"","msg":"Assalam Happy birthday suamiku sayangSemoga hidup diberkati dan dirahmati Semoga rumahtangga… https//tco/kbegdsifLp"}
{"tweet_id":841810279025504256,"created_unixtime":1489538185255,"created_time":"Wed Mar 15 00:36:25 +0000 2017","lang":"en","displayname":"KING_Barrow","time_zone":"Eastern Time (US & Canada)","msg":"RT CultureFUBU Happy Birthday Merlin SantanaRIP https//tco/0K4quO4M5g"}
{"tweet_id":841810280497659904,"created_unixtime":1489538185606,"created_time":"Wed Mar 15 00:36:25 +0000 2017","lang":"en","displayname":"CaptainGaruda","time_zone":"","msg":"RT vivek_oberoi Many happy returns of the day aamir_khan  thank u for your incredible cinema amp hope u continue to inspire us all Have…"}
{"tweet_id":841810280472547332,"created_unixtime":1489538185600,"created_time":"Wed Mar 15 00:36:25 +0000 2017","lang":"tl","displayname":"Bhengdalida1","time_zone":"","msg":"RT jaysondmx Yung mga nag hahanap ng FAs ko Eto thread From 2015 to july 2016 reposted nung first Aniv 🙂… "}
{"tweet_id":841810280728403968,"created_unixtime":1489538185661,"created_time":"Wed Mar 15 00:36:25 +0000 2017","lang":"en","displayname":"Sara_Hussain92","time_zone":"","msg":"I liked happy bhag jayegi most displayed Pakistan positively imo"}
{"tweet_id":841810280656990208,"created_unixtime":1489538185644,"created_time":"Wed Mar 15 00:36:25 +0000 2017","lang":"en","displayname":"pretrumpevam","time_zone":"","msg":"RT ChicagosFines19 Happy 180th Birthday to the City of Chicago we sure do like this City HappyBirthdayChicago ProudToBeCPD 1837… "}
{"tweet_id":841810280812294144,"created_unixtime":1489538185681,"created_time":"Wed Mar 15 00:36:25 +0000 2017","lang":"en","displayname":"tawana_00","time_zone":"","msg":"RT MTVStranded Makani takes charge of the supplies and the campers are NOT happy about it  Tune in to MTVStranded tonight at 1… "}
{"tweet_id":841810281005113344,"created_unixtime":1489538185727,"created_time":"Wed Mar 15 00:36:25 +0000 2017","lang":"en","displayname":"MBstarfire","time_zone":"Taipei","msg":"Aww Taka 😭😭😭 https//tco/IfjJ4byWtG"}
{"tweet_id":841810280313192449,"created_unixtime":1489538185562,"created_time":"Wed Mar 15 00:36:25 +0000 2017","lang":"en","displayname":"maameemuu","time_zone":"Bangkok","msg":"RT Cat_Cosplay Im your huckleberry pie ~ MeowCreeHappy PiDay everyone Overwatch McCree https//tco/1yYas7u5OK"}
{"tweet_id":841810280275369984,"created_unixtime":1489538185553,"created_time":"Wed Mar 15 00:36:25 +0000 2017","lang":"en","displayname":"berridisepier","time_zone":"Arizona","msg":"Happy Pi Day I guess https//tco/e90xzJCkU1"}
{"tweet_id":841810281550483457,"created_unixtime":1489538185857,"created_time":"Wed Mar 15 00:36:25 +0000 2017","lang":"en","displayname":"LaliBytch","time_zone":"","msg":"So happy theres no classes tomorrow"}
{"tweet_id":841810281823064064,"created_unixtime":1489538185922,"created_time":"Wed Mar 15 00:36:25 +0000 2017","lang":"en","displayname":"taylorcooppaa24","time_zone":"","msg":"RT SincerelyTumblr So annoying when ppl are like ur always laughin U laugh at everything Its not that funny like OK sorry Im a hap…"}
{"tweet_id":841810281965674496,"created_unixtime":1489538185956,"created_time":"Wed Mar 15 00:36:25 +0000 2017","lang":"ja","displayname":"sato_sne","time_zone":"","msg":"RT meimei_anime_ 今日は1番推している海未ちゃんの誕生日！！Happy Birthday！！海未ちゃんは天使のようにかわいい！最高すぎます！3月15日は園田海未の誕生日 園田海未生誕祭2017ラブライバーはRT 海未ちゃん生誕祭… "}
{"tweet_id":841810282091495425,"created_unixtime":1489538185986,"created_time":"Wed Mar 15 00:36:25 +0000 2017","lang":"en","displayname":"AmyGimpel99","time_zone":"","msg":"RT preaching my main focus is to better myself be successful and be happy so if you arent contributing to that then i dont need you i…"}
{"tweet_id":841810281760231424,"created_unixtime":1489538185907,"created_time":"Wed Mar 15 00:36:25 +0000 2017","lang":"en","displayname":"jhnelson3","time_zone":"","msg":"RT HoosierFootball 🎉 RT to wish CoachAllenIU a happy birthday https//tco/I40wGKJYFy"}
{"tweet_id":841810282104131584,"created_unixtime":1489538185989,"created_time":"Wed Mar 15 00:36:25 +0000 2017","lang":"en","displayname":"jbkinggg","time_zone":"Hawaii","msg":"seeing all your snaps amp facebook videos makes me so happy my ass is in the south lol stay safe guys"}
{"tweet_id":841810282716381184,"created_unixtime":1489538186135,"created_time":"Wed Mar 15 00:36:26 +0000 2017","lang":"ja","displayname":"LOST_CHILD_0801","time_zone":"","msg":"RT Ip1MAVq98Qa89DS 海未ちゃんHappy Birthday🎉😊海未ちゃんのおっちょこちょいなところが可愛くて大好きですこれからも皆のハートを撃ち抜いちゃってください！ラブアローシュート 3月15日は園田海未の誕生日… "}
{"tweet_id":841810282343211008,"created_unixtime":1489538186046,"created_time":"Wed Mar 15 00:36:26 +0000 2017","lang":"en","displayname":"CallmeTori93","time_zone":"Pacific Time (US & Canada)","msg":"RT RyanDLeaf TheEllenShow You help change peoples lives You helped inspire me to be a better human being during the darkest o… "}
{"tweet_id":841810282490015745,"created_unixtime":1489538186081,"created_time":"Wed Mar 15 00:36:26 +0000 2017","lang":"en","displayname":"roegtengiver","time_zone":"","msg":"Lil_Eazy_Ana_42 packers Im so sad to see you leave bro Im still rooting for you in Seattle"}
{"tweet_id":841810283702169601,"created_unixtime":1489538186370,"created_time":"Wed Mar 15 00:36:26 +0000 2017","lang":"en","displayname":"timerousbeastie","time_zone":"","msg":"RT PatricksPeople Have voted SNP for the leadership theyve shown in defending Scotlands interestsIn Scotref Im happy to stand with Y…"}
{"tweet_id":841810283567894528,"created_unixtime":1489538186338,"created_time":"Wed Mar 15 00:36:26 +0000 2017","lang":"en","displayname":"Roger247","time_zone":"Mountain Time (US & Canada)","msg":"molratty JesseKellyDC so weak Sad"}
{"tweet_id":841810283710582784,"created_unixtime":1489538186372,"created_time":"Wed Mar 15 00:36:26 +0000 2017","lang":"es","displayname":"titaaa_cx","time_zone":"","msg":"La mera neta https//tco/x2FQMIyM5S"}
{"tweet_id":841810280778747906,"created_unixtime":1489538185673,"created_time":"Wed Mar 15 00:36:25 +0000 2017","lang":"en","displayname":"girlwithcamera4","time_zone":"Atlantic Time (Canada)","msg":"My heart is happy 💕 https//tco/3CaqFMJCIz"}
{"tweet_id":841810283853152256,"created_unixtime":1489538186406,"created_time":"Wed Mar 15 00:36:26 +0000 2017","lang":"en","displayname":"ladymarielle","time_zone":"Quito","msg":"RT MomItForward Q6 DOES FOOD MAKE YOU HAPPY WHAT DISHES MAKE YOU THE HAPPIEST AvoHappiness GNO PLS RT"}
{"tweet_id":841810283916083201,"created_unixtime":1489538186421,"created_time":"Wed Mar 15 00:36:26 +0000 2017","lang":"en","displayname":"bwakennethgates","time_zone":"","msg":"💀 them hoes call that happy weight https//tco/wiZs9U4Fe3"}
{"tweet_id":841810283979018240,"created_unixtime":1489538186436,"created_time":"Wed Mar 15 00:36:26 +0000 2017","lang":"en","displayname":"Moore42Noah","time_zone":"","msg":"RT Giovanniamadi1 Happy birthday 😈Moore42Noah"}
{"tweet_id":841810284440363008,"created_unixtime":1489538186546,"created_time":"Wed Mar 15 00:36:26 +0000 2017","lang":"en","displayname":"Kholoud86513201","time_zone":"","msg":"RT ohteenquotes Spend life with who makes you happy not with who you have to impress"}
{"tweet_id":841810284650082304,"created_unixtime":1489538186596,"created_time":"Wed Mar 15 00:36:26 +0000 2017","lang":"en","displayname":"SweetSweetHazza","time_zone":"Pacific Time (US & Canada)","msg":"Harry_Styles Youre the reason of my smile I love you and Im proud of you I would be very happy if you follow me one day ❤️  760"}
{"tweet_id":841810284775895040,"created_unixtime":1489538186626,"created_time":"Wed Mar 15 00:36:26 +0000 2017","lang":"en","displayname":"princess__bee14","time_zone":"","msg":"I honestly hate autocorrect sometimes because ill be happy af thinking my crush double texted me when its really him correcting autocorrect😐"}
{"tweet_id":841810284566069249,"created_unixtime":1489538186576,"created_time":"Wed Mar 15 00:36:26 +0000 2017","lang":"en","displayname":"K10orourkeKate","time_zone":"London","msg":"Happy birthday to my dad whos in heaven I cant believe is 22 years I not had a dad I miss u amp… https//tco/fQI58J59xx"}
{"tweet_id":841810285144952832,"created_unixtime":1489538186714,"created_time":"Wed Mar 15 00:36:26 +0000 2017","lang":"en","displayname":"yngjaes","time_zone":"Pacific Time (US & Canada)","msg":"RT jaebeomtwt this is so sad they dont deserve this https//tco/1fZJPPbuB9"}
{"tweet_id":841810285136601088,"created_unixtime":1489538186712,"created_time":"Wed Mar 15 00:36:26 +0000 2017","lang":"en","displayname":"CINDYF4NCY","time_zone":"Pacific Time (US & Canada)","msg":"RT cinluvscats not to be corny but Id honestly be so sad without yall and you make my days better"}
{"tweet_id":841810285027577857,"created_unixtime":1489538186686,"created_time":"Wed Mar 15 00:36:26 +0000 2017","lang":"en","displayname":"CallumProudfoot","time_zone":"","msg":"RT Stormzy1 Do what makes you happy mate"}
{"tweet_id":841810285283409922,"created_unixtime":1489538186747,"created_time":"Wed Mar 15 00:36:26 +0000 2017","lang":"en","displayname":"AngelaMericiDP","time_zone":"","msg":"RT MeanwhileinCana Happy Pi Day amp also happy birthday to Albert EinsteinLook deep into nature and then you will understand everyth… "}
{"tweet_id":841810285346332676,"created_unixtime":1489538186762,"created_time":"Wed Mar 15 00:36:26 +0000 2017","lang":"en","displayname":"kathyrieke","time_zone":"","msg":"RT ltgoodnews Happy Pi Day https//tco/lqNzWSGGTm"}
{"tweet_id":841810285287612416,"created_unixtime":1489538186748,"created_time":"Wed Mar 15 00:36:26 +0000 2017","lang":"en","displayname":"Max_a_secas","time_zone":"Buenos Aires","msg":"DeanstreetFI sad to see there are assholes over there too"}
{"tweet_id":841810285379895297,"created_unixtime":1489538186770,"created_time":"Wed Mar 15 00:36:26 +0000 2017","lang":"en","displayname":"bribaby_716","time_zone":"","msg":"RT BillNye Happy 314 Day peoples"}
{"tweet_id":841810285740621824,"created_unixtime":1489538186856,"created_time":"Wed Mar 15 00:36:26 +0000 2017","lang":"en","displayname":"Sanders3916","time_zone":"Eastern Time (US & Canada)","msg":"RT JOEL9ONE Happy 314 day to my St Lunatics"}
{"tweet_id":841810285837017088,"created_unixtime":1489538186879,"created_time":"Wed Mar 15 00:36:26 +0000 2017","lang":"en","displayname":"Prince_Mulawin","time_zone":"","msg":"RT ALDUBNATIONNCR Prayer is powerful its amazing what it can do Always stay happy at all timesRT amp spread love worldwide🌻🌻🌻… "}
{"tweet_id":841810286180884480,"created_unixtime":1489538186961,"created_time":"Wed Mar 15 00:36:26 +0000 2017","lang":"es","displayname":"Alaan_Valadez","time_zone":"","msg":"Que sad es que hoy juegue el glorioso poderoso y siempre ascendente DHE y no pueda ir a verlos😢 jrgarza01 otravezocho ganen👊🏽🤙🏽👍🏼⚽️"}
{"tweet_id":841810286306770944,"created_unixtime":1489538186991,"created_time":"Wed Mar 15 00:36:26 +0000 2017","lang":"en","displayname":"jaayboogey","time_zone":"","msg":"RT AthleteAdvisory This is motivation Happy 29th birthday Steph Curry 💯🏀🔥https//tco/FhzKTqiD3f"}
{"tweet_id":841810286038392832,"created_unixtime":1489538186927,"created_time":"Wed Mar 15 00:36:26 +0000 2017","lang":"en","displayname":"MDohleman","time_zone":"Central Time (US & Canada)","msg":"I get really sad when my mom isnt available to FaceTime 😩"}
{"tweet_id":841810286508179458,"created_unixtime":1489538187039,"created_time":"Wed Mar 15 00:36:27 +0000 2017","lang":"en","displayname":"RhoniMcC","time_zone":"","msg":"RT SXUnofficial Welcome to Austin Texas Happy first day of SXSW everyone 🇨🇱 https//tco/FVFLXkWO0A"}
{"tweet_id":841810286600441856,"created_unixtime":1489538187061,"created_time":"Wed Mar 15 00:36:27 +0000 2017","lang":"en","displayname":"KJay2425","time_zone":"Eastern Time (US & Canada)","msg":"RT D_Deji28 Do you guys know why he was killed A girl lied that he raped her and her brother shot him dead https//tco/IWDVDZp3rz"}
{"tweet_id":841810286868865025,"created_unixtime":1489538187125,"created_time":"Wed Mar 15 00:36:27 +0000 2017","lang":"es","displayname":"bxubt_","time_zone":"","msg":"mangelrogel que sad"}
{"tweet_id":841810287099502592,"created_unixtime":1489538187180,"created_time":"Wed Mar 15 00:36:27 +0000 2017","lang":"en","displayname":"GalleyLa_Co","time_zone":"","msg":"RT MillennialOfMNL This is your reminder that its okay to not be okay No one is constantly happy Your emotions are yours No one can t…"}
{"tweet_id":841810286885670917,"created_unixtime":1489538187129,"created_time":"Wed Mar 15 00:36:27 +0000 2017","lang":"en","displayname":"Khubbard991","time_zone":"","msg":"RT MomItForward Q6 DOES FOOD MAKE YOU HAPPY WHAT DISHES MAKE YOU THE HAPPIEST AvoHappiness GNO PLS RT"}
{"tweet_id":841810287124729856,"created_unixtime":1489538187186,"created_time":"Wed Mar 15 00:36:27 +0000 2017","lang":"en","displayname":"bwtunno","time_zone":"Eastern Time (US & Canada)","msg":"RT SavageNation FBI RT FBIMostWanted Happy 67th Birthday to the FBI Ten Most Wanted Fugitives List created on March 14 1950 https…"}
{"tweet_id":841810287183388672,"created_unixtime":1489538187200,"created_time":"Wed Mar 15 00:36:27 +0000 2017","lang":"en","displayname":"teejeiz","time_zone":"","msg":"RT PBBKAHOUSE I cried I was sad I was guilty I was everything Edward MBMayWard"}
{"tweet_id":841810287275593728,"created_unixtime":1489538187222,"created_time":"Wed Mar 15 00:36:27 +0000 2017","lang":"en","displayname":"_yeseniiaaa","time_zone":"Pacific Time (US & Canada)","msg":"Getting sc of Rodger makes me happy ☺☺☺"}
{"tweet_id":841810287640604672,"created_unixtime":1489538187309,"created_time":"Wed Mar 15 00:36:27 +0000 2017","lang":"en","displayname":"petertskonas","time_zone":"","msg":"RT ThisInspiresUs We can smile even though we are hurting and we can feel happy even though we are unhappy Its called strength"}
{"tweet_id":841810287791611905,"created_unixtime":1489538187345,"created_time":"Wed Mar 15 00:36:27 +0000 2017","lang":"en","displayname":"ShibhavSalagare","time_zone":"","msg":"I Admire aliaa08 the most who has achieved great heights of success at such a Young Age 🙌  Wishing you a Very Happy Birthday🎆🎉🎊🎁🎂"}
{"tweet_id":841810288169095168,"created_unixtime":1489538187435,"created_time":"Wed Mar 15 00:36:27 +0000 2017","lang":"en","displayname":"SlimGuwopo1M","time_zone":"Pacific Time (US & Canada)","msg":"RT richthekid Focus on what makes you happy"}
{"tweet_id":841810288336900096,"created_unixtime":1489538187475,"created_time":"Wed Mar 15 00:36:27 +0000 2017","lang":"en","displayname":"JoeyNiemiec12","time_zone":"","msg":"MarditDS Yea its extremely sad"}
{"tweet_id":841810288739508224,"created_unixtime":1489538187571,"created_time":"Wed Mar 15 00:36:27 +0000 2017","lang":"en","displayname":"danielhavern1","time_zone":"","msg":"jackkburkee happy birthday bro have a top one x"}
{"tweet_id":841810288714362881,"created_unixtime":1489538187565,"created_time":"Wed Mar 15 00:36:27 +0000 2017","lang":"en","displayname":"Hopeful_3","time_zone":"","msg":"RT fatmatofy2 I miss the old happy me 😔✋ "}
{"tweet_id":841810288865337344,"created_unixtime":1489538187601,"created_time":"Wed Mar 15 00:36:27 +0000 2017","lang":"en","displayname":"ejreed2017","time_zone":"","msg":"GHoundBusHelp Sad to c that  out weighs safety All trips to NY Stateamp Montreal already resuming tomorrow and the storm is only 1/2 over"}
{"tweet_id":841810288932491264,"created_unixtime":1489538187617,"created_time":"Wed Mar 15 00:36:27 +0000 2017","lang":"en","displayname":"carolinblognaa","time_zone":"","msg":"RT a1fbgmn every girl just wanna be genuinely happy not confused not irritated not slept on not taken advantage of just happy my g "}
{"tweet_id":841810288810819585,"created_unixtime":1489538187588,"created_time":"Wed Mar 15 00:36:27 +0000 2017","lang":"en","displayname":"Reena_Moreno","time_zone":"Pacific Time (US & Canada)","msg":"RT BillNye Happy 314 Day peoples"}
{"tweet_id":841810288957652992,"created_unixtime":1489538187623,"created_time":"Wed Mar 15 00:36:27 +0000 2017","lang":"en","displayname":"samhodsondesign","time_zone":"","msg":"RT UmarFof You have to be happy with your own company before you try to accompany someone else"}
{"tweet_id":841810288445919233,"created_unixtime":1489538187501,"created_time":"Wed Mar 15 00:36:27 +0000 2017","lang":"und","displayname":"idkkels","time_zone":"Atlantic Time (Canada)","msg":"alyssanichole5 💘💘 https//tco/vgFQJZKh27"}
{"tweet_id":841810289322557440,"created_unixtime":1489538187710,"created_time":"Wed Mar 15 00:36:27 +0000 2017","lang":"tr","displayname":"JournalistSavas","time_zone":"","msg":"RT Nihat_Nasir Kutsal bir metni savunurcasına gayyur ve gayretkeş olan sözde demokratlar savundukları özgürlüklere değil Batıya sadık…"}
{"tweet_id":841810289360306177,"created_unixtime":1489538187719,"created_time":"Wed Mar 15 00:36:27 +0000 2017","lang":"en","displayname":"jbschildren","time_zone":"Brasilia","msg":"RT yourgurljordan whenever i get sad i remember that i literally took this picture with no zoom https//tco/UtzNqoF8SQ"}
{"tweet_id":841810288982806528,"created_unixtime":1489538187629,"created_time":"Wed Mar 15 00:36:27 +0000 2017","lang":"en","displayname":"raabiahahmed786","time_zone":"","msg":"Todays snow day and tomorrows 2 hour delay is making me so happy thanks Deptford😛✊"}
{"tweet_id":841810290089967616,"created_unixtime":1489538187893,"created_time":"Wed Mar 15 00:36:27 +0000 2017","lang":"tl","displayname":"LandichoVangie","time_zone":"","msg":"RT jaysondmx Yung mga nag hahanap ng FAs ko Eto thread From 2015 to july 2016 reposted nung first Aniv 🙂… "}
{"tweet_id":841810290337583104,"created_unixtime":1489538187952,"created_time":"Wed Mar 15 00:36:27 +0000 2017","lang":"en","displayname":"HitBoiJeromi","time_zone":"Amsterdam","msg":"RT preaching my main focus is to better myself be successful and be happy so if you arent contributing to that then i dont need you i…"}
{"tweet_id":841810289481920512,"created_unixtime":1489538187748,"created_time":"Wed Mar 15 00:36:27 +0000 2017","lang":"en","displayname":"fae_devine17","time_zone":"","msg":"HAPPY TUESDAY 😃💛 Music CookingLiveme HeyItsMarioJose https//tco/9yXojAaXpu https//tco/NVN08WEefS"}
{"tweet_id":841810291088228353,"created_unixtime":1489538188131,"created_time":"Wed Mar 15 00:36:28 +0000 2017","lang":"ja","displayname":"Haruhi1812","time_zone":"","msg":"なかやまふうか Happy birthday！やっと15才だね笑"}
{"tweet_id":841810291293859840,"created_unixtime":1489538188180,"created_time":"Wed Mar 15 00:36:28 +0000 2017","lang":"en","displayname":"JaayUdenwagu","time_zone":"","msg":"Happy Birthday _ogstar hope your day is blessed🎈"}
{"tweet_id":841810292073885696,"created_unixtime":1489538188366,"created_time":"Wed Mar 15 00:36:28 +0000 2017","lang":"en","displayname":"SNSDkepo","time_zone":"Seoul","msg":"4 Clenches her jaw and makes sad faces on purpose when she sleeps because she hates when people sleep with their mouths openD"}
{"tweet_id":841810291851710466,"created_unixtime":1489538188313,"created_time":"Wed Mar 15 00:36:28 +0000 2017","lang":"en","displayname":"GabrielaUrgile6","time_zone":"","msg":"Be happy what with you have now as others may not have what you have and may have worse"}
{"tweet_id":841810292308819968,"created_unixtime":1489538188422,"created_time":"Wed Mar 15 00:36:28 +0000 2017","lang":"ko","displayname":"CnJay331","time_zone":"","msg":"RT whiterose_ww17 140314 SEVENTEENs Happy White Day 세븐틴 원우3년전 금발워누💖https//tco/ojrs4Trm5k https//tco/ZkBs9YWZLN"}
{"tweet_id":841810292334026753,"created_unixtime":1489538188428,"created_time":"Wed Mar 15 00:36:28 +0000 2017","lang":"en","displayname":"ohhthtsdaeee","time_zone":"Pacific Time (US & Canada)","msg":"RT troytheblackguy All she wanted to do was say happy birthday to her friend but twitter just couldnt let her live lmaooo https//tco/X…"}
{"tweet_id":841810292606607360,"created_unixtime":1489538188493,"created_time":"Wed Mar 15 00:36:28 +0000 2017","lang":"en","displayname":"HoTeukJin","time_zone":"","msg":"RT theseoulstory Happy Birthday to ASTRO JinJin Have a great celebration amp we wish you many more happy days 🎂🎉 HappyJinJinDay… "}
{"tweet_id":841810292719861764,"created_unixtime":1489538188520,"created_time":"Wed Mar 15 00:36:28 +0000 2017","lang":"en","displayname":"wangukin","time_zone":"Central Time (US & Canada)","msg":"Im more of the uplifting  happy friend Carlos keeps saying something bad needs to happen to me so I can stop being so happy "}
{"tweet_id":841810292334026754,"created_unixtime":1489538188428,"created_time":"Wed Mar 15 00:36:28 +0000 2017","lang":"en","displayname":"sparta46","time_zone":"Central Time (US & Canada)","msg":"RT PoldarkTV We are so happy to announce that Team Poldark is the winner of Best HD Drama Programme of the Year at the… "}
{"tweet_id":841810292627640321,"created_unixtime":1489538188498,"created_time":"Wed Mar 15 00:36:28 +0000 2017","lang":"en","displayname":"MEGarita__","time_zone":"Eastern Time (US & Canada)","msg":"RT richthekid Focus on what makes you happy"}
{"tweet_id":841810292522786816,"created_unixtime":1489538188473,"created_time":"Wed Mar 15 00:36:28 +0000 2017","lang":"en","displayname":"_BiggHomieAnt_","time_zone":"","msg":"Glook folks https//tco/FNzhvxJe4x"}
{"tweet_id":841810292988305408,"created_unixtime":1489538188584,"created_time":"Wed Mar 15 00:36:28 +0000 2017","lang":"en","displayname":"a8c8af89458e49b","time_zone":"","msg":"RT TeamRangerOFC I want someone to look at me and think Shes my happy endingMBMayWard https//tco/0JSTGYYZXU"}
{"tweet_id":841810293097410560,"created_unixtime":1489538188610,"created_time":"Wed Mar 15 00:36:28 +0000 2017","lang":"en","displayname":"Moore42Noah","time_zone":"","msg":"RT LoveForDes Moore42Noah Happy Birthday Noah 💕"}
{"tweet_id":841810293013528576,"created_unixtime":1489538188590,"created_time":"Wed Mar 15 00:36:28 +0000 2017","lang":"et","displayname":"princepyonko","time_zone":"Atlantic Time (Canada)","msg":"RT TheGnomeChild tukamis bc im sad yeojah GIVE TAKUMI BIG POOFY 90s ANIME HAIR https//tco/DQrmOoPIAS"}
{"tweet_id":841810293227311105,"created_unixtime":1489538188641,"created_time":"Wed Mar 15 00:36:28 +0000 2017","lang":"en","displayname":"jane_Oraphan","time_zone":"","msg":"RT choisoohee21 Happy birthday Coco my ultimate bias coco_Happy_2nd_Birthday Ill be your forever stan Keep growing up and he… "}
{"tweet_id":841810292749266944,"created_unixtime":1489538188527,"created_time":"Wed Mar 15 00:36:28 +0000 2017","lang":"en","displayname":"Priincess_Taty","time_zone":"","msg":"RT D_Deji28 Do you guys know why he was killed A girl lied that he raped her and her brother shot him dead https//tco/IWDVDZp3rz"}
