{"tweet_id":841794069755973632,"created_unixtime":1489534320664,"created_time":"Tue Mar 14 23:32:00 +0000 2017","lang":"en","displayname":"dave_negrete","time_zone":"","msg":"RT RickyPDillon Happy pi day https//tco/PyJRimk7d3"}
{"tweet_id":841794069508587520,"created_unixtime":1489534320605,"created_time":"Tue Mar 14 23:32:00 +0000 2017","lang":"en","displayname":"meela_1927","time_zone":"","msg":"I hope you find someone who knows how to love you when you are sad"}
{"tweet_id":841794068699045888,"created_unixtime":1489534320412,"created_time":"Tue Mar 14 23:32:00 +0000 2017","lang":"en","displayname":"booksbowman","time_zone":"","msg":"RT kalebhorton Saying America is optimistic because CEOs are optimistic is like saying prisoners are happy because you heard the w… "}
{"tweet_id":841794069370134532,"created_unixtime":1489534320572,"created_time":"Tue Mar 14 23:32:00 +0000 2017","lang":"en","displayname":"HumbleDevv","time_zone":"Central Time (US & Canada)","msg":"RT D_Deji28 Do you guys know why he was killed A girl lied that he raped her and her brother shot him dead https//tco/IWDVDZp3rz"}
{"tweet_id":841794070016086016,"created_unixtime":1489534320726,"created_time":"Tue Mar 14 23:32:00 +0000 2017","lang":"en","displayname":"marquardt_megan","time_zone":"","msg":"Happy birthday solvskansHope it was full of fun💕 😻"}
{"tweet_id":841794069886054400,"created_unixtime":1489534320695,"created_time":"Tue Mar 14 23:32:00 +0000 2017","lang":"en","displayname":"SmugRedman","time_zone":"Pacific Time (US & Canada)","msg":"Pikachucchi Happy to hear yoBtw if youre still playing BBS theres gonna be an event with a freebie Hueco Mundo variant of Aizen"}
{"tweet_id":841794069835603968,"created_unixtime":1489534320683,"created_time":"Tue Mar 14 23:32:00 +0000 2017","lang":"ja","displayname":"Kyosuke3310","time_zone":"","msg":"RT warotawww0722 海未ちゃん！お誕生日おめでとう！🎉🎉🎉🎉🎉🎉🎉🎉🎉🎉🎉🎉🎉🎉🎉🎉happy birthday‼園田海未生誕祭2017 園田海未生誕祭 https//tco/oz4kapgCBc"}
{"tweet_id":841794070238371840,"created_unixtime":1489534320779,"created_time":"Tue Mar 14 23:32:00 +0000 2017","lang":"en","displayname":"TheSpeedGamers","time_zone":"Central Time (US & Canada)","msg":"RT DAStankiewicz TheSpeedGamers Happy 9th and congrats on the milestone"}
{"tweet_id":841794070053834753,"created_unixtime":1489534320735,"created_time":"Tue Mar 14 23:32:00 +0000 2017","lang":"en","displayname":"lyudmilamle4v","time_zone":"","msg":"RT Pokemon Happy Pokémon Day Trainers Show us how youre celebrating by using PokemonDay https//tco/fyxWgch7q3 https//tco/9ZKJss3…"}
{"tweet_id":841794070099910656,"created_unixtime":1489534320746,"created_time":"Tue Mar 14 23:32:00 +0000 2017","lang":"en","displayname":"briankesinger","time_zone":"","msg":"Happy octopiday from ottoandvictoria https//tco/RNBiYBJNBq"}
{"tweet_id":841794070506749952,"created_unixtime":1489534320843,"created_time":"Tue Mar 14 23:32:00 +0000 2017","lang":"en","displayname":"lilianekom","time_zone":"Amsterdam","msg":"So sad and lonely heyI remember when I stormed outI remember when I gave up loving youI was sad and lonelyhttps//tco/eovrypsEua"}
{"tweet_id":841794070930460674,"created_unixtime":1489534320944,"created_time":"Tue Mar 14 23:32:00 +0000 2017","lang":"pt","displayname":"janainazanni","time_zone":"","msg":"RT dyIanzbrien HAPPYJINJINDAYHAPPY BIRTHDAY JINJIN JINWOO LINDOMEU RATINHO LIDER FOFO LIDNODORIRJRPARABÉNS TIAMO BEBE https//t…"}
{"tweet_id":841794070926245889,"created_unixtime":1489534320943,"created_time":"Tue Mar 14 23:32:00 +0000 2017","lang":"en","displayname":"ultnams","time_zone":"London","msg":"RT lqjjk a happy bunny https//tco/BDODvRcYT1"}
{"tweet_id":841794070775123968,"created_unixtime":1489534320907,"created_time":"Tue Mar 14 23:32:00 +0000 2017","lang":"tl","displayname":"kulaspirata","time_zone":"Beijing","msg":"Happy birthday to the dongsaeng I grew up with hehe Ang Heechul ng pamilya namin Lol https//tco/UJtsvd7wqo"}
{"tweet_id":841794071597264896,"created_unixtime":1489534321103,"created_time":"Tue Mar 14 23:32:01 +0000 2017","lang":"en","displayname":"haNAM_dulset","time_zone":"","msg":"RT GW_Angelita Happy white day 😍😍😍 https//tco/kcZf55xDXR"}
{"tweet_id":841794071236624384,"created_unixtime":1489534321017,"created_time":"Tue Mar 14 23:32:01 +0000 2017","lang":"en","displayname":"zhaaaane","time_zone":"Pacific Time (US & Canada)","msg":"RT laMillionss zhaaaane happy birthday love u"}
{"tweet_id":841794071534424064,"created_unixtime":1489534321088,"created_time":"Tue Mar 14 23:32:01 +0000 2017","lang":"en","displayname":"steve5salt","time_zone":"","msg":"GarethLHall Andy_Saxton_ 14 chairmen in 14 years cant be wrong But keep happy clapping"}
{"tweet_id":841794072771719169,"created_unixtime":1489534321383,"created_time":"Tue Mar 14 23:32:01 +0000 2017","lang":"en","displayname":"PrettyFaceQuin","time_zone":"Central Time (US & Canada)","msg":"RT Creolequeennn I love seeing happy couples that didnt let distance pull them apart😭"}
{"tweet_id":841794072171945984,"created_unixtime":1489534321240,"created_time":"Tue Mar 14 23:32:01 +0000 2017","lang":"en","displayname":"just_maggg","time_zone":"","msg":"RT legitericka just_maggg Im so happy weve became closer lately mags I love youuu 💖😻 https//tco/3jlBEYlxXq"}
{"tweet_id":841794071341477888,"created_unixtime":1489534321042,"created_time":"Tue Mar 14 23:32:01 +0000 2017","lang":"en","displayname":"ibsrecordz","time_zone":"Pacific Time (US & Canada)","msg":"Really happy amp privileged to announce the newest DJ to join the station DJ Piggs Saturday night show The Bacon https//tco/s0Fc43GNG6"}
{"tweet_id":841794071073067008,"created_unixtime":1489534320978,"created_time":"Tue Mar 14 23:32:00 +0000 2017","lang":"en","displayname":"michaelsky12","time_zone":"","msg":"RT michaelsky12 JenaC2 Happy new week jena🌸👒🍂🌟🌺💫🌸👒💐🌾🌟👒🍂💫🌟👑🌟🌸💫 https//tco/23hZ8RwLnl"}
{"tweet_id":841794072109056000,"created_unixtime":1489534321225,"created_time":"Tue Mar 14 23:32:01 +0000 2017","lang":"en","displayname":"honeymoonklaine","time_zone":"","msg":"honeymoonklaine 161 You Are The Sunshine Of My Lifethis performance is so happy I love it"}
{"tweet_id":841794071953870849,"created_unixtime":1489534321188,"created_time":"Tue Mar 14 23:32:01 +0000 2017","lang":"en","displayname":"xoallierosato","time_zone":"Pacific Time (US & Canada)","msg":"RT ilovefIowers if ur sad https//tco/cwXvLBIWEu"}
{"tweet_id":841794073103073280,"created_unixtime":1489534321462,"created_time":"Tue Mar 14 23:32:01 +0000 2017","lang":"en","displayname":"tanimkamelia6","time_zone":"","msg":"RT livexxdiamond Happy birthday danieljgillies thank you for Elijah ❤HappyBdayDanielGillies https//tco/9ml4LfMBAJ"}
{"tweet_id":841794073614774272,"created_unixtime":1489534321584,"created_time":"Tue Mar 14 23:32:01 +0000 2017","lang":"en","displayname":"phxtojunkie","time_zone":"London","msg":"RT FreddyAmazin Someone When was the last time u were truly happyMe https//tco/0lG917uPtK"}
{"tweet_id":841794071286972418,"created_unixtime":1489534321029,"created_time":"Tue Mar 14 23:32:01 +0000 2017","lang":"en","displayname":"ClaireIsabelle8","time_zone":"","msg":"RT brymer2019 Am I sad because I want more macaroni or do I want more macaroni because Im sad"}
{"tweet_id":841794075011428352,"created_unixtime":1489534321917,"created_time":"Tue Mar 14 23:32:01 +0000 2017","lang":"en","displayname":"lovinaylinxo","time_zone":"","msg":"RT Zyphree_ thinking about my future makes me happy Im excited amp nervous at the same time"}
{"tweet_id":841794074902372352,"created_unixtime":1489534321891,"created_time":"Tue Mar 14 23:32:01 +0000 2017","lang":"ko","displayname":"Lightspeeer","time_zone":"Seoul","msg":"RT upfrontfeminism [WP] 하원의원 크리스티나 가르시아 Cristina Garcia 생리용품은 면제하고 주세 인상해라 상식적으로 술은 선택이지만 인간으로 살아가는 것은 선택이 아니다 https//tco/vmxcyMhp…"}
{"tweet_id":841794074864570368,"created_unixtime":1489534321882,"created_time":"Tue Mar 14 23:32:01 +0000 2017","lang":"en","displayname":"GrantJamesONeal","time_zone":"","msg":"RT MaxCocreham GrantJamesONeal happy birthday homie more fun times to come have a good one 🐺🏒❤️"}
{"tweet_id":841794075212697600,"created_unixtime":1489534321965,"created_time":"Tue Mar 14 23:32:01 +0000 2017","lang":"ja","displayname":"reikahika","time_zone":"","msg":"RT Love_ss_get reikahika ねぇ、ひっか。ツーショットこれしかないよ😭これじゃなかったら幼稚園まで遡る。もっと写真撮ろう😭😭😭Happy Birthday💕ダンス頑張って💪今年はツーショット増やそう👍✨ https//tco/TjI1d1g…"}
{"tweet_id":841794074608844800,"created_unixtime":1489534321821,"created_time":"Tue Mar 14 23:32:01 +0000 2017","lang":"ko","displayname":"taehyoonbin","time_zone":"Mid-Atlantic","msg":"RT offclASTRO Happy birthday to you~ 진진형 22번째 생일을진심으로 축하해요🎉🎉 착하고 장난도 잘받아주고 리더쉽있는ㅎㅎ진진형 귀염댕이 아스트로 잘부탁드려요생일선물 나 HappyJINJINDay https//…"}
{"tweet_id":841794075137208320,"created_unixtime":1489534321947,"created_time":"Tue Mar 14 23:32:01 +0000 2017","lang":"en","displayname":"bluidgr75","time_zone":"Pacific Time (US & Canada)","msg":"EvanonHB Ditto This is the only thing this free agency period that has made me remotely happy"}
{"tweet_id":841794075233771521,"created_unixtime":1489534321970,"created_time":"Tue Mar 14 23:32:01 +0000 2017","lang":"en","displayname":"tgodmiranda","time_zone":"Tijuana","msg":"RT insecuring IF HE HAS A GIRLFRIEND THAT MEANS LEAVE HIM ALONE DONT TEXT HIM DONT CALL HIM  DONT HIT HIM UP GO GET YOUR OWN MAN AND L…"}
{"tweet_id":841794073149231105,"created_unixtime":1489534321473,"created_time":"Tue Mar 14 23:32:01 +0000 2017","lang":"en","displayname":"allinpeterson","time_zone":"","msg":"Happy birthday lauren_bangh Im so glad weve gotten close this year I hope you had an amazing day❤️ https//tco/PEJUwUIAno"}
{"tweet_id":841794075330248706,"created_unixtime":1489534321993,"created_time":"Tue Mar 14 23:32:01 +0000 2017","lang":"en","displayname":"lilianekom","time_zone":"Amsterdam","msg":"So sad and lonely heyI remember when I stormed outI remember when I gave up loving youI was sad and lonelyhttps//tco/Ev4SHReNww"}
{"tweet_id":841794075531595776,"created_unixtime":1489534322041,"created_time":"Tue Mar 14 23:32:02 +0000 2017","lang":"en","displayname":"sdorcellus","time_zone":"Pacific Time (US & Canada)","msg":"Happy birthday sis ❤️ miss you killa _jhayess"}
{"tweet_id":841794075976175616,"created_unixtime":1489534322147,"created_time":"Tue Mar 14 23:32:02 +0000 2017","lang":"en","displayname":"BlancaMurray1","time_zone":"","msg":"Hayyy find new girl and be happy  https//tco/KYecxHU8E9 https//tco/uBIUFa6Lyd"}
{"tweet_id":841794076542410756,"created_unixtime":1489534322282,"created_time":"Tue Mar 14 23:32:02 +0000 2017","lang":"en","displayname":"torikmar9qy","time_zone":"","msg":"RT mommy141011 Today I choose to be happy and I will do my best to keep the negative attitudes from spoiling my day"}
{"tweet_id":841794076861177856,"created_unixtime":1489534322358,"created_time":"Tue Mar 14 23:32:02 +0000 2017","lang":"en","displayname":"emilyycarreiro","time_zone":"Pacific Time (US & Canada)","msg":"RT ShredMonkey_ Sometimes you cant let go of whats making you sad Because it was the only thing that made you happy"}
{"tweet_id":841794077028962304,"created_unixtime":1489534322398,"created_time":"Tue Mar 14 23:32:02 +0000 2017","lang":"en","displayname":"Bxris_","time_zone":"Pacific Time (US & Canada)","msg":"RT sheswithmee IfYoureMyGirl I plan to give you the world and I will constantly strive to make you happy no matter what I have to do"}
{"tweet_id":841794076966064129,"created_unixtime":1489534322383,"created_time":"Tue Mar 14 23:32:02 +0000 2017","lang":"en","displayname":"filafresh","time_zone":"Central Time (US & Canada)","msg":"RT TheYBF Still our jam Happy birthday QuincyJones YBFBirthdays Tamia https//tco/9sEqgpd7hi https//tco/OrWOcUQp9H"}
{"tweet_id":841794077146378240,"created_unixtime":1489534322426,"created_time":"Tue Mar 14 23:32:02 +0000 2017","lang":"en","displayname":"PaitynJohnson","time_zone":"","msg":"RT shelbymaynor10 My favs 💙 https//tco/l3OsWdN1Nq"}
{"tweet_id":841794077351915521,"created_unixtime":1489534322475,"created_time":"Tue Mar 14 23:32:02 +0000 2017","lang":"en","displayname":"CelioooC49","time_zone":"","msg":"RT RickyPDillon Happy pi day https//tco/PyJRimk7d3"}
{"tweet_id":841794077335126016,"created_unixtime":1489534322471,"created_time":"Tue Mar 14 23:32:02 +0000 2017","lang":"en","displayname":"BeAwesome_Laugh","time_zone":"Pacific Time (US & Canada)","msg":"RT GajHaj Be happy for this moment This moment is your life Omar Khayyam https//tco/q9E9UoOPYD"}
{"tweet_id":841794077444124672,"created_unixtime":1489534322497,"created_time":"Tue Mar 14 23:32:02 +0000 2017","lang":"en","displayname":"anne_bagalan","time_zone":"","msg":"RT mbchavez86 Seeing you both thise happy makes me so happy tooGoodvibes amp happinessMaymay amp EdwardMBMayWard [pctto] https//tco…"}
{"tweet_id":841794077842632705,"created_unixtime":1489534322592,"created_time":"Tue Mar 14 23:32:02 +0000 2017","lang":"en","displayname":"giavaanni","time_zone":"","msg":"_meermaaaid happy birthday 💕"}
{"tweet_id":841794077972672512,"created_unixtime":1489534322623,"created_time":"Tue Mar 14 23:32:02 +0000 2017","lang":"en","displayname":"stephanie_paezz","time_zone":"Pacific Time (US & Canada)","msg":"RT smokepurpp I do what the fuck I want I dont fucking care what anyone thinks Im happy"}
{"tweet_id":841794078136242180,"created_unixtime":1489534322662,"created_time":"Tue Mar 14 23:32:02 +0000 2017","lang":"en","displayname":"EGO_MANIAK","time_zone":"Central Time (US & Canada)","msg":"RT illvibethetribe Happy anniversary to one of our all time favorites Love Jones 😩😩💙💙💙 LoveJones20 20YearsofJonesin https//tco/nlTN…"}
{"tweet_id":841794076802449410,"created_unixtime":1489534322344,"created_time":"Tue Mar 14 23:32:02 +0000 2017","lang":"en","displayname":"MikaelsonSlave","time_zone":"","msg":"I cant even explain how happy I am to have my best friend ArrogantArchaic back again https//tco/em5YPuzrgD"}
{"tweet_id":841794078941495296,"created_unixtime":1489534322854,"created_time":"Tue Mar 14 23:32:02 +0000 2017","lang":"en","displayname":"richardsison","time_zone":"Sydney","msg":"sketchpacks Yeah I figured it was because it was tricky Nail this though and you’ll make a lot of people happy"}
{"tweet_id":841794078425665536,"created_unixtime":1489534322731,"created_time":"Tue Mar 14 23:32:02 +0000 2017","lang":"en","displayname":"sweetishmaria","time_zone":"Eastern Time (US & Canada)","msg":"browncrates happy birthday b💘 Im so happy we met and that we vibe and that u fuk with the vision Im currently in love with you two"}
{"tweet_id":841794079444750337,"created_unixtime":1489534322974,"created_time":"Tue Mar 14 23:32:02 +0000 2017","lang":"en","displayname":"cindyyxv","time_zone":"","msg":"I am both happy and sad at the same time and I’m still trying to figure out how that could be"}
{"tweet_id":841794079449006080,"created_unixtime":1489534322975,"created_time":"Tue Mar 14 23:32:02 +0000 2017","lang":"en","displayname":"JacquelineHine1","time_zone":"Arizona","msg":"RT TheDemocrats The GOP is happy that Trumpcare will cut premiums but it does so by pushing older Americans off their plans https//tc…"}
{"tweet_id":841794079646179328,"created_unixtime":1489534323022,"created_time":"Tue Mar 14 23:32:03 +0000 2017","lang":"en","displayname":"osx_ail","time_zone":"London","msg":"RT osx_ail Americans really not feeling Keke Palmers dancing but look how happy she looks https//tco/eeTwmfcojU"}
{"tweet_id":841794079579111424,"created_unixtime":1489534323006,"created_time":"Tue Mar 14 23:32:03 +0000 2017","lang":"en","displayname":"Cdarb60","time_zone":"","msg":"RT LeBRON_NATION6 Happy with life"}
{"tweet_id":841794080107520000,"created_unixtime":1489534323132,"created_time":"Tue Mar 14 23:32:03 +0000 2017","lang":"en","displayname":"balatbatlorenzo","time_zone":"Alaska","msg":"RT DimeUPROXX HAPPY BIRTHDAY STEPH StephenCurry30 💯💯 https//tco/ga5Ipn5lbM"}
{"tweet_id":841794079952367616,"created_unixtime":1489534323095,"created_time":"Tue Mar 14 23:32:03 +0000 2017","lang":"en","displayname":"oaztko","time_zone":"","msg":"RT habibisilvia Happy sunday friend Every day u can learn new things amazingnature😄👍🐠🐟🐳 https//tco/jFrxpCTRqT"}
{"tweet_id":841794079927218177,"created_unixtime":1489534323089,"created_time":"Tue Mar 14 23:32:03 +0000 2017","lang":"en","displayname":"alfat7uqomot","time_zone":"","msg":"RT ringelrei please I want them to be happy https//tco/mMMS2L9zbw"}
{"tweet_id":841794077158973440,"created_unixtime":1489534322429,"created_time":"Tue Mar 14 23:32:02 +0000 2017","lang":"en","displayname":"AnsiedadKaryna","time_zone":"Pacific Time (US & Canada)","msg":"Hes the reason why Im always happy https//tco/VkXeFVQIRn"}
{"tweet_id":841794080216559616,"created_unixtime":1489534323158,"created_time":"Tue Mar 14 23:32:03 +0000 2017","lang":"tl","displayname":"DhellovesSam","time_zone":"Pacific Time (US & Canada)","msg":"RT sammangubat Happy 250K LikesNapanood niyo po ba yung performance ko kanina sa Its ShowtimeYou can watch it here https//tco/…"}
{"tweet_id":841794080094982144,"created_unixtime":1489534323129,"created_time":"Tue Mar 14 23:32:03 +0000 2017","lang":"en","displayname":"pscoordsen13","time_zone":"","msg":"Love it BatB SaveBatB https//tco/E52immJ3lu"}
{"tweet_id":841794080434601985,"created_unixtime":1489534323210,"created_time":"Tue Mar 14 23:32:03 +0000 2017","lang":"en","displayname":"BoredIndividual","time_zone":"","msg":"Well damn this is a shame I really loved the design in this magazine Sad to see it go https//tco/c1YtnyWYar"}
{"tweet_id":841794080258510848,"created_unixtime":1489534323168,"created_time":"Tue Mar 14 23:32:03 +0000 2017","lang":"en","displayname":"RodneyCuhh","time_zone":"","msg":"franhotdamn lmao damn thats lowkey sad I thought she was the nanny"}
{"tweet_id":841794080535416832,"created_unixtime":1489534323234,"created_time":"Tue Mar 14 23:32:03 +0000 2017","lang":"en","displayname":"LanaInTheHeart2","time_zone":"","msg":"RT NetflixUK Make your own happy ending OUAT https//tco/rpg2pzepuB"}
{"tweet_id":841794080724013056,"created_unixtime":1489534323279,"created_time":"Tue Mar 14 23:32:03 +0000 2017","lang":"en","displayname":"Anvkii","time_zone":"Pacific Time (US & Canada)","msg":"MapleStory was ahead of its time doing that bullshit 😂 https//tco/kZNKIsyUAy"}
{"tweet_id":841794081353162752,"created_unixtime":1489534323429,"created_time":"Tue Mar 14 23:32:03 +0000 2017","lang":"en","displayname":"kotabeardavis","time_zone":"Central Time (US & Canada)","msg":"RT KingJames Happy Bday bro RealTristan13 Glad I got to spend some time with you on your day Enjoy MoreLife"}
{"tweet_id":841794080313118720,"created_unixtime":1489534323181,"created_time":"Tue Mar 14 23:32:03 +0000 2017","lang":"en","displayname":"trilldotun","time_zone":"","msg":"RT RapsDaiIy_ Know the difference between a Bad Bitch and a Sad Bitch https//tco/TDwyai92sb"}
{"tweet_id":841794081143566336,"created_unixtime":1489534323379,"created_time":"Tue Mar 14 23:32:03 +0000 2017","lang":"en","displayname":"AvosfromMexico","time_zone":"Pacific Time (US & Canada)","msg":"Chazjn75 There should be more people as happy as you Share your AvoHappiness https//tco/8px885pATe"}
{"tweet_id":841794081709780993,"created_unixtime":1489534323514,"created_time":"Tue Mar 14 23:32:03 +0000 2017","lang":"en","displayname":"bellamineblake","time_zone":"","msg":"RT bravenwellarke now really imagine hating Clarke Griffin so much you dont want her to be with someone who makes her THIS happy https/…"}
{"tweet_id":841794081906872320,"created_unixtime":1489534323561,"created_time":"Tue Mar 14 23:32:03 +0000 2017","lang":"en","displayname":"VinceR34","time_zone":"Kuala Lumpur","msg":"RT TopGlamourbabes A big happy birthday to my good friend ShawnTardif 🎂 Have a great birthday https//tco/fNcABCV8fa"}
{"tweet_id":841794082137600000,"created_unixtime":1489534323616,"created_time":"Tue Mar 14 23:32:03 +0000 2017","lang":"en","displayname":"mnoukhiya","time_zone":"","msg":"Cineca1969 fedepisani  RIP Anna   She was an active PI on Shaheen KAUST_HPC https//tco/jpLNPuBVDK"}
{"tweet_id":841794077112864768,"created_unixtime":1489534322418,"created_time":"Tue Mar 14 23:32:02 +0000 2017","lang":"en","displayname":"_JackGreer_","time_zone":"","msg":"happy andrewpalooza day IfftAndrew 🎈🏏🎊 https//tco/z0bmm0wsSL"}
{"tweet_id":841794082733203457,"created_unixtime":1489534323758,"created_time":"Tue Mar 14 23:32:03 +0000 2017","lang":"en","displayname":"KRebholtz","time_zone":"","msg":"THANK YOU https//tco/JBgni4GINK"}
{"tweet_id":841794083068735493,"created_unixtime":1489534323838,"created_time":"Tue Mar 14 23:32:03 +0000 2017","lang":"en","displayname":"kahlantay","time_zone":"Central Time (US & Canada)","msg":"RT CusfuI if youre sad over a guy remember that you can create humans bleed for 7 days without dying amp swallow kids all guys do is li…"}
{"tweet_id":841794083429470208,"created_unixtime":1489534323924,"created_time":"Tue Mar 14 23:32:03 +0000 2017","lang":"en","displayname":"jordanavila_","time_zone":"Pacific Time (US & Canada)","msg":"RT D_Deji28 Do you guys know why he was killed A girl lied that he raped her and her brother shot him dead https//tco/IWDVDZp3rz"}
{"tweet_id":841794083991384065,"created_unixtime":1489534324058,"created_time":"Tue Mar 14 23:32:04 +0000 2017","lang":"en","displayname":"_acqgomez","time_zone":"Hong Kong","msg":"happy horse for the happy whore"}
{"tweet_id":841794083500773376,"created_unixtime":1489534323941,"created_time":"Tue Mar 14 23:32:03 +0000 2017","lang":"en","displayname":"XXmvk","time_zone":"Pacific Time (US & Canada)","msg":"Thanks boo ily moreeeeee💗 https//tco/n6lHE4ucpv"}
{"tweet_id":841794083534311424,"created_unixtime":1489534323949,"created_time":"Tue Mar 14 23:32:03 +0000 2017","lang":"en","displayname":"zuzanadesigns","time_zone":"Central Time (US & Canada)","msg":"Happy SteakAndBlowjobDay Hope your streaks are rare and your BJs are well done  https//tco/ZUp4lfbdic"}
{"tweet_id":841794084922515456,"created_unixtime":1489534324280,"created_time":"Tue Mar 14 23:32:04 +0000 2017","lang":"ja","displayname":"ywct1218","time_zone":"","msg":"RT poteto_rubyi 園田海未生誕祭2017 ぽっぴん加工海未ちゃん happy birthday‼️🎂🎂海未ちゃんアイコン配布です！ https//tco/BySEyTTCgE"}
{"tweet_id":841794084968759297,"created_unixtime":1489534324291,"created_time":"Tue Mar 14 23:32:04 +0000 2017","lang":"en","displayname":"gaaaabs_t","time_zone":"Belgrade","msg":"RT debnamfloriana chy_leigh is online and making all my friends happy by noticing them or replying to them and Im like https//tco/0Az…"}
{"tweet_id":841794085413376000,"created_unixtime":1489534324397,"created_time":"Tue Mar 14 23:32:04 +0000 2017","lang":"en","displayname":"aubbbharris","time_zone":"Central Time (US & Canada)","msg":"Spring forward always takes some time to adjust to but when its 630 and still light outside Im happy 😌"}
{"tweet_id":841794084348014592,"created_unixtime":1489534324143,"created_time":"Tue Mar 14 23:32:04 +0000 2017","lang":"en","displayname":"srivera843","time_zone":"","msg":"RT Guggenheim Happy PiDay The iconic oculus in our museums rotunda contains 12 “pie slices” of glass https//tco/YOqT8yHOLm https//…"}
{"tweet_id":841794085555851265,"created_unixtime":1489534324431,"created_time":"Tue Mar 14 23:32:04 +0000 2017","lang":"en","displayname":"123FilmTV","time_zone":"Pacific Time (US & Canada)","msg":"Latest Jane Lynch Joins NBC Pilot Relatively Happy https//tco/5ZFmAD4rnI TV"}
{"tweet_id":841794085685977090,"created_unixtime":1489534324462,"created_time":"Tue Mar 14 23:32:04 +0000 2017","lang":"en","displayname":"FineMan26","time_zone":"","msg":"I happy as can b"}
{"tweet_id":841794085279174657,"created_unixtime":1489534324365,"created_time":"Tue Mar 14 23:32:04 +0000 2017","lang":"und","displayname":"Luke_Is_Wrong","time_zone":"Central Time (US & Canada)","msg":"maaaannnnnnn https//tco/L8hg2q3r5S"}
{"tweet_id":841794085933404160,"created_unixtime":1489534324521,"created_time":"Tue Mar 14 23:32:04 +0000 2017","lang":"en","displayname":"rdrgzsbl","time_zone":"","msg":"RT classifiedfact Banana is a happy fruit Eating just one can help relieve irritable emotions anger and or depression"}
{"tweet_id":841794085509816321,"created_unixtime":1489534324420,"created_time":"Tue Mar 14 23:32:04 +0000 2017","lang":"en","displayname":"D_Wadee13","time_zone":"Quito","msg":"Wanna Say Happy Birthday To My BDay Twin kashdoll😍😍😍😍😍🎉🎉🎉🎉🎉🎉 Waiting On For Everybody😍😭‼️"}
{"tweet_id":841794085937680384,"created_unixtime":1489534324522,"created_time":"Tue Mar 14 23:32:04 +0000 2017","lang":"en","displayname":"JohnDennisWEEI","time_zone":"Eastern Time (US & Canada)","msg":"hulbert519 kirkmin Feel free to unfolo and have yourself a happy evening Dan"}
{"tweet_id":841794086340308993,"created_unixtime":1489534324618,"created_time":"Tue Mar 14 23:32:04 +0000 2017","lang":"en","displayname":"CeloFtUru","time_zone":"International Date Line West","msg":"RT foolskam when even chose isak over everything elseTHEY MISSED EACH OTHER SO MUCHthey were finally reunitedive never f… "}
{"tweet_id":841794085321093122,"created_unixtime":1489534324375,"created_time":"Tue Mar 14 23:32:04 +0000 2017","lang":"en","displayname":"outerspacejanos","time_zone":"Lisbon","msg":"RT Ashton5SOS HAPPY MONDAY https//tco/z0i1UqhS6X"}
{"tweet_id":841794086633844737,"created_unixtime":1489534324688,"created_time":"Tue Mar 14 23:32:04 +0000 2017","lang":"en","displayname":"boysbe_flying","time_zone":"Pacific Time (US & Canada)","msg":"my queen 👑 i hope everything gets better and you never forget what makes you happy 😍👸 LoveYouAmber"}
{"tweet_id":841794086264795136,"created_unixtime":1489534324600,"created_time":"Tue Mar 14 23:32:04 +0000 2017","lang":"en","displayname":"mini_catty","time_zone":"Lisbon","msg":"RT RickyPDillon Happy pi day https//tco/PyJRimk7d3"}
{"tweet_id":841794086302543873,"created_unixtime":1489534324609,"created_time":"Tue Mar 14 23:32:04 +0000 2017","lang":"en","displayname":"forevagrateful_","time_zone":"Arizona","msg":"RT D_Deji28 Do you guys know why he was killed A girl lied that he raped her and her brother shot him dead https//tco/IWDVDZp3rz"}
{"tweet_id":841794087019724802,"created_unixtime":1489534324780,"created_time":"Tue Mar 14 23:32:04 +0000 2017","lang":"en","displayname":"Beaver23Moody","time_zone":"","msg":"Happy birthday darealsin  u still gay tho"}
{"tweet_id":841794087032377345,"created_unixtime":1489534324783,"created_time":"Tue Mar 14 23:32:04 +0000 2017","lang":"en","displayname":"LoredanaBaranga","time_zone":"London","msg":"RT EalingHour The EalingHour team is happy to welcome LoredanaBaranga as our guest host for this weeks EalingHour Tuesday 89… "}
{"tweet_id":841794087174856704,"created_unixtime":1489534324817,"created_time":"Tue Mar 14 23:32:04 +0000 2017","lang":"en","displayname":"alayjawndruh","time_zone":"","msg":"Then he said you have amazing handwriting amp any compliments toward my handwriting make me really happy"}
{"tweet_id":841794087518842880,"created_unixtime":1489534324899,"created_time":"Tue Mar 14 23:32:04 +0000 2017","lang":"en","displayname":"alexiamiraya","time_zone":"Pacific Time (US & Canada)","msg":"I guess this sounds like another sad love song"}
{"tweet_id":841794087405662210,"created_unixtime":1489534324872,"created_time":"Tue Mar 14 23:32:04 +0000 2017","lang":"en","displayname":"HellennCardoso","time_zone":"","msg":"RT NiallOfficial Harry_Styles happy birthday mate Have a good day  see ya soon"}
{"tweet_id":841794087921553409,"created_unixtime":1489534324995,"created_time":"Tue Mar 14 23:32:04 +0000 2017","lang":"en","displayname":"kingjuIia","time_zone":"Paris","msg":"JordiWhitworth even if I dont tweet you everyday Im proud to see the man youre becoming so happy for everything that happened to you 💙"}
{"tweet_id":841794087883837440,"created_unixtime":1489534324986,"created_time":"Tue Mar 14 23:32:04 +0000 2017","lang":"en","displayname":"townsendkyle03","time_zone":"Pacific Time (US & Canada)","msg":"Such a lit day 😂 Thank you Cam 🙌🏽 https//tco/MZ4CTOxKgo"}
{"tweet_id":841794088185790465,"created_unixtime":1489534325058,"created_time":"Tue Mar 14 23:32:05 +0000 2017","lang":"en","displayname":"jessmorcom","time_zone":"Amsterdam","msg":"RT cairdyy30  if theres even a slight chance at getting something that will make you happy risk it Lifes too short amp happiness is to…"}
{"tweet_id":841794088395395072,"created_unixtime":1489534325108,"created_time":"Tue Mar 14 23:32:05 +0000 2017","lang":"en","displayname":"Bougied0ll","time_zone":"Arizona","msg":"RT TheXOPodcast Imagine finally meeting ur favorite artist in the world amp asking for a picinstead youre told that you make him si… "}
{"tweet_id":841794087594385411,"created_unixtime":1489534324917,"created_time":"Tue Mar 14 23:32:04 +0000 2017","lang":"en","displayname":"Thesoulofky","time_zone":"Eastern Time (US & Canada)","msg":"RT D_Deji28 Do you guys know why he was killed A girl lied that he raped her and her brother shot him dead https//tco/IWDVDZp3rz"}
{"tweet_id":841794086713602048,"created_unixtime":1489534324707,"created_time":"Tue Mar 14 23:32:04 +0000 2017","lang":"en","displayname":"adaraschz","time_zone":"Casablanca","msg":"RT mxzyxz i always get sad and want a girlfriend then i realise that i work 7 days a week i dont even have time to myself let alone fing…"}
{"tweet_id":841794088630378496,"created_unixtime":1489534325164,"created_time":"Tue Mar 14 23:32:05 +0000 2017","lang":"en","displayname":"_QuotesQuick","time_zone":"Casablanca","msg":"If you have the power to make someone happy do it The world needs more of that ❤"}
{"tweet_id":841794088550686721,"created_unixtime":1489534325145,"created_time":"Tue Mar 14 23:32:05 +0000 2017","lang":"en","displayname":"joeymisura","time_zone":"Atlantic Time (Canada)","msg":"RT nyjets Happy PiDay https//tco/cqnBOy8LIP"}
{"tweet_id":841794088861016066,"created_unixtime":1489534325219,"created_time":"Tue Mar 14 23:32:05 +0000 2017","lang":"en","displayname":"kdn_02","time_zone":"","msg":"takaryosan happy birthday bro"}
{"tweet_id":841794088785534976,"created_unixtime":1489534325201,"created_time":"Tue Mar 14 23:32:05 +0000 2017","lang":"en","displayname":"CK__VII","time_zone":"Pacific Time (US & Canada)","msg":"Happy birthday brodie 😬 robledo_isaac"}
{"tweet_id":841794080313118720,"created_unixtime":1489534323181,"created_time":"Tue Mar 14 23:32:03 +0000 2017","lang":"en","displayname":"trilldotun","time_zone":"","msg":"RT RapsDaiIy_ Know the difference between a Bad Bitch and a Sad Bitch https//tco/TDwyai92sb"}
{"tweet_id":841794088697516034,"created_unixtime":1489534325180,"created_time":"Tue Mar 14 23:32:05 +0000 2017","lang":"en","displayname":"suurelee","time_zone":"","msg":"RT _queenliv__ the sad truth😕 https//tco/Jsq2dijWmZ"}
{"tweet_id":841794086118035456,"created_unixtime":1489534324565,"created_time":"Tue Mar 14 23:32:04 +0000 2017","lang":"en","displayname":"branpau","time_zone":"","msg":"RT LazyRxMan We should have our own happy hour at the pharmacy No scripts are filled but we grill steaks and have a great time"}
{"tweet_id":841794089448222720,"created_unixtime":1489534325359,"created_time":"Tue Mar 14 23:32:05 +0000 2017","lang":"en","displayname":"callmeQuintanaa","time_zone":"Pacific Time (US & Canada)","msg":"HAPPY BIRTHDAY PLO 😊🙌🏼🙌🏼 hope you have a good one 🎈 paoloarciaga"}
{"tweet_id":841794089427247104,"created_unixtime":1489534325354,"created_time":"Tue Mar 14 23:32:05 +0000 2017","lang":"en","displayname":"373_japan_","time_zone":"","msg":"RT vivi123355 Happy White Day ♥ https//tco/y67H4GanCr"}
{"tweet_id":841794084910075905,"created_unixtime":1489534324277,"created_time":"Tue Mar 14 23:32:04 +0000 2017","lang":"en","displayname":"klurinaaa","time_zone":"","msg":"RT NeKap Happy Pi Day yall"}
{"tweet_id":841794089267929088,"created_unixtime":1489534325316,"created_time":"Tue Mar 14 23:32:05 +0000 2017","lang":"en","displayname":"cemeterymami","time_zone":"Pacific Time (US & Canada)","msg":"RT TRASH_MOBB not happy not sad kinda just floating"}
{"tweet_id":841794089691443200,"created_unixtime":1489534325417,"created_time":"Tue Mar 14 23:32:05 +0000 2017","lang":"en","displayname":"cthedimond","time_zone":"","msg":"RT idkreesee i dont mean to jinx myself but i am so happy right now"}
{"tweet_id":841794070909456384,"created_unixtime":1489534320939,"created_time":"Tue Mar 14 23:32:00 +0000 2017","lang":"en","displayname":"SkolnyOrg","time_zone":"Pacific Time (US & Canada)","msg":"allisonjensen_ Closa12 BPucino Our series on Org Comm starts this week Will you each join us https//tco/iRla3DxL6X"}
{"tweet_id":841794089532051456,"created_unixtime":1489534325379,"created_time":"Tue Mar 14 23:32:05 +0000 2017","lang":"ja","displayname":"segawashowko","time_zone":"Tokyo","msg":"RT aoike_anthology 【執筆者さま紹介①】「Happy Day 」庵みつおさま（kara24_max ）からはオールキャラのまんがを寄稿していただきました！エロイカを中心に様々なキャラクターが登場します！ 青池作品アンソロAZUL… "}
{"tweet_id":841794090052268034,"created_unixtime":1489534325503,"created_time":"Tue Mar 14 23:32:05 +0000 2017","lang":"en","displayname":"AlainaWilson6","time_zone":"","msg":"i havent been this happy its been a year and three weeks the last time i was happy like this 😌"}
{"tweet_id":841794089188237312,"created_unixtime":1489534325297,"created_time":"Tue Mar 14 23:32:05 +0000 2017","lang":"en","displayname":"balmershan","time_zone":"Casablanca","msg":"Happy drunk at GorgonCity 😂🙈 https//tco/qAXdPTjHFn"}
{"tweet_id":841794090438029312,"created_unixtime":1489534325595,"created_time":"Tue Mar 14 23:32:05 +0000 2017","lang":"en","displayname":"notjoshbarber","time_zone":"Sydney","msg":"ellendando The last time I was happy reading a book was when Brans chapters ended"}
{"tweet_id":841794090568146948,"created_unixtime":1489534325626,"created_time":"Tue Mar 14 23:32:05 +0000 2017","lang":"en","displayname":"AmberJuelle","time_zone":"","msg":"Thanks Rachel ❤️ https//tco/4nTLYbd8RT"}
{"tweet_id":841794091109122049,"created_unixtime":1489534325755,"created_time":"Tue Mar 14 23:32:05 +0000 2017","lang":"en","displayname":"nicole_bennetts","time_zone":"Brisbane","msg":"Very sad news Thank you Con for leaving a wonderful legacy for our city goldcoast https//tco/hwkKWfpb6V"}
{"tweet_id":841794091155259392,"created_unixtime":1489534325766,"created_time":"Tue Mar 14 23:32:05 +0000 2017","lang":"en","displayname":"Mystery_Girl14","time_zone":"Arizona","msg":"RT etnow EXCLUSIVE TheRealCamilleG is really happy with her new beau and itching to come back to RHOBH fulltime… "}
{"tweet_id":841794090924691460,"created_unixtime":1489534325711,"created_time":"Tue Mar 14 23:32:05 +0000 2017","lang":"es","displayname":"blxncche","time_zone":"Ljubljana","msg":"Minichetoasdfg bueno ya no está en el cine sad"}
{"tweet_id":841794091239133186,"created_unixtime":1489534325786,"created_time":"Tue Mar 14 23:32:05 +0000 2017","lang":"ja","displayname":"katyon_tyon","time_zone":"","msg":"RT 1717frappuccino ✩海未ちゃんHappy Birthday✩いつも頑張り屋さんな海未ちゃん。頑張る人は素敵✨でしょ？加工もしてみました！どうかな？あなたに届け！ 園田海未生誕祭2017 3月15日は園田海未の誕生日… "}
{"tweet_id":841794091235086336,"created_unixtime":1489534325785,"created_time":"Tue Mar 14 23:32:05 +0000 2017","lang":"en","displayname":"pscoordsen13","time_zone":"","msg":"RT beastieaw Happy TuesdayThoughts gt A beast fell in love with a beauty Watch all 4 seasons of Beauty and the Beast 2012… "}
{"tweet_id":841794091419598848,"created_unixtime":1489534325829,"created_time":"Tue Mar 14 23:32:05 +0000 2017","lang":"en","displayname":"wise_savage__43","time_zone":"","msg":"RT 21savaggee all I want is a clear mind amp happy heart"}
{"tweet_id":841794091214090244,"created_unixtime":1489534325780,"created_time":"Tue Mar 14 23:32:05 +0000 2017","lang":"en","displayname":"Jeffrey_Andrew7","time_zone":"Eastern Time (US & Canada)","msg":"RT brainpicker Our task must be to free ourselves … by widening our circles of compassion Happy birthday Einstein… "}
{"tweet_id":841794091528658946,"created_unixtime":1489534325855,"created_time":"Tue Mar 14 23:32:05 +0000 2017","lang":"en","displayname":"AmerMusicChan","time_zone":"Central Time (US & Canada)","msg":"Thanks for the recent follow iMusicSuccess MondaysMonaLisa worshipcaferdo Happy to connect  have a great this week"}
{"tweet_id":841794091021135874,"created_unixtime":1489534325734,"created_time":"Tue Mar 14 23:32:05 +0000 2017","lang":"en","displayname":"Llama_Strudel","time_zone":"Eastern Time (US & Canada)","msg":"RT mcmelectronics Happy Pi Day 314 off Raspberry Pi 3 limit 3 Also 15 off selected Pi accessories https//tco/oR5X1EirO9 raspberr…"}
{"tweet_id":841794091558043648,"created_unixtime":1489534325862,"created_time":"Tue Mar 14 23:32:05 +0000 2017","lang":"en","displayname":"RadioCatfish","time_zone":"","msg":"NowPlaying Only Happy When It Rains  Garbage https//tco/RjxN43rSW0 1831"}
{"tweet_id":841794091067285504,"created_unixtime":1489534325745,"created_time":"Tue Mar 14 23:32:05 +0000 2017","lang":"en","displayname":"dj_switchaholic","time_zone":"Hawaii","msg":"RT NonyeDamBizness Ahhhhhh im so happy for Switch shes too dope for the world not to hear her 🙌🏾🔥see ya in June baby we turn up clap4de…"}
{"tweet_id":841794091776073728,"created_unixtime":1489534325914,"created_time":"Tue Mar 14 23:32:05 +0000 2017","lang":"en","displayname":"SEOExpertVegas","time_zone":"Pacific Time (US & Canada)","msg":"RT CityOfLasVegas Happy PiDay from our Safekey kids Learn more about before/after school care at … https//tco/Olg5gEXuQh"}
{"tweet_id":841794091750940672,"created_unixtime":1489534325908,"created_time":"Tue Mar 14 23:32:05 +0000 2017","lang":"en","displayname":"Lukeyyy2001","time_zone":"","msg":"darragh_lenihan Rovers Well played tonight so happy we got the draw🔵amazing effort from all of the lads coyb onto Saturday😊🔵⚽"}
{"tweet_id":841794091646083072,"created_unixtime":1489534325883,"created_time":"Tue Mar 14 23:32:05 +0000 2017","lang":"en","displayname":"nflmom54","time_zone":"","msg":"This is so sad This child was failed by her mother and the system This didnt have to happen Senseless😥 https//tco/gI55rbaKKV"}
{"tweet_id":841794091998412801,"created_unixtime":1489534325967,"created_time":"Tue Mar 14 23:32:05 +0000 2017","lang":"en","displayname":"nvlvstv","time_zone":"Quito","msg":"RT JustinTrudeau Happy PiDay Our government is committed to supporting science amp innovation for a stronger Canada And pie for a tasti…"}
{"tweet_id":841794088332611584,"created_unixtime":1489534325093,"created_time":"Tue Mar 14 23:32:05 +0000 2017","lang":"en","displayname":"MeltzerTali","time_zone":"","msg":"RT petewentz When you are about to text happy birthday and you look at the text thread and the last text was you saying happy birthday la…"}
{"tweet_id":841794091939725312,"created_unixtime":1489534325953,"created_time":"Tue Mar 14 23:32:05 +0000 2017","lang":"en","displayname":"Cierracarter_xo","time_zone":"","msg":"RT RickyPDillon Happy pi day https//tco/PyJRimk7d3"}
{"tweet_id":841794092669517824,"created_unixtime":1489534326127,"created_time":"Tue Mar 14 23:32:06 +0000 2017","lang":"pt","displayname":"WanderinTeacake","time_zone":"Amsterdam","msg":"Bravo heidi_mp https//tco/BZT5gJGyEe"}
{"tweet_id":841794092820512771,"created_unixtime":1489534326163,"created_time":"Tue Mar 14 23:32:06 +0000 2017","lang":"en","displayname":"BiboGhareb","time_zone":"","msg":"RT AsmAA_qandilL 🙈🙈🙈 thanx you https//tco/C8qtF7HhSI"}
{"tweet_id":841794092757590016,"created_unixtime":1489534326148,"created_time":"Tue Mar 14 23:32:06 +0000 2017","lang":"en","displayname":"thatdude_tyler","time_zone":"","msg":"RT CuteOverloads THIS JUST MADE ME SO HAPPY https//tco/0X8oNeJpgd"}
{"tweet_id":841794092694556672,"created_unixtime":1489534326133,"created_time":"Tue Mar 14 23:32:06 +0000 2017","lang":"en","displayname":"rikkthedick","time_zone":"Alaska","msg":"Happy pi day"}
{"tweet_id":841794093000867841,"created_unixtime":1489534326206,"created_time":"Tue Mar 14 23:32:06 +0000 2017","lang":"en","displayname":"exidofficiaIs","time_zone":"Pacific Time (US & Canada)","msg":"RT unbleachedkpop Happy Birthday to Astros precious leader 💕😭 HappyJinJinDay 별들의_리더_박진우_생일축하해 https//tco/d7VZsCTtGr"}
{"tweet_id":841794093286084608,"created_unixtime":1489534326274,"created_time":"Tue Mar 14 23:32:06 +0000 2017","lang":"en","displayname":"traceygregory29","time_zone":"","msg":"RT Maree71439592 🆘AdorableARMANDOSadgtOwner Sick💔TBD 3/15/17😿Adopt/Foster/Pledge/RTKilling at12PM🆘😿https//tco/0Y3yEwbY1X https…"}
{"tweet_id":841794093252526080,"created_unixtime":1489534326266,"created_time":"Tue Mar 14 23:32:06 +0000 2017","lang":"en","displayname":"katyloveM5","time_zone":"London","msg":"RT AussetChristina katyloveM5 OMG 😱👍 this is awesome 💥 happy for you ❤"}
{"tweet_id":841794093994786816,"created_unixtime":1489534326443,"created_time":"Tue Mar 14 23:32:06 +0000 2017","lang":"en","displayname":"ireniiee","time_zone":"","msg":"RT mariyah_ruth Im so happy for daisymarquez_ and how she is getting back on her feet We love you Daisy 😘👏🏼💖"}
{"tweet_id":841794093189632000,"created_unixtime":1489534326251,"created_time":"Tue Mar 14 23:32:06 +0000 2017","lang":"en","displayname":"SpagetJelly","time_zone":"Atlantic Time (Canada)","msg":"RT king_of_teeth HAPPY BDAY noserderigor ITS UR DREAM COME TRUE ✨🎀🍰💥🐦🦇💕💖 https//tco/YeAbpvxOdx"}
{"tweet_id":841794092778500096,"created_unixtime":1489534326153,"created_time":"Tue Mar 14 23:32:06 +0000 2017","lang":"en","displayname":"Cliff_Razzo","time_zone":"Mountain Time (US & Canada)","msg":"FondaFishing Happy PiDay https//tco/Dz7mh7ILc0"}
{"tweet_id":841794094066237440,"created_unixtime":1489534326460,"created_time":"Tue Mar 14 23:32:06 +0000 2017","lang":"en","displayname":"DomNTheCity","time_zone":"Eastern Time (US & Canada)","msg":"Happy 314 Stl  Have a slice of IMOs for me 😞"}
{"tweet_id":841794093311229952,"created_unixtime":1489534326280,"created_time":"Tue Mar 14 23:32:06 +0000 2017","lang":"en","displayname":"TammyJoanSnyde1","time_zone":"","msg":"hitech_guru happy holi my dear friend"}
{"tweet_id":841794094124937217,"created_unixtime":1489534326474,"created_time":"Tue Mar 14 23:32:06 +0000 2017","lang":"en","displayname":"MaryaleeScarlet","time_zone":"Eastern Time (US & Canada)","msg":"KazulGFox Yayhappy for you not so excited for Blizzcon"}
{"tweet_id":841794094405890049,"created_unixtime":1489534326541,"created_time":"Tue Mar 14 23:32:06 +0000 2017","lang":"en","displayname":"MeowtheMatt","time_zone":"","msg":"is that really all the people i have to talk about for that thread that was sad"}
{"tweet_id":841794094653358080,"created_unixtime":1489534326600,"created_time":"Tue Mar 14 23:32:06 +0000 2017","lang":"en","displayname":"painted_josh","time_zone":"Melbourne","msg":"Why am I googling pets for adoption im just making myself sad"}
{"tweet_id":841794092736630784,"created_unixtime":1489534326143,"created_time":"Tue Mar 14 23:32:06 +0000 2017","lang":"en","displayname":"mayx___","time_zone":"Eastern Time (US & Canada)","msg":"RT deeplyobriens she finally has someone who makes her happy treats her right and loves her more than anything in the world and she… "}
{"tweet_id":841794094955409408,"created_unixtime":1489534326672,"created_time":"Tue Mar 14 23:32:06 +0000 2017","lang":"en","displayname":"__brray","time_zone":"","msg":"RT ShredMonkey_ Sometimes you cant let go of whats making you sad Because it was the only thing that made you happy"}
{"tweet_id":841794095605514240,"created_unixtime":1489534326827,"created_time":"Tue Mar 14 23:32:06 +0000 2017","lang":"en","displayname":"bilkisvaxrr6","time_zone":"","msg":"RT McDonagh1995 Happy New Year 😀"}
{"tweet_id":841794094619885568,"created_unixtime":1489534326592,"created_time":"Tue Mar 14 23:32:06 +0000 2017","lang":"en","displayname":"IsabellaKRusso","time_zone":"Eastern Time (US & Canada)","msg":"Baby snow people Happy Stella2017 ☃️❄️ https//tco/efw96RgC90 https//tco/oOOBv3KPQ7"}
{"tweet_id":841794095093817346,"created_unixtime":1489534326705,"created_time":"Tue Mar 14 23:32:06 +0000 2017","lang":"en","displayname":"KylarPoole","time_zone":"","msg":"If Sonic getting your entire order right doesnt make you abnormally happy then you arent human"}
{"tweet_id":841794095974649856,"created_unixtime":1489534326915,"created_time":"Tue Mar 14 23:32:06 +0000 2017","lang":"en","displayname":"darafitz90","time_zone":"Amsterdam","msg":"RT RonanOGara10 RIP Dara Fitzpatrick People are only beginning to realise what a hero you areDevastingly sad"}
{"tweet_id":841794095538413569,"created_unixtime":1489534326811,"created_time":"Tue Mar 14 23:32:06 +0000 2017","lang":"en","displayname":"Teejaytnks","time_zone":"West Central Africa","msg":"RT classifiedfact Banana is a happy fruit Eating just one can help relieve irritable emotions anger and or depression"}
{"tweet_id":841794095831961600,"created_unixtime":1489534326881,"created_time":"Tue Mar 14 23:32:06 +0000 2017","lang":"und","displayname":"Apollo_Tutors","time_zone":"Central Time (US & Canada)","msg":"Happy pi Day π https//tco/XKVpNOWtyp https//tco/FMe4BaP9FI"}
{"tweet_id":841794096289218560,"created_unixtime":1489534326990,"created_time":"Tue Mar 14 23:32:06 +0000 2017","lang":"en","displayname":"ReginaUribeT","time_zone":"Arizona","msg":"RT deprive This makes me so happy https//tco/vGXqeXY5Mp"}
{"tweet_id":841794096113057794,"created_unixtime":1489534326948,"created_time":"Tue Mar 14 23:32:06 +0000 2017","lang":"en","displayname":"lunchho","time_zone":"Eastern Time (US & Canada)","msg":"TheFix You do understand its the Tony Kornheiser Show right Stop fing talking over everyone Get you own podcast sad"}
{"tweet_id":841794096318545921,"created_unixtime":1489534326997,"created_time":"Tue Mar 14 23:32:06 +0000 2017","lang":"en","displayname":"shane_59","time_zone":"Pacific Time (US & Canada)","msg":"RT CloydRivers Some kid told me Happy Pi Day Dropkicked his calculator and said America is the land of thick thighs and apple pies 17…"}
{"tweet_id":841794096326832129,"created_unixtime":1489534326999,"created_time":"Tue Mar 14 23:32:06 +0000 2017","lang":"en","displayname":"atienamiera95","time_zone":"","msg":"RT The_YUNiversity Happy Pi Day https//tco/7os5VCGOhm"}
{"tweet_id":841794095437701120,"created_unixtime":1489534326787,"created_time":"Tue Mar 14 23:32:06 +0000 2017","lang":"en","displayname":"THEBellaLash","time_zone":"Pacific Time (US & Canada)","msg":"elissa_zehr Yesssss 🎉👏🏻 Try our products You will be so so so happy"}
{"tweet_id":841794096524075009,"created_unixtime":1489534327046,"created_time":"Tue Mar 14 23:32:07 +0000 2017","lang":"en","displayname":"willsagg","time_zone":"","msg":"RT TheLeftoversHBO Happy Pi Day https//tco/2NJHHRiC8P"}
{"tweet_id":841794096834478081,"created_unixtime":1489534327120,"created_time":"Tue Mar 14 23:32:07 +0000 2017","lang":"en","displayname":"BacchettaFiamma","time_zone":"","msg":"RT TumbIrsPosts sad how accurate this is 😪 https//tco/mdPYhbVZVq"}
{"tweet_id":841794096754790403,"created_unixtime":1489534327101,"created_time":"Tue Mar 14 23:32:07 +0000 2017","lang":"en","displayname":"SarahMogytych","time_zone":"","msg":"Happy Birthday Alayna I hope you had the greatest day ❤😁🎁🎉🎀 alaynawolfe https//tco/XWAHRQLTbO"}
{"tweet_id":841794077444124672,"created_unixtime":1489534322497,"created_time":"Tue Mar 14 23:32:02 +0000 2017","lang":"en","displayname":"anne_bagalan","time_zone":"","msg":"RT mbchavez86 Seeing you both thise happy makes me so happy tooGoodvibes amp happinessMaymay amp EdwardMBMayWard [pctto] https//tco…"}
{"tweet_id":841794098000453632,"created_unixtime":1489534327398,"created_time":"Tue Mar 14 23:32:07 +0000 2017","lang":"en","displayname":"patyfsantoss","time_zone":"","msg":"RT LaurenJauregui ConnorFranta so sad I missed you babe😭 youre amazing and thankyou❤️❤️"}
{"tweet_id":841794098306588672,"created_unixtime":1489534327471,"created_time":"Tue Mar 14 23:32:07 +0000 2017","lang":"en","displayname":"louise_sarah","time_zone":"Eastern Time (US & Canada)","msg":"RT JustinTrudeau Happy PiDay Our government is committed to supporting science amp innovation for a stronger Canada And pie for a tasti…"}
{"tweet_id":841794098189201408,"created_unixtime":1489534327443,"created_time":"Tue Mar 14 23:32:07 +0000 2017","lang":"en","displayname":"townsendkyle03","time_zone":"Pacific Time (US & Canada)","msg":"RT ccameronsnow townsendkyle03 Happy Birthday Kyle 😂🎉 https//tco/rCxJ0AJIuB"}
{"tweet_id":841794098512064512,"created_unixtime":1489534327520,"created_time":"Tue Mar 14 23:32:07 +0000 2017","lang":"en","displayname":"G_Dogg71","time_zone":"Arizona","msg":"RT MeninistTweet Happy pi dayThe Falcons blew a 283 lead314283  31the warriors blew a 31 lead in the NBA Finals"}
{"tweet_id":841794098600140800,"created_unixtime":1489534327541,"created_time":"Tue Mar 14 23:32:07 +0000 2017","lang":"zh","displayname":"deerjeonghan","time_zone":"Jakarta","msg":"RT theinnocence_J 늦었지만Happy White Day❤️白色情人节快乐我们俊辉 pledis_17 https//tco/eB7wkR9MEz"}
{"tweet_id":841794098478563328,"created_unixtime":1489534327512,"created_time":"Tue Mar 14 23:32:07 +0000 2017","lang":"ja","displayname":"sena__himeno","time_zone":"Pacific Time (US & Canada)","msg":"RT WakaOofusa 海未ちゃんHappy Birthday🎊🎉🎂ラブアローシュート🏹💞園田海未生誕祭2017 3月15日は園田海未の誕生日 RTした人全員フォローする ラブライバーと繋がりたい いいねした人全員フォローする https//t…"}
{"tweet_id":841794098440876032,"created_unixtime":1489534327503,"created_time":"Tue Mar 14 23:32:07 +0000 2017","lang":"en","displayname":"1stHSMuseum","time_zone":"Eastern Time (US & Canada)","msg":"RT olinational Happy return to Daylight Savings Time Be careful and watch for these signs https//tco/7Vzfls7VEJ"}
{"tweet_id":841794098671439872,"created_unixtime":1489534327558,"created_time":"Tue Mar 14 23:32:07 +0000 2017","lang":"en","displayname":"arianepoblete","time_zone":"Alaska","msg":"RT mysteriousfact Smiling even in a bad mood can immediately improve your mood because these muscles are enough to trigger happy chemic…"}
{"tweet_id":841794098759634949,"created_unixtime":1489534327579,"created_time":"Tue Mar 14 23:32:07 +0000 2017","lang":"en","displayname":"lakewhit","time_zone":"","msg":"happy PI DAY YOU NERDS 🤓🤓🤓🍰🍰🍰 314159265359"}
{"tweet_id":841794098768031744,"created_unixtime":1489534327581,"created_time":"Tue Mar 14 23:32:07 +0000 2017","lang":"en","displayname":"nieuwemarlean","time_zone":"Amsterdam","msg":"RT michaelsky12 HeidiStea Happy Day🍂🌸🐝👒🌺💫🌸🍂🌺💫💐🍂🌺🌸🐝💫🐝🌺🍂💐 https//tco/f0lj3SHiWD"}
{"tweet_id":841794098826752001,"created_unixtime":1489534327595,"created_time":"Tue Mar 14 23:32:07 +0000 2017","lang":"en","displayname":"influence_ny","time_zone":"Atlantic Time (Canada)","msg":"RT gear32bR Happy Birthday StephenCurry30 https//tco/v8N9cOvKLx"}
{"tweet_id":841794098872889344,"created_unixtime":1489534327606,"created_time":"Tue Mar 14 23:32:07 +0000 2017","lang":"en","displayname":"jerry_drake","time_zone":"","msg":"RT BeArtist_BeArt Happy Rizzi Happy streetart – Brunswick Germany – Be ▲rtist – Be ▲rt Magazine https//tco/UVoxbwNnDW https//tco/To…"}
{"tweet_id":841794098948370432,"created_unixtime":1489534327624,"created_time":"Tue Mar 14 23:32:07 +0000 2017","lang":"en","displayname":"BuddStark","time_zone":"Eastern Time (US & Canada)","msg":"Im jealous Wiz gets to slapbox them thangs around https//tco/4phkIAiiyK"}
{"tweet_id":841794099053223936,"created_unixtime":1489534327649,"created_time":"Tue Mar 14 23:32:07 +0000 2017","lang":"en","displayname":"OriolesViews","time_zone":"Pacific Time (US & Canada)","msg":"orioles baltimore baltimoreorioles Miley not happy with performance against Rays https//tco/juGR1yYrAd"}
{"tweet_id":841794099581669376,"created_unixtime":1489534327775,"created_time":"Tue Mar 14 23:32:07 +0000 2017","lang":"ja","displayname":"i_Love_Live_Eli","time_zone":"","msg":"RT nekopro46 Happy Birthday海未ちゃんお誕生日おめでとう🎈🎊🎉🎂🎉🎊🎈ほんと美人だわ〜❁´ω`❁園田海未生誕祭2017 海未ちゃん好きな人はRT 3月15日は園田海未の誕生日 ラブライバーはRT… "}
{"tweet_id":841794099971735552,"created_unixtime":1489534327868,"created_time":"Tue Mar 14 23:32:07 +0000 2017","lang":"en","displayname":"azcccookies","time_zone":"Pacific Time (US & Canada)","msg":"RT BillNye Happy 314 Day peoples"}
{"tweet_id":841794100181532675,"created_unixtime":1489534327918,"created_time":"Tue Mar 14 23:32:07 +0000 2017","lang":"en","displayname":"brissarmz15","time_zone":"Central Time (US & Canada)","msg":"im so sad bcs i really wanted to go Migos "}
{"tweet_id":841794099892088832,"created_unixtime":1489534327849,"created_time":"Tue Mar 14 23:32:07 +0000 2017","lang":"en","displayname":"holakena","time_zone":"Eastern Time (US & Canada)","msg":"_meermaaaid happy birthday girl💙 i was just thinking about that time me you amp airiyonna went to applebees clownin 😂😂😂"}
{"tweet_id":841794100819038210,"created_unixtime":1489534328070,"created_time":"Tue Mar 14 23:32:08 +0000 2017","lang":"en","displayname":"sarahhmargarett","time_zone":"Atlantic Time (Canada)","msg":"RT attackonbrandon legitimately sad to see this https//tco/UzHk2q4woc"}
{"tweet_id":841794100835713024,"created_unixtime":1489534328074,"created_time":"Tue Mar 14 23:32:08 +0000 2017","lang":"en","displayname":"zxcvbnmariaa","time_zone":"","msg":"RT classifiedfact Banana is a happy fruit Eating just one can help relieve irritable emotions anger and or depression"}
{"tweet_id":841794101058068480,"created_unixtime":1489534328127,"created_time":"Tue Mar 14 23:32:08 +0000 2017","lang":"ja","displayname":"micaatti","time_zone":"","msg":"t0718j1118 オニュからいっぱいウィンクもらえてHappy✨✨でしたね😆可愛すぎて萌えました💕なんて呼んだらいいですか？私は みか って名前なので お好きなように呼んでください😄"}
{"tweet_id":841794099636236289,"created_unixtime":1489534327788,"created_time":"Tue Mar 14 23:32:07 +0000 2017","lang":"en","displayname":"Babywilkinsx","time_zone":"","msg":"Happy 2nd birthday bubba 🎉I love you so much ❤️cant believe how big you are getting 😞 https//tco/RpNk5VaREr"}
{"tweet_id":841794100781318144,"created_unixtime":1489534328061,"created_time":"Tue Mar 14 23:32:08 +0000 2017","lang":"ja","displayname":"Jovilero","time_zone":"","msg":"RT Meidocafe 皆さん、あけましておめでとう！ シコりぎないようにね！A happy new year guys bestofmelonpan2016 https//tco/rWsq8w4JVI"}
{"tweet_id":841794100793880576,"created_unixtime":1489534328064,"created_time":"Tue Mar 14 23:32:08 +0000 2017","lang":"en","displayname":"NvrHilaryClnton","time_zone":"","msg":"I find that quote sad it should be the other way around  https//tco/hL9A2fh3bT"}
{"tweet_id":841794101238460420,"created_unixtime":1489534328170,"created_time":"Tue Mar 14 23:32:08 +0000 2017","lang":"en","displayname":"JayYou_3","time_zone":"Eastern Time (US & Canada)","msg":"RT ChellllseeeeD If this doesnt describe his relationship with us idk what will 😂 Happy birthday to JCole I mean JayYou_3 😊 i… "}
{"tweet_id":841794101360001024,"created_unixtime":1489534328199,"created_time":"Tue Mar 14 23:32:08 +0000 2017","lang":"en","displayname":"justinbogart88","time_zone":"","msg":"RT borovik_lab Happy Pi Day piday2017 BorovikLab https//tco/6Zam1wRPCc"}
{"tweet_id":841794100554788864,"created_unixtime":1489534328007,"created_time":"Tue Mar 14 23:32:08 +0000 2017","lang":"en","displayname":"NirmalRani3","time_zone":"","msg":"RT Gurmeetramrahim MSGwishesToArmedForces Jai Hind amp Happy Holi to the courageous Armed Forces who valiantly defend the honor of http…"}
{"tweet_id":841794101192335361,"created_unixtime":1489534328159,"created_time":"Tue Mar 14 23:32:08 +0000 2017","lang":"en","displayname":"KyneishaJewett","time_zone":"","msg":"RT ellzdotcom do what you gotta do to be happy"}
{"tweet_id":841794100714188801,"created_unixtime":1489534328045,"created_time":"Tue Mar 14 23:32:08 +0000 2017","lang":"en","displayname":"stylinshawn_","time_zone":"Pacific Time (US & Canada)","msg":"RT Louis_Tomlinson carolineflack1 You dont know how happy this will make Harry hahaa"}
{"tweet_id":841794101360111616,"created_unixtime":1489534328199,"created_time":"Tue Mar 14 23:32:08 +0000 2017","lang":"en","displayname":"Lmck17","time_zone":"Eastern Time (US & Canada)","msg":"RT Oreo chrissyteigen That looks like our kind of pool party Happy dunking oreodunkchallenge"}
{"tweet_id":841794100714135552,"created_unixtime":1489534328045,"created_time":"Tue Mar 14 23:32:08 +0000 2017","lang":"en","displayname":"ThatsSoMae","time_zone":"Beijing","msg":"LiveSmart ShawnMendes  SmartShawnMendes  PLEASE PICK ME  I REALLY WANT TO SEE MY IDOL/ THE ONE WHO HELPED ME WH… https//tco/xJxFdtJmcC"}
{"tweet_id":841794101758562305,"created_unixtime":1489534328294,"created_time":"Tue Mar 14 23:32:08 +0000 2017","lang":"en","displayname":"kaitlynbrown313","time_zone":"","msg":"RT blondi5683 Happy birthday to my best friend  I love you bunches ❤ kaitlynbrown313 https//tco/J9byvhxsgE"}
{"tweet_id":841794102446419968,"created_unixtime":1489534328458,"created_time":"Tue Mar 14 23:32:08 +0000 2017","lang":"en","displayname":"MariP87","time_zone":"","msg":"RT ShredMonkey_ Sometimes you cant let go of whats making you sad Because it was the only thing that made you happy"}
{"tweet_id":841794102731669504,"created_unixtime":1489534328526,"created_time":"Tue Mar 14 23:32:08 +0000 2017","lang":"en","displayname":"EverRainsInLA","time_zone":"London","msg":"Low key need to just go somewhere where everyone is chill and happy"}
{"tweet_id":841794103247437826,"created_unixtime":1489534328649,"created_time":"Tue Mar 14 23:32:08 +0000 2017","lang":"en","displayname":"Depressed_Homo","time_zone":"Pacific Time (US & Canada)","msg":"RT GameGrumps Happy Birthday Danny https//tco/Qc8I63RkPP"}
{"tweet_id":841794102253518850,"created_unixtime":1489534328412,"created_time":"Tue Mar 14 23:32:08 +0000 2017","lang":"en","displayname":"AtlantaAreaNews","time_zone":"Eastern Time (US & Canada)","msg":"Happy Tuesday Today is a great day to repair Rims Call RimGuardXtreme  8887757467  AtlantaWheelRepair… https//tco/95oMX7aYeC"}
{"tweet_id":841794103515856896,"created_unixtime":1489534328713,"created_time":"Tue Mar 14 23:32:08 +0000 2017","lang":"en","displayname":"AzwanAwalludin","time_zone":"Kuala Lumpur","msg":"RT ItsFoodPorn Happy Pi Day https//tco/SUJCzAvha9"}
{"tweet_id":841794103360675840,"created_unixtime":1489534328676,"created_time":"Tue Mar 14 23:32:08 +0000 2017","lang":"en","displayname":"HazzardPBS","time_zone":"Pacific Time (US & Canada)","msg":"RT Tyfood_ Shit u look happy to me https//tco/vDUjZhNa9O"}
{"tweet_id":841794103444668421,"created_unixtime":1489534328696,"created_time":"Tue Mar 14 23:32:08 +0000 2017","lang":"en","displayname":"Fatma_3bdelaziz","time_zone":"","msg":"RT ranafahdd the saddest people try their best to make people happy they know what it’s like to feel worthless they don’t want anyone t…"}
{"tweet_id":841794103289516033,"created_unixtime":1489534328659,"created_time":"Tue Mar 14 23:32:08 +0000 2017","lang":"en","displayname":"jeanieous","time_zone":"Quito","msg":"RT LibAmericaOrg KARMA Former NC Governor McCrory Whines That He Can’t Find A Job… SAD VIDEO https//tco/TSjbMDENKl https//tco/oq1…"}
{"tweet_id":841794103889215488,"created_unixtime":1489534328802,"created_time":"Tue Mar 14 23:32:08 +0000 2017","lang":"en","displayname":"WesCollin","time_zone":"Arizona","msg":"RT okoktommo i get so happy when cody notices my mutuals 😭😭"}
{"tweet_id":841794103885078528,"created_unixtime":1489534328801,"created_time":"Tue Mar 14 23:32:08 +0000 2017","lang":"en","displayname":"sexyalestyles","time_zone":"","msg":"RT JensenAcklesGod WHAT A HAPPY MUSHROOM https//tco/rNQpmWbLPq"}
{"tweet_id":841794073614774272,"created_unixtime":1489534321584,"created_time":"Tue Mar 14 23:32:01 +0000 2017","lang":"en","displayname":"phxtojunkie","time_zone":"London","msg":"RT FreddyAmazin Someone When was the last time u were truly happyMe https//tco/0lG917uPtK"}
{"tweet_id":841794103973171200,"created_unixtime":1489534328822,"created_time":"Tue Mar 14 23:32:08 +0000 2017","lang":"en","displayname":"hollym1369","time_zone":"","msg":"RT ZacEfron Happy birthday Simone_Biles Hope youre having an incredible day 🎉🎂🎉"}
{"tweet_id":841794104388419584,"created_unixtime":1489534328921,"created_time":"Tue Mar 14 23:32:08 +0000 2017","lang":"en","displayname":"DelsignoreDaryl","time_zone":"","msg":"RT ClimateReality The Earths circumference is 24901 beautiful miles Dont forget there is no Planet B Happy PiDay https//tco/HM6r…"}
{"tweet_id":841794104870727680,"created_unixtime":1489534329036,"created_time":"Tue Mar 14 23:32:09 +0000 2017","lang":"en","displayname":"agmoonIights","time_zone":"","msg":"ArianaGrande💙Hey🖤😍I love you so much🌺🎵Your smile makes me happy ❤ 🌹You saved me🌹💜Follow me this year please🙏💞its my dream☘ 450x"}
{"tweet_id":841794104988061696,"created_unixtime":1489534329064,"created_time":"Tue Mar 14 23:32:09 +0000 2017","lang":"en","displayname":"FATLOCKER","time_zone":"Seoul","msg":"AslianaAli happy birthday cutie 😘☺️☺️🙆🏼👌🏼🎈🎉"}
{"tweet_id":841794103616630784,"created_unixtime":1489534328737,"created_time":"Tue Mar 14 23:32:08 +0000 2017","lang":"en","displayname":"brookeluvsyouu_","time_zone":"","msg":"RT kellygieb so sad when a boy can never own up to what he does/says🙍🏼"}
{"tweet_id":841794105541771264,"created_unixtime":1489534329196,"created_time":"Tue Mar 14 23:32:09 +0000 2017","lang":"ko","displayname":"munastro","time_zone":"Pacific Time (US & Canada)","msg":"RT offclASTRO Happy birthday to you~ 진진형 22번째 생일을진심으로 축하해요🎉🎉 착하고 장난도 잘받아주고 리더쉽있는ㅎㅎ진진형 귀염댕이 아스트로 잘부탁드려요생일선물 나 HappyJINJINDay https//…"}
{"tweet_id":841794105546014720,"created_unixtime":1489534329197,"created_time":"Tue Mar 14 23:32:09 +0000 2017","lang":"en","displayname":"ash_young22","time_zone":"Pacific Time (US & Canada)","msg":"serinakanoc Thank you Happy birthday to you too 😊🎉"}
{"tweet_id":841794085321093122,"created_unixtime":1489534324375,"created_time":"Tue Mar 14 23:32:04 +0000 2017","lang":"en","displayname":"outerspacejanos","time_zone":"Lisbon","msg":"RT Ashton5SOS HAPPY MONDAY https//tco/z0i1UqhS6X"}
{"tweet_id":841794106116460544,"created_unixtime":1489534329333,"created_time":"Tue Mar 14 23:32:09 +0000 2017","lang":"en","displayname":"awilhelm13","time_zone":"","msg":"RT aaronwitt24 grantdotyeah happy bday to you too Grant Since u dont have a son heres a pic of our dogs with Maddy amp her bf 😇 https…"}
{"tweet_id":841794106099695616,"created_unixtime":1489534329329,"created_time":"Tue Mar 14 23:32:09 +0000 2017","lang":"es","displayname":"danielacruz5h","time_zone":"Pacific Time (US & Canada)","msg":"RT memes_camren Chama ves esto y me emociono😍😭 Pero luego la borra  y me pongo sad piense Dinah https//tco/CVgahFAwqL"}
{"tweet_id":841794106154184705,"created_unixtime":1489534329342,"created_time":"Tue Mar 14 23:32:09 +0000 2017","lang":"en","displayname":"carley_bowman","time_zone":"Pacific Time (US & Canada)","msg":"RT HeartIessly I could literally lay up all day and chill with one person amp just be happy with that"}
{"tweet_id":841794106548445184,"created_unixtime":1489534329436,"created_time":"Tue Mar 14 23:32:09 +0000 2017","lang":"en","displayname":"jaredmac22","time_zone":"Alaska","msg":"Honestly I just want a farm and Ill be more than happy with life"}
{"tweet_id":841794106586206209,"created_unixtime":1489534329445,"created_time":"Tue Mar 14 23:32:09 +0000 2017","lang":"en","displayname":"heysteave","time_zone":"","msg":"RT johndegarson jalebipuff CeciATL this was me feeling sad for her until i got to the reveal https//tco/zuChAJisbN"}
{"tweet_id":841794106804195329,"created_unixtime":1489534329497,"created_time":"Tue Mar 14 23:32:09 +0000 2017","lang":"ja","displayname":"mikio2441","time_zone":"","msg":"RT LOVE71323795 海未ちゃん･♥ﾟHappy Birthday ♬ ♥当日照れるかもしれないけどみんなで盛大に祝おう！！は、恥ずかしすぎます/////園田海未生誕祭2017 3月15日は園田海未の誕生日 RTした人全員フォローする… "}
{"tweet_id":841794107173400577,"created_unixtime":1489534329585,"created_time":"Tue Mar 14 23:32:09 +0000 2017","lang":"en","displayname":"FKazeroonian","time_zone":"","msg":"Nigel_Farage very sad "}
{"tweet_id":841794106737201152,"created_unixtime":1489534329481,"created_time":"Tue Mar 14 23:32:09 +0000 2017","lang":"en","displayname":"theojameis","time_zone":"Brasilia","msg":"AnselElgort you must take a look https//tco/SzahOZPpM7"}
{"tweet_id":841794107601256448,"created_unixtime":1489534329687,"created_time":"Tue Mar 14 23:32:09 +0000 2017","lang":"en","displayname":"walkingmalec","time_zone":"","msg":"RT LittleMix NoMoreSadSongs for REAL❌❤️ weve made a SpotifyUK playlist with some happy songs☺️ what should we add X the girl… "}
{"tweet_id":841794104455528449,"created_unixtime":1489534328937,"created_time":"Tue Mar 14 23:32:08 +0000 2017","lang":"en","displayname":"Magnusxxn","time_zone":"","msg":"RT JuiceCupSQ Aaaaaand Vote for SQ again SwanQueen 🌈❤✨https//tco/MSpTCIeCrb https//tco/l0Be2Y1pJK"}
{"tweet_id":841794107475390464,"created_unixtime":1489534329657,"created_time":"Tue Mar 14 23:32:09 +0000 2017","lang":"en","displayname":"LynMullalyHunt","time_zone":"Eastern Time (US & Canada)","msg":"CDavisRead Thanks Carolyn Im always happy to head to New York City "}
{"tweet_id":841794107605377024,"created_unixtime":1489534329688,"created_time":"Tue Mar 14 23:32:09 +0000 2017","lang":"en","displayname":"kaaathhy_y","time_zone":"","msg":"RT MatPatGT A nerdy math joke for a nerdy holidayHappy Pi Day https//tco/jRxvuScUyn"}
{"tweet_id":841794107026599937,"created_unixtime":1489534329550,"created_time":"Tue Mar 14 23:32:09 +0000 2017","lang":"en","displayname":"Almighty__Lyric","time_zone":"Pacific Time (US & Canada)","msg":"RT sheswithmee IfYoureMyGirl I plan to give you the world and I will constantly strive to make you happy no matter what I have to do"}
{"tweet_id":841794107655757825,"created_unixtime":1489534329700,"created_time":"Tue Mar 14 23:32:09 +0000 2017","lang":"en","displayname":"ryantville","time_zone":"","msg":"RT colbyfleet Loyal like TerranceWill2 happy TWillTuesday heres to the next 4 years https//tco/OjjHWt9DrR"}
{"tweet_id":841794108087795715,"created_unixtime":1489534329803,"created_time":"Tue Mar 14 23:32:09 +0000 2017","lang":"en","displayname":"_katieeef","time_zone":"London","msg":"RT cairdyy30  if theres even a slight chance at getting something that will make you happy risk it Lifes too short amp happiness is to…"}
{"tweet_id":841794107672559617,"created_unixtime":1489534329704,"created_time":"Tue Mar 14 23:32:09 +0000 2017","lang":"en","displayname":"Ginij26","time_zone":"","msg":"KimRichards11 So very happy for youGram U have the support all over So proud of u as well Just Be You You’re really a joy RHOBH"}
{"tweet_id":841794107869663237,"created_unixtime":1489534329751,"created_time":"Tue Mar 14 23:32:09 +0000 2017","lang":"en","displayname":"christhebull","time_zone":"","msg":"RT darryl1974 Sadiq Khan waters down Silvertown Tunnel tolls  putting air quality at risk https//tco/sMvhwaMA9P https//tco/j2VMy3fEdA"}
{"tweet_id":841794108268109824,"created_unixtime":1489534329846,"created_time":"Tue Mar 14 23:32:09 +0000 2017","lang":"en","displayname":"PhillyBeach93","time_zone":"Central Time (US & Canada)","msg":"RT SBNationNBA Darko admitted his troubling issues while in the NBA but now he says hes happy as a farmer and that is great news 🙂https…"}
{"tweet_id":841794108666568705,"created_unixtime":1489534329941,"created_time":"Tue Mar 14 23:32:09 +0000 2017","lang":"en","displayname":"StricklyDanWPR","time_zone":"Casablanca","msg":"Does anyone know how the person is that collapsed tonight Very sad and puts everything in perspective lcfc"}
{"tweet_id":841794109010526209,"created_unixtime":1489534330023,"created_time":"Tue Mar 14 23:32:10 +0000 2017","lang":"en","displayname":"GypsyDenim","time_zone":"Quito","msg":"You ever feel so sad you just say forget it amp force yourself to be happy yeah currently"}
{"tweet_id":841794108817514496,"created_unixtime":1489534329977,"created_time":"Tue Mar 14 23:32:09 +0000 2017","lang":"en","displayname":"MeshSiLog","time_zone":"Alaska","msg":"RT MillennialOfMNL This is your reminder that its okay to not be okay No one is constantly happy Your emotions are yours No one can t…"}
{"tweet_id":841794109304053760,"created_unixtime":1489534330093,"created_time":"Tue Mar 14 23:32:10 +0000 2017","lang":"ja","displayname":"Love459HSJ","time_zone":"","msg":"77____naaaa ななちゃん、Happy Birthday🎉💕あいたいよ😢みかけたから話しかけるね😊いろいろがんばれ！いい1年にしてください！誕生日おめでとう❤"}
{"tweet_id":841794109291487232,"created_unixtime":1489534330090,"created_time":"Tue Mar 14 23:32:10 +0000 2017","lang":"en","displayname":"kristinehanash8","time_zone":"","msg":"RT WeLoveJaDine Happy third Anniversary JaDineLand 💜LetOurPurpleHeartsShineAt3 EL"}
{"tweet_id":841794109056602112,"created_unixtime":1489534330034,"created_time":"Tue Mar 14 23:32:10 +0000 2017","lang":"ja","displayname":"kotoringo2525","time_zone":"","msg":"RT cowengium 海未ちゃんHappy Birthday！！ 園田海未生誕祭2017 https//tco/BOrvt6LlXf"}
{"tweet_id":841794084910075905,"created_unixtime":1489534324277,"created_time":"Tue Mar 14 23:32:04 +0000 2017","lang":"en","displayname":"klurinaaa","time_zone":"","msg":"RT NeKap Happy Pi Day yall"}
{"tweet_id":841794077112864768,"created_unixtime":1489534322418,"created_time":"Tue Mar 14 23:32:02 +0000 2017","lang":"en","displayname":"_JackGreer_","time_zone":"","msg":"happy andrewpalooza day IfftAndrew 🎈🏏🎊 https//tco/z0bmm0wsSL"}
{"tweet_id":841794109392183296,"created_unixtime":1489534330114,"created_time":"Tue Mar 14 23:32:10 +0000 2017","lang":"en","displayname":"Sarty","time_zone":"Cairo","msg":"until it all falls apart so sad again"}
{"tweet_id":841794109341872130,"created_unixtime":1489534330102,"created_time":"Tue Mar 14 23:32:10 +0000 2017","lang":"en","displayname":"BenDougherty","time_zone":"Eastern Time (US & Canada)","msg":"RT HumphreyBogart Happy Pi Day PiDay https//tco/SIatRZqwAV"}
{"tweet_id":841794106867257344,"created_unixtime":1489534329512,"created_time":"Tue Mar 14 23:32:09 +0000 2017","lang":"en","displayname":"MenziesGemmax","time_zone":"","msg":"RT cairdyy30  if theres even a slight chance at getting something that will make you happy risk it Lifes too short amp happiness is to…"}
{"tweet_id":841794108515594241,"created_unixtime":1489534329905,"created_time":"Tue Mar 14 23:32:09 +0000 2017","lang":"en","displayname":"murdah4hire","time_zone":"","msg":"RT professornegro Unspoken Truth The White Working Class dont want to pay for health insurance coverage for poor people of color T… "}
{"tweet_id":841794109824217094,"created_unixtime":1489534330217,"created_time":"Tue Mar 14 23:32:10 +0000 2017","lang":"en","displayname":"xx_Shanelle","time_zone":"Pacific Time (US & Canada)","msg":"RT fineassken_ this https//tco/Qel5XWarpg"}
{"tweet_id":841794109551570944,"created_unixtime":1489534330152,"created_time":"Tue Mar 14 23:32:10 +0000 2017","lang":"en","displayname":"HeKeepIt400","time_zone":"","msg":"This Sad asf Fr https//tco/bJicHeDd1n"}
{"tweet_id":841794110075899904,"created_unixtime":1489534330277,"created_time":"Tue Mar 14 23:32:10 +0000 2017","lang":"en","displayname":"LightNymphEcho","time_zone":"","msg":"RT SkinnyDreamer01 Even if I recover the thing isIll still be happy when I lose weightIll still count my caloriesIll still be…"}
{"tweet_id":841794110293864448,"created_unixtime":1489534330329,"created_time":"Tue Mar 14 23:32:10 +0000 2017","lang":"ja","displayname":"i_Love_Live_Eli","time_zone":"","msg":"RT warotawww0722 海未ちゃん！お誕生日おめでとう！🎉🎉🎉🎉🎉🎉🎉🎉🎉🎉🎉🎉🎉🎉🎉🎉happy birthday‼園田海未生誕祭2017 園田海未生誕祭 https//tco/oz4kapgCBc"}
{"tweet_id":841794110163951616,"created_unixtime":1489534330298,"created_time":"Tue Mar 14 23:32:10 +0000 2017","lang":"en","displayname":"kdougie00","time_zone":"Eastern Time (US & Canada)","msg":"RT JOEL9ONE Happy 314 day to my St Lunatics"}
{"tweet_id":841794110247866369,"created_unixtime":1489534330318,"created_time":"Tue Mar 14 23:32:10 +0000 2017","lang":"en","displayname":"AvosfromMexico","time_zone":"Pacific Time (US & Canada)","msg":"karen_dawkins There should be more people as happy as you Share your AvoHappiness https//tco/8px885pATe"}
{"tweet_id":841794109656387585,"created_unixtime":1489534330177,"created_time":"Tue Mar 14 23:32:10 +0000 2017","lang":"en","displayname":"bangbangIiam","time_zone":"","msg":"One of the last times I ever saw them  Im sad https//tco/ucY8u7BSH7"}
{"tweet_id":841794110537273346,"created_unixtime":1489534330387,"created_time":"Tue Mar 14 23:32:10 +0000 2017","lang":"en","displayname":"Kuglmee","time_zone":"","msg":"Positive thinking https//tco/ryraceC45p"}
{"tweet_id":841794110948274176,"created_unixtime":1489534330485,"created_time":"Tue Mar 14 23:32:10 +0000 2017","lang":"en","displayname":"AhkieMontana","time_zone":"Eastern Time (US & Canada)","msg":"simjks happy birthday  🎉🎉"}
{"tweet_id":841794111036379136,"created_unixtime":1489534330506,"created_time":"Tue Mar 14 23:32:10 +0000 2017","lang":"en","displayname":"adoreubutera","time_zone":"Eastern Time (US & Canada)","msg":"arianasdawn happy birthday 💕"}
{"tweet_id":841794110277193728,"created_unixtime":1489534330325,"created_time":"Tue Mar 14 23:32:10 +0000 2017","lang":"en","displayname":"DomeTrough","time_zone":"","msg":"Happy PI Day https//tco/RUxzBklQb6"}
{"tweet_id":841794111850049536,"created_unixtime":1489534330700,"created_time":"Tue Mar 14 23:32:10 +0000 2017","lang":"en","displayname":"RobotsNee","time_zone":"","msg":"Happy Pi DayFind your birthday hidden in Pi  https//tco/qtmIrbmBuv"}
{"tweet_id":841794110969257986,"created_unixtime":1489534330490,"created_time":"Tue Mar 14 23:32:10 +0000 2017","lang":"en","displayname":"_taydakk","time_zone":"","msg":"Well happy Tuesday night from the muskafucktards https//tco/31qfrw7B7b"}
{"tweet_id":841794111640375296,"created_unixtime":1489534330650,"created_time":"Tue Mar 14 23:32:10 +0000 2017","lang":"en","displayname":"missdiscordiae","time_zone":"","msg":"RT changes saying im tired when youre actually sad"}
{"tweet_id":841794112210763778,"created_unixtime":1489534330786,"created_time":"Tue Mar 14 23:32:10 +0000 2017","lang":"en","displayname":"MRGLADNEY","time_zone":"","msg":"Happy 314DAY Nelly_Mo murphylee what yall have done for our city is much appreciated"}
{"tweet_id":841794112047222784,"created_unixtime":1489534330747,"created_time":"Tue Mar 14 23:32:10 +0000 2017","lang":"en","displayname":"alanjleonard","time_zone":"Eastern Time (US & Canada)","msg":"Taken with my holga NoIR raspberrypi Happy PIday noFilter https//tco/Rk6E8kn7Vc https//tco/qTnJvj7whJ"}
{"tweet_id":841794112982523905,"created_unixtime":1489534330970,"created_time":"Tue Mar 14 23:32:10 +0000 2017","lang":"en","displayname":"stephenmaley23","time_zone":"","msg":"RT jakebrock23 Happy bday goat Hope is was a good one bro 😂 https//tco/U8pxSqAvdy"}
{"tweet_id":841794113204834304,"created_unixtime":1489534331023,"created_time":"Tue Mar 14 23:32:11 +0000 2017","lang":"en","displayname":"ShariefWDSU","time_zone":"Pacific Time (US & Canada)","msg":"ByLukeJohnson trust me the head coach isnt happy I have to hear about it at home"}
{"tweet_id":841794113267761153,"created_unixtime":1489534331038,"created_time":"Tue Mar 14 23:32:11 +0000 2017","lang":"en","displayname":"gldoops","time_zone":"Pacific Time (US & Canada)","msg":"RT greysphiaa gldoops sad but true"}
{"tweet_id":841794113460703233,"created_unixtime":1489534331084,"created_time":"Tue Mar 14 23:32:11 +0000 2017","lang":"en","displayname":"camilaxshadow","time_zone":"Pacific Time (US & Canada)","msg":"RT camilacabello97 GUYS DONT BE SAD BECAUSE THE BEST PRIZE WE COULD HAVE IS HAVING FANS AS LOVELY AND DEDICATED AND AS LOYAL AS U GUYS T…"}
{"tweet_id":841794113783525376,"created_unixtime":1489534331161,"created_time":"Tue Mar 14 23:32:11 +0000 2017","lang":"en","displayname":"smyjnist1204","time_zone":"","msg":"an actual dancer said jongins footwork is the best and Im actually feeling sad mvkbmbkhgkfj Im so whipped for sehun"}
{"tweet_id":841794111321604097,"created_unixtime":1489534330574,"created_time":"Tue Mar 14 23:32:10 +0000 2017","lang":"en","displayname":"nanoleaf","time_zone":"Eastern Time (US & Canada)","msg":"Happy Pi Day Celebrating in our office Aurorastyle  PiDay https//tco/UfaJLFvhgC"}
{"tweet_id":841794114093965312,"created_unixtime":1489534331235,"created_time":"Tue Mar 14 23:32:11 +0000 2017","lang":"ja","displayname":"akaharu787","time_zone":"Tokyo","msg":"RT BELCORNO ラテアート【園田海未】＠ラブライブ！LatteArt【Umi Sonoda】＠ Love Live本日お誕生日で一杯。Happy Birthday作成動画：https//tco/M7aP8M7SKK… "}
{"tweet_id":841794114257588228,"created_unixtime":1489534331274,"created_time":"Tue Mar 14 23:32:11 +0000 2017","lang":"en","displayname":"RjMurphy1","time_zone":"","msg":"RT NoChiIlSports Steph Curry turns 29 today29 years old  2 MVPs  31Warriors blew a 31 lead 😂😂Happy birthday Steph 🎁🎈🎉"}
{"tweet_id":841794114047889408,"created_unixtime":1489534331224,"created_time":"Tue Mar 14 23:32:11 +0000 2017","lang":"en","displayname":"ayococo908","time_zone":"Quito","msg":"RT D_Deji28 Do you guys know why he was killed A girl lied that he raped her and her brother shot him dead https//tco/IWDVDZp3rz"}
{"tweet_id":841794114458943488,"created_unixtime":1489534331322,"created_time":"Tue Mar 14 23:32:11 +0000 2017","lang":"en","displayname":"traceygregory29","time_zone":"","msg":"RT Maree71439592 🆘Sad New MomFETAVery Scared😿TBD 3/15/17💔 Adopt/Foster/Pledge/RTKilling at12PM🆘😿https//tco/HOn1dyztpF https/…"}
{"tweet_id":841794114517626880,"created_unixtime":1489534331336,"created_time":"Tue Mar 14 23:32:11 +0000 2017","lang":"en","displayname":"BaseballBlog11","time_zone":"","msg":"Report Mets Not Happy With Familias Usage In World Baseball Classic Baseball bhivelabs https//tco/5asjJJmnJg"}
{"tweet_id":841794114584760320,"created_unixtime":1489534331352,"created_time":"Tue Mar 14 23:32:11 +0000 2017","lang":"en","displayname":"KJWari","time_zone":"","msg":"RT CFAAlbanyLee Happy PiDay https//tco/JzD7eRA67H"}
{"tweet_id":841794114144342017,"created_unixtime":1489534331247,"created_time":"Tue Mar 14 23:32:11 +0000 2017","lang":"en","displayname":"AddictToTae","time_zone":"","msg":"RT bIaqpink BTS_twt YOU LOOK SO HAPPY IM CRYING https//tco/XT8diEkYHc"}
{"tweet_id":841794114849013760,"created_unixtime":1489534331415,"created_time":"Tue Mar 14 23:32:11 +0000 2017","lang":"en","displayname":"tylerthebadwolf","time_zone":"Central Time (US & Canada)","msg":"RT MissSherryVine The show is on for tonight No blizzard is gonna keep me from getting coins Showtime 11pm Therapy_NYC shots late ha…"}
{"tweet_id":841794115255787520,"created_unixtime":1489534331512,"created_time":"Tue Mar 14 23:32:11 +0000 2017","lang":"en","displayname":"AlexandraAn1716","time_zone":"","msg":"Happy Hourfitnessmotivation fitness fitnessinspiration concordiauniversity concordiagym… https//tco/T2taBPEyFI"}
{"tweet_id":841794116094644224,"created_unixtime":1489534331712,"created_time":"Tue Mar 14 23:32:11 +0000 2017","lang":"en","displayname":"Twimare","time_zone":"","msg":"RT noveliciouss Nothing that happens to a writer – however happy however tragic – is ever wasted~PD Jamesamwriting amreading https…"}
{"tweet_id":841794116572872704,"created_unixtime":1489534331826,"created_time":"Tue Mar 14 23:32:11 +0000 2017","lang":"en","displayname":"alexiafctm","time_zone":"","msg":"RT itsmariejohnson Happy lil hippie https//tco/RJmsEo7wgz"}
{"tweet_id":841794116761600001,"created_unixtime":1489534331871,"created_time":"Tue Mar 14 23:32:11 +0000 2017","lang":"en","displayname":"Sir_Lad","time_zone":"","msg":"aliyahmirandaa whatever makes u happy"}
{"tweet_id":841794116790956032,"created_unixtime":1489534331878,"created_time":"Tue Mar 14 23:32:11 +0000 2017","lang":"en","displayname":"karan12541","time_zone":"","msg":"Happy Friday Quotes https//tco/NLNJ7ypj8D"}
{"tweet_id":841794116795133952,"created_unixtime":1489534331879,"created_time":"Tue Mar 14 23:32:11 +0000 2017","lang":"in","displayname":"BestAndApps","time_zone":"","msg":"RT Masaki_XJPID Happy Anniversay 5 tahun FrieskaversINA  sehat selaludan jaga kekuatan dalam mendukung frieskaJKT48 di SenbatsuWis…"}
{"tweet_id":841794116065320960,"created_unixtime":1489534331705,"created_time":"Tue Mar 14 23:32:11 +0000 2017","lang":"en","displayname":"HellennCardoso","time_zone":"","msg":"RT NiallOfficial Happy straya day  first time in a few years I havent been down in aus for it and Im gutted Have a good day 🇦🇺🇦🇺🇦🇺🇦🇺…"}
{"tweet_id":841794116983902208,"created_unixtime":1489534331924,"created_time":"Tue Mar 14 23:32:11 +0000 2017","lang":"en","displayname":"PsyQoFH4D","time_zone":"Pacific Time (US & Canada)","msg":"RT fivedollrbills PsyQoFH4D happy birthday fahhaahhaf"}
{"tweet_id":841794117009068033,"created_unixtime":1489534331930,"created_time":"Tue Mar 14 23:32:11 +0000 2017","lang":"en","displayname":"ATVIAssist","time_zone":"Pacific Time (US & Canada)","msg":"EpicShadows7 Hello there Please send us a DM I would be more than happy to assist you RN"}
{"tweet_id":841794117151547392,"created_unixtime":1489534331964,"created_time":"Tue Mar 14 23:32:11 +0000 2017","lang":"tl","displayname":"X_tine95","time_zone":"","msg":"RT maywardUn Happy graduation day sa lahat ng ga graduate Sa mga bagsak better luck next year MBMayWard"}
{"tweet_id":841794117105414145,"created_unixtime":1489534331953,"created_time":"Tue Mar 14 23:32:11 +0000 2017","lang":"ja","displayname":"mononofu_yuta","time_zone":"","msg":"RT omochiiiii712 有安杏果 Happy Birthday    💚💚杏果ちゃん22歳の誕生日おめでとう！杏果ちゃんの歌声にはいつも泣かされます😭これからもずっとももくろのきゃわ女でいてください◎これからのソロコンも頑張ってね！応援してます… "}
{"tweet_id":841794117034164224,"created_unixtime":1489534331936,"created_time":"Tue Mar 14 23:32:11 +0000 2017","lang":"en","displayname":"GlazedMelanin","time_zone":"Pacific Time (US & Canada)","msg":"CHANTEMARlE Right I dont wanna be all sad and shit 😭"}
{"tweet_id":841794117088694275,"created_unixtime":1489534331949,"created_time":"Tue Mar 14 23:32:11 +0000 2017","lang":"und","displayname":"SwagGodMorpheus","time_zone":"Pacific Time (US & Canada)","msg":"Yes https//tco/pC0mhO9rcW"}
{"tweet_id":841794117122330624,"created_unixtime":1489534331957,"created_time":"Tue Mar 14 23:32:11 +0000 2017","lang":"en","displayname":"fabi_xo1","time_zone":"Pacific Time (US & Canada)","msg":"RT graceaccardi_ Happy Birthday beautiful 💘🎈fabi_xo1"}
{"tweet_id":841794117474508800,"created_unixtime":1489534332041,"created_time":"Tue Mar 14 23:32:12 +0000 2017","lang":"en","displayname":"lyarasadi31dewi","time_zone":"","msg":"Gabryela_JKT48 ohayou bosque  give me smile foto for start today today im sad  rABuYouth"}
{"tweet_id":841794117432709121,"created_unixtime":1489534332031,"created_time":"Tue Mar 14 23:32:12 +0000 2017","lang":"en","displayname":"kazbekbnnhk","time_zone":"","msg":"RT kassandraparke4 HAPPY THANKSGIVING EVERYONE"}
{"tweet_id":841794117600337920,"created_unixtime":1489534332071,"created_time":"Tue Mar 14 23:32:12 +0000 2017","lang":"ja","displayname":"24natsu24","time_zone":"","msg":"Rainbow_nnn24 のんちゃん♡同じく切なく聴こえるの😢Happyなのか？と思える時もあるけどいや、違う！みたいな、聴き終わると、不思議な気持ち…そして、西島さんに早く会いたくなる…本人解説欲しいね💦"}
{"tweet_id":841794118028300289,"created_unixtime":1489534332173,"created_time":"Tue Mar 14 23:32:12 +0000 2017","lang":"en","displayname":"katurnt_up","time_zone":"Eastern Time (US & Canada)","msg":"RT helikeswine Look at him smiling on stage  look at how sincere his smile is  look at how bright and happy he looks  https//t…"}
{"tweet_id":841794118254702593,"created_unixtime":1489534332227,"created_time":"Tue Mar 14 23:32:12 +0000 2017","lang":"en","displayname":"comcastcares","time_zone":"Eastern Time (US & Canada)","msg":"rhodesmoak Im not sure but Id be more than happy to look into this for you Plz DM me your acct or phone tied into the acct AMD"}
{"tweet_id":841794118338600960,"created_unixtime":1489534332247,"created_time":"Tue Mar 14 23:32:12 +0000 2017","lang":"en","displayname":"Hugggoooo","time_zone":"Eastern Time (US & Canada)","msg":"RT TOASTOTHEGOD Its Sad When Ur Own Friends Hate On You"}
{"tweet_id":841794118472761344,"created_unixtime":1489534332279,"created_time":"Tue Mar 14 23:32:12 +0000 2017","lang":"en","displayname":"caseeeysoto","time_zone":"","msg":"RT corinacerva16 i feel so sad and alone"}
{"tweet_id":841794118468562944,"created_unixtime":1489534332278,"created_time":"Tue Mar 14 23:32:12 +0000 2017","lang":"en","displayname":"dirtycoleb","time_zone":"","msg":"Augusttaylorxxx happy boy"}
