{"tweet_id":841794118837719040,"created_unixtime":1489534332366,"created_time":"Tue Mar 14 23:32:12 +0000 2017","lang":"en","displayname":"staralfaro_","time_zone":"Pacific Time (US & Canada)","msg":"happy birthday to the 1 nigga i hate the most jvillegas23246 I hope you have A SHITTY ASS DAY 😇"}
{"tweet_id":841794118858756096,"created_unixtime":1489534332371,"created_time":"Tue Mar 14 23:32:12 +0000 2017","lang":"en","displayname":"nhine_ramos","time_zone":"","msg":"Happy 3rd Anniversary JaDines 🎉🎉LetOurPurpleHeartsShineAt3"}
{"tweet_id":841794118758068224,"created_unixtime":1489534332347,"created_time":"Tue Mar 14 23:32:12 +0000 2017","lang":"en","displayname":"Finbar020301","time_zone":"","msg":"she is so adorable https//tco/AUhywoQ22M"}
{"tweet_id":841794118921654272,"created_unixtime":1489534332386,"created_time":"Tue Mar 14 23:32:12 +0000 2017","lang":"en","displayname":"leaveonleft","time_zone":"","msg":"RT scottyR88 I wish all my passengers were as happy as this  https//tco/jd4bXfmCWp"}
{"tweet_id":841794119064207360,"created_unixtime":1489534332420,"created_time":"Tue Mar 14 23:32:12 +0000 2017","lang":"en","displayname":"BjiZZle618","time_zone":"Mountain Time (US & Canada)","msg":"HAPPY 314DAY MooMoo JAMMIN 2 DAT NEW FRESCOKANE s/O djkrisstyle  instuff https//tco/uciuWwLddJ"}
{"tweet_id":841794119211057152,"created_unixtime":1489534332455,"created_time":"Tue Mar 14 23:32:12 +0000 2017","lang":"en","displayname":"spactra","time_zone":"Brasilia","msg":"RT AstroCoastie Happy PiDay  Honoring the ratio of a circles circumference to its diameter w/ circles from Space_Station cupol… "}
{"tweet_id":841794119206821889,"created_unixtime":1489534332454,"created_time":"Tue Mar 14 23:32:12 +0000 2017","lang":"en","displayname":"audadi880","time_zone":"","msg":"offclASTRO hahaha happy birthday jinjin oppa Stay healthy and handsome as always Saranghae leadernim"}
{"tweet_id":841794118263136258,"created_unixtime":1489534332229,"created_time":"Tue Mar 14 23:32:12 +0000 2017","lang":"en","displayname":"justforyoumissy","time_zone":"Central Time (US & Canada)","msg":"RT kthalps You guys are so sad You know who said the election was rigged and did NOT criss cross the country campaigning for… "}
{"tweet_id":841794119097757696,"created_unixtime":1489534332428,"created_time":"Tue Mar 14 23:32:12 +0000 2017","lang":"en","displayname":"Ninitr1","time_zone":"","msg":"RT WANG_PLUSTWO Happy White Valentines Day ampMiss Jackson sooooooo much FlightLogArrival GOT7 NeverEver Jackson 잭슨… "}
{"tweet_id":841794119643013120,"created_unixtime":1489534332558,"created_time":"Tue Mar 14 23:32:12 +0000 2017","lang":"ja","displayname":"oxonmoxo","time_zone":"Seoul","msg":"かおがでかいimperialhotel party pic happy lo ve あともう喋ってる時の自分がきしょすぎてひくし引かれるし満更でもなさそうだった気がしなくもなくて https//tco/oKBIi3sdAm"}
{"tweet_id":841794119429165056,"created_unixtime":1489534332507,"created_time":"Tue Mar 14 23:32:12 +0000 2017","lang":"en","displayname":"konwatsitsiawis","time_zone":"Atlantic Time (Canada)","msg":"RT starryars happy birthday to the baddest bitch out there 😩😻 lov u HappyCocoDay https//tco/9vxYuEp3gu"}
{"tweet_id":841794119148085249,"created_unixtime":1489534332440,"created_time":"Tue Mar 14 23:32:12 +0000 2017","lang":"en","displayname":"darxie11","time_zone":"","msg":"KlNGWAW bretwaw  b2 happy birthday from me and my family We miss you so much and we hope we cud see u anytime… https//tco/tkwxIkKf9I"}
{"tweet_id":841794120146333697,"created_unixtime":1489534332678,"created_time":"Tue Mar 14 23:32:12 +0000 2017","lang":"en","displayname":"roseuhlow","time_zone":"Pacific Time (US & Canada)","msg":"RT VAMNit HAPPY PI DAY https//tco/IsHRlNIS8h"}
{"tweet_id":841794118850367488,"created_unixtime":1489534332369,"created_time":"Tue Mar 14 23:32:12 +0000 2017","lang":"en","displayname":"ShaeOleta_____","time_zone":"","msg":"RT D_Deji28 Do you guys know why he was killed A girl lied that he raped her and her brother shot him dead https//tco/IWDVDZp3rz"}
{"tweet_id":841794120116916224,"created_unixtime":1489534332671,"created_time":"Tue Mar 14 23:32:12 +0000 2017","lang":"en","displayname":"jiselleelyn_","time_zone":"Pacific Time (US & Canada)","msg":"Happy birthday DKesler ❤️❤️❤️"}
{"tweet_id":841794120297336834,"created_unixtime":1489534332714,"created_time":"Tue Mar 14 23:32:12 +0000 2017","lang":"en","displayname":"wimpiperdana__","time_zone":"","msg":"RT ILLUMlNATI Sad reality https//tco/MdEMXJQbN8"}
{"tweet_id":841794119991214081,"created_unixtime":1489534332641,"created_time":"Tue Mar 14 23:32:12 +0000 2017","lang":"en","displayname":"ColeTrickle37","time_zone":"","msg":"Simone_Biles happy birthday Simone"}
{"tweet_id":841794120016355328,"created_unixtime":1489534332647,"created_time":"Tue Mar 14 23:32:12 +0000 2017","lang":"en","displayname":"AstralAuthority","time_zone":"Eastern Time (US & Canada)","msg":"RT GladsSMITE Happy to be working with AstralAuthority Im excited to get back into esports"}
{"tweet_id":841794120293085185,"created_unixtime":1489534332713,"created_time":"Tue Mar 14 23:32:12 +0000 2017","lang":"et","displayname":"saintsucrose","time_zone":"Pacific Time (US & Canada)","msg":"RT TheGnomeChild tukamis bc im sad yeojah GIVE TAKUMI BIG POOFY 90s ANIME HAIR https//tco/DQrmOoPIAS"}
{"tweet_id":841794120364511232,"created_unixtime":1489534332730,"created_time":"Tue Mar 14 23:32:12 +0000 2017","lang":"en","displayname":"slattery_linda","time_zone":"","msg":"RT CuyahogaDogs Showcase is such a happy loving guy but hes a little sad at the shelter Hed really prefer a home Can you give… "}
{"tweet_id":841794120473534465,"created_unixtime":1489534332756,"created_time":"Tue Mar 14 23:32:12 +0000 2017","lang":"en","displayname":"ailoviutl","time_zone":"Central Time (US & Canada)","msg":"RT IMPACTWRESTLING After meeting VivaDelRio has agreed to relinquish the World Title back to fightbobby While not happy El Patron… "}
{"tweet_id":841794120385474561,"created_unixtime":1489534332735,"created_time":"Tue Mar 14 23:32:12 +0000 2017","lang":"en","displayname":"tbayer89","time_zone":"","msg":"RT chasethisnow Hes irrational and he goes on and on Happy PiDay SXSW https//tco/EpRMec2TTw"}
{"tweet_id":841794120850984960,"created_unixtime":1489534332846,"created_time":"Tue Mar 14 23:32:12 +0000 2017","lang":"en","displayname":"WordJourneys","time_zone":"Pacific Time (US & Canada)","msg":"Why are people giving berniesanders backlash for saying realdonaldtrump is a liar Sen Sanders is right President LIES all the time SAD"}
{"tweet_id":841794120708460544,"created_unixtime":1489534332812,"created_time":"Tue Mar 14 23:32:12 +0000 2017","lang":"en","displayname":"VinceFox73","time_zone":"","msg":"Drew_Smooth With all due respect if he is happy with this white woman then so be it Shouldnt it be about true love and happiness and not"}
{"tweet_id":841794120746180613,"created_unixtime":1489534332821,"created_time":"Tue Mar 14 23:32:12 +0000 2017","lang":"en","displayname":"camilalopezquev","time_zone":"Pacific Time (US & Canada)","msg":"RT 9GAG Face Youre uglyBody Youre fatBrain Youre stupidLife You suckFood Come here babe youll be happy with me"}
{"tweet_id":841794121056493568,"created_unixtime":1489534332895,"created_time":"Tue Mar 14 23:32:12 +0000 2017","lang":"en","displayname":"aeriahieyn","time_zone":"","msg":"RT hyoyeonsubs2 same day  BAEK white  HYUN blackHappy White Day💌💝https//tco/tpjr7bWuwR"}
{"tweet_id":841794120465154048,"created_unixtime":1489534332754,"created_time":"Tue Mar 14 23:32:12 +0000 2017","lang":"en","displayname":"AbirThakurta","time_zone":"Quito","msg":"Life of Pi PiDay math 314 https//tco/t3p3DRtmSg"}
{"tweet_id":841794121706680320,"created_unixtime":1489534333050,"created_time":"Tue Mar 14 23:32:13 +0000 2017","lang":"en","displayname":"TarizsaA_random","time_zone":"","msg":"RT superdeluxe Happy Pie Day and Happy Birthday Harvey Weinstein PiDay https//tco/MCt4zG6wYK"}
{"tweet_id":841794121769619456,"created_unixtime":1489534333065,"created_time":"Tue Mar 14 23:32:13 +0000 2017","lang":"en","displayname":"natalieliskai","time_zone":"","msg":"RT ilovefIowers if ur sad https//tco/cwXvLBIWEu"}
{"tweet_id":841794121887023104,"created_unixtime":1489534333093,"created_time":"Tue Mar 14 23:32:13 +0000 2017","lang":"en","displayname":"LeavesTM","time_zone":"","msg":"PlaylistLive danisnotonfire AmazingPhil Im so happy and proud of the boys"}
{"tweet_id":841794122058878977,"created_unixtime":1489534333134,"created_time":"Tue Mar 14 23:32:13 +0000 2017","lang":"en","displayname":"KGfirefly","time_zone":"","msg":"RT simon68varga Its not the sizes that count little dogs are fearless nonetheless I love them all♥♥♥♥♥ https//tco/MVv3SiKBBp"}
{"tweet_id":841794122310647808,"created_unixtime":1489534333194,"created_time":"Tue Mar 14 23:32:13 +0000 2017","lang":"en","displayname":"jurijuri","time_zone":"Central Time (US & Canada)","msg":"DrJenGunter not gonna lie I’d be happy to see that last one struck off the list 😜"}
{"tweet_id":841794122142883840,"created_unixtime":1489534333154,"created_time":"Tue Mar 14 23:32:13 +0000 2017","lang":"en","displayname":"pmanny2014","time_zone":"","msg":"RT BdotAdot5 Happy Birthday Brudder ✊🏽💯 StephenCurry30 https//tco/fxunT808HC"}
{"tweet_id":841794122763517952,"created_unixtime":1489534333302,"created_time":"Tue Mar 14 23:32:13 +0000 2017","lang":"en","displayname":"_Russty","time_zone":"Pacific Time (US & Canada)","msg":"RT _Snape_ Happy PiDay https//tco/cI8NnnwW7o"}
{"tweet_id":841794122709118978,"created_unixtime":1489534333289,"created_time":"Tue Mar 14 23:32:13 +0000 2017","lang":"en","displayname":"lvuren__","time_zone":"Eastern Time (US & Canada)","msg":"my exact thought https//tco/lWLpt7e3ou"}
{"tweet_id":841794123132723202,"created_unixtime":1489534333390,"created_time":"Tue Mar 14 23:32:13 +0000 2017","lang":"es","displayname":"buenoo97","time_zone":"Casablanca","msg":"Albeco96 sadYo es que estoy bastante más picado al fh y el csgoPor si lo jugabas pa echarnoslo juntos c"}
{"tweet_id":841794122700730369,"created_unixtime":1489534333287,"created_time":"Tue Mar 14 23:32:13 +0000 2017","lang":"en","displayname":"echostydia","time_zone":"Lisbon","msg":"RT xlydiastilinski thank you teen wolfyou made me happyyou made me smile you are my home https//tco/GFN6bC2Fns"}
{"tweet_id":841794123556360194,"created_unixtime":1489534333491,"created_time":"Tue Mar 14 23:32:13 +0000 2017","lang":"en","displayname":"suzi371","time_zone":"Pacific Time (US & Canada)","msg":"RT ILLUMlNATI Just be happy Be who you wanna be If others dont like it then let them be Happiness is a choice Life isnt about plea…"}
{"tweet_id":841794123929542656,"created_unixtime":1489534333580,"created_time":"Tue Mar 14 23:32:13 +0000 2017","lang":"ja","displayname":"Ec2w6P1","time_zone":"","msg":"RT 1717frappuccino ✩海未ちゃんHappy Birthday✩いつも頑張り屋さんな海未ちゃん。頑張る人は素敵✨でしょ？加工もしてみました！どうかな？あなたに届け！ 園田海未生誕祭2017 3月15日は園田海未の誕生日… "}
{"tweet_id":841794124151836673,"created_unixtime":1489534333633,"created_time":"Tue Mar 14 23:32:13 +0000 2017","lang":"en","displayname":"TheChicMonster","time_zone":"Arizona","msg":"rocking out to Greenday feels relevant and sad"}
{"tweet_id":841794124294590464,"created_unixtime":1489534333667,"created_time":"Tue Mar 14 23:32:13 +0000 2017","lang":"en","displayname":"trixidoodlexx","time_zone":"","msg":"RT comermd NancyPelosi The most disillusioned Dem in DC Raising Money for a Disillusioned Al Jazeera Puppet Sad GA06… "}
{"tweet_id":841794124147712005,"created_unixtime":1489534333632,"created_time":"Tue Mar 14 23:32:13 +0000 2017","lang":"ja","displayname":"k3x81xkkhr","time_zone":"","msg":"RT tsukiuta1 ☆Happy White Day⑤☆陽「いっつも、愛をありがとね☆ちゃ〜んと届いてるよ！大好き♪」夜「やれやれ…陽が調子に乗る日です（笑）。でも、皆さんの応援を感じているのは俺も同じです。ありがとうございます！」※DLOK… "}
{"tweet_id":841794124500025345,"created_unixtime":1489534333716,"created_time":"Tue Mar 14 23:32:13 +0000 2017","lang":"ja","displayname":"saya_liver","time_zone":"","msg":"RT anilove_you ♡Happy うみちゃん Birthday♡今日はしっかり者の海未ちゃんの誕生日！！皆でお祝いしましょー！！うっみうみうー〃gtωlt★園田海未生誕祭2017 3月15日は園田海未の誕生日  祝う人RT… "}
{"tweet_id":841794124952948736,"created_unixtime":1489534333824,"created_time":"Tue Mar 14 23:32:13 +0000 2017","lang":"en","displayname":"benjiboitre","time_zone":"","msg":"Go to LaVarBallSays that shit funny sad"}
{"tweet_id":841794124852412418,"created_unixtime":1489534333800,"created_time":"Tue Mar 14 23:32:13 +0000 2017","lang":"en","displayname":"onlyinthemoon","time_zone":"","msg":"RT Simone_Biles thanks Zac☺️ xoxo https//tco/TQxYv1mJmJ"}
{"tweet_id":841794123652841473,"created_unixtime":1489534333514,"created_time":"Tue Mar 14 23:32:13 +0000 2017","lang":"en","displayname":"Ir2z_","time_zone":"Bucharest","msg":"_xlmj happy birthday girl have nice day and I love you 💕"}
{"tweet_id":841794125276041216,"created_unixtime":1489534333901,"created_time":"Tue Mar 14 23:32:13 +0000 2017","lang":"en","displayname":"Cravin4","time_zone":"Eastern Time (US & Canada)","msg":"RT ThRealBallsDeep walks into breakroomCoworkerHappy Pi Day MikeMe middle fingers Eat shit and die Carl"}
{"tweet_id":841794125695467521,"created_unixtime":1489534334001,"created_time":"Tue Mar 14 23:32:14 +0000 2017","lang":"en","displayname":"TheSpeedGamers","time_zone":"Central Time (US & Canada)","msg":"RT JaggerOriginal thespeedgamers Happy birthday tsg"}
{"tweet_id":841794126085537792,"created_unixtime":1489534334094,"created_time":"Tue Mar 14 23:32:14 +0000 2017","lang":"en","displayname":"SpotebyQ","time_zone":"","msg":"RT emilyslist Happy PiDay Mathematician Katherine Johnson did the calculations for the first space trip and first moon landing… "}
{"tweet_id":841794126379134976,"created_unixtime":1489534334164,"created_time":"Tue Mar 14 23:32:14 +0000 2017","lang":"en","displayname":"maurabeatty","time_zone":"","msg":"RT RickyPDillon Happy pi day https//tco/PyJRimk7d3"}
{"tweet_id":841794126257487872,"created_unixtime":1489534334135,"created_time":"Tue Mar 14 23:32:14 +0000 2017","lang":"en","displayname":"jurneemekiah","time_zone":"Pacific Time (US & Canada)","msg":"RT tammyrich_ The littlest shit makes me so happy I swear"}
{"tweet_id":841794126056169473,"created_unixtime":1489534334087,"created_time":"Tue Mar 14 23:32:14 +0000 2017","lang":"en","displayname":"adetem56","time_zone":"","msg":"Happy birthday to you my girl https//tco/6Zvz2ON6jv"}
{"tweet_id":841794126953631744,"created_unixtime":1489534334301,"created_time":"Tue Mar 14 23:32:14 +0000 2017","lang":"en","displayname":"LJVanic","time_zone":"","msg":"RT FearDotA happy losers will always be just that"}
{"tweet_id":841794126869811200,"created_unixtime":1489534334281,"created_time":"Tue Mar 14 23:32:14 +0000 2017","lang":"tl","displayname":"nicnicknacks","time_zone":"","msg":"HAPPY BIRTHDAY OMZ 17 NA KA harrymshake 😘💕🎂🎁🎊🎉🎈 unya nako mag speech hahahaha"}
{"tweet_id":841794126798565376,"created_unixtime":1489534334264,"created_time":"Tue Mar 14 23:32:14 +0000 2017","lang":"en","displayname":"SydRPearson","time_zone":"","msg":"RT pipesmalone there was a point in my life when i didnt think id be this happy ever again amp now i cant believe i ever let someone mak…"}
{"tweet_id":841794125443792896,"created_unixtime":1489534333941,"created_time":"Tue Mar 14 23:32:13 +0000 2017","lang":"en","displayname":"AllisonTorres6","time_zone":"","msg":"Hiiii find new girl and be happy  https//tco/Pa8Harnp4t https//tco/vLi40xHt4G"}
{"tweet_id":841794127930961920,"created_unixtime":1489534334534,"created_time":"Tue Mar 14 23:32:14 +0000 2017","lang":"en","displayname":"millet0876","time_zone":"Pacific Time (US & Canada)","msg":"I wondered happy as a clownMBMayWard"}
{"tweet_id":841794127964454912,"created_unixtime":1489534334542,"created_time":"Tue Mar 14 23:32:14 +0000 2017","lang":"en","displayname":"TeamSkullTHG","time_zone":"Pacific Time (US & Canada)","msg":"RT TheSpeedGamers Happy 9 Years of TSG everyone Heres hoping the next 9 are just as great https//tco/54a45EGHtH"}
{"tweet_id":841794128014913537,"created_unixtime":1489534334554,"created_time":"Tue Mar 14 23:32:14 +0000 2017","lang":"en","displayname":"Itsstillfunga","time_zone":"Pacific Time (US & Canada)","msg":"RT _mmadika THEN WE CAN ALL BE HAPPY OMG https//tco/RssErgUA7g"}
{"tweet_id":841794127993937920,"created_unixtime":1489534334549,"created_time":"Tue Mar 14 23:32:14 +0000 2017","lang":"es","displayname":"_KeepOnFalling","time_zone":"Madrid","msg":"Mira yo me quedaba tumbado en cama con mis sad songs hasta la muerte y muero feliz"}
{"tweet_id":841794129025683457,"created_unixtime":1489534334795,"created_time":"Tue Mar 14 23:32:14 +0000 2017","lang":"en","displayname":"GarrusBatarian","time_zone":"Mountain Time (US & Canada)","msg":"shoe0nhead MSM is jelly SAD"}
{"tweet_id":841794128828633089,"created_unixtime":1489534334748,"created_time":"Tue Mar 14 23:32:14 +0000 2017","lang":"en","displayname":"ChazManGG","time_zone":"London","msg":"BrendanSchaub Kelvin is going to beat down Silva and his dad bod 😂 its going to be sad to end his career on a low https//tco/g0Tk2Fm8zf"}
{"tweet_id":841794129159905280,"created_unixtime":1489534334827,"created_time":"Tue Mar 14 23:32:14 +0000 2017","lang":"ja","displayname":"mononofu_yuta","time_zone":"","msg":"RT umeko__ume 杏果 Happy Birthday🎉💚💚努力家で歌が大好きでモノノフ想いの杏果ちゃんが大好きです🐸💗💗💗素敵な1年になりますように💭😌有安杏果生誕祭 https//tco/SMmGh5FOzx"}
{"tweet_id":841794129315135488,"created_unixtime":1489534334864,"created_time":"Tue Mar 14 23:32:14 +0000 2017","lang":"en","displayname":"Harshil_D","time_zone":"London","msg":"RT 5liveSport I am so happy but I am cryingThis is what it means to be a LCFC fan tonight EmotionalLEISEV https//tco/0DQWr7T8…"}
{"tweet_id":841794129197731840,"created_unixtime":1489534334836,"created_time":"Tue Mar 14 23:32:14 +0000 2017","lang":"en","displayname":"Katherineee_O","time_zone":"Central Time (US & Canada)","msg":"claudiac1102 HAPPY BDAY ART Claudia cant spell heart without ya Lololol"}
{"tweet_id":841794130254651394,"created_unixtime":1489534335088,"created_time":"Tue Mar 14 23:32:15 +0000 2017","lang":"en","displayname":"ash_young22","time_zone":"Pacific Time (US & Canada)","msg":"RT marisadileo ash_young22 HAPPY BIRTHDAY ILY💜💜💜💜"}
{"tweet_id":841794129776504832,"created_unixtime":1489534334974,"created_time":"Tue Mar 14 23:32:14 +0000 2017","lang":"en","displayname":"foreverfineee","time_zone":"Central Time (US & Canada)","msg":"RT MyPrettyBrown Happy PiDay Get the recipe to this yumtastic Pumpkin Patch Cheese Pie https//tco/m8dXvlOoNp foodiechats https//t…"}
{"tweet_id":841794129503895552,"created_unixtime":1489534334909,"created_time":"Tue Mar 14 23:32:14 +0000 2017","lang":"en","displayname":"jeffersongump","time_zone":"Quito","msg":"RT Originals Happy birthday danieljgillies https//tco/tvgcNYDmYo"}
{"tweet_id":841794130690887680,"created_unixtime":1489534335192,"created_time":"Tue Mar 14 23:32:15 +0000 2017","lang":"en","displayname":"hillskitchendc","time_zone":"Eastern Time (US & Canada)","msg":"With the excitement of the snow today I almost forgot to wish everyone a happy piday… https//tco/VGW1WCuWxT"}
{"tweet_id":841794130657320960,"created_unixtime":1489534335184,"created_time":"Tue Mar 14 23:32:15 +0000 2017","lang":"en","displayname":"jimimanovsteel","time_zone":"","msg":"RT SWFCDebater swfc fan base of 2017 Happy to see us fail https//tco/EVsSaTglEC"}
{"tweet_id":841794130606972929,"created_unixtime":1489534335172,"created_time":"Tue Mar 14 23:32:15 +0000 2017","lang":"en","displayname":"HeatherLNeville","time_zone":"","msg":"RT TechSoup Hes irrational and he goes on and on 😂 Happy PiDay https//tco/urFTNQC3FU"}
{"tweet_id":841794131101859841,"created_unixtime":1489534335290,"created_time":"Tue Mar 14 23:32:15 +0000 2017","lang":"ja","displayname":"emidepp0603","time_zone":"","msg":"mf_chococo おめでとうございます㊗️happyな事は毎日でもいいよね。私は毎日happy探ししてます。今日もいい事探しに出掛けてきます"}
{"tweet_id":841794130858659842,"created_unixtime":1489534335232,"created_time":"Tue Mar 14 23:32:15 +0000 2017","lang":"fr","displayname":"Stoff33","time_zone":"Greenland","msg":"Loic_Helias si tu savais la galere pour arriver à Nice  Et en plus philousports nous répond pas Sad day"}
{"tweet_id":841794129797378048,"created_unixtime":1489534334979,"created_time":"Tue Mar 14 23:32:14 +0000 2017","lang":"en","displayname":"TheOneUp","time_zone":"Pacific Time (US & Canada)","msg":"The More the Merrier TheOneUp tacotuesday Happy Hour Tacos and Tequila All Night ❤️👾 eat drink play behappy… https//tco/syIG8D3gGG"}
{"tweet_id":841794131391332352,"created_unixtime":1489534335359,"created_time":"Tue Mar 14 23:32:15 +0000 2017","lang":"en","displayname":"ppicaboo","time_zone":"","msg":"RT Amber02150 🌤🌤 Morning Twitterworld🍃🌤 Happy Tuesday 🌾🍃 https//tco/9tF7chhpee"}
{"tweet_id":841794130879606785,"created_unixtime":1489534335237,"created_time":"Tue Mar 14 23:32:15 +0000 2017","lang":"en","displayname":"baekhvun_twt","time_zone":"Pacific Time (US & Canada)","msg":"RT ultexo This makes me SO happy https//tco/ThiuasllfC"}
{"tweet_id":841794132297281536,"created_unixtime":1489534335575,"created_time":"Tue Mar 14 23:32:15 +0000 2017","lang":"und","displayname":"its_hanna_xo","time_zone":"","msg":"RT floridastate Happy π Day from lsifsu PieDay2017 https//tco/JaRhckN5qt"}
{"tweet_id":841794132737581056,"created_unixtime":1489534335680,"created_time":"Tue Mar 14 23:32:15 +0000 2017","lang":"en","displayname":"donZema","time_zone":"Jakarta","msg":"RT BonJoviUpdates OnThisDay in history March 14 1983The band is officially formedHappy Anniversary BonJovi… "}
{"tweet_id":841794132293111809,"created_unixtime":1489534335574,"created_time":"Tue Mar 14 23:32:15 +0000 2017","lang":"en","displayname":"AllForO_","time_zone":"Pacific Time (US & Canada)","msg":"goodlook money💯 need you to TU  Air Force https//tco/dLCp3OquVK"}
{"tweet_id":841794132943208449,"created_unixtime":1489534335729,"created_time":"Tue Mar 14 23:32:15 +0000 2017","lang":"en","displayname":"haileyhnl","time_zone":"","msg":"RT CusfuI if youre sad over a guy remember that you can create humans bleed for 7 days without dying amp swallow kids all guys do is li…"}
{"tweet_id":841794133043884040,"created_unixtime":1489534335753,"created_time":"Tue Mar 14 23:32:15 +0000 2017","lang":"fr","displayname":"massan_danielle","time_zone":"","msg":"RT cestquielle Tu fais des enfants nourrit logés blanchit pour que tes filles envoient des Happy birthday sous forme de nudes a un…"}
{"tweet_id":841794133157150720,"created_unixtime":1489534335780,"created_time":"Tue Mar 14 23:32:15 +0000 2017","lang":"en","displayname":"CeloFtUru","time_zone":"International Date Line West","msg":"RT foolskam when even stayed the next dayonly you can feel what you feelthey were so happy and in love5 FINE FRØKNERman… "}
{"tweet_id":841794133719044097,"created_unixtime":1489534335914,"created_time":"Tue Mar 14 23:32:15 +0000 2017","lang":"en","displayname":"CarinaDeJesus13","time_zone":"","msg":"RT SSepioto Happy Wednesday dabarkadsALDUBxDTBYTugOfHearts"}
{"tweet_id":841794133257793536,"created_unixtime":1489534335804,"created_time":"Tue Mar 14 23:32:15 +0000 2017","lang":"en","displayname":"aaliayahnicole","time_zone":"","msg":"GURL I switched to Mary Kay for my foundation amp I am too happy omg https//tco/oGLTe70ukB"}
{"tweet_id":841794133073268737,"created_unixtime":1489534335760,"created_time":"Tue Mar 14 23:32:15 +0000 2017","lang":"en","displayname":"_KJ_W","time_zone":"Quito","msg":"RT jay_g__ Because your meal 7999 so he tryna manage his pockets to make you happy 🙄 https//tco/6sJt7FY1wr"}
{"tweet_id":841794133580754949,"created_unixtime":1489534335881,"created_time":"Tue Mar 14 23:32:15 +0000 2017","lang":"en","displayname":"WEIDKAHUNA","time_zone":"","msg":"RT RedHawksHoops Happy Birthday S/O to isaacmasters22 what a great way to kick off Spring Break Remember the sunscreen 🏝☀️🕶"}
{"tweet_id":841794133664661505,"created_unixtime":1489534335901,"created_time":"Tue Mar 14 23:32:15 +0000 2017","lang":"en","displayname":"r_jonz","time_zone":"","msg":"RT AmazonChannels Happy PiDay Were sure Dale Cooper approves Kyle_MacLachlan SHO_TwinPeaks https//tco/ofo7hTM2TB"}
{"tweet_id":841794133853261825,"created_unixtime":1489534335946,"created_time":"Tue Mar 14 23:32:15 +0000 2017","lang":"ja","displayname":"holasummer83","time_zone":"","msg":"RT KAMOME2521 ラブアローシュート！！！海未ちゃんHAPPY BIRTHDAY🎉🎉🎉🎉🎉園田海未生誕祭2017 園田海未生誕祭 3月15日は園田海未の誕生日 RTした人全員フォローする lovelive 園田海未 https//t…"}
{"tweet_id":841794133530431488,"created_unixtime":1489534335869,"created_time":"Tue Mar 14 23:32:15 +0000 2017","lang":"en","displayname":"SydneyMonae","time_zone":"","msg":"its so weird https//tco/ysJAzn28Uc"}
{"tweet_id":841794133413007360,"created_unixtime":1489534335841,"created_time":"Tue Mar 14 23:32:15 +0000 2017","lang":"en","displayname":"ruslannhpbur","time_zone":"","msg":"RT SuperSwags18 Happy Thanksgiving 🦃🦃"}
{"tweet_id":841794133140361218,"created_unixtime":1489534335776,"created_time":"Tue Mar 14 23:32:15 +0000 2017","lang":"en","displayname":"Sharpe_Cyn","time_zone":"","msg":"RT priyankachopra Happy Holi with the family and team The white in my house is all colourful now nycHoli homesick https//tco/lsuol1…"}
{"tweet_id":841794134549516288,"created_unixtime":1489534336112,"created_time":"Tue Mar 14 23:32:16 +0000 2017","lang":"en","displayname":"benrich21","time_zone":"","msg":"RT Timberwolves 3️⃣1️⃣4️⃣ Happy PiDay https//tco/qB7sWEnF9e"}
{"tweet_id":841794134872625153,"created_unixtime":1489534336189,"created_time":"Tue Mar 14 23:32:16 +0000 2017","lang":"en","displayname":"XavierZelis","time_zone":"","msg":"My biggest fear is dying sad and alone"}
{"tweet_id":841794134872592384,"created_unixtime":1489534336189,"created_time":"Tue Mar 14 23:32:16 +0000 2017","lang":"en","displayname":"theflywire","time_zone":"Eastern Time (US & Canada)","msg":"❤️👑 Happy Birthday Simone‼️Reposting rollingout   4 Olympic gold medals ✅ 10 World… https//tco/8gY6cDbhAk"}
{"tweet_id":841794135241687040,"created_unixtime":1489534336277,"created_time":"Tue Mar 14 23:32:16 +0000 2017","lang":"en","displayname":"wizzle1999","time_zone":"","msg":"RT NASA Its PiDay It may be irrational but pi plays an important role in the work of scientists at NASA… "}
{"tweet_id":841794135493357568,"created_unixtime":1489534336337,"created_time":"Tue Mar 14 23:32:16 +0000 2017","lang":"en","displayname":"schnexmix51","time_zone":"Central Time (US & Canada)","msg":"RT MarkLazerus Brent Seabrook was enjoying playing toppairing minutes but Q splits him and Keith up for better icetime balance… "}
{"tweet_id":841794135396872192,"created_unixtime":1489534336314,"created_time":"Tue Mar 14 23:32:16 +0000 2017","lang":"en","displayname":"TiMonts_","time_zone":"","msg":"RT HEAVYareTILLERY Like do what tf make u happy Thats it"}
{"tweet_id":841794135736651777,"created_unixtime":1489534336395,"created_time":"Tue Mar 14 23:32:16 +0000 2017","lang":"en","displayname":"HELIKESGHOST","time_zone":"Mid-Atlantic","msg":"RT scooterbraun Happy birthday to the crazy guy in the middle thatrygood  Love you brother Special people are born on this day https/…"}
{"tweet_id":841794135224909828,"created_unixtime":1489534336273,"created_time":"Tue Mar 14 23:32:16 +0000 2017","lang":"en","displayname":"mskellatayy","time_zone":"Pacific Time (US & Canada)","msg":"Smh Im scrolling through my old acc n I miss him so much seeing this 🤦🏽‍♀️❤PVPI_KUAN https//tco/NuZjxALk5b"}
{"tweet_id":841794136286076933,"created_unixtime":1489534336526,"created_time":"Tue Mar 14 23:32:16 +0000 2017","lang":"en","displayname":"rialmasa","time_zone":"","msg":"janeortonuk marianot19 johnLaguna3 he is awesome so happy for him and Leicester his dads reaction was priceless A proud dad"}
{"tweet_id":841794136470609921,"created_unixtime":1489534336570,"created_time":"Tue Mar 14 23:32:16 +0000 2017","lang":"en","displayname":"CaraDlugo","time_zone":"Eastern Time (US & Canada)","msg":"RT Theresa_Marie8 Sad that I didnt make a pie today😞 piday"}
{"tweet_id":841794136701255680,"created_unixtime":1489534336625,"created_time":"Tue Mar 14 23:32:16 +0000 2017","lang":"en","displayname":"jessiesmerhair","time_zone":"","msg":"RT jessiepaege aWE MY FAVORITE 💕 I miss you youre the bESSSST 💜 https//tco/lMMHmJQcOo"}
{"tweet_id":841794135925366784,"created_unixtime":1489534336440,"created_time":"Tue Mar 14 23:32:16 +0000 2017","lang":"en","displayname":"BlastMastr","time_zone":"Central Time (US & Canada)","msg":"Im as happy as a pig in shit https//tco/9oB4bREwpr"}
{"tweet_id":841794136978145282,"created_unixtime":1489534336691,"created_time":"Tue Mar 14 23:32:16 +0000 2017","lang":"en","displayname":"Morgan_Theater","time_zone":"Quito","msg":"RT IsabellaKRusso Baby snow people Happy Stella2017 ☃️❄️ https//tco/efw96RgC90 https//tco/oOOBv3KPQ7"}
{"tweet_id":841794136206319616,"created_unixtime":1489534336507,"created_time":"Tue Mar 14 23:32:16 +0000 2017","lang":"en","displayname":"Tresbirds","time_zone":"Central Time (US & Canada)","msg":"Happy Birthday tayaalaniz saw this and knew you would drive you crazy 😜 Hope ur day is as special as you ❤❤ https//tco/2phxexzYzB"}
{"tweet_id":841794136915214337,"created_unixtime":1489534336676,"created_time":"Tue Mar 14 23:32:16 +0000 2017","lang":"en","displayname":"summmerwaters","time_zone":"","msg":"RT reIates im so happy i grew up in a time where we played hide and seek amp played on the street with friends rather than playing on an i…"}
{"tweet_id":841794137187856384,"created_unixtime":1489534336741,"created_time":"Tue Mar 14 23:32:16 +0000 2017","lang":"en","displayname":"inamras","time_zone":"","msg":"RT D_Deji28 Do you guys know why he was killed A girl lied that he raped her and her brother shot him dead https//tco/IWDVDZp3rz"}
{"tweet_id":841794137372393473,"created_unixtime":1489534336785,"created_time":"Tue Mar 14 23:32:16 +0000 2017","lang":"en","displayname":"nerdy_cas314","time_zone":"Eastern Time (US & Canada)","msg":"Happy Birthday to me and Millsey Oh and happy pi day 😊 gorangerstown https//tco/G2Waxumseu"}
{"tweet_id":841794137468760064,"created_unixtime":1489534336808,"created_time":"Tue Mar 14 23:32:16 +0000 2017","lang":"en","displayname":"sehunlatinas","time_zone":"","msg":"Im so happy"}
{"tweet_id":841794136621645829,"created_unixtime":1489534336606,"created_time":"Tue Mar 14 23:32:16 +0000 2017","lang":"en","displayname":"sonny_CB_WR","time_zone":"Eastern Time (US & Canada)","msg":"Thanks big dawg✊🏽 https//tco/rBmdBk9Nm5"}
{"tweet_id":841794137489850368,"created_unixtime":1489534336813,"created_time":"Tue Mar 14 23:32:16 +0000 2017","lang":"en","displayname":"haya_0004848","time_zone":"","msg":"Happy birthday ilove you and I hope everything in your life goes perfectly and I wish you the best of luck💕 Aljazyaljabri6 ashjanasser"}
{"tweet_id":841794137292718082,"created_unixtime":1489534336766,"created_time":"Tue Mar 14 23:32:16 +0000 2017","lang":"en","displayname":"1xdsj","time_zone":"","msg":"RT NBA Join us in wishing StephenCurry30 of the warriors a HAPPY 29th BIRTHDAY NBABDAY DubNation https//tco/cZfNy7sLh5"}
{"tweet_id":841794137863012352,"created_unixtime":1489534336902,"created_time":"Tue Mar 14 23:32:16 +0000 2017","lang":"ja","displayname":"zx1_yu","time_zone":"","msg":"【連載マンガ】「ほしとくずDont worry Be happy CHAPTER01」を読みました！人気マンガが無料で読める！LINEマンガ今スグ読む→ https//tco/pu3LRJu1c8 LINEマンガ"}
{"tweet_id":841794137871507456,"created_unixtime":1489534336904,"created_time":"Tue Mar 14 23:32:16 +0000 2017","lang":"en","displayname":"royzoraprisleon","time_zone":"Pacific Time (US & Canada)","msg":"RT EarlGreyIsLife Apparently Gina Miller wasted around £600000 on her legal battles to try and stop Brexit Oh dear how sad never… "}
{"tweet_id":841794137745698816,"created_unixtime":1489534336874,"created_time":"Tue Mar 14 23:32:16 +0000 2017","lang":"en","displayname":"TheeKaze","time_zone":"Stockholm","msg":"RT zoiney if youre ever feeling sad just remember that you were fortunate enough to exist on the timeline at the same point… "}
{"tweet_id":841794137997242369,"created_unixtime":1489534336934,"created_time":"Tue Mar 14 23:32:16 +0000 2017","lang":"en","displayname":"lenakins_","time_zone":"Pacific Time (US & Canada)","msg":"You know Im sad when Im not even hungry or excited about food"}
{"tweet_id":841794138441826304,"created_unixtime":1489534337040,"created_time":"Tue Mar 14 23:32:17 +0000 2017","lang":"en","displayname":"itsskass","time_zone":"","msg":"RT RickyPDillon Happy pi day https//tco/PyJRimk7d3"}
{"tweet_id":841794138605465600,"created_unixtime":1489534337079,"created_time":"Tue Mar 14 23:32:17 +0000 2017","lang":"en","displayname":"MattGodfrey13","time_zone":"","msg":"RT StoryInPicture Happy vs Unhappy https//tco/RtxpzaqTG6"}
{"tweet_id":841794138911649794,"created_unixtime":1489534337152,"created_time":"Tue Mar 14 23:32:17 +0000 2017","lang":"en","displayname":"BeAwesome_Laugh","time_zone":"Pacific Time (US & Canada)","msg":"RT vestkysta Happy New Week 2U All   keepsmiling https//tco/0rvPsI834v"}
{"tweet_id":841794137951162368,"created_unixtime":1489534336923,"created_time":"Tue Mar 14 23:32:16 +0000 2017","lang":"en","displayname":"_athiraahh","time_zone":"Beijing","msg":"RT obxcurity I high key just wanna make sure you’re happy as fuck"}
{"tweet_id":841794139104595969,"created_unixtime":1489534337198,"created_time":"Tue Mar 14 23:32:17 +0000 2017","lang":"ko","displayname":"aroha_000321","time_zone":"","msg":"RT MDMB98 리더님~ 22번째 생일을 축하합니다👏태어나줘서 고맙고 그냥 박진우라는 존재가 있는것에 항상 감사해~ love u bro and happy bday💜아스트로 진진 JINJIN… "}
{"tweet_id":841794139251388417,"created_unixtime":1489534337233,"created_time":"Tue Mar 14 23:32:17 +0000 2017","lang":"en","displayname":"zzibaim","time_zone":"","msg":"banyz88 happy drivingand working"}
{"tweet_id":841794138987204608,"created_unixtime":1489534337170,"created_time":"Tue Mar 14 23:32:17 +0000 2017","lang":"en","displayname":"jonthomas623","time_zone":"Arizona","msg":"UGHnot happy about this at allit probably will cost 20 just to look at it https//tco/LAN2QLu4lP"}
{"tweet_id":841794139415052289,"created_unixtime":1489534337272,"created_time":"Tue Mar 14 23:32:17 +0000 2017","lang":"en","displayname":"rawnizer","time_zone":"Brasilia","msg":"RT FlirtyNotes Being happy doesn’t mean that everything is perfect it means that you’ve decided to look beyond the imperfections"}
{"tweet_id":841794140887121920,"created_unixtime":1489534337623,"created_time":"Tue Mar 14 23:32:17 +0000 2017","lang":"en","displayname":"ettochii","time_zone":"Kuala Lumpur","msg":"RT felumatsu im sad solmao https//tco/wTad79FOIe"}
{"tweet_id":841794139461156864,"created_unixtime":1489534337283,"created_time":"Tue Mar 14 23:32:17 +0000 2017","lang":"en","displayname":"elyse_savadove","time_zone":"","msg":"Happy 16th b Love u so much❤❤ have a great day youmyrighthandyoumygoto https//tco/orvDOXZFwt"}
{"tweet_id":841794140849475584,"created_unixtime":1489534337614,"created_time":"Tue Mar 14 23:32:17 +0000 2017","lang":"en","displayname":"brittanyrosecay","time_zone":"Eastern Time (US & Canada)","msg":"RT SN_Ohio Happy birthday StephenCurry30 heres a compilation video https//tco/JmYjJXLt65"}
{"tweet_id":841794141432422400,"created_unixtime":1489534337753,"created_time":"Tue Mar 14 23:32:17 +0000 2017","lang":"en","displayname":"Realbebay","time_zone":"Pacific Time (US & Canada)","msg":"RT MaClara88 TheLQHeraldLaunch Happy Morning MYlabsMY EX AND WHYS 500M https//tco/a8fUllzmF8"}
{"tweet_id":841794141977694208,"created_unixtime":1489534337883,"created_time":"Tue Mar 14 23:32:17 +0000 2017","lang":"en","displayname":"jordanthewiz","time_zone":"Pacific Time (US & Canada)","msg":"RT warriors DubNation please join us in wishing StephenCurry30 a very Happy Birthday 🎈 https//tco/cByjiIEk25"}
{"tweet_id":841794139716907008,"created_unixtime":1489534337344,"created_time":"Tue Mar 14 23:32:17 +0000 2017","lang":"en","displayname":"alliewankenobi","time_zone":"Arizona","msg":"RT bwecht Happy Birthday to a guy that forever changed my life Dan Avidan Audrey amp I recorded a little message to celebrate https//t…"}
{"tweet_id":841794138139971586,"created_unixtime":1489534336968,"created_time":"Tue Mar 14 23:32:16 +0000 2017","lang":"en","displayname":"elliereidmusic","time_zone":"Eastern Time (US & Canada)","msg":"my boyfriend got me this Im real happy about it 💧🌎🔥💨 https//tco/47WJkJNgoG"}
{"tweet_id":841794140203548672,"created_unixtime":1489534337460,"created_time":"Tue Mar 14 23:32:17 +0000 2017","lang":"en","displayname":"hannerfitzz","time_zone":"Atlantic Time (Canada)","msg":"happy birthday guys love u both MattyMills2 chris_miller22 💜💕❤️🌈💘💙"}
{"tweet_id":841794140253900801,"created_unixtime":1489534337472,"created_time":"Tue Mar 14 23:32:17 +0000 2017","lang":"en","displayname":"LukaLuzelia","time_zone":"Pacific Time (US & Canada)","msg":"RT sometimesrt Happy Sunday https//tco/UhYB8XQj0n"}
{"tweet_id":841794140413300738,"created_unixtime":1489534337510,"created_time":"Tue Mar 14 23:32:17 +0000 2017","lang":"en","displayname":"chavezvero122","time_zone":"Arizona","msg":"RT ___evelynnn I deserve to be happy"}
{"tweet_id":841794140656480256,"created_unixtime":1489534337568,"created_time":"Tue Mar 14 23:32:17 +0000 2017","lang":"en","displayname":"YoBabyCierra","time_zone":"","msg":"So sad Nick should of picked Raven instead of Vanessa Vanessa doesnt know what she wants Ugh"}
{"tweet_id":841794140451008513,"created_unixtime":1489534337519,"created_time":"Tue Mar 14 23:32:17 +0000 2017","lang":"en","displayname":"paperhrtts","time_zone":"Pacific Time (US & Canada)","msg":"RT namjoonsunrise NAMJOON LOOKS SO HAPPY AND HE IS ENJOYING LIFE https//tco/b3T9ysWTFs"}
{"tweet_id":841794140757200896,"created_unixtime":1489534337592,"created_time":"Tue Mar 14 23:32:17 +0000 2017","lang":"und","displayname":"TrentTZA","time_zone":"","msg":"KristerR Sad"}
{"tweet_id":841794140476178432,"created_unixtime":1489534337525,"created_time":"Tue Mar 14 23:32:17 +0000 2017","lang":"en","displayname":"imthatmodeltype","time_zone":"","msg":"RT D_Deji28 Do you guys know why he was killed A girl lied that he raped her and her brother shot him dead https//tco/IWDVDZp3rz"}
{"tweet_id":841794141050830848,"created_unixtime":1489534337662,"created_time":"Tue Mar 14 23:32:17 +0000 2017","lang":"en","displayname":"Belden_Village","time_zone":"Eastern Time (US & Canada)","msg":"RT TheRailBurger Happy PiDay RAILavores Celebrate with our Blueberry Peach Pie of the Month 65 for March 314 TreatYoSelf… "}
{"tweet_id":841794141671546880,"created_unixtime":1489534337810,"created_time":"Tue Mar 14 23:32:17 +0000 2017","lang":"en","displayname":"angelcakephotos","time_zone":"Pacific Time (US & Canada)","msg":"RT mysteriousfact Smiling even in a bad mood can immediately improve your mood because these muscles are enough to trigger happy chemic…"}
{"tweet_id":841794141424111616,"created_unixtime":1489534337751,"created_time":"Tue Mar 14 23:32:17 +0000 2017","lang":"en","displayname":"MakeupJunkie736","time_zone":"Eastern Time (US & Canada)","msg":"Happy Im homeIm not good at being 21 https//tco/joykjOq6Hb"}
{"tweet_id":841794141780623361,"created_unixtime":1489534337836,"created_time":"Tue Mar 14 23:32:17 +0000 2017","lang":"en","displayname":"MsJPinedo","time_zone":"Pacific Time (US & Canada)","msg":"RT teainfo Happy PiDay to all our math nerds https//tco/a5vLSF908x txed https//tco/qI0CQOnwMN"}
{"tweet_id":841794142128676864,"created_unixtime":1489534337919,"created_time":"Tue Mar 14 23:32:17 +0000 2017","lang":"en","displayname":"kooljohnhimself","time_zone":"Pacific Time (US & Canada)","msg":"RT DaddyLeo_ everyone wish the KOOLest dude I know a happy birthday much love fam 💯 Theealexjones kooljohnhimself https//tco/uoZhMOR…"}
{"tweet_id":841794142392864768,"created_unixtime":1489534337982,"created_time":"Tue Mar 14 23:32:17 +0000 2017","lang":"en","displayname":"rshqh","time_zone":"Beijing","msg":"RT Iovablejimin if you are sad look at this trust me it will make you happier https//tco/jFD6lNoQen"}
{"tweet_id":841794142430609408,"created_unixtime":1489534337991,"created_time":"Tue Mar 14 23:32:17 +0000 2017","lang":"en","displayname":"bmore2hilo","time_zone":"","msg":"RT 4everNeverTrump Regular reminder that this shouldve ended Trump Its a sad and tragic reflection of our country and our instituti… "}
{"tweet_id":841794143085035521,"created_unixtime":1489534338147,"created_time":"Tue Mar 14 23:32:18 +0000 2017","lang":"en","displayname":"rosemgjf","time_zone":"Pacific Time (US & Canada)","msg":"RT amicalemou kaplanikids Alphaomega24 Paul72717 magallanes_2015 rosemgjf chrisdulux vernsanders ChadSchimke AlbaneFlamant MOut…"}
{"tweet_id":841794143110209537,"created_unixtime":1489534338153,"created_time":"Tue Mar 14 23:32:18 +0000 2017","lang":"en","displayname":"sahid2304","time_zone":"","msg":"RT GeezyPeas Imagine using Leicester going through as a stick Youre sucking every last bit of joy from your relationship with Arsenal amp…"}
{"tweet_id":841794143210881025,"created_unixtime":1489534338177,"created_time":"Tue Mar 14 23:32:18 +0000 2017","lang":"en","displayname":"midori_hatton","time_zone":"","msg":"Live your life and if that means doing something people dont approve of but it makes you happy then so be it"}
{"tweet_id":841794142183280641,"created_unixtime":1489534337932,"created_time":"Tue Mar 14 23:32:17 +0000 2017","lang":"pt","displayname":"Carl0sLP","time_zone":"Santiago","msg":"Já faz 4 anos desde  a 1 vez que escutei e ainda é minha música preferida https//tco/MJHDO4hnui"}
{"tweet_id":841794144137814016,"created_unixtime":1489534338398,"created_time":"Tue Mar 14 23:32:18 +0000 2017","lang":"en","displayname":"_AintGotNoYEEZY","time_zone":"Quito","msg":"RT WavyBoomin i wanna be this kind of happy https//tco/Hf32T6iJZe"}
{"tweet_id":841794144188096512,"created_unixtime":1489534338410,"created_time":"Tue Mar 14 23:32:18 +0000 2017","lang":"ja","displayname":"NFCEZzN9PTZg9sx","time_zone":"","msg":"RT cmwtp_bdbdwj 海未ちゃん！Happy birthday 💙μsのなかで1番好き！！これからも応援してます！園田海未生誕祭 園田海未生誕祭2017 3月15日は園田海未の誕生日 ラブライバーと繋がりたい 祝う人RT… "}
{"tweet_id":841794144431398912,"created_unixtime":1489534338468,"created_time":"Tue Mar 14 23:32:18 +0000 2017","lang":"en","displayname":"viiicky_sanchez","time_zone":"Madrid","msg":"RT FemaleTexts I hate that I cry out of frustration 95  of the time its not even cause Im sad its that Im so angry I cant control…"}
{"tweet_id":841794144641138690,"created_unixtime":1489534338518,"created_time":"Tue Mar 14 23:32:18 +0000 2017","lang":"en","displayname":"baby_nessaaa","time_zone":"","msg":"RT Jadaabee baby_nessaaa i know im sad now"}
{"tweet_id":841794144020361217,"created_unixtime":1489534338370,"created_time":"Tue Mar 14 23:32:18 +0000 2017","lang":"en","displayname":"vannessa_aguiar","time_zone":"","msg":"RT danimara129 Happy Birthday danieljgillies HappyBdayDanielGillies I cant wait to see you in Brazil vampireattraction2017… "}
{"tweet_id":841794139440222208,"created_unixtime":1489534337278,"created_time":"Tue Mar 14 23:32:17 +0000 2017","lang":"en","displayname":"thotlaurmani","time_zone":"Eastern Time (US & Canada)","msg":"RT theIifeofpabIo This made me so sad  and even after all of this people still accuse her of having a surrogate https//tco/xhxt4px24S"}
{"tweet_id":841794139733798914,"created_unixtime":1489534337348,"created_time":"Tue Mar 14 23:32:17 +0000 2017","lang":"en","displayname":"nataliemariemcb","time_zone":"Central Time (US & Canada)","msg":"philmilani Great interview Phil So happy to hear that excitement coming from our new guys Welcome to BroncosCountry Zach Broncos"}
{"tweet_id":841794140132253696,"created_unixtime":1489534337443,"created_time":"Tue Mar 14 23:32:17 +0000 2017","lang":"en","displayname":"lilsoynugget","time_zone":"Atlantic Time (Canada)","msg":"RT EiramAydni Ill always care about my character more than my reputation i have to live with myselfI have to be happy with myself in…"}
{"tweet_id":841794142372007937,"created_unixtime":1489534337977,"created_time":"Tue Mar 14 23:32:17 +0000 2017","lang":"en","displayname":"TregoningJ","time_zone":"Pacific Time (US & Canada)","msg":"RT TED_ED Happy PiDay Lets look at pis vast applications to the study of music finance and the density of the universe… "}
{"tweet_id":841794142367813633,"created_unixtime":1489534337976,"created_time":"Tue Mar 14 23:32:17 +0000 2017","lang":"en","displayname":"KrissLang","time_zone":"Santiago","msg":"Big Fails  That Kind Of Mother You Are Very Happy Its Not Yours https//tco/ahxBY49QBK"}
{"tweet_id":841794142875279360,"created_unixtime":1489534338097,"created_time":"Tue Mar 14 23:32:18 +0000 2017","lang":"en","displayname":"mandykeeling4","time_zone":"Central Time (US & Canada)","msg":"RT serrhodes Im so happy God didnt do things the way I begged him to"}
{"tweet_id":841794142569140224,"created_unixtime":1489534338024,"created_time":"Tue Mar 14 23:32:18 +0000 2017","lang":"en","displayname":"TattedUpDK_","time_zone":"Eastern Time (US & Canada)","msg":"Im so happy I bought the jeep I plow through shit lol"}
{"tweet_id":841794142476865536,"created_unixtime":1489534338002,"created_time":"Tue Mar 14 23:32:18 +0000 2017","lang":"en","displayname":"Hugo_Boss89","time_zone":"","msg":"RT skkaragoz10 Black ice will pose a danger for those that operate a motor vehicle a closure is the best option to ensure the saf… "}
{"tweet_id":841794142950830081,"created_unixtime":1489534338115,"created_time":"Tue Mar 14 23:32:18 +0000 2017","lang":"en","displayname":"oware_jnr","time_zone":"Amsterdam","msg":"RT warriors DubNation please join us in wishing StephenCurry30 a very Happy Birthday 🎈 https//tco/cByjiIEk25"}
{"tweet_id":841794142636240896,"created_unixtime":1489534338040,"created_time":"Tue Mar 14 23:32:18 +0000 2017","lang":"en","displayname":"Echo76","time_zone":"Pacific Time (US & Canada)","msg":"Behold The cuckold waits https//tco/1SQWv8gge3"}
{"tweet_id":841794145307914240,"created_unixtime":1489534338677,"created_time":"Tue Mar 14 23:32:18 +0000 2017","lang":"en","displayname":"namigezk","time_zone":"","msg":"Them Hi I’m happy to meet you Me Hi I’m awkward and already trying to find a way out of this conversation"}
{"tweet_id":841794140761391106,"created_unixtime":1489534337593,"created_time":"Tue Mar 14 23:32:17 +0000 2017","lang":"en","displayname":"emily__knobel","time_zone":"Central Time (US & Canada)","msg":"Happy bday to one of my best friends life would be too boring w/out u miss u tons amphope u have the best day see… https//tco/OVaeJXm9xl"}
{"tweet_id":841794145047924736,"created_unixtime":1489534338615,"created_time":"Tue Mar 14 23:32:18 +0000 2017","lang":"en","displayname":"elliexxcarrier","time_zone":"","msg":"Im crying this is so sad https//tco/HSiahrxxMd"}
{"tweet_id":841794145232535553,"created_unixtime":1489534338659,"created_time":"Tue Mar 14 23:32:18 +0000 2017","lang":"en","displayname":"jadeeee________","time_zone":"Central Time (US & Canada)","msg":"Anytime Texas is trending 9 times out of 10 its for something embarrassing Sad but true"}
{"tweet_id":841794145656045569,"created_unixtime":1489534338760,"created_time":"Tue Mar 14 23:32:18 +0000 2017","lang":"en","displayname":"Misss_Abigail","time_zone":"Central Time (US & Canada)","msg":"Happy PiDay errrbody Missing the 314 like crazy ❤❤❤ my city Cardinals StLouisBlues imospizza 314ever"}
{"tweet_id":841794145991634944,"created_unixtime":1489534338840,"created_time":"Tue Mar 14 23:32:18 +0000 2017","lang":"en","displayname":"23CheffGarcia","time_zone":"","msg":"NBowman53 My dads birthday is on Thursday 3/16/17 and youre his favorite player Can you please help us wish him a very Happy Birthday🙏😃"}
{"tweet_id":841794146058788864,"created_unixtime":1489534338856,"created_time":"Tue Mar 14 23:32:18 +0000 2017","lang":"en","displayname":"JeanneBartram","time_zone":"","msg":"Fermentedmust Yes but shes happy as it wont be her blood She has no children so no investment in next generation either"}
{"tweet_id":841794146587172864,"created_unixtime":1489534338982,"created_time":"Tue Mar 14 23:32:18 +0000 2017","lang":"en","displayname":"deeeeenise___","time_zone":"","msg":"Sandoval_J4 happy birthday 🎈"}
{"tweet_id":841794146167881728,"created_unixtime":1489534338882,"created_time":"Tue Mar 14 23:32:18 +0000 2017","lang":"en","displayname":"Sim0n3__","time_zone":"","msg":"RT __Jenniferyall HAPPY BIRTHDAY TO MY BABY GABSTER Sim0n3__ https//tco/57XXPuXKlh"}
{"tweet_id":841794146402627589,"created_unixtime":1489534338938,"created_time":"Tue Mar 14 23:32:18 +0000 2017","lang":"und","displayname":"BeAwesome_Laugh","time_zone":"Pacific Time (US & Canada)","msg":"RT vestkysta Happy  Sunday    Twitter https//tco/haDTE7S9sP"}
{"tweet_id":841794146956263424,"created_unixtime":1489534339070,"created_time":"Tue Mar 14 23:32:19 +0000 2017","lang":"ja","displayname":"DarkKni19331598","time_zone":"","msg":"RT anilove_you ♡Happy うみちゃん Birthday♡今日はしっかり者の海未ちゃんの誕生日！！皆でお祝いしましょー！！うっみうみうー〃gtωlt★園田海未生誕祭2017 3月15日は園田海未の誕生日  祝う人RT… "}
{"tweet_id":841794147040215040,"created_unixtime":1489534339090,"created_time":"Tue Mar 14 23:32:19 +0000 2017","lang":"en","displayname":"gracynnmalone","time_zone":"Pacific Time (US & Canada)","msg":"RT pipesmalone there was a point in my life when i didnt think id be this happy ever again amp now i cant believe i ever let someone mak…"}
{"tweet_id":841794146989924353,"created_unixtime":1489534339078,"created_time":"Tue Mar 14 23:32:19 +0000 2017","lang":"en","displayname":"Pretty_Naeeeee","time_zone":"","msg":"RT LuxeSwimwear Im not perfect but I am actually trying to make a life where Im really happy not pretending"}
{"tweet_id":841794146654388225,"created_unixtime":1489534338998,"created_time":"Tue Mar 14 23:32:18 +0000 2017","lang":"en","displayname":"demyanchidm","time_zone":"Pacific Time (US & Canada)","msg":"RT Swizzysky99 Pamaj happy birthday Austin 💚 https//tco/so9yOMaUpC"}
{"tweet_id":841794145538695168,"created_unixtime":1489534338732,"created_time":"Tue Mar 14 23:32:18 +0000 2017","lang":"en","displayname":"shelbysmilesxo","time_zone":"","msg":"Happy Pie Day kassandrasweatt Madisonrapoza https//tco/y6LRAizIfH"}
{"tweet_id":841794147191156736,"created_unixtime":1489534339126,"created_time":"Tue Mar 14 23:32:19 +0000 2017","lang":"en","displayname":"kayleighsherri","time_zone":"Arizona","msg":"RT FemaleTexts Someone When was the last time u were truly happyMe https//tco/XpsaVKmmfJ"}
{"tweet_id":841794147547725824,"created_unixtime":1489534339211,"created_time":"Tue Mar 14 23:32:19 +0000 2017","lang":"ja","displayname":"Silica65karen","time_zone":"","msg":"RT poteto_rubyi 園田海未生誕祭2017 ぽっぴん加工海未ちゃん happy birthday‼️🎂🎂海未ちゃんアイコン配布です！ https//tco/BySEyTTCgE"}
{"tweet_id":841794148541784064,"created_unixtime":1489534339448,"created_time":"Tue Mar 14 23:32:19 +0000 2017","lang":"en","displayname":"CSGN2014","time_zone":"","msg":"RT OfficialNsollQc Our Lady of Lourdes message to Bernadette on her 3rd apparitionI do not promise to make you happy in this world b…"}
{"tweet_id":841794148105560065,"created_unixtime":1489534339344,"created_time":"Tue Mar 14 23:32:19 +0000 2017","lang":"en","displayname":"chocolatdaleKHJ","time_zone":"Tokyo","msg":"RT AnaHyunecia ❤김현중❤ Good Morning My Happiness💕 Happy Hyunday All🍀🌸ヾ〃∇ﾉ🌸 crtotheowner https//tco/Cnblj5yL23"}
{"tweet_id":841794147665248256,"created_unixtime":1489534339239,"created_time":"Tue Mar 14 23:32:19 +0000 2017","lang":"en","displayname":"carpediemgirlz","time_zone":"","msg":"hummkombucha only sad I didnt buy more than 1 bottle 😞Target today"}
{"tweet_id":841794148529250304,"created_unixtime":1489534339445,"created_time":"Tue Mar 14 23:32:19 +0000 2017","lang":"en","displayname":"TheBlackBarbie_","time_zone":"Greenland","msg":"Happy birthday Jadoudou ❤️❤️❤️❤️❤️"}
{"tweet_id":841794148046888960,"created_unixtime":1489534339330,"created_time":"Tue Mar 14 23:32:19 +0000 2017","lang":"en","displayname":"jessbeecreates","time_zone":"Pacific Time (US & Canada)","msg":"RT BillNye Happy 314 Day peoples"}
{"tweet_id":841794148550156288,"created_unixtime":1489534339450,"created_time":"Tue Mar 14 23:32:19 +0000 2017","lang":"en","displayname":"dylan__waller","time_zone":"Central Time (US & Canada)","msg":"RT 24waller Happy 21 Birthday to my son dylan__waller   You are the best https//tco/aVkridphVj"}
{"tweet_id":841794148751552513,"created_unixtime":1489534339498,"created_time":"Tue Mar 14 23:32:19 +0000 2017","lang":"en","displayname":"davinsonfan","time_zone":"Pacific Time (US & Canada)","msg":"FutboyAdam happy birthday adam"}
{"tweet_id":841794149435232257,"created_unixtime":1489534339661,"created_time":"Tue Mar 14 23:32:19 +0000 2017","lang":"en","displayname":"softlune","time_zone":"Amsterdam","msg":"i just finished watching eddie the eagle and im crying so much im so happy but also so sad i love that movie"}
{"tweet_id":841794149011603457,"created_unixtime":1489534339560,"created_time":"Tue Mar 14 23:32:19 +0000 2017","lang":"en","displayname":"CarolPoyerPeett","time_zone":"Hawaii","msg":"RT RedHotSquirrel Where does Gina Millers seemingly endless supply of money for ultimately fruitless litigation come from https//tco/…"}
{"tweet_id":841794149699407872,"created_unixtime":1489534339724,"created_time":"Tue Mar 14 23:32:19 +0000 2017","lang":"en","displayname":"plasticflowerr","time_zone":"Arizona","msg":"RT hiramitu Happy Birthday UMI SONODA  園田海未生誕祭2017 園田海未生誕祭 3月15日は園田海未の誕生日 https//tco/vDcelDXeR8"}
{"tweet_id":841794149888204801,"created_unixtime":1489534339769,"created_time":"Tue Mar 14 23:32:19 +0000 2017","lang":"en","displayname":"iconicmin","time_zone":"","msg":"RT bangtaened that lovely smile on yoongis face while watching hoseok he looks so happy i love sope https//tco/I4SkkiTCxQ"}
{"tweet_id":841794150202658816,"created_unixtime":1489534339844,"created_time":"Tue Mar 14 23:32:19 +0000 2017","lang":"en","displayname":"Witzelsuchter","time_zone":"Pacific Time (US & Canada)","msg":"RT RalstonReports Poll shows Nevadans oppose ACA repeal  this was before CBO score  and will vote out elected officials who suppo… "}
{"tweet_id":841794150420762625,"created_unixtime":1489534339896,"created_time":"Tue Mar 14 23:32:19 +0000 2017","lang":"en","displayname":"KatieTenney23","time_zone":"","msg":"RT MatPatGT A nerdy math joke for a nerdy holidayHappy Pi Day https//tco/jRxvuScUyn"}
{"tweet_id":841794150458580992,"created_unixtime":1489534339905,"created_time":"Tue Mar 14 23:32:19 +0000 2017","lang":"en","displayname":"Gemi_1360","time_zone":"","msg":"Happy Pi Day everyone  [ 314]"}
{"tweet_id":841794150475411456,"created_unixtime":1489534339909,"created_time":"Tue Mar 14 23:32:19 +0000 2017","lang":"en","displayname":"NotThatDeb","time_zone":"","msg":"RT BeingYuvNaseer Happy birthday Shishir 🎂🎈🎉May the almighty bless you abundantly  Live the longest😇Imshasha_"}
{"tweet_id":841794150609653760,"created_unixtime":1489534339941,"created_time":"Tue Mar 14 23:32:19 +0000 2017","lang":"tl","displayname":"GoldenSnakeBoy","time_zone":"","msg":"yyx_d Feliz CumpleañosHappy Birthday saengil chukha hamnida♡♡♡ ♩🎶🎵🎆🎇🎇✨🎁"}
{"tweet_id":841794149858734080,"created_unixtime":1489534339762,"created_time":"Tue Mar 14 23:32:19 +0000 2017","lang":"en","displayname":"Shyreyes4","time_zone":"","msg":"RT sarahgrimes031 Happy Morning therese10101958 igrace529 malousalamat MeilinLozano salvadortrish21 lilyreyes1726 cpjayloni AL…"}
{"tweet_id":841794150739652609,"created_unixtime":1489534339972,"created_time":"Tue Mar 14 23:32:19 +0000 2017","lang":"en","displayname":"GennyGen2013","time_zone":"Beijing","msg":"Happy friendsary ghing"}
{"tweet_id":841794150802567170,"created_unixtime":1489534339987,"created_time":"Tue Mar 14 23:32:19 +0000 2017","lang":"en","displayname":"a_shygirl_","time_zone":"Quito","msg":"RT isaksvaltersn they both have small smiles while touching foreheads and theyre just so happy and soft this makes my heart dip to… "}
{"tweet_id":841794151259680768,"created_unixtime":1489534340096,"created_time":"Tue Mar 14 23:32:20 +0000 2017","lang":"en","displayname":"Cha_am24","time_zone":"Jakarta","msg":"RT rose_pipatpong 😘 Happy weekend all dear friends 😘 https//tco/GbbFk5O7de"}
{"tweet_id":841794151029059584,"created_unixtime":1489534340041,"created_time":"Tue Mar 14 23:32:20 +0000 2017","lang":"en","displayname":"sam_vonderahe","time_zone":"","msg":"Happy Birthday Chrisman 🎉 🎉 🙂christian_h314"}
{"tweet_id":841794151364587521,"created_unixtime":1489534340121,"created_time":"Tue Mar 14 23:32:20 +0000 2017","lang":"en","displayname":"Hickory_dickery","time_zone":"Eastern Time (US & Canada)","msg":"RT WorIdStarLaugh Happy Birthday Merlin SantanaRIP 🙏 https//tco/1afWTL2JTY"}
{"tweet_id":841794151456821248,"created_unixtime":1489534340143,"created_time":"Tue Mar 14 23:32:20 +0000 2017","lang":"en","displayname":"masai_closer","time_zone":"","msg":"RT warriors DubNation please join us in wishing StephenCurry30 a very Happy Birthday 🎈 https//tco/cByjiIEk25"}
{"tweet_id":841794152111063041,"created_unixtime":1489534340299,"created_time":"Tue Mar 14 23:32:20 +0000 2017","lang":"en","displayname":"channsky","time_zone":"Tokyo","msg":"RT ChampionsLeague Sad to see you go Porto amp Sevilla Best of luck for the rest of the season amp hope to see you back soon 👏 UCL https/…"}
{"tweet_id":841794151981174785,"created_unixtime":1489534340268,"created_time":"Tue Mar 14 23:32:20 +0000 2017","lang":"en","displayname":"AyeeSumaitaa","time_zone":"","msg":"Kxndalll__ happy birthday boo"}
{"tweet_id":841794151993622528,"created_unixtime":1489534340271,"created_time":"Tue Mar 14 23:32:20 +0000 2017","lang":"ko","displayname":"Rg__bsd","time_zone":"Pacific Time (US & Canada)","msg":"RT NRing_ 늦었지만 리퀘박스할겸 흑츠시로[Happy White Day ] https//tco/trw6glErUk"}
{"tweet_id":841794152530624512,"created_unixtime":1489534340399,"created_time":"Tue Mar 14 23:32:20 +0000 2017","lang":"en","displayname":"fmnspirit","time_zone":"","msg":"RT ReallyCodyPics Every beginning has an end Sad to see Teen Wolf go https//tco/grXr6o6bLc"}
{"tweet_id":841794153285591040,"created_unixtime":1489534340579,"created_time":"Tue Mar 14 23:32:20 +0000 2017","lang":"en","displayname":"ummbaseball","time_zone":"","msg":"Happy birthday to senior pitcher MitchReller"}
{"tweet_id":841794152958431232,"created_unixtime":1489534340501,"created_time":"Tue Mar 14 23:32:20 +0000 2017","lang":"en","displayname":"sellmymemories","time_zone":"Minsk","msg":"RT sellmymemories Another lover hits the universe The circle is broken But with death comes rebirth And like all lovers and sad pe… "}
{"tweet_id":841794153675669505,"created_unixtime":1489534340672,"created_time":"Tue Mar 14 23:32:20 +0000 2017","lang":"en","displayname":"ikesharose","time_zone":"Atlantic Time (Canada)","msg":"RT billyraycyrus Looks like its time to rock n roll MileyCyrus happy   Excited to hear more of the new stuff  Turn it loose  htt…"}
{"tweet_id":841794153835048961,"created_unixtime":1489534340710,"created_time":"Tue Mar 14 23:32:20 +0000 2017","lang":"en","displayname":"HeFaithfuI","time_zone":"Pacific Time (US & Canada)","msg":"RT DrakeGoat PapiOverBitches happy birthday Fay Fay 🎉💕"}
{"tweet_id":841794153386250240,"created_unixtime":1489534340603,"created_time":"Tue Mar 14 23:32:20 +0000 2017","lang":"en","displayname":"hyyhbot","time_zone":"Pacific Time (US & Canada)","msg":"HAPPY BIRTHDAY TO ME https//tco/qNMZuCarqh"}
{"tweet_id":841794154355150849,"created_unixtime":1489534340834,"created_time":"Tue Mar 14 23:32:20 +0000 2017","lang":"en","displayname":"TerrellChuggs","time_zone":"Central Time (US & Canada)","msg":"KingFavre NarcoReus Skip tweet/avi combo makes me kinda sad too"}
{"tweet_id":841794153759551488,"created_unixtime":1489534340692,"created_time":"Tue Mar 14 23:32:20 +0000 2017","lang":"en","displayname":"savannahred5","time_zone":"","msg":"The amount of organization makes me happy https//tco/MvWA9caTyr"}
{"tweet_id":841794153784721408,"created_unixtime":1489534340698,"created_time":"Tue Mar 14 23:32:20 +0000 2017","lang":"en","displayname":"carleighxoxoo","time_zone":"Eastern Time (US & Canada)","msg":"Happy birthday AngieKuzmicz 💕💕 thanks for making me like my job https//tco/7iF4Wy3cm6"}
{"tweet_id":841794154724245505,"created_unixtime":1489534340922,"created_time":"Tue Mar 14 23:32:20 +0000 2017","lang":"en","displayname":"lcm1pen","time_zone":"Eastern Time (US & Canada)","msg":"RT interestingshlt Happy Birthday AlbertEinstein here are 8 Things You Never Knew About this great man Enjoy til https//tco/X609FVsl…"}
{"tweet_id":841794155529420800,"created_unixtime":1489534341114,"created_time":"Tue Mar 14 23:32:21 +0000 2017","lang":"en","displayname":"morganleire_","time_zone":"","msg":"Wish I could put into words how happy I am here"}
{"tweet_id":841794155747540992,"created_unixtime":1489534341166,"created_time":"Tue Mar 14 23:32:21 +0000 2017","lang":"en","displayname":"winaApr10041979","time_zone":"","msg":"RT arasaucedo24 ~Have all of you a happy week              🌸🍃🌸🍃🌸feelgood https//tco/WmnbTDjxL4"}
{"tweet_id":841794155651190784,"created_unixtime":1489534341143,"created_time":"Tue Mar 14 23:32:21 +0000 2017","lang":"en","displayname":"Iamwilliejonez","time_zone":"Pacific Time (US & Canada)","msg":"Happy birthday to an awesome lady she can smile for the world  believe me she can smile infront of Mr Death https//tco/uyBkllWJB7"}
{"tweet_id":841794156271943680,"created_unixtime":1489534341291,"created_time":"Tue Mar 14 23:32:21 +0000 2017","lang":"en","displayname":"KelKem","time_zone":"Central Time (US & Canada)","msg":"tae15adams Im happy for him but Im gonna miss his smiling face Thats for sure 😢"}
{"tweet_id":841794155139481600,"created_unixtime":1489534341021,"created_time":"Tue Mar 14 23:32:21 +0000 2017","lang":"en","displayname":"jtlewis1999","time_zone":"","msg":"Happy birthday to the A1 since day 1 BrianHama miss ballin together but at least i get to dub you in more than one… https//tco/2UgxcUMHSl"}
{"tweet_id":841794156724809728,"created_unixtime":1489534341399,"created_time":"Tue Mar 14 23:32:21 +0000 2017","lang":"en","displayname":"baaby_kaayyy","time_zone":"Pacific Time (US & Canada)","msg":"RT bangbangbenzcuh maybe dudes with girlfriends should stop hitting girls up 😢😂 https//tco/MOMVyHUql6"}
{"tweet_id":841794156607483905,"created_unixtime":1489534341371,"created_time":"Tue Mar 14 23:32:21 +0000 2017","lang":"en","displayname":"kapesabyaku","time_zone":"","msg":"RT KingJames Happy Bday bro RealTristan13 Glad I got to spend some time with you on your day Enjoy MoreLife"}
{"tweet_id":841794156703956992,"created_unixtime":1489534341394,"created_time":"Tue Mar 14 23:32:21 +0000 2017","lang":"en","displayname":"brespect2devda","time_zone":"","msg":"Happy birthday dada Jisshusengupta  Valo theko "}
{"tweet_id":841794157450424320,"created_unixtime":1489534341572,"created_time":"Tue Mar 14 23:32:21 +0000 2017","lang":"ja","displayname":"IkkyuTensaiTaso","time_zone":"Pacific Time (US & Canada)","msg":"RT BELCORNO ラテアート【高町なのは】＠魔法少女リリカルなのは本日お誕生日で一杯。Happy Birthday高町なのは生誕祭 高町なのは生誕祭2017 yukari_tamura https//tco/lqCKadLb5R"}
{"tweet_id":841794157135945728,"created_unixtime":1489534341497,"created_time":"Tue Mar 14 23:32:21 +0000 2017","lang":"en","displayname":"danikeafan","time_zone":"Brasilia","msg":"RT Originals Happy birthday danieljgillies https//tco/tvgcNYDmYo"}
{"tweet_id":841794159023403009,"created_unixtime":1489534341947,"created_time":"Tue Mar 14 23:32:21 +0000 2017","lang":"en","displayname":"jinyoungstrbl","time_zone":"Central Time (US & Canada)","msg":"RT bragtans Happy birthday to this lil cutie keep making our boys happy HappyCocoDay 💙 https//tco/1jMbG60Nxo"}
{"tweet_id":841794159396573184,"created_unixtime":1489534342036,"created_time":"Tue Mar 14 23:32:22 +0000 2017","lang":"ja","displayname":"Pineappleif642","time_zone":"","msg":"RT BELCORNO ラテアート【園田海未】＠ラブライブ！LatteArt【Umi Sonoda】＠ Love Live本日お誕生日で一杯。Happy Birthday作成動画：https//tco/M7aP8M7SKK… "}
{"tweet_id":841794159354683393,"created_unixtime":1489534342026,"created_time":"Tue Mar 14 23:32:22 +0000 2017","lang":"tr","displayname":"SE0KYEOM","time_zone":"Pacific Time (US & Canada)","msg":"RT jinjinnocent asdfghJ KYARA i love this https//tco/7qo54Eq9kh"}
{"tweet_id":841794159258308612,"created_unixtime":1489534342003,"created_time":"Tue Mar 14 23:32:22 +0000 2017","lang":"en","displayname":"BeckerBeckker","time_zone":"","msg":"Ive stayed up for every one of frank oceans new releases and Im seeing him on my birthday Im acc so happy he camebackpurposeinlife"}
{"tweet_id":841794159602237440,"created_unixtime":1489534342085,"created_time":"Tue Mar 14 23:32:22 +0000 2017","lang":"en","displayname":"Richhomieresh1","time_zone":"","msg":"RT 713Brazy_ I CANNOT BE SAD NO MORE I gota boss up"}
{"tweet_id":841794159748898816,"created_unixtime":1489534342120,"created_time":"Tue Mar 14 23:32:22 +0000 2017","lang":"ko","displayname":"seukors","time_zone":"Pacific Time (US & Canada)","msg":"RT offclASTRO Happy birthday to you~ 진진형 22번째 생일을진심으로 축하해요🎉🎉 착하고 장난도 잘받아주고 리더쉽있는ㅎㅎ진진형 귀염댕이 아스트로 잘부탁드려요생일선물 나 HappyJINJINDay https//…"}
{"tweet_id":841794160239681536,"created_unixtime":1489534342237,"created_time":"Tue Mar 14 23:32:22 +0000 2017","lang":"en","displayname":"casino_r8","time_zone":"Jakarta","msg":"RT kissmemyfan_ Happy White Day~💕[HQ] 161106 Wuyifan  MRFANTASTIC2016 CrVanguard1106https//tco/fCAcgUGXcV… "}
{"tweet_id":841794160403206144,"created_unixtime":1489534342276,"created_time":"Tue Mar 14 23:32:22 +0000 2017","lang":"en","displayname":"mabeth_balani","time_zone":"","msg":"Happy morning everyoneLLWaves"}
{"tweet_id":841794160529047552,"created_unixtime":1489534342306,"created_time":"Tue Mar 14 23:32:22 +0000 2017","lang":"en","displayname":"_fashionfoodie","time_zone":"Sydney","msg":"Happy Hump Day you gorgeous soul I wish a great day for you amp send you love loads of good… https//tco/G4pDQRTsub"}
{"tweet_id":841794160646606848,"created_unixtime":1489534342334,"created_time":"Tue Mar 14 23:32:22 +0000 2017","lang":"en","displayname":"AleshaCesar","time_zone":"","msg":"Let KekePalmer be happy stop hating"}
{"tweet_id":841794160751448065,"created_unixtime":1489534342359,"created_time":"Tue Mar 14 23:32:22 +0000 2017","lang":"en","displayname":"Pre459","time_zone":"Eastern Time (US & Canada)","msg":"Came a long way baby blue 🎂 https//tco/bWvxXTFnjl 🎉HAPPY BIRTHDAY 💕 https//tco/cHpVaMqSsD"}
{"tweet_id":841794161175101440,"created_unixtime":1489534342460,"created_time":"Tue Mar 14 23:32:22 +0000 2017","lang":"en","displayname":"Mkayy_Castro","time_zone":"Alaska","msg":"90 never looked so good 💕  Happy Birthday https//tco/d8xfiusTqt"}
{"tweet_id":841794161334464513,"created_unixtime":1489534342498,"created_time":"Tue Mar 14 23:32:22 +0000 2017","lang":"en","displayname":"Marielitai","time_zone":"Mountain Time (US & Canada)","msg":"I just want to say that Im so happy and proud of BBPaws and the amazing community she has built on HarmonyHollow ❤️LOVE YOU GUUURL"}
{"tweet_id":841794157836435457,"created_unixtime":1489534341664,"created_time":"Tue Mar 14 23:32:21 +0000 2017","lang":"en","displayname":"TheLEAUXTCamp","time_zone":"Eastern Time (US & Canada)","msg":"RT Theresonly1hect Not seeing my people happy before they close my curtains https//tco/ERJoPF2zsp"}
{"tweet_id":841794158289342465,"created_unixtime":1489534341772,"created_time":"Tue Mar 14 23:32:21 +0000 2017","lang":"en","displayname":"kotoringo2525","time_zone":"","msg":"RT coneyrivard Happy birthday to UMI ~ https//tco/Pwn7AApSYl"}
{"tweet_id":841794158117437440,"created_unixtime":1489534341731,"created_time":"Tue Mar 14 23:32:21 +0000 2017","lang":"en","displayname":"blackkidsarecoo","time_zone":"","msg":"RT yesiiperez21 Idk why people think they need a gf/bf to be happy"}
{"tweet_id":841794158285144064,"created_unixtime":1489534341771,"created_time":"Tue Mar 14 23:32:21 +0000 2017","lang":"en","displayname":"Sminthian","time_zone":"Pacific Time (US & Canada)","msg":"RT KenJennings The Ugly Duckling is my favorite story about how if youre unpopular amp sad you might still turn it around if your look…"}
{"tweet_id":841794158272630784,"created_unixtime":1489534341768,"created_time":"Tue Mar 14 23:32:21 +0000 2017","lang":"en","displayname":"EvilOliveLounge","time_zone":"","msg":"Happy Tuesday 125 drafts all day all night Get out here and enjoy this beautiful patio weather https//tco/6AfyuUiLiT"}
{"tweet_id":841794158381694976,"created_unixtime":1489534341794,"created_time":"Tue Mar 14 23:32:21 +0000 2017","lang":"en","displayname":"alisha_khan00","time_zone":"","msg":"RT emmacharnock_ alisha_khan00 happy birthday beautiful  Hope youve had the best day love and miss you 🍹🎁xxx https//tco/RG4bGjxyEa"}
{"tweet_id":841794157794455554,"created_unixtime":1489534341654,"created_time":"Tue Mar 14 23:32:21 +0000 2017","lang":"en","displayname":"elemonader","time_zone":"Central Time (US & Canada)","msg":"RT Heminator Sad Joel Osteen Keeps Getting Picked Last For ‘Bible Trivia’ https//tco/c4erJPePco via TheBabylonBee"}
{"tweet_id":841794159040061440,"created_unixtime":1489534341951,"created_time":"Tue Mar 14 23:32:21 +0000 2017","lang":"en","displayname":"roseflwrz","time_zone":"Pacific Time (US & Canada)","msg":"RT 21savaggee Keep people in your life who truly love you motivate you and make you happy If you know people who do none of these thin…"}
{"tweet_id":841794158822084613,"created_unixtime":1489534341899,"created_time":"Tue Mar 14 23:32:21 +0000 2017","lang":"en","displayname":"LoganDreemurr","time_zone":"","msg":"RT _youhadonejob1 Happy Pi day https//tco/ud1b1GK9cj"}
{"tweet_id":841794159199510528,"created_unixtime":1489534341989,"created_time":"Tue Mar 14 23:32:21 +0000 2017","lang":"en","displayname":"_ingridient","time_zone":"Singapore","msg":"RT MillennialOfMNL This is your reminder that its okay to not be okay No one is constantly happy Your emotions are yours No one can t…"}
{"tweet_id":841794162143842304,"created_unixtime":1489534342691,"created_time":"Tue Mar 14 23:32:22 +0000 2017","lang":"en","displayname":"MisterGokul","time_zone":"","msg":"RT narendramodi Absolutely Happy to be the Pradhan Sevak for each and every Indian https//tco/BEreA1GNVJ"}
{"tweet_id":841794162160615424,"created_unixtime":1489534342695,"created_time":"Tue Mar 14 23:32:22 +0000 2017","lang":"en","displayname":"morelli_his","time_zone":"","msg":"FangirlElisa Yeah im so sad "}
{"tweet_id":841794162445975554,"created_unixtime":1489534342763,"created_time":"Tue Mar 14 23:32:22 +0000 2017","lang":"en","displayname":"truluna","time_zone":"","msg":"RT giamaliva taurus cont but once theyre committed its settled will do everything in their power to make you happy over… "}
{"tweet_id":841794162710188032,"created_unixtime":1489534342826,"created_time":"Tue Mar 14 23:32:22 +0000 2017","lang":"en","displayname":"xefalconer","time_zone":"","msg":"Be happy not because everything is good but because you can see the good in everything x"}
{"tweet_id":841794163221925889,"created_unixtime":1489534342948,"created_time":"Tue Mar 14 23:32:22 +0000 2017","lang":"en","displayname":"jamieduss","time_zone":"Eastern Time (US & Canada)","msg":"RT dakgren It doesnt take much to make me happy but it also doesnt take much to make me upset either Its a vicious cycle"}
{"tweet_id":841794163381284865,"created_unixtime":1489534342986,"created_time":"Tue Mar 14 23:32:22 +0000 2017","lang":"en","displayname":"ListCourtney","time_zone":"Eastern Time (US & Canada)","msg":"My mom home a pie unaware that I already bought one It really is a happy Pi Day after all"}
{"tweet_id":841794163788066816,"created_unixtime":1489534343083,"created_time":"Tue Mar 14 23:32:23 +0000 2017","lang":"en","displayname":"jhopeslefttoe","time_zone":"","msg":"RT rippedjimin THE WAY HE SAID HAPPY WHITE DAY INVENTED ENGLISH https//tco/Eo3f5Inuux"}
{"tweet_id":841794162697502721,"created_unixtime":1489534342823,"created_time":"Tue Mar 14 23:32:22 +0000 2017","lang":"en","displayname":"CarlosPwn","time_zone":"Pacific Time (US & Canada)","msg":"Happy Pi Day https//tco/7QQq7X5CrL     supportsmallerstreamers supportsmallstreams twitchsfinest"}
{"tweet_id":841794163427422209,"created_unixtime":1489534342997,"created_time":"Tue Mar 14 23:32:22 +0000 2017","lang":"en","displayname":"saleenxxx","time_zone":"","msg":"RT laynaxolynn We were all immature growing up and clearly some of us grew up and others didnt Sad"}
{"tweet_id":841794163876196357,"created_unixtime":1489534343104,"created_time":"Tue Mar 14 23:32:23 +0000 2017","lang":"en","displayname":"emf1947","time_zone":"Central Time (US & Canada)","msg":"RT JustinTrudeau Happy PiDay Our government is committed to supporting science amp innovation for a stronger Canada And pie for a tasti…"}
{"tweet_id":841794164077469696,"created_unixtime":1489534343152,"created_time":"Tue Mar 14 23:32:23 +0000 2017","lang":"en","displayname":"lloveShinWonHo","time_zone":"Sydney","msg":"I honestly dont know if that had anything to do with the pics existence but I was so grateful and happy"}
{"tweet_id":841794164022996993,"created_unixtime":1489534343139,"created_time":"Tue Mar 14 23:32:23 +0000 2017","lang":"en","displayname":"haylienicole_","time_zone":"","msg":"so happy"}
{"tweet_id":841794164220092418,"created_unixtime":1489534343186,"created_time":"Tue Mar 14 23:32:23 +0000 2017","lang":"en","displayname":"syafiekazri","time_zone":"Seoul","msg":"RT classifiedfact Banana is a happy fruit Eating just one can help relieve irritable emotions anger and or depression"}
{"tweet_id":841794164501110785,"created_unixtime":1489534343253,"created_time":"Tue Mar 14 23:32:23 +0000 2017","lang":"en","displayname":"HorsewhispererU","time_zone":"Amsterdam","msg":"RT bobbyzen2 Tapwrit Brings Together Happy Disparate Owners   https//tco/KdVYxAtPSL via BloodHorse"}
{"tweet_id":841794164564062209,"created_unixtime":1489534343268,"created_time":"Tue Mar 14 23:32:23 +0000 2017","lang":"en","displayname":"dugan_caitlyn","time_zone":"","msg":"reynaamonge happy birthday🎉🎂"}
{"tweet_id":841794164450832386,"created_unixtime":1489534343241,"created_time":"Tue Mar 14 23:32:23 +0000 2017","lang":"en","displayname":"soundstoryuk","time_zone":"","msg":"Dee_DeeJane think I got the right mix this time happy birthday xx 🎂"}
{"tweet_id":841794164383715328,"created_unixtime":1489534343225,"created_time":"Tue Mar 14 23:32:23 +0000 2017","lang":"en","displayname":"EmilyMercante","time_zone":"Pacific Time (US & Canada)","msg":"happy birthday anna 💜💜💜 AnnaD331"}
{"tweet_id":841794164618596354,"created_unixtime":1489534343281,"created_time":"Tue Mar 14 23:32:23 +0000 2017","lang":"en","displayname":"tanzilaurz5","time_zone":"","msg":"RT thekill3rsquad Happy 15th birthday to my pain the ass my sister👑❤🎈🎉🎂 https//tco/ttp5qeqFVG"}
{"tweet_id":841794164341780480,"created_unixtime":1489534343215,"created_time":"Tue Mar 14 23:32:23 +0000 2017","lang":"en","displayname":"christianarndoe","time_zone":"","msg":"RT garwich_lam happy birthday bruh christianarndoe  lmao my avi pic of us lit catch you soon tho"}
{"tweet_id":841794164757041152,"created_unixtime":1489534343314,"created_time":"Tue Mar 14 23:32:23 +0000 2017","lang":"en","displayname":"Marlen519","time_zone":"","msg":"RT suphaley_ thats how sad they are now a daysssss🤷🏽‍♀️ https//tco/tzGZj9905h"}
{"tweet_id":841794165075660801,"created_unixtime":1489534343390,"created_time":"Tue Mar 14 23:32:23 +0000 2017","lang":"en","displayname":"Claudia_colita","time_zone":"Pacific Time (US & Canada)","msg":"12 Tricks To Make Your Girl Happy Are Revealed 3 Is So Obvious https//tco/46p1damXh6"}
{"tweet_id":841794165537038336,"created_unixtime":1489534343500,"created_time":"Tue Mar 14 23:32:23 +0000 2017","lang":"en","displayname":"mrahc0421","time_zone":"","msg":"Happy Ending 😍❤❤❤ IntrovertedBoss"}
{"tweet_id":841794165713321985,"created_unixtime":1489534343542,"created_time":"Tue Mar 14 23:32:23 +0000 2017","lang":"en","displayname":"CSAWaddle","time_zone":"","msg":"i always watch sad movies on planes rides and then end up crying the whole flight"}
{"tweet_id":841794165847560194,"created_unixtime":1489534343574,"created_time":"Tue Mar 14 23:32:23 +0000 2017","lang":"en","displayname":"jjvera81","time_zone":"","msg":"Still in tears after loosing a loose my Tia Irma last Tuesday and today at the funeral was really sad 😓😓😓😭😭😢😢😟😟 "}
{"tweet_id":841794166124380160,"created_unixtime":1489534343640,"created_time":"Tue Mar 14 23:32:23 +0000 2017","lang":"en","displayname":"selwobmegan","time_zone":"","msg":"Happy with that 5k run tonight"}
{"tweet_id":841794166258462721,"created_unixtime":1489534343672,"created_time":"Tue Mar 14 23:32:23 +0000 2017","lang":"en","displayname":"CURRY_GSW_30","time_zone":"","msg":"RT warriors DubNation please join us in wishing StephenCurry30 a very Happy Birthday 🎈 https//tco/cByjiIEk25"}
{"tweet_id":841794170029281280,"created_unixtime":1489534344571,"created_time":"Tue Mar 14 23:32:24 +0000 2017","lang":"en","displayname":"afroatom","time_zone":"Pacific Time (US & Canada)","msg":"I really hope more people will tweet for KeepFightingAmber its sad how people say they care for someone/something and then dont do"}
{"tweet_id":841794170062794752,"created_unixtime":1489534344579,"created_time":"Tue Mar 14 23:32:24 +0000 2017","lang":"en","displayname":"FaithMSedillo","time_zone":"","msg":"RT ktrickjp Happy WhiteDay https//tco/vvt245D9Ua"}
{"tweet_id":841794169408507904,"created_unixtime":1489534344423,"created_time":"Tue Mar 14 23:32:24 +0000 2017","lang":"en","displayname":"rosalina_ebooks","time_zone":"","msg":"Why do we drive there for 16 hours every time i am sad"}
{"tweet_id":841794165713297408,"created_unixtime":1489534343542,"created_time":"Tue Mar 14 23:32:23 +0000 2017","lang":"en","displayname":"Yes_Dee_Yes","time_zone":"Central Time (US & Canada)","msg":"RT Fg_Charles Happy Birthday to my brother Dragonball Dee/Deesama/Lil Guam Love u bro more tears later Big ups https//tco/50YdnEk2cJ"}
{"tweet_id":841794166287958022,"created_unixtime":1489534343679,"created_time":"Tue Mar 14 23:32:23 +0000 2017","lang":"en","displayname":"1thinchip","time_zone":"Quito","msg":"RT NatGeoGenius By his 22nd birthday Einstein had published his first scientific paper Happy 138th birthday Einstein… "}
{"tweet_id":841794166522748928,"created_unixtime":1489534343735,"created_time":"Tue Mar 14 23:32:23 +0000 2017","lang":"in","displayname":"Nahklyn","time_zone":"","msg":"RT MarlynVillaSan1 Langgam ALDUBxDTBYTugOfHearts https//tco/vmjQAFfM5k"}
{"tweet_id":841794165860098048,"created_unixtime":1489534343577,"created_time":"Tue Mar 14 23:32:23 +0000 2017","lang":"en","displayname":"JeronHennon","time_zone":"Atlantic Time (Canada)","msg":"Its still light out when I get out of class at 715 and that makes me so happy 😁"}
{"tweet_id":841794166501847040,"created_unixtime":1489534343730,"created_time":"Tue Mar 14 23:32:23 +0000 2017","lang":"en","displayname":"785_851","time_zone":"","msg":"RT TheView Happy birthday StephenCurry30 🏀 🎉 https//tco/GAmVjobD4z"}
{"tweet_id":841794164790554625,"created_unixtime":1489534343322,"created_time":"Tue Mar 14 23:32:23 +0000 2017","lang":"en","displayname":"Vangrollioli","time_zone":"","msg":"Hate me I have done nothing Its all because i wouldnt link them to my steam Dylan and Jesus are trigger happy Dan sides with them 3/"}
{"tweet_id":841794167428730880,"created_unixtime":1489534343951,"created_time":"Tue Mar 14 23:32:23 +0000 2017","lang":"in","displayname":"HansamaSumampow","time_zone":"Pacific Time (US & Canada)","msg":"Gak usah nyindir de https//tco/3XvxCuRGey"}
{"tweet_id":841794167638441984,"created_unixtime":1489534344001,"created_time":"Tue Mar 14 23:32:24 +0000 2017","lang":"en","displayname":"JohnWetzel39","time_zone":"","msg":"RT ShanghaiBean I will make other people happy and in turn they will make me happy quote iqrtg InspireThemRetweetTuesday https//tc…"}
{"tweet_id":841794167869079552,"created_unixtime":1489534344056,"created_time":"Tue Mar 14 23:32:24 +0000 2017","lang":"en","displayname":"EdibleCreations","time_zone":"Pacific Time (US & Canada)","msg":"Happy Pi DayWhats your favorite type of pie https//tco/AVpZZoQ6nO"}
{"tweet_id":841794167990849536,"created_unixtime":1489534344085,"created_time":"Tue Mar 14 23:32:24 +0000 2017","lang":"en","displayname":"kudacashy","time_zone":"Pacific Time (US & Canada)","msg":"Thanks to everyone that wished me happy birthday means a lot s/o to babes💑and all the bros GANG💯‼️"}
{"tweet_id":841794168447987712,"created_unixtime":1489534344194,"created_time":"Tue Mar 14 23:32:24 +0000 2017","lang":"en","displayname":"ygthot","time_zone":"Alaska","msg":"RT unbleachedkpop Happy Birthday to Astros precious leader 💕😭 HappyJinJinDay 별들의_리더_박진우_생일축하해 https//tco/d7VZsCTtGr"}
{"tweet_id":841794167487533056,"created_unixtime":1489534343965,"created_time":"Tue Mar 14 23:32:23 +0000 2017","lang":"en","displayname":"stymarieni","time_zone":"Brasilia","msg":"cause if i could see your face once more i could die as a happy man im sure"}
{"tweet_id":841794168678694912,"created_unixtime":1489534344249,"created_time":"Tue Mar 14 23:32:24 +0000 2017","lang":"en","displayname":"mmckaaylla","time_zone":"","msg":"RT ODimonda just do what you gotta do to make yourself happy"}
{"tweet_id":841794169181892608,"created_unixtime":1489534344369,"created_time":"Tue Mar 14 23:32:24 +0000 2017","lang":"en","displayname":"that1girlchloe","time_zone":"Pacific Time (US & Canada)","msg":"So sad that from here on out its gonna be hot AF here in the valley"}
{"tweet_id":841794168846352384,"created_unixtime":1489534344289,"created_time":"Tue Mar 14 23:32:24 +0000 2017","lang":"en","displayname":"BeAwesome_Laugh","time_zone":"Pacific Time (US & Canada)","msg":"RT vestkysta Happy Day https//tco/bS9q17DTzj"}
{"tweet_id":841794169119084544,"created_unixtime":1489534344354,"created_time":"Tue Mar 14 23:32:24 +0000 2017","lang":"en","displayname":"lenarasm6d9","time_zone":"","msg":"RT asvpxrocky HAPPY YAMS DAY YALH 2017🙏🏼AVP"}
{"tweet_id":841794170003976192,"created_unixtime":1489534344565,"created_time":"Tue Mar 14 23:32:24 +0000 2017","lang":"in","displayname":"haziq10101","time_zone":"Krasnoyarsk","msg":"Moga happy je la dgn ur life without me ☺"}
{"tweet_id":841794170188648448,"created_unixtime":1489534344609,"created_time":"Tue Mar 14 23:32:24 +0000 2017","lang":"en","displayname":"tyutuu","time_zone":"Pretoria","msg":"RT THlGHBROW Money is numbers and numbers never end If it takes money to be happy your search for happiness will never end"}
{"tweet_id":841794170503102464,"created_unixtime":1489534344684,"created_time":"Tue Mar 14 23:32:24 +0000 2017","lang":"en","displayname":"FCancerAus","time_zone":"Pacific Time (US & Canada)","msg":"STAYING STRONG Jane Smee is fighting a tough battle with a very positive attitude She is happy… https//tco/pUPgjxtLU0"}
{"tweet_id":841794167428726784,"created_unixtime":1489534343951,"created_time":"Tue Mar 14 23:32:23 +0000 2017","lang":"en","displayname":"NeilioReynolds","time_zone":"","msg":"Happy birthday to my everything😻❤ you deserve the best day ever❤️ashlynwheeler4 https//tco/9iX5uORx25"}
{"tweet_id":841794171174178816,"created_unixtime":1489534344844,"created_time":"Tue Mar 14 23:32:24 +0000 2017","lang":"en","displayname":"minyoongi93__","time_zone":"","msg":"RT yoongibts bts episode HAPPY WHITE DAY FROM BTS 1 jimin https//tco/kELYWgKRXG"}
{"tweet_id":841794171061035008,"created_unixtime":1489534344817,"created_time":"Tue Mar 14 23:32:24 +0000 2017","lang":"en","displayname":"sabi_s_g","time_zone":"America/New_York","msg":"RT NintendoAmerica Poochy heard the word Pi and got excited Happy PiDay https//tco/qLVabwbqi8"}
{"tweet_id":841794170444480512,"created_unixtime":1489534344670,"created_time":"Tue Mar 14 23:32:24 +0000 2017","lang":"en","displayname":"KeCk60","time_zone":"Athens","msg":"RT earth2kvn Happy birthday to my homie danny__avidan I think this picture pretty much sums up our… https//tco/px5V1e97Fl"}
{"tweet_id":841794171497271296,"created_unixtime":1489534344921,"created_time":"Tue Mar 14 23:32:24 +0000 2017","lang":"en","displayname":"nana_henewaah","time_zone":"Eastern Time (US & Canada)","msg":"happy pi day bae https//tco/tMAd2Yu2bx"}
{"tweet_id":841794171467927553,"created_unixtime":1489534344914,"created_time":"Tue Mar 14 23:32:24 +0000 2017","lang":"en","displayname":"ButtFanny","time_zone":"","msg":"RT zaynmalik Happy times https//tco/81PfweRhAE"}
{"tweet_id":841794171656630272,"created_unixtime":1489534344959,"created_time":"Tue Mar 14 23:32:24 +0000 2017","lang":"en","displayname":"aszeager","time_zone":"","msg":"RT coachjfranklin Want 2 take the time 2 wish a member of OUR FAMILY Happy Bday Reef745 hope u enjoy ur day PSUnrivaled 107kStrong…"}
{"tweet_id":841794172155650048,"created_unixtime":1489534345078,"created_time":"Tue Mar 14 23:32:25 +0000 2017","lang":"ja","displayname":"6Qazr","time_zone":"","msg":"RT marinas1116 おはようございます🙏🌈💕昨日から きみだけTV 放送された地区があるみたいですが見てくださった方ありがとうございます😆💓東京はいつなんやろか🤣そんなこんなで今日もみなさんが笑顔溢れるhappyな１日を過ごせますように🙏💕今日のは… "}
{"tweet_id":841794172172533760,"created_unixtime":1489534345082,"created_time":"Tue Mar 14 23:32:25 +0000 2017","lang":"en","displayname":"FinDomLady93","time_zone":"","msg":"RT FinDomLady93 Today is all about making your Queen happy So get to it losers findom assworship RTPromo2 RTpetboy rtp37… "}
{"tweet_id":841794172344496128,"created_unixtime":1489534345123,"created_time":"Tue Mar 14 23:32:25 +0000 2017","lang":"es","displayname":"mmartinamalena","time_zone":"Pacific Time (US & Canada)","msg":"RT itsool sorteo dos cuentas netflix porque estoy sadrt y fav este tuit tenes que ser seguidor"}
{"tweet_id":841794172331802624,"created_unixtime":1489534345120,"created_time":"Tue Mar 14 23:32:25 +0000 2017","lang":"ja","displayname":"love_elichi1021","time_zone":"Tokyo","msg":"RT ryonelu0816 海未ちゃん♡ﾟ･Happy Birthday･ﾟ♡推しではないけれど、たまに見せるデレがたまんないですねw 園田海未生誕祭2017  ラブライブ好きと繋がりたい  RTした人全員フォローする… "}
{"tweet_id":841794173040746497,"created_unixtime":1489534345289,"created_time":"Tue Mar 14 23:32:25 +0000 2017","lang":"en","displayname":"_lilsim","time_zone":"","msg":"RT WorIdStarLaugh Happy Birthday Merlin SantanaRIP 🙏 https//tco/1afWTL2JTY"}
{"tweet_id":841794172352897024,"created_unixtime":1489534345125,"created_time":"Tue Mar 14 23:32:25 +0000 2017","lang":"en","displayname":"trishacowie","time_zone":"","msg":"RT JustinTrudeau Happy PiDay Our government is committed to supporting science amp innovation for a stronger Canada And pie for a tasti…"}
{"tweet_id":841794174009655297,"created_unixtime":1489534345520,"created_time":"Tue Mar 14 23:32:25 +0000 2017","lang":"in","displayname":"etheatasoge","time_zone":"Beijing","msg":"Happy birthday emjjy  We love you 😘😘Semoga panjang umur pertumbuhan semakin lancar ke samping didekatkan https//tco/KCHVu7PsF2"}
{"tweet_id":841794173938331648,"created_unixtime":1489534345503,"created_time":"Tue Mar 14 23:32:25 +0000 2017","lang":"en","displayname":"LochnerWalter","time_zone":"","msg":"RT BeautyBind Thought provoking thread voicefeed https//tco/yn2wNvpgeH"}
{"tweet_id":841794174236033025,"created_unixtime":1489534345574,"created_time":"Tue Mar 14 23:32:25 +0000 2017","lang":"en","displayname":"cansino_joshua","time_zone":"","msg":"mendiolahernuh happy 1 year and 1months mahal ko I Love You more so much 😚💘"}
{"tweet_id":841794174181601280,"created_unixtime":1489534345561,"created_time":"Tue Mar 14 23:32:25 +0000 2017","lang":"en","displayname":"xo_beccasue","time_zone":"Eastern Time (US & Canada)","msg":"Well thats not the news we were hoping for Hope whoever did this is fucking happy with themselves"}
{"tweet_id":841794174093537280,"created_unixtime":1489534345540,"created_time":"Tue Mar 14 23:32:25 +0000 2017","lang":"en","displayname":"HumanaHelp","time_zone":"Eastern Time (US & Canada)","msg":"staunchdolt Sorry that happened we will be happy to look into why your plan ended  Would you like us to do so … https//tco/NEcCuIDYKz"}
{"tweet_id":841794173950922752,"created_unixtime":1489534345506,"created_time":"Tue Mar 14 23:32:25 +0000 2017","lang":"en","displayname":"CHR1SBANE","time_zone":"Atlantic Time (Canada)","msg":"RT JaredShepp LaVar BallMy son is better than all of them https//tco/bfk26pIqf5"}
