{"tweet_id":841793976071938048,"created_unixtime":1489534298328,"created_time":"Tue Mar 14 23:31:38 +0000 2017","lang":"en","displayname":"chiminvaded","time_zone":"Pacific Time (US & Canada)","msg":"RT bts_bighit [Episode] HAPPY WHITE DAY FROM BTS 1 https//tco/Kk7XrnfG3x2 https//tco/dUxXeGBvhG"}
{"tweet_id":841793975740694528,"created_unixtime":1489534298249,"created_time":"Tue Mar 14 23:31:38 +0000 2017","lang":"en","displayname":"__ktmj","time_zone":"Pacific Time (US & Canada)","msg":"RT FreddyAmazin Someone When was the last time u were truly happyMe https//tco/0lG917uPtK"}
{"tweet_id":841793973534375936,"created_unixtime":1489534297723,"created_time":"Tue Mar 14 23:31:37 +0000 2017","lang":"en","displayname":"nicholasmegalis","time_zone":"Central Time (US & Canada)","msg":"Happy PiDay from DavidBowieReal https//tco/t50dYiZOXy"}
{"tweet_id":841793975950401536,"created_unixtime":1489534298299,"created_time":"Tue Mar 14 23:31:38 +0000 2017","lang":"en","displayname":"Small_yams","time_zone":"London","msg":"RT lamzyco Im just happy that Africans and West Indians are now a united force against our true enemy in the diaspora"}
{"tweet_id":841793976361402368,"created_unixtime":1489534298397,"created_time":"Tue Mar 14 23:31:38 +0000 2017","lang":"zh","displayname":"eon_J0610","time_zone":"Pacific Time (US & Canada)","msg":"RT theinnocence_J 늦었지만Happy White Day❤️白色情人节快乐我们俊辉 pledis_17 https//tco/eB7wkR9MEz"}
{"tweet_id":841793974134276098,"created_unixtime":1489534297866,"created_time":"Tue Mar 14 23:31:37 +0000 2017","lang":"en","displayname":"lynchandluke","time_zone":"","msg":"This makes me very very happy ❤❤ https//tco/txmSDQ2KC0"}
{"tweet_id":841793976516538369,"created_unixtime":1489534298434,"created_time":"Tue Mar 14 23:31:38 +0000 2017","lang":"en","displayname":"ekso_klm","time_zone":"Pacific Time (US & Canada)","msg":"RT sanedmarieg Im so happy that Sehun posted that fanart honestly there are so many talented exols I wish they could see all of them"}
{"tweet_id":841793976277602305,"created_unixtime":1489534298377,"created_time":"Tue Mar 14 23:31:38 +0000 2017","lang":"en","displayname":"LondonLegalUK","time_zone":"","msg":"RT TaxiLegalUK Well done to TfLTPH today for a sensible review of an initial licence refusal Very happy client McCaffreyLaw"}
{"tweet_id":841793975770062849,"created_unixtime":1489534298256,"created_time":"Tue Mar 14 23:31:38 +0000 2017","lang":"en","displayname":"SUSANASTON2","time_zone":"","msg":"Sad to se my snow day come to an end⛄ https//tco/l4u7okxiN2"}
{"tweet_id":841793976671825920,"created_unixtime":1489534298471,"created_time":"Tue Mar 14 23:31:38 +0000 2017","lang":"en","displayname":"DrEggDan","time_zone":"La Paz","msg":"RiotSupport this gif makes me happy when nothing else will"}
{"tweet_id":841793976852070400,"created_unixtime":1489534298514,"created_time":"Tue Mar 14 23:31:38 +0000 2017","lang":"en","displayname":"Imlloydabella","time_zone":"Alaska","msg":"RT neverknownfacts Respect yourself enough to walk away from anything that no longer serves you grows you or makes you happy"}
{"tweet_id":841793976709586945,"created_unixtime":1489534298480,"created_time":"Tue Mar 14 23:31:38 +0000 2017","lang":"en","displayname":"Fey0nly","time_zone":"Quito","msg":"Soon as they see u happy smh https//tco/sT1yz1fMIb"}
{"tweet_id":841793976919310336,"created_unixtime":1489534298530,"created_time":"Tue Mar 14 23:31:38 +0000 2017","lang":"en","displayname":"momsanteeks","time_zone":"Eastern Time (US & Canada)","msg":"My daughters flights were cancelled happy shell be safe but sure hope she gets the chance to come home again soon miss that girl"}
{"tweet_id":841793977573507072,"created_unixtime":1489534298686,"created_time":"Tue Mar 14 23:31:38 +0000 2017","lang":"en","displayname":"sarahhalyssaa","time_zone":"Pacific Time (US & Canada)","msg":"RT __vasileia The amount of deaths is honestly sickening So sad to hear another young life is gone Prayers to her family and friends"}
{"tweet_id":841793977514921985,"created_unixtime":1489534298672,"created_time":"Tue Mar 14 23:31:38 +0000 2017","lang":"en","displayname":"Kayyscratch","time_zone":"","msg":"RT sheswithmee IfYoureMyGirl I plan to give you the world and I will constantly strive to make you happy no matter what I have to do"}
{"tweet_id":841793977892315136,"created_unixtime":1489534298762,"created_time":"Tue Mar 14 23:31:38 +0000 2017","lang":"en","displayname":"comcastcares","time_zone":"Eastern Time (US & Canada)","msg":"NikkiMarieDetMi Hello there Id be more than happy to look into this for you Please DM me so we can chat without character limits AMD"}
{"tweet_id":841793978009763840,"created_unixtime":1489534298790,"created_time":"Tue Mar 14 23:31:38 +0000 2017","lang":"en","displayname":"muaaaaadz","time_zone":"Beijing","msg":"RT The_YUNiversity Happy Pi Day https//tco/7os5VCGOhm"}
{"tweet_id":841793977057722368,"created_unixtime":1489534298563,"created_time":"Tue Mar 14 23:31:38 +0000 2017","lang":"en","displayname":"MargowKongaroos","time_zone":"Pacific Time (US & Canada)","msg":"Happy Birthday Condor Happy21thBirthdayCon https//tco/lcyqhthaDv"}
{"tweet_id":841793977863045121,"created_unixtime":1489534298755,"created_time":"Tue Mar 14 23:31:38 +0000 2017","lang":"en","displayname":"youaremysunwoo","time_zone":"Pacific Time (US & Canada)","msg":"RT offcialyoungjae youaremysunwoo im happy toooooo https//tco/dfiN2SvyBC"}
{"tweet_id":841793975270928385,"created_unixtime":1489534298137,"created_time":"Tue Mar 14 23:31:38 +0000 2017","lang":"en","displayname":"benedict_logan","time_zone":"","msg":"Happy Birthday Jessy😊🎉🎈 Heres three terrible photos and one good one to make your day😂🙃 https//tco/RsTgD9or28"}
{"tweet_id":841793978450231297,"created_unixtime":1489534298895,"created_time":"Tue Mar 14 23:31:38 +0000 2017","lang":"en","displayname":"i_am_minaty","time_zone":"","msg":"Guuuuuyyyyyyy Larryfeyii Youve sense Sha but you like to do like ode 😂😂Happy birthday boo wishing you the very best in life"}
{"tweet_id":841793978630606849,"created_unixtime":1489534298938,"created_time":"Tue Mar 14 23:31:38 +0000 2017","lang":"en","displayname":"maggiewaffles","time_zone":"Eastern Time (US & Canada)","msg":"RT FreddyAmazin Someone When was the last time u were truly happyMe https//tco/0lG917uPtK"}
{"tweet_id":841793978789838848,"created_unixtime":1489534298976,"created_time":"Tue Mar 14 23:31:38 +0000 2017","lang":"en","displayname":"frankmeeks1515","time_zone":"","msg":"Happy Veterans Day to all who have served and continue to serve our country"}
{"tweet_id":841793977942724608,"created_unixtime":1489534298774,"created_time":"Tue Mar 14 23:31:38 +0000 2017","lang":"en","displayname":"xefalconer","time_zone":"","msg":"Be happy not because everything is great but because you see the great in every situation x"}
{"tweet_id":841793978798333954,"created_unixtime":1489534298978,"created_time":"Tue Mar 14 23:31:38 +0000 2017","lang":"fr","displayname":"abdelux59","time_zone":"","msg":"RT JulienChoquet Il a la même réaction quand le barman lui annonce que lHappy Hour est terminé https//tco/0On8UWAO07"}
{"tweet_id":841793978873729024,"created_unixtime":1489534298996,"created_time":"Tue Mar 14 23:31:38 +0000 2017","lang":"und","displayname":"XOXOFUCXLYXOXO","time_zone":"Pacific Time (US & Canada)","msg":"RT itfeelquotes kinda sad kinda dont care anymoreอารมณ์แบบเสียใจแบบจะไม่แคร์อีกต่อไปแล้ว https//tco/MZ3SOQkZSu"}
{"tweet_id":841793976948674563,"created_unixtime":1489534298537,"created_time":"Tue Mar 14 23:31:38 +0000 2017","lang":"en","displayname":"Mezzo25x","time_zone":"","msg":"When you was so happy freshman year then high school/ life  hit you and now you basically a grumpy old senior 🙃 https//tco/5fdtKWzkjm"}
{"tweet_id":841793979121324032,"created_unixtime":1489534299055,"created_time":"Tue Mar 14 23:31:39 +0000 2017","lang":"en","displayname":"katiemcgrrath","time_zone":"","msg":"RT flirshyluthor Kara and Lena Supercorp  Happy little pill https//tco/r9r79HsSHx"}
{"tweet_id":841793979209375745,"created_unixtime":1489534299076,"created_time":"Tue Mar 14 23:31:39 +0000 2017","lang":"en","displayname":"rachelbrowne","time_zone":"Eastern Time (US & Canada)","msg":"Sad 2 be missing all the cool brands at sxsw"}
{"tweet_id":841793978487975936,"created_unixtime":1489534298904,"created_time":"Tue Mar 14 23:31:38 +0000 2017","lang":"en","displayname":"call_me_leslie","time_zone":"Pacific Time (US & Canada)","msg":"RT marennaclarke Always the people you care about the most hurt you What a sad thing"}
{"tweet_id":841793979293278211,"created_unixtime":1489534299096,"created_time":"Tue Mar 14 23:31:39 +0000 2017","lang":"en","displayname":"NickCedo","time_zone":"","msg":"RT aurora_liepe i think its sad when someone starts being your friend but then stops because its hard to feel anything but inadequate 😕"}
{"tweet_id":841793974931185665,"created_unixtime":1489534298056,"created_time":"Tue Mar 14 23:31:38 +0000 2017","lang":"en","displayname":"emmashileny","time_zone":"Mazatlan","msg":"Happy birthday to such a rad sister and best friend Hope your day rocks as much as you do 🎉🎂💕 https//tco/dJuXOIC44u"}
{"tweet_id":841793979561590784,"created_unixtime":1489534299160,"created_time":"Tue Mar 14 23:31:39 +0000 2017","lang":"en","displayname":"leinazierah","time_zone":"","msg":"RT parksikarchive Happy Whites Day https//tco/gEIVJ27taT"}
{"tweet_id":841793978940940290,"created_unixtime":1489534299012,"created_time":"Tue Mar 14 23:31:39 +0000 2017","lang":"fr","displayname":"vrd_pauline","time_zone":"","msg":"Et mais cest lanniversaire de ma YouTubeuse préférée styletonicc Happy birthday Laura 🎉"}
{"tweet_id":841793979834327040,"created_unixtime":1489534299225,"created_time":"Tue Mar 14 23:31:39 +0000 2017","lang":"en","displayname":"_lauraa_XO","time_zone":"Central Time (US & Canada)","msg":"rewatch it ✨ https//tco/vkOlGD3d7b"}
{"tweet_id":841793980505436160,"created_unixtime":1489534299385,"created_time":"Tue Mar 14 23:31:39 +0000 2017","lang":"en","displayname":"Kxndalll__","time_zone":"Pacific Time (US & Canada)","msg":"RT mina_azariah Kxndalll__ Happy Birthday kenken❣️❣️"}
{"tweet_id":841793978601213952,"created_unixtime":1489534298931,"created_time":"Tue Mar 14 23:31:38 +0000 2017","lang":"en","displayname":"namesnotsarah","time_zone":"","msg":"nyashy_ happy birthday to my bby g❤❤❤ btw still not slept loooool https//tco/554EJbUvIO"}
{"tweet_id":841793980291522560,"created_unixtime":1489534299334,"created_time":"Tue Mar 14 23:31:39 +0000 2017","lang":"tl","displayname":"celynsuper","time_zone":"Pacific Time (US & Canada)","msg":"Happy 15th 😍 Yay Payday Baby ❤  San Juan Metro Manila https//tco/JkG0t20cbl"}
{"tweet_id":841793980715155460,"created_unixtime":1489534299435,"created_time":"Tue Mar 14 23:31:39 +0000 2017","lang":"en","displayname":"Lovelee__","time_zone":"Eastern Time (US & Canada)","msg":"RT TomiLahren These celebrities need a reality check https//tco/gVC79UsqZO"}
{"tweet_id":841793980635447296,"created_unixtime":1489534299416,"created_time":"Tue Mar 14 23:31:39 +0000 2017","lang":"en","displayname":"RalphAlmighty_","time_zone":"Eastern Time (US & Canada)","msg":"shmoooood https//tco/JmhlsyfC60"}
{"tweet_id":841793980983533569,"created_unixtime":1489534299499,"created_time":"Tue Mar 14 23:31:39 +0000 2017","lang":"en","displayname":"actuallyacious","time_zone":"","msg":"RT D_Deji28 Do you guys know why he was killed A girl lied that he raped her and her brother shot him dead https//tco/IWDVDZp3rz"}
{"tweet_id":841793981214265348,"created_unixtime":1489534299554,"created_time":"Tue Mar 14 23:31:39 +0000 2017","lang":"en","displayname":"shelber10","time_zone":"Quito","msg":"tl_gross happy birthday"}
{"tweet_id":841793981541371905,"created_unixtime":1489534299632,"created_time":"Tue Mar 14 23:31:39 +0000 2017","lang":"en","displayname":"besttaetae","time_zone":"Pacific Time (US & Canada)","msg":"RT bts_bighit [Episode] HAPPY WHITE DAY FROM BTS 1 https//tco/Kk7XrnfG3x2 https//tco/dUxXeGBvhG"}
{"tweet_id":841793981486833665,"created_unixtime":1489534299619,"created_time":"Tue Mar 14 23:31:39 +0000 2017","lang":"en","displayname":"xnigs","time_zone":"Arizona","msg":"Him MeRubiks Happy months of lovess 😂😍😍"}
{"tweet_id":841793980715175936,"created_unixtime":1489534299435,"created_time":"Tue Mar 14 23:31:39 +0000 2017","lang":"en","displayname":"evoramor","time_zone":"Eastern Time (US & Canada)","msg":"As a young child I always wanted to be goth  like cool sad  but I was just regular sad and that made me sadder"}
{"tweet_id":841793981658800128,"created_unixtime":1489534299660,"created_time":"Tue Mar 14 23:31:39 +0000 2017","lang":"en","displayname":"mochacheallaaaa","time_zone":"Pacific Time (US & Canada)","msg":"RT bomdidthat Just imagine if ot4 2ne1 came back this year winner was still ot5 and happy amp ikon were being treated right https//tco/A…"}
{"tweet_id":841793981516271616,"created_unixtime":1489534299626,"created_time":"Tue Mar 14 23:31:39 +0000 2017","lang":"en","displayname":"BiteSize__x","time_zone":"Pacific Time (US & Canada)","msg":"RT KazziDailyy Whatever makes me happy is the choice Im making from here on out"}
{"tweet_id":841793981944107008,"created_unixtime":1489534299728,"created_time":"Tue Mar 14 23:31:39 +0000 2017","lang":"en","displayname":"daamn_saam","time_zone":"Mountain Time (US & Canada)","msg":"Nothing makes me happier than to know I share the same birthday as DannySexybang 🔥🔥🔥 Happy birthday to us 🙌🏽"}
{"tweet_id":841793982115983360,"created_unixtime":1489534299769,"created_time":"Tue Mar 14 23:31:39 +0000 2017","lang":"ja","displayname":"hirominnie28","time_zone":"","msg":"【連載マンガ】「ほしとくずDont worry Be happy CHAPTER01」を読みました！人気マンガが無料で読める！LINEマンガ今スグ読む→ https//tco/7F5zeJF6d2 LINEマンガ"}
{"tweet_id":841793981084241922,"created_unixtime":1489534299523,"created_time":"Tue Mar 14 23:31:39 +0000 2017","lang":"en","displayname":"alondra_carme","time_zone":"Mexico City","msg":"Happy Birthday Kevin  kevwilliamson https//tco/aQ87SHLM2O"}
{"tweet_id":841793982325755904,"created_unixtime":1489534299819,"created_time":"Tue Mar 14 23:31:39 +0000 2017","lang":"en","displayname":"madnessdoIan_","time_zone":"","msg":"RT alexaiono My happy place☺ https//tco/pgetrNhVIp"}
{"tweet_id":841793982988394497,"created_unixtime":1489534299977,"created_time":"Tue Mar 14 23:31:39 +0000 2017","lang":"en","displayname":"udtohanjeffrey9","time_zone":"","msg":"RT D2BUrs Happy Wednesday Enjoy tweetingALDUBxDTBYTugOfHearts"}
{"tweet_id":841793983047065600,"created_unixtime":1489534299991,"created_time":"Tue Mar 14 23:31:39 +0000 2017","lang":"en","displayname":"dannyseele","time_zone":"Arizona","msg":"RT NBA_CentraI Happy birthday Steph  https//tco/1UgvCWfSF0"}
{"tweet_id":841793983001034753,"created_unixtime":1489534299980,"created_time":"Tue Mar 14 23:31:39 +0000 2017","lang":"en","displayname":"CallesNallely","time_zone":"","msg":"RT D_Deji28 Do you guys know why he was killed A girl lied that he raped her and her brother shot him dead https//tco/IWDVDZp3rz"}
{"tweet_id":841793983508578304,"created_unixtime":1489534300101,"created_time":"Tue Mar 14 23:31:40 +0000 2017","lang":"en","displayname":"KnicksCentral","time_zone":"Eastern Time (US & Canada)","msg":"Oh man you can tell Al Trautwig is shaken up by Johnny Hoops passing away sad"}
{"tweet_id":841793983814619136,"created_unixtime":1489534300174,"created_time":"Tue Mar 14 23:31:40 +0000 2017","lang":"en","displayname":"ShobrookMelinda","time_zone":"Pacific Time (US & Canada)","msg":"RT BronwynCarlson IndigenousXLtd IndigenousX has given us a voice when a lot of mainstream media ignored us  Happy Birthday you are l…"}
{"tweet_id":841793983718207488,"created_unixtime":1489534300151,"created_time":"Tue Mar 14 23:31:40 +0000 2017","lang":"en","displayname":"Rahulshukla1990","time_zone":"","msg":"rajnathsingh happy holi"}
{"tweet_id":841793983462408194,"created_unixtime":1489534300090,"created_time":"Tue Mar 14 23:31:40 +0000 2017","lang":"in","displayname":"TwentiesGirl3","time_zone":"","msg":"RT Masaki_XJPID Happy Anniversay 5 tahun FrieskaversINA  sehat selaludan jaga kekuatan dalam mendukung frieskaJKT48 di SenbatsuWis…"}
{"tweet_id":841793983823077376,"created_unixtime":1489534300176,"created_time":"Tue Mar 14 23:31:40 +0000 2017","lang":"en","displayname":"Dayna_Brunskill","time_zone":"","msg":"RT Thevampskd TheVampsCon TheVampsband HAPPY 21st BIRTHDAY 💗❤"}
{"tweet_id":841793983193968646,"created_unixtime":1489534300026,"created_time":"Tue Mar 14 23:31:40 +0000 2017","lang":"en","displayname":"vogeltuinHouten","time_zone":"","msg":"RT rachadelante JohnOberg very sad I really hope society turns to a more compassionate and sustainable diet"}
{"tweet_id":841793983571464192,"created_unixtime":1489534300116,"created_time":"Tue Mar 14 23:31:40 +0000 2017","lang":"en","displayname":"Cdela21","time_zone":"","msg":"RT OStateDelts Oh the places you will go on Spring break Wishing everyone safe travels back and happy memories from the men of D… "}
{"tweet_id":841793984028528640,"created_unixtime":1489534300225,"created_time":"Tue Mar 14 23:31:40 +0000 2017","lang":"ja","displayname":"ryunosukekke","time_zone":"","msg":"RT v0PnixGOqPcp9rN 海未ちゃんお誕生日おめでとう🎉🎉皆を引っ張ってくれるしっかりした所と稀に抜けている海未ちゃんが大好きだ♥Happy Birthday ♥園田海未生誕祭2017 3月15日は園田海未の誕生日… "}
{"tweet_id":841793984330579968,"created_unixtime":1489534300297,"created_time":"Tue Mar 14 23:31:40 +0000 2017","lang":"en","displayname":"__liz16","time_zone":"","msg":"RT f_j_g10 Dont allow anyone to take the wheel and steer you in their direction because you will never truly be happy Take control of y…"}
{"tweet_id":841793984758345728,"created_unixtime":1489534300399,"created_time":"Tue Mar 14 23:31:40 +0000 2017","lang":"en","displayname":"AndrewLGuthrie","time_zone":"Arizona","msg":"Happy birthday to the person Ive been lucky enough to know for almost 20 years now From the playground in 5th https//tco/FsbHRGBi0V"}
{"tweet_id":841793984955473920,"created_unixtime":1489534300446,"created_time":"Tue Mar 14 23:31:40 +0000 2017","lang":"en","displayname":"aleevas10","time_zone":"","msg":"RT Vol__4 Those arent your friends ✂️ https//tco/xZRcULL7t1"}
{"tweet_id":841793984565506048,"created_unixtime":1489534300353,"created_time":"Tue Mar 14 23:31:40 +0000 2017","lang":"en","displayname":"xvallejol","time_zone":"Central Time (US & Canada)","msg":"RT 501DMITCHY Happy bday to a creative genius xvallejol"}
{"tweet_id":841793985282752512,"created_unixtime":1489534300524,"created_time":"Tue Mar 14 23:31:40 +0000 2017","lang":"es","displayname":"KuramaFulcrum","time_zone":"Athens","msg":"SoniaBerna1 IrokiOnizuka la gente vive muy happy"}
{"tweet_id":841793985676951552,"created_unixtime":1489534300618,"created_time":"Tue Mar 14 23:31:40 +0000 2017","lang":"en","displayname":"hellobangsielog","time_zone":"","msg":"happy 3rd anniv💜LetOurPurpleHeartsShineAt3"}
{"tweet_id":841793985823744000,"created_unixtime":1489534300653,"created_time":"Tue Mar 14 23:31:40 +0000 2017","lang":"en","displayname":"hunterborah","time_zone":"","msg":"Happy Birthday Miller_Sara13  Hope youre doing good🎉🤙🏻"}
{"tweet_id":841793985677008897,"created_unixtime":1489534300618,"created_time":"Tue Mar 14 23:31:40 +0000 2017","lang":"en","displayname":"OUMAiiigod","time_zone":"Belgrade","msg":"RT huyandere happy birthday to shsl cinnamon rolls🎉 https//tco/Us6qeocgGH"}
{"tweet_id":841793986176012288,"created_unixtime":1489534300737,"created_time":"Tue Mar 14 23:31:40 +0000 2017","lang":"en","displayname":"corinacerva16","time_zone":"","msg":"i feel so sad and alone"}
{"tweet_id":841793984175325185,"created_unixtime":1489534300260,"created_time":"Tue Mar 14 23:31:40 +0000 2017","lang":"en","displayname":"MoistAttractive","time_zone":"","msg":"ayo_maxx happy Birthday homie 🤙🏼 https//tco/WTY2f1E4Z7"}
{"tweet_id":841793986654294016,"created_unixtime":1489534300851,"created_time":"Tue Mar 14 23:31:40 +0000 2017","lang":"en","displayname":"martindee5k","time_zone":"","msg":"RT WeBleedBlueNYC Lets hope 2017 is the year we bring THE CUP back to NY Happy New Year 🎉 MakeNYRGreatAgain"}
{"tweet_id":841793986855591938,"created_unixtime":1489534300899,"created_time":"Tue Mar 14 23:31:40 +0000 2017","lang":"en","displayname":"paulneilguru1","time_zone":"","msg":"bokamotoespn that will be sad to see A squashed spider in the middle of the octagon"}
{"tweet_id":841793987115536384,"created_unixtime":1489534300961,"created_time":"Tue Mar 14 23:31:40 +0000 2017","lang":"en","displayname":"XXVIMMXVI","time_zone":"","msg":"RT Elijahyats Keep yourself busy and happy and use your time wisely"}
{"tweet_id":841793986440368128,"created_unixtime":1489534300800,"created_time":"Tue Mar 14 23:31:40 +0000 2017","lang":"en","displayname":"jimmyoslufc","time_zone":"Dublin","msg":"Dreadfully sad documentary MaryBoyle"}
{"tweet_id":841793987048423425,"created_unixtime":1489534300945,"created_time":"Tue Mar 14 23:31:40 +0000 2017","lang":"en","displayname":"konradcomm","time_zone":"Pacific Time (US & Canada)","msg":"RT AbbyNews Happy Pi Day The irrational but delicious holiday is celebrated today https//tco/TNQnCdkC3A https//tco/UmyemuHORd"}
{"tweet_id":841793987384041472,"created_unixtime":1489534301025,"created_time":"Tue Mar 14 23:31:41 +0000 2017","lang":"en","displayname":"FunnyImageLmao","time_zone":"Pacific Time (US & Canada)","msg":"RT SoHilariousLoI This Is Why We Cry And It’s Scientifically Not Just Because We’re Sad https//tco/5HkfbBWFXk"}
{"tweet_id":841793987375595520,"created_unixtime":1489534301023,"created_time":"Tue Mar 14 23:31:41 +0000 2017","lang":"en","displayname":"NiceCarInterio","time_zone":"Pacific Time (US & Canada)","msg":"RT SoHilariousLoI This Is Why We Cry And It’s Scientifically Not Just Because We’re Sad https//tco/5HkfbBWFXk"}
{"tweet_id":841793987321118721,"created_unixtime":1489534301010,"created_time":"Tue Mar 14 23:31:41 +0000 2017","lang":"en","displayname":"chillestpics2","time_zone":"","msg":"RT SoHilariousLoI This Is Why We Cry And It’s Scientifically Not Just Because We’re Sad https//tco/5HkfbBWFXk"}
{"tweet_id":841793987375648768,"created_unixtime":1489534301023,"created_time":"Tue Mar 14 23:31:41 +0000 2017","lang":"en","displayname":"LmaoWhitestGirl","time_zone":"Pacific Time (US & Canada)","msg":"RT SoHilariousLoI This Is Why We Cry And It’s Scientifically Not Just Because We’re Sad https//tco/5HkfbBWFXk"}
{"tweet_id":841793987379785728,"created_unixtime":1489534301024,"created_time":"Tue Mar 14 23:31:41 +0000 2017","lang":"en","displayname":"SoCutestPuppies","time_zone":"Pacific Time (US & Canada)","msg":"RT SoHilariousLoI This Is Why We Cry And It’s Scientifically Not Just Because We’re Sad https//tco/5HkfbBWFXk"}
{"tweet_id":841793987367190528,"created_unixtime":1489534301021,"created_time":"Tue Mar 14 23:31:41 +0000 2017","lang":"en","displayname":"LmaoComedyHaha","time_zone":"Pacific Time (US & Canada)","msg":"RT SoHilariousLoI This Is Why We Cry And It’s Scientifically Not Just Because We’re Sad https//tco/5HkfbBWFXk"}
{"tweet_id":841793987375640576,"created_unixtime":1489534301023,"created_time":"Tue Mar 14 23:31:41 +0000 2017","lang":"en","displayname":"LmaoRelatabIe","time_zone":"Pacific Time (US & Canada)","msg":"RT SoHilariousLoI This Is Why We Cry And It’s Scientifically Not Just Because We’re Sad https//tco/5HkfbBWFXk"}
{"tweet_id":841793987367260161,"created_unixtime":1489534301021,"created_time":"Tue Mar 14 23:31:41 +0000 2017","lang":"en","displayname":"ReIatableLmao","time_zone":"Pacific Time (US & Canada)","msg":"RT SoHilariousLoI This Is Why We Cry And It’s Scientifically Not Just Because We’re Sad https//tco/5HkfbBWFXk"}
{"tweet_id":841793987425923072,"created_unixtime":1489534301035,"created_time":"Tue Mar 14 23:31:41 +0000 2017","lang":"en","displayname":"SoHeaIthyFit","time_zone":"Pacific Time (US & Canada)","msg":"RT SoHilariousLoI This Is Why We Cry And It’s Scientifically Not Just Because We’re Sad https//tco/5HkfbBWFXk"}
{"tweet_id":841793987367260160,"created_unixtime":1489534301021,"created_time":"Tue Mar 14 23:31:41 +0000 2017","lang":"en","displayname":"InsaneFunnyPic","time_zone":"Pacific Time (US & Canada)","msg":"RT SoHilariousLoI This Is Why We Cry And It’s Scientifically Not Just Because We’re Sad https//tco/5HkfbBWFXk"}
{"tweet_id":841793987363008513,"created_unixtime":1489534301020,"created_time":"Tue Mar 14 23:31:41 +0000 2017","lang":"en","displayname":"HiIariousComedy","time_zone":"Pacific Time (US & Canada)","msg":"RT SoHilariousLoI This Is Why We Cry And It’s Scientifically Not Just Because We’re Sad https//tco/5HkfbBWFXk"}
{"tweet_id":841793987379781634,"created_unixtime":1489534301024,"created_time":"Tue Mar 14 23:31:41 +0000 2017","lang":"en","displayname":"MostComedyPics","time_zone":"Pacific Time (US & Canada)","msg":"RT SoHilariousLoI This Is Why We Cry And It’s Scientifically Not Just Because We’re Sad https//tco/5HkfbBWFXk"}
{"tweet_id":841793987371393024,"created_unixtime":1489534301022,"created_time":"Tue Mar 14 23:31:41 +0000 2017","lang":"en","displayname":"MostRichLife","time_zone":"Pacific Time (US & Canada)","msg":"RT SoHilariousLoI This Is Why We Cry And It’s Scientifically Not Just Because We’re Sad https//tco/5HkfbBWFXk"}
{"tweet_id":841793987245617152,"created_unixtime":1489534300992,"created_time":"Tue Mar 14 23:31:40 +0000 2017","lang":"en","displayname":"AmazingStormPic","time_zone":"Pacific Time (US & Canada)","msg":"RT SoHilariousLoI This Is Why We Cry And It’s Scientifically Not Just Because We’re Sad https//tco/5HkfbBWFXk"}
{"tweet_id":841793987337830400,"created_unixtime":1489534301014,"created_time":"Tue Mar 14 23:31:41 +0000 2017","lang":"en","displayname":"ExpIoreTheWorld","time_zone":"Pacific Time (US & Canada)","msg":"RT SoHilariousLoI This Is Why We Cry And It’s Scientifically Not Just Because We’re Sad https//tco/5HkfbBWFXk"}
{"tweet_id":841793986981429248,"created_unixtime":1489534300929,"created_time":"Tue Mar 14 23:31:40 +0000 2017","lang":"en","displayname":"perfectgom3z","time_zone":"Amsterdam","msg":"RT darkestdelena Glo up from sad teenage girl to happily married mother who is saving lives as a doctor https//tco/DAxRcwOA5v"}
{"tweet_id":841793987451138048,"created_unixtime":1489534301041,"created_time":"Tue Mar 14 23:31:41 +0000 2017","lang":"en","displayname":"TheBestlnterior","time_zone":"Pacific Time (US & Canada)","msg":"RT SoHilariousLoI This Is Why We Cry And It’s Scientifically Not Just Because We’re Sad https//tco/5HkfbBWFXk"}
{"tweet_id":841793987358818304,"created_unixtime":1489534301019,"created_time":"Tue Mar 14 23:31:41 +0000 2017","lang":"en","displayname":"CommonBlackGurI","time_zone":"Pacific Time (US & Canada)","msg":"RT SoHilariousLoI This Is Why We Cry And It’s Scientifically Not Just Because We’re Sad https//tco/5HkfbBWFXk"}
{"tweet_id":841793987413340160,"created_unixtime":1489534301032,"created_time":"Tue Mar 14 23:31:41 +0000 2017","lang":"en","displayname":"SoLmaoComedy","time_zone":"Pacific Time (US & Canada)","msg":"RT SoHilariousLoI This Is Why We Cry And It’s Scientifically Not Just Because We’re Sad https//tco/5HkfbBWFXk"}
{"tweet_id":841793987547602944,"created_unixtime":1489534301064,"created_time":"Tue Mar 14 23:31:41 +0000 2017","lang":"en","displayname":"TheRichMansions","time_zone":"Pacific Time (US & Canada)","msg":"RT SoHilariousLoI This Is Why We Cry And It’s Scientifically Not Just Because We’re Sad https//tco/5HkfbBWFXk"}
{"tweet_id":841793987203629056,"created_unixtime":1489534300982,"created_time":"Tue Mar 14 23:31:40 +0000 2017","lang":"en","displayname":"ThatFunnyTree","time_zone":"Pacific Time (US & Canada)","msg":"RT SoHilariousLoI This Is Why We Cry And It’s Scientifically Not Just Because We’re Sad https//tco/5HkfbBWFXk"}
{"tweet_id":841793987413344256,"created_unixtime":1489534301032,"created_time":"Tue Mar 14 23:31:41 +0000 2017","lang":"en","displayname":"mivoicetoo","time_zone":"","msg":"phbarratt YES Completely disingenuous again of PM to suggest its voluntarism on part of gas coys Gov happy to sell us down the river"}
{"tweet_id":841793987476250625,"created_unixtime":1489534301047,"created_time":"Tue Mar 14 23:31:41 +0000 2017","lang":"en","displayname":"TheFutureInvent","time_zone":"Pacific Time (US & Canada)","msg":"RT SoHilariousLoI This Is Why We Cry And It’s Scientifically Not Just Because We’re Sad https//tco/5HkfbBWFXk"}
{"tweet_id":841793987165986817,"created_unixtime":1489534300973,"created_time":"Tue Mar 14 23:31:40 +0000 2017","lang":"en","displayname":"YngBuddha","time_zone":"Central Time (US & Canada)","msg":"RT FreddyAmazin Someone When was the last time u were truly happyMe https//tco/0lG917uPtK"}
{"tweet_id":841793987484704768,"created_unixtime":1489534301049,"created_time":"Tue Mar 14 23:31:41 +0000 2017","lang":"en","displayname":"BeautifuIBMW","time_zone":"Pacific Time (US & Canada)","msg":"RT SoHilariousLoI This Is Why We Cry And It’s Scientifically Not Just Because We’re Sad https//tco/5HkfbBWFXk"}
{"tweet_id":841793987451076608,"created_unixtime":1489534301041,"created_time":"Tue Mar 14 23:31:41 +0000 2017","lang":"en","displayname":"TheAwesomeCar","time_zone":"Pacific Time (US & Canada)","msg":"RT SoHilariousLoI This Is Why We Cry And It’s Scientifically Not Just Because We’re Sad https//tco/5HkfbBWFXk"}
{"tweet_id":841793987404947457,"created_unixtime":1489534301030,"created_time":"Tue Mar 14 23:31:41 +0000 2017","lang":"en","displayname":"SoFunnyMrChow","time_zone":"Pacific Time (US & Canada)","msg":"RT SoHilariousLoI This Is Why We Cry And It’s Scientifically Not Just Because We’re Sad https//tco/5HkfbBWFXk"}
{"tweet_id":841793987501416448,"created_unixtime":1489534301053,"created_time":"Tue Mar 14 23:31:41 +0000 2017","lang":"en","displayname":"TheLmaoDude","time_zone":"Pacific Time (US & Canada)","msg":"RT SoHilariousLoI This Is Why We Cry And It’s Scientifically Not Just Because We’re Sad https//tco/5HkfbBWFXk"}
{"tweet_id":841793987614720000,"created_unixtime":1489534301080,"created_time":"Tue Mar 14 23:31:41 +0000 2017","lang":"en","displayname":"VeryFunnyPicLol","time_zone":"Pacific Time (US & Canada)","msg":"RT SoHilariousLoI This Is Why We Cry And It’s Scientifically Not Just Because We’re Sad https//tco/5HkfbBWFXk"}
{"tweet_id":841793987572772865,"created_unixtime":1489534301070,"created_time":"Tue Mar 14 23:31:41 +0000 2017","lang":"en","displayname":"TheSexyAudi","time_zone":"Pacific Time (US & Canada)","msg":"RT SoHilariousLoI This Is Why We Cry And It’s Scientifically Not Just Because We’re Sad https//tco/5HkfbBWFXk"}
{"tweet_id":841793987488890880,"created_unixtime":1489534301050,"created_time":"Tue Mar 14 23:31:41 +0000 2017","lang":"en","displayname":"TheExtremeLol","time_zone":"Pacific Time (US & Canada)","msg":"RT SoHilariousLoI This Is Why We Cry And It’s Scientifically Not Just Because We’re Sad https//tco/5HkfbBWFXk"}
{"tweet_id":841793987618865152,"created_unixtime":1489534301081,"created_time":"Tue Mar 14 23:31:41 +0000 2017","lang":"en","displayname":"TopMovieScene","time_zone":"Pacific Time (US & Canada)","msg":"RT SoHilariousLoI This Is Why We Cry And It’s Scientifically Not Just Because We’re Sad https//tco/5HkfbBWFXk"}
{"tweet_id":841793987434307584,"created_unixtime":1489534301037,"created_time":"Tue Mar 14 23:31:41 +0000 2017","lang":"en","displayname":"ThatTumbIrLife","time_zone":"Pacific Time (US & Canada)","msg":"RT SoHilariousLoI This Is Why We Cry And It’s Scientifically Not Just Because We’re Sad https//tco/5HkfbBWFXk"}
{"tweet_id":841793987539156996,"created_unixtime":1489534301062,"created_time":"Tue Mar 14 23:31:41 +0000 2017","lang":"en","displayname":"TheMajesticList","time_zone":"Pacific Time (US & Canada)","msg":"RT SoHilariousLoI This Is Why We Cry And It’s Scientifically Not Just Because We’re Sad https//tco/5HkfbBWFXk"}
{"tweet_id":841793987539173376,"created_unixtime":1489534301062,"created_time":"Tue Mar 14 23:31:41 +0000 2017","lang":"en","displayname":"TheMainFacts","time_zone":"Pacific Time (US & Canada)","msg":"RT SoHilariousLoI This Is Why We Cry And It’s Scientifically Not Just Because We’re Sad https//tco/5HkfbBWFXk"}
{"tweet_id":841793987602141187,"created_unixtime":1489534301077,"created_time":"Tue Mar 14 23:31:41 +0000 2017","lang":"en","displayname":"ThatFunnyTurtle","time_zone":"Pacific Time (US & Canada)","msg":"RT SoHilariousLoI This Is Why We Cry And It’s Scientifically Not Just Because We’re Sad https//tco/5HkfbBWFXk"}
{"tweet_id":841793987690221568,"created_unixtime":1489534301098,"created_time":"Tue Mar 14 23:31:41 +0000 2017","lang":"en","displayname":"TheLaughPics","time_zone":"Pacific Time (US & Canada)","msg":"RT SoHilariousLoI This Is Why We Cry And It’s Scientifically Not Just Because We’re Sad https//tco/5HkfbBWFXk"}
{"tweet_id":841793987723780100,"created_unixtime":1489534301106,"created_time":"Tue Mar 14 23:31:41 +0000 2017","lang":"en","displayname":"TheFunnyLoI","time_zone":"Pacific Time (US & Canada)","msg":"RT SoHilariousLoI This Is Why We Cry And It’s Scientifically Not Just Because We’re Sad https//tco/5HkfbBWFXk"}
{"tweet_id":841793987950256129,"created_unixtime":1489534301160,"created_time":"Tue Mar 14 23:31:41 +0000 2017","lang":"en","displayname":"choptopmoseley","time_zone":"Pacific Time (US & Canada)","msg":"RT AuthorKTMcQueen REAL Horror Happy Meal Boxes and Horror Movie Jiffy Pop Available to Buy Now https//tco/taplRjcM1F"}
{"tweet_id":841793987694465024,"created_unixtime":1489534301099,"created_time":"Tue Mar 14 23:31:41 +0000 2017","lang":"en","displayname":"lsumner37","time_zone":"","msg":"realDonaldTrump markets I bet ceos are happy Going to get another run of big money for them and bust the system and leave with the loot"}
{"tweet_id":841793988311027713,"created_unixtime":1489534301246,"created_time":"Tue Mar 14 23:31:41 +0000 2017","lang":"en","displayname":"pescuezolewis","time_zone":"","msg":"RT JasminD24 Happy Birthday 💚🐍👼🏻 https//tco/OQOZ4Wysb8"}
{"tweet_id":841793988470403073,"created_unixtime":1489534301284,"created_time":"Tue Mar 14 23:31:41 +0000 2017","lang":"en","displayname":"savageashh","time_zone":"","msg":"RT Fleeing so annoying when ppl are like ur always laughin u laugh at everything its not that funny like OK sorry im a happy perso…"}
{"tweet_id":841793990261264384,"created_unixtime":1489534301711,"created_time":"Tue Mar 14 23:31:41 +0000 2017","lang":"en","displayname":"shear_butter","time_zone":"Kuala Lumpur","msg":"RT neiltyson 314  Happy Piday to Gregorian calendar users who reckon dates with month followed by day separated by period omitting year"}
{"tweet_id":841793990580035585,"created_unixtime":1489534301787,"created_time":"Tue Mar 14 23:31:41 +0000 2017","lang":"en","displayname":"rickyftana","time_zone":"Pacific Time (US & Canada)","msg":"March 14teachers happy pi daystudents every damn year we get it already"}
{"tweet_id":841793990181625857,"created_unixtime":1489534301692,"created_time":"Tue Mar 14 23:31:41 +0000 2017","lang":"en","displayname":"Okegwu_Abednego","time_zone":"London","msg":"S/O Of The Day Happy Birthday To Olamide AKA BaddoSneh [Drop Your Wishes] https//tco/EluOmuJD9D https//tco/46TxDkaep0"}
{"tweet_id":841793991712641024,"created_unixtime":1489534302057,"created_time":"Tue Mar 14 23:31:42 +0000 2017","lang":"en","displayname":"jpete86","time_zone":"","msg":"RT edutopia Happy Pi Day PiDay https//tco/YcoB88vApZ"}
{"tweet_id":841793991414820866,"created_unixtime":1489534301986,"created_time":"Tue Mar 14 23:31:41 +0000 2017","lang":"tr","displayname":"_SunguRefe_","time_zone":"Athens","msg":"RT DTaburu BahçelikılıçtaroğluDemirtaş B yıldırımÖcalanVatanı bölmek için görevlendirilen Bop eşbaşkanı Narsist firavunun sadık hiz…"}
{"tweet_id":841793991796486144,"created_unixtime":1489534302077,"created_time":"Tue Mar 14 23:31:42 +0000 2017","lang":"en","displayname":"Rio__Lav","time_zone":"Central Time (US & Canada)","msg":"RT Nelly_Mo Happy 314 DAY STL STAND UP"}
{"tweet_id":841793992031408128,"created_unixtime":1489534302133,"created_time":"Tue Mar 14 23:31:42 +0000 2017","lang":"en","displayname":"Selene2907","time_zone":"","msg":"RT BaoziHana Happy white day ❤️🙈yurionice pockygame https//tco/sgVW1ZA7yn"}
{"tweet_id":841793992635240448,"created_unixtime":1489534302277,"created_time":"Tue Mar 14 23:31:42 +0000 2017","lang":"en","displayname":"ericxpineapple","time_zone":"","msg":"RT smokepurpp I do what the fuck I want I dont fucking care what anyone thinks Im happy"}
{"tweet_id":841793992618594304,"created_unixtime":1489534302273,"created_time":"Tue Mar 14 23:31:42 +0000 2017","lang":"en","displayname":"emmabullington3","time_zone":"Pacific Time (US & Canada)","msg":"RT Simone_Biles Thanks G  😊 hope to see you soon https//tco/SfrxVat51X"}
{"tweet_id":841793993134493697,"created_unixtime":1489534302396,"created_time":"Tue Mar 14 23:31:42 +0000 2017","lang":"en","displayname":"CeloFtUru","time_zone":"International Date Line West","msg":"RT foolskam when they bumped into each other in the cafeteria they were so fucking sadno cardamombeing apart destroys th… "}
{"tweet_id":841793992924758016,"created_unixtime":1489534302346,"created_time":"Tue Mar 14 23:31:42 +0000 2017","lang":"en","displayname":"WillBenton1","time_zone":"Central Time (US & Canada)","msg":"RT Rosie KimWeaverIA SteveKingIA  DONATED HAPPY TO SUPPORT YOU KIM GO GET HIM  TIME FOR CHANGE  RESIST "}
{"tweet_id":841793993599983616,"created_unixtime":1489534302507,"created_time":"Tue Mar 14 23:31:42 +0000 2017","lang":"en","displayname":"okzxc3838","time_zone":"","msg":"RT kawalpeet The way you start ur daycan affect ur whole dayBegin it with a smilecalmness of mind amp coolness of emotions… "}
{"tweet_id":841793993977487360,"created_unixtime":1489534302597,"created_time":"Tue Mar 14 23:31:42 +0000 2017","lang":"en","displayname":"dezcdxx","time_zone":"","msg":"Happy birthday Big_kahuna95 🎉🎉🤘 hope ur doing good man  Stay up on that grind amp turn up"}
{"tweet_id":841793994296287233,"created_unixtime":1489534302673,"created_time":"Tue Mar 14 23:31:42 +0000 2017","lang":"en","displayname":"brynneyboo_","time_zone":"","msg":"RT Steph_vincent24 Id be very happy if there was a snow day tomorrow"}
{"tweet_id":841793994422132738,"created_unixtime":1489534302703,"created_time":"Tue Mar 14 23:31:42 +0000 2017","lang":"en","displayname":"haileemarie23","time_zone":"","msg":"RT maecansavage having a best friend who is a senior is actually so sad"}
{"tweet_id":841793994183065600,"created_unixtime":1489534302646,"created_time":"Tue Mar 14 23:31:42 +0000 2017","lang":"en","displayname":"Dre_365","time_zone":"Central Time (US & Canada)","msg":"RT D_Deji28 Do you guys know why he was killed A girl lied that he raped her and her brother shot him dead https//tco/IWDVDZp3rz"}
{"tweet_id":841793994497654784,"created_unixtime":1489534302721,"created_time":"Tue Mar 14 23:31:42 +0000 2017","lang":"en","displayname":"MoBhayat1977","time_zone":"","msg":"RT 5liveSport I am so happy but I am cryingThis is what it means to be a LCFC fan tonight EmotionalLEISEV https//tco/0DQWr7T8…"}
{"tweet_id":841793994703175683,"created_unixtime":1489534302770,"created_time":"Tue Mar 14 23:31:42 +0000 2017","lang":"en","displayname":"YouLookedAMess","time_zone":"Pacific Time (US & Canada)","msg":"RT Dork_Power What ILearnedFromHighSchool People never grow out of it Cliques for the rest of their lives Its sad really"}
{"tweet_id":841793995726503936,"created_unixtime":1489534303014,"created_time":"Tue Mar 14 23:31:43 +0000 2017","lang":"en","displayname":"JRS70954020","time_zone":"","msg":"RT mainedcm I am a one happy banana How about you https//tco/KKyl9dh6HO"}
{"tweet_id":841793995260985346,"created_unixtime":1489534302903,"created_time":"Tue Mar 14 23:31:42 +0000 2017","lang":"en","displayname":"tylercassidy11","time_zone":"","msg":"thank you 😘😘 https//tco/0VIqkdPHwC"}
{"tweet_id":841793995613319168,"created_unixtime":1489534302987,"created_time":"Tue Mar 14 23:31:42 +0000 2017","lang":"en","displayname":"agmoonIights","time_zone":"","msg":"ArianaGrande💙Hey🖤😍I love you so much🌺🎵Your smile makes me happy ❤ 🌹You saved me🌹💜Follow me this year please🙏💞its my dream☘ 447x"}
{"tweet_id":841793995097427971,"created_unixtime":1489534302864,"created_time":"Tue Mar 14 23:31:42 +0000 2017","lang":"en","displayname":"duondon9","time_zone":"","msg":"ThomasBeautyy hang in there buddy so many people struggle with self loathing and im happy you talked about it we love you 💛💛💛"}
{"tweet_id":841793995646869504,"created_unixtime":1489534302995,"created_time":"Tue Mar 14 23:31:42 +0000 2017","lang":"en","displayname":"NGgirlsLax","time_zone":"Atlantic Time (Canada)","msg":"Happy to report the Millcreek player is up and our trainer is attending to her"}
{"tweet_id":841793995739136001,"created_unixtime":1489534303017,"created_time":"Tue Mar 14 23:31:43 +0000 2017","lang":"en","displayname":"carlypug","time_zone":"Eastern Time (US & Canada)","msg":"lilaubiegirl shari_bayless Im not happy with her Lil Thats for sure 😠🙁"}
{"tweet_id":841793995676221440,"created_unixtime":1489534303002,"created_time":"Tue Mar 14 23:31:43 +0000 2017","lang":"en","displayname":"OrmesFletcher","time_zone":"London","msg":"We love this we love Bolton Happy 150 years TheBoltonNews https//tco/M3Q6PDdGZt"}
{"tweet_id":841793996112465920,"created_unixtime":1489534303106,"created_time":"Tue Mar 14 23:31:43 +0000 2017","lang":"en","displayname":"LadyLiberty1791","time_zone":"","msg":"RT RMConservative Very sad to listen to VP mislead marklevinshows audience talks about free market nothing about it gets rid of it"}
{"tweet_id":841793996254920705,"created_unixtime":1489534303140,"created_time":"Tue Mar 14 23:31:43 +0000 2017","lang":"en","displayname":"yogibartpdx","time_zone":"Pacific Time (US & Canada)","msg":"HAPPY TUESDAY  The gators in my home state are a lot smarter than people give them credit for    https//tco/o1JqEBK7Ll"}
{"tweet_id":841793996154408961,"created_unixtime":1489534303116,"created_time":"Tue Mar 14 23:31:43 +0000 2017","lang":"en","displayname":"juliedee4663","time_zone":"Hawaii","msg":"Whats your favourite from the HotelChocolat Easter collection  Tell us to Win an Easter Hamper https//tco/OqeokNYlig"}
{"tweet_id":841793996670156800,"created_unixtime":1489534303239,"created_time":"Tue Mar 14 23:31:43 +0000 2017","lang":"en","displayname":"LaughWithUsLol","time_zone":"Pacific Time (US & Canada)","msg":"RT LoIFunnyHaha This Is Why We Cry And It’s Scientifically Not Just Because We’re Sad https//tco/8GcMgU5Iil"}
{"tweet_id":841793996535951360,"created_unixtime":1489534303207,"created_time":"Tue Mar 14 23:31:43 +0000 2017","lang":"en","displayname":"LmaoButtHead","time_zone":"Pacific Time (US & Canada)","msg":"RT LoIFunnyHaha This Is Why We Cry And It’s Scientifically Not Just Because We’re Sad https//tco/8GcMgU5Iil"}
{"tweet_id":841793996615647232,"created_unixtime":1489534303226,"created_time":"Tue Mar 14 23:31:43 +0000 2017","lang":"en","displayname":"BestLmaoTweets","time_zone":"Pacific Time (US & Canada)","msg":"RT LoIFunnyHaha This Is Why We Cry And It’s Scientifically Not Just Because We’re Sad https//tco/8GcMgU5Iil"}
{"tweet_id":841793996628230144,"created_unixtime":1489534303229,"created_time":"Tue Mar 14 23:31:43 +0000 2017","lang":"en","displayname":"BeyondSarcastic","time_zone":"Pacific Time (US & Canada)","msg":"RT LoIFunnyHaha This Is Why We Cry And It’s Scientifically Not Just Because We’re Sad https//tco/8GcMgU5Iil"}
{"tweet_id":841793996707909633,"created_unixtime":1489534303248,"created_time":"Tue Mar 14 23:31:43 +0000 2017","lang":"en","displayname":"LoITweetsLmao","time_zone":"Pacific Time (US & Canada)","msg":"RT LoIFunnyHaha This Is Why We Cry And It’s Scientifically Not Just Because We’re Sad https//tco/8GcMgU5Iil"}
{"tweet_id":841793996745719808,"created_unixtime":1489534303257,"created_time":"Tue Mar 14 23:31:43 +0000 2017","lang":"en","displayname":"SoCutePuppies","time_zone":"Pacific Time (US & Canada)","msg":"RT LoIFunnyHaha This Is Why We Cry And It’s Scientifically Not Just Because We’re Sad https//tco/8GcMgU5Iil"}
{"tweet_id":841793996712116225,"created_unixtime":1489534303249,"created_time":"Tue Mar 14 23:31:43 +0000 2017","lang":"en","displayname":"LmaoDolphin","time_zone":"Pacific Time (US & Canada)","msg":"RT LoIFunnyHaha This Is Why We Cry And It’s Scientifically Not Just Because We’re Sad https//tco/8GcMgU5Iil"}
{"tweet_id":841793996636618753,"created_unixtime":1489534303231,"created_time":"Tue Mar 14 23:31:43 +0000 2017","lang":"en","displayname":"CuteHuskyAww","time_zone":"Pacific Time (US & Canada)","msg":"RT LoIFunnyHaha This Is Why We Cry And It’s Scientifically Not Just Because We’re Sad https//tco/8GcMgU5Iil"}
{"tweet_id":841793996833800194,"created_unixtime":1489534303278,"created_time":"Tue Mar 14 23:31:43 +0000 2017","lang":"en","displayname":"ThatFunnyCereal","time_zone":"Pacific Time (US & Canada)","msg":"RT LoIFunnyHaha This Is Why We Cry And It’s Scientifically Not Just Because We’re Sad https//tco/8GcMgU5Iil"}
{"tweet_id":841793996816957440,"created_unixtime":1489534303274,"created_time":"Tue Mar 14 23:31:43 +0000 2017","lang":"en","displayname":"ThatFunnyRelate","time_zone":"Pacific Time (US & Canada)","msg":"RT LoIFunnyHaha This Is Why We Cry And It’s Scientifically Not Just Because We’re Sad https//tco/8GcMgU5Iil"}
{"tweet_id":841793996905103361,"created_unixtime":1489534303295,"created_time":"Tue Mar 14 23:31:43 +0000 2017","lang":"en","displayname":"TheChillPics","time_zone":"Pacific Time (US & Canada)","msg":"RT LoIFunnyHaha This Is Why We Cry And It’s Scientifically Not Just Because We’re Sad https//tco/8GcMgU5Iil"}
{"tweet_id":841793996246683648,"created_unixtime":1489534303138,"created_time":"Tue Mar 14 23:31:43 +0000 2017","lang":"en","displayname":"ystaacks","time_zone":"","msg":"RT KadijatS Happy happy happy😚💞💍 https//tco/woZ6xbMVeK"}
{"tweet_id":841793996817027072,"created_unixtime":1489534303274,"created_time":"Tue Mar 14 23:31:43 +0000 2017","lang":"en","displayname":"ThatAmazingGif","time_zone":"Pacific Time (US & Canada)","msg":"RT LoIFunnyHaha This Is Why We Cry And It’s Scientifically Not Just Because We’re Sad https//tco/8GcMgU5Iil"}
{"tweet_id":841793996703727616,"created_unixtime":1489534303247,"created_time":"Tue Mar 14 23:31:43 +0000 2017","lang":"en","displayname":"LmaoFunnyAllDay","time_zone":"Pacific Time (US & Canada)","msg":"RT LoIFunnyHaha This Is Why We Cry And It’s Scientifically Not Just Because We’re Sad https//tco/8GcMgU5Iil"}
{"tweet_id":841793996733087744,"created_unixtime":1489534303254,"created_time":"Tue Mar 14 23:31:43 +0000 2017","lang":"en","displayname":"SarcsmHilarious","time_zone":"Pacific Time (US & Canada)","msg":"RT LoIFunnyHaha This Is Why We Cry And It’s Scientifically Not Just Because We’re Sad https//tco/8GcMgU5Iil"}
{"tweet_id":841793996439617540,"created_unixtime":1489534303184,"created_time":"Tue Mar 14 23:31:43 +0000 2017","lang":"en","displayname":"WatchfulFurious","time_zone":"","msg":"She laughed and kept close to him You really do make me happy She says quietly to him https//tco/MCI8cGKSsG"}
{"tweet_id":841793996863160320,"created_unixtime":1489534303285,"created_time":"Tue Mar 14 23:31:43 +0000 2017","lang":"en","displayname":"CutestHedgeHog","time_zone":"Pacific Time (US & Canada)","msg":"RT LoIFunnyHaha This Is Why We Cry And It’s Scientifically Not Just Because We’re Sad https//tco/8GcMgU5Iil"}
{"tweet_id":841793996946989056,"created_unixtime":1489534303305,"created_time":"Tue Mar 14 23:31:43 +0000 2017","lang":"en","displayname":"TheLolWhiteGirl","time_zone":"Pacific Time (US & Canada)","msg":"RT LoIFunnyHaha This Is Why We Cry And It’s Scientifically Not Just Because We’re Sad https//tco/8GcMgU5Iil"}
{"tweet_id":841793996829540352,"created_unixtime":1489534303277,"created_time":"Tue Mar 14 23:31:43 +0000 2017","lang":"en","displayname":"ThatHealthy","time_zone":"Pacific Time (US & Canada)","msg":"RT LoIFunnyHaha This Is Why We Cry And It’s Scientifically Not Just Because We’re Sad https//tco/8GcMgU5Iil"}
{"tweet_id":841793996967964672,"created_unixtime":1489534303310,"created_time":"Tue Mar 14 23:31:43 +0000 2017","lang":"en","displayname":"TheWeaIthyLife","time_zone":"Pacific Time (US & Canada)","msg":"RT LoIFunnyHaha This Is Why We Cry And It’s Scientifically Not Just Because We’re Sad https//tco/8GcMgU5Iil"}
{"tweet_id":841793996871499776,"created_unixtime":1489534303287,"created_time":"Tue Mar 14 23:31:43 +0000 2017","lang":"en","displayname":"ThatSarcasmFun","time_zone":"Pacific Time (US & Canada)","msg":"RT LoIFunnyHaha This Is Why We Cry And It’s Scientifically Not Just Because We’re Sad https//tco/8GcMgU5Iil"}
{"tweet_id":841793996997382144,"created_unixtime":1489534303317,"created_time":"Tue Mar 14 23:31:43 +0000 2017","lang":"en","displayname":"ThoseGoodFoods","time_zone":"Pacific Time (US & Canada)","msg":"RT LoIFunnyHaha This Is Why We Cry And It’s Scientifically Not Just Because We’re Sad https//tco/8GcMgU5Iil"}
{"tweet_id":841793996435398656,"created_unixtime":1489534303183,"created_time":"Tue Mar 14 23:31:43 +0000 2017","lang":"en","displayname":"jareausdobrev","time_zone":"Pacific Time (US & Canada)","msg":"I LOVE MY MANS PAUL https//tco/7H90Xf4ZZX"}
{"tweet_id":841793996892454912,"created_unixtime":1489534303292,"created_time":"Tue Mar 14 23:31:43 +0000 2017","lang":"en","displayname":"TheAmazePics","time_zone":"Pacific Time (US & Canada)","msg":"RT LoIFunnyHaha This Is Why We Cry And It’s Scientifically Not Just Because We’re Sad https//tco/8GcMgU5Iil"}
{"tweet_id":841793995147743233,"created_unixtime":1489534302876,"created_time":"Tue Mar 14 23:31:42 +0000 2017","lang":"en","displayname":"10Piron","time_zone":"","msg":"Happy bday to the annoying boy that sits next to me in calc benweerts ❤️❤️ ps stop cheating off me https//tco/rUYTuENqRE"}
{"tweet_id":841793996997373952,"created_unixtime":1489534303317,"created_time":"Tue Mar 14 23:31:43 +0000 2017","lang":"en","displayname":"VeryAmazingCars","time_zone":"Pacific Time (US & Canada)","msg":"RT LoIFunnyHaha This Is Why We Cry And It’s Scientifically Not Just Because We’re Sad https//tco/8GcMgU5Iil"}
{"tweet_id":841793996930277378,"created_unixtime":1489534303301,"created_time":"Tue Mar 14 23:31:43 +0000 2017","lang":"en","displayname":"IncredibleSkies","time_zone":"Pacific Time (US & Canada)","msg":"RT LoIFunnyHaha This Is Why We Cry And It’s Scientifically Not Just Because We’re Sad https//tco/8GcMgU5Iil"}
{"tweet_id":841793996791857152,"created_unixtime":1489534303268,"created_time":"Tue Mar 14 23:31:43 +0000 2017","lang":"en","displayname":"TbhSarcasticLoI","time_zone":"Pacific Time (US & Canada)","msg":"RT LoIFunnyHaha This Is Why We Cry And It’s Scientifically Not Just Because We’re Sad https//tco/8GcMgU5Iil"}
{"tweet_id":841793997009965058,"created_unixtime":1489534303320,"created_time":"Tue Mar 14 23:31:43 +0000 2017","lang":"en","displayname":"TheLmaoBear","time_zone":"Pacific Time (US & Canada)","msg":"RT LoIFunnyHaha This Is Why We Cry And It’s Scientifically Not Just Because We’re Sad https//tco/8GcMgU5Iil"}
{"tweet_id":841793997077061633,"created_unixtime":1489534303336,"created_time":"Tue Mar 14 23:31:43 +0000 2017","lang":"en","displayname":"TheWhitestGirI","time_zone":"Pacific Time (US & Canada)","msg":"RT LoIFunnyHaha This Is Why We Cry And It’s Scientifically Not Just Because We’re Sad https//tco/8GcMgU5Iil"}
{"tweet_id":841793996770820096,"created_unixtime":1489534303263,"created_time":"Tue Mar 14 23:31:43 +0000 2017","lang":"en","displayname":"SarcasmTweetLol","time_zone":"Pacific Time (US & Canada)","msg":"RT LoIFunnyHaha This Is Why We Cry And It’s Scientifically Not Just Because We’re Sad https//tco/8GcMgU5Iil"}
{"tweet_id":841793996905189376,"created_unixtime":1489534303295,"created_time":"Tue Mar 14 23:31:43 +0000 2017","lang":"en","displayname":"SoSarcasmLmao","time_zone":"Pacific Time (US & Canada)","msg":"RT LoIFunnyHaha This Is Why We Cry And It’s Scientifically Not Just Because We’re Sad https//tco/8GcMgU5Iil"}
{"tweet_id":841793996938657792,"created_unixtime":1489534303303,"created_time":"Tue Mar 14 23:31:43 +0000 2017","lang":"en","displayname":"TheLmaoBobby","time_zone":"Pacific Time (US & Canada)","msg":"RT LoIFunnyHaha This Is Why We Cry And It’s Scientifically Not Just Because We’re Sad https//tco/8GcMgU5Iil"}
{"tweet_id":841793998519902209,"created_unixtime":1489534303680,"created_time":"Tue Mar 14 23:31:43 +0000 2017","lang":"en","displayname":"SportsFan96_","time_zone":"Pacific Time (US & Canada)","msg":"RT NBA_Buckets Happy Birthday to Steph Curry2x MVPfirst unanimous MVP1x champion1x scoring titleBest shooter of all time🎂🎂🎂 https…"}
{"tweet_id":841793998251466752,"created_unixtime":1489534303616,"created_time":"Tue Mar 14 23:31:43 +0000 2017","lang":"en","displayname":"PeoniesAndMilk","time_zone":"","msg":"Happy transformationtuesday from PandM and a little help from the chalkpaint  vintagestyle… https//tco/ghxNG1AsP6"}
{"tweet_id":841793999186845697,"created_unixtime":1489534303839,"created_time":"Tue Mar 14 23:31:43 +0000 2017","lang":"en","displayname":"BiggDikkChaney","time_zone":"Eastern Time (US & Canada)","msg":"RT MarleyG00DLife ThankYouThot  HAPPY TuesdayMotivation TITTYTUESDAY https//tco/5lS55xYD6P"}
{"tweet_id":841793998750650368,"created_unixtime":1489534303735,"created_time":"Tue Mar 14 23:31:43 +0000 2017","lang":"en","displayname":"Gaming563","time_zone":"","msg":"RT ASUSUSA When you dont feel like pie and just want to Tinker Happy nationalpiday  https//tco/2dgveuhpHc"}
{"tweet_id":841793998943588352,"created_unixtime":1489534303781,"created_time":"Tue Mar 14 23:31:43 +0000 2017","lang":"en","displayname":"pauldavis1958","time_zone":"Central Time (US & Canada)","msg":"A very HAPPY BIRTHDAY to Brenden and Dawson from Grandma and Grandpa Davis Katey Tony and Oreo  We love those https//tco/qmGhT9rnmx"}
{"tweet_id":841793998511566849,"created_unixtime":1489534303678,"created_time":"Tue Mar 14 23:31:43 +0000 2017","lang":"en","displayname":"TerriTh5576208","time_zone":"","msg":"RT ABC Happy Pi Day  the one day of the year that matches mathematical constant pi Check out Pi Day deals across countr… "}
{"tweet_id":841793999522418688,"created_unixtime":1489534303919,"created_time":"Tue Mar 14 23:31:43 +0000 2017","lang":"es","displayname":"bIurrydoblas","time_zone":"Bogota","msg":"RT itsool sorteo dos cuentas netflix porque estoy sadrt y fav este tuit tenes que ser seguidor"}
{"tweet_id":841793998524100608,"created_unixtime":1489534303681,"created_time":"Tue Mar 14 23:31:43 +0000 2017","lang":"en","displayname":"mhng_farabz","time_zone":"Amsterdam","msg":"S/O Of The Day Happy Birthday To Olamide AKA BaddoSneh [Drop Your Wishes] https//tco/Xpy3xR58gx https//tco/yV3sQhzEpN"}
{"tweet_id":841794000487108611,"created_unixtime":1489534304149,"created_time":"Tue Mar 14 23:31:44 +0000 2017","lang":"en","displayname":"kayceerwood","time_zone":"","msg":"RT savmontano So crazy seeing your visions come to life im happy i get to share them with you all❤"}
{"tweet_id":841794000218664960,"created_unixtime":1489534304085,"created_time":"Tue Mar 14 23:31:44 +0000 2017","lang":"en","displayname":"AlexKisaragi_19","time_zone":"","msg":"RT kurodias happy birthday to my beautiful brave wonderful angel umi  ♡  ♡  ♡ 海未は私ですが2017園田海未生誕祭2017 https//tco/CYzgsbAZwY"}
{"tweet_id":841794000654876672,"created_unixtime":1489534304189,"created_time":"Tue Mar 14 23:31:44 +0000 2017","lang":"und","displayname":"nicholas51","time_zone":"Belgrade","msg":"RT nicholas51 I Pućko je bio gologuzan Onda je od Tome dobio stranku i vlast A vidi ga sad Kandidat BRE https//tco/ECgJaON3oL"}
{"tweet_id":841794001267175424,"created_unixtime":1489534304335,"created_time":"Tue Mar 14 23:31:44 +0000 2017","lang":"en","displayname":"AngryPatriot45","time_zone":"","msg":"costareports chrislhayes PhilipRucker washingtonpost So its clear now POTUS doesnt want his name on bill want 2 call it ryancare sad"}
{"tweet_id":841794001179144194,"created_unixtime":1489534304314,"created_time":"Tue Mar 14 23:31:44 +0000 2017","lang":"en","displayname":"morrrgan_alcorn","time_zone":"","msg":"RT jessisvlame happy happy happy"}
{"tweet_id":841794001573367808,"created_unixtime":1489534304408,"created_time":"Tue Mar 14 23:31:44 +0000 2017","lang":"en","displayname":"Thevampskd","time_zone":"Pacific Time (US & Canada)","msg":"RT fla_dir TheVampsCon happy dayHappyBirthdayConnor https//tco/h6FMbruMZW"}
{"tweet_id":841794001745338369,"created_unixtime":1489534304449,"created_time":"Tue Mar 14 23:31:44 +0000 2017","lang":"en","displayname":"root11_azu_y","time_zone":"Irkutsk","msg":"RT sxk_uxkk Happy White Day https//tco/abnR0kX5i9"}
{"tweet_id":841794001401458688,"created_unixtime":1489534304367,"created_time":"Tue Mar 14 23:31:44 +0000 2017","lang":"en","displayname":"rinsepribus","time_zone":"Pacific Time (US & Canada)","msg":"RT RCorbettMEP farage nowadays happy to reveal his true colours https//tco/Rsm8k2QY5v"}
{"tweet_id":841794001657303044,"created_unixtime":1489534304428,"created_time":"Tue Mar 14 23:31:44 +0000 2017","lang":"en","displayname":"anuargrunj2","time_zone":"","msg":"RT CODPlayerCards Happy New Years everyone gamers https//tco/p8r0adqE3H"}
{"tweet_id":841794002080915456,"created_unixtime":1489534304529,"created_time":"Tue Mar 14 23:31:44 +0000 2017","lang":"en","displayname":"DanAngelino","time_zone":"","msg":"RT neiltyson 314  Happy Piday to Gregorian calendar users who reckon dates with month followed by day separated by period omitting year"}
{"tweet_id":841794002026393602,"created_unixtime":1489534304516,"created_time":"Tue Mar 14 23:31:44 +0000 2017","lang":"en","displayname":"jenna_kradel","time_zone":"","msg":"RT CoupIesPosts Yall could easily get ur girl one of these for under 100 and shell be so happy https//tco/ExnOSAW9TD"}
{"tweet_id":841794002026393600,"created_unixtime":1489534304516,"created_time":"Tue Mar 14 23:31:44 +0000 2017","lang":"und","displayname":"kassimthinks","time_zone":"London","msg":"🙏🏾🙏🏾 https//tco/3EBWHsfaSv"}
{"tweet_id":841794002009624577,"created_unixtime":1489534304512,"created_time":"Tue Mar 14 23:31:44 +0000 2017","lang":"en","displayname":"Marilingling","time_zone":"Central Time (US & Canada)","msg":"RT L1LDebbie You dont find the happy life  you make it"}
{"tweet_id":841794000910721028,"created_unixtime":1489534304250,"created_time":"Tue Mar 14 23:31:44 +0000 2017","lang":"en","displayname":"kayleesperling","time_zone":"Eastern Time (US & Canada)","msg":"RT CommonWhiteGrls This makes me so happy https//tco/6G1UDSKwAI"}
{"tweet_id":841794002634465281,"created_unixtime":1489534304661,"created_time":"Tue Mar 14 23:31:44 +0000 2017","lang":"en","displayname":"_DavidNicholsJr","time_zone":"","msg":"RT MariOrstavik One of my favorite things about America is that almost every week theres a reason for good food to be free or cheap Hap…"}
{"tweet_id":841794001661497344,"created_unixtime":1489534304429,"created_time":"Tue Mar 14 23:31:44 +0000 2017","lang":"en","displayname":"henchman21","time_zone":"Central Time (US & Canada)","msg":"RT geeksofdoom Happy 30th Birthday EvilDead II Dead By Dawn Still Groovy After All These Years https//tco/sIiO4QQVBl https//tco/L4…"}
{"tweet_id":841794002693300226,"created_unixtime":1489534304675,"created_time":"Tue Mar 14 23:31:44 +0000 2017","lang":"en","displayname":"EleonoreMoussai","time_zone":"Paris","msg":"happy birthday love silentcamila enjoy your day 😘"}
{"tweet_id":841794002974322692,"created_unixtime":1489534304742,"created_time":"Tue Mar 14 23:31:44 +0000 2017","lang":"en","displayname":"apfleisc","time_zone":"Central Time (US & Canada)","msg":"I love how IU fans arent happy with the state of the program yet loudly cheer whenever Tim Priller gets playing time iubb"}
{"tweet_id":841794002731036672,"created_unixtime":1489534304684,"created_time":"Tue Mar 14 23:31:44 +0000 2017","lang":"en","displayname":"lmfaoaldo","time_zone":"","msg":"RT RickyPDillon Happy pi day https//tco/PyJRimk7d3"}
{"tweet_id":841794002110226432,"created_unixtime":1489534304536,"created_time":"Tue Mar 14 23:31:44 +0000 2017","lang":"en","displayname":"TARELA_DANIEL","time_zone":"Pacific Time (US & Canada)","msg":"S/O Of The Day Happy Birthday To Olamide AKA BaddoSneh [Drop Your Wishes] https//tco/Cj7pR87A6i https//tco/PBoUom5R6o"}
{"tweet_id":841794003255218176,"created_unixtime":1489534304809,"created_time":"Tue Mar 14 23:31:44 +0000 2017","lang":"en","displayname":"lesliecastelan_","time_zone":"","msg":"RT tellier_tristan happy pi day 314 https//tco/NlsXaGygCy"}
{"tweet_id":841794002978504704,"created_unixtime":1489534304743,"created_time":"Tue Mar 14 23:31:44 +0000 2017","lang":"en","displayname":"websterelona","time_zone":"","msg":"RT Olympics gymnastics  phenomenal domination of nadiacomaneci10 and Simone_Biles  Happy birthday Simone https//tco/NuvULbB8JI"}
{"tweet_id":841794003712516096,"created_unixtime":1489534304918,"created_time":"Tue Mar 14 23:31:44 +0000 2017","lang":"en","displayname":"Aud972","time_zone":"Paris","msg":"RT JuiceCupSQ Aaaaaand Vote for SQ again SwanQueen 🌈❤✨https//tco/MSpTCIeCrb https//tco/l0Be2Y1pJK"}
{"tweet_id":841794003792203776,"created_unixtime":1489534304937,"created_time":"Tue Mar 14 23:31:44 +0000 2017","lang":"en","displayname":"shaeemv","time_zone":"","msg":"RT victoriaashhh Being happy does not mean to always get what you want Happiness comes when you love what you have and when you are grat…"}
{"tweet_id":841794004261863424,"created_unixtime":1489534305049,"created_time":"Tue Mar 14 23:31:45 +0000 2017","lang":"en","displayname":"Rendler11","time_zone":"","msg":"Happy birthday little bro f_beede1 excited for this season🏐"}
{"tweet_id":841794003955789825,"created_unixtime":1489534304976,"created_time":"Tue Mar 14 23:31:44 +0000 2017","lang":"en","displayname":"ChicoUnooo","time_zone":"Eastern Time (US & Canada)","msg":"RT sheswithmee IfYoureMyGirl I plan to give you the world and I will constantly strive to make you happy no matter what I have to do"}
{"tweet_id":841794004115173377,"created_unixtime":1489534305014,"created_time":"Tue Mar 14 23:31:45 +0000 2017","lang":"en","displayname":"TonyRomera","time_zone":"Paris","msg":"So sad Im not going to Miami this year On 2018 Ill be there  😢"}
{"tweet_id":841794004572233731,"created_unixtime":1489534305123,"created_time":"Tue Mar 14 23:31:45 +0000 2017","lang":"en","displayname":"gsbizzle","time_zone":"","msg":"RT neiltyson 314  Happy Piday to Gregorian calendar users who reckon dates with month followed by day separated by period omitting year"}
{"tweet_id":841794004530282496,"created_unixtime":1489534305113,"created_time":"Tue Mar 14 23:31:45 +0000 2017","lang":"en","displayname":"AlexandraAn1716","time_zone":"","msg":"Happy Hourfitnessmotivation fitness fitnessinspiration concordiauniversity concordiagym… https//tco/v9p0qxeWTw"}
{"tweet_id":841794004488458240,"created_unixtime":1489534305103,"created_time":"Tue Mar 14 23:31:45 +0000 2017","lang":"en","displayname":"Sentienttherapy","time_zone":"London","msg":"RT KPilkingtonQ Hulk he wasnt happy"}
{"tweet_id":841794004261998592,"created_unixtime":1489534305049,"created_time":"Tue Mar 14 23:31:45 +0000 2017","lang":"en","displayname":"DrSoulDental","time_zone":"","msg":"RT neiltyson 314  Happy Piday to Gregorian calendar users who reckon dates with month followed by day separated by period omitting year"}
{"tweet_id":841794005029421056,"created_unixtime":1489534305232,"created_time":"Tue Mar 14 23:31:45 +0000 2017","lang":"ja","displayname":"i_Love_Live_Eli","time_zone":"","msg":"RT r_take_2000 海未ちゃん！Happy Birthday🎉🎊しっかり者で、皆の事すっごく心配してて、お姉さんみたいな海未ちゃんが大好きです！！これからもμsの園田海未として頑張ってください！！✨✨園田海未生誕祭2017… "}
{"tweet_id":841794005209821189,"created_unixtime":1489534305275,"created_time":"Tue Mar 14 23:31:45 +0000 2017","lang":"en","displayname":"Alej__ordaz","time_zone":"","msg":"RT TRASH_MOBB not happy not sad kinda just floating"}
{"tweet_id":841794004903698434,"created_unixtime":1489534305202,"created_time":"Tue Mar 14 23:31:45 +0000 2017","lang":"en","displayname":"xoxochyy","time_zone":"Eastern Time (US & Canada)","msg":"RT D_Deji28 Do you guys know why he was killed A girl lied that he raped her and her brother shot him dead https//tco/IWDVDZp3rz"}
{"tweet_id":841794005230854144,"created_unixtime":1489534305280,"created_time":"Tue Mar 14 23:31:45 +0000 2017","lang":"en","displayname":"lakeisnotonfire","time_zone":"Eastern Time (US & Canada)","msg":"BlurryWeekes PlaylistLive no no thank you so much god that makes me so happy they were my best friends when i had none"}
{"tweet_id":841794005264404483,"created_unixtime":1489534305288,"created_time":"Tue Mar 14 23:31:45 +0000 2017","lang":"en","displayname":"Tsvety16","time_zone":"","msg":"RT moistydolann this boys make me smile everyday and im glad that they are happy doing what they are doing  GraysonDolan… "}
{"tweet_id":841794005675450368,"created_unixtime":1489534305386,"created_time":"Tue Mar 14 23:31:45 +0000 2017","lang":"en","displayname":"sonnje","time_zone":"","msg":"Onlookers gasp as a Wall Street Bro humps the acclaimed Defiant Girl statue on Wall Street https//tco/049UwXK5QY"}
{"tweet_id":841794005520285697,"created_unixtime":1489534305349,"created_time":"Tue Mar 14 23:31:45 +0000 2017","lang":"en","displayname":"NorthBridge17","time_zone":"","msg":"No but Ryan can just whisper independent Investigationinto realDonaldTrump s ear and hell do as hes told SA… https//tco/rbLFkQ37co"}
{"tweet_id":841794005448982528,"created_unixtime":1489534305332,"created_time":"Tue Mar 14 23:31:45 +0000 2017","lang":"en","displayname":"FCHSPanthers","time_zone":"Eastern Time (US & Canada)","msg":"Happy Pi Day from all of us at FCHS FCHSDenLife piday2017 FCX https//tco/pdtZQCGDCp"}
{"tweet_id":841794006346551299,"created_unixtime":1489534305546,"created_time":"Tue Mar 14 23:31:45 +0000 2017","lang":"en","displayname":"caitlyn_bailey3","time_zone":"","msg":"RT Itzmeggo Im either extremely moody or extremely happy"}
{"tweet_id":841794006346547204,"created_unixtime":1489534305546,"created_time":"Tue Mar 14 23:31:45 +0000 2017","lang":"en","displayname":"Shanni_Leigh_77","time_zone":"London","msg":"RT PA7KY Happy to announce that as of the 27th March I will be managing the UK Partnership for Twitch  Looking forward sta… "}
{"tweet_id":841794006484979712,"created_unixtime":1489534305579,"created_time":"Tue Mar 14 23:31:45 +0000 2017","lang":"en","displayname":"outwardjelly","time_zone":"","msg":"Its especially helpful when only the person on the phone is laughing so that way Im already used to being sad when Im done"}
{"tweet_id":841794006640123906,"created_unixtime":1489534305616,"created_time":"Tue Mar 14 23:31:45 +0000 2017","lang":"en","displayname":"MariaMulato33","time_zone":"","msg":"RT tbhbyron i just wanna travel the world and have fun and take pictures and explore and just be happy genuinely happy"}
{"tweet_id":841794006807916545,"created_unixtime":1489534305656,"created_time":"Tue Mar 14 23:31:45 +0000 2017","lang":"en","displayname":"okolovaddqkl","time_zone":"","msg":"RT NCarpenter20 Happy Birthday bud joeklein22 party hard this weekend 😈"}
{"tweet_id":841794004970819584,"created_unixtime":1489534305218,"created_time":"Tue Mar 14 23:31:45 +0000 2017","lang":"en","displayname":"princessken__","time_zone":"Pacific Time (US & Canada)","msg":"Sort of https//tco/o9bYrA139p"}
{"tweet_id":841794006933770240,"created_unixtime":1489534305686,"created_time":"Tue Mar 14 23:31:45 +0000 2017","lang":"en","displayname":"DevoFranKXx","time_zone":"Pacific Time (US & Canada)","msg":"kmiaumiau just try to be happy"}
{"tweet_id":841794006719815681,"created_unixtime":1489534305635,"created_time":"Tue Mar 14 23:31:45 +0000 2017","lang":"en","displayname":"_alexbenton","time_zone":"Mountain Time (US & Canada)","msg":"RT D_Deji28 Do you guys know why he was killed A girl lied that he raped her and her brother shot him dead https//tco/IWDVDZp3rz"}
{"tweet_id":841794005222465536,"created_unixtime":1489534305278,"created_time":"Tue Mar 14 23:31:45 +0000 2017","lang":"en","displayname":"Jesussy10","time_zone":"Arizona","msg":"Happy birthday mike_gingrich"}
{"tweet_id":841794007533531136,"created_unixtime":1489534305829,"created_time":"Tue Mar 14 23:31:45 +0000 2017","lang":"en","displayname":"GraceTolbert","time_zone":"","msg":"RT Ioverthoughts Divorce is SO SCARY I pray to God that the person marry I am happy ampamp absolutely in love with for the rest of my li…"}
{"tweet_id":841794007831347203,"created_unixtime":1489534305900,"created_time":"Tue Mar 14 23:31:45 +0000 2017","lang":"en","displayname":"hansolohvc","time_zone":"Eastern Time (US & Canada)","msg":"RT jackgyum GOT7  Stop Stop It Crazy Boyfriend Ver why are they so embarrassing idk them this makes me really happy ok https//t…"}
{"tweet_id":841794007663534084,"created_unixtime":1489534305860,"created_time":"Tue Mar 14 23:31:45 +0000 2017","lang":"en","displayname":"WillBenton1","time_zone":"Central Time (US & Canada)","msg":"RT MrSpock2017 Please support Get rid of racist Steve King TheResistance Starfleet rosie https//tco/OVQLQqhCUz"}
{"tweet_id":841794007567081472,"created_unixtime":1489534305837,"created_time":"Tue Mar 14 23:31:45 +0000 2017","lang":"en","displayname":"CabreraIsaira","time_zone":"","msg":"RT skkaragoz10 Black ice will pose a danger for those that operate a motor vehicle a closure is the best option to ensure the saf… "}
{"tweet_id":841794007902654464,"created_unixtime":1489534305917,"created_time":"Tue Mar 14 23:31:45 +0000 2017","lang":"es","displayname":"JavierLohan","time_zone":"Madrid","msg":"Estoy sad pero ya se sabe que estoy sad entonces bueno hola"}
{"tweet_id":841794007801970691,"created_unixtime":1489534305893,"created_time":"Tue Mar 14 23:31:45 +0000 2017","lang":"en","displayname":"April_May004","time_zone":"Quito","msg":"Happy Birthday to my Pops 🎁🎈This guy is so fucking coolone of my best friends 🤗 https//tco/Ydsrc1MrT1"}
{"tweet_id":841794006702931968,"created_unixtime":1489534305631,"created_time":"Tue Mar 14 23:31:45 +0000 2017","lang":"en","displayname":"OhLissuhh","time_zone":"Alaska","msg":"So after hanging out with him all day Ive noticed that he doesnt look or seem as happy as he used to and that ma… https//tco/Bc0vl7kPW4"}
{"tweet_id":841794008460353536,"created_unixtime":1489534306050,"created_time":"Tue Mar 14 23:31:46 +0000 2017","lang":"en","displayname":"KristelAlagon","time_zone":"Pacific Time (US & Canada)","msg":"RT SoFunnyTexts me hey Im actually happy with my life right now everything is going okay stress https//tco/ouJrHHPFmZ"}
{"tweet_id":841794008749867009,"created_unixtime":1489534306119,"created_time":"Tue Mar 14 23:31:46 +0000 2017","lang":"und","displayname":"wash_n_dry","time_zone":"Eastern Time (US & Canada)","msg":"RT vxrbxl happy π day🍴💖 https//tco/HzFW5nCfiA"}
{"tweet_id":841794009286696960,"created_unixtime":1489534306247,"created_time":"Tue Mar 14 23:31:46 +0000 2017","lang":"ja","displayname":"ki9o_tsuki","time_zone":"","msg":"RT tsukiuta1 ☆Happy White Day②☆新「もうすぐ春だよーあったかくなってきたから眠いよー君の愛に包まれて眠ります」葵「こらこら（苦笑）。いつもありがとうございます！」※DLOK※壁紙などマナーを守って使ってくださいね https//t…"}
{"tweet_id":841794007088922625,"created_unixtime":1489534305723,"created_time":"Tue Mar 14 23:31:45 +0000 2017","lang":"en","displayname":"BrexitBytes","time_zone":"London","msg":"Echo76 Im happy to wait for your answer Have a scroll Let me know when you find it"}
{"tweet_id":841794009278349313,"created_unixtime":1489534306245,"created_time":"Tue Mar 14 23:31:46 +0000 2017","lang":"en","displayname":"michaelsky12","time_zone":"","msg":"RT michaelsky12 HeidiStea Happy Day🍂🌸🐝👒🌺💫🌸🍂🌺💫💐🍂🌺🌸🐝💫🐝🌺🍂💐 https//tco/f0lj3SHiWD"}
{"tweet_id":841794009345470467,"created_unixtime":1489534306261,"created_time":"Tue Mar 14 23:31:46 +0000 2017","lang":"en","displayname":"thebrokenravens","time_zone":"London","msg":"Happy Birthday to Dave Maciverlate in the day we knowThe man behind the kilt Toby performed in at Belladrum https//tco/gHUAwQg6p5"}
{"tweet_id":841794009408405504,"created_unixtime":1489534306276,"created_time":"Tue Mar 14 23:31:46 +0000 2017","lang":"en","displayname":"kc4___","time_zone":"Eastern Time (US & Canada)","msg":"To matter forever you need to matter to those who dont care And if that strikes you as sad be sad"}
{"tweet_id":841794009492254721,"created_unixtime":1489534306296,"created_time":"Tue Mar 14 23:31:46 +0000 2017","lang":"en","displayname":"BeginneRAGES","time_zone":"Eastern Time (US & Canada)","msg":"RT OMGLove_ Sad that eventually you gotta change up your genuine big hearted ways so people will stop walking all over you and treating…"}
{"tweet_id":841794009186111488,"created_unixtime":1489534306223,"created_time":"Tue Mar 14 23:31:46 +0000 2017","lang":"en","displayname":"LiberalMunky","time_zone":"Central Time (US & Canada)","msg":"RT HRCremembered In a min Ill start posting long thread abt Putins cyber invasion amp HRCs loss Will use pics like this so if ur… "}
{"tweet_id":841794009668313089,"created_unixtime":1489534306338,"created_time":"Tue Mar 14 23:31:46 +0000 2017","lang":"ja","displayname":"nanako_0315bcd","time_zone":"","msg":"RT anju_nishinoke nanako_0315bcd Always very cuteな菜々子 Happy Birthday💓🎉可愛いと面白いとのギャップを兼ね備えてる菜々子ほんまに最高⭐これからもチア頑張ってね💪✨菜々子のキラキラ演技楽しみにしてる🌹…"}
{"tweet_id":841793990227857408,"created_unixtime":1489534301703,"created_time":"Tue Mar 14 23:31:41 +0000 2017","lang":"en","displayname":"stylespoetry","time_zone":"Santiago","msg":"dear Harry_Styles keep smiling cause your smile makes me smile Thank you for making me so happy mind following me Love you ♡ — 13159"}
{"tweet_id":841794010280673281,"created_unixtime":1489534306484,"created_time":"Tue Mar 14 23:31:46 +0000 2017","lang":"ja","displayname":"omocheese0909","time_zone":"","msg":"RT poteto_rubyi 園田海未生誕祭2017 ぽっぴん加工海未ちゃん happy birthday‼️🎂🎂海未ちゃんアイコン配布です！ https//tco/BySEyTTCgE"}
{"tweet_id":841794009882341376,"created_unixtime":1489534306389,"created_time":"Tue Mar 14 23:31:46 +0000 2017","lang":"und","displayname":"QueenTalkSwan2","time_zone":"","msg":"https//tco/BC1NNhz2K5 https//tco/J52WApabMk"}
{"tweet_id":841794010326941696,"created_unixtime":1489534306495,"created_time":"Tue Mar 14 23:31:46 +0000 2017","lang":"en","displayname":"SoulOfRoseC","time_zone":"Eastern Time (US & Canada)","msg":"RT BobbyBellafonte You gotta be with ppl who make you happy  and sometimes that could be a person whos been in your face the whole…"}
{"tweet_id":841794010217873408,"created_unixtime":1489534306469,"created_time":"Tue Mar 14 23:31:46 +0000 2017","lang":"en","displayname":"super_dad_","time_zone":"","msg":"smh Mulan saved all of China and was still sad bc some dank ass Donny Osmond who didnt kill anyone didnt kiss her"}
{"tweet_id":841794009592868864,"created_unixtime":1489534306320,"created_time":"Tue Mar 14 23:31:46 +0000 2017","lang":"en","displayname":"donshobiyi","time_zone":"Paris","msg":"S/O Of The Day Happy Birthday To Olamide AKA BaddoSneh [Drop Your Wishes] https//tco/gEI7nQjpaI https//tco/lfyH5yrq2P"}
{"tweet_id":841794010591166464,"created_unixtime":1489534306558,"created_time":"Tue Mar 14 23:31:46 +0000 2017","lang":"en","displayname":"thisisky__","time_zone":"","msg":"RT ayianA__ Happy birthday thisisky__ 💗🎉 love you ky 🎉"}
{"tweet_id":841794010553421824,"created_unixtime":1489534306549,"created_time":"Tue Mar 14 23:31:46 +0000 2017","lang":"en","displayname":"lianbailey","time_zone":"","msg":"Real Question Are babies born sad"}
{"tweet_id":841794010742157312,"created_unixtime":1489534306594,"created_time":"Tue Mar 14 23:31:46 +0000 2017","lang":"en","displayname":"CherryBDolan","time_zone":"","msg":"RT EthanDolan happy tuesday todays vid is gonna be super different 😬"}
{"tweet_id":841794010763124737,"created_unixtime":1489534306599,"created_time":"Tue Mar 14 23:31:46 +0000 2017","lang":"en","displayname":"SandrinaMurgolo","time_zone":"","msg":"RT TheSimpsons Chips ahoy By which we dont mean cookies Happy NationalPotatoChipDay Check out the full clip here… "}
{"tweet_id":841794010335330304,"created_unixtime":1489534306497,"created_time":"Tue Mar 14 23:31:46 +0000 2017","lang":"en","displayname":"townsendkyle03","time_zone":"Pacific Time (US & Canada)","msg":"throw baccckkkkk 😂 Thanks fam https//tco/OUovrG3DG2"}
{"tweet_id":841794010725376000,"created_unixtime":1489534306590,"created_time":"Tue Mar 14 23:31:46 +0000 2017","lang":"en","displayname":"_hondiine_","time_zone":"Pacific Time (US & Canada)","msg":"RT yoongibts bts episode HAPPY WHITE DAY FROM BTS 1 taehyung https//tco/DZZZsEiW4U"}
{"tweet_id":841794010754646016,"created_unixtime":1489534306597,"created_time":"Tue Mar 14 23:31:46 +0000 2017","lang":"ja","displayname":"orora1902","time_zone":"Tokyo","msg":"RT BELCORNO ラテアート【園田海未】＠ラブライブ！LatteArt【Umi Sonoda】＠ Love Live本日お誕生日で一杯。Happy Birthday作成動画：https//tco/M7aP8M7SKK… "}
{"tweet_id":841794011220312064,"created_unixtime":1489534306708,"created_time":"Tue Mar 14 23:31:46 +0000 2017","lang":"en","displayname":"h_sedaghat","time_zone":"","msg":"RT NASA Its PiDay It may be irrational but pi plays an important role in the work of scientists at NASA… "}
{"tweet_id":841794011597815809,"created_unixtime":1489534306798,"created_time":"Tue Mar 14 23:31:46 +0000 2017","lang":"en","displayname":"Joepots1","time_zone":"America/New_York","msg":"Sad story https//tco/2ITYMk4hOI"}
{"tweet_id":841794011568443394,"created_unixtime":1489534306791,"created_time":"Tue Mar 14 23:31:46 +0000 2017","lang":"en","displayname":"amyrace_","time_zone":"","msg":"RT _taylorebert Happy birthday to my best friend since fifth grade I hope sixteen treats you well❤🎉 amyrace_ https//tco/Ry3WjBx3Tr"}
{"tweet_id":841794012176621568,"created_unixtime":1489534306936,"created_time":"Tue Mar 14 23:31:46 +0000 2017","lang":"en","displayname":"lacew_16","time_zone":"","msg":"Simone_Biles Happy bday and pi day"}
{"tweet_id":841794012298280962,"created_unixtime":1489534306965,"created_time":"Tue Mar 14 23:31:46 +0000 2017","lang":"en","displayname":"covercar77","time_zone":"Brasilia","msg":"RT MMasuzaki covercar77 Hi Happy day dear friend ✋"}
{"tweet_id":841794012847587328,"created_unixtime":1489534307096,"created_time":"Tue Mar 14 23:31:47 +0000 2017","lang":"en","displayname":"MisiahTaib","time_zone":"Kuala Lumpur","msg":"RT norainiahmad67 Happy moments celebrating CommonwealthDay Malaysia Parliament CPA_Secretariat https//tco/b6ojXbZCHC"}
{"tweet_id":841794012713480192,"created_unixtime":1489534307064,"created_time":"Tue Mar 14 23:31:47 +0000 2017","lang":"de","displayname":"MVPorToo","time_zone":"Bern","msg":"Arcitys ScreezeCoD CesarSlays CCuuzaaq sad deutsche com"}
{"tweet_id":841794012830883840,"created_unixtime":1489534307092,"created_time":"Tue Mar 14 23:31:47 +0000 2017","lang":"en","displayname":"sorryimnotholly","time_zone":"Pacific Time (US & Canada)","msg":"RT nicholasmegalis Happy PiDay from DavidBowieReal https//tco/t50dYiZOXy"}
{"tweet_id":841794012759617536,"created_unixtime":1489534307075,"created_time":"Tue Mar 14 23:31:47 +0000 2017","lang":"en","displayname":"Ksummms","time_zone":"Eastern Time (US & Canada)","msg":"Happy birthday dude  DPecsi"}
{"tweet_id":841794012474306560,"created_unixtime":1489534307007,"created_time":"Tue Mar 14 23:31:47 +0000 2017","lang":"en","displayname":"lekanadeoba","time_zone":"Amsterdam","msg":"LeksiteS/O Of The Day Happy Birthday To Olamide AKA BaddoSneh [Drop Your Wishes] https//tco/qX5i2Muc26 https//tco/8frF4zWq3H"}
{"tweet_id":841794013392863233,"created_unixtime":1489534307226,"created_time":"Tue Mar 14 23:31:47 +0000 2017","lang":"en","displayname":"Calicokittycat","time_zone":"Pacific Time (US & Canada)","msg":"Happy PiDay   And may the deserving have the appropriate one in their face"}
{"tweet_id":841794013007081472,"created_unixtime":1489534307134,"created_time":"Tue Mar 14 23:31:47 +0000 2017","lang":"en","displayname":"IWingdogie","time_zone":"Central Time (US & Canada)","msg":"RT MSHPTrooperF Happy PiDay Remember to obey all traffic laws dont text and drive and to always buckle up https//tco/JmklNs1suR"}
{"tweet_id":841794013720072192,"created_unixtime":1489534307304,"created_time":"Tue Mar 14 23:31:47 +0000 2017","lang":"en","displayname":"hallucinatedhes","time_zone":"Arizona","msg":"IM SO ANGRY AND SAD"}
{"tweet_id":841794012952592384,"created_unixtime":1489534307121,"created_time":"Tue Mar 14 23:31:47 +0000 2017","lang":"en","displayname":"storwriting","time_zone":"","msg":"RT MTV Happy Birthday AnselElgort 💗 https//tco/zVnwSPCuRn"}
{"tweet_id":841794013468475393,"created_unixtime":1489534307244,"created_time":"Tue Mar 14 23:31:47 +0000 2017","lang":"en","displayname":"_XKayee","time_zone":"Atlantic Time (Canada)","msg":"RT DiorDeezy Happy International Womens Day 🚺🔬 https//tco/4WB3zCz3JX"}
{"tweet_id":841794014089162752,"created_unixtime":1489534307392,"created_time":"Tue Mar 14 23:31:47 +0000 2017","lang":"en","displayname":"JustinLontok","time_zone":"Arizona","msg":"RT tellier_tristan happy pi day 314 https//tco/NlsXaGygCy"}
{"tweet_id":841794014386905088,"created_unixtime":1489534307463,"created_time":"Tue Mar 14 23:31:47 +0000 2017","lang":"en","displayname":"cynnmarie7","time_zone":"Mountain Time (US & Canada)","msg":"RT DiorDeezy Happy holidays 314Day https//tco/XPczHuVRMO"}
{"tweet_id":841794013963386880,"created_unixtime":1489534307362,"created_time":"Tue Mar 14 23:31:47 +0000 2017","lang":"en","displayname":"Iinktothepast","time_zone":"London","msg":"RT comicbookspost Happy birthday to the Queen of Gotham Selina Kyle 🎉💎 https//tco/uLtj1UGy1I"}
{"tweet_id":841794014768586753,"created_unixtime":1489534307554,"created_time":"Tue Mar 14 23:31:47 +0000 2017","lang":"ja","displayname":"i_Love_Live_Eli","time_zone":"","msg":"RT WakaOofusa 海未ちゃんHappy Birthday🎊🎉🎂ラブアローシュート🏹💞園田海未生誕祭2017 3月15日は園田海未の誕生日 RTした人全員フォローする ラブライバーと繋がりたい いいねした人全員フォローする https//t…"}
{"tweet_id":841794015062183936,"created_unixtime":1489534307624,"created_time":"Tue Mar 14 23:31:47 +0000 2017","lang":"ja","displayname":"Rina38Mcz","time_zone":"","msg":"volley_mintion ゆあはっ😍🎁Happy🎉Birthday🎂中1の頃めっちゃ仲よかったの懐かしい~🙈💕 こんどあそぼっっ♪"}
{"tweet_id":841794014869364736,"created_unixtime":1489534307578,"created_time":"Tue Mar 14 23:31:47 +0000 2017","lang":"en","displayname":"alydaigre","time_zone":"Central Time (US & Canada)","msg":"RT ThatsJANE__ All that love and loyalty we try to give niggas just give it to yourself watch how happy you end up 😘"}
{"tweet_id":841793999534972928,"created_unixtime":1489534303922,"created_time":"Tue Mar 14 23:31:43 +0000 2017","lang":"en","displayname":"mad_blues64","time_zone":"","msg":"RT badpostbatfam Happy birthday to Selina Kyle aka Catwoman 🐱🎉 https//tco/Q5QrnrGQBu"}
{"tweet_id":841794015511031808,"created_unixtime":1489534307731,"created_time":"Tue Mar 14 23:31:47 +0000 2017","lang":"ja","displayname":"ki9o_tsuki","time_zone":"","msg":"RT tsukiuta1 ☆Happy White Day③☆恋「俺たちにプランを任せて頂ければ、笑いの耐えないデートをご提供してみせます！」駆「そして体重１kgはかたい」恋「フラれるヤツ…！」※DLOK※壁紙などマナーを守って使ってくださいね https/…"}
{"tweet_id":841794015230074881,"created_unixtime":1489534307664,"created_time":"Tue Mar 14 23:31:47 +0000 2017","lang":"en","displayname":"SavedSinner_","time_zone":"Eastern Time (US & Canada)","msg":"Seeing Rasheeda break down like that is sad so smh That hurt my heart so bad"}
{"tweet_id":841794014898724864,"created_unixtime":1489534307585,"created_time":"Tue Mar 14 23:31:47 +0000 2017","lang":"en","displayname":"jameschurchman","time_zone":"London","msg":"RT mcmelectronics Happy Pi Day 314 off Raspberry Pi 3 limit 3 Also 15 off selected Pi accessories https//tco/oR5X1EirO9 raspberr…"}
{"tweet_id":841794014835687424,"created_unixtime":1489534307570,"created_time":"Tue Mar 14 23:31:47 +0000 2017","lang":"en","displayname":"DJFlashAshana","time_zone":"","msg":"S/O Of The Day Happy Birthday To Olamide AKA BaddoSneh [Drop Your Wishes] https//tco/i4ykiAQYXi https//tco/UQkXUIW13S"}
{"tweet_id":841794015548719104,"created_unixtime":1489534307740,"created_time":"Tue Mar 14 23:31:47 +0000 2017","lang":"ja","displayname":"B5gvIh2","time_zone":"","msg":"RT NBA_CURRRY1 【ステフィン・カリー30】HAPPY 29TH BIRTHDAY🎂🎉バスケットボール選手としても人としても憧れです‼︎ https//tco/nKj4U8pxma"}
{"tweet_id":841794015280287748,"created_unixtime":1489534307676,"created_time":"Tue Mar 14 23:31:47 +0000 2017","lang":"en","displayname":"Omogbadebowale","time_zone":"","msg":"S/O Of The Day Happy Birthday To Olamide AKA BaddoSneh [Drop Your Wishes] https//tco/48cmuWumuz https//tco/Orbi4gxtO4"}
{"tweet_id":841794015838232579,"created_unixtime":1489534307809,"created_time":"Tue Mar 14 23:31:47 +0000 2017","lang":"en","displayname":"expIicitzouiss","time_zone":"Eastern Time (US & Canada)","msg":"RT hxrrylittlepill Happy Birthday Z Thank you for making me happy Love u infinitelyzaynmalikHappyBirthdayZayn24DetailsOfZayn h…"}
{"tweet_id":841794016333185026,"created_unixtime":1489534307927,"created_time":"Tue Mar 14 23:31:47 +0000 2017","lang":"en","displayname":"mrleeahenderson","time_zone":"Central Time (US & Canada)","msg":"RT samkalidi Happy Pi Day https//tco/nrfirnHPXQ"}
{"tweet_id":841794004660420609,"created_unixtime":1489534305144,"created_time":"Tue Mar 14 23:31:45 +0000 2017","lang":"en","displayname":"hyuu_hy97","time_zone":"Eastern Time (US & Canada)","msg":"n4391 AND I KNOW ALL CHRONOS MAKE YOU HAPPY"}
{"tweet_id":841794004106764288,"created_unixtime":1489534305012,"created_time":"Tue Mar 14 23:31:45 +0000 2017","lang":"en","displayname":"SidneyGleason","time_zone":"","msg":"RT TheEllenShow Happy PiDay https//tco/CnXZht25DU"}
{"tweet_id":841794004677218304,"created_unixtime":1489534305148,"created_time":"Tue Mar 14 23:31:45 +0000 2017","lang":"en","displayname":"_WildeOne_","time_zone":"","msg":"RT mickchickk Happy birthday honey You have been such a blessing in my life the past months Never stop being yourself Heres t… "}
{"tweet_id":841794017025232896,"created_unixtime":1489534308092,"created_time":"Tue Mar 14 23:31:48 +0000 2017","lang":"en","displayname":"HZHackenbush","time_zone":"Eastern Time (US & Canada)","msg":"RT Calvinn_Hobbes Happy 🍕 PiDay https//tco/UpLBGER3ZF"}
{"tweet_id":841794016995766274,"created_unixtime":1489534308085,"created_time":"Tue Mar 14 23:31:48 +0000 2017","lang":"en","displayname":"funky2118","time_zone":"","msg":"RT tellier_tristan happy pi day 314 https//tco/NlsXaGygCy"}
{"tweet_id":841794017067180032,"created_unixtime":1489534308102,"created_time":"Tue Mar 14 23:31:48 +0000 2017","lang":"en","displayname":"sstambau","time_zone":"Central Time (US & Canada)","msg":"RT AlphaDeltaPi Happy Pi Day sisters 🦁🔹 https//tco/PX37qkm6zU"}
{"tweet_id":841794017297891328,"created_unixtime":1489534308157,"created_time":"Tue Mar 14 23:31:48 +0000 2017","lang":"en","displayname":"BigOldCodger","time_zone":"Eastern Time (US & Canada)","msg":"RT kimbo_slice1222 Happy Birthday to the funniest set of twins BigOldCodger amp elfrostytaquito I hope college life is treating you bo…"}
{"tweet_id":841794016802963456,"created_unixtime":1489534308039,"created_time":"Tue Mar 14 23:31:48 +0000 2017","lang":"und","displayname":"_pharouque_","time_zone":"","msg":"RT tasliemah_ Hmm https//tco/va6VWcInyu"}
{"tweet_id":841794016874266624,"created_unixtime":1489534308056,"created_time":"Tue Mar 14 23:31:48 +0000 2017","lang":"en","displayname":"1theh8","time_zone":"Eastern Time (US & Canada)","msg":"RT fantagiogroup [아스트로] 20170315 HAPPY BIRTHDAY JINJIN♥https//tco/V5gCN4Og73ASTRO JINJIN 진진 HAPPYJINJINDAY💕 https//tco/wheN9y…"}
{"tweet_id":841794017578823680,"created_unixtime":1489534308224,"created_time":"Tue Mar 14 23:31:48 +0000 2017","lang":"en","displayname":"sarahkrohman","time_zone":"","msg":"RT RickyPDillon Happy pi day https//tco/PyJRimk7d3"}
{"tweet_id":841794016597430272,"created_unixtime":1489534307990,"created_time":"Tue Mar 14 23:31:47 +0000 2017","lang":"en","displayname":"DamnSaha","time_zone":"","msg":"RT jay_g__ Because your meal 7999 so he tryna manage his pockets to make you happy 🙄 https//tco/6sJt7FY1wr"}
{"tweet_id":841794017754931200,"created_unixtime":1489534308266,"created_time":"Tue Mar 14 23:31:48 +0000 2017","lang":"ja","displayname":"kazz615","time_zone":"Tokyo","msg":"RT cowengium 海未ちゃんHappy Birthday！！ 園田海未生誕祭2017 https//tco/BOrvt6LlXf"}
{"tweet_id":841794017419530240,"created_unixtime":1489534308186,"created_time":"Tue Mar 14 23:31:48 +0000 2017","lang":"en","displayname":"AnnthoCastro","time_zone":"Santiago","msg":"RT bts_bighit [Episode] HAPPY WHITE DAY FROM BTS 1 https//tco/Kk7XrnfG3x2 https//tco/dUxXeGBvhG"}
{"tweet_id":841794017859784704,"created_unixtime":1489534308291,"created_time":"Tue Mar 14 23:31:48 +0000 2017","lang":"en","displayname":"ChipDoudie2","time_zone":"Pacific Time (US & Canada)","msg":"RT Panthers Happy Birthday to Panthers fan StephenCurry30 🎉 https//tco/IqYeQMedSF"}
