{"tweet_id":841809995041669120,"created_unixtime":1489538117548,"created_time":"Wed Mar 15 00:35:17 +0000 2017","lang":"en","displayname":"JordynxJade","time_zone":"Pacific Time (US & Canada)","msg":"oh my god this is me and Lissa https//tco/mo9rRKcMnF"}
{"tweet_id":841809992198066177,"created_unixtime":1489538116870,"created_time":"Wed Mar 15 00:35:16 +0000 2017","lang":"en","displayname":"DeannaSadler","time_zone":"","msg":"Happy birthday sweet baby chayleneeem ily ily ily 💓🎀 https//tco/ldbSouIkYe"}
{"tweet_id":841809995679305730,"created_unixtime":1489538117700,"created_time":"Wed Mar 15 00:35:17 +0000 2017","lang":"en","displayname":"lexi2215xo","time_zone":"","msg":"Im really happy  the point Im in my life rn 😊😁"}
{"tweet_id":841809996161544192,"created_unixtime":1489538117815,"created_time":"Wed Mar 15 00:35:17 +0000 2017","lang":"ja","displayname":"tatsurhythm614","time_zone":"","msg":"RT magisa_110 🎊Happy Birthday海未ちゃん🎊 園田海未生誕祭2017 3月15日は園田海未の誕生日 祝う人RT RTした人全員フォローする https//tco/BkSdNrig7H"}
{"tweet_id":841809996081950720,"created_unixtime":1489538117796,"created_time":"Wed Mar 15 00:35:17 +0000 2017","lang":"en","displayname":"freespiritmom8","time_zone":"Central Time (US & Canada)","msg":"RT MomItForward Q6 DOES FOOD MAKE YOU HAPPY WHAT DISHES MAKE YOU THE HAPPIEST AvoHappiness GNO PLS RT"}
{"tweet_id":841809996199432192,"created_unixtime":1489538117824,"created_time":"Wed Mar 15 00:35:17 +0000 2017","lang":"en","displayname":"tryhardlads","time_zone":"London","msg":"RT hidden saying im tired when youre actually sad"}
{"tweet_id":841809996417490946,"created_unixtime":1489538117876,"created_time":"Wed Mar 15 00:35:17 +0000 2017","lang":"en","displayname":"IsaacPalmer9","time_zone":"","msg":"Truth https//tco/X9qgyruT9k"}
{"tweet_id":841809997419974656,"created_unixtime":1489538118115,"created_time":"Wed Mar 15 00:35:18 +0000 2017","lang":"en","displayname":"Rickitahhh","time_zone":"Eastern Time (US & Canada)","msg":"I missed your birthday 😒 happy belated birthday morgannmathis13  😘 I miss your annoying self 😂"}
{"tweet_id":841809997512216577,"created_unixtime":1489538118137,"created_time":"Wed Mar 15 00:35:18 +0000 2017","lang":"en","displayname":"aminaincognito","time_zone":"Pacific Time (US & Canada)","msg":"Happy birthday to my fiancé sa_x0 👫❤"}
{"tweet_id":841809997675794432,"created_unixtime":1489538118176,"created_time":"Wed Mar 15 00:35:18 +0000 2017","lang":"en","displayname":"_tommosglow","time_zone":"Santiago","msg":"Louis_Tomlinson you never fail at making me happy"}
{"tweet_id":841809997403156481,"created_unixtime":1489538118111,"created_time":"Wed Mar 15 00:35:18 +0000 2017","lang":"en","displayname":"LynleyBall","time_zone":"Hawaii","msg":"12 Tricks To Make Your Girl Happy Are Revealed 3 Is So Obvious https//tco/eOKh9jz6g1"}
{"tweet_id":841809997482754049,"created_unixtime":1489538118130,"created_time":"Wed Mar 15 00:35:18 +0000 2017","lang":"en","displayname":"XekeDeath","time_zone":"Melbourne","msg":"ITS LainZer0 DAYHAPPY LAIN ZERO DAYhttps//tco/XH8jOtwmwO"}
{"tweet_id":841809998359482368,"created_unixtime":1489538118339,"created_time":"Wed Mar 15 00:35:18 +0000 2017","lang":"en","displayname":"ashleygardner99","time_zone":"","msg":"RT MeninistTweet Happy pi dayThe Falcons blew a 283 lead314283  31the warriors blew a 31 lead in the NBA Finals"}
{"tweet_id":841809997944225792,"created_unixtime":1489538118240,"created_time":"Wed Mar 15 00:35:18 +0000 2017","lang":"en","displayname":"footy56","time_zone":"Pacific Time (US & Canada)","msg":"RT QueenMavisDavis Happy PiDay Make math great again https//tco/67GW9OsrKb"}
{"tweet_id":841809998581780480,"created_unixtime":1489538118392,"created_time":"Wed Mar 15 00:35:18 +0000 2017","lang":"en","displayname":"jayymarren","time_zone":"","msg":"RT kreider_lilli Happy 17th pretty girl💓 jayymarren"}
{"tweet_id":841809998783107072,"created_unixtime":1489538118440,"created_time":"Wed Mar 15 00:35:18 +0000 2017","lang":"en","displayname":"lovelylebleu","time_zone":"","msg":"RT taytaydianee its so easy to make me happy lets take a nap go somewhere go eat pick flowers as long as im with the right person…"}
{"tweet_id":841809999416311808,"created_unixtime":1489538118591,"created_time":"Wed Mar 15 00:35:18 +0000 2017","lang":"en","displayname":"kanade_en","time_zone":"London","msg":"The SSS invited me to go fishing with them i am so happy"}
{"tweet_id":841809999303200768,"created_unixtime":1489538118564,"created_time":"Wed Mar 15 00:35:18 +0000 2017","lang":"en","displayname":"bychristinebswk","time_zone":"Central Time (US & Canada)","msg":"joemamma_1 MaryMarbach th3j35t3r MasterMarquette ericgarland ok well good for J Should I clap or something 👏happy"}
{"tweet_id":841809999621963776,"created_unixtime":1489538118640,"created_time":"Wed Mar 15 00:35:18 +0000 2017","lang":"en","displayname":"ErinRecruiting","time_zone":"Eastern Time (US & Canada)","msg":"RT RecruitingWhiz Austin ATT Job offers seeking acceptance for a long lasting happy career relationship by those who like to talk… "}
{"tweet_id":841809999718371328,"created_unixtime":1489538118663,"created_time":"Wed Mar 15 00:35:18 +0000 2017","lang":"en","displayname":"oshanada","time_zone":"Pacific Time (US & Canada)","msg":"RT _iceties A very happy 11th birthday to our Director of Tie Safety https//tco/UeGndw44AJ"}
{"tweet_id":841810000506892289,"created_unixtime":1489538118851,"created_time":"Wed Mar 15 00:35:18 +0000 2017","lang":"en","displayname":"StephanieArduo","time_zone":"Pacific Time (US & Canada)","msg":"RT MomItForward Q6 DOES FOOD MAKE YOU HAPPY WHAT DISHES MAKE YOU THE HAPPIEST AvoHappiness GNO PLS RT"}
{"tweet_id":841810000150446081,"created_unixtime":1489538118766,"created_time":"Wed Mar 15 00:35:18 +0000 2017","lang":"en","displayname":"_Jack_Booth_","time_zone":"","msg":"RT RapSpotlights RT if youre happy that Kodak Black is out and making new music 🔥 https//tco/8wyxkj92Su"}
{"tweet_id":841810000347557888,"created_unixtime":1489538118813,"created_time":"Wed Mar 15 00:35:18 +0000 2017","lang":"en","displayname":"IceCard25","time_zone":"","msg":"RT OnlyInColorado Happy ColoradoStyle  PiDay piday2017 Rockies RoxWin🤚🤛🌵⚾️BSNRockiesPurplePride SpringBaseballColoRADo… "}
{"tweet_id":841810000158814208,"created_unixtime":1489538118768,"created_time":"Wed Mar 15 00:35:18 +0000 2017","lang":"und","displayname":"bastardo_milano","time_zone":"","msg":"💝💝💝💝💝 https//tco/uuv3r60Pho"}
{"tweet_id":841810000527806465,"created_unixtime":1489538118856,"created_time":"Wed Mar 15 00:35:18 +0000 2017","lang":"en","displayname":"rish_ella","time_zone":"","msg":"RT maywardUn Happy si Edward MBMayWard"}
{"tweet_id":841810000053972992,"created_unixtime":1489538118743,"created_time":"Wed Mar 15 00:35:18 +0000 2017","lang":"en","displayname":"SweetSweetHazza","time_zone":"Pacific Time (US & Canada)","msg":"Harry_Styles Youre the reason of my smile I love you and Im proud of you I would be very happy if you follow me one day ❤️  757"}
{"tweet_id":841810000460808192,"created_unixtime":1489538118840,"created_time":"Wed Mar 15 00:35:18 +0000 2017","lang":"en","displayname":"SilasSitri","time_zone":"","msg":"PhlTheGamer and won a giveaway held by FaZeStare excited but since the announcement there has been no communication helpless sad SCAM"}
{"tweet_id":841810000565702656,"created_unixtime":1489538118865,"created_time":"Wed Mar 15 00:35:18 +0000 2017","lang":"en","displayname":"Schoondizzle33","time_zone":"Mazatlan","msg":"Even in the darkest of times theres hope If you are sad lonely depressed or feel alone dont worry Youll be happy again Keep fighting"}
{"tweet_id":841810000699904001,"created_unixtime":1489538118897,"created_time":"Wed Mar 15 00:35:18 +0000 2017","lang":"en","displayname":"gypsy_soul__","time_zone":"","msg":"Soooo happy Luke Bryan Thursday😩😩😩😩😘😘😘"}
{"tweet_id":841810000909598721,"created_unixtime":1489538118947,"created_time":"Wed Mar 15 00:35:18 +0000 2017","lang":"en","displayname":"zaa_n9ne","time_zone":"Pacific Time (US & Canada)","msg":"RT _vinevinee So happy Im naturally pretty amp dont need makeup😊"}
{"tweet_id":841810000917929984,"created_unixtime":1489538118949,"created_time":"Wed Mar 15 00:35:18 +0000 2017","lang":"en","displayname":"kyylaaah","time_zone":"","msg":"RT BillNye Happy 314 Day peoples"}
{"tweet_id":841810001207390208,"created_unixtime":1489538119018,"created_time":"Wed Mar 15 00:35:19 +0000 2017","lang":"en","displayname":"drugisvisual","time_zone":"","msg":"do u ever lay in bed and get really sad about ur favorite person bc theyre not in the bed with u"}
{"tweet_id":841810000494252032,"created_unixtime":1489538118848,"created_time":"Wed Mar 15 00:35:18 +0000 2017","lang":"en","displayname":"yastan9","time_zone":"","msg":"RT WeLoveJaDine Happy third Anniversary JaDineLand 💜LetOurPurpleHeartsShineAt3 EL"}
{"tweet_id":841810001593270272,"created_unixtime":1489538119110,"created_time":"Wed Mar 15 00:35:19 +0000 2017","lang":"en","displayname":"Temoah150","time_zone":"Eastern Time (US & Canada)","msg":"You miss those happy days girl Well that makes two of us Drake voice "}
{"tweet_id":841810001362579456,"created_unixtime":1489538119055,"created_time":"Wed Mar 15 00:35:19 +0000 2017","lang":"en","displayname":"Cwhernandez","time_zone":"Quito","msg":"Im just happy MaryseMizanin is being given more to do Such a great Heel talent sdlive"}
{"tweet_id":841810001601650688,"created_unixtime":1489538119112,"created_time":"Wed Mar 15 00:35:19 +0000 2017","lang":"en","displayname":"PreguntaMama","time_zone":"Caracas","msg":"RT MOMITFORWARD Q6 DOES FOOD MAKE YOU HAPPY WHAT DISHES MAKE YOU THE HAPPIEST AvoHappiness GNO PLS RT"}
{"tweet_id":841810001618337792,"created_unixtime":1489538119116,"created_time":"Wed Mar 15 00:35:19 +0000 2017","lang":"en","displayname":"_barittt","time_zone":"Krasnoyarsk","msg":"RT marIboros you could spend 0 on me and I’d be happy af just spending time with you"}
{"tweet_id":841810001266110464,"created_unixtime":1489538119032,"created_time":"Wed Mar 15 00:35:19 +0000 2017","lang":"en","displayname":"elhammertoe1","time_zone":"","msg":"RT Luv_Curvs Had to ditch those damn pantiesjust wasnt feelin them today 😊 Happy MILFMonday https//tco/QMJdQLWlG2"}
{"tweet_id":841810001652027392,"created_unixtime":1489538119124,"created_time":"Wed Mar 15 00:35:19 +0000 2017","lang":"en","displayname":"PimppD__","time_zone":"Eastern Time (US & Canada)","msg":"RT JustyFBaby Greatest happy birthday wish Ive ever seen https//tco/UrlPQdhFpt"}
{"tweet_id":841810002151059456,"created_unixtime":1489538119243,"created_time":"Wed Mar 15 00:35:19 +0000 2017","lang":"en","displayname":"monicaa_pangco","time_zone":"","msg":"happy birthday 💛💛 allaaayyy"}
{"tweet_id":841810001329041408,"created_unixtime":1489538119047,"created_time":"Wed Mar 15 00:35:19 +0000 2017","lang":"en","displayname":"5thfloorschool","time_zone":"","msg":"happy pi day https//tco/AgN3vZsj1Q"}
{"tweet_id":841810001958195202,"created_unixtime":1489538119197,"created_time":"Wed Mar 15 00:35:19 +0000 2017","lang":"en","displayname":"BeyarKonst","time_zone":"Stockholm","msg":"RT karanjohar Happy birthday to the box office magnet RohitShetty have a blockbuster year https//tco/w9QGySVzuQ"}
{"tweet_id":841810002021093376,"created_unixtime":1489538119212,"created_time":"Wed Mar 15 00:35:19 +0000 2017","lang":"en","displayname":"DeNajaa_","time_zone":"Hawaii","msg":"RT Parajae__ He knows just how to keep me happy ❤️ https//tco/g68jrAklVv"}
{"tweet_id":841810002121646080,"created_unixtime":1489538119236,"created_time":"Wed Mar 15 00:35:19 +0000 2017","lang":"en","displayname":"timetohammock","time_zone":"","msg":"gicelldiaz We would be happy to supply you with  a giving hammock https//tco/9OgVnLY6m8 use code TWITTER for a generous discount 🌎🌲"}
{"tweet_id":841810002369236992,"created_unixtime":1489538119295,"created_time":"Wed Mar 15 00:35:19 +0000 2017","lang":"en","displayname":"dorkysdeals","time_zone":"Eastern Time (US & Canada)","msg":"RT MOMITFORWARD Q6 DOES FOOD MAKE YOU HAPPY WHAT DISHES MAKE YOU THE HAPPIEST 🥑 AvoHappiness GNO PLS RT"}
{"tweet_id":841810002859900929,"created_unixtime":1489538119412,"created_time":"Wed Mar 15 00:35:19 +0000 2017","lang":"en","displayname":"AceHole23","time_zone":"Pacific Time (US & Canada)","msg":"Watching viallnicholas28 amp VanessaGrimaldi body language n how they spoke last night was AWKWARD They dont seem like a happy couple"}
{"tweet_id":841810002662850560,"created_unixtime":1489538119365,"created_time":"Wed Mar 15 00:35:19 +0000 2017","lang":"en","displayname":"hungrytio","time_zone":"Central Time (US & Canada)","msg":"Happy we got to go behindthescenes at Google and see the amazing chrisjsotelo work his video… https//tco/fQCALCfwNt"}
{"tweet_id":841810002843205632,"created_unixtime":1489538119408,"created_time":"Wed Mar 15 00:35:19 +0000 2017","lang":"en","displayname":"maddie_blaire","time_zone":"Eastern Time (US & Canada)","msg":"RT hidden saying im tired when youre actually sad"}
{"tweet_id":841810003317161984,"created_unixtime":1489538119521,"created_time":"Wed Mar 15 00:35:19 +0000 2017","lang":"en","displayname":"liseve91","time_zone":"","msg":"DarrenCriss could you wish my best friend AlonaDanger a very happy birthday"}
{"tweet_id":841810003333922817,"created_unixtime":1489538119525,"created_time":"Wed Mar 15 00:35:19 +0000 2017","lang":"pt","displayname":"ohwsxhun","time_zone":"Brasilia","msg":"sad and beautiful parabéns monsta x vai me fazer chorar https//tco/qDIvI9vu5W"}
{"tweet_id":841810003304566789,"created_unixtime":1489538119518,"created_time":"Wed Mar 15 00:35:19 +0000 2017","lang":"en","displayname":"LT38","time_zone":"Alaska","msg":"RT FedEx You say π we say pie Either way happy PiDay https//tco/A2KsHuJIAT"}
{"tweet_id":841810004059537410,"created_unixtime":1489538119698,"created_time":"Wed Mar 15 00:35:19 +0000 2017","lang":"en","displayname":"gogi4day","time_zone":"","msg":"sharonf1001 the Clinton clan r not religious nor believe n GOD  Sad their daughter has children 2 be raised by non believer"}
{"tweet_id":841810004172779520,"created_unixtime":1489538119725,"created_time":"Wed Mar 15 00:35:19 +0000 2017","lang":"en","displayname":"Ric_Mellon","time_zone":"Central Time (US & Canada)","msg":"RT JGuybee RacingMason13 Ric_Mellon Happy Birthday Mason"}
{"tweet_id":841810004533432320,"created_unixtime":1489538119811,"created_time":"Wed Mar 15 00:35:19 +0000 2017","lang":"en","displayname":"amyy_turner","time_zone":"London","msg":"caelanryan happy birthday have the best day so excited to come home and hang out with you again whenever that may be ❤️🎉"}
{"tweet_id":841810004877361152,"created_unixtime":1489538119893,"created_time":"Wed Mar 15 00:35:19 +0000 2017","lang":"en","displayname":"jungjaecasper","time_zone":"Pacific Time (US & Canada)","msg":"RT waitkpksz Happy WhiteDay💝 https//tco/80Yo9nWdli"}
{"tweet_id":841810004432834560,"created_unixtime":1489538119787,"created_time":"Wed Mar 15 00:35:19 +0000 2017","lang":"en","displayname":"citro_seance","time_zone":"","msg":"RT lostpanda Happy Pi day https//tco/tMJq9uUeRk"}
{"tweet_id":841810004525101056,"created_unixtime":1489538119809,"created_time":"Wed Mar 15 00:35:19 +0000 2017","lang":"und","displayname":"bluecollardaugh","time_zone":"Central Time (US & Canada)","msg":"Sad https//tco/CTr7n2Dku2"}
{"tweet_id":841810005141688320,"created_unixtime":1489538119956,"created_time":"Wed Mar 15 00:35:19 +0000 2017","lang":"en","displayname":"keegenbm","time_zone":"","msg":"Happy one year with lindsay💙💙🎉🎉"}
{"tweet_id":841810005527564297,"created_unixtime":1489538120048,"created_time":"Wed Mar 15 00:35:20 +0000 2017","lang":"en","displayname":"BSzeszycki","time_zone":"","msg":"RT KarlKlemm BSzeszycki happy birthday man ily"}
{"tweet_id":841810004617363456,"created_unixtime":1489538119831,"created_time":"Wed Mar 15 00:35:19 +0000 2017","lang":"en","displayname":"SabrinaPTXtacy","time_zone":"Pacific Time (US & Canada)","msg":"HAPPY TUESDAY 😃💛 Music CookingLiveme HeyItsMarioJose https//tco/VmMzPeFbkf https//tco/spdMnAtLNm"}
{"tweet_id":841810004827074560,"created_unixtime":1489538119881,"created_time":"Wed Mar 15 00:35:19 +0000 2017","lang":"en","displayname":"_MeMeLovesYou_","time_zone":"Central Time (US & Canada)","msg":"RT _queenliv__ the sad truth😕 https//tco/Jsq2dijWmZ"}
{"tweet_id":841810005342986242,"created_unixtime":1489538120004,"created_time":"Wed Mar 15 00:35:20 +0000 2017","lang":"en","displayname":"caseynasby","time_zone":"","msg":"RomanAtwood Congrats on your 3rd baby and first girl Happy that you all are finally getting a girl"}
{"tweet_id":841810005334581248,"created_unixtime":1489538120002,"created_time":"Wed Mar 15 00:35:20 +0000 2017","lang":"en","displayname":"_heymynameisNAY","time_zone":"Eastern Time (US & Canada)","msg":"RT TheLaunchMag Happy Birthday Merlin SantanaRIP https//tco/nPmanF6qYN"}
{"tweet_id":841810004814512129,"created_unixtime":1489538119878,"created_time":"Wed Mar 15 00:35:19 +0000 2017","lang":"en","displayname":"PoliticalWilli","time_zone":"","msg":"RT ActualFlatticus Its my sad duty to announce that there is no line item for bribes from Russian oligarchs on a 1040 form https//t…"}
{"tweet_id":841810005942718465,"created_unixtime":1489538120147,"created_time":"Wed Mar 15 00:35:20 +0000 2017","lang":"en","displayname":"ZaraCottage","time_zone":"Pacific Time (US & Canada)","msg":"AnnahMariahRuby So happy Im sure soul families will see Already ordered mine😊 SpiritualSongsByAnnMarieRuby"}
{"tweet_id":841810005716262912,"created_unixtime":1489538120093,"created_time":"Wed Mar 15 00:35:20 +0000 2017","lang":"en","displayname":"regan_headrick","time_zone":"","msg":"happy birthday Granthess51 hope your day was great 😇"}
{"tweet_id":841810006055911424,"created_unixtime":1489538120174,"created_time":"Wed Mar 15 00:35:20 +0000 2017","lang":"en","displayname":"QuixoticMil","time_zone":"Pacific Time (US & Canada)","msg":"RT BobOngQuotes Be real be yourself be unique be true be honest be humble be happy"}
{"tweet_id":841810006030737410,"created_unixtime":1489538120168,"created_time":"Wed Mar 15 00:35:20 +0000 2017","lang":"en","displayname":"nursyfqh_","time_zone":"Beijing","msg":"RT asyqstna do u just ever feel so sad suddenly and u feel so useless giving up on everything and all u need is just a warm tight hug…"}
{"tweet_id":841810005779185664,"created_unixtime":1489538120108,"created_time":"Wed Mar 15 00:35:20 +0000 2017","lang":"en","displayname":"laysssummers","time_zone":"Amsterdam","msg":"RT Stormzy1 Do what makes you happy mate"}
{"tweet_id":841810005556781056,"created_unixtime":1489538120055,"created_time":"Wed Mar 15 00:35:20 +0000 2017","lang":"en","displayname":"Rhonda32853901","time_zone":"","msg":"TeamSawyer  jen_burs lizonespirit shorttemper9 Sawyer Edit ScreenshotHappyVideo Credit SawyerFrdrx Hope… https//tco/Dff6a3kBue"}
{"tweet_id":841810006378930176,"created_unixtime":1489538120251,"created_time":"Wed Mar 15 00:35:20 +0000 2017","lang":"und","displayname":"viceykarylley","time_zone":"Pacific Time (US & Canada)","msg":"💛😍 https//tco/IMmHnQPLIN"}
{"tweet_id":841810006106357760,"created_unixtime":1489538120186,"created_time":"Wed Mar 15 00:35:20 +0000 2017","lang":"en","displayname":"mkayrock","time_zone":"","msg":"RT OVOZUZ Thanks Mary Love you 😘😘 https//tco/KXw5zYEK2t"}
{"tweet_id":841810006458667009,"created_unixtime":1489538120270,"created_time":"Wed Mar 15 00:35:20 +0000 2017","lang":"en","displayname":"Panther_NoTiger","time_zone":"Quito","msg":"papikellz_ happy birthday"}
{"tweet_id":841810005636612101,"created_unixtime":1489538120074,"created_time":"Wed Mar 15 00:35:20 +0000 2017","lang":"en","displayname":"GolanMay","time_zone":"","msg":"Happy amp excited to be joining JewishLifeTV with ILTVNews with IsraeliFrememies Airing Tuesdays at 1030 PM ET/PT https//tco/zXA7dkrBGZ"}
{"tweet_id":841810007209447426,"created_unixtime":1489538120449,"created_time":"Wed Mar 15 00:35:20 +0000 2017","lang":"en","displayname":"influyenperu","time_zone":"Lima","msg":"uscourts Report is invaluable but please release as opendata consistent with federal policy and enable others to analyze Happy to help …"}
{"tweet_id":841810007037468672,"created_unixtime":1489538120408,"created_time":"Wed Mar 15 00:35:20 +0000 2017","lang":"en","displayname":"lahjaay","time_zone":"","msg":"__eelah__ happy birthday 😌"}
{"tweet_id":841810007616180225,"created_unixtime":1489538120546,"created_time":"Wed Mar 15 00:35:20 +0000 2017","lang":"en","displayname":"jayekolustre","time_zone":"Krasnoyarsk","msg":"Happy anniversary JaDineeeeeeennnndjdibdodnsjsjsjsLetOurPurpleHeartsShineAt3"}
{"tweet_id":841810007389790208,"created_unixtime":1489538120492,"created_time":"Wed Mar 15 00:35:20 +0000 2017","lang":"en","displayname":"kristinmshields","time_zone":"Pacific Time (US & Canada)","msg":"Happy Apple Pi Day  piday2017 https//tco/9VQoJ9isAa"}
{"tweet_id":841810007700131840,"created_unixtime":1489538120566,"created_time":"Wed Mar 15 00:35:20 +0000 2017","lang":"tl","displayname":"JVDomingo","time_zone":"Beijing","msg":"elizha_g sad  hahaa Hoy sweldo ngayon Papizza ka bago umalis"}
{"tweet_id":841810007536631809,"created_unixtime":1489538120527,"created_time":"Wed Mar 15 00:35:20 +0000 2017","lang":"en","displayname":"saraarrleal","time_zone":"","msg":"RT hidden saying im tired when youre actually sad"}
{"tweet_id":841810007557570560,"created_unixtime":1489538120532,"created_time":"Wed Mar 15 00:35:20 +0000 2017","lang":"en","displayname":"FramtidaNK","time_zone":"","msg":"RT MatlalaBruce That moment is really sad hey lmfao https//tco/tGx1GqmRhS"}
{"tweet_id":841810008287322112,"created_unixtime":1489538120706,"created_time":"Wed Mar 15 00:35:20 +0000 2017","lang":"en","displayname":"oodachibama_en","time_zone":"","msg":"Im happy to get good ideas from across the sword spectrum from Tantous and Tachis"}
{"tweet_id":841810007167447040,"created_unixtime":1489538120439,"created_time":"Wed Mar 15 00:35:20 +0000 2017","lang":"en","displayname":"ASUDSP_","time_zone":"Pacific Time (US & Canada)","msg":"Happy National Pi Day https//tco/noVtgtzk7a"}
{"tweet_id":841810008589271040,"created_unixtime":1489538120778,"created_time":"Wed Mar 15 00:35:20 +0000 2017","lang":"ja","displayname":"lovebasket_965","time_zone":"","msg":"夜叉が当たったから、happy！戦力になるぞー！へﾟ∀ﾟへｳﾋｬﾋｬﾋｬﾋｬﾋｬ"}
{"tweet_id":841810008291586048,"created_unixtime":1489538120707,"created_time":"Wed Mar 15 00:35:20 +0000 2017","lang":"es","displayname":"Fem_Shepard_","time_zone":"Athens","msg":"HarleySnowFire KeybladeRap Estoy muy sad por haber ido de fiesta y solo recordar entrar y salir xD"}
{"tweet_id":841810007955931136,"created_unixtime":1489538120627,"created_time":"Wed Mar 15 00:35:20 +0000 2017","lang":"en","displayname":"cienega_xc","time_zone":"","msg":"samanthadupras KristennFaltzz Happy birthday Kristen and happy St Patricks Day"}
{"tweet_id":841810008941686784,"created_unixtime":1489538120862,"created_time":"Wed Mar 15 00:35:20 +0000 2017","lang":"en","displayname":"jenhoong","time_zone":"Kuala Lumpur","msg":"AIanHangover I just wanna make you happy because I care and love you"}
{"tweet_id":841810008958488576,"created_unixtime":1489538120866,"created_time":"Wed Mar 15 00:35:20 +0000 2017","lang":"en","displayname":"Thats_So_Raven_","time_zone":"Quito","msg":"Just bc ppl are happy on social media doesnt mean theyre happy in real life most ppl dont post sad shit on there yall envy ppl to much"}
{"tweet_id":841810009298227201,"created_unixtime":1489538120947,"created_time":"Wed Mar 15 00:35:20 +0000 2017","lang":"en","displayname":"signal107","time_zone":"London","msg":"Happy Wednesday You know were officially half way towards the weekend now right Sam x LateShow"}
{"tweet_id":841810009554010114,"created_unixtime":1489538121008,"created_time":"Wed Mar 15 00:35:21 +0000 2017","lang":"en","displayname":"mtranquilnight","time_zone":"Arizona","msg":"maddow sad trombone"}
{"tweet_id":841810009214332929,"created_unixtime":1489538120927,"created_time":"Wed Mar 15 00:35:20 +0000 2017","lang":"en","displayname":"BlessedMama86","time_zone":"Eastern Time (US & Canada)","msg":"RT MomItForward Q6 DOES FOOD MAKE YOU HAPPY WHAT DISHES MAKE YOU THE HAPPIEST AvoHappiness GNO PLS RT"}
{"tweet_id":841810009608622080,"created_unixtime":1489538121021,"created_time":"Wed Mar 15 00:35:21 +0000 2017","lang":"en","displayname":"CondoCrazed","time_zone":"Mountain Time (US & Canada)","msg":"Happy Pie Day to the child in you Here are some great Denver pie stops to help you celebrate https//tco/nhPSVIh2oK"}
{"tweet_id":841810009717633024,"created_unixtime":1489538121047,"created_time":"Wed Mar 15 00:35:21 +0000 2017","lang":"en","displayname":"hanna_teuts","time_zone":"","msg":"Happy birthday pat Hope it was a good one😊💜 PatrickGriffi"}
{"tweet_id":841810010212454400,"created_unixtime":1489538121165,"created_time":"Wed Mar 15 00:35:21 +0000 2017","lang":"en","displayname":"LoversMayward","time_zone":"","msg":"RT lucyliciousmith Edward So happy to be here MBMayWard"}
{"tweet_id":841810010313125888,"created_unixtime":1489538121189,"created_time":"Wed Mar 15 00:35:21 +0000 2017","lang":"en","displayname":"hanfran3","time_zone":"","msg":"RT cathmcclure Happy bday my love❤️ hope you have the best day hanfran3 https//tco/lyC2qDGLZj"}
{"tweet_id":841810010644590596,"created_unixtime":1489538121268,"created_time":"Wed Mar 15 00:35:21 +0000 2017","lang":"en","displayname":"RawanAdel99","time_zone":"Athens","msg":"RT SincerelyTumblr So annoying when ppl are like ur always laughin U laugh at everything Its not that funny like OK sorry Im a hap…"}
{"tweet_id":841810010338430976,"created_unixtime":1489538121195,"created_time":"Wed Mar 15 00:35:21 +0000 2017","lang":"en","displayname":"priscilla_opo","time_zone":"","msg":"RT JustyFBaby Greatest happy birthday wish Ive ever seen https//tco/UrlPQdhFpt"}
{"tweet_id":841810011084939265,"created_unixtime":1489538121373,"created_time":"Wed Mar 15 00:35:21 +0000 2017","lang":"en","displayname":"marthaannbrooks","time_zone":"","msg":"RT neiltyson 314  Happy Piday to Gregorian calendar users who reckon dates with month followed by day separated by period omitting year"}
{"tweet_id":841810007700209664,"created_unixtime":1489538120566,"created_time":"Wed Mar 15 00:35:20 +0000 2017","lang":"en","displayname":"McReginaa","time_zone":"Central Time (US & Canada)","msg":"RT D_Deji28 Do you guys know why he was killed A girl lied that he raped her and her brother shot him dead https//tco/IWDVDZp3rz"}
{"tweet_id":841810010678165504,"created_unixtime":1489538121276,"created_time":"Wed Mar 15 00:35:21 +0000 2017","lang":"en","displayname":"The_coffeeholic","time_zone":"Azores","msg":"nuit_h weird  you can try watching sad movies with happy endings so you get the feeling of hope and so on and so forth"}
{"tweet_id":841810010896228352,"created_unixtime":1489538121328,"created_time":"Wed Mar 15 00:35:21 +0000 2017","lang":"en","displayname":"onehousedragon","time_zone":"","msg":"RT jolly_angelina Willy_Wins So sad Wonderful creatures onehousedragon onehousedragon Wolves AnneatSaveMe https//tco/zWoky66uG3"}
{"tweet_id":841810010678124544,"created_unixtime":1489538121276,"created_time":"Wed Mar 15 00:35:21 +0000 2017","lang":"en","displayname":"buani","time_zone":"","msg":"How do you say happy birthday to twins Happy Happy Birthday Birthday We all love you bothAlyza Anita binti https//tco/f0rDpihIwo"}
{"tweet_id":841810011416227840,"created_unixtime":1489538121452,"created_time":"Wed Mar 15 00:35:21 +0000 2017","lang":"en","displayname":"mikaylabongi23","time_zone":"","msg":"RT chloobeeaarr happy birthday to my fav mikaylabongi23 love you ❤🎉"}
{"tweet_id":841810011386974208,"created_unixtime":1489538121445,"created_time":"Wed Mar 15 00:35:21 +0000 2017","lang":"tr","displayname":"slcn_ozgur","time_zone":"","msg":"RT Bilim_Akademisi Bugün 14 Mart Dünya Pi Günü ve Albert Einsteinın doğum günü Kutlu olsunPiDay happy birthday https//tco/mWj2…"}
{"tweet_id":841810011428933633,"created_unixtime":1489538121455,"created_time":"Wed Mar 15 00:35:21 +0000 2017","lang":"en","displayname":"belita_hamilton","time_zone":"","msg":"RT belita_hamilton Happy Pi Day 314  PiDay https//tco/QpZICcpQia"}
{"tweet_id":841810010439077889,"created_unixtime":1489538121219,"created_time":"Wed Mar 15 00:35:21 +0000 2017","lang":"en","displayname":"kaileighleclair","time_zone":"","msg":"sarah_mcphail happy birthday girl thanks for always listening to my tea during 2nd period lunch🐸☕️hope you have… https//tco/GzTlvcmIQU"}
{"tweet_id":841810011953090560,"created_unixtime":1489538121580,"created_time":"Wed Mar 15 00:35:21 +0000 2017","lang":"en","displayname":"noey_manchukan","time_zone":"","msg":"RT NTCYJ  happy birth day coco 🎈 2 ขวบ แล้ว ✨  coco_Happy_2nd_Birthday https//tco/zhudzUGBuL"}
{"tweet_id":841810012687159296,"created_unixtime":1489538121755,"created_time":"Wed Mar 15 00:35:21 +0000 2017","lang":"en","displayname":"dianakau_","time_zone":"Pacific Time (US & Canada)","msg":"RT calyssadanielle I love the color yellow its so happy and looks like sunshine 😂😂"}
{"tweet_id":841810012485877760,"created_unixtime":1489538121707,"created_time":"Wed Mar 15 00:35:21 +0000 2017","lang":"en","displayname":"bite_insane","time_zone":"Quito","msg":"Crowley is doing his hungry dance I am happy hes finally back to his normal not winter self"}
{"tweet_id":841810012762652672,"created_unixtime":1489538121773,"created_time":"Wed Mar 15 00:35:21 +0000 2017","lang":"en","displayname":"SexyB818","time_zone":"","msg":"RT Drakee_YMCMB I could literally lay up all day and chill with one person amp just be happy with that"}
{"tweet_id":841810013198909441,"created_unixtime":1489538121877,"created_time":"Wed Mar 15 00:35:21 +0000 2017","lang":"en","displayname":"fullofstarss","time_zone":"Greenland","msg":"RT hidden saying im tired when youre actually sad"}
{"tweet_id":841810013366636544,"created_unixtime":1489538121917,"created_time":"Wed Mar 15 00:35:21 +0000 2017","lang":"en","displayname":"Djloriee","time_zone":"Pacific Time (US & Canada)","msg":"RT lndhml JoyAnnReid newsone Now this is just ignorant and sad Thanks again trump for encouraging people not to be PC aka POLITE amp C…"}
{"tweet_id":841810012737429509,"created_unixtime":1489538121767,"created_time":"Wed Mar 15 00:35:21 +0000 2017","lang":"en","displayname":"moonjiaee","time_zone":"Beijing","msg":"RT layshands 170314 Happy Camp weibo updateNo shirt collar is safe from DIY master Zhang Yixing 😂 https//tco/2tyUEyOlP3"}
{"tweet_id":841810012443889664,"created_unixtime":1489538121697,"created_time":"Wed Mar 15 00:35:21 +0000 2017","lang":"en","displayname":"MarieCheese_","time_zone":"Alaska","msg":"They seriously make me so happy YESSSSS THIS IS FREAKING BEAUTIFUL CatherinePaiz AustinMcbroom ❤😭😭😭😭 https//tco/a5lRExbVFm"}
{"tweet_id":841810013769355265,"created_unixtime":1489538122013,"created_time":"Wed Mar 15 00:35:22 +0000 2017","lang":"en","displayname":"Lexinicolehill","time_zone":"","msg":"RT kanyefeeI its sad to see a good person change"}
{"tweet_id":841810013471571968,"created_unixtime":1489538121942,"created_time":"Wed Mar 15 00:35:21 +0000 2017","lang":"en","displayname":"ImStarshaped1","time_zone":"London","msg":"RT Astro_Mike Happy PiDay https//tco/mMZuuie9k5"}
{"tweet_id":841810013710651396,"created_unixtime":1489538121999,"created_time":"Wed Mar 15 00:35:21 +0000 2017","lang":"en","displayname":"walker828","time_zone":"","msg":"RT jimcramer Thank you Webigail https//tco/Hk4IjxlUSI"}
{"tweet_id":841810013962285056,"created_unixtime":1489538122059,"created_time":"Wed Mar 15 00:35:22 +0000 2017","lang":"en","displayname":"nataliebole","time_zone":"London","msg":"RT Stormzy1 Do what makes you happy mate"}
{"tweet_id":841810013836386304,"created_unixtime":1489538122029,"created_time":"Wed Mar 15 00:35:22 +0000 2017","lang":"en","displayname":"GHSBoysSoccer__","time_zone":"","msg":"RT principallopez Its ACTION week and this is the way the Tartans act Maybe we should rethink this activity Get your attitude right TA…"}
{"tweet_id":841810014155206657,"created_unixtime":1489538122105,"created_time":"Wed Mar 15 00:35:22 +0000 2017","lang":"en","displayname":"LandryConnor","time_zone":"","msg":"Happy birthday Chris Hope your day is transriffic💙💦 joncdrapp"}
{"tweet_id":841810014385934337,"created_unixtime":1489538122160,"created_time":"Wed Mar 15 00:35:22 +0000 2017","lang":"en","displayname":"_blakwell","time_zone":"Central Time (US & Canada)","msg":"RT NASA Its PiDay It may be irrational but pi plays an important role in the work of scientists at NASA… "}
{"tweet_id":841810013798731776,"created_unixtime":1489538122020,"created_time":"Wed Mar 15 00:35:22 +0000 2017","lang":"en","displayname":"_brifasa","time_zone":"Eastern Time (US & Canada)","msg":"ShaineyBabyy happy birthday"}
{"tweet_id":841810013786107909,"created_unixtime":1489538122017,"created_time":"Wed Mar 15 00:35:22 +0000 2017","lang":"en","displayname":"Destiny31248761","time_zone":"","msg":"Hayyyyy find new girl and be happy  https//tco/pPmauytCZa https//tco/V7wWMtefSs"}
{"tweet_id":841810013844836352,"created_unixtime":1489538122031,"created_time":"Wed Mar 15 00:35:22 +0000 2017","lang":"en","displayname":"DaBestTrash","time_zone":"Eastern Time (US & Canada)","msg":"kurumais i know youre not on rn buthappy pi day you dork ♡"}
{"tweet_id":841810015178620928,"created_unixtime":1489538122349,"created_time":"Wed Mar 15 00:35:22 +0000 2017","lang":"en","displayname":"albatrossity","time_zone":"Eastern Time (US & Canada)","msg":"RT lostpanda Happy Pi day https//tco/tMJq9uUeRk"}
{"tweet_id":841810015421833216,"created_unixtime":1489538122407,"created_time":"Wed Mar 15 00:35:22 +0000 2017","lang":"en","displayname":"heididaun","time_zone":"","msg":"RT CuteOverloads THIS JUST MADE ME SO HAPPY https//tco/0X8oNeJpgd"}
{"tweet_id":841810015304441858,"created_unixtime":1489538122379,"created_time":"Wed Mar 15 00:35:22 +0000 2017","lang":"en","displayname":"destinnysierraa","time_zone":"Pacific Time (US & Canada)","msg":"RT RogeCatalan Give me a couple years and Ill be living on my own new housenew carand hopefully a dream fulfilledJust thinking about…"}
{"tweet_id":841810015639994368,"created_unixtime":1489538122459,"created_time":"Wed Mar 15 00:35:22 +0000 2017","lang":"en","displayname":"BeJones98","time_zone":"Central Time (US & Canada)","msg":"RT taylorcapelle happy bday BeJones98 💘🎂"}
{"tweet_id":841810015828758533,"created_unixtime":1489538122504,"created_time":"Wed Mar 15 00:35:22 +0000 2017","lang":"en","displayname":"JodiTarvin","time_zone":"Pacific Time (US & Canada)","msg":"RT KazeSkyz This stunt by Rachel Maddow is just a sad attempt to beat TuckerCarlson in the ratings  Im not falling for her clickbait…"}
{"tweet_id":841810015988137984,"created_unixtime":1489538122542,"created_time":"Wed Mar 15 00:35:22 +0000 2017","lang":"en","displayname":"mad4ollie","time_zone":"","msg":"Happy birthday man🎊🎉TheCraigMyron"}
{"tweet_id":841810016172670977,"created_unixtime":1489538122586,"created_time":"Wed Mar 15 00:35:22 +0000 2017","lang":"en","displayname":"__NathanielLee","time_zone":"Eastern Time (US & Canada)","msg":"Yall just dont understand how happy I am to finally have a Fitness Trainer 😊😊😊😊😊😊😊"}
{"tweet_id":841810016453701637,"created_unixtime":1489538122653,"created_time":"Wed Mar 15 00:35:22 +0000 2017","lang":"en","displayname":"destinyrose4496","time_zone":"","msg":"Was all happy to sign up to get my license you know good vibes call to schedule and i have to wait until May 🙁"}
{"tweet_id":841810016910901250,"created_unixtime":1489538122762,"created_time":"Wed Mar 15 00:35:22 +0000 2017","lang":"en","displayname":"purposezauren","time_zone":"Pacific Time (US & Canada)","msg":"im so happy i finally got a new phone "}
{"tweet_id":841810017154170880,"created_unixtime":1489538122820,"created_time":"Wed Mar 15 00:35:22 +0000 2017","lang":"en","displayname":"denyianycolsue","time_zone":"","msg":"KylieJenner I ordered a gloss from your company and when I tried it on it was matte I am not happy 😡👿😡👿😡"}
{"tweet_id":841810016868921344,"created_unixtime":1489538122752,"created_time":"Wed Mar 15 00:35:22 +0000 2017","lang":"en","displayname":"LynPAManagment","time_zone":"","msg":"What a Brilliant show 😊 Great discussions on Latest topics  Sad it was your last show Mikemendoza1 https//tco/2qKgT2mfJ0"}
{"tweet_id":841810015572901889,"created_unixtime":1489538122443,"created_time":"Wed Mar 15 00:35:22 +0000 2017","lang":"en","displayname":"boo_kay","time_zone":"Mountain Time (US & Canada)","msg":"Cant wait for tonight Happy Finale TheRealONeals Noahegalvin Bebe_Wood maryhollis MattShively1 https//tco/z2WHrIsaon"}
{"tweet_id":841810015421923328,"created_unixtime":1489538122407,"created_time":"Wed Mar 15 00:35:22 +0000 2017","lang":"en","displayname":"welcomedudes","time_zone":"","msg":"Happy birthday love ❤ badgalerica https//tco/FxesRFTgGb"}
{"tweet_id":841810017661550592,"created_unixtime":1489538122941,"created_time":"Wed Mar 15 00:35:22 +0000 2017","lang":"ja","displayname":"xxblue_0429","time_zone":"Tokyo","msg":"RT xxblue_0429 【コス/捏造注意】3/14 AM000リヴァイからエレンへのバレンタインのお返しのお話お返しは、口移しで。               〝甘く溶けて混ざる〟Happy Whiteday♡ https//tco/DtWCmDm…"}
{"tweet_id":841810017825169408,"created_unixtime":1489538122980,"created_time":"Wed Mar 15 00:35:22 +0000 2017","lang":"en","displayname":"AnaAgruel","time_zone":"Pacific Time (US & Canada)","msg":"RT JustAGirIThing Someone When was the last time u were truly happy Me https//tco/YTSjNOreRU"}
{"tweet_id":841810017871384577,"created_unixtime":1489538122991,"created_time":"Wed Mar 15 00:35:22 +0000 2017","lang":"en","displayname":"BazzieT","time_zone":"London","msg":"RT BoozDataScience Happy PiDay  datahumor https//tco/0ilUF6Z8IC"}
{"tweet_id":841810017581973506,"created_unixtime":1489538122922,"created_time":"Wed Mar 15 00:35:22 +0000 2017","lang":"en","displayname":"leahhumphrey_","time_zone":"","msg":"RT nickdrake25 Happy birthday big head leahhumphrey_  😉🎉 https//tco/Zhk2F1s6Nb"}
{"tweet_id":841810016961101824,"created_unixtime":1489538122774,"created_time":"Wed Mar 15 00:35:22 +0000 2017","lang":"en","displayname":"rish_ella","time_zone":"","msg":"RT lucyliciousmith Edward So happy to be here MBMayWard"}
{"tweet_id":841810018097889280,"created_unixtime":1489538123045,"created_time":"Wed Mar 15 00:35:23 +0000 2017","lang":"en","displayname":"Allison_mae00","time_zone":"Pacific Time (US & Canada)","msg":"Happiest birthday to carrieschle You wont my coach for long but I really appreciated you and so happy to see what youre doing w cheer❤️"}
{"tweet_id":841810018609516544,"created_unixtime":1489538123167,"created_time":"Wed Mar 15 00:35:23 +0000 2017","lang":"en","displayname":"FoevaEast","time_zone":"Pacific Time (US & Canada)","msg":"RT nolimitlew35 You hoes aint ever happy 😂😂💀💀 https//tco/tjyDYLOGGq"}
{"tweet_id":841810017867177984,"created_unixtime":1489538122990,"created_time":"Wed Mar 15 00:35:22 +0000 2017","lang":"en","displayname":"rachel_riley33","time_zone":"","msg":"RT AbbyZambruno Happy Birthday Rachel your so strange but I love you💗 have a good day https//tco/rHnLwxMkvV"}
{"tweet_id":841810018173362176,"created_unixtime":1489538123063,"created_time":"Wed Mar 15 00:35:23 +0000 2017","lang":"en","displayname":"bbloggersunited","time_zone":"","msg":"So happy weve had a positive impact in your blogging life 💗 BBUChat https//tco/dDU5lM3A4R"}
{"tweet_id":841810018940813312,"created_unixtime":1489538123246,"created_time":"Wed Mar 15 00:35:23 +0000 2017","lang":"en","displayname":"timsan09","time_zone":"","msg":"RT MayWardDVO_Thai Trust yourself Create the kind of self that you will be happy to live with all your lifeMBMayWard"}
{"tweet_id":841810018777337856,"created_unixtime":1489538123207,"created_time":"Wed Mar 15 00:35:23 +0000 2017","lang":"en","displayname":"esibert23","time_zone":"Quito","msg":"RT kennyg Happy piday You know what Ill be doing to celebrate  https//tco/XMmF5tLDFN"}
{"tweet_id":841810019410710528,"created_unixtime":1489538123358,"created_time":"Wed Mar 15 00:35:23 +0000 2017","lang":"en","displayname":"NicoleCalabro7","time_zone":"Quito","msg":"RT ohteenquotes Spend life with who makes you happy not with who you have to impress"}
{"tweet_id":841810017850392576,"created_unixtime":1489538122986,"created_time":"Wed Mar 15 00:35:22 +0000 2017","lang":"en","displayname":"alloutdolanz","time_zone":"","msg":"Their smiles make me hella happy so Ill selfie DolanTwinsTuesday babies I love you go watch their new vid rn https//tco/mHzVhFecZo"}
{"tweet_id":841810019532316672,"created_unixtime":1489538123387,"created_time":"Wed Mar 15 00:35:23 +0000 2017","lang":"en","displayname":"carolina_faria_","time_zone":"Pacific Time (US & Canada)","msg":"RT hidden saying im tired when youre actually sad"}
{"tweet_id":841810018907365376,"created_unixtime":1489538123238,"created_time":"Wed Mar 15 00:35:23 +0000 2017","lang":"en","displayname":"mamma_shanks","time_zone":"","msg":"RT VAMNit HAPPY PI DAY https//tco/IsHRlNIS8h"}
{"tweet_id":841810019641257985,"created_unixtime":1489538123413,"created_time":"Wed Mar 15 00:35:23 +0000 2017","lang":"en","displayname":"iklilfarzana","time_zone":"","msg":"RT aisyahshakirah I really pray that all my friends end up with partners who truly respect amp appreciate themWhen they are sadit breaks…"}
{"tweet_id":841810019683188736,"created_unixtime":1489538123423,"created_time":"Wed Mar 15 00:35:23 +0000 2017","lang":"en","displayname":"sheshealvarez","time_zone":"","msg":"RT MirandaVeron To one of the kindest and warmest person Ive known LGLYNY Happy Happy Birthday Elle Wish you the happiness you des…"}
{"tweet_id":841810020073316352,"created_unixtime":1489538123516,"created_time":"Wed Mar 15 00:35:23 +0000 2017","lang":"en","displayname":"Mto_theA","time_zone":"Hong Kong","msg":"Happy birthday StephenCurry30  God bless you and dont listen to the haters Love you ❤"}
{"tweet_id":841810019905499136,"created_unixtime":1489538123476,"created_time":"Wed Mar 15 00:35:23 +0000 2017","lang":"tl","displayname":"withelights_on","time_zone":"Taipei","msg":"HAHAHAHAHA sorna labyuThanks Maneng 😘 https//tco/gutAZ9kiGS"}
{"tweet_id":841810019742056448,"created_unixtime":1489538123437,"created_time":"Wed Mar 15 00:35:23 +0000 2017","lang":"en","displayname":"abtxxo2","time_zone":"","msg":"RT itsxdonut Happy time 😂💕💙 https//tco/BqqmSDDm9P"}
{"tweet_id":841810020270538755,"created_unixtime":1489538123563,"created_time":"Wed Mar 15 00:35:23 +0000 2017","lang":"tl","displayname":"Iamandreacurtis","time_zone":"","msg":"Andrea ngno gwapa ka Idol kaayo taka  — Gods child Idol sad tka ay  https//tco/d9PBGpP75f"}
{"tweet_id":841810019888816129,"created_unixtime":1489538123472,"created_time":"Wed Mar 15 00:35:23 +0000 2017","lang":"en","displayname":"TaylorPettitt","time_zone":"Eastern Time (US & Canada)","msg":"RT PunkEdits_For_U TaylorPettitt HAPPY BIRTHDAY lt3"}
{"tweet_id":841810020593414144,"created_unixtime":1489538123640,"created_time":"Wed Mar 15 00:35:23 +0000 2017","lang":"en","displayname":"BosYan2","time_zone":"","msg":"RT galleryproject2 New Trailer Project 12 Happy Watching 😘🙏 https//tco/5JVIAsUWis"}
{"tweet_id":841810020799021056,"created_unixtime":1489538123689,"created_time":"Wed Mar 15 00:35:23 +0000 2017","lang":"en","displayname":"Yoshi831","time_zone":"Central Time (US & Canada)","msg":"Last slice Happy Pi Day NationalPiDay https//tco/3EtLD0hb4N"}
{"tweet_id":841810020610236416,"created_unixtime":1489538123644,"created_time":"Wed Mar 15 00:35:23 +0000 2017","lang":"en","displayname":"lrhesss","time_zone":"","msg":"Brooke_waltonn3 happy birthday babe Miss you 😚"}
{"tweet_id":841810020979335168,"created_unixtime":1489538123732,"created_time":"Wed Mar 15 00:35:23 +0000 2017","lang":"en","displayname":"BeJones98","time_zone":"Central Time (US & Canada)","msg":"RT tahhlor BeJones98 happy birthday bb 🎊🎂🎉💕"}
{"tweet_id":841810020371173376,"created_unixtime":1489538123587,"created_time":"Wed Mar 15 00:35:23 +0000 2017","lang":"en","displayname":"Bhe741","time_zone":"","msg":"RT Salvesayson Don`t make decisions when you`re angry and Don`t make promises when you`re happy ALDUBxDTBYTugOfHearts"}
{"tweet_id":841810020446662656,"created_unixtime":1489538123605,"created_time":"Wed Mar 15 00:35:23 +0000 2017","lang":"en","displayname":"Brittney_Trish","time_zone":"Central Time (US & Canada)","msg":"Happy 21st birthday to me https//tco/e5pxqDmSiS"}
{"tweet_id":841810019792359424,"created_unixtime":1489538123449,"created_time":"Wed Mar 15 00:35:23 +0000 2017","lang":"en","displayname":"NinjaBourcy","time_zone":"","msg":"SpeakerRyan As they say in the south bless your heart Youd think you could afford a dictionary or a math book… https//tco/Z10cOJtusY"}
{"tweet_id":841810021184872448,"created_unixtime":1489538123781,"created_time":"Wed Mar 15 00:35:23 +0000 2017","lang":"en","displayname":"TaylorHensley_","time_zone":"","msg":"thanks ethan ditto 💞💞 https//tco/qcMGPZWkKa"}
{"tweet_id":841810021461573632,"created_unixtime":1489538123847,"created_time":"Wed Mar 15 00:35:23 +0000 2017","lang":"tl","displayname":"dar020304","time_zone":"","msg":"RT jaysondmx Yung mga nag hahanap ng FAs ko Eto thread From 2015 to july 2016 reposted nung first Aniv 🙂… "}
{"tweet_id":841810021537132545,"created_unixtime":1489538123865,"created_time":"Wed Mar 15 00:35:23 +0000 2017","lang":"en","displayname":"Ayi81035664","time_zone":"","msg":"RT MayWardDVO_Thai Trust yourself Create the kind of self that you will be happy to live with all your lifeMBMayWard"}
{"tweet_id":841810021491085314,"created_unixtime":1489538123854,"created_time":"Wed Mar 15 00:35:23 +0000 2017","lang":"en","displayname":"_babykiii","time_zone":"Pacific Time (US & Canada)","msg":"RT preaching my main focus is to better myself be successful and be happy so if you arent contributing to that then i dont need you i…"}
{"tweet_id":841810021612687360,"created_unixtime":1489538123883,"created_time":"Wed Mar 15 00:35:23 +0000 2017","lang":"en","displayname":"OfficialPlugged","time_zone":"","msg":"RT AutumsLoveChild MY FAV MOVIE Gotta watch it tonight https//tco/OQe2p5qumE"}
{"tweet_id":841810021717536768,"created_unixtime":1489538123908,"created_time":"Wed Mar 15 00:35:23 +0000 2017","lang":"en","displayname":"tajcomo","time_zone":"Lisbon","msg":"RT kanyefeeI its sad to see a good person change"}
{"tweet_id":841810021382012929,"created_unixtime":1489538123828,"created_time":"Wed Mar 15 00:35:23 +0000 2017","lang":"en","displayname":"Rico12vTokyo","time_zone":"Mountain Time (US & Canada)","msg":"yelyahwilliams XChadballX ohand hAppy birfday"}
{"tweet_id":841810021943975936,"created_unixtime":1489538123962,"created_time":"Wed Mar 15 00:35:23 +0000 2017","lang":"en","displayname":"miladydee","time_zone":"Pacific Time (US & Canada)","msg":"RT lucyliciousmith Edward So happy to be here MBMayWard"}
{"tweet_id":841810022036307968,"created_unixtime":1489538123984,"created_time":"Wed Mar 15 00:35:23 +0000 2017","lang":"en","displayname":"joell51868","time_zone":"","msg":"RT MomItForward Q6 DOES FOOD MAKE YOU HAPPY WHAT DISHES MAKE YOU THE HAPPIEST AvoHappiness GNO PLS RT"}
{"tweet_id":841810022346584065,"created_unixtime":1489538124058,"created_time":"Wed Mar 15 00:35:24 +0000 2017","lang":"en","displayname":"drawlinglawyer","time_zone":"","msg":"bgreene farnazfassihi a sad pander by maddow because if it were true wouldnt that warrant an interruption of regular programming"}
{"tweet_id":841810022900277248,"created_unixtime":1489538124190,"created_time":"Wed Mar 15 00:35:24 +0000 2017","lang":"en","displayname":"MemoryAf","time_zone":"","msg":"RT lqjjk a happy bunny https//tco/BDODvRcYT1"}
{"tweet_id":841810022300569600,"created_unixtime":1489538124047,"created_time":"Wed Mar 15 00:35:24 +0000 2017","lang":"en","displayname":"ZoeKev1k","time_zone":"Pacific Time (US & Canada)","msg":"RT _allsmilesxo When your happy amp living life 🌴😋 https//tco/NJG7nkcqzw"}
{"tweet_id":841810022803755008,"created_unixtime":1489538124167,"created_time":"Wed Mar 15 00:35:24 +0000 2017","lang":"en","displayname":"cookiekiyowo","time_zone":"","msg":"Why hes so cute    https//tco/QkNNV6ILwj"}
{"tweet_id":841810022384455683,"created_unixtime":1489538124067,"created_time":"Wed Mar 15 00:35:24 +0000 2017","lang":"en","displayname":"btown23_","time_zone":"","msg":"RT jennamsou its so easy to make girls happy https//tco/agSBp4z3Nd"}
{"tweet_id":841810022954754048,"created_unixtime":1489538124203,"created_time":"Wed Mar 15 00:35:24 +0000 2017","lang":"en","displayname":"ky__ana","time_zone":"","msg":"RT myboycrush COLTON HAYNES AND HIS BOYFRIEND ARE ENGAGED THIS MAKES ME SO HAPPY 😭 https//tco/qMO5klLEvP"}
{"tweet_id":841810023059677185,"created_unixtime":1489538124228,"created_time":"Wed Mar 15 00:35:24 +0000 2017","lang":"en","displayname":"bbhstarlight","time_zone":"Pacific Time (US & Canada)","msg":"RT hyoyeonsubs2 same day  BAEK white  HYUN blackHappy White Day💌💝https//tco/tpjr7bWuwR"}
{"tweet_id":841810023365910529,"created_unixtime":1489538124301,"created_time":"Wed Mar 15 00:35:24 +0000 2017","lang":"en","displayname":"enashamzax","time_zone":"London","msg":"zi_oxo happy birthday pres xxxx"}
{"tweet_id":841810023919583232,"created_unixtime":1489538124433,"created_time":"Wed Mar 15 00:35:24 +0000 2017","lang":"en","displayname":"SkanderMusicc","time_zone":"","msg":"RT smokepurpp I do what the fuck I want I dont fucking care what anyone thinks Im happy"}
{"tweet_id":841810024280293376,"created_unixtime":1489538124519,"created_time":"Wed Mar 15 00:35:24 +0000 2017","lang":"en","displayname":"x_MoreSunshinee","time_zone":"Quito","msg":"RT LoveArieee The littlest shit makes me so happy I swear"}
{"tweet_id":841810024737439744,"created_unixtime":1489538124628,"created_time":"Wed Mar 15 00:35:24 +0000 2017","lang":"de","displayname":"topcu30_ask","time_zone":"","msg":"pforzheim gzt 911 berisa mörder https//tco/gJ0q43XasL"}
{"tweet_id":841810024963891202,"created_unixtime":1489538124682,"created_time":"Wed Mar 15 00:35:24 +0000 2017","lang":"en","displayname":"BBabushka","time_zone":"Eastern Time (US & Canada)","msg":"RT momwifebusylife Its PiDay Pick up an EdwardsDesserts Pie to celebrategt https//tco/6ku25QRWaF         Happy Pi… "}
{"tweet_id":841810025077211136,"created_unixtime":1489538124709,"created_time":"Wed Mar 15 00:35:24 +0000 2017","lang":"en","displayname":"ProjMotherhood","time_zone":"Eastern Time (US & Canada)","msg":"RT MomItForward Q6 DOES FOOD MAKE YOU HAPPY WHAT DISHES MAKE YOU THE HAPPIEST AvoHappiness GNO PLS RT"}
{"tweet_id":841810025471459328,"created_unixtime":1489538124803,"created_time":"Wed Mar 15 00:35:24 +0000 2017","lang":"en","displayname":"jazzypro94","time_zone":"","msg":"RT experiencedquot Be happy Its one way of being wise Sidonie Gabrielle Colette"}
{"tweet_id":841810024531922944,"created_unixtime":1489538124579,"created_time":"Wed Mar 15 00:35:24 +0000 2017","lang":"en","displayname":"DaisyCatNine","time_zone":"Eastern Time (US & Canada)","msg":"RT Paw_Luv THERES A FINE LINE BETWEENBEING PAMPERED amp OUTRIGHT LAZINESS I THINK LITTLE BITHAS JUMPED OVER THE LAZY LIN… "}
{"tweet_id":841810025609797632,"created_unixtime":1489538124836,"created_time":"Wed Mar 15 00:35:24 +0000 2017","lang":"en","displayname":"youaintmisa","time_zone":"","msg":"RT kthposts i want him to always be this happy https//tco/yTBwOYS7mj"}
{"tweet_id":841810024355713024,"created_unixtime":1489538124537,"created_time":"Wed Mar 15 00:35:24 +0000 2017","lang":"en","displayname":"kendall_rauk","time_zone":"","msg":"Happy birthday LukeLingscheit 🎉🎈 Hope youre celebrating accordingly in Florida😝 https//tco/sB0plBt44q"}
{"tweet_id":841810025685254144,"created_unixtime":1489538124854,"created_time":"Wed Mar 15 00:35:24 +0000 2017","lang":"ja","displayname":"a1m1o0n3s","time_zone":"","msg":"RT bluegreen_1112 Popcorn 〜 Are You Happy までの大野智のソロ曲をまとめてみました。どこまでも響く綺麗な歌声とキレキレのダンスに思わず見とれて息をするのも忘れる… https//tco/LcLjIOtfdD"}
{"tweet_id":841810025760870402,"created_unixtime":1489538124872,"created_time":"Wed Mar 15 00:35:24 +0000 2017","lang":"en","displayname":"buttsmacks","time_zone":"Eastern Time (US & Canada)","msg":"RT ArtsyStargazer sad shance https//tco/vgF2XySkok"}
{"tweet_id":841810026360594432,"created_unixtime":1489538125015,"created_time":"Wed Mar 15 00:35:25 +0000 2017","lang":"en","displayname":"CountryGirl_MW","time_zone":"","msg":"RT lucyliciousmith Edward So happy to be here MBMayWard"}
{"tweet_id":841810026041888768,"created_unixtime":1489538124939,"created_time":"Wed Mar 15 00:35:24 +0000 2017","lang":"en","displayname":"tayloorjordaan","time_zone":"Eastern Time (US & Canada)","msg":"all u do is laugh why are you laughing u just sit there and giggle all day IM LAUGHING AT U CORNY ASS NIGGAS… https//tco/v27bycOhae"}
{"tweet_id":841810026368983042,"created_unixtime":1489538125017,"created_time":"Wed Mar 15 00:35:25 +0000 2017","lang":"en","displayname":"chancelottelou4","time_zone":"","msg":"RT JoshLiaSquad Thank you so much MyCHOSdotcom dearscarjames we love you  Happy birthday Julia BarrettoJulia… "}
{"tweet_id":841810025253376000,"created_unixtime":1489538124751,"created_time":"Wed Mar 15 00:35:24 +0000 2017","lang":"en","displayname":"citizenkitcheoc","time_zone":"","msg":"It aint easy being Cheesy😜 New on the DAILY HAPPY HOUR menu 5pm7pm ShortRibs MacNCh… https//tco/ayDmbnmVys https//tco/y6nVLvEuEv"}
{"tweet_id":841810026540994560,"created_unixtime":1489538125058,"created_time":"Wed Mar 15 00:35:25 +0000 2017","lang":"en","displayname":"IWantcoffeeasap","time_zone":"Eastern Time (US & Canada)","msg":"RT MomItForward Q6 DOES FOOD MAKE YOU HAPPY WHAT DISHES MAKE YOU THE HAPPIEST AvoHappiness GNO PLS RT"}
{"tweet_id":841810026352279552,"created_unixtime":1489538125013,"created_time":"Wed Mar 15 00:35:25 +0000 2017","lang":"en","displayname":"AjApski","time_zone":"Pacific Time (US & Canada)","msg":"AyanoEyepatch That was realy sad"}
{"tweet_id":841810027358781440,"created_unixtime":1489538125253,"created_time":"Wed Mar 15 00:35:25 +0000 2017","lang":"en","displayname":"emendibi","time_zone":"Pacific Time (US & Canada)","msg":"RT hidden saying im tired when youre actually sad"}
{"tweet_id":841810027149160448,"created_unixtime":1489538125203,"created_time":"Wed Mar 15 00:35:25 +0000 2017","lang":"en","displayname":"TerriTh5576208","time_zone":"","msg":"RT BrianRoemmele At this moment today March 14th 1879 Albert Einstein was born He would have been 138 years old Happy Birthday… "}
{"tweet_id":841810026687782915,"created_unixtime":1489538125093,"created_time":"Wed Mar 15 00:35:25 +0000 2017","lang":"en","displayname":"mqtwiry","time_zone":"Central Time (US & Canada)","msg":"RT crystal3241 mqtwiry Happy Tuesday 😊💕"}
{"tweet_id":841810027535077377,"created_unixtime":1489538125295,"created_time":"Wed Mar 15 00:35:25 +0000 2017","lang":"en","displayname":"kennedymichele2","time_zone":"","msg":"RT ohteenquotes Spend life with who makes you happy not with who you have to impress"}
{"tweet_id":841810027836919808,"created_unixtime":1489538125367,"created_time":"Wed Mar 15 00:35:25 +0000 2017","lang":"en","displayname":"SSiebenArt","time_zone":"Pacific Time (US & Canada)","msg":"Not Happy https//tco/4GndqA7KJY via http//twittercom"}
{"tweet_id":841810028155752448,"created_unixtime":1489538125443,"created_time":"Wed Mar 15 00:35:25 +0000 2017","lang":"en","displayname":"caIilester","time_zone":"","msg":"happy birthday danny i LOVE YOU ninjasexparty"}
{"tweet_id":841810028101283840,"created_unixtime":1489538125430,"created_time":"Wed Mar 15 00:35:25 +0000 2017","lang":"en","displayname":"TigerKNC","time_zone":"Eastern Time (US & Canada)","msg":"RT SueboohsCorner I am so happy to see RobbieAmell as firestorm again TheFlash"}
{"tweet_id":841810028050956288,"created_unixtime":1489538125418,"created_time":"Wed Mar 15 00:35:25 +0000 2017","lang":"en","displayname":"ranigill7","time_zone":"Casablanca","msg":"DrAsisAcharya GOODMORNING FRIENDSWISHING YOU ALL  A BEAUTIFUL WEDNESDAYSTAY BLESSED AND HAPPYKEEP SMILING… https//tco/eSmUeTuFjQ"}
{"tweet_id":841810025995747328,"created_unixtime":1489538124928,"created_time":"Wed Mar 15 00:35:24 +0000 2017","lang":"en","displayname":"mel_rathel","time_zone":"","msg":"i dont think ill ever be sad again thanks to this video https//tco/P5xwSkeuxu"}
{"tweet_id":841810028260671490,"created_unixtime":1489538125468,"created_time":"Wed Mar 15 00:35:25 +0000 2017","lang":"en","displayname":"mblaqfangirl","time_zone":"Eastern Time (US & Canada)","msg":"RT kikiSTFU Happy BlackOutDay 🌹 https//tco/xTANsesSrJ"}
{"tweet_id":841810028499619840,"created_unixtime":1489538125525,"created_time":"Wed Mar 15 00:35:25 +0000 2017","lang":"ja","displayname":"SONHAERA","time_zone":"Alaska","msg":"RT Apink__jp [Hayoung ]Happy ホワイトデーをすごして ください~！Apink ByeBye 3月29日リリース mini5月号掲載 https//tco/sEl1RkM2BX"}
{"tweet_id":841810028361277440,"created_unixtime":1489538125492,"created_time":"Wed Mar 15 00:35:25 +0000 2017","lang":"en","displayname":"chimchimslay","time_zone":"","msg":"RT jiminXtaehyung Hes so happy which makes me so happy https//tco/YdZvddehLc"}
{"tweet_id":841810028722040832,"created_unixtime":1489538125578,"created_time":"Wed Mar 15 00:35:25 +0000 2017","lang":"en","displayname":"EngelbertP","time_zone":"Eastern Time (US & Canada)","msg":"RT NASA Its PiDay It may be irrational but pi plays an important role in the work of scientists at NASA… "}
{"tweet_id":841810029011427329,"created_unixtime":1489538125647,"created_time":"Wed Mar 15 00:35:25 +0000 2017","lang":"en","displayname":"Sawyer_Deja","time_zone":"Eastern Time (US & Canada)","msg":"allisondeaar that makes me so so happy 😍"}
{"tweet_id":841810029145657344,"created_unixtime":1489538125679,"created_time":"Wed Mar 15 00:35:25 +0000 2017","lang":"en","displayname":"_queen_li_","time_zone":"","msg":"RT kellygieb so sad when a boy can never own up to what he does/says🙍🏼"}
{"tweet_id":841810029359517696,"created_unixtime":1489538125730,"created_time":"Wed Mar 15 00:35:25 +0000 2017","lang":"en","displayname":"lewlewjude","time_zone":"","msg":"WhiteHouse POTUS   AND I CAN TELL YOU MY SAD TRUE STORY ABOUT HOW I DID WITHOUT HEALTH INS FOR 12 YEARS UNTIL OBAMACARE CAME ALONG"}
{"tweet_id":841810028982087680,"created_unixtime":1489538125640,"created_time":"Wed Mar 15 00:35:25 +0000 2017","lang":"en","displayname":"BBBT_BeBetter","time_zone":"London","msg":"RT totc Happy TikiTuesday Check out this spooktacular creation from deathandconyc Fun Fact Celtic… https//tco/IkA6UqErbV"}
{"tweet_id":841810028986265600,"created_unixtime":1489538125641,"created_time":"Wed Mar 15 00:35:25 +0000 2017","lang":"en","displayname":"cyssycyberspace","time_zone":"","msg":"RT brandonjennings 24pts 21assist Just because seeing my teammates happy https//tco/F7flux6g8u"}
{"tweet_id":841810029648924672,"created_unixtime":1489538125799,"created_time":"Wed Mar 15 00:35:25 +0000 2017","lang":"en","displayname":"computerbugg","time_zone":"Arizona","msg":"RT LKrauss1 Very happy my first tv interview on the new book was on my home station arizonapbs  Watch it tonight at 530 amp again later amp…"}
{"tweet_id":841810029401497600,"created_unixtime":1489538125740,"created_time":"Wed Mar 15 00:35:25 +0000 2017","lang":"en","displayname":"kmkimkn","time_zone":"","msg":"RT DF_YutoK Happy Birthday Keigo"}
{"tweet_id":841810029854384128,"created_unixtime":1489538125848,"created_time":"Wed Mar 15 00:35:25 +0000 2017","lang":"en","displayname":"reihanten_","time_zone":"Singapore","msg":"RT TOASTOTHEGOD Its Sad When Ur Own Friends Hate On You"}
{"tweet_id":841810029695066113,"created_unixtime":1489538125810,"created_time":"Wed Mar 15 00:35:25 +0000 2017","lang":"ja","displayname":"1a_h0","time_zone":"","msg":"Happy pie day白い日というよりは円周率の日だったらしい3141592653 までは覚えた！違ってたら恥ずいわ。w円周率の日"}
{"tweet_id":841810029858693120,"created_unixtime":1489538125849,"created_time":"Wed Mar 15 00:35:25 +0000 2017","lang":"en","displayname":"JonnyBoateng","time_zone":"London","msg":"RT DownWithDamon Happy Birthday StephenCurry30 Heres every time LeBron James blocked you in last years NBA Finals Memories https//t…"}
{"tweet_id":841810030118686721,"created_unixtime":1489538125911,"created_time":"Wed Mar 15 00:35:25 +0000 2017","lang":"en","displayname":"OziasBriggs","time_zone":"Pacific Time (US & Canada)","msg":"12 Pictures That Will Make You Feel Stupid Happy on a Bad Day https//tco/LijTwGJ4wu"}
{"tweet_id":841810030181650433,"created_unixtime":1489538125926,"created_time":"Wed Mar 15 00:35:25 +0000 2017","lang":"en","displayname":"zayndailynews","time_zone":"Pacific Time (US & Canada)","msg":"RT papermagazine Watch this Versace Versus clip and bask in how totally happy zaynmalik and GiGiHadid are together… "}
{"tweet_id":841810030726860800,"created_unixtime":1489538126056,"created_time":"Wed Mar 15 00:35:26 +0000 2017","lang":"en","displayname":"noey_manchukan","time_zone":"","msg":"RT MYSunshineYJ 14032017 Happy 2nd Birthday to Youngjae amp Marks baby Princess CoCo Grow up healthy amp beautiful CoCo ❤️🐶… "}
{"tweet_id":841810030357827584,"created_unixtime":1489538125968,"created_time":"Wed Mar 15 00:35:25 +0000 2017","lang":"en","displayname":"_iFinesse_","time_zone":"Central Time (US & Canada)","msg":"Learned ah lot from this dude Happy bday to one of the legends in the game jonn3deepchi ✊🏾 https//tco/yrdIYEVi7F"}
{"tweet_id":841810030869467136,"created_unixtime":1489538126090,"created_time":"Wed Mar 15 00:35:26 +0000 2017","lang":"en","displayname":"MaVang08","time_zone":"","msg":"RT RM_ARCHIVE they make me so happy 😊 i love best friends https//tco/DQszn1ARR8"}
{"tweet_id":841810030584320001,"created_unixtime":1489538126022,"created_time":"Wed Mar 15 00:35:26 +0000 2017","lang":"en","displayname":"guandler9","time_zone":"","msg":"RT kanyefeeI its sad to see a good person change"}
{"tweet_id":841810031112683520,"created_unixtime":1489538126148,"created_time":"Wed Mar 15 00:35:26 +0000 2017","lang":"en","displayname":"Parisian_Jane","time_zone":"New Delhi","msg":"I love meeting relatives Love because we hardly ever meet Till the time they start commenting over your lifestyle Then it becomes sad"}
{"tweet_id":841810031393792001,"created_unixtime":1489538126215,"created_time":"Wed Mar 15 00:35:26 +0000 2017","lang":"en","displayname":"og_yacko","time_zone":"Pacific Time (US & Canada)","msg":"RT Stormzy1 Do what makes you happy mate"}
{"tweet_id":841810031460941824,"created_unixtime":1489538126231,"created_time":"Wed Mar 15 00:35:26 +0000 2017","lang":"en","displayname":"JakeKomorowski","time_zone":"","msg":"RT RoastMeDaily Bob Barker and Adam Sandler did a Happy Gilmore reunion skit and it was great https//tco/LCtdsSqoeZ"}
{"tweet_id":841810031553175553,"created_unixtime":1489538126253,"created_time":"Wed Mar 15 00:35:26 +0000 2017","lang":"en","displayname":"aye_beto","time_zone":"Dublin","msg":"RT hidden saying im tired when youre actually sad"}
{"tweet_id":841810031754526720,"created_unixtime":1489538126301,"created_time":"Wed Mar 15 00:35:26 +0000 2017","lang":"en","displayname":"OfficialPlugged","time_zone":"","msg":"RT FROwardThinker Everyone wish bae a happy bday or whateva https//tco/Ckmu1wtuBH"}
{"tweet_id":841810032266104832,"created_unixtime":1489538126423,"created_time":"Wed Mar 15 00:35:26 +0000 2017","lang":"en","displayname":"sarunt_","time_zone":"Pacific Time (US & Canada)","msg":"RT CUTEST_ANlMALS this makes me so happy  https//tco/4ebwUxo9Hg"}
{"tweet_id":841810031590969344,"created_unixtime":1489538126262,"created_time":"Wed Mar 15 00:35:26 +0000 2017","lang":"en","displayname":"JamesWortman","time_zone":"Quito","msg":"RT SeanyCohens Nobody works harder than this guy right here Good things happen to great people and I couldnt be more happy for yo… "}
{"tweet_id":841810032731742208,"created_unixtime":1489538126534,"created_time":"Wed Mar 15 00:35:26 +0000 2017","lang":"en","displayname":"sailorstacey","time_zone":"Pacific Time (US & Canada)","msg":"HipUncle THE ORANGE AND CREAM ICE CREAM IM SO HAPPY THAT EXISTS"}
{"tweet_id":841810033235111936,"created_unixtime":1489538126654,"created_time":"Wed Mar 15 00:35:26 +0000 2017","lang":"en","displayname":"BeJones98","time_zone":"Central Time (US & Canada)","msg":"RT Cam_Jansennn BeJones98 happy birthday🎉😌"}
{"tweet_id":841810033352425472,"created_unixtime":1489538126682,"created_time":"Wed Mar 15 00:35:26 +0000 2017","lang":"en","displayname":"Kittyycatalee","time_zone":"Pacific Time (US & Canada)","msg":"RT RapSpotlights RT if youre happy that Kodak Black is out and making new music 🔥 https//tco/8wyxkj92Su"}
{"tweet_id":841810033440628736,"created_unixtime":1489538126703,"created_time":"Wed Mar 15 00:35:26 +0000 2017","lang":"en","displayname":"ChanCoolieDee","time_zone":"London","msg":"RT Stormzy1 Do what makes you happy mate"}
{"tweet_id":841810033583112192,"created_unixtime":1489538126737,"created_time":"Wed Mar 15 00:35:26 +0000 2017","lang":"en","displayname":"d_kichi_6","time_zone":"","msg":"RT NatureNPS This is what happens when you have a building full of scientists and a laser👨🏽‍🔬👩🏾‍🔬⚡️3️⃣1️⃣4️⃣ Happy PiDay https//tco…"}
{"tweet_id":841810033339953152,"created_unixtime":1489538126679,"created_time":"Wed Mar 15 00:35:26 +0000 2017","lang":"en","displayname":"smithkelsea","time_zone":"","msg":"RT JustAGirIThing Someone When was the last time u were truly happy Me https//tco/YTSjNOreRU"}
{"tweet_id":841810034111668224,"created_unixtime":1489538126863,"created_time":"Wed Mar 15 00:35:26 +0000 2017","lang":"en","displayname":"nadiaaa_26","time_zone":"Pacific Time (US & Canada)","msg":"RT ZacEfron Happy birthday Simone_Biles Hope youre having an incredible day 🎉🎂🎉"}
{"tweet_id":841810033872642048,"created_unixtime":1489538126806,"created_time":"Wed Mar 15 00:35:26 +0000 2017","lang":"en","displayname":"x__Alonna","time_zone":"Eastern Time (US & Canada)","msg":"if u wanna make me happy buy me some of them lashes they all cute to me so you pick 😂😂"}
{"tweet_id":841810033981640705,"created_unixtime":1489538126832,"created_time":"Wed Mar 15 00:35:26 +0000 2017","lang":"en","displayname":"Tina45803","time_zone":"Pacific Time (US & Canada)","msg":"Isnt it ironic that the only person who can make you really happy  is the same person who makes you sad and lonely"}
{"tweet_id":841810033373528065,"created_unixtime":1489538126687,"created_time":"Wed Mar 15 00:35:26 +0000 2017","lang":"en","displayname":"pilotjurian","time_zone":"Eastern Time (US & Canada)","msg":"RT jumbo747pilot Every single angle in every light its a beauty to behold a Jumbo It really will be a sad day when these make thei… "}
{"tweet_id":841810033998467072,"created_unixtime":1489538126836,"created_time":"Wed Mar 15 00:35:26 +0000 2017","lang":"en","displayname":"jehnius","time_zone":"Pacific Time (US & Canada)","msg":"RT robinthede Really Some are disappointed that maddow only has 2005 Like you would only be happy w/ 20 yrs of indepth tax analysis…"}
{"tweet_id":841810034531090432,"created_unixtime":1489538126963,"created_time":"Wed Mar 15 00:35:26 +0000 2017","lang":"en","displayname":"SuperheroesXYZ","time_zone":"Arizona","msg":"RT SuperheroesXYZ Happy PiDay aka Dean Winchesters fav Day🍽GeekChicMonthly Supernatural Funko https//tco/PPEVjqcS3P"}
{"tweet_id":841810034019438593,"created_unixtime":1489538126841,"created_time":"Wed Mar 15 00:35:26 +0000 2017","lang":"en","displayname":"nicole_linton","time_zone":"","msg":"RT Stormzy1 Do what makes you happy mate"}
{"tweet_id":841810034870910978,"created_unixtime":1489538127044,"created_time":"Wed Mar 15 00:35:27 +0000 2017","lang":"en","displayname":"Lady_janelle13","time_zone":"","msg":"RT PearLUSTerNiJ Happy 3rd JaDinesJaDines 3PinyaSarapYrsLetOurPurpleHeartsShineAt3"}
{"tweet_id":841810034812190720,"created_unixtime":1489538127030,"created_time":"Wed Mar 15 00:35:27 +0000 2017","lang":"en","displayname":"hanbinsm","time_zone":"Buenos Aires","msg":"RT junlhoe WERE GETTING A DOUBLE TITLE TRACK IM ON THE VERGE OF CRYING IM SO HAPPY IKON ARE COMING BACK IM GENUINELY SO HAPPY… "}
{"tweet_id":841810035248312320,"created_unixtime":1489538127134,"created_time":"Wed Mar 15 00:35:27 +0000 2017","lang":"en","displayname":"aubreymntmyr","time_zone":"Alaska","msg":"Happy birthday brother harplaza ❤️"}
{"tweet_id":841810034715725825,"created_unixtime":1489538127007,"created_time":"Wed Mar 15 00:35:27 +0000 2017","lang":"en","displayname":"CharlieMarzec","time_zone":"","msg":"Very happy with my NFABINC Nerf Steps Great look sturdy product and easy bolt on installation NFab NerfStep… https//tco/xPQd5SFAxf"}
{"tweet_id":841810033662926848,"created_unixtime":1489538126756,"created_time":"Wed Mar 15 00:35:26 +0000 2017","lang":"en","displayname":"anniefitz_","time_zone":"Casablanca","msg":"happy a little late 18th i hope u had the sickest birthday ever i owe u a dairy milk whole nut bar ❤️ lots… https//tco/zTmQ7f1o6H"}
{"tweet_id":841810035915264001,"created_unixtime":1489538127293,"created_time":"Wed Mar 15 00:35:27 +0000 2017","lang":"en","displayname":"the_geekling","time_zone":"Central Time (US & Canada)","msg":"RT RM_ARCHIVE they make me so happy 😊 i love best friends https//tco/DQszn1ARR8"}
{"tweet_id":841810036145942528,"created_unixtime":1489538127348,"created_time":"Wed Mar 15 00:35:27 +0000 2017","lang":"en","displayname":"Wynski122","time_zone":"Eastern Time (US & Canada)","msg":"RT lucyliciousmith Edward So happy to be here MBMayWard"}
{"tweet_id":841810035558756357,"created_unixtime":1489538127208,"created_time":"Wed Mar 15 00:35:27 +0000 2017","lang":"en","displayname":"stfushani","time_zone":"Eastern Time (US & Canada)","msg":"RT _lilsunnyyy Talk to god more aint nothing wrong with you dont know what youre sad for you got clothes on your back and… "}
{"tweet_id":841810036057882625,"created_unixtime":1489538127327,"created_time":"Wed Mar 15 00:35:27 +0000 2017","lang":"en","displayname":"MiniMoFresh","time_zone":"","msg":"RT JustinTrudeau Happy PiDay Our government is committed to supporting science amp innovation for a stronger Canada And pie for a tasti…"}
{"tweet_id":841810036296974336,"created_unixtime":1489538127384,"created_time":"Wed Mar 15 00:35:27 +0000 2017","lang":"en","displayname":"ayonaaaar","time_zone":"","msg":"RT DailyVibes_ In order to be happy in life https//tco/rXaxkQpgky"}
{"tweet_id":841810036582055936,"created_unixtime":1489538127452,"created_time":"Wed Mar 15 00:35:27 +0000 2017","lang":"en","displayname":"edishingshampu","time_zone":"Pacific Time (US & Canada)","msg":"im happy"}
{"tweet_id":841810037001527296,"created_unixtime":1489538127552,"created_time":"Wed Mar 15 00:35:27 +0000 2017","lang":"en","displayname":"SarmientoAyne","time_zone":"","msg":"RT ShutangInaDre We all deserve to be happy"}
{"tweet_id":841810037110591488,"created_unixtime":1489538127578,"created_time":"Wed Mar 15 00:35:27 +0000 2017","lang":"en","displayname":"KissMeYing","time_zone":"Beijing","msg":"RT soompi Happy Birthday to ASTROs JinJin HappyJinJinDay https//tco/re8aLKVIDL https//tco/oAcH44Finb"}
{"tweet_id":841810036682702848,"created_unixtime":1489538127476,"created_time":"Wed Mar 15 00:35:27 +0000 2017","lang":"en","displayname":"KayyLucci","time_zone":"Central America","msg":"RT vonniebtw facts https//tco/iF2LeyLXTd"}
{"tweet_id":841810037462855680,"created_unixtime":1489538127662,"created_time":"Wed Mar 15 00:35:27 +0000 2017","lang":"en","displayname":"SonnyDaes","time_zone":"","msg":"RT RVAwonk cmclymer maddow I KNOW FINALLY Happy dance"}
{"tweet_id":841810036720599044,"created_unixtime":1489538127485,"created_time":"Wed Mar 15 00:35:27 +0000 2017","lang":"en","displayname":"Plips1985","time_zone":"","msg":"ThomasDBradley nodqdotcom mauroranallo TheFansPodcast WWEDemonDiva But at the same time is so damn happy that David Otunga is out"}
{"tweet_id":841810035198070784,"created_unixtime":1489538127122,"created_time":"Wed Mar 15 00:35:27 +0000 2017","lang":"en","displayname":"Rejiaku","time_zone":"London","msg":"JayAndreas Happy Birthday  hope you have a great day and God bless "}
{"tweet_id":841810037093875712,"created_unixtime":1489538127574,"created_time":"Wed Mar 15 00:35:27 +0000 2017","lang":"en","displayname":"morenitz24","time_zone":"","msg":"So happy to be home at last"}
{"tweet_id":841810037458796544,"created_unixtime":1489538127661,"created_time":"Wed Mar 15 00:35:27 +0000 2017","lang":"und","displayname":"rollingSTONEDx_","time_zone":"Quito","msg":"😂😂😂😂 https//tco/gRJrCVaJ6F"}
{"tweet_id":841810038276648960,"created_unixtime":1489538127856,"created_time":"Wed Mar 15 00:35:27 +0000 2017","lang":"en","displayname":"_sruth","time_zone":"Central Time (US & Canada)","msg":"I lowkey miss you but it looks like youve moved on and you seem happy which makes me happy even if your happiness has nothing to do w me"}
{"tweet_id":841810038687580160,"created_unixtime":1489538127954,"created_time":"Wed Mar 15 00:35:27 +0000 2017","lang":"en","displayname":"FrankyNili","time_zone":"Kuala Lumpur","msg":"Happy Birthday 125th LFC"}
{"tweet_id":841810038821920768,"created_unixtime":1489538127986,"created_time":"Wed Mar 15 00:35:27 +0000 2017","lang":"en","displayname":"LuisBLVCKS2","time_zone":"Lisbon","msg":"RT preaching if youre happy with someone forget about what everyone else says"}
{"tweet_id":841810037945298944,"created_unixtime":1489538127777,"created_time":"Wed Mar 15 00:35:27 +0000 2017","lang":"en","displayname":"Liasbeautylife","time_zone":"","msg":"todaybylauren hey love i see ur following beth itd make me very happy if u took a moment amp checked my new video💗https//tco/sKZBdlvRDe"}
{"tweet_id":841810039274795008,"created_unixtime":1489538128094,"created_time":"Wed Mar 15 00:35:28 +0000 2017","lang":"en","displayname":"sebastianbell_4","time_zone":"Arizona","msg":"RT richthekid Focus on what makes you happy"}
{"tweet_id":841810038985392128,"created_unixtime":1489538128025,"created_time":"Wed Mar 15 00:35:28 +0000 2017","lang":"en","displayname":"TTthilanka","time_zone":"","msg":"RT NASA Its PiDay It may be irrational but pi plays an important role in the work of scientists at NASA… "}
{"tweet_id":841810039191019522,"created_unixtime":1489538128074,"created_time":"Wed Mar 15 00:35:28 +0000 2017","lang":"en","displayname":"LJChamplin","time_zone":"Central Time (US & Canada)","msg":"RT JustinTrudeau Happy PiDay Our government is committed to supporting science amp innovation for a stronger Canada And pie for a tasti…"}
{"tweet_id":841810039337811968,"created_unixtime":1489538128109,"created_time":"Wed Mar 15 00:35:28 +0000 2017","lang":"en","displayname":"sixfortheroad","time_zone":"Atlantic Time (Canada)","msg":"RT MomItForward Q6 DOES FOOD MAKE YOU HAPPY WHAT DISHES MAKE YOU THE HAPPIEST AvoHappiness GNO PLS RT"}
{"tweet_id":841810039262347264,"created_unixtime":1489538128091,"created_time":"Wed Mar 15 00:35:28 +0000 2017","lang":"en","displayname":"OliviaDorr","time_zone":"Quito","msg":"Fuckkkkkk I wanna travel the world Where its warm and happy and unfamiliar I wann get away😭😭😭😭"}
{"tweet_id":841810039388160000,"created_unixtime":1489538128121,"created_time":"Wed Mar 15 00:35:28 +0000 2017","lang":"en","displayname":"DoctorWho_BBCA","time_zone":"Eastern Time (US & Canada)","msg":"RT TheDoctorPuppet Happy piday doctorwho petercapaldi pearlmackie billpotts pie https//tco/2KayNRsZ8t"}
{"tweet_id":841810039329423360,"created_unixtime":1489538128107,"created_time":"Wed Mar 15 00:35:28 +0000 2017","lang":"en","displayname":"AlexisCasey160","time_zone":"","msg":"RT TheTalkCBS Backstage with littlebigtown ➡️️ Theyre dedicating their performance of Happy People to someone very special 🎶🎶… "}
{"tweet_id":841810039522357250,"created_unixtime":1489538128153,"created_time":"Wed Mar 15 00:35:28 +0000 2017","lang":"en","displayname":"jeniffersucks","time_zone":"","msg":"RT giamaliva pisces cont artistic abilities are at its peak the most selfless of all signs will give u the world 2 make u… "}
{"tweet_id":841810039660658688,"created_unixtime":1489538128186,"created_time":"Wed Mar 15 00:35:28 +0000 2017","lang":"en","displayname":"LiyaahG","time_zone":"Pacific Time (US & Canada)","msg":"I hate flying by myself Im happy I got lique going and Bri coming back"}
{"tweet_id":841810039912333312,"created_unixtime":1489538128246,"created_time":"Wed Mar 15 00:35:28 +0000 2017","lang":"en","displayname":"ancientflounder","time_zone":"Pacific Time (US & Canada)","msg":"RT bsblcardvandals Happy PiDay yall littlecaesars https//tco/t0POpXwH1pPhillies MLB https//tco/3EbBo2LM3P"}
{"tweet_id":841810040050839552,"created_unixtime":1489538128279,"created_time":"Wed Mar 15 00:35:28 +0000 2017","lang":"en","displayname":"HarlanIsQueer","time_zone":"","msg":"Im such an emotionally unstable person Like Ima be happy as hell one minute and the next Ima just break down"}
{"tweet_id":841810040013086720,"created_unixtime":1489538128270,"created_time":"Wed Mar 15 00:35:28 +0000 2017","lang":"en","displayname":"MariaVictoriaa0","time_zone":"Central Time (US & Canada)","msg":"Maritzainez_4 Happy Birthday Maritz 😍❤️👑💁 Hope you had a great day"}
{"tweet_id":841810039950184449,"created_unixtime":1489538128255,"created_time":"Wed Mar 15 00:35:28 +0000 2017","lang":"en","displayname":"_tkatt","time_zone":"","msg":"RT sayykae shit sad asf how you can hate somebody u had nun but love for 💯"}
{"tweet_id":841810040382091264,"created_unixtime":1489538128358,"created_time":"Wed Mar 15 00:35:28 +0000 2017","lang":"en","displayname":"_WFMonster1","time_zone":"Bangkok","msg":"RT waitkpksz Happy WhiteDay💝 https//tco/80Yo9nWdli"}
{"tweet_id":841810038876459009,"created_unixtime":1489538127999,"created_time":"Wed Mar 15 00:35:27 +0000 2017","lang":"en","displayname":"AltWaysToHeal","time_zone":"Central Time (US & Canada)","msg":"What Is YOUR Passion This Is A Program That JUST WORKS https//tco/JE8qm3OhTH https//tco/MNGFMpWjPJ … https//tco/GlxmIhPUJ2"}
{"tweet_id":841810039555919872,"created_unixtime":1489538128161,"created_time":"Wed Mar 15 00:35:28 +0000 2017","lang":"en","displayname":"TheLaneFloyd","time_zone":"Quito","msg":"This is my happy song😊I hear it I smile I sing play a perfect air guitar solo and love the song even more… https//tco/rJsuY9bzqp"}
{"tweet_id":841810041300746240,"created_unixtime":1489538128577,"created_time":"Wed Mar 15 00:35:28 +0000 2017","lang":"en","displayname":"MDiturno","time_zone":"","msg":"ClevelandTMZ sad Fake Fox8 is the worst place to go if one is seeking drama and agenda free news"}
{"tweet_id":841810041590165512,"created_unixtime":1489538128646,"created_time":"Wed Mar 15 00:35:28 +0000 2017","lang":"en","displayname":"magicapplier","time_zone":"","msg":"bluecollardaugh Let us make Sad magicalIt is now groaner"}
{"tweet_id":841810038658355200,"created_unixtime":1489538127947,"created_time":"Wed Mar 15 00:35:27 +0000 2017","lang":"en","displayname":"aryanna_gilbert","time_zone":"","msg":"Happy birthday pretty I love you so much and thank you for all the laughs and taking care of me😩❤️ elainexrose https//tco/jLEHVcgQKN"}
{"tweet_id":841810041887899648,"created_unixtime":1489538128717,"created_time":"Wed Mar 15 00:35:28 +0000 2017","lang":"ja","displayname":"2002329Ac","time_zone":"","msg":"RT Emonne__puri おめでと切絵ちゃん！！🎂 HAPPY BIRTHDAY 💗🎶°•⋆今年もうまるちゃん2期期待してるね〜😇本場切絵生誕祭2017 3月15日は本場切絵の誕生日 干物妹うまるちゃん https//tco/5vvUHgYc4v"}
{"tweet_id":841810042047369216,"created_unixtime":1489538128755,"created_time":"Wed Mar 15 00:35:28 +0000 2017","lang":"en","displayname":"improvebot","time_zone":"","msg":"bluecollardaugh CLANG CLANG CLANG I am reforging Sad into sad"}
{"tweet_id":841810041976049665,"created_unixtime":1489538128738,"created_time":"Wed Mar 15 00:35:28 +0000 2017","lang":"en","displayname":"Boobunnydog","time_zone":"Eastern Time (US & Canada)","msg":"COUNTDOWN to Trump saying “Fake News Fake Leaks Dint Believe it SAD” but he will spell “leaks” wrong"}
{"tweet_id":841810042336735233,"created_unixtime":1489538128824,"created_time":"Wed Mar 15 00:35:28 +0000 2017","lang":"en","displayname":"McKenzie_Buchta","time_zone":"","msg":"Happy birthday brendan_kepes14 staybusting"}
{"tweet_id":841810042970038272,"created_unixtime":1489538128975,"created_time":"Wed Mar 15 00:35:28 +0000 2017","lang":"en","displayname":"hvcexplicit","time_zone":"Pacific Time (US & Canada)","msg":"offclASTRO HappyJinJinDay HAPPY BIRTHDAAAY I LOVE U"}
{"tweet_id":841810042567458816,"created_unixtime":1489538128879,"created_time":"Wed Mar 15 00:35:28 +0000 2017","lang":"en","displayname":"istx25","time_zone":"Pacific Time (US & Canada)","msg":"RT digitalocean This is why we cant have nice things anymoreHappy Pi Day from InsideDO PiDay https//tco/AXu5kawUbQ"}
{"tweet_id":841810042722631680,"created_unixtime":1489538128916,"created_time":"Wed Mar 15 00:35:28 +0000 2017","lang":"en","displayname":"SavageNation","time_zone":"Pacific Time (US & Canada)","msg":"FBI RT FBIMostWanted Happy 67th Birthday to the FBI Ten Most Wanted Fugitives List created on March 14 1950 https//tco/kJsUviDSul"}
{"tweet_id":841810042877759488,"created_unixtime":1489538128953,"created_time":"Wed Mar 15 00:35:28 +0000 2017","lang":"ko","displayname":"sUriya251258","time_zone":"","msg":"RT offclASTRO Happy birthday to you~ 진진형 22번째 생일을진심으로 축하해요🎉🎉 착하고 장난도 잘받아주고 리더쉽있는ㅎㅎ진진형 귀염댕이 아스트로 잘부탁드려요생일선물 나 HappyJINJINDay https//…"}
{"tweet_id":841810042739286017,"created_unixtime":1489538128920,"created_time":"Wed Mar 15 00:35:28 +0000 2017","lang":"ja","displayname":"first0717","time_zone":"","msg":"【連載マンガ】「ほしとくずDont worry Be happy CHAPTER01」を読みました！人気マンガが無料で読める！LINEマンガ今スグ読む→ https//tco/hOZjXUTwWu LINEマンガ"}
{"tweet_id":841810043246940160,"created_unixtime":1489538129041,"created_time":"Wed Mar 15 00:35:29 +0000 2017","lang":"en","displayname":"JocelynPeters","time_zone":"Eastern Time (US & Canada)","msg":"RT TOASTOTHEGOD Its Sad When Ur Own Friends Hate On You"}
{"tweet_id":841810043427147776,"created_unixtime":1489538129084,"created_time":"Wed Mar 15 00:35:29 +0000 2017","lang":"ar","displayname":"chettayoda","time_zone":"Central Time (US & Canada)","msg":"RT AlkofahiGhaleb ارسل سلامي لكل الاحبة جمعـــه طيبة TWITTER friends happy weekend🐕🐩✨☀️🤗🤗🙋🏼‍♂️🙋🏼‍♂️⛷👌🏼👍🏼 https//tco/ysK1j3jjv3"}
{"tweet_id":841810043246911489,"created_unixtime":1489538129041,"created_time":"Wed Mar 15 00:35:29 +0000 2017","lang":"en","displayname":"bbqs3516","time_zone":"","msg":"samsteinhp  Must be why Im healthy and happy huh"}
{"tweet_id":841810043100094465,"created_unixtime":1489538129006,"created_time":"Wed Mar 15 00:35:29 +0000 2017","lang":"en","displayname":"enoarohp_","time_zone":"Atlantic Time (Canada)","msg":"RT D_Deji28 Do you guys know why he was killed A girl lied that he raped her and her brother shot him dead https//tco/IWDVDZp3rz"}
{"tweet_id":841810043397849088,"created_unixtime":1489538129077,"created_time":"Wed Mar 15 00:35:29 +0000 2017","lang":"en","displayname":"JustKeepSwaying","time_zone":"","msg":"happy birthday bro we bouta turn up w coach bailey ot what 🤔🍻HbTonio"}
{"tweet_id":841810043838246912,"created_unixtime":1489538129182,"created_time":"Wed Mar 15 00:35:29 +0000 2017","lang":"ja","displayname":"3131Akr","time_zone":"","msg":"RT benriyayuuki おはようございますﾆｬ٩●˙▽˙●۶🎶寒さ戻って来たにゃ～´；ω；｀💦心の中だけはﾓﾌﾓﾌﾌﾜﾌﾜﾎﾟｯｶﾎﾟｶ✧｡ ´∩•͈ω•͈∩` ✧｡でぇ今日も1日まんまる😊✨Happyでぇ宜しくお願いしますですにゃ_… "}
{"tweet_id":841810043875999744,"created_unixtime":1489538129191,"created_time":"Wed Mar 15 00:35:29 +0000 2017","lang":"in","displayname":"afyqahazman97","time_zone":"","msg":"Happy bornday syu😚😘😍Smoga kau sntiasa jd kwn aku smpai bila2🎊🎉🎂🎈🎁muah kitmeansyuhada"}
{"tweet_id":841810043838337024,"created_unixtime":1489538129182,"created_time":"Wed Mar 15 00:35:29 +0000 2017","lang":"en","displayname":"starbones","time_zone":"Eastern Time (US & Canada)","msg":"RT lizparlett I forgot to post this yesterday but who Got Sad about Carey in last weeks TheZoneCast bc I sure did https//tco/xx7TKE5q…"}
{"tweet_id":841810044081590275,"created_unixtime":1489538129240,"created_time":"Wed Mar 15 00:35:29 +0000 2017","lang":"en","displayname":"BeJones98","time_zone":"Central Time (US & Canada)","msg":"RT JumpmanJudy BeJones98 happy birthday"}
{"tweet_id":841810044115083264,"created_unixtime":1489538129248,"created_time":"Wed Mar 15 00:35:29 +0000 2017","lang":"en","displayname":"sassy_sam96","time_zone":"Pacific Time (US & Canada)","msg":"Happy birthday DKesler  Hope ya have a good one 🤘🏻"}
{"tweet_id":841810044379262976,"created_unixtime":1489538129311,"created_time":"Wed Mar 15 00:35:29 +0000 2017","lang":"en","displayname":"alyssaaanicole7","time_zone":"","msg":"RT KaylaniStewart alyssaaanicole7 happy birthday love you and miss you‼️‼️😭"}
{"tweet_id":841810044178051072,"created_unixtime":1489538129263,"created_time":"Wed Mar 15 00:35:29 +0000 2017","lang":"en","displayname":"nicoleelauraaa","time_zone":"","msg":"RT JustAGirIThing Someone When was the last time u were truly happy Me https//tco/YTSjNOreRU"}
{"tweet_id":841810044895162368,"created_unixtime":1489538129434,"created_time":"Wed Mar 15 00:35:29 +0000 2017","lang":"en","displayname":"BKizzle777","time_zone":"","msg":"RT 49ers RT to wish AhmadBrooks55 a happy birthday https//tco/Od4M5LNFjR"}
{"tweet_id":841810044702330880,"created_unixtime":1489538129388,"created_time":"Wed Mar 15 00:35:29 +0000 2017","lang":"en","displayname":"Miller_Sara13","time_zone":"","msg":"RT joorrdyn Miller_Sara13 hi happy birthday I love and miss u very much"}
{"tweet_id":841810042764574724,"created_unixtime":1489538128926,"created_time":"Wed Mar 15 00:35:28 +0000 2017","lang":"en","displayname":"abbie_hustead","time_zone":"Central Time (US & Canada)","msg":"happy bday cassidydawn_  "}
{"tweet_id":841810045302108160,"created_unixtime":1489538129531,"created_time":"Wed Mar 15 00:35:29 +0000 2017","lang":"en","displayname":"patkirchsucks","time_zone":"Pacific Time (US & Canada)","msg":"I just ordered so much doninos happy pi day"}
{"tweet_id":841810045692141569,"created_unixtime":1489538129624,"created_time":"Wed Mar 15 00:35:29 +0000 2017","lang":"en","displayname":"xoxoleezaa","time_zone":"","msg":"Happy Birthday Aaron May god bless you and your kind heart Be safe Ill be seeing you soon Imy 💘 ANGR515"}
{"tweet_id":841810042160574464,"created_unixtime":1489538128782,"created_time":"Wed Mar 15 00:35:28 +0000 2017","lang":"en","displayname":"Gabistonee","time_zone":"","msg":"My ugly sweaters make me happy😌Get you a girl who can wear anything https//tco/003BBHJeHl"}
