{"tweet_id":841810096401260544,"created_unixtime":1489538141714,"created_time":"Wed Mar 15 00:35:41 +0000 2017","lang":"en","displayname":"cldevin","time_zone":"Mountain Time (US & Canada)","msg":"realDonaldTrump thats the country you have created Sad"}
{"tweet_id":841810096116113408,"created_unixtime":1489538141646,"created_time":"Wed Mar 15 00:35:41 +0000 2017","lang":"en","displayname":"tylerroman12251","time_zone":"","msg":"RT preaching if youre happy with someone forget about what everyone else says"}
{"tweet_id":841810096611069953,"created_unixtime":1489538141764,"created_time":"Wed Mar 15 00:35:41 +0000 2017","lang":"en","displayname":"sweetalisbakery","time_zone":"Central Time (US & Canada)","msg":"RT celiacpack Happy Pi Day What is your favorite kind of pie Judy celebrated today in Math class with a delicious… "}
{"tweet_id":841810096137080832,"created_unixtime":1489538141651,"created_time":"Wed Mar 15 00:35:41 +0000 2017","lang":"en","displayname":"_noturbitchh","time_zone":"Eastern Time (US & Canada)","msg":"I really hope ur happy wit life cause u a cool indi — Cant complain  https//tco/KpC9elIN4o"}
{"tweet_id":841810097030418432,"created_unixtime":1489538141864,"created_time":"Wed Mar 15 00:35:41 +0000 2017","lang":"en","displayname":"nurnabihah_a","time_zone":"","msg":"Happy Birthday Ihsan"}
{"tweet_id":841810097294606336,"created_unixtime":1489538141927,"created_time":"Wed Mar 15 00:35:41 +0000 2017","lang":"en","displayname":"ItsLaiza_L","time_zone":"","msg":"RT PearLUSTerNiJ Happy 3rd JaDinesJaDines 3PinyaSarapYrsLetOurPurpleHeartsShineAt3"}
{"tweet_id":841810097277943809,"created_unixtime":1489538141923,"created_time":"Wed Mar 15 00:35:41 +0000 2017","lang":"en","displayname":"JayaVel8056059","time_zone":"","msg":"RT ThumbelinaIQ “Stop comparing yourself to other people just choose to be happy and live your own life” ― Roy T Bennett The L… "}
{"tweet_id":841810096652980229,"created_unixtime":1489538141774,"created_time":"Wed Mar 15 00:35:41 +0000 2017","lang":"en","displayname":"_Love4TheGame","time_zone":"Central Time (US & Canada)","msg":"RT troytheblackguy All she wanted to do was say happy birthday to her friend but twitter just couldnt let her live lmaooo https//tco/X…"}
{"tweet_id":841810097353461762,"created_unixtime":1489538141941,"created_time":"Wed Mar 15 00:35:41 +0000 2017","lang":"en","displayname":"cornnnugget","time_zone":"","msg":"NervousService yes exactly if only everyone had common sense I know but they dont 😬 people will do anything to escape sad"}
{"tweet_id":841810097705697280,"created_unixtime":1489538142025,"created_time":"Wed Mar 15 00:35:42 +0000 2017","lang":"ja","displayname":"ju12a","time_zone":"","msg":"就活生は見ておいたほうがいいですよ！ https//tco/TzXl5fFRRB"}
{"tweet_id":841810097168883714,"created_unixtime":1489538141897,"created_time":"Wed Mar 15 00:35:41 +0000 2017","lang":"en","displayname":"dreww9st","time_zone":"Mountain Time (US & Canada)","msg":"RT Tyreek__ dreww9st happy birthday big bro"}
{"tweet_id":841810097336532993,"created_unixtime":1489538141937,"created_time":"Wed Mar 15 00:35:41 +0000 2017","lang":"ja","displayname":"Sena86902725","time_zone":"","msg":"RT ny213hskbst 海未ちゃんHAPPY BIRTHDAY🎉🎉🎉🎉🎉園田海未生誕祭2017 園田海未生誕祭 3月15日は園田海未の誕生日 RTした人全員フォローする いいねした人全員フォローする https//tco/Z9PL3Ff6Se"}
{"tweet_id":841810097923792898,"created_unixtime":1489538142077,"created_time":"Wed Mar 15 00:35:42 +0000 2017","lang":"en","displayname":"the_brain","time_zone":"","msg":"MrsGinaG0910 While Im happy you used Yahoo Sports Im not thrilled with your method How about we do a 6th and this time UseYourBrain"}
{"tweet_id":841810097852583936,"created_unixtime":1489538142060,"created_time":"Wed Mar 15 00:35:42 +0000 2017","lang":"en","displayname":"livinglancaster","time_zone":"Eastern Time (US & Canada)","msg":"RT MomItForward Q6 DOES FOOD MAKE YOU HAPPY WHAT DISHES MAKE YOU THE HAPPIEST AvoHappiness GNO PLS RT"}
{"tweet_id":841810097890316288,"created_unixtime":1489538142069,"created_time":"Wed Mar 15 00:35:42 +0000 2017","lang":"en","displayname":"CallmeTori93","time_zone":"Pacific Time (US & Canada)","msg":"RT AllyBrooke HAPPY BIRFDAY TO A WONDERFUL SWEET FABULOUS STUNNING INCREDIBLE WOMAN NAMED KAT 🎂🎈🎀 allytwerking"}
{"tweet_id":841810098322317312,"created_unixtime":1489538142172,"created_time":"Wed Mar 15 00:35:42 +0000 2017","lang":"en","displayname":"liseve91","time_zone":"","msg":"freddiemsmith could you wish my best friend AlonaDanger a very happy birthday"}
{"tweet_id":841810097420550144,"created_unixtime":1489538141957,"created_time":"Wed Mar 15 00:35:41 +0000 2017","lang":"en","displayname":"6Tomy","time_zone":"","msg":"RT TheDoctorPuppet Happy piday doctorwho petercapaldi pearlmackie billpotts pie https//tco/2KayNRsZ8t"}
{"tweet_id":841810097722531840,"created_unixtime":1489538142029,"created_time":"Wed Mar 15 00:35:42 +0000 2017","lang":"en","displayname":"sanjshining","time_zone":"","msg":"mirandayikes i love you birthday triplet i hope i can make you happy and we become good friends soon stay safe and cute"}
{"tweet_id":841810098418774016,"created_unixtime":1489538142195,"created_time":"Wed Mar 15 00:35:42 +0000 2017","lang":"en","displayname":"misch9898","time_zone":"","msg":"seanhannity BoDietl Is anyone taking up a cause for this dog This is too sad"}
{"tweet_id":841810097433124865,"created_unixtime":1489538141960,"created_time":"Wed Mar 15 00:35:41 +0000 2017","lang":"en","displayname":"HayleyBryce14","time_zone":"","msg":"Happy birthday again to the girl that truly cannot walk by a dog and not pet it😂😂miss you sm thanks for always supp… https//tco/oc6y3BMuuv"}
{"tweet_id":841810098464919552,"created_unixtime":1489538142206,"created_time":"Wed Mar 15 00:35:42 +0000 2017","lang":"en","displayname":"ItsALongBattle3","time_zone":"Quito","msg":"RT Sir_Carranza I cant stand people on Snapchat that post a black screen with some sad/depressing shit 💆🏽‍♂️"}
{"tweet_id":841810098825621504,"created_unixtime":1489538142292,"created_time":"Wed Mar 15 00:35:42 +0000 2017","lang":"en","displayname":"LuxeNoirr","time_zone":"Eastern Time (US & Canada)","msg":"ayers0807 aww ok now when I go back Ill be slightly sad"}
{"tweet_id":841810096057278464,"created_unixtime":1489538141632,"created_time":"Wed Mar 15 00:35:41 +0000 2017","lang":"en","displayname":"macyvia_","time_zone":"Central Time (US & Canada)","msg":"happy bday rylee hope its been an amazing day 💜💜💜 https//tco/3MfxY3vyLT"}
{"tweet_id":841810098813050880,"created_unixtime":1489538142289,"created_time":"Wed Mar 15 00:35:42 +0000 2017","lang":"en","displayname":"IghoTietie","time_zone":"","msg":"RT WarriUpdate Happy birthday my main man Kitay_PFame https//tco/9DY70mKrZ9"}
{"tweet_id":841810098095828992,"created_unixtime":1489538142118,"created_time":"Wed Mar 15 00:35:42 +0000 2017","lang":"en","displayname":"TopShelfContent","time_zone":"","msg":"Our very own Ava is now streaming some Early Content live Be sure to check it out https//tco/2OZdWGEN1x"}
{"tweet_id":841810099869949952,"created_unixtime":1489538142541,"created_time":"Wed Mar 15 00:35:42 +0000 2017","lang":"en","displayname":"DaraNadine21","time_zone":"","msg":"Happy third anniversary JaDines lt3 JaDines 3PinyaSarapYrsLetOurPurpleHeartsShineAt3"}
{"tweet_id":841810099169554433,"created_unixtime":1489538142374,"created_time":"Wed Mar 15 00:35:42 +0000 2017","lang":"en","displayname":"viannneeyyy_","time_zone":"","msg":"RT asaproxana this the best feeling ever https//tco/J7lTYbiDXM"}
{"tweet_id":841810099626745856,"created_unixtime":1489538142483,"created_time":"Wed Mar 15 00:35:42 +0000 2017","lang":"en","displayname":"ckokickboxing","time_zone":"Eastern Time (US & Canada)","msg":"Happy Birthday to our ckoseattle  Franchise jessicarenon    Have an amazing day https//tco/UtrttozcyM"}
{"tweet_id":841810099945390080,"created_unixtime":1489538142559,"created_time":"Wed Mar 15 00:35:42 +0000 2017","lang":"en","displayname":"truth_pray","time_zone":"Pacific Time (US & Canada)","msg":"AshleyJudd Needs to stay away from BigBlue UKWildcats BBGamesKY loves Trump She is a Drama Queen With 0… https//tco/ypg6TD54bh"}
{"tweet_id":841810099958104064,"created_unixtime":1489538142562,"created_time":"Wed Mar 15 00:35:42 +0000 2017","lang":"en","displayname":"DaaaaanRace","time_zone":"","msg":"RT Stormzy1 Do what makes you happy mate"}
{"tweet_id":841810099781918721,"created_unixtime":1489538142520,"created_time":"Wed Mar 15 00:35:42 +0000 2017","lang":"en","displayname":"Juli_5H_CC","time_zone":"","msg":"RT 5HVotingStats Scared Of Happy FifthHarmony YouKnowYouLoveThem radiodisney"}
{"tweet_id":841810100264288256,"created_unixtime":1489538142635,"created_time":"Wed Mar 15 00:35:42 +0000 2017","lang":"en","displayname":"frances_email","time_zone":"","msg":"RT Rachael_Swindon Tory MP Anne Main Happy to cut disability money and happy for you to cover her daughters lifestyle Shocking amp ve… "}
{"tweet_id":841810100151033857,"created_unixtime":1489538142608,"created_time":"Wed Mar 15 00:35:42 +0000 2017","lang":"en","displayname":"Bruna_buru","time_zone":"Brasilia","msg":"RT NicolePadAckles Happy J2sday https//tco/VMtszeRGaM"}
{"tweet_id":841810099450609664,"created_unixtime":1489538142441,"created_time":"Wed Mar 15 00:35:42 +0000 2017","lang":"en","displayname":"hollhant","time_zone":"London","msg":"Seeing him smile is what makes me happy💜 natekgarner https//tco/tFOjoQkEZ3"}
{"tweet_id":841810100616478720,"created_unixtime":1489538142719,"created_time":"Wed Mar 15 00:35:42 +0000 2017","lang":"en","displayname":"DigiTx_Partners","time_zone":"","msg":"RT athenaMDP Packed house last night for our Health Tech Happy Hour at SXSW with CambiaGrove TMCInnovation Thanks to everyon… "}
{"tweet_id":841810100763344896,"created_unixtime":1489538142754,"created_time":"Wed Mar 15 00:35:42 +0000 2017","lang":"en","displayname":"lockwoodrard","time_zone":"Beijing","msg":"RT ohteenquotes Spend life with who makes you happy not with who you have to impress"}
{"tweet_id":841810100952150016,"created_unixtime":1489538142799,"created_time":"Wed Mar 15 00:35:42 +0000 2017","lang":"en","displayname":"JahlenDntLoveEm","time_zone":"Central Time (US & Canada)","msg":"RT richthekid Focus on what makes you happy"}
{"tweet_id":841810100721446913,"created_unixtime":1489538142744,"created_time":"Wed Mar 15 00:35:42 +0000 2017","lang":"en","displayname":"mermaidirish","time_zone":"Eastern Time (US & Canada)","msg":"RT D_Deji28 Do you guys know why he was killed A girl lied that he raped her and her brother shot him dead https//tco/IWDVDZp3rz"}
{"tweet_id":841810101405011969,"created_unixtime":1489538142907,"created_time":"Wed Mar 15 00:35:42 +0000 2017","lang":"tl","displayname":"elclen52","time_zone":"","msg":"RT sunghyenaul pati saging dume destiny na rin 😂😂ALDUBxDTBYTugOfHearts https//tco/3Qx88bHpkE"}
{"tweet_id":841810101254119425,"created_unixtime":1489538142871,"created_time":"Wed Mar 15 00:35:42 +0000 2017","lang":"en","displayname":"Salaaah31","time_zone":"","msg":"RT Koloholic 🎂 Happy birthday to Joe Allen Thanks for the memories Welsh Pirlo 😀 https//tco/DIcc0EZuF3"}
{"tweet_id":841810101841219584,"created_unixtime":1489538143011,"created_time":"Wed Mar 15 00:35:43 +0000 2017","lang":"en","displayname":"pappypipedreams","time_zone":"Pacific Time (US & Canada)","msg":"RT BillNye Happy 314 Day peoples"}
{"tweet_id":841810101770031105,"created_unixtime":1489538142994,"created_time":"Wed Mar 15 00:35:42 +0000 2017","lang":"en","displayname":"IndigenousOz","time_zone":"Hawaii","msg":"RT __Nevermore__ Happy birthday IndigenousX 🎉🎉 Congrats LukeLPearson amp all the wonderful hosts Indigenous perspectives gt Indigenous vo…"}
{"tweet_id":841810101916831744,"created_unixtime":1489538143029,"created_time":"Wed Mar 15 00:35:43 +0000 2017","lang":"es","displayname":"sxdslen","time_zone":"Pacific Time (US & Canada)","msg":"RT LautyDesigns_ sxdslen te quiero chico sad"}
{"tweet_id":841810101560307712,"created_unixtime":1489538142944,"created_time":"Wed Mar 15 00:35:42 +0000 2017","lang":"en","displayname":"TaylorHensley_","time_zone":"","msg":"awh thank you grace❤️❤️❤️ https//tco/Ye8QOV2m1R"}
{"tweet_id":841810101837082625,"created_unixtime":1489538143010,"created_time":"Wed Mar 15 00:35:43 +0000 2017","lang":"ja","displayname":"runa_tyomu72","time_zone":"","msg":"RT lovelive_kot うみちゃーん♡Happy Birthdayヽ〃･ω･ﾉ☆ﾟ’･☆ラブアローシュート♡♡これからも大好きだよ♡園田海未生誕祭2017 園田海未好きな人RT RTした人全員フォローする… "}
{"tweet_id":841810102210314240,"created_unixtime":1489538143099,"created_time":"Wed Mar 15 00:35:43 +0000 2017","lang":"en","displayname":"_hhaneyy","time_zone":"Singapore","msg":"RT gigglypjm the best concept happy bangtan https//tco/otU3ceclVU"}
{"tweet_id":841810101560254464,"created_unixtime":1489538142944,"created_time":"Wed Mar 15 00:35:42 +0000 2017","lang":"en","displayname":"deandra_tanzala","time_zone":"Pacific Time (US & Canada)","msg":"Happy our with JURRASIC WORLD on NETFLIX 🐰🐰🐰🐰 https//tco/2SIkcyFFms"}
{"tweet_id":841810102164185088,"created_unixtime":1489538143088,"created_time":"Wed Mar 15 00:35:43 +0000 2017","lang":"en","displayname":"jenikooooooo","time_zone":"","msg":"RT JacksonUltima When coach is happy you landed it But Choreographer is pissed you blew off her awesome transitional steps https/…"}
{"tweet_id":841810102453649408,"created_unixtime":1489538143157,"created_time":"Wed Mar 15 00:35:43 +0000 2017","lang":"en","displayname":"TrishaV1205","time_zone":"","msg":"RT Pikuchen Jongdae cute habbit of wiggling his shoulders when hes happy aww hes so sweety and cutie 🤷🏻‍♂️💕 https//tco/haTBt5bmNS"}
{"tweet_id":841810102508236801,"created_unixtime":1489538143170,"created_time":"Wed Mar 15 00:35:43 +0000 2017","lang":"en","displayname":"bbyscumangel","time_zone":"","msg":"When ever I get sad about spending money on makeup I tell my dad to put more on my account"}
{"tweet_id":841810102965407746,"created_unixtime":1489538143279,"created_time":"Wed Mar 15 00:35:43 +0000 2017","lang":"en","displayname":"sydshortdork","time_zone":"","msg":"Im so happy bc Ive finally decided I want to concentrate on making music more and singing 😄"}
{"tweet_id":841810103158284288,"created_unixtime":1489538143325,"created_time":"Wed Mar 15 00:35:43 +0000 2017","lang":"ja","displayname":"kaoru1116maki","time_zone":"","msg":"最近よく寝れるhappy"}
{"tweet_id":841810103351226368,"created_unixtime":1489538143371,"created_time":"Wed Mar 15 00:35:43 +0000 2017","lang":"ja","displayname":"marinekomama","time_zone":"Irkutsk","msg":"burber74 おはようございます˙︶˙☆°１年もがんばって準備なさったのですね！発表きっと上手くいきま～す🍀゜頑張ってください～๑•̀o•́๑۶ FIGHT☆まだ潤さんの食したオリーブオイル入手していませんでした･･･今日もhappy🍀゜"}
{"tweet_id":841810103380676609,"created_unixtime":1489538143378,"created_time":"Wed Mar 15 00:35:43 +0000 2017","lang":"en","displayname":"duhxnelle","time_zone":"","msg":"RT BillNye Happy 314 Day peoples"}
{"tweet_id":841810103514857472,"created_unixtime":1489538143410,"created_time":"Wed Mar 15 00:35:43 +0000 2017","lang":"en","displayname":"EverythingKN","time_zone":"Urumqi","msg":"Happy birthday genee eugeneedelro https//tco/llI9y0gNIC"}
{"tweet_id":841810103867072512,"created_unixtime":1489538143494,"created_time":"Wed Mar 15 00:35:43 +0000 2017","lang":"en","displayname":"kalachan4","time_zone":"","msg":"If you want to with happy didnt do Many mistake one who leave you dont go after her/him"}
{"tweet_id":841810103821045760,"created_unixtime":1489538143483,"created_time":"Wed Mar 15 00:35:43 +0000 2017","lang":"en","displayname":"taylorc_00","time_zone":"","msg":"Im done crying over people and life in general man I just want to be happy"}
{"tweet_id":841810104680775680,"created_unixtime":1489538143688,"created_time":"Wed Mar 15 00:35:43 +0000 2017","lang":"en","displayname":"iampunkin12","time_zone":"","msg":"RT ohteenquotes Its sad when youre willing to do everything to be with someone and they do everything to be with somebody else"}
{"tweet_id":841810104538275842,"created_unixtime":1489538143654,"created_time":"Wed Mar 15 00:35:43 +0000 2017","lang":"en","displayname":"LovingKedriuna","time_zone":"Central Time (US & Canada)","msg":"RT D_Deji28 Do you guys know why he was killed A girl lied that he raped her and her brother shot him dead https//tco/IWDVDZp3rz"}
{"tweet_id":841810104236269568,"created_unixtime":1489538143582,"created_time":"Wed Mar 15 00:35:43 +0000 2017","lang":"en","displayname":"ChrisMurda_","time_zone":"Central Time (US & Canada)","msg":"RT D_Deji28 Do you guys know why he was killed A girl lied that he raped her and her brother shot him dead https//tco/IWDVDZp3rz"}
{"tweet_id":841810104781549568,"created_unixtime":1489538143712,"created_time":"Wed Mar 15 00:35:43 +0000 2017","lang":"en","displayname":"xcorpiusx","time_zone":"America/Sao_Paulo","msg":"RT TheDoctorPuppet Happy piday doctorwho petercapaldi pearlmackie billpotts pie https//tco/2KayNRsZ8t"}
{"tweet_id":841810104739483649,"created_unixtime":1489538143702,"created_time":"Wed Mar 15 00:35:43 +0000 2017","lang":"en","displayname":"hey_itsmacie","time_zone":"","msg":"RT itzzkait LGBT promposals make me so happy https//tco/9nZttQ0Swk"}
{"tweet_id":841810104878043136,"created_unixtime":1489538143735,"created_time":"Wed Mar 15 00:35:43 +0000 2017","lang":"en","displayname":"AishaSchulze","time_zone":"Pacific Time (US & Canada)","msg":"Be happy you never know how much time you have left"}
{"tweet_id":841810104718614528,"created_unixtime":1489538143697,"created_time":"Wed Mar 15 00:35:43 +0000 2017","lang":"en","displayname":"JGA54_","time_zone":"","msg":"ThatNiccaRob haha sad but trueeeee"}
{"tweet_id":841810105410572288,"created_unixtime":1489538143862,"created_time":"Wed Mar 15 00:35:43 +0000 2017","lang":"en","displayname":"nickelblaaack","time_zone":"","msg":"RT hmvErk Totally forgot today is pi day Happy 314 🤓"}
{"tweet_id":841810105314172929,"created_unixtime":1489538143839,"created_time":"Wed Mar 15 00:35:43 +0000 2017","lang":"en","displayname":"_xeooo","time_zone":"","msg":"happy birthday gabegetsbucketz 🎉🎈🤘🏼😁"}
{"tweet_id":841810105540718592,"created_unixtime":1489538143893,"created_time":"Wed Mar 15 00:35:43 +0000 2017","lang":"en","displayname":"Skurr_imPRETTY","time_zone":"","msg":"Im so nice  when Im mean I get sad 🤦🏾‍♀️"}
{"tweet_id":841810103959474176,"created_unixtime":1489538143516,"created_time":"Wed Mar 15 00:35:43 +0000 2017","lang":"en","displayname":"wheresdaweeknd","time_zone":"Eastern Time (US & Canada)","msg":"Dont be like that Ron 😭😂💀 https//tco/E7inl9NeXd"}
{"tweet_id":841810106153078785,"created_unixtime":1489538144039,"created_time":"Wed Mar 15 00:35:44 +0000 2017","lang":"en","displayname":"ghostdolls","time_zone":"Pacific Time (US & Canada)","msg":"RT ghostdolls if happy elements wont provide me with shu content ill just have to provide myself with it https//tco/uwf8iDbvrO"}
{"tweet_id":841810105691717632,"created_unixtime":1489538143929,"created_time":"Wed Mar 15 00:35:43 +0000 2017","lang":"es","displayname":"elcritiko81","time_zone":"","msg":"RT Domingortiz El héroe del Leicester kschmeichel1 habló del VCF y de santicanizares Soy fan del VCF desde los 5 años… "}
{"tweet_id":841810106840825857,"created_unixtime":1489538144203,"created_time":"Wed Mar 15 00:35:44 +0000 2017","lang":"en","displayname":"dxcleofe17","time_zone":"Pacific Time (US & Canada)","msg":"RT lucyliciousmith Edward So happy to be here MBMayWard"}
{"tweet_id":841810106413137920,"created_unixtime":1489538144101,"created_time":"Wed Mar 15 00:35:44 +0000 2017","lang":"en","displayname":"JKHoro","time_zone":"Central Time (US & Canada)","msg":"connor_obrien97 on the bright side pitching looks good and Yo seems locked in Could be a fun year at CIti Think Damaja is happy or sad"}
{"tweet_id":841810106777972736,"created_unixtime":1489538144188,"created_time":"Wed Mar 15 00:35:44 +0000 2017","lang":"en","displayname":"irritated_chap","time_zone":"Arizona","msg":"AP lol liberals are just unhinged Sad and great and entertainment"}
{"tweet_id":841810106253750273,"created_unixtime":1489538144063,"created_time":"Wed Mar 15 00:35:44 +0000 2017","lang":"en","displayname":"BSBot01","time_zone":"","msg":"RT TheDoctorPuppet Happy piday doctorwho petercapaldi pearlmackie billpotts pie https//tco/2KayNRsZ8t"}
{"tweet_id":841810107084222464,"created_unixtime":1489538144261,"created_time":"Wed Mar 15 00:35:44 +0000 2017","lang":"en","displayname":"sharmine__","time_zone":"Amsterdam","msg":"RT Stormzy1 Do what makes you happy mate"}
{"tweet_id":841810106807418880,"created_unixtime":1489538144195,"created_time":"Wed Mar 15 00:35:44 +0000 2017","lang":"en","displayname":"ChrisDoll_","time_zone":"","msg":"RT HarlemTeyy Yall Ive never seen this movie😭 https//tco/Uchi4zxU7O"}
{"tweet_id":841810107633553408,"created_unixtime":1489538144392,"created_time":"Wed Mar 15 00:35:44 +0000 2017","lang":"en","displayname":"healdol07","time_zone":"Pacific Time (US & Canada)","msg":"RT jaebumtrash Im obsessed with Q Its like the perfect happygolucky sound GOT7 excels at"}
{"tweet_id":841810108040515584,"created_unixtime":1489538144489,"created_time":"Wed Mar 15 00:35:44 +0000 2017","lang":"en","displayname":"asapia10","time_zone":"","msg":"RT xOmgRia Happy birthday Gorgeous❤🎉 asapia10 lmao I already wished you but o well 🤷🏽‍♀️ love youu💘"}
{"tweet_id":841810108006961153,"created_unixtime":1489538144481,"created_time":"Wed Mar 15 00:35:44 +0000 2017","lang":"en","displayname":"STEMFabLab","time_zone":"Pacific Time (US & Canada)","msg":"RT STEMpythons Happy PiDay from the STEMpythons Celebrate with the best Pi we could find MoonPie STEMcha https//tco/973HpdY9v0"}
{"tweet_id":841810108241874946,"created_unixtime":1489538144537,"created_time":"Wed Mar 15 00:35:44 +0000 2017","lang":"en","displayname":"akfmoose","time_zone":"Monterrey","msg":"RT BeatFassbender Happy McfassyTuesday Dragneto feels 😂💓 MichaelFassbender JamesMcAvoy Xmen https//tco/zJ3YdpyKOc"}
{"tweet_id":841810106195025920,"created_unixtime":1489538144049,"created_time":"Wed Mar 15 00:35:44 +0000 2017","lang":"en","displayname":"leahbalaska","time_zone":"","msg":"HAPPY BDAY MaddieReid18 miss amp love you sweet girl hang soon pls 💓💓 xoxo https//tco/8Ag041Hjg7"}
{"tweet_id":841810109353345024,"created_unixtime":1489538144802,"created_time":"Wed Mar 15 00:35:44 +0000 2017","lang":"en","displayname":"woahmae","time_zone":"Pacific Time (US & Canada)","msg":"RT maddyradtke i wish i was sleeping forever bc when im not sleeping im sad"}
{"tweet_id":841810109298692096,"created_unixtime":1489538144789,"created_time":"Wed Mar 15 00:35:44 +0000 2017","lang":"en","displayname":"TonyBoofy","time_zone":"Arizona","msg":"RT D_Deji28 Do you guys know why he was killed A girl lied that he raped her and her brother shot him dead https//tco/IWDVDZp3rz"}
{"tweet_id":841810109655212032,"created_unixtime":1489538144874,"created_time":"Wed Mar 15 00:35:44 +0000 2017","lang":"en","displayname":"starlessnite06","time_zone":"","msg":"RT ferriol_gale Those who move forward with a happy spirit will find that things always work outLLWaves"}
{"tweet_id":841810109785358337,"created_unixtime":1489538144905,"created_time":"Wed Mar 15 00:35:44 +0000 2017","lang":"en","displayname":"Deandre2Heavy","time_zone":"","msg":"RT richthekid Focus on what makes you happy"}
{"tweet_id":841810109823045632,"created_unixtime":1489538144914,"created_time":"Wed Mar 15 00:35:44 +0000 2017","lang":"ja","displayname":"Alutile_game","time_zone":"Pacific Time (US & Canada)","msg":"RT haruraru1205 海未ちゃん！！♡ﾟ･Happy Birthday･ﾟ♡ 園田海未生誕祭2017  3月15日は園田海未の誕生日  ラブライブ  RTした人全員フォローする https//tco/dLOPX46WKF"}
{"tweet_id":841810110234017792,"created_unixtime":1489538145012,"created_time":"Wed Mar 15 00:35:45 +0000 2017","lang":"en","displayname":"theHOTTmama","time_zone":"Mountain Time (US & Canada)","msg":"I think Im going to stay fat b/c school is the only thing that makes me happy right now"}
{"tweet_id":841810109718233089,"created_unixtime":1489538144889,"created_time":"Wed Mar 15 00:35:44 +0000 2017","lang":"en","displayname":"buttaholic26","time_zone":"Pacific Time (US & Canada)","msg":"RT emisonml Alison Dilaurentis invented character development and finally she gonna propose to Emily Fields and have a happy en… "}
{"tweet_id":841810110167023616,"created_unixtime":1489538144996,"created_time":"Wed Mar 15 00:35:44 +0000 2017","lang":"en","displayname":"Majik2u","time_zone":"Eastern Time (US & Canada)","msg":"https//tco/XNHd331MP8 via youtube Happy birthday Quincy Jones 🎶🎹🎶🎈🎂🎈"}
{"tweet_id":841810109575647238,"created_unixtime":1489538144855,"created_time":"Wed Mar 15 00:35:44 +0000 2017","lang":"en","displayname":"AddisonRoss1","time_zone":"","msg":"Hiii find new girl and be happy  https//tco/R5fp83VPVw https//tco/vzYOIKm6KH"}
{"tweet_id":841810110330605572,"created_unixtime":1489538145035,"created_time":"Wed Mar 15 00:35:45 +0000 2017","lang":"en","displayname":"JediTimeSaiyan","time_zone":"Mountain Time (US & Canada)","msg":"RT TheDoctorPuppet Happy piday doctorwho petercapaldi pearlmackie billpotts pie https//tco/2KayNRsZ8t"}
{"tweet_id":841810108090802176,"created_unixtime":1489538144501,"created_time":"Wed Mar 15 00:35:44 +0000 2017","lang":"en","displayname":"AARibbonGallery","time_zone":"","msg":"Happy PiDay Everyone https//tco/oYRvPd3U38"}
{"tweet_id":841810110880063492,"created_unixtime":1489538145166,"created_time":"Wed Mar 15 00:35:45 +0000 2017","lang":"en","displayname":"tiptoe39","time_zone":"Eastern Time (US & Canada)","msg":"that feel when youre so happy for a guy for getting a goal that youre ready to shed a tear capswild 😭"}
{"tweet_id":841810111182045186,"created_unixtime":1489538145238,"created_time":"Wed Mar 15 00:35:45 +0000 2017","lang":"es","displayname":"AlvaroYelin","time_zone":"Madrid","msg":"Ayuneon que SAD ya no juegas conmigo"}
{"tweet_id":841810111454683136,"created_unixtime":1489538145303,"created_time":"Wed Mar 15 00:35:45 +0000 2017","lang":"en","displayname":"marianoposst","time_zone":"Brasilia","msg":"RT xxxRiley These panties make me happy 😍😈💕 https//tco/iTUL00uqXS  ManyVids https//tco/fZ30g2sITW"}
{"tweet_id":841810110355726336,"created_unixtime":1489538145041,"created_time":"Wed Mar 15 00:35:45 +0000 2017","lang":"en","displayname":"trishiedm","time_zone":"Hong Kong","msg":"laladnlgalang cessveluz Happy Birthday Ces See you soon x 🎈🎉"}
{"tweet_id":841810111593103361,"created_unixtime":1489538145336,"created_time":"Wed Mar 15 00:35:45 +0000 2017","lang":"en","displayname":"RedGamingHunter","time_zone":"","msg":"RT MatPatGT A nerdy math joke for a nerdy holidayHappy Pi Day https//tco/jRxvuScUyn"}
{"tweet_id":841810110871670784,"created_unixtime":1489538145164,"created_time":"Wed Mar 15 00:35:45 +0000 2017","lang":"en","displayname":"ryann1606","time_zone":"Dublin","msg":"IndiaaXOX happy birthday x"}
{"tweet_id":841810112578752513,"created_unixtime":1489538145571,"created_time":"Wed Mar 15 00:35:45 +0000 2017","lang":"en","displayname":"leehenryhead","time_zone":"","msg":"eating bdubs w/ IanIan so i dont think I told you Happy Birthday last year man"}
{"tweet_id":841810112943652864,"created_unixtime":1489538145658,"created_time":"Wed Mar 15 00:35:45 +0000 2017","lang":"en","displayname":"itsmeVhogz","time_zone":"Taipei","msg":"RT lucyliciousmith Edward So happy to be here MBMayWard"}
{"tweet_id":841810112826224640,"created_unixtime":1489538145630,"created_time":"Wed Mar 15 00:35:45 +0000 2017","lang":"en","displayname":"mendoza_emee41","time_zone":"","msg":"RT sassy_gaye Still a little girl at ❤️simple things make her happy 😊👧🏻 Love you Hopie lizasoberano 💋 https//tco/4OPS98mrp5"}
{"tweet_id":841810112742346752,"created_unixtime":1489538145610,"created_time":"Wed Mar 15 00:35:45 +0000 2017","lang":"en","displayname":"Prince_keem_","time_zone":"Atlantic Time (Canada)","msg":"RT joyleeroy Prince_keem_ Happy Birfday 🎈"}
{"tweet_id":841810113480540160,"created_unixtime":1489538145786,"created_time":"Wed Mar 15 00:35:45 +0000 2017","lang":"en","displayname":"LuisamoragiM","time_zone":"","msg":"RT ItsFoodPorn Happy Pi Day https//tco/Z0y2cAbq0C"}
{"tweet_id":841810114248077312,"created_unixtime":1489538145969,"created_time":"Wed Mar 15 00:35:45 +0000 2017","lang":"en","displayname":"maxepps29","time_zone":"","msg":"happy bday homie cant wait for the season 💯 stephenmaley23"}
{"tweet_id":841810114059358208,"created_unixtime":1489538145924,"created_time":"Wed Mar 15 00:35:45 +0000 2017","lang":"en","displayname":"Joydermott","time_zone":"","msg":"RT preaching my main focus is to better myself be successful and be happy so if you arent contributing to that then i dont need you i…"}
{"tweet_id":841810114604601344,"created_unixtime":1489538146054,"created_time":"Wed Mar 15 00:35:46 +0000 2017","lang":"en","displayname":"ImGoingToSayIt","time_zone":"","msg":"Hmm Theyre probably happy they werent included in the MuslimBan https//tco/FNBQ9s3rwQ"}
{"tweet_id":841810115174973440,"created_unixtime":1489538146190,"created_time":"Wed Mar 15 00:35:46 +0000 2017","lang":"en","displayname":"CalebStefann","time_zone":"Arizona","msg":"Happy Birthday Brudder StephenCurry30"}
{"tweet_id":841810114583638016,"created_unixtime":1489538146049,"created_time":"Wed Mar 15 00:35:46 +0000 2017","lang":"en","displayname":"Mera160982Mera","time_zone":"","msg":"RT babygry MarionSpekker           200k followers ☀Many many Cogratulations🌹🌷Thank you so much always 💞dear Marion 🌻🌼🌹🌿… "}
{"tweet_id":841810114956935169,"created_unixtime":1489538146138,"created_time":"Wed Mar 15 00:35:46 +0000 2017","lang":"en","displayname":"Harmovatolizer","time_zone":"","msg":"RT preaching my main focus is to better myself be successful and be happy so if you arent contributing to that then i dont need you i…"}
{"tweet_id":841810114986287104,"created_unixtime":1489538146145,"created_time":"Wed Mar 15 00:35:46 +0000 2017","lang":"en","displayname":"lyssspurcell","time_zone":"Eastern Time (US & Canada)","msg":"RT kanyefeeI its sad to see a good person change"}
{"tweet_id":841810114982084609,"created_unixtime":1489538146144,"created_time":"Wed Mar 15 00:35:46 +0000 2017","lang":"en","displayname":"ConnorStuard","time_zone":"","msg":"happy bday bro bro VidalCameron"}
{"tweet_id":841810115330248706,"created_unixtime":1489538146227,"created_time":"Wed Mar 15 00:35:46 +0000 2017","lang":"en","displayname":"CanMARE_Swagg","time_zone":"Atlantic Time (Canada)","msg":"🎯🎯🎯 idek why i be trippen https//tco/vLPOS3mzI0"}
{"tweet_id":841810115623706624,"created_unixtime":1489538146297,"created_time":"Wed Mar 15 00:35:46 +0000 2017","lang":"en","displayname":"pocketregie","time_zone":"Mountain Time (US & Canada)","msg":"karchymiranda happy bday bb lt3"}
{"tweet_id":841810115443474433,"created_unixtime":1489538146254,"created_time":"Wed Mar 15 00:35:46 +0000 2017","lang":"en","displayname":"Noodellzz","time_zone":"Eastern Time (US & Canada)","msg":"keystone_light happy birthday my mans"}
{"tweet_id":841810115665776644,"created_unixtime":1489538146307,"created_time":"Wed Mar 15 00:35:46 +0000 2017","lang":"en","displayname":"Harmonyyyyy__","time_zone":"","msg":"RT kvngzeee IM TRYNNA B HAPPY ALL 2017‼️‼️‼️"}
{"tweet_id":841810115564982272,"created_unixtime":1489538146283,"created_time":"Wed Mar 15 00:35:46 +0000 2017","lang":"ja","displayname":"k4uro3u","time_zone":"","msg":"RT ToHeart2next Happy Birthdayなのは誕生日おめでとう≧∇≦/Reflectionメッチャクチャ楽しみだァー早く見たい＼o／全力全開で公開を待っているぞง°̀ﾛ°́ง高町なのは生誕祭2017… "}
{"tweet_id":841810115606937600,"created_unixtime":1489538146293,"created_time":"Wed Mar 15 00:35:46 +0000 2017","lang":"ja","displayname":"an070505","time_zone":"Tokyo","msg":"RT piecespace1 海未ちゃんHappy Birthday恥ずかしがりながらもアイドルとして可愛く振る舞う姿や、勝負事に対して一笑（生）懸命になる姿などが最高！園田海未生誕祭2017 3月15日は園田海未の誕生日… "}
{"tweet_id":841810115963510784,"created_unixtime":1489538146378,"created_time":"Wed Mar 15 00:35:46 +0000 2017","lang":"en","displayname":"jordel27","time_zone":"","msg":"RT MayWardDVO_Thai Trust yourself Create the kind of self that you will be happy to live with all your lifeMBMayWard"}
{"tweet_id":841810114990510080,"created_unixtime":1489538146146,"created_time":"Wed Mar 15 00:35:46 +0000 2017","lang":"en","displayname":"lexlindamer","time_zone":"","msg":"laurenn_mcgrath happy birthday baby glad were spending all 3 sports together💦🎉 ily hope ur day was awesome❤️ https//tco/NWY8PcR6Uq"}
{"tweet_id":841810116638724096,"created_unixtime":1489538146539,"created_time":"Wed Mar 15 00:35:46 +0000 2017","lang":"en","displayname":"bomnal170213","time_zone":"Novosibirsk","msg":"RT namjoonsunrise NAMJOON LOOKS SO HAPPY AND HE IS ENJOYING LIFE https//tco/b3T9ysWTFs"}
{"tweet_id":841810116382978048,"created_unixtime":1489538146478,"created_time":"Wed Mar 15 00:35:46 +0000 2017","lang":"en","displayname":"AdamAddict","time_zone":"Eastern Time (US & Canada)","msg":"I know right FrReigns I love seeing her happy 😊"}
{"tweet_id":841810116575920128,"created_unixtime":1489538146524,"created_time":"Wed Mar 15 00:35:46 +0000 2017","lang":"en","displayname":"Lunabug23","time_zone":"","msg":"My boy Boston getting old☹️ https//tco/w2rEBelpEy"}
{"tweet_id":841810116676530177,"created_unixtime":1489538146548,"created_time":"Wed Mar 15 00:35:46 +0000 2017","lang":"en","displayname":"nino_beverly","time_zone":"","msg":"RT nadzlionhearted HAPPY 3RD ANNIVERSARY FAM 🎉💜LetOurPurpleHeartsShineAt3"}
{"tweet_id":841810117154631680,"created_unixtime":1489538146662,"created_time":"Wed Mar 15 00:35:46 +0000 2017","lang":"en","displayname":"shohokuRED10","time_zone":"Kuala Lumpur","msg":"netflix We hope youre happy Because you wont be ever again ASOUE Season 2 https//tco/0i0CwKBIk1yay"}
{"tweet_id":841810117121175552,"created_unixtime":1489538146654,"created_time":"Wed Mar 15 00:35:46 +0000 2017","lang":"en","displayname":"binary_biscuit","time_zone":"","msg":"wikileaks unless someone else is going to pay the corps they are quite happy to keep the 0days"}
{"tweet_id":841810117427318784,"created_unixtime":1489538146727,"created_time":"Wed Mar 15 00:35:46 +0000 2017","lang":"en","displayname":"Sheeyiii","time_zone":"Pacific Time (US & Canada)","msg":"RT PatamaPost Never let a girl sleep sad or mad"}
{"tweet_id":841810117578252289,"created_unixtime":1489538146763,"created_time":"Wed Mar 15 00:35:46 +0000 2017","lang":"en","displayname":"engtamonx","time_zone":"Hanoi","msg":"RT EthanDolan happy tuesday todays vid is gonna be super different 😬"}
{"tweet_id":841810117519540225,"created_unixtime":1489538146749,"created_time":"Wed Mar 15 00:35:46 +0000 2017","lang":"en","displayname":"BafnaGeetha","time_zone":"","msg":"Mahatria working towards it Mahatria Happy morning Thank You Mahatria for loving me so much"}
{"tweet_id":841810117653753857,"created_unixtime":1489538146781,"created_time":"Wed Mar 15 00:35:46 +0000 2017","lang":"en","displayname":"cubanadeanna","time_zone":"","msg":"RT Rafaholics Nadal “I played a good match no Very aggressive with my serve serving well hitting good forehands good backha… "}
{"tweet_id":841810117448327168,"created_unixtime":1489538146732,"created_time":"Wed Mar 15 00:35:46 +0000 2017","lang":"und","displayname":"aycrosby","time_zone":"","msg":"RT jsassmaster 🙄 https//tco/bKh6rA8Ai1"}
{"tweet_id":841810117523869699,"created_unixtime":1489538146750,"created_time":"Wed Mar 15 00:35:46 +0000 2017","lang":"en","displayname":"Deri_Kerr","time_zone":"Quito","msg":"MhizzSweetHarte sad to say is a bajan who does it 😐😔😕"}
{"tweet_id":841810117842612224,"created_unixtime":1489538146826,"created_time":"Wed Mar 15 00:35:46 +0000 2017","lang":"en","displayname":"Nevaaa__","time_zone":"Quito","msg":"all my patients that ive gotten attached to goin home this week😔 but im so happy for them😊"}
{"tweet_id":841810118253592576,"created_unixtime":1489538146924,"created_time":"Wed Mar 15 00:35:46 +0000 2017","lang":"en","displayname":"CashBeHazed_","time_zone":"Mountain Time (US & Canada)","msg":"RT JuustJada i gotta surround myself w/ happy ppl"}
{"tweet_id":841810118022950912,"created_unixtime":1489538146869,"created_time":"Wed Mar 15 00:35:46 +0000 2017","lang":"en","displayname":"akahemi","time_zone":"Pacific Time (US & Canada)","msg":"RT FBIMostWanted Happy 67th Birthday to the FBI Ten Most Wanted Fugitives List created on March 14 1950 https//tco/aaf7lqVtLn"}
{"tweet_id":841810118182371328,"created_unixtime":1489538146907,"created_time":"Wed Mar 15 00:35:46 +0000 2017","lang":"en","displayname":"nocxturnal","time_zone":"Pacific Time (US & Canada)","msg":"LMAO thanks Ian ❤️ https//tco/aBuUPD4UBj"}
{"tweet_id":841810118387892224,"created_unixtime":1489538146956,"created_time":"Wed Mar 15 00:35:46 +0000 2017","lang":"en","displayname":"pufferfishbby","time_zone":"Alaska","msg":"RT sensating at this point in my life if you arent making me happy you gotta go"}
{"tweet_id":841810118585024512,"created_unixtime":1489538147003,"created_time":"Wed Mar 15 00:35:47 +0000 2017","lang":"en","displayname":"Simplykrystaal","time_zone":"Quito","msg":"RT LateyshaGrace Makeup shopping makes me so happy 😍🤗💋💞💄"}
{"tweet_id":841810118408843266,"created_unixtime":1489538146961,"created_time":"Wed Mar 15 00:35:46 +0000 2017","lang":"en","displayname":"mblaqfangirl","time_zone":"Eastern Time (US & Canada)","msg":"RT ephrata Being black wasnt always celebrated Im happy we get to change that Heres to being black amp proud BlackOutDay https//tc…"}
{"tweet_id":841810118824026112,"created_unixtime":1489538147060,"created_time":"Wed Mar 15 00:35:47 +0000 2017","lang":"en","displayname":"purplelion314","time_zone":"","msg":"infowars you poor little sweetheart Dont be sad It will be ok snowflake Your small handed friend realDonaldTrump will get over it"}
{"tweet_id":841810118765359106,"created_unixtime":1489538147046,"created_time":"Wed Mar 15 00:35:47 +0000 2017","lang":"en","displayname":"sky_danielle21","time_zone":"","msg":"RT JustAGirIThing Someone When was the last time u were truly happy Me https//tco/YTSjNOreRU"}
{"tweet_id":841810118551470081,"created_unixtime":1489538146995,"created_time":"Wed Mar 15 00:35:46 +0000 2017","lang":"en","displayname":"mdotdrizzi79","time_zone":"","msg":"Celebrate the release of LH_Writes AMERICAS NEXT REALITY STAR amp win a 25 Amazon Gift Card KensingtonBooks https//tco/d6Z9qnysZi"}
{"tweet_id":841810118748577797,"created_unixtime":1489538147042,"created_time":"Wed Mar 15 00:35:47 +0000 2017","lang":"en","displayname":"Blue_the_Nerd","time_zone":"","msg":"Bare in mind that if I do it will be a really rambly long video with no happy endings fun"}
{"tweet_id":841810118773743618,"created_unixtime":1489538147048,"created_time":"Wed Mar 15 00:35:47 +0000 2017","lang":"en","displayname":"presnellm1","time_zone":"","msg":"RT CNN Sen Schumer on CBO report Do facts matter anymore to our colleagues to the President Does truth matter Sad a… "}
{"tweet_id":841810118979211264,"created_unixtime":1489538147097,"created_time":"Wed Mar 15 00:35:47 +0000 2017","lang":"en","displayname":"vwaddley","time_zone":"Pacific Time (US & Canada)","msg":"RT NASA Its PiDay It may be irrational but pi plays an important role in the work of scientists at NASA… "}
{"tweet_id":841810118727634946,"created_unixtime":1489538147037,"created_time":"Wed Mar 15 00:35:47 +0000 2017","lang":"en","displayname":"PendragonFc","time_zone":"Pacific Time (US & Canada)","msg":"Happy Pi Day everyone  Like always I read Sir Cumference and the… https//tco/XGLZ6HRrT7"}
{"tweet_id":841810118765363200,"created_unixtime":1489538147046,"created_time":"Wed Mar 15 00:35:47 +0000 2017","lang":"en","displayname":"southfork_73","time_zone":"","msg":"Happy 314"}
{"tweet_id":841810118803116032,"created_unixtime":1489538147055,"created_time":"Wed Mar 15 00:35:47 +0000 2017","lang":"en","displayname":"tee_god_","time_zone":"Central Time (US & Canada)","msg":"Thank you ❤️😘 https//tco/MaSPChwxXZ"}
{"tweet_id":841810119272861698,"created_unixtime":1489538147167,"created_time":"Wed Mar 15 00:35:47 +0000 2017","lang":"en","displayname":"fredman99","time_zone":"","msg":"RT ThePervCity Happy PiDay πCum watch chloecherryxxx get her creampie from SteveHolmesPorn ONLY ON PERVCITY… "}
{"tweet_id":841810119402770432,"created_unixtime":1489538147198,"created_time":"Wed Mar 15 00:35:47 +0000 2017","lang":"ja","displayname":"renapero426","time_zone":"","msg":"samichansmile 🎂 HAPPY BIRTHDAY 💗ステキな1年にしてねーん💞"}
{"tweet_id":841810119876788224,"created_unixtime":1489538147311,"created_time":"Wed Mar 15 00:35:47 +0000 2017","lang":"en","displayname":"kikiiirawr","time_zone":"Jakarta","msg":"RT Calum5SOS Happy birthday to my one and only true love 5 seconds of summer"}
{"tweet_id":841810119834783744,"created_unixtime":1489538147301,"created_time":"Wed Mar 15 00:35:47 +0000 2017","lang":"en","displayname":"OngakuVibes","time_zone":"","msg":"RT ringelrei please I want them to be happy https//tco/mMMS2L9zbw"}
{"tweet_id":841810120312991744,"created_unixtime":1489538147415,"created_time":"Wed Mar 15 00:35:47 +0000 2017","lang":"en","displayname":"ultsehun","time_zone":"Beijing","msg":"yeolyixing IM SO HAPPY FOR YOU OMGBJ"}
{"tweet_id":841810120191401985,"created_unixtime":1489538147386,"created_time":"Wed Mar 15 00:35:47 +0000 2017","lang":"en","displayname":"kazeemkuteyi","time_zone":"Eastern Time (US & Canada)","msg":"RT Stormzy1 Do what makes you happy mate"}
{"tweet_id":841810120149409792,"created_unixtime":1489538147376,"created_time":"Wed Mar 15 00:35:47 +0000 2017","lang":"in","displayname":"enelrahc2031","time_zone":"","msg":"RT wemzoracoy27 Lamang SoreporGeraine enelrahc2031 ALDUBxDTBYTugOfHearts https//tco/HpulmZ5hLA"}
{"tweet_id":841810120325627907,"created_unixtime":1489538147418,"created_time":"Wed Mar 15 00:35:47 +0000 2017","lang":"en","displayname":"patricia121417","time_zone":"","msg":"Chocolate makes me pretty happy  Gonna try the avocado brownies AvoHappiness GNO https//tco/nuRnZiifRY"}
{"tweet_id":841810119117684736,"created_unixtime":1489538147130,"created_time":"Wed Mar 15 00:35:47 +0000 2017","lang":"en","displayname":"buterabelxo","time_zone":"","msg":"how you consider this funny even a second  https//tco/TpkARK70AJ"}
{"tweet_id":841810120443064322,"created_unixtime":1489538147446,"created_time":"Wed Mar 15 00:35:47 +0000 2017","lang":"en","displayname":"marissa_estep","time_zone":"Eastern Time (US & Canada)","msg":"Literally am going to bed wearing big fuzzy socks sweatpants a shirt and a sweatshirt and Im under a huge warm blanket and I am so happy"}
{"tweet_id":841810120657010689,"created_unixtime":1489538147497,"created_time":"Wed Mar 15 00:35:47 +0000 2017","lang":"en","displayname":"SuzannaWalcutt","time_zone":"Pacific Time (US & Canada)","msg":"Be happy you never know how much time you have left"}
{"tweet_id":841810121055387648,"created_unixtime":1489538147592,"created_time":"Wed Mar 15 00:35:47 +0000 2017","lang":"en","displayname":"exposebeyonce","time_zone":"Pacific Time (US & Canada)","msg":"RT theIifeofpabIo Not you bitch I am so happy today but hey do you know whos beautiful Read the first three words https//tco/AsHYE6…"}
{"tweet_id":841810120749248512,"created_unixtime":1489538147519,"created_time":"Wed Mar 15 00:35:47 +0000 2017","lang":"en","displayname":"Chelseahhh_14","time_zone":"Eastern Time (US & Canada)","msg":"Happy Birthday DreaAlexandria ❤😘 Hope you have a wonderful day beautiful😘🥂"}
{"tweet_id":841810121072209920,"created_unixtime":1489538147596,"created_time":"Wed Mar 15 00:35:47 +0000 2017","lang":"en","displayname":"grantfranke","time_zone":"Eastern Time (US & Canada)","msg":"RT NatureNPS This is what happens when you have a building full of scientists and a laser👨🏽‍🔬👩🏾‍🔬⚡️3️⃣1️⃣4️⃣ Happy PiDay https//tco…"}
{"tweet_id":841810121462243329,"created_unixtime":1489538147689,"created_time":"Wed Mar 15 00:35:47 +0000 2017","lang":"en","displayname":"WAFarmers","time_zone":"Perth","msg":"RT jo_prendergast wool  shearing industry amp sheep farmers happy Contractor flat out farmer keeping more stock to replace 🌾 crop htt…"}
{"tweet_id":841810121542012929,"created_unixtime":1489538147708,"created_time":"Wed Mar 15 00:35:47 +0000 2017","lang":"en","displayname":"Arkeim1","time_zone":"","msg":"RT richthekid Focus on what makes you happy"}
{"tweet_id":841810121709748225,"created_unixtime":1489538147748,"created_time":"Wed Mar 15 00:35:47 +0000 2017","lang":"en","displayname":"jessicalaviniab","time_zone":"","msg":"RT Stormzy1 Do what makes you happy mate"}
{"tweet_id":841810121932054529,"created_unixtime":1489538147801,"created_time":"Wed Mar 15 00:35:47 +0000 2017","lang":"en","displayname":"FinleyCynthia","time_zone":"","msg":"RT publius1914 realDonaldTrump CUTTING 880B from Healthcare will MASSIVELY REDUCE EFFECTIVE DEMAND and CUT HCARE JOBS IMMORAL and BAD…"}
{"tweet_id":841810121944649729,"created_unixtime":1489538147804,"created_time":"Wed Mar 15 00:35:47 +0000 2017","lang":"en","displayname":"samanthakada","time_zone":"Atlantic Time (Canada)","msg":"RT 90syears If this doesnt make you happy i dont know what does https//tco/YEgGXADb8I"}
{"tweet_id":841810121873342464,"created_unixtime":1489538147787,"created_time":"Wed Mar 15 00:35:47 +0000 2017","lang":"en","displayname":"KaeBalanay","time_zone":"","msg":"RT cybersnitch be happy somewhere else https//tco/AjDPz1yY5j"}
{"tweet_id":841810122384920576,"created_unixtime":1489538147909,"created_time":"Wed Mar 15 00:35:47 +0000 2017","lang":"tl","displayname":"maegaecia","time_zone":"","msg":"RT sunghyenaul pati saging dume destiny na rin 😂😂ALDUBxDTBYTugOfHearts https//tco/3Qx88bHpkE"}
{"tweet_id":841810122267590657,"created_unixtime":1489538147881,"created_time":"Wed Mar 15 00:35:47 +0000 2017","lang":"en","displayname":"mac_podraza11","time_zone":"","msg":"happy bday jaredflowers_2 btw you got me a bonus point on my math test for having a bday today so thanks"}
{"tweet_id":841810122791890944,"created_unixtime":1489538148006,"created_time":"Wed Mar 15 00:35:48 +0000 2017","lang":"en","displayname":"Paigeeee_T","time_zone":"Arizona","msg":"HaineyMason Happy Birthday 🙌🎉"}
{"tweet_id":841810123018391552,"created_unixtime":1489538148060,"created_time":"Wed Mar 15 00:35:48 +0000 2017","lang":"en","displayname":"Qwar_Zach","time_zone":"Eastern Time (US & Canada)","msg":"RT GameGrumps Happy Birthday Danny https//tco/Qc8I63RkPP"}
{"tweet_id":841810123215540224,"created_unixtime":1489538148107,"created_time":"Wed Mar 15 00:35:48 +0000 2017","lang":"und","displayname":"_enebarn","time_zone":"Budapest","msg":"nenadsuperzmaj DjoleMVP ma tanki mu zidovi ja ni ove ispod mene ni pored mene u životu nisam čuo a evo baš sad su dve bebe tu"}
{"tweet_id":841810123618058240,"created_unixtime":1489538148203,"created_time":"Wed Mar 15 00:35:48 +0000 2017","lang":"en","displayname":"RingMeUpToo","time_zone":"","msg":"RT propriator lt3 Nammers is waiting for you Go see her and wish her a happy birthday too Sewing and crafting just for you https//tco…"}
{"tweet_id":841810122301161476,"created_unixtime":1489538147889,"created_time":"Wed Mar 15 00:35:47 +0000 2017","lang":"en","displayname":"AlexisAyaana","time_zone":"Central Time (US & Canada)","msg":"I see PR and DR drama down my TL and Im just watching on the sidelines happy Im Panamanian https//tco/Aq7foAIVyk"}
{"tweet_id":841810123416784898,"created_unixtime":1489538148155,"created_time":"Wed Mar 15 00:35:48 +0000 2017","lang":"ja","displayname":"runa_tyomu72","time_zone":"","msg":"RT MONSTER3170 Happy Birthday 海未！園田海未生誕祭2017 RTした人全員フォローする https//tco/WsGIEWuLe2"}
{"tweet_id":841810123869761537,"created_unixtime":1489538148263,"created_time":"Wed Mar 15 00:35:48 +0000 2017","lang":"en","displayname":"ivonnesotelo17","time_zone":"","msg":"What a happy day 314"}
{"tweet_id":841810123152580610,"created_unixtime":1489538148092,"created_time":"Wed Mar 15 00:35:48 +0000 2017","lang":"pt","displayname":"BemMeQuerCasar","time_zone":"","msg":"Happy day 😍Um dia maravilhoso de trabalho ao lado do meu querido maquiador rodollphorw… https//tco/cHeJshMyhE"}
{"tweet_id":841810123689451520,"created_unixtime":1489538148220,"created_time":"Wed Mar 15 00:35:48 +0000 2017","lang":"en","displayname":"ShawtyMaineee","time_zone":"Mountain Time (US & Canada)","msg":"_jaylulu NoHarvard had to cause he happy as can be"}
{"tweet_id":841810123907461120,"created_unixtime":1489538148272,"created_time":"Wed Mar 15 00:35:48 +0000 2017","lang":"en","displayname":"wbpolisi","time_zone":"Quito","msg":"RT MyLatinaTable Happy Pi Day Which of these desserts is your favorite https//tco/7l5ewS6PjF Ad EdwardsPieceOffering… "}
{"tweet_id":841810124004024320,"created_unixtime":1489538148295,"created_time":"Wed Mar 15 00:35:48 +0000 2017","lang":"es","displayname":"ambar_abril00","time_zone":"","msg":"Que vida tan sad la mía😯"}
{"tweet_id":841810124490592256,"created_unixtime":1489538148411,"created_time":"Wed Mar 15 00:35:48 +0000 2017","lang":"en","displayname":"AnaRitaSousa00","time_zone":"Lisbon","msg":"RT hidden saying im tired when youre actually sad"}
{"tweet_id":841810124264083456,"created_unixtime":1489538148357,"created_time":"Wed Mar 15 00:35:48 +0000 2017","lang":"en","displayname":"SammiOrr23","time_zone":"","msg":"reubensuon ah I didnt realize it was your birthday happy bday handsome 💖"}
{"tweet_id":841810124519944193,"created_unixtime":1489538148418,"created_time":"Wed Mar 15 00:35:48 +0000 2017","lang":"en","displayname":"winneroverload","time_zone":"London","msg":"RT iamdna They said that WINNER will promote more this year and the new concept of the song is a secretIm excited happy fascinat…"}
{"tweet_id":841810124587040768,"created_unixtime":1489538148434,"created_time":"Wed Mar 15 00:35:48 +0000 2017","lang":"en","displayname":"kuchairman","time_zone":"","msg":"RT FBIMostWanted Happy 67th Birthday to the FBI Ten Most Wanted Fugitives List created on March 14 1950 https//tco/aaf7lqVtLn"}
{"tweet_id":841810124305977344,"created_unixtime":1489538148367,"created_time":"Wed Mar 15 00:35:48 +0000 2017","lang":"tl","displayname":"lilr_lilj12","time_zone":"Alaska","msg":"RT MCasalan Pinatawag pala cyaMarydaleEntrat5 many more blessings to come baby girlSuper happy talaga kami para sainyo ni ed… "}
{"tweet_id":841810124998115329,"created_unixtime":1489538148532,"created_time":"Wed Mar 15 00:35:48 +0000 2017","lang":"en","displayname":"kaeelashaee__","time_zone":"","msg":"When ya bitch gimme face  happy bday "}
{"tweet_id":841810125098639360,"created_unixtime":1489538148556,"created_time":"Wed Mar 15 00:35:48 +0000 2017","lang":"en","displayname":"jenbarthomas","time_zone":"","msg":"RT LymeMadness JustinTrudeau We desperately need science and innovation for chronic Lyme sufferers nationwide NOW… "}
{"tweet_id":841810124872273920,"created_unixtime":1489538148502,"created_time":"Wed Mar 15 00:35:48 +0000 2017","lang":"en","displayname":"milaspoisons","time_zone":"Pacific Time (US & Canada)","msg":"ANAO https//tco/6Kn5AHTcsm"}
{"tweet_id":841810125409144833,"created_unixtime":1489538148630,"created_time":"Wed Mar 15 00:35:48 +0000 2017","lang":"en","displayname":"calatayud7","time_zone":"Eastern Time (US & Canada)","msg":"RT MzDivah67 Sad that racists like SteveKingIA are never held accountable for the nasty vile things that they say"}
{"tweet_id":841810124968759296,"created_unixtime":1489538148525,"created_time":"Wed Mar 15 00:35:48 +0000 2017","lang":"en","displayname":"ck_mackenzie","time_zone":"Eastern Time (US & Canada)","msg":"RT CUTEST_ANlMALS this makes me so happy  https//tco/4ebwUxo9Hg"}
{"tweet_id":841810125429981184,"created_unixtime":1489538148635,"created_time":"Wed Mar 15 00:35:48 +0000 2017","lang":"en","displayname":"lagoramez","time_zone":"Pacific Time (US & Canada)","msg":"RT yikesveronica rukia was adMITted yall we cried happy tears after this rukiahassoun https//tco/wpb5cE98Ad"}
{"tweet_id":841810125719388160,"created_unixtime":1489538148704,"created_time":"Wed Mar 15 00:35:48 +0000 2017","lang":"tl","displayname":"Ampitdvr","time_zone":"Pacific Time (US & Canada)","msg":"Arayyyy ko be napakabilis 😪😢 so sad boom wasak"}
{"tweet_id":841810125761339392,"created_unixtime":1489538148714,"created_time":"Wed Mar 15 00:35:48 +0000 2017","lang":"en","displayname":"byxnbkhyxn","time_zone":"Seoul","msg":"RT fantagiogroup [아스트로] 20170315 HAPPY BIRTHDAY JINJIN♥https//tco/V5gCN4Og73ASTRO JINJIN 진진 HAPPYJINJINDAY💕 https//tco/wheN9y…"}
{"tweet_id":841810125568516099,"created_unixtime":1489538148668,"created_time":"Wed Mar 15 00:35:48 +0000 2017","lang":"en","displayname":"a_ylinart","time_zone":"Atlantic Time (Canada)","msg":"RT a1fbgmn every girl just wanna be genuinely happy not confused not irritated not slept on not taken advantage of just happy my g "}
{"tweet_id":841810125820174342,"created_unixtime":1489538148728,"created_time":"Wed Mar 15 00:35:48 +0000 2017","lang":"en","displayname":"Boatwright_33","time_zone":"","msg":"RT abbeyevans_ are you happy now"}
{"tweet_id":841810126222704640,"created_unixtime":1489538148824,"created_time":"Wed Mar 15 00:35:48 +0000 2017","lang":"en","displayname":"basicsavvannnah","time_zone":"","msg":"RT SoReIatable I hate that I cry out of frustration 95  of the time its not even cause Im sad its that Im so angry I cant control…"}
{"tweet_id":841810126038302721,"created_unixtime":1489538148780,"created_time":"Wed Mar 15 00:35:48 +0000 2017","lang":"en","displayname":"_xJhane","time_zone":"Central Time (US & Canada)","msg":"RT tammyrich_ The littlest shit makes me so happy I swear"}
{"tweet_id":841810123655942144,"created_unixtime":1489538148212,"created_time":"Wed Mar 15 00:35:48 +0000 2017","lang":"en","displayname":"edibleskordei","time_zone":"Eastern Time (US & Canada)","msg":"NormaniMakesMeBeautiful Normani makes me feel beautiful and fierce So happy to stan her ❤️ https//tco/C4GpR83fXj"}
{"tweet_id":841810126801653760,"created_unixtime":1489538148962,"created_time":"Wed Mar 15 00:35:48 +0000 2017","lang":"ko","displayname":"NatsumeTaakashi","time_zone":"","msg":"RT offclASTRO Happy birthday to you~ 진진형 22번째 생일을진심으로 축하해요🎉🎉 착하고 장난도 잘받아주고 리더쉽있는ㅎㅎ진진형 귀염댕이 아스트로 잘부탁드려요생일선물 나 HappyJINJINDay https//…"}
{"tweet_id":841810127137120257,"created_unixtime":1489538149042,"created_time":"Wed Mar 15 00:35:49 +0000 2017","lang":"en","displayname":"dodgerchik14","time_zone":"","msg":"RT BoozDataScience Happy PiDay  datahumor https//tco/0ilUF6Z8IC"}
{"tweet_id":841810127552409600,"created_unixtime":1489538149141,"created_time":"Wed Mar 15 00:35:49 +0000 2017","lang":"en","displayname":"glodriansexy","time_zone":"","msg":"RT richthekid Focus on what makes you happy"}
{"tweet_id":841810127321739264,"created_unixtime":1489538149086,"created_time":"Wed Mar 15 00:35:49 +0000 2017","lang":"en","displayname":"niashylon","time_zone":"","msg":"RT AchillesX28 They mad they momma dont love them or cant afford it Either way its sad 😕 https//tco/GDWlrtjzb6"}
{"tweet_id":841810127757967360,"created_unixtime":1489538149190,"created_time":"Wed Mar 15 00:35:49 +0000 2017","lang":"en","displayname":"Bristol_Tope","time_zone":"","msg":"grace_rhoads  happy birthday Gracie Hope its a good one 🎈🎉"}
{"tweet_id":841810127338496001,"created_unixtime":1489538149090,"created_time":"Wed Mar 15 00:35:49 +0000 2017","lang":"en","displayname":"fae_devine17","time_zone":"","msg":"HAPPY TUESDAY 😃💛 Music CookingLiveme HeyItsMarioJose https//tco/9yXojAaXpu https//tco/5Fp5pBFTET"}
{"tweet_id":841810127967666176,"created_unixtime":1489538149240,"created_time":"Wed Mar 15 00:35:49 +0000 2017","lang":"en","displayname":"4ever_JASS","time_zone":"Central Time (US & Canada)","msg":"2x__trinny Happy Birthday pooh 😘😘🎉🎊"}
{"tweet_id":841810127183310848,"created_unixtime":1489538149053,"created_time":"Wed Mar 15 00:35:49 +0000 2017","lang":"en","displayname":"pamelageclifton","time_zone":"Central Time (US & Canada)","msg":"I added a video to a YouTube playlist https//tco/PzFOjsKpuB Pity The Man  Happy Goodmans 1968"}
{"tweet_id":841810128261255172,"created_unixtime":1489538149310,"created_time":"Wed Mar 15 00:35:49 +0000 2017","lang":"en","displayname":"poemstoniaII","time_zone":"Brasilia","msg":"Sad to see you gooo"}
{"tweet_id":841810128231890946,"created_unixtime":1489538149303,"created_time":"Wed Mar 15 00:35:49 +0000 2017","lang":"en","displayname":"Cameron_22A","time_zone":"","msg":"RT CHS_Voice ALERT School is closed tomorrow Wednesday Early notice b/c Mr Hoose wanted to allow time to plan Stay safe amp warm and…"}
{"tweet_id":841810128508727297,"created_unixtime":1489538149369,"created_time":"Wed Mar 15 00:35:49 +0000 2017","lang":"en","displayname":"santiarago","time_zone":"Madrid","msg":"RT MeninistTweet Happy pi dayThe Falcons blew a 283 lead314283  31the warriors blew a 31 lead in the NBA Finals"}
{"tweet_id":841810128814796800,"created_unixtime":1489538149442,"created_time":"Wed Mar 15 00:35:49 +0000 2017","lang":"en","displayname":"fluttershybot_","time_zone":"","msg":"Happy birthday Spike"}
{"tweet_id":841810128944824320,"created_unixtime":1489538149473,"created_time":"Wed Mar 15 00:35:49 +0000 2017","lang":"en","displayname":"adorkablejoon","time_zone":"Jakarta","msg":"RT cliffordsshug If youre ever feeling sad just remember that this video exists https//tco/HjEMGrNXhB"}
{"tweet_id":841810127695056896,"created_unixtime":1489538149175,"created_time":"Wed Mar 15 00:35:49 +0000 2017","lang":"en","displayname":"emmalovesmgc","time_zone":"Central Time (US & Canada)","msg":"He makes me so happy https//tco/Gildu1DfnJ"}
{"tweet_id":841810129129422848,"created_unixtime":1489538149517,"created_time":"Wed Mar 15 00:35:49 +0000 2017","lang":"en","displayname":"ashleyrydberg","time_zone":"","msg":"This beautiful weather makes me so happy 😊😊"}
{"tweet_id":841810129167237120,"created_unixtime":1489538149526,"created_time":"Wed Mar 15 00:35:49 +0000 2017","lang":"en","displayname":"HijackedCat","time_zone":"Lisbon","msg":"RT chika___n Sougo For some reason I was so very happy when you chose me I will tell you why next time we see each other https//tc…"}
{"tweet_id":841810128970088450,"created_unixtime":1489538149479,"created_time":"Wed Mar 15 00:35:49 +0000 2017","lang":"en","displayname":"MyWooo","time_zone":"","msg":"RT mynephilim hoseok is the king of the stage the king of fanservice the king of kings hes the happy virus he deserves the world and…"}
{"tweet_id":841810129477636097,"created_unixtime":1489538149600,"created_time":"Wed Mar 15 00:35:49 +0000 2017","lang":"en","displayname":"MarielvisHerna9","time_zone":"","msg":"RT 5HVotingStats Scared Of Happy FifthHarmony YouKnowYouLoveThem radiodisney"}
{"tweet_id":841810129385345025,"created_unixtime":1489538149578,"created_time":"Wed Mar 15 00:35:49 +0000 2017","lang":"en","displayname":"glnsprk","time_zone":"Central Time (US & Canada)","msg":"RT D_Deji28 Do you guys know why he was killed A girl lied that he raped her and her brother shot him dead https//tco/IWDVDZp3rz"}
{"tweet_id":841810129838317568,"created_unixtime":1489538149686,"created_time":"Wed Mar 15 00:35:49 +0000 2017","lang":"en","displayname":"Mendes01C","time_zone":"Pacific Time (US & Canada)","msg":"RT kanyefeeI its sad to see a good person change"}
{"tweet_id":841810130278703105,"created_unixtime":1489538149791,"created_time":"Wed Mar 15 00:35:49 +0000 2017","lang":"en","displayname":"Avid_Writer_","time_zone":"","msg":"RT MatPatGT A nerdy math joke for a nerdy holidayHappy Pi Day https//tco/jRxvuScUyn"}
{"tweet_id":841810129548898304,"created_unixtime":1489538149617,"created_time":"Wed Mar 15 00:35:49 +0000 2017","lang":"en","displayname":"MitchRoffer","time_zone":"","msg":"RT JyovianStorm Happy Pi Day https//tco/rMj93glS4H"}
{"tweet_id":841810112301961217,"created_unixtime":1489538145505,"created_time":"Wed Mar 15 00:35:45 +0000 2017","lang":"en","displayname":"TwoDartMom","time_zone":"","msg":"RT MomItForward Q6 DOES FOOD MAKE YOU HAPPY WHAT DISHES MAKE YOU THE HAPPIEST AvoHappiness GNO PLS RT"}
{"tweet_id":841810130614247424,"created_unixtime":1489538149871,"created_time":"Wed Mar 15 00:35:49 +0000 2017","lang":"en","displayname":"kayybug_16","time_zone":"Central Time (US & Canada)","msg":"Just THINKING about my husbands happiness makes me so happy"}
{"tweet_id":841810130039635968,"created_unixtime":1489538149734,"created_time":"Wed Mar 15 00:35:49 +0000 2017","lang":"en","displayname":"2easy23","time_zone":"Pacific Time (US & Canada)","msg":"Miss being this happy lol https//tco/twxPmNuQYp"}
{"tweet_id":841810131029483520,"created_unixtime":1489538149970,"created_time":"Wed Mar 15 00:35:49 +0000 2017","lang":"en","displayname":"gicaxxx","time_zone":"","msg":"RT preaching my main focus is to better myself be successful and be happy so if you arent contributing to that then i dont need you i…"}
{"tweet_id":841810130094157824,"created_unixtime":1489538149747,"created_time":"Wed Mar 15 00:35:49 +0000 2017","lang":"en","displayname":"NatlAquarium","time_zone":"Eastern Time (US & Canada)","msg":"aw_thornton Were happy to help https//tco/B1ZSTwShzi"}
{"tweet_id":841810131272761344,"created_unixtime":1489538150028,"created_time":"Wed Mar 15 00:35:50 +0000 2017","lang":"en","displayname":"lizzyyxox","time_zone":"","msg":"RT preaching my main focus is to better myself be successful and be happy so if you arent contributing to that then i dont need you i…"}
{"tweet_id":841810131381829634,"created_unixtime":1489538150054,"created_time":"Wed Mar 15 00:35:50 +0000 2017","lang":"en","displayname":"bennett__dev","time_zone":"","msg":"RT lexababy_ happy to say ive spent everyday for the past month and a half with my gf and ive not once gotten tired of her"}
{"tweet_id":841810131511791616,"created_unixtime":1489538150085,"created_time":"Wed Mar 15 00:35:50 +0000 2017","lang":"en","displayname":"dorkysdeals","time_zone":"Eastern Time (US & Canada)","msg":"A6 Food totally makes me happy Nutritious and delicious recipes like salads and wraps are my fave 🥑 AvoHappiness GNO"}
{"tweet_id":841810130962395137,"created_unixtime":1489538149954,"created_time":"Wed Mar 15 00:35:49 +0000 2017","lang":"en","displayname":"maddox3343","time_zone":"","msg":"You were never created to live in fear depressed defeated or sad  You were created to thrive be happy and victorious"}
{"tweet_id":841810131151085569,"created_unixtime":1489538149999,"created_time":"Wed Mar 15 00:35:49 +0000 2017","lang":"en","displayname":"engrnicomaine","time_zone":"","msg":"RT rozen0687 Raz must be so happy Thank you Mengamp BTW the cap shes wearing was gven by Raz to herSinuot nya tlga sa huling… "}
{"tweet_id":841810131947986944,"created_unixtime":1489538150189,"created_time":"Wed Mar 15 00:35:50 +0000 2017","lang":"en","displayname":"jedjeppelin","time_zone":"","msg":"RT preaching my main focus is to better myself be successful and be happy so if you arent contributing to that then i dont need you i…"}
{"tweet_id":841810131658592257,"created_unixtime":1489538150120,"created_time":"Wed Mar 15 00:35:50 +0000 2017","lang":"en","displayname":"rawski42","time_zone":"Pacific Time (US & Canada)","msg":"richthekid the happy way 🔥"}
{"tweet_id":841810131771883521,"created_unixtime":1489538150147,"created_time":"Wed Mar 15 00:35:50 +0000 2017","lang":"en","displayname":"smileyfryhunter","time_zone":"Eastern Time (US & Canada)","msg":"RT Vulnerable its so sad and frustrating when you try your hardest but people still dont find it good enough"}
{"tweet_id":841810132099051520,"created_unixtime":1489538150225,"created_time":"Wed Mar 15 00:35:50 +0000 2017","lang":"en","displayname":"destinyyfaith1","time_zone":"Pacific Time (US & Canada)","msg":"ive made myself so happy without caring what you think"}
{"tweet_id":841810132224827394,"created_unixtime":1489538150255,"created_time":"Wed Mar 15 00:35:50 +0000 2017","lang":"en","displayname":"RaddyAarya","time_zone":"","msg":"RT MalhotraSaurabh So good to see these Legends enjoy Holi in India Happy Holi https//tco/5u1FVTBPU0"}
{"tweet_id":841810132216479745,"created_unixtime":1489538150253,"created_time":"Wed Mar 15 00:35:50 +0000 2017","lang":"en","displayname":"MARKOV_HABFAN79","time_zone":"Eastern Time (US & Canada)","msg":"At my happy place hey CanadiensMTL 🖑 pleace tell the guys to get a goal Hehe"}
{"tweet_id":841810132082298881,"created_unixtime":1489538150221,"created_time":"Wed Mar 15 00:35:50 +0000 2017","lang":"en","displayname":"crazy21hair","time_zone":"","msg":"RT CNN Sen Schumer on CBO report Do facts matter anymore to our colleagues to the President Does truth matter Sad a… "}
{"tweet_id":841810132002586630,"created_unixtime":1489538150202,"created_time":"Wed Mar 15 00:35:50 +0000 2017","lang":"en","displayname":"eleanorgrace","time_zone":"Eastern Time (US & Canada)","msg":"mackieconor NotOccupying happy to help ☺️"}
{"tweet_id":841810131704778753,"created_unixtime":1489538150131,"created_time":"Wed Mar 15 00:35:50 +0000 2017","lang":"en","displayname":"Diewoof","time_zone":"Central Time (US & Canada)","msg":"RT NintendoAmerica Poochy heard the word Pi and got excited Happy PiDay https//tco/qLVabwbqi8"}
{"tweet_id":841810132900151296,"created_unixtime":1489538150416,"created_time":"Wed Mar 15 00:35:50 +0000 2017","lang":"en","displayname":"seanma2018","time_zone":"Eastern Time (US & Canada)","msg":"yungjaysworld_ happy birthday bro"}
{"tweet_id":841810132753354756,"created_unixtime":1489538150381,"created_time":"Wed Mar 15 00:35:50 +0000 2017","lang":"en","displayname":"UmSabrinaa","time_zone":"Pacific Time (US & Canada)","msg":"RT hidden saying im tired when youre actually sad"}
{"tweet_id":841810132979847169,"created_unixtime":1489538150435,"created_time":"Wed Mar 15 00:35:50 +0000 2017","lang":"en","displayname":"813Drew","time_zone":"","msg":"FlaPanthers FlaPanthers KEEP IT UP FLORIDA Making fellow Florida Lightning fans happy Were all Panther fans tonight Lol"}
{"tweet_id":841810133059424259,"created_unixtime":1489538150454,"created_time":"Wed Mar 15 00:35:50 +0000 2017","lang":"en","displayname":"joedhan","time_zone":"","msg":"RT BoneyM30 StephenCurry30 Happy Birthday Steph 🏀🏀🎂😎 Go Warriors dubnation https//tco/GL0RcYVZqu"}
{"tweet_id":841810133302841344,"created_unixtime":1489538150512,"created_time":"Wed Mar 15 00:35:50 +0000 2017","lang":"en","displayname":"juan_Mart14","time_zone":"","msg":"RT Vulnerable its so sad and frustrating when you try your hardest but people still dont find it good enough"}
{"tweet_id":841810133252485121,"created_unixtime":1489538150500,"created_time":"Wed Mar 15 00:35:50 +0000 2017","lang":"en","displayname":"lovabledeplora1","time_zone":"","msg":"JxhnBinder they are really so sad and desperate"}
{"tweet_id":841810133248294913,"created_unixtime":1489538150499,"created_time":"Wed Mar 15 00:35:50 +0000 2017","lang":"en","displayname":"cydiaflowers","time_zone":"Mountain Time (US & Canada)","msg":"RT _lilsunnyyy Talk to god more aint nothing wrong with you dont know what youre sad for you got clothes on your back and… "}
{"tweet_id":841810133449547776,"created_unixtime":1489538150547,"created_time":"Wed Mar 15 00:35:50 +0000 2017","lang":"en","displayname":"johnjwillard","time_zone":"Pacific Time (US & Canada)","msg":"Puppets on a string says whatpoliticalpaidtroll https//tco/6me1XvJssJ"}
{"tweet_id":841810130396160002,"created_unixtime":1489538149819,"created_time":"Wed Mar 15 00:35:49 +0000 2017","lang":"en","displayname":"jaileekeller","time_zone":"Eastern Time (US & Canada)","msg":"happy birthday ❤ i miss you so much sister 😉 and i hope you had a great day sillytilley_lol https//tco/roTxGZg1Ed"}
{"tweet_id":841810132883369984,"created_unixtime":1489538150412,"created_time":"Wed Mar 15 00:35:50 +0000 2017","lang":"en","displayname":"bebrookedfw","time_zone":"Central Time (US & Canada)","msg":"Later sunsets make me a very happy girl Bring on sunset evening sessions https//tco/NyGOqCoAiz"}
{"tweet_id":841810134225453056,"created_unixtime":1489538150732,"created_time":"Wed Mar 15 00:35:50 +0000 2017","lang":"en","displayname":"Kezia_Wuner","time_zone":"Bangkok","msg":"Happy birthday kev🍷 wish nothing but the best for you JbuNti sbntr gas amg jm 6 pling… w/ Kevin [pic] — https//tco/kuBQSTQmto"}
{"tweet_id":841810134791675904,"created_unixtime":1489538150867,"created_time":"Wed Mar 15 00:35:50 +0000 2017","lang":"ja","displayname":"jEGqNblpyUcEnjz","time_zone":"","msg":"RT mimorinumi777 Happy Birthday 海未ちゃん！🎯💙💘真面目でロングでツンデレな所とかドストライクです確実にアニメで1番好きなキャラです💘💘園田海未生誕祭2017315のうみちゃんたいむ… "}
{"tweet_id":841810131377655808,"created_unixtime":1489538150053,"created_time":"Wed Mar 15 00:35:50 +0000 2017","lang":"en","displayname":"ellamurphy17","time_zone":"Hawaii","msg":"isabella_dt happy birthday issssssy taking it back with this lil gem 💎 HAHA see you very soon ly Xxxx❣️ https//tco/3pCxxmTYaR"}
{"tweet_id":841810135286652928,"created_unixtime":1489538150985,"created_time":"Wed Mar 15 00:35:50 +0000 2017","lang":"en","displayname":"anaelsa93","time_zone":"Mountain Time (US & Canada)","msg":"RT AsapSCIENCE Happy PiDay 🍰 https//tco/aLN6pZSuBO"}
{"tweet_id":841810135542558722,"created_unixtime":1489538151046,"created_time":"Wed Mar 15 00:35:51 +0000 2017","lang":"en","displayname":"Vishnu90378132","time_zone":"","msg":"aliaa08 A very happy birthday alia ☺😊😘  Love u a lot 😙😙✌"}
{"tweet_id":841810135412576257,"created_unixtime":1489538151015,"created_time":"Wed Mar 15 00:35:51 +0000 2017","lang":"en","displayname":"larry_autry","time_zone":"","msg":"This is so sad when American people can not be given true facts Americans has a major issue with liars https//tco/vaBb5FqsyE"}
{"tweet_id":841810135999733760,"created_unixtime":1489538151155,"created_time":"Wed Mar 15 00:35:51 +0000 2017","lang":"en","displayname":"erikabarbosa_x3","time_zone":"","msg":"RT miraclesuggs if I tweet some sad shit  dont assume its about a nigga lol I bitch about everything 😂"}
{"tweet_id":841810136171667456,"created_unixtime":1489538151196,"created_time":"Wed Mar 15 00:35:51 +0000 2017","lang":"en","displayname":"LesleyHitson","time_zone":"Pacific Time (US & Canada)","msg":"TheMiddle_ABC Im currently inwardly crying about the Sean and Sue situation from tonights episode I hope youre happy 😭"}
{"tweet_id":841810136372928512,"created_unixtime":1489538151244,"created_time":"Wed Mar 15 00:35:51 +0000 2017","lang":"en","displayname":"Bashkaai","time_zone":"America/Denver","msg":"If I could just breathe easily right now I would be sooooo happypaineverywhere bronchitis allergies"}
{"tweet_id":841810135898972160,"created_unixtime":1489538151131,"created_time":"Wed Mar 15 00:35:51 +0000 2017","lang":"ja","displayname":"10969_s_k","time_zone":"","msg":"k_poping315 やよいちゃん、happy birthday✨これからもお世話になります😎 https//tco/iK6BbNHpqb"}
{"tweet_id":841810137069322240,"created_unixtime":1489538151410,"created_time":"Wed Mar 15 00:35:51 +0000 2017","lang":"en","displayname":"miliane_reis","time_zone":"","msg":"RT bts_bighit [Episode] HAPPY WHITE DAY FROM BTS 1 https//tco/Kk7XrnfG3x2 https//tco/dUxXeGBvhG"}
{"tweet_id":841810136981209088,"created_unixtime":1489538151389,"created_time":"Wed Mar 15 00:35:51 +0000 2017","lang":"en","displayname":"AltiusTendo","time_zone":"London","msg":"Omagus its not hopelessly sad if that makes a difference"}
{"tweet_id":841810137203511296,"created_unixtime":1489538151442,"created_time":"Wed Mar 15 00:35:51 +0000 2017","lang":"en","displayname":"ChamannHamann","time_zone":"","msg":"RT BeSeriousUSA We just freaking love ❤️ you JustinTrudeau Could you please come south and fix this shitshow too  America 🇺🇸 https/…"}
{"tweet_id":841810137501339648,"created_unixtime":1489538151513,"created_time":"Wed Mar 15 00:35:51 +0000 2017","lang":"en","displayname":"Bitch_imboss","time_zone":"Quito","msg":"RT richthekid Focus on what makes you happy"}
{"tweet_id":841810137841053699,"created_unixtime":1489538151594,"created_time":"Wed Mar 15 00:35:51 +0000 2017","lang":"en","displayname":"liseve91","time_zone":"","msg":"THEguywilson could you wish my best friend AlonaDanger a very happy birthday"}
{"tweet_id":841810137757102081,"created_unixtime":1489538151574,"created_time":"Wed Mar 15 00:35:51 +0000 2017","lang":"en","displayname":"jeanierocha8","time_zone":"","msg":"RT BzzAgent Whether youre enjoying some fruitfilled pastry goodness or seeing who in your office knows the most digits happy… "}
{"tweet_id":841810137752920065,"created_unixtime":1489538151573,"created_time":"Wed Mar 15 00:35:51 +0000 2017","lang":"en","displayname":"Mark_Madrid1","time_zone":"","msg":"Happy birthday Allison hope u have a great one 😜🎉allisontran_"}
{"tweet_id":841810138054971392,"created_unixtime":1489538151645,"created_time":"Wed Mar 15 00:35:51 +0000 2017","lang":"en","displayname":"Jennifer49465","time_zone":"Pacific Time (US & Canada)","msg":"maybe i wouldnt be so sad if i could wake up to someone every day"}
{"tweet_id":841810138105184256,"created_unixtime":1489538151657,"created_time":"Wed Mar 15 00:35:51 +0000 2017","lang":"en","displayname":"mvaldez0927","time_zone":"","msg":"thebaedaniielle 😂😂 thats sad"}
{"tweet_id":841810138092691456,"created_unixtime":1489538151654,"created_time":"Wed Mar 15 00:35:51 +0000 2017","lang":"en","displayname":"tomisin_idowu","time_zone":"Quito","msg":"RT Stormzy1 Do what makes you happy mate"}
{"tweet_id":841810138155622400,"created_unixtime":1489538151669,"created_time":"Wed Mar 15 00:35:51 +0000 2017","lang":"en","displayname":"curlymekee","time_zone":"Central Time (US & Canada)","msg":"i dance like keke palmer when i get food i be so happy"}
{"tweet_id":841810138243690496,"created_unixtime":1489538151690,"created_time":"Wed Mar 15 00:35:51 +0000 2017","lang":"en","displayname":"gioooovana__","time_zone":"","msg":"RT SexualGif I hate that I cry out of frustration 95  of the time its not even cause Im sad its that Im so angry I cant control my…"}
{"tweet_id":841810138809884672,"created_unixtime":1489538151825,"created_time":"Wed Mar 15 00:35:51 +0000 2017","lang":"en","displayname":"AlyssaHeard","time_zone":"Arizona","msg":"RT SymphaniSoto Just watched burning sands im shook wow that was sad https//tco/1SlvL36QDb"}
{"tweet_id":841810124289277952,"created_unixtime":1489538148363,"created_time":"Wed Mar 15 00:35:48 +0000 2017","lang":"en","displayname":"Menna__ahmeddd","time_zone":"","msg":"RT Nourannkhaleddd saying im tired when youre actually sad"}
{"tweet_id":841810137014779904,"created_unixtime":1489538151397,"created_time":"Wed Mar 15 00:35:51 +0000 2017","lang":"en","displayname":"gianna_leseck24","time_zone":"","msg":"Happy Birthday❤❤❤ love ya anthony hope you have a good one🎉🎊🎈 Ap_50_ https//tco/nI0AFBoVVK"}
{"tweet_id":841810139006955521,"created_unixtime":1489538151872,"created_time":"Wed Mar 15 00:35:51 +0000 2017","lang":"en","displayname":"jacaissie","time_zone":"Pacific Time (US & Canada)","msg":"I would have been happy with just ONE Trump tax return but I hear maddow has 1040 of them"}
{"tweet_id":841810138981777409,"created_unixtime":1489538151866,"created_time":"Wed Mar 15 00:35:51 +0000 2017","lang":"en","displayname":"chebasilan2015","time_zone":"","msg":"RT TeamRangerOFC Good MorningMay your day be filled with random outburst of infectious giggles Doing the happy friday dance 💃… "}
{"tweet_id":841810138935750656,"created_unixtime":1489538151855,"created_time":"Wed Mar 15 00:35:51 +0000 2017","lang":"en","displayname":"sheerbelonging","time_zone":"Pacific Time (US & Canada)","msg":"RT TAMU Happy Pie Day PiDay tamu https//tco/x011usZqZ8"}
{"tweet_id":841810138776367104,"created_unixtime":1489538151817,"created_time":"Wed Mar 15 00:35:51 +0000 2017","lang":"en","displayname":"jaxonfri12","time_zone":"","msg":"RT Spark_Sports_ HAPPY 29th BIRTHDAY TO THE GREATEST SHOOTER OF ALL TIME 🙏 https//tco/0GSWMSm9Vh"}
{"tweet_id":841810139321667584,"created_unixtime":1489538151947,"created_time":"Wed Mar 15 00:35:51 +0000 2017","lang":"en","displayname":"duatouch","time_zone":"Pacific Time (US & Canada)","msg":"RT LittleMix NoMoreSadSongs for REAL❌❤️ weve made a SpotifyUK playlist with some happy songs☺️ what should we add X the girl… "}
{"tweet_id":841810139309039617,"created_unixtime":1489538151944,"created_time":"Wed Mar 15 00:35:51 +0000 2017","lang":"en","displayname":"linz__mcc","time_zone":"","msg":"RT TheBucktList there are so many beautiful reasons to be happy https//tco/DQkyoN1SHW"}
{"tweet_id":841810139858493440,"created_unixtime":1489538152075,"created_time":"Wed Mar 15 00:35:52 +0000 2017","lang":"en","displayname":"YahBenGoHard","time_zone":"Eastern Time (US & Canada)","msg":"RT g_cudds YahBenGoHard happy birthday turtle🐢"}
{"tweet_id":841810140080791552,"created_unixtime":1489538152128,"created_time":"Wed Mar 15 00:35:52 +0000 2017","lang":"en","displayname":"omar_lemus14","time_zone":"Atlantic Time (Canada)","msg":"Happy birthday🎈🎈 juliaaoravec"}
{"tweet_id":841810140403757056,"created_unixtime":1489538152205,"created_time":"Wed Mar 15 00:35:52 +0000 2017","lang":"en","displayname":"toastpixel","time_zone":"Pacific Time (US & Canada)","msg":"pablospiccolo says the child that articulately described Kong as sad monkey movie"}
{"tweet_id":841810140193939456,"created_unixtime":1489538152155,"created_time":"Wed Mar 15 00:35:52 +0000 2017","lang":"en","displayname":"jayceeloop","time_zone":"Monterrey","msg":"RT LogoTV Happy PiDay kittens If you missed this episode and any others well be airing all DragRace seasons before the… "}
{"tweet_id":841810140349227008,"created_unixtime":1489538152192,"created_time":"Wed Mar 15 00:35:52 +0000 2017","lang":"en","displayname":"tokenso","time_zone":"","msg":"RichardMigliore Happy Birthday Mig Hope you Had 1 Awesome Day amp it Carries Throut the year🎂🎂🍾🍷🏇🏇"}
{"tweet_id":841810140747689985,"created_unixtime":1489538152287,"created_time":"Wed Mar 15 00:35:52 +0000 2017","lang":"en","displayname":"Jeff_Pass22","time_zone":"Atlantic Time (Canada)","msg":"RT Passantino__ bobbyb643 happy birthday dude Thanks for being an awesome second older brother to me❤🎂🍻"}
{"tweet_id":841810140705767424,"created_unixtime":1489538152277,"created_time":"Wed Mar 15 00:35:52 +0000 2017","lang":"en","displayname":"l0veshan","time_zone":"Amsterdam","msg":"RT SophChristinax l0veshan happy birthday sweetie ❤ I hope you have an amazing 21st xxx"}
{"tweet_id":841810140890304512,"created_unixtime":1489538152321,"created_time":"Wed Mar 15 00:35:52 +0000 2017","lang":"en","displayname":"Nouraqht_1","time_zone":"","msg":"RT BadyaahAL Nouraqht_1 happy birthday my sister😍💗 every year and you fine ، lucky because i have the girl💜I love you so much Enjoy…"}
{"tweet_id":841810140760289280,"created_unixtime":1489538152290,"created_time":"Wed Mar 15 00:35:52 +0000 2017","lang":"en","displayname":"MeJr_","time_zone":"","msg":"kayleeeosborne happy birthday 🙏🏽☺️🎉"}
{"tweet_id":841810141171318785,"created_unixtime":1489538152388,"created_time":"Wed Mar 15 00:35:52 +0000 2017","lang":"en","displayname":"Hitman_Wise","time_zone":"Eastern Time (US & Canada)","msg":"diyahabarnes happy birthday Diyah❗️❗️❗️"}
{"tweet_id":841810141343182848,"created_unixtime":1489538152429,"created_time":"Wed Mar 15 00:35:52 +0000 2017","lang":"en","displayname":"yeseungnim","time_zone":"Pacific Time (US & Canada)","msg":"RT soompi Happy Birthday to ASTROs JinJin HappyJinJinDay https//tco/re8aLKVIDL https//tco/oAcH44Finb"}
{"tweet_id":841810129418874880,"created_unixtime":1489538149586,"created_time":"Wed Mar 15 00:35:49 +0000 2017","lang":"en","displayname":"carleyperloff","time_zone":"","msg":"McAndrewKyle happy birthday😋🤘🏻🎉"}
{"tweet_id":841810141569736704,"created_unixtime":1489538152483,"created_time":"Wed Mar 15 00:35:52 +0000 2017","lang":"ja","displayname":"runa_tyomu72","time_zone":"","msg":"RT HQ2as 海未ちゃんHappy Birthday🎉🎉🎉園田海未生誕祭2017 3月15日は園田海未の誕生日 ラブライバーと繋がりたい RTした人全員フォローする https//tco/PRk8XRzeae"}
{"tweet_id":841810141716525056,"created_unixtime":1489538152518,"created_time":"Wed Mar 15 00:35:52 +0000 2017","lang":"en","displayname":"renatalarico","time_zone":"Hawaii","msg":"Thanks Kaelyn 💖💖💖 https//tco/fDbYwP3AFW"}
{"tweet_id":841810142135898112,"created_unixtime":1489538152618,"created_time":"Wed Mar 15 00:35:52 +0000 2017","lang":"en","displayname":"anyssaaalopez","time_zone":"Pacific Time (US & Canada)","msg":"RT preaching if youre happy with someone forget about what everyone else says"}
{"tweet_id":841810142186233856,"created_unixtime":1489538152630,"created_time":"Wed Mar 15 00:35:52 +0000 2017","lang":"en","displayname":"wbsegismar","time_zone":"","msg":"RT OFCALDubKoTo HAPPY TWEETING 😘ALDUBxDTBYTugOfHearts https//tco/MS4Ike1SxU"}
{"tweet_id":841810142203113476,"created_unixtime":1489538152634,"created_time":"Wed Mar 15 00:35:52 +0000 2017","lang":"en","displayname":"bbyjujux","time_zone":"Amsterdam","msg":"RT Stormzy1 Do what makes you happy mate"}
{"tweet_id":841810142605656064,"created_unixtime":1489538152730,"created_time":"Wed Mar 15 00:35:52 +0000 2017","lang":"en","displayname":"ljansen0","time_zone":"","msg":"RT LendingClub Happy PiDay from LendingClub https//tco/W3nlJRGlwq"}
{"tweet_id":841810142224101376,"created_unixtime":1489538152639,"created_time":"Wed Mar 15 00:35:52 +0000 2017","lang":"en","displayname":"holyfamemonster","time_zone":"Eastern Time (US & Canada)","msg":"RT cheapcologneboy WonderfulSuch a wonderful rock song I would have been happy if this was included on The Fame Underrated as fuck h…"}
{"tweet_id":841810142790336513,"created_unixtime":1489538152774,"created_time":"Wed Mar 15 00:35:52 +0000 2017","lang":"en","displayname":"mennonnoerika","time_zone":"","msg":"RT laurenthellama happy friday https//tco/fwnUWCRHST"}
{"tweet_id":841810142802911232,"created_unixtime":1489538152777,"created_time":"Wed Mar 15 00:35:52 +0000 2017","lang":"en","displayname":"GeckoComms","time_zone":"","msg":"JessPals LynnieYankee myslicranolabar u look very intense  but jessmum looks happy"}
{"tweet_id":841810143406784512,"created_unixtime":1489538152921,"created_time":"Wed Mar 15 00:35:52 +0000 2017","lang":"en","displayname":"code13name","time_zone":"","msg":"RT mccoyxelisse Balik to good vibes Stay happy loves 💕"}
{"tweet_id":841810142714843136,"created_unixtime":1489538152756,"created_time":"Wed Mar 15 00:35:52 +0000 2017","lang":"en","displayname":"bradyisaboss","time_zone":"","msg":"Fake news Instead of worrying about bigger issues like national security and the economy lowratings MSNBCs head… https//tco/Ayu2Y69a2o"}
{"tweet_id":841810143054594049,"created_unixtime":1489538152837,"created_time":"Wed Mar 15 00:35:52 +0000 2017","lang":"en","displayname":"athomps91","time_zone":"","msg":"HannahSwinton right Im so sad  how am I supposed to get weird now"}
{"tweet_id":841810143411093508,"created_unixtime":1489538152922,"created_time":"Wed Mar 15 00:35:52 +0000 2017","lang":"en","displayname":"just_riley15","time_zone":"Beijing","msg":"cya_tl I was so happy Xin Yue chose Wei Wuji Only drama when second lead wins His gain is Jiu Yes loss but I did pity Jiu Ye later"}
{"tweet_id":841810143805337600,"created_unixtime":1489538153016,"created_time":"Wed Mar 15 00:35:53 +0000 2017","lang":"en","displayname":"shelbymortensen","time_zone":"","msg":"RT clodeineee The best part of the day is coming home and seeing how happy your dog is to see you"}
{"tweet_id":841810144665128960,"created_unixtime":1489538153221,"created_time":"Wed Mar 15 00:35:53 +0000 2017","lang":"ja","displayname":"chun8chun8chun","time_zone":"Irkutsk","msg":"RT mochichi__58 海未ちゃん🎁Happy🎉Birthday🎂素敵な1日になりますように…💘💘園田海未生誕祭2017 園田海未生誕祭 https//tco/5flAAzfRFo"}
{"tweet_id":841810144719732737,"created_unixtime":1489538153234,"created_time":"Wed Mar 15 00:35:53 +0000 2017","lang":"en","displayname":"ciara_foster98","time_zone":"Casablanca","msg":"RT danielamvr_ Also Happy Birthday to my babes cant wait to celebrate love you millions ciara_foster98 💗✨🌈 https//tco/exBniUG8Vq"}
{"tweet_id":841810145214660608,"created_unixtime":1489538153352,"created_time":"Wed Mar 15 00:35:53 +0000 2017","lang":"en","displayname":"drewBbalis","time_zone":"Eastern Time (US & Canada)","msg":"Just had to say goodbye to Josh Donaldson in a fantasy league Probably for the best but sad Thanks for the championship in 2014"}
{"tweet_id":841810145340448769,"created_unixtime":1489538153382,"created_time":"Wed Mar 15 00:35:53 +0000 2017","lang":"en","displayname":"kennyburtie","time_zone":"","msg":"RT grunewaldcass Screaming happy birthday to my bestest friend🤑thanks for always being there for me and never failing to make me loo… "}
{"tweet_id":841810145940135936,"created_unixtime":1489538153525,"created_time":"Wed Mar 15 00:35:53 +0000 2017","lang":"en","displayname":"maxinebrion_","time_zone":"Beijing","msg":"RT bts_bighit [Episode] HAPPY WHITE DAY FROM BTS 1 https//tco/Kk7XrnfG3x2 https//tco/dUxXeGBvhG"}
{"tweet_id":841810145457917953,"created_unixtime":1489538153410,"created_time":"Wed Mar 15 00:35:53 +0000 2017","lang":"en","displayname":"bigbelly28","time_zone":"Atlantic Time (Canada)","msg":"You ever watch a show/movie and see the perfect happy family and smile because you know thatll be you in 10 or so years"}
{"tweet_id":841810145743101952,"created_unixtime":1489538153478,"created_time":"Wed Mar 15 00:35:53 +0000 2017","lang":"en","displayname":"lepordlife","time_zone":"Eastern Time (US & Canada)","msg":"Its truly sad currently enjoying Doritos without a drink 🙄"}
{"tweet_id":841810146028208128,"created_unixtime":1489538153546,"created_time":"Wed Mar 15 00:35:53 +0000 2017","lang":"en","displayname":"sheryl0616","time_zone":"Kuala Lumpur","msg":"RT papermagazine Watch this Versace Versus clip and bask in how totally happy zaynmalik and GiGiHadid are together… "}
{"tweet_id":841810145726349317,"created_unixtime":1489538153474,"created_time":"Wed Mar 15 00:35:53 +0000 2017","lang":"en","displayname":"lisa_rm19","time_zone":"Brasilia","msg":"happy birthday magnisha🎉_magnishaaa"}
{"tweet_id":841810146015744000,"created_unixtime":1489538153543,"created_time":"Wed Mar 15 00:35:53 +0000 2017","lang":"en","displayname":"lburgcouponmama","time_zone":"Central Time (US & Canada)","msg":"RT MomItForward Q6 DOES FOOD MAKE YOU HAPPY WHAT DISHES MAKE YOU THE HAPPIEST AvoHappiness GNO PLS RT"}
{"tweet_id":841810146682580992,"created_unixtime":1489538153702,"created_time":"Wed Mar 15 00:35:53 +0000 2017","lang":"en","displayname":"Ryo_Akiyama_bot","time_zone":"Irkutsk","msg":"Even were not the official UTAU of Master _Yuukarii / otakuRei_  Im still happy that master is proud at us"}
