{"tweet_id":841793926398939137,"created_unixtime":1489534286485,"created_time":"Tue Mar 14 23:31:26 +0000 2017","lang":"en","displayname":"LoloTooFunny_","time_zone":"Pacific Time (US & Canada)","msg":"good looks broo and you already kno 💪⛏ https//tco/cJvDoWtfzd"}
{"tweet_id":841793927476842496,"created_unixtime":1489534286742,"created_time":"Tue Mar 14 23:31:26 +0000 2017","lang":"en","displayname":"expatfrommass","time_zone":"","msg":"RT neiltyson 314  Happy Piday to Gregorian calendar users who reckon dates with month followed by day separated by period omitting year"}
{"tweet_id":841793927585894400,"created_unixtime":1489534286768,"created_time":"Tue Mar 14 23:31:26 +0000 2017","lang":"en","displayname":"mwoodszy","time_zone":"","msg":"RT RustlerBaseball Rustlers beat the Lasers 21 improve to 22 in OEC play tfranny29 picks up the win and adammoses16 gets the save…"}
{"tweet_id":841793927556423680,"created_unixtime":1489534286761,"created_time":"Tue Mar 14 23:31:26 +0000 2017","lang":"en","displayname":"bjhmyg","time_zone":"Pacific Time (US & Canada)","msg":"STOP I LOVE THIS SO MUCHHHH https//tco/lzovgLb2Zj"}
{"tweet_id":841793927938097152,"created_unixtime":1489534286852,"created_time":"Tue Mar 14 23:31:26 +0000 2017","lang":"en","displayname":"amilahmarzuki","time_zone":"Kuala Lumpur","msg":"And so my conclusion is that people just dont want to see you happy"}
{"tweet_id":841793927845892096,"created_unixtime":1489534286830,"created_time":"Tue Mar 14 23:31:26 +0000 2017","lang":"en","displayname":"CarberryMatthew","time_zone":"","msg":"democracynow JuliaFBXLawRpt Nor is it intellectually honest to do so while ignoring those who lost plans and doct… https//tco/zgfL3hQDPO"}
{"tweet_id":841793927577509888,"created_unixtime":1489534286766,"created_time":"Tue Mar 14 23:31:26 +0000 2017","lang":"en","displayname":"shaunnnss","time_zone":"","msg":"RT katieseabolt1 i hope youre as happy as you deserve to be someday"}
{"tweet_id":841793927904673792,"created_unixtime":1489534286844,"created_time":"Tue Mar 14 23:31:26 +0000 2017","lang":"en","displayname":"DeaDollan","time_zone":"Pacific Time (US & Canada)","msg":"taylorcaniff bro makes me happy now please"}
{"tweet_id":841793928315600897,"created_unixtime":1489534286942,"created_time":"Tue Mar 14 23:31:26 +0000 2017","lang":"ja","displayname":"26_26_ma","time_zone":"","msg":"RT BELCORNO ラテアート【園田海未】＠ラブライブ！LatteArt【Umi Sonoda】＠ Love Live本日お誕生日で一杯。Happy Birthday作成動画：https//tco/M7aP8M7SKK… "}
{"tweet_id":841793927824957440,"created_unixtime":1489534286825,"created_time":"Tue Mar 14 23:31:26 +0000 2017","lang":"en","displayname":"NlATEPPELIN","time_zone":"Pacific Time (US & Canada)","msg":"i hate th idea of viral/adiane like viral obvs wouldnt be happy also if ur gonna het ship him then ship him with tsuuma"}
{"tweet_id":841793928626077700,"created_unixtime":1489534287016,"created_time":"Tue Mar 14 23:31:27 +0000 2017","lang":"en","displayname":"BET_Soul","time_zone":"Quito","msg":"RT iDrewItUp This means Ill be spinning Thriller Bad Off the Wall and Back on the Block hey Secret Garden today https//tco/mEXAe…"}
{"tweet_id":841793928932261890,"created_unixtime":1489534287089,"created_time":"Tue Mar 14 23:31:27 +0000 2017","lang":"en","displayname":"heytae_","time_zone":"Atlantic Time (Canada)","msg":"Happy National PIE Day 💚 https//tco/O7tIfmZinJ"}
{"tweet_id":841793925065146369,"created_unixtime":1489534286167,"created_time":"Tue Mar 14 23:31:26 +0000 2017","lang":"und","displayname":"heCate____","time_zone":"Pacific Time (US & Canada)","msg":"RT idhf_ Mrzim se sad jakoViše nego što se inače mrzim"}
{"tweet_id":841793925207719936,"created_unixtime":1489534286201,"created_time":"Tue Mar 14 23:31:26 +0000 2017","lang":"en","displayname":"alex01helen","time_zone":"","msg":"RT IsacElliot I am SO happy for the way Trondheim treated me❤🙏🏻"}
{"tweet_id":841793926029701121,"created_unixtime":1489534286397,"created_time":"Tue Mar 14 23:31:26 +0000 2017","lang":"en","displayname":"Ferylabel","time_zone":"","msg":"RT VinesGot7 Happy White Day 💗 https//tco/KU4o3Urzc2"}
{"tweet_id":841793925509726209,"created_unixtime":1489534286273,"created_time":"Tue Mar 14 23:31:26 +0000 2017","lang":"en","displayname":"gagadeiIheus","time_zone":"Brasilia","msg":"VideoLove Lady Gaga https//tco/aV7Q5IDkB3"}
{"tweet_id":841793925702656000,"created_unixtime":1489534286319,"created_time":"Tue Mar 14 23:31:26 +0000 2017","lang":"en","displayname":"LANorthshore","time_zone":"Central Time (US & Canada)","msg":"RT LaSeafoodBoard Yes please Who can say no to LouisianaSeafood https//tco/HiDSKrVCAu"}
{"tweet_id":841793925425717248,"created_unixtime":1489534286253,"created_time":"Tue Mar 14 23:31:26 +0000 2017","lang":"en","displayname":"deyvalano","time_zone":"Beijing","msg":"RT MillennialOfMNL This is your reminder that its okay to not be okay No one is constantly happy Your emotions are yours No one can t…"}
{"tweet_id":841793926755319808,"created_unixtime":1489534286570,"created_time":"Tue Mar 14 23:31:26 +0000 2017","lang":"en","displayname":"ManuelMawleon","time_zone":"","msg":"Im so happy 😎"}
{"tweet_id":841793926470201345,"created_unixtime":1489534286502,"created_time":"Tue Mar 14 23:31:26 +0000 2017","lang":"en","displayname":"1STPOSlTlON","time_zone":"Eastern Time (US & Canada)","msg":"RT bizekes she looks beautiful being fatphobic doesnt make you cool or funny it makes you sad and ugly https//tco/UOS9e8H4fK"}
{"tweet_id":841793926075961345,"created_unixtime":1489534286408,"created_time":"Tue Mar 14 23:31:26 +0000 2017","lang":"en","displayname":"MNSport_Fan","time_zone":"","msg":"Happy birthday Kirby mntwins mnsports puckett https//tco/TJbAYWl3jQ"}
{"tweet_id":841793926709297152,"created_unixtime":1489534286559,"created_time":"Tue Mar 14 23:31:26 +0000 2017","lang":"en","displayname":"Smiley_Lekha","time_zone":"Hawaii","msg":"Mu456Anand  to my sunshine My reason of happiness True to her name my reason to smile Happy birthday  140 word tweet is never enough"}
{"tweet_id":841793927434838016,"created_unixtime":1489534286732,"created_time":"Tue Mar 14 23:31:26 +0000 2017","lang":"tl","displayname":"ynnakampitan","time_zone":"International Date Line West","msg":"kinda sad because i dont want to end this school year na hindi kami nakakapagusap ni a "}
{"tweet_id":841793926575063040,"created_unixtime":1489534286527,"created_time":"Tue Mar 14 23:31:26 +0000 2017","lang":"en","displayname":"HOME_THEOCEAN","time_zone":"Mountain Time (US & Canada)","msg":"EdgarAllanPoche honestly this person has no taste Its sad really https//tco/KzSKre6ocw"}
{"tweet_id":841793927363604482,"created_unixtime":1489534286715,"created_time":"Tue Mar 14 23:31:26 +0000 2017","lang":"en","displayname":"daytonacharger","time_zone":"Dublin","msg":"greeneyes0084 Agreed  Happy Tuesday Gorgeous DR lt3 amp Best Wishes to you amp your family too "}
{"tweet_id":841793930437902336,"created_unixtime":1489534287448,"created_time":"Tue Mar 14 23:31:27 +0000 2017","lang":"und","displayname":"warashi_z","time_zone":"Tokyo","msg":"RT vxrbxl happy π day🍴💖 https//tco/HzFW5nCfiA"}
{"tweet_id":841793930723184640,"created_unixtime":1489534287516,"created_time":"Tue Mar 14 23:31:27 +0000 2017","lang":"en","displayname":"alpha_zita","time_zone":"","msg":"RT SoFunnyTexts me hey Im actually happy with my life right now everything is going okay stress https//tco/ouJrHHPFmZ"}
{"tweet_id":841793930761011200,"created_unixtime":1489534287525,"created_time":"Tue Mar 14 23:31:27 +0000 2017","lang":"en","displayname":"17cfrazi","time_zone":"","msg":"people will care more for the ones who bring them down than the ones who bring them up and its sad"}
{"tweet_id":841793932065308673,"created_unixtime":1489534287836,"created_time":"Tue Mar 14 23:31:27 +0000 2017","lang":"und","displayname":"LiMuckenthaler","time_zone":"Pacific Time (US & Canada)","msg":"RT a_malahov Да Это лучший вторник в году Im so happy LiamPayne  thanx man Russia loves 1D https//tco/AGoKNzb07B"}
{"tweet_id":841793931352383488,"created_unixtime":1489534287666,"created_time":"Tue Mar 14 23:31:27 +0000 2017","lang":"en","displayname":"AineEibhlin","time_zone":"","msg":"RT HoisinRenderson Heartbreaking news from Buncrana tonight God love her family and friends Another sad day for the town RIP https//…"}
{"tweet_id":841793931977359361,"created_unixtime":1489534287815,"created_time":"Tue Mar 14 23:31:27 +0000 2017","lang":"en","displayname":"Mikeggxs","time_zone":"Pacific Time (US & Canada)","msg":"calebrmclaughl1 Im having really bad days but you interacting with some fans makes me so happy💯❤️❤️❤️"}
{"tweet_id":841793931692105731,"created_unixtime":1489534287747,"created_time":"Tue Mar 14 23:31:27 +0000 2017","lang":"en","displayname":"CrisParanoid","time_zone":"Madrid","msg":"RT fxactivist the sad thing is this isnt the first time amber has talked about sm ignoring her https//tco/BHhopD2xFB"}
{"tweet_id":841793933017468929,"created_unixtime":1489534288063,"created_time":"Tue Mar 14 23:31:28 +0000 2017","lang":"en","displayname":"JcDkwarren","time_zone":"","msg":"RT kyliedd6 happy happy https//tco/iC5vofSLO3"}
{"tweet_id":841793933277597696,"created_unixtime":1489534288125,"created_time":"Tue Mar 14 23:31:28 +0000 2017","lang":"en","displayname":"macy_zajac14","time_zone":"Pacific Time (US & Canada)","msg":"RT ashleykrzeczkow Happy birthday macy_zajac14 I hope you get your stain out of your dress and that the rest of your day is perf il… "}
{"tweet_id":841793929162960896,"created_unixtime":1489534287144,"created_time":"Tue Mar 14 23:31:27 +0000 2017","lang":"en","displayname":"NaniVillalvazo","time_zone":"","msg":"lysquez happy birthday sweet girl  I hope you have a good one❤️❤️"}
{"tweet_id":841793929532063744,"created_unixtime":1489534287232,"created_time":"Tue Mar 14 23:31:27 +0000 2017","lang":"en","displayname":"shokhidzhonvebr","time_zone":"","msg":"RT canadiantwitch Hey OldSchoolRS happy Valentines Day  Roses are red violets are blue bring double xp to old school rs because its d…"}
{"tweet_id":841793927598493697,"created_unixtime":1489534286771,"created_time":"Tue Mar 14 23:31:26 +0000 2017","lang":"en","displayname":"Groovy_Ky","time_zone":"Eastern Time (US & Canada)","msg":"RT Aynek_ Its so sad how many girls are going missing in DC 😔"}
{"tweet_id":841793929494310912,"created_unixtime":1489534287223,"created_time":"Tue Mar 14 23:31:27 +0000 2017","lang":"en","displayname":"MuchScrolling","time_zone":"","msg":"Where Did Pi Come From Happy PiDay  Secrets of the Underground https//tco/RVfwPjsf9w"}
{"tweet_id":841793929930518528,"created_unixtime":1489534287327,"created_time":"Tue Mar 14 23:31:27 +0000 2017","lang":"en","displayname":"AigreDouxType","time_zone":"Amsterdam","msg":"Just makes me sad af"}
{"tweet_id":841793930324762626,"created_unixtime":1489534287421,"created_time":"Tue Mar 14 23:31:27 +0000 2017","lang":"en","displayname":"abbie_carter7","time_zone":"London","msg":"I feel so happy again just cause of one person whos come back into my life ❤"}
{"tweet_id":841793930937032704,"created_unixtime":1489534287567,"created_time":"Tue Mar 14 23:31:27 +0000 2017","lang":"ja","displayname":"EYES_LOVE_U","time_zone":"Hawaii","msg":"RT pigeon_kkk おにーへ…Happy Birthday🎂皆んな祝ってくれたぞ😙ケン1歳 https//tco/VKlp1ilXGX"}
{"tweet_id":841793930756743169,"created_unixtime":1489534287524,"created_time":"Tue Mar 14 23:31:27 +0000 2017","lang":"en","displayname":"zhihuish","time_zone":"Beijing","msg":"happy birthday，keep fighting StephenCurry30"}
{"tweet_id":841793931390140416,"created_unixtime":1489534287675,"created_time":"Tue Mar 14 23:31:27 +0000 2017","lang":"en","displayname":"JWernerScout","time_zone":"Central Time (US & Canada)","msg":"Its the NIT Most of the students here havent seen the illini make the NCAA Tournament during their time at Illi… https//tco/S69wv3h31q"}
{"tweet_id":841793932166074368,"created_unixtime":1489534287860,"created_time":"Tue Mar 14 23:31:27 +0000 2017","lang":"en","displayname":"madcitydaddy","time_zone":"","msg":"RT NatureNPS This is what happens when you have a building full of scientists and a laser👨🏽‍🔬👩🏾‍🔬⚡️3️⃣1️⃣4️⃣ Happy PiDay https//tco…"}
{"tweet_id":841793932878999552,"created_unixtime":1489534288030,"created_time":"Tue Mar 14 23:31:28 +0000 2017","lang":"en","displayname":"MOXYpro","time_zone":"Pacific Time (US & Canada)","msg":"RT MOXYpro HAPPY HAPPY HAPPY HAPPY HAPPY HAPPY HAPPY HAPPY HAPPY HAPPY HAPPY HAPPY HAPPY HAPPY BIRTHDAY MY FUTURE EXHUSBAND😜BQQuinn tr…"}
{"tweet_id":841793936851050497,"created_unixtime":1489534288977,"created_time":"Tue Mar 14 23:31:28 +0000 2017","lang":"en","displayname":"KittyWaga","time_zone":"Mountain Time (US & Canada)","msg":"Pretty honoured to have been selected to be a part of this exciting opportunity https//tco/zcfRa2UKRW"}
{"tweet_id":841793935290839045,"created_unixtime":1489534288605,"created_time":"Tue Mar 14 23:31:28 +0000 2017","lang":"en","displayname":"PxGray","time_zone":"","msg":"BBCNews hendopolis we were happy with glass bottles but no profits more important and then they blame the consumer  is frankly insulting"}
{"tweet_id":841793937023094784,"created_unixtime":1489534289018,"created_time":"Tue Mar 14 23:31:29 +0000 2017","lang":"en","displayname":"BangftMe","time_zone":"Pacific Time (US & Canada)","msg":"RT Minjaniv HAPPY WHITE DAY FROM BTS  FELIZ DIA BLANCO DE BTS ~ Hoseok ㅠ_ㅠ https//tco/jWXVpHNlbq"}
{"tweet_id":841793933894156289,"created_unixtime":1489534288272,"created_time":"Tue Mar 14 23:31:28 +0000 2017","lang":"en","displayname":"townsendkyle03","time_zone":"Pacific Time (US & Canada)","msg":"RT Romanlee21 Happy cake day bro Well have to celebrate when I get back in town🎂🎉🎈 townsendkyle03"}
{"tweet_id":841793933759901696,"created_unixtime":1489534288240,"created_time":"Tue Mar 14 23:31:28 +0000 2017","lang":"en","displayname":"jakehamrick_","time_zone":"","msg":"RT TheMetalCore Metallica // Sad But True https//tco/9WLr5cUTfX"}
{"tweet_id":841793933868912641,"created_unixtime":1489534288266,"created_time":"Tue Mar 14 23:31:28 +0000 2017","lang":"en","displayname":"__heathaaa","time_zone":"Mountain Time (US & Canada)","msg":"hey its me Jessica if you dont wish me a happy birthday then fuck you"}
{"tweet_id":841793933575348224,"created_unixtime":1489534288196,"created_time":"Tue Mar 14 23:31:28 +0000 2017","lang":"en","displayname":"501DMITCHY","time_zone":"Central Time (US & Canada)","msg":"Happy bday to a creative genius xvallejol"}
{"tweet_id":841793934045126658,"created_unixtime":1489534288308,"created_time":"Tue Mar 14 23:31:28 +0000 2017","lang":"en","displayname":"Carol9199854435","time_zone":"","msg":"RT 9steveharris KeithOlbermann his followers and Conservatives still find this to be fake news or a nonissue Sad and disgusting time…"}
{"tweet_id":841793933713760258,"created_unixtime":1489534288229,"created_time":"Tue Mar 14 23:31:28 +0000 2017","lang":"en","displayname":"SimplyBrazilian","time_zone":"Melbourne","msg":"Happy Humpday 👑 https//tco/dZJ9O9MYdc"}
{"tweet_id":841793934095396864,"created_unixtime":1489534288320,"created_time":"Tue Mar 14 23:31:28 +0000 2017","lang":"en","displayname":"lotzalozza","time_zone":"Canberra","msg":"BernardKeane Ross_Greenwood Yes dont let the facts get in the way This is why were in the state were in so sad"}
{"tweet_id":841793933843738626,"created_unixtime":1489534288260,"created_time":"Tue Mar 14 23:31:28 +0000 2017","lang":"en","displayname":"weird_normalist","time_zone":"Pacific Time (US & Canada)","msg":"RT killmefam so if she wanna b a dolphin yall just gonna throw her in the specific ocean 🤔 https//tco/tgmj7DADMC"}
{"tweet_id":841793933957054464,"created_unixtime":1489534288287,"created_time":"Tue Mar 14 23:31:28 +0000 2017","lang":"en","displayname":"neko_aldu","time_zone":"","msg":"RT jaebeomtwt WHY IS HE ALWAYS TREATING PLUSHIES LIKE ACTUAL BABIES IM SAD https//tco/y31Oq7JBT4"}
{"tweet_id":841793934275809281,"created_unixtime":1489534288363,"created_time":"Tue Mar 14 23:31:28 +0000 2017","lang":"en","displayname":"jesuispret_3239","time_zone":"Pacific Time (US & Canada)","msg":"RT DavidYankovich Russia is happy They totally destabilized Europe and the US and they never even fired a shot at us https//tco/p…"}
{"tweet_id":841793934145818624,"created_unixtime":1489534288332,"created_time":"Tue Mar 14 23:31:28 +0000 2017","lang":"en","displayname":"Patry_y_cia","time_zone":"Madrid","msg":"RT NetflixUK Make your own happy ending OUAT https//tco/rpg2pzepuB"}
{"tweet_id":841793934481219585,"created_unixtime":1489534288412,"created_time":"Tue Mar 14 23:31:28 +0000 2017","lang":"en","displayname":"bujuananon","time_zone":"","msg":"RT alexandraerin You can abate this sadness by taking a moment to quietly ask yourselfWhy is it even necessary that I1 Sa… "}
{"tweet_id":841793934686855168,"created_unixtime":1489534288461,"created_time":"Tue Mar 14 23:31:28 +0000 2017","lang":"en","displayname":"Veronic34053820","time_zone":"","msg":"Happy Terrific Tuesday😍😍😍😍😍😍strongwomanlivingwithlupus 💜💜💜💜💜💜"}
{"tweet_id":841793935185973248,"created_unixtime":1489534288580,"created_time":"Tue Mar 14 23:31:28 +0000 2017","lang":"en","displayname":"amariebreault","time_zone":"","msg":"RT hmlnani 🤦🏾‍♀️ i just wanna be happy with someone for a really long time but its just not happening"}
{"tweet_id":841793935131480064,"created_unixtime":1489534288567,"created_time":"Tue Mar 14 23:31:28 +0000 2017","lang":"en","displayname":"MGKrame","time_zone":"Central Time (US & Canada)","msg":"RT Nelly_Mo Happy 314 DAY STL STAND UP"}
{"tweet_id":841793935609606146,"created_unixtime":1489534288681,"created_time":"Tue Mar 14 23:31:28 +0000 2017","lang":"en","displayname":"TheIrishPickle","time_zone":"","msg":"RT VillageBootsy HAPPY TacoTuesday 🌮 SO Tonite Will TheGabytron play BF4 with Sub Rosez amp me Tune in at 6pm PST to find out 😎… "}
{"tweet_id":841793935701770240,"created_unixtime":1489534288703,"created_time":"Tue Mar 14 23:31:28 +0000 2017","lang":"en","displayname":"jeonsjunhui","time_zone":"Sydney","msg":"SOFTLYLATINA about a week ago for personal reasons jdjsjsj i im so sad"}
{"tweet_id":841793935571865600,"created_unixtime":1489534288672,"created_time":"Tue Mar 14 23:31:28 +0000 2017","lang":"en","displayname":"BlazePizza","time_zone":"Pacific Time (US & Canada)","msg":"LAdigitalPhoto Happy BlazePiDay  thanks for stoppy by"}
{"tweet_id":841793935387303939,"created_unixtime":1489534288628,"created_time":"Tue Mar 14 23:31:28 +0000 2017","lang":"en","displayname":"danikaxmendoza","time_zone":"Atlantic Time (Canada)","msg":"RT emofucc when i show people a list of reasons why im so sad https//tco/c986HezrtS"}
{"tweet_id":841793933755703296,"created_unixtime":1489534288239,"created_time":"Tue Mar 14 23:31:28 +0000 2017","lang":"en","displayname":"kindaronstadt","time_zone":"Eastern Time (US & Canada)","msg":"Todays a good day for baking and Firefly and wine and potting plants Happy snow day everybody https//tco/9LOHYaj1yh"}
{"tweet_id":841793936343588865,"created_unixtime":1489534288856,"created_time":"Tue Mar 14 23:31:28 +0000 2017","lang":"en","displayname":"bis_kate","time_zone":"Brasilia","msg":"RT ProudSPNer Happy PiDay Imo today should be called DeanDay https//tco/oI7tGfT4Ci"}
{"tweet_id":841793936142303232,"created_unixtime":1489534288808,"created_time":"Tue Mar 14 23:31:28 +0000 2017","lang":"en","displayname":"hmwoodd","time_zone":"","msg":"RT IntThings Do what you love and whatever makes you happy Be good to the people that are good to you Cut off negativity Dont settle…"}
{"tweet_id":841793936830144517,"created_unixtime":1489534288972,"created_time":"Tue Mar 14 23:31:28 +0000 2017","lang":"und","displayname":"sunlightwarden","time_zone":"Atlantic Time (Canada)","msg":"RT C_Stroop Sad https//tco/VoS74fisvr"}
{"tweet_id":841793937039888384,"created_unixtime":1489534289022,"created_time":"Tue Mar 14 23:31:29 +0000 2017","lang":"en","displayname":"_Londyyyyy","time_zone":"Central Time (US & Canada)","msg":"RT coryschmitt WORLD Welcome to PaneraSTL Its Bread CoWORLD Happy Pi DaySTL Its 314Day"}
{"tweet_id":841793937132072960,"created_unixtime":1489534289044,"created_time":"Tue Mar 14 23:31:29 +0000 2017","lang":"en","displayname":"Camizzle808","time_zone":"Hawaii","msg":"RT warriors DubNation please join us in wishing StephenCurry30 a very Happy Birthday 🎈 https//tco/cByjiIEk25"}
{"tweet_id":841793937249513472,"created_unixtime":1489534289072,"created_time":"Tue Mar 14 23:31:29 +0000 2017","lang":"en","displayname":"bjhmyg","time_zone":"Pacific Time (US & Canada)","msg":"RT huiparamparam when hwitaek was about to do his intro but fans cheered loudly he looked so happy i want him to be this loved f… "}
{"tweet_id":841793937425743876,"created_unixtime":1489534289114,"created_time":"Tue Mar 14 23:31:29 +0000 2017","lang":"en","displayname":"rikumemes","time_zone":"Pacific Time (US & Canada)","msg":"RT ringelrei please I want them to be happy https//tco/mMMS2L9zbw"}
{"tweet_id":841793937824198657,"created_unixtime":1489534289209,"created_time":"Tue Mar 14 23:31:29 +0000 2017","lang":"en","displayname":"ibelowKey__","time_zone":"Eastern Time (US & Canada)","msg":"RT JustyFBaby Greatest happy birthday wish Ive ever seen https//tco/UrlPQdhFpt"}
{"tweet_id":841793938000363520,"created_unixtime":1489534289251,"created_time":"Tue Mar 14 23:31:29 +0000 2017","lang":"en","displayname":"zouiszinha","time_zone":"Brasilia","msg":"RT LittleMix NoMoreSadSongs for REAL❌❤️ weve made a SpotifyUK playlist with some happy songs☺️ what should we add X the girl… "}
{"tweet_id":841793937740320768,"created_unixtime":1489534289189,"created_time":"Tue Mar 14 23:31:29 +0000 2017","lang":"und","displayname":"lilizivanovic10","time_zone":"Belgrade","msg":"Emisija Ćirilica  TV Happy 13032017 https//tco/8IkRRVG905 преко YouTube"}
{"tweet_id":841793938520399872,"created_unixtime":1489534289375,"created_time":"Tue Mar 14 23:31:29 +0000 2017","lang":"en","displayname":"Sarah_o_99","time_zone":"","msg":"RT BillNye Happy 314 Day peoples"}
{"tweet_id":841793938537222144,"created_unixtime":1489534289379,"created_time":"Tue Mar 14 23:31:29 +0000 2017","lang":"en","displayname":"jreil26","time_zone":"","msg":"gingo11111 Looking good my man Happy Birthday bro👍🏻👍🏻"}
{"tweet_id":841793939174789120,"created_unixtime":1489534289531,"created_time":"Tue Mar 14 23:31:29 +0000 2017","lang":"en","displayname":"mpayton8","time_zone":"Eastern Time (US & Canada)","msg":"mcbarry32  Ill be happy to refer you We each save 100 if I do"}
{"tweet_id":841793939099258881,"created_unixtime":1489534289513,"created_time":"Tue Mar 14 23:31:29 +0000 2017","lang":"en","displayname":"Body8284","time_zone":"","msg":"RT RamadanSobhi Happy Birthday Joe How was that for an early birthday gift 😜  RS32FAWales stokecity https//tco/e29a6rCafz"}
{"tweet_id":841793940122681344,"created_unixtime":1489534289757,"created_time":"Tue Mar 14 23:31:29 +0000 2017","lang":"en","displayname":"Annoyingmika","time_zone":"Arizona","msg":"RT sheswithmee IfYoureMyGirl I plan to give you the world and I will constantly strive to make you happy no matter what I have to do"}
{"tweet_id":841793940294651904,"created_unixtime":1489534289798,"created_time":"Tue Mar 14 23:31:29 +0000 2017","lang":"en","displayname":"BabyJee_","time_zone":"Eastern Time (US & Canada)","msg":"RT itsjoshae_ If I really made you happy you wouldnt fuck with nobody else 💯"}
{"tweet_id":841793940923719680,"created_unixtime":1489534289948,"created_time":"Tue Mar 14 23:31:29 +0000 2017","lang":"en","displayname":"mymelodz","time_zone":"","msg":"RT dhezcamacho Happy Family ToMiHoLLWaves https//tco/pra6dmYTZH"}
{"tweet_id":841793941171126274,"created_unixtime":1489534290007,"created_time":"Tue Mar 14 23:31:30 +0000 2017","lang":"en","displayname":"icecreamhannah2","time_zone":"","msg":"quenblackwell you have blessed me I can die happy"}
{"tweet_id":841793940550516736,"created_unixtime":1489534289859,"created_time":"Tue Mar 14 23:31:29 +0000 2017","lang":"en","displayname":"SeaPost_Press","time_zone":"","msg":"Beyond excited for this matthaig1  https//tco/xlRu9JRVdI"}
{"tweet_id":841793941708124160,"created_unixtime":1489534290135,"created_time":"Tue Mar 14 23:31:30 +0000 2017","lang":"en","displayname":"FaithJ0hnson11","time_zone":"","msg":"RT ChiIIVlbes its sad to see a good person change"}
{"tweet_id":841793937056620545,"created_unixtime":1489534289026,"created_time":"Tue Mar 14 23:31:29 +0000 2017","lang":"en","displayname":"Mandymv13","time_zone":"","msg":"https//tco/4nEBJ8pTZbVery sad that one who served our country is not able to get the care he needs This needs to change SUsocialwork"}
{"tweet_id":841793937782251526,"created_unixtime":1489534289199,"created_time":"Tue Mar 14 23:31:29 +0000 2017","lang":"en","displayname":"Lattes_Help","time_zone":"","msg":"RT urmyfavetoday Were you happy with Nicks choice on TheBachelorFinale  Before you answer remember what the prize was Recap gt https…"}
{"tweet_id":841793937866129408,"created_unixtime":1489534289219,"created_time":"Tue Mar 14 23:31:29 +0000 2017","lang":"en","displayname":"chrisgdaUnknown","time_zone":"Pacific Time (US & Canada)","msg":"onlyonejj22 i them bitches cant be serious They fucking sad bruh"}
{"tweet_id":841793938352672770,"created_unixtime":1489534289335,"created_time":"Tue Mar 14 23:31:29 +0000 2017","lang":"en","displayname":"Dguapp","time_zone":"","msg":"RT sheswithmee IfYoureMyGirl I plan to give you the world and I will constantly strive to make you happy no matter what I have to do"}
{"tweet_id":841793938537222145,"created_unixtime":1489534289379,"created_time":"Tue Mar 14 23:31:29 +0000 2017","lang":"en","displayname":"DlCKBICYCLE","time_zone":"Athens","msg":"Dont be so sad as i already said u didnt bet on him so ur money r safe https//tco/1qP6lCJQzt"}
{"tweet_id":841793939174785025,"created_unixtime":1489534289531,"created_time":"Tue Mar 14 23:31:29 +0000 2017","lang":"en","displayname":"stylespoetry","time_zone":"Santiago","msg":"dear Harry_Styles keep smiling cause your smile makes me smile Thank you for making me so happy mind following me Love you ♡ — 13157"}
{"tweet_id":841793936423284737,"created_unixtime":1489534288875,"created_time":"Tue Mar 14 23:31:28 +0000 2017","lang":"en","displayname":"NefertitiKoopa","time_zone":"Eastern Time (US & Canada)","msg":"All the trees in my yard look sad af lmao 😂😭 WinterStormStella StellaBlizzard STELLAAAAAAA https//tco/5DmGKlsslI"}
{"tweet_id":841793940017827841,"created_unixtime":1489534289732,"created_time":"Tue Mar 14 23:31:29 +0000 2017","lang":"en","displayname":"BET_Soul","time_zone":"Quito","msg":"RT UptownJust A real genius https//tco/M9qybcff4d"}
{"tweet_id":841793940864954368,"created_unixtime":1489534289934,"created_time":"Tue Mar 14 23:31:29 +0000 2017","lang":"en","displayname":"PTXalways","time_zone":"","msg":"RT RickyPDillon Happy pi day https//tco/PyJRimk7d3"}
{"tweet_id":841793940605030405,"created_unixtime":1489534289872,"created_time":"Tue Mar 14 23:31:29 +0000 2017","lang":"en","displayname":"the0nna_xo","time_zone":"Central Time (US & Canada)","msg":"RT thelipstickgawd Yall really be mad amp upset with people just because they have good parents who help them out well after theyre out o…"}
{"tweet_id":841793941271846912,"created_unixtime":1489534290031,"created_time":"Tue Mar 14 23:31:30 +0000 2017","lang":"tl","displayname":"charmainefaulks","time_zone":"Taipei","msg":"Huli man daw at magaling huli pa rin 😜Happy birthday paullim0314 🎂🎈"}
{"tweet_id":841793941485846528,"created_unixtime":1489534290082,"created_time":"Tue Mar 14 23:31:30 +0000 2017","lang":"en","displayname":"nmh57","time_zone":"","msg":"Lokay haha just been happy your not one of the squares Rhondela almost blow away"}
{"tweet_id":841793944748941312,"created_unixtime":1489534290860,"created_time":"Tue Mar 14 23:31:30 +0000 2017","lang":"en","displayname":"rvdicxll","time_zone":"","msg":"RT queenofseahawks i wish i could still make people happy"}
{"tweet_id":841793944765644800,"created_unixtime":1489534290864,"created_time":"Tue Mar 14 23:31:30 +0000 2017","lang":"en","displayname":"lost_emptyworld","time_zone":"Beijing","msg":"RT layshands 170314 Happy Camp weibo updateNo shirt collar is safe from DIY master Zhang Yixing 😂 https//tco/2tyUEyOlP3"}
{"tweet_id":841793944665047040,"created_unixtime":1489534290840,"created_time":"Tue Mar 14 23:31:30 +0000 2017","lang":"en","displayname":"that_spaz","time_zone":"Pacific Time (US & Canada)","msg":"RT ilovefIowers if ur sad https//tco/cwXvLBIWEu"}
{"tweet_id":841793945403289605,"created_unixtime":1489534291016,"created_time":"Tue Mar 14 23:31:31 +0000 2017","lang":"en","displayname":"gothboyimposter","time_zone":"Pacific Time (US & Canada)","msg":"RT lostpanda Happy Pi day https//tco/tMJq9uUeRk"}
{"tweet_id":841793945524944897,"created_unixtime":1489534291045,"created_time":"Tue Mar 14 23:31:31 +0000 2017","lang":"en","displayname":"MX_kkukkungie","time_zone":"Berlin","msg":"RT hellowonho_ im glad steffi is happy with her sparkly mans 🎉❤️"}
{"tweet_id":841793945642377217,"created_unixtime":1489534291073,"created_time":"Tue Mar 14 23:31:31 +0000 2017","lang":"en","displayname":"Jesse_Talbot91","time_zone":"Pacific Time (US & Canada)","msg":"RT Lilybels2 Its good for your health people  happy wife means happy life Get your slate sign here https//tco/tpooPyo6j8… "}
{"tweet_id":841793941947138048,"created_unixtime":1489534290192,"created_time":"Tue Mar 14 23:31:30 +0000 2017","lang":"en","displayname":"sfchrisb","time_zone":"Pacific Time (US & Canada)","msg":"this made me happy omg https//tco/N7dFqwfk8r"}
{"tweet_id":841793942207123456,"created_unixtime":1489534290254,"created_time":"Tue Mar 14 23:31:30 +0000 2017","lang":"en","displayname":"nurulnnnadihah","time_zone":"","msg":"RT The_YUNiversity Happy Pi Day https//tco/7os5VCGOhm"}
{"tweet_id":841793941808766977,"created_unixtime":1489534290159,"created_time":"Tue Mar 14 23:31:30 +0000 2017","lang":"en","displayname":"Grizz83","time_zone":"Eastern Time (US & Canada)","msg":"talkinturkey317 pass the blame game  IndyDT VisitIndy sad "}
{"tweet_id":841793942064640000,"created_unixtime":1489534290220,"created_time":"Tue Mar 14 23:31:30 +0000 2017","lang":"en","displayname":"Rafasgirlalways","time_zone":"London","msg":"cambriaca hes such a happy pup ❤"}
{"tweet_id":841793942047883265,"created_unixtime":1489534290216,"created_time":"Tue Mar 14 23:31:30 +0000 2017","lang":"en","displayname":"MainSt4GrowthCO","time_zone":"Eastern Time (US & Canada)","msg":"RT BoulderSBDC Were happy to see that Colorado is listed at 4 on US News amp World Report 10 Best US States for Business https//t…"}
{"tweet_id":841793942291124234,"created_unixtime":1489534290274,"created_time":"Tue Mar 14 23:31:30 +0000 2017","lang":"en","displayname":"devonann_","time_zone":"Central Time (US & Canada)","msg":"happy birthday rachdostal  have a great night 💕💕"}
{"tweet_id":841793942723149824,"created_unixtime":1489534290377,"created_time":"Tue Mar 14 23:31:30 +0000 2017","lang":"en","displayname":"lilli_love112","time_zone":"","msg":"Its sad when you dont want to love because you dont want to be broken again"}
{"tweet_id":841793942404374528,"created_unixtime":1489534290301,"created_time":"Tue Mar 14 23:31:30 +0000 2017","lang":"en","displayname":"juliafuentes459","time_zone":"","msg":"RT feddelegrand Happy to have KryderMusic back again Together with CroatiaSquad well bring the house down March 23rd… "}
{"tweet_id":841793942815404033,"created_unixtime":1489534290399,"created_time":"Tue Mar 14 23:31:30 +0000 2017","lang":"es","displayname":"LxcaDelAmxr","time_zone":"Buenos Aires","msg":"RT itsool sorteo dos cuentas netflix porque estoy sadrt y fav este tuit tenes que ser seguidor"}
{"tweet_id":841793942811246592,"created_unixtime":1489534290398,"created_time":"Tue Mar 14 23:31:30 +0000 2017","lang":"en","displayname":"ohitskarissssaa","time_zone":"","msg":"THIS MAKES ME SO HAPPY AND SAD ALL AT ONCE 😭❤️ https//tco/vklT3n2LZL"}
{"tweet_id":841793942974803969,"created_unixtime":1489534290437,"created_time":"Tue Mar 14 23:31:30 +0000 2017","lang":"en","displayname":"savanna11r","time_zone":"","msg":"Almost broke my nail twice today im not happy"}
{"tweet_id":841793942454652928,"created_unixtime":1489534290313,"created_time":"Tue Mar 14 23:31:30 +0000 2017","lang":"en","displayname":"serggavila","time_zone":"","msg":"This is hella sad https//tco/q7ByvLlJ8z"}
{"tweet_id":841793943012560901,"created_unixtime":1489534290446,"created_time":"Tue Mar 14 23:31:30 +0000 2017","lang":"en","displayname":"JamesonBoXXer32","time_zone":"Central Time (US & Canada)","msg":"sithlordlerg iNOTORlOUS thank you Happy to be a part of the fam"}
{"tweet_id":841793941632622592,"created_unixtime":1489534290117,"created_time":"Tue Mar 14 23:31:30 +0000 2017","lang":"en","displayname":"memy128","time_zone":"Brasilia","msg":"RT soompi Happy Birthday to ASTROs JinJin HappyJinJinDay https//tco/re8aLKVIDL https//tco/oAcH44Finb"}
{"tweet_id":841793944455335936,"created_unixtime":1489534290790,"created_time":"Tue Mar 14 23:31:30 +0000 2017","lang":"en","displayname":"Ruhil_Hayati","time_zone":"Beijing","msg":"pqa_amad morninggghappy belated birthday pqa Have a good day ahead 😘"}
{"tweet_id":841793943767515136,"created_unixtime":1489534290626,"created_time":"Tue Mar 14 23:31:30 +0000 2017","lang":"en","displayname":"CLEAN_george","time_zone":"Pacific Time (US & Canada)","msg":"My bank account made Austin bars happy https//tco/4wBvaXYLfR"}
{"tweet_id":841793944296005632,"created_unixtime":1489534290752,"created_time":"Tue Mar 14 23:31:30 +0000 2017","lang":"en","displayname":"gaylon_lucas","time_zone":"","msg":"TheCoconutFlake Thank you for an awesome stream We are all so happy for you 👍😀😘"}
{"tweet_id":841793941146079232,"created_unixtime":1489534290001,"created_time":"Tue Mar 14 23:31:30 +0000 2017","lang":"en","displayname":"HannahBananna4","time_zone":"Atlantic Time (Canada)","msg":"HAPPY BIRTHDAY to this bundle of joy in my life I love you so much twitrlss_jordan hope you are having a great da… https//tco/1AKNJRedrE"}
{"tweet_id":841793946107953153,"created_unixtime":1489534291184,"created_time":"Tue Mar 14 23:31:31 +0000 2017","lang":"en","displayname":"simpsonlover142","time_zone":"","msg":"RT RickyPDillon Happy pi day https//tco/PyJRimk7d3"}
{"tweet_id":841793946493812737,"created_unixtime":1489534291276,"created_time":"Tue Mar 14 23:31:31 +0000 2017","lang":"en","displayname":"Calabriuhhh","time_zone":"CST","msg":"I just want a bestfriend to always be with and always be happy while with them and to just have someone there for me all the time"}
{"tweet_id":841793946678308864,"created_unixtime":1489534291320,"created_time":"Tue Mar 14 23:31:31 +0000 2017","lang":"en","displayname":"hippiestephhhh","time_zone":"","msg":"RT BriannaLynch22 Youre never going to be happy if youre constantly looking in other people to bring you happiness"}
{"tweet_id":841793945529139200,"created_unixtime":1489534291046,"created_time":"Tue Mar 14 23:31:31 +0000 2017","lang":"en","displayname":"RCHAD3988","time_zone":"Eastern Time (US & Canada)","msg":"RT GRYKING Happy Birthday Q QuincyDJones https//tco/ozzi6a0dWR"}
{"tweet_id":841793946363744256,"created_unixtime":1489534291245,"created_time":"Tue Mar 14 23:31:31 +0000 2017","lang":"ja","displayname":"Is_3t3","time_zone":"","msg":"RT cmwtp_bdbdwj 海未ちゃん！Happy birthday 💙μsのなかで1番好き！！これからも応援してます！園田海未生誕祭 園田海未生誕祭2017 3月15日は園田海未の誕生日 ラブライバーと繋がりたい 祝う人RT… "}
{"tweet_id":841793946577707008,"created_unixtime":1489534291296,"created_time":"Tue Mar 14 23:31:31 +0000 2017","lang":"en","displayname":"Richgalbrie","time_zone":"Pacific Time (US & Canada)","msg":"RT NBA Join us in wishing StephenCurry30 of the warriors a HAPPY 29th BIRTHDAY NBABDAY DubNation https//tco/cZfNy7sLh5"}
{"tweet_id":841793946590314498,"created_unixtime":1489534291299,"created_time":"Tue Mar 14 23:31:31 +0000 2017","lang":"en","displayname":"_h0pelessfool","time_zone":"Greenland","msg":"RT ilovefIowers if ur sad https//tco/cwXvLBIWEu"}
{"tweet_id":841793945042599937,"created_unixtime":1489534290930,"created_time":"Tue Mar 14 23:31:30 +0000 2017","lang":"en","displayname":"skgnehm","time_zone":"","msg":"Happy birthday to my main❤️ https//tco/ASV7x37X4g"}
{"tweet_id":841793947185868800,"created_unixtime":1489534291441,"created_time":"Tue Mar 14 23:31:31 +0000 2017","lang":"en","displayname":"BEENPOPPINNN","time_zone":"Central Time (US & Canada)","msg":"ayytashh Happy Birthday"}
{"tweet_id":841793947529838592,"created_unixtime":1489534291523,"created_time":"Tue Mar 14 23:31:31 +0000 2017","lang":"en","displayname":"kenersei","time_zone":"Riyadh","msg":"only my imagination could let ot5 met again and stayed together how sad is this"}
{"tweet_id":841793947504672768,"created_unixtime":1489534291517,"created_time":"Tue Mar 14 23:31:31 +0000 2017","lang":"en","displayname":"willsandkatefan","time_zone":"Hawaii","msg":"RT Marina30052001 Like mother  like daughter 💖💐 14/03/17DuchessofCambridge PrincessCharlotte love happy cute https//tco/nEvLpZ…"}
{"tweet_id":841793947840196608,"created_unixtime":1489534291597,"created_time":"Tue Mar 14 23:31:31 +0000 2017","lang":"en","displayname":"GoBlueBL","time_zone":"","msg":"RT CoachJim4UM Happy 77th birthday to Beautiful person amp dear family friend Annie Fulbright Much love from all the Harbaughs https//t…"}
{"tweet_id":841793948179820545,"created_unixtime":1489534291678,"created_time":"Tue Mar 14 23:31:31 +0000 2017","lang":"en","displayname":"sasmitalenny","time_zone":"Bangkok","msg":"happy duty ✈ at Terminal 1C [pic] — https//tco/Aicr3VMewu"}
{"tweet_id":841793948280602624,"created_unixtime":1489534291702,"created_time":"Tue Mar 14 23:31:31 +0000 2017","lang":"und","displayname":"discreteluxuryy","time_zone":"Eastern Time (US & Canada)","msg":"😪 https//tco/5h0VNOSgwq"}
{"tweet_id":841793948700037128,"created_unixtime":1489534291802,"created_time":"Tue Mar 14 23:31:31 +0000 2017","lang":"en","displayname":"hotmessally","time_zone":"Pacific Time (US & Canada)","msg":"Im honestly never gonna recover from this trip and Im sorry for everyone who has to encounter a sad me for a while"}
{"tweet_id":841793949018779648,"created_unixtime":1489534291878,"created_time":"Tue Mar 14 23:31:31 +0000 2017","lang":"en","displayname":"dancingkelsey","time_zone":"America/Chicago","msg":"RT bachelorburnbk Guys Vanessa doesnt seem that happy and were feeling real awkward Shes said the word difficult at least 36 times…"}
{"tweet_id":841793949287120896,"created_unixtime":1489534291942,"created_time":"Tue Mar 14 23:31:31 +0000 2017","lang":"en","displayname":"TeranRodriguez1","time_zone":"","msg":"shofu happy birthday Shofu I hope your day is as awesome as you are You truly deserve it 🎂"}
{"tweet_id":841793948960055296,"created_unixtime":1489534291864,"created_time":"Tue Mar 14 23:31:31 +0000 2017","lang":"en","displayname":"nerom_111","time_zone":"","msg":"RT Dx_b8 Its sad and funny that in 2017 people are still arguing over whether women should be allowed to drive or not🤦🏻‍♀️ قياده_المراه_…"}
{"tweet_id":841793949291417600,"created_unixtime":1489534291943,"created_time":"Tue Mar 14 23:31:31 +0000 2017","lang":"en","displayname":"twistedgy","time_zone":"Pacific Time (US & Canada)","msg":"RT andreanna_rose I hate when girls are bitter over their exes like shut up and find something to be happy about its not the end of the…"}
{"tweet_id":841793948393832452,"created_unixtime":1489534291729,"created_time":"Tue Mar 14 23:31:31 +0000 2017","lang":"en","displayname":"jungbuny","time_zone":"","msg":"RT gifsofhoseok dont you love seeing hoseok so happy https//tco/QhNHXN431C"}
{"tweet_id":841793949039755264,"created_unixtime":1489534291883,"created_time":"Tue Mar 14 23:31:31 +0000 2017","lang":"en","displayname":"ray_tyrek","time_zone":"","msg":"RT D_Deji28 Do you guys know why he was killed A girl lied that he raped her and her brother shot him dead https//tco/IWDVDZp3rz"}
{"tweet_id":841793949538775040,"created_unixtime":1489534292002,"created_time":"Tue Mar 14 23:31:32 +0000 2017","lang":"ja","displayname":"rumiikuno","time_zone":"","msg":"Baby_Xoxx  りえちゃん Happy Birthday🙌💓"}
{"tweet_id":841793949761212416,"created_unixtime":1489534292055,"created_time":"Tue Mar 14 23:31:32 +0000 2017","lang":"en","displayname":"aylazd5bdza","time_zone":"","msg":"RT UnitedgamerzHQ HAPPY BIRTHDAY TO MY BAE"}
{"tweet_id":841793949333352450,"created_unixtime":1489534291953,"created_time":"Tue Mar 14 23:31:31 +0000 2017","lang":"en","displayname":"Myllao_o","time_zone":"","msg":"Genie_gmc HeelvsBabyface im sad i missed this livevods here i come"}
{"tweet_id":841793950121775104,"created_unixtime":1489534292141,"created_time":"Tue Mar 14 23:31:32 +0000 2017","lang":"en","displayname":"itsyahwehleen","time_zone":"","msg":"Happy 18th birthday bebi 🎉🎊 later na yung with photo love u anne_dre 💝"}
{"tweet_id":841793950050537472,"created_unixtime":1489534292124,"created_time":"Tue Mar 14 23:31:32 +0000 2017","lang":"en","displayname":"guinmclennon","time_zone":"Singapore","msg":"guinmclennon Day 04 Song that makes you sad Past Recedes//John Frusciante from RHCP"}
{"tweet_id":841793950205718529,"created_unixtime":1489534292161,"created_time":"Tue Mar 14 23:31:32 +0000 2017","lang":"en","displayname":"PincheVanessa","time_zone":"","msg":"Im so sad Im sick Like what the hell"}
{"tweet_id":841793950239338496,"created_unixtime":1489534292169,"created_time":"Tue Mar 14 23:31:32 +0000 2017","lang":"en","displayname":"VickyAuryn","time_zone":"Buenos Aires","msg":"KickingSunrise ryanphornibrook happy birthday 🎉🎊🎂🎈🎁🎊🎉"}
{"tweet_id":841793950751027200,"created_unixtime":1489534292291,"created_time":"Tue Mar 14 23:31:32 +0000 2017","lang":"en","displayname":"Destinnneee","time_zone":"Atlantic Time (Canada)","msg":"RT Mxxody Happy birthday 😍😍🍑 Destinnneee"}
{"tweet_id":841793950574866432,"created_unixtime":1489534292249,"created_time":"Tue Mar 14 23:31:32 +0000 2017","lang":"en","displayname":"a_manduuh","time_zone":"","msg":"I just told this girl happy birthday and she not even pregnant"}
{"tweet_id":841793950780424197,"created_unixtime":1489534292298,"created_time":"Tue Mar 14 23:31:32 +0000 2017","lang":"en","displayname":"flyxongi","time_zone":"Pacific Time (US & Canada)","msg":"RT fantagiogroup [아스트로] 20170315 HAPPY BIRTHDAY JINJIN♥https//tco/V5gCN4Og73ASTRO JINJIN 진진 HAPPYJINJINDAY💕 https//tco/wheN9y…"}
{"tweet_id":841793950964953091,"created_unixtime":1489534292342,"created_time":"Tue Mar 14 23:31:32 +0000 2017","lang":"en","displayname":"Rob_Zombiiee","time_zone":"Central Time (US & Canada)","msg":"After our train being cancelled this morning Im so happy to be cuddled up in a hotel room with my hunnay 😭☺️ relaxed"}
{"tweet_id":841793951896088577,"created_unixtime":1489534292564,"created_time":"Tue Mar 14 23:31:32 +0000 2017","lang":"en","displayname":"_aaaalyak","time_zone":"Central Time (US & Canada)","msg":"RT JadaJuice_ I literally call my mom for EVERYTHING 😭 I can be happy sad pissed off or hungry 😂 it dont matter Im calling my mama"}
{"tweet_id":841793952021921793,"created_unixtime":1489534292594,"created_time":"Tue Mar 14 23:31:32 +0000 2017","lang":"tl","displayname":"NoeLani817","time_zone":"Pacific Time (US & Canada)","msg":"RT JOYRICHLA Happy Birthday Kamaiyah 🎂 https//tco/fEcZ5iQKVA"}
{"tweet_id":841793952047063040,"created_unixtime":1489534292600,"created_time":"Tue Mar 14 23:31:32 +0000 2017","lang":"und","displayname":"Samo_Indicije","time_zone":"Pacific Time (US & Canada)","msg":"Za jedan otkaz u državnoj službi zaposlit ćemo sto Marića https//tco/Gm9YfQW6p0"}
{"tweet_id":841793952286093312,"created_unixtime":1489534292657,"created_time":"Tue Mar 14 23:31:32 +0000 2017","lang":"en","displayname":"Thevampskd","time_zone":"Pacific Time (US & Canada)","msg":"RT sykesouless TheVampsCon Happy birthday to the love of my life Thank you for saving my life I love you 💟  HappyBirthdayConnor https…"}
{"tweet_id":841793952521048064,"created_unixtime":1489534292713,"created_time":"Tue Mar 14 23:31:32 +0000 2017","lang":"en","displayname":"elyssa_wiggins","time_zone":"","msg":"happy birthday jamielcipriani  thanks for making english bearable 😂💖"}
{"tweet_id":841793953275887616,"created_unixtime":1489534292893,"created_time":"Tue Mar 14 23:31:32 +0000 2017","lang":"in","displayname":"bae2ty","time_zone":"","msg":"Tara~ Happy 4th monthsary For oexsh sama pcyjf 🎉💓—Semoga makin langgeng trus eapsAku tunggu undangannya/—TehunAloxDay"}
{"tweet_id":841793953032749058,"created_unixtime":1489534292835,"created_time":"Tue Mar 14 23:31:32 +0000 2017","lang":"en","displayname":"isabelle_ison","time_zone":"Atlantic Time (Canada)","msg":"RT cityt0city happy mind happy life"}
{"tweet_id":841793952126783488,"created_unixtime":1489534292619,"created_time":"Tue Mar 14 23:31:32 +0000 2017","lang":"en","displayname":"Iam_IamJR","time_zone":"London","msg":"RT LifeOfDede So true https//tco/4Pb8LcrhXT"}
{"tweet_id":841793952961462272,"created_unixtime":1489534292818,"created_time":"Tue Mar 14 23:31:32 +0000 2017","lang":"en","displayname":"InTheCut_Danny","time_zone":"Atlantic Time (Canada)","msg":"RT IrvinCurvin InTheCut_Danny Happy birthday dawggg 😎"}
{"tweet_id":841793952902701059,"created_unixtime":1489534292804,"created_time":"Tue Mar 14 23:31:32 +0000 2017","lang":"en","displayname":"pfleming13","time_zone":"Pacific Time (US & Canada)","msg":"RT RickyPDillon Happy pi day https//tco/PyJRimk7d3"}
{"tweet_id":841793953598906368,"created_unixtime":1489534292970,"created_time":"Tue Mar 14 23:31:32 +0000 2017","lang":"en","displayname":"KayKayThePanda","time_zone":"","msg":"RT RickyPDillon Happy pi day https//tco/PyJRimk7d3"}
{"tweet_id":841793953615638529,"created_unixtime":1489534292974,"created_time":"Tue Mar 14 23:31:32 +0000 2017","lang":"en","displayname":"alawalala18","time_zone":"","msg":"RT Shanananana_ Dont depend on anyone else to make you happy 👍"}
{"tweet_id":841793953028571141,"created_unixtime":1489534292834,"created_time":"Tue Mar 14 23:31:32 +0000 2017","lang":"en","displayname":"MaxCocreham","time_zone":"","msg":"GrantJamesONeal happy birthday homie more fun times to come have a good one 🐺🏒❤️"}
{"tweet_id":841793953703837696,"created_unixtime":1489534292995,"created_time":"Tue Mar 14 23:31:32 +0000 2017","lang":"en","displayname":"ShirlynnFields","time_zone":"","msg":"RT knotts Happy PiDay from the home of the boysenberry pie KnottsBampW PC OC Archives https//tco/RLQ6aurZy3"}
{"tweet_id":841793954081255424,"created_unixtime":1489534293085,"created_time":"Tue Mar 14 23:31:33 +0000 2017","lang":"ja","displayname":"kyttykytty0408","time_zone":"","msg":"Daichiさん🌠🎵ｏ∀ｏﾉ★ﾟ｡｡☆HAPPY BIRTHDAY☆｡｡ﾟ★ヽｏ∀ｏDaichiさんにとってもメンバーさんにとっても素敵な1年でありますよ～にっ🎂"}
{"tweet_id":841793953854816256,"created_unixtime":1489534293031,"created_time":"Tue Mar 14 23:31:33 +0000 2017","lang":"en","displayname":"hessygessy","time_zone":"","msg":"Youre a sad human if you cant take a piss without getting pee all over the toilet 🖕"}
{"tweet_id":841793953343143937,"created_unixtime":1489534292909,"created_time":"Tue Mar 14 23:31:32 +0000 2017","lang":"en","displayname":"glossaria","time_zone":"Eastern Time (US & Canada)","msg":"Oh dear Lord https//tco/Ccjej1cGuD"}
{"tweet_id":841793951979982848,"created_unixtime":1489534292584,"created_time":"Tue Mar 14 23:31:32 +0000 2017","lang":"en","displayname":"Skruvv","time_zone":"Atlantic Time (Canada)","msg":"Happy Birthday batcho333 https//tco/BkEHfuMIrb"}
{"tweet_id":841793954408349696,"created_unixtime":1489534293163,"created_time":"Tue Mar 14 23:31:33 +0000 2017","lang":"en","displayname":"cjmartin23","time_zone":"","msg":"RT AltHVNP How truthful has Trump been Not very Happy Pi Day factchecking https//tco/aCRfJQi6fi"}
{"tweet_id":841793954274267136,"created_unixtime":1489534293131,"created_time":"Tue Mar 14 23:31:33 +0000 2017","lang":"en","displayname":"maakmg","time_zone":"","msg":"realDonaldTrump you live in a zone of being a legend in your own mind CEOs no shit theyre happy youre giving them more money Dipshit"}
{"tweet_id":841793953787707393,"created_unixtime":1489534293015,"created_time":"Tue Mar 14 23:31:33 +0000 2017","lang":"en","displayname":"agmoonIights","time_zone":"","msg":"ArianaGrande💙Hey🖤😍I love you so much🌺🎵Your smile makes me happy ❤ 🌹You saved me🌹💜Follow me this year please🙏💞its my dream☘ 446x"}
{"tweet_id":841793953687056384,"created_unixtime":1489534292991,"created_time":"Tue Mar 14 23:31:32 +0000 2017","lang":"en","displayname":"animetopia202","time_zone":"Pacific Time (US & Canada)","msg":"RT ilovefIowers if ur sad https//tco/cwXvLBIWEu"}
{"tweet_id":841793955683540992,"created_unixtime":1489534293467,"created_time":"Tue Mar 14 23:31:33 +0000 2017","lang":"en","displayname":"ISI_JAY","time_zone":"Alaska","msg":"RT misfitdre every shawty just wants to be genuinely happy not confused not irritated not slept on not taken advantage of just happy…"}
{"tweet_id":841793955691941888,"created_unixtime":1489534293469,"created_time":"Tue Mar 14 23:31:33 +0000 2017","lang":"en","displayname":"RodolfoNevoa","time_zone":"Edinburgh","msg":"RT ChampionsLeague Sad to see you go Porto amp Sevilla Best of luck for the rest of the season amp hope to see you back soon 👏 UCL https/…"}
{"tweet_id":841793955427713029,"created_unixtime":1489534293406,"created_time":"Tue Mar 14 23:31:33 +0000 2017","lang":"en","displayname":"kahiealo","time_zone":"Eastern Time (US & Canada)","msg":"I LOBE THIS VINE SO MUCH https//tco/euWci8erwr"}
{"tweet_id":841793955977138178,"created_unixtime":1489534293537,"created_time":"Tue Mar 14 23:31:33 +0000 2017","lang":"und","displayname":"savatailov","time_zone":"","msg":"RT lajavazlatokosa Sad se vidi ko kosi a ko vodu nosi  na celu opozicione kolone izbornu trku trci Beli"}
{"tweet_id":841793956111372288,"created_unixtime":1489534293569,"created_time":"Tue Mar 14 23:31:33 +0000 2017","lang":"en","displayname":"SidneyGleason","time_zone":"","msg":"RT TheEllenShow I’m so honored to be part of RyanDLeaf’s story and so happy to see him using his positive influence to help others http…"}
{"tweet_id":841793956274876416,"created_unixtime":1489534293608,"created_time":"Tue Mar 14 23:31:33 +0000 2017","lang":"tl","displayname":"ImChinExdee","time_zone":"","msg":"Kapoy na  Maam tama na please kabalo sad mi kapuyon 😏😏😏😏"}
{"tweet_id":841793952726544384,"created_unixtime":1489534292762,"created_time":"Tue Mar 14 23:31:32 +0000 2017","lang":"en","displayname":"RachelDavid","time_zone":"Alaska","msg":"Sometimes the best friendships are formed by the most unlikely pair Happy Bday pdpatt Cheers to a new year filled… https//tco/bI12JRUUoJ"}
{"tweet_id":841793955616313344,"created_unixtime":1489534293451,"created_time":"Tue Mar 14 23:31:33 +0000 2017","lang":"en","displayname":"cadyyeo0325","time_zone":"Pacific Time (US & Canada)","msg":"HappyJinJinDayHappy birthday Jinjin https//tco/76mhsqmn58"}
{"tweet_id":841793957025607684,"created_unixtime":1489534293787,"created_time":"Tue Mar 14 23:31:33 +0000 2017","lang":"en","displayname":"baaby_kaayyy","time_zone":"Pacific Time (US & Canada)","msg":"RT halee_terra it goes both ways lmao https//tco/AkJ2wiSMRu"}
{"tweet_id":841793956711137280,"created_unixtime":1489534293712,"created_time":"Tue Mar 14 23:31:33 +0000 2017","lang":"en","displayname":"JoshsJCatx","time_zone":"Amsterdam","msg":"JordiWhitworth I am crying so hard rn 😭 Im so happy oh my life ❤️ so jordi about that follow back ❤️"}
{"tweet_id":841793956698550273,"created_unixtime":1489534293709,"created_time":"Tue Mar 14 23:31:33 +0000 2017","lang":"en","displayname":"informedresistr","time_zone":"Eastern Time (US & Canada)","msg":"SenKamalaHarris This is how this country is feeling everywhereSad that a country such as this has made its people feel real fear of death"}
{"tweet_id":841793953754165248,"created_unixtime":1489534293007,"created_time":"Tue Mar 14 23:31:33 +0000 2017","lang":"en","displayname":"liltee12393","time_zone":"Eastern Time (US & Canada)","msg":"SourPunchCandy I got some nasty sweaty wet candy I am not a happy camper https//tco/f8i8zGyXtK"}
{"tweet_id":841793956388184065,"created_unixtime":1489534293635,"created_time":"Tue Mar 14 23:31:33 +0000 2017","lang":"en","displayname":"MasiyeNawiko","time_zone":"","msg":"👌🏾 Not forgetting God https//tco/UUESVIrQ78"}
{"tweet_id":841793956665036800,"created_unixtime":1489534293701,"created_time":"Tue Mar 14 23:31:33 +0000 2017","lang":"en","displayname":"GabySalpeter","time_zone":"Eastern Time (US & Canada)","msg":"HIGHLY RECOMMENDED ACTIVITY https//tco/MU9cm2tavy"}
{"tweet_id":841793955633201152,"created_unixtime":1489534293455,"created_time":"Tue Mar 14 23:31:33 +0000 2017","lang":"en","displayname":"patrickault14","time_zone":"Atlantic Time (Canada)","msg":"Happy birthday Brusser❤ ryanbruss13 https//tco/OQbE9ky02r"}
{"tweet_id":841793957038288896,"created_unixtime":1489534293790,"created_time":"Tue Mar 14 23:31:33 +0000 2017","lang":"en","displayname":"Kinahan97","time_zone":"Pacific Time (US & Canada)","msg":"RT Ioverthoughts Divorce is SO SCARY I pray to God that the person marry I am happy ampamp absolutely in love with for the rest of my li…"}
{"tweet_id":841793957180895232,"created_unixtime":1489534293824,"created_time":"Tue Mar 14 23:31:33 +0000 2017","lang":"en","displayname":"blackveilchild","time_zone":"","msg":"Happy 314 day 🍰"}
{"tweet_id":841793957277376513,"created_unixtime":1489534293847,"created_time":"Tue Mar 14 23:31:33 +0000 2017","lang":"en","displayname":"erenrcatoe","time_zone":"","msg":"RT 21savaggee all I want is a clear mind amp happy heart"}
{"tweet_id":841793957109596161,"created_unixtime":1489534293807,"created_time":"Tue Mar 14 23:31:33 +0000 2017","lang":"en","displayname":"Rawda_xoxo","time_zone":"Pacific Time (US & Canada)","msg":"RT NicoleShlimov Nothin worse than being happy about something n someone belittling it and raining on ur parade out of jealousy n hate"}
{"tweet_id":841793956765696000,"created_unixtime":1489534293725,"created_time":"Tue Mar 14 23:31:33 +0000 2017","lang":"en","displayname":"ChesireCat0711","time_zone":"Eastern Time (US & Canada)","msg":"RT lingerie_addict In an industry thats all to happy to discard women once they reach the age of 25 campaigns like this are necessary… "}
{"tweet_id":841793957155631106,"created_unixtime":1489534293818,"created_time":"Tue Mar 14 23:31:33 +0000 2017","lang":"in","displayname":"nizzatiismail","time_zone":"Hawaii","msg":"happy birthday ilidamia_  🎈semoga dipanjangkan umur dimurahkan rezeki amp sentiasa dalam rahmatNya Aminn ☺ https//tco/5dX5oNTKoS"}
{"tweet_id":841793957583572994,"created_unixtime":1489534293920,"created_time":"Tue Mar 14 23:31:33 +0000 2017","lang":"en","displayname":"_maddyrobinson_","time_zone":"Eastern Time (US & Canada)","msg":"Happy Birthday addie_applegate 🎁🎈🎉"}
{"tweet_id":841793957533229056,"created_unixtime":1489534293908,"created_time":"Tue Mar 14 23:31:33 +0000 2017","lang":"en","displayname":"keymUuo","time_zone":"Cairo","msg":"RT fullofwritings most of the saddest people always try to make people happy because they know how it feels like to be desperate to lose…"}
{"tweet_id":841793956497260544,"created_unixtime":1489534293661,"created_time":"Tue Mar 14 23:31:33 +0000 2017","lang":"en","displayname":"totallyn_","time_zone":"Pacific Time (US & Canada)","msg":"MCPS making that decision knowing everyone will be happy as shit https//tco/k5uHMXJgI9"}
{"tweet_id":841793958229479424,"created_unixtime":1489534294074,"created_time":"Tue Mar 14 23:31:34 +0000 2017","lang":"en","displayname":"christinaderat","time_zone":"Eastern Time (US & Canada)","msg":"RT PeachMeadows only miserable people are bullys amp thats a fact no one who is happy ever has the urge to bring others down remember t…"}
{"tweet_id":841793958019796992,"created_unixtime":1489534294024,"created_time":"Tue Mar 14 23:31:34 +0000 2017","lang":"en","displayname":"doingmyrubesty","time_zone":"","msg":"MoraMinami it didnt occur to me that theyd run out and now Im sad"}
{"tweet_id":841793958435012609,"created_unixtime":1489534294123,"created_time":"Tue Mar 14 23:31:34 +0000 2017","lang":"en","displayname":"_ThuggMuffin_","time_zone":"","msg":"RT WorIdStarLaugh Happy Birthday Merlin SantanaRIP 🙏 https//tco/1afWTL2JTY"}
{"tweet_id":841793958627966976,"created_unixtime":1489534294169,"created_time":"Tue Mar 14 23:31:34 +0000 2017","lang":"en","displayname":"ben_rollins8","time_zone":"","msg":"Real talk  https//tco/wkikSr5gcg"}
{"tweet_id":841793958539845632,"created_unixtime":1489534294148,"created_time":"Tue Mar 14 23:31:34 +0000 2017","lang":"en","displayname":"TrineevaZhanna","time_zone":"","msg":"RT ANNIEMOHO Happy tunesday https//tco/1OQRiFtMOb https//tco/LS5OTbB37Y"}
{"tweet_id":841793958833414145,"created_unixtime":1489534294218,"created_time":"Tue Mar 14 23:31:34 +0000 2017","lang":"tl","displayname":"am6Sy","time_zone":"","msg":"RT AmityMoirae Happy midweek Lets choose positivity amp d 2 happy bananas🍌🍌Ano nga ba meron sa happy bananas😂… "}
{"tweet_id":841793958783143937,"created_unixtime":1489534294206,"created_time":"Tue Mar 14 23:31:34 +0000 2017","lang":"en","displayname":"PrestonElle","time_zone":"","msg":"kristiehawk happy birthday Hope youve had a fab day Hopefully see you soon for a 🍷 xxxxx"}
{"tweet_id":841793958518894592,"created_unixtime":1489534294143,"created_time":"Tue Mar 14 23:31:34 +0000 2017","lang":"en","displayname":"TVinson4","time_zone":"","msg":"Happy birthday nina_graham_  sorry for nailing u in the head with a tennis ball"}
{"tweet_id":841793959080935424,"created_unixtime":1489534294277,"created_time":"Tue Mar 14 23:31:34 +0000 2017","lang":"en","displayname":"steel4penguins","time_zone":"","msg":"RT sportcardexpo Happy to announce our first wave of guests at this years sportcardexpo at the FrameworthSport Pavilion… "}
{"tweet_id":841793959290626048,"created_unixtime":1489534294327,"created_time":"Tue Mar 14 23:31:34 +0000 2017","lang":"en","displayname":"GME_PACMAN_089","time_zone":"Hawaii","msg":"Nigga Cant Fight So They Think Shooting Everybody Okay 💯 That 💩 Sad Make Me Think A MF Gone Shoot Me 💯"}
{"tweet_id":841793959743619073,"created_unixtime":1489534294435,"created_time":"Tue Mar 14 23:31:34 +0000 2017","lang":"en","displayname":"Katrinaangel14","time_zone":"","msg":"Happy and sad happy because school is gonna end sad because after this final exam Im gonna be grade 6 but same of my classmates gonna leave"}
{"tweet_id":841793960188104704,"created_unixtime":1489534294541,"created_time":"Tue Mar 14 23:31:34 +0000 2017","lang":"en","displayname":"dddreamppy","time_zone":"","msg":"RT rejection i hope one day im as happy as i pretend to be"}
{"tweet_id":841793960121114627,"created_unixtime":1489534294525,"created_time":"Tue Mar 14 23:31:34 +0000 2017","lang":"und","displayname":"LacyWestwick","time_zone":"","msg":"❤photooftheday happy picoftheday instalike me selfie HashmeApp smile instadaily… https//tco/0NIF1sVVgj"}
{"tweet_id":841793960267902977,"created_unixtime":1489534294560,"created_time":"Tue Mar 14 23:31:34 +0000 2017","lang":"en","displayname":"jjesss7","time_zone":"","msg":"RT nnaaaae A private life is a happy life"}
{"tweet_id":841793959173185536,"created_unixtime":1489534294299,"created_time":"Tue Mar 14 23:31:34 +0000 2017","lang":"en","displayname":"ipaul_kn3","time_zone":"Eastern Time (US & Canada)","msg":"Happy Birthday to the 1 Idol 星宮いちご生誕祭2017 https//tco/eZGFE6yjzl"}
{"tweet_id":841793959470940161,"created_unixtime":1489534294370,"created_time":"Tue Mar 14 23:31:34 +0000 2017","lang":"en","displayname":"kiiismet_","time_zone":"","msg":"this song reminds me of how happy i was when i saw them in Chicago 💘 https//tco/T9N6kBWRZg"}
{"tweet_id":841793960527970304,"created_unixtime":1489534294622,"created_time":"Tue Mar 14 23:31:34 +0000 2017","lang":"en","displayname":"kellimcsorley","time_zone":"Pacific Time (US & Canada)","msg":"RT oliviawilde As always the highlight of my birthday was my parents identifying themselves at the end of their happy birthday song voic…"}
{"tweet_id":841793960498606088,"created_unixtime":1489534294615,"created_time":"Tue Mar 14 23:31:34 +0000 2017","lang":"en","displayname":"Lil_Booder","time_zone":"","msg":" Cant Never Just Be Happy"}
{"tweet_id":841793960817303552,"created_unixtime":1489534294691,"created_time":"Tue Mar 14 23:31:34 +0000 2017","lang":"en","displayname":"dkfromthepack","time_zone":"Pacific Time (US & Canada)","msg":"RT itsSarahKhan this time last year i was so unbelievably unhappy and now a year later im the happiest ive ever been and that in itself…"}
{"tweet_id":841793960871882752,"created_unixtime":1489534294704,"created_time":"Tue Mar 14 23:31:34 +0000 2017","lang":"en","displayname":"fogtracker","time_zone":"","msg":"RT tonyposnanski Obama gave healthcare to all even those who did not support himTrump is taking healthcare away even those who do su…"}
{"tweet_id":841793961190600704,"created_unixtime":1489534294780,"created_time":"Tue Mar 14 23:31:34 +0000 2017","lang":"en","displayname":"ZuharaTarmizi","time_zone":"","msg":"Happy birthday to you 🎂may Allah bless you 🤗danielzamrii"}
{"tweet_id":841793961136119808,"created_unixtime":1489534294767,"created_time":"Tue Mar 14 23:31:34 +0000 2017","lang":"en","displayname":"BikerCk","time_zone":"Eastern Time (US & Canada)","msg":"NBCThisisUs Im trembling happy now ThisIsUs"}
{"tweet_id":841793960855121920,"created_unixtime":1489534294700,"created_time":"Tue Mar 14 23:31:34 +0000 2017","lang":"fr","displayname":"MrPiece95","time_zone":"Paris","msg":"Keynn_S4 happy de mon efficacité "}
{"tweet_id":841793961509425152,"created_unixtime":1489534294856,"created_time":"Tue Mar 14 23:31:34 +0000 2017","lang":"es","displayname":"jeniffervives","time_zone":"Atlantic Time (Canada)","msg":"RT yllenaj420 Medalla Light te invita a ser parte de Los Jueves de Chinchorreo en Marullo y HP en La Placita💃😎 LOS MEJORES HAPPY… "}
{"tweet_id":841793961849192448,"created_unixtime":1489534294937,"created_time":"Tue Mar 14 23:31:34 +0000 2017","lang":"en","displayname":"Rekuzor","time_zone":"","msg":"ae7_key im not mad ur just a bad player and elgatos arent cheap but do what makes u happy"}
{"tweet_id":841793962293657601,"created_unixtime":1489534295043,"created_time":"Tue Mar 14 23:31:35 +0000 2017","lang":"en","displayname":"tamanlawang_","time_zone":"","msg":"Its so sad to see so much pain ampsuffering in the world Its a beautifulworld we have been given If only wecould love each other more"}
{"tweet_id":841793962272800768,"created_unixtime":1489534295038,"created_time":"Tue Mar 14 23:31:35 +0000 2017","lang":"en","displayname":"SuePeart7","time_zone":"London","msg":"RT HonestMum Win The Happy Easter Hamper worth £35 Follow amp RT me honestmum amp HotelChocolat E8417 UK only competition https//…"}
{"tweet_id":841793962205696000,"created_unixtime":1489534295022,"created_time":"Tue Mar 14 23:31:35 +0000 2017","lang":"en","displayname":"EphruM","time_zone":"Eastern Time (US & Canada)","msg":"RT vS_Rengar Words cant express how happy I am to be a part of VirtualStormLLC such an amazing Group of ppl to work with"}
{"tweet_id":841793961685602304,"created_unixtime":1489534294898,"created_time":"Tue Mar 14 23:31:34 +0000 2017","lang":"en","displayname":"olddash","time_zone":"Eastern Time (US & Canada)","msg":"i was JUST about to tweet how i am lit at happy hr and plan to go home and keep the momentum going 😭 https//tco/XF3JLVUKqw"}
{"tweet_id":841793962918608896,"created_unixtime":1489534295192,"created_time":"Tue Mar 14 23:31:35 +0000 2017","lang":"en","displayname":"aritraghosh_9","time_zone":"","msg":"Happy Birthday Aaloo   aliaa08"}
{"tweet_id":841793962826326016,"created_unixtime":1489534295170,"created_time":"Tue Mar 14 23:31:35 +0000 2017","lang":"en","displayname":"neonews","time_zone":"Pacific Time (US & Canada)","msg":"Happy Scorchio Day Dimensional  Zombie https//tco/s7l7h8IBHb"}
{"tweet_id":841793963015118848,"created_unixtime":1489534295215,"created_time":"Tue Mar 14 23:31:35 +0000 2017","lang":"en","displayname":"CarletonJim","time_zone":"","msg":"realDonaldTrump As long as Wall Street is happy then Im sure that 16 million who cannot afford health care anymore will get over it"}
{"tweet_id":841793961358434309,"created_unixtime":1489534294820,"created_time":"Tue Mar 14 23:31:34 +0000 2017","lang":"en","displayname":"chauny_shivers","time_zone":"","msg":"Happy 8 yr Anniversary to my amazing hadsome God fearing hubsand each year gets better than the year before… https//tco/Q8bes5qvHW"}
{"tweet_id":841793963421978624,"created_unixtime":1489534295312,"created_time":"Tue Mar 14 23:31:35 +0000 2017","lang":"en","displayname":"minyoonkis","time_zone":"","msg":"RT cynper2 THR minyoonkis very sad"}
{"tweet_id":841793964474785792,"created_unixtime":1489534295563,"created_time":"Tue Mar 14 23:31:35 +0000 2017","lang":"en","displayname":"Shitposter14","time_zone":"","msg":"Freyia14 DavinaRight YouTube Sad she has more balls than most white men in this country"}
{"tweet_id":841793964634214400,"created_unixtime":1489534295601,"created_time":"Tue Mar 14 23:31:35 +0000 2017","lang":"en","displayname":"CTSweeper","time_zone":"Eastern Time (US & Canada)","msg":"kettlebrand There is too much snow amp cold to make me happy No one should be sad on NationalPotatoChipDay"}
{"tweet_id":841793964835500033,"created_unixtime":1489534295649,"created_time":"Tue Mar 14 23:31:35 +0000 2017","lang":"en","displayname":"GouchJosh","time_zone":"","msg":"RT brookee_jonees GouchJosh happy birthday🤘🏾🤘🏾"}
{"tweet_id":841793964609015809,"created_unixtime":1489534295595,"created_time":"Tue Mar 14 23:31:35 +0000 2017","lang":"en","displayname":"Mahyarpi","time_zone":"","msg":"RT AliShoeybi Happy PiDay Mahyarpi  Enjoy it bro wish you all the best😂 https//tco/2JJFIvIN9b"}
{"tweet_id":841793965334642688,"created_unixtime":1489534295768,"created_time":"Tue Mar 14 23:31:35 +0000 2017","lang":"en","displayname":"DanversHeart","time_zone":"Greenland","msg":"Im so tired and busy lately But also so very happy Hahah its crazy I still love you guys ❤"}
{"tweet_id":841793965603053569,"created_unixtime":1489534295832,"created_time":"Tue Mar 14 23:31:35 +0000 2017","lang":"en","displayname":"gwisemixcds","time_zone":"","msg":"RT Koloholic 🎂 Happy birthday to Joe Allen Thanks for the memories Welsh Pirlo 😀 https//tco/DIcc0EZuF3"}
{"tweet_id":841793965691146240,"created_unixtime":1489534295853,"created_time":"Tue Mar 14 23:31:35 +0000 2017","lang":"en","displayname":"sooeety","time_zone":"","msg":"RT xweightlessx_ I just wanna be skinny and happy"}
{"tweet_id":841793965707923457,"created_unixtime":1489534295857,"created_time":"Tue Mar 14 23:31:35 +0000 2017","lang":"en","displayname":"dancingkelsey","time_zone":"America/Chicago","msg":"RT fang_irling Cheers to the happy couple  TheBachelorFinale https//tco/E5zcAucH2l"}
{"tweet_id":841793966446014464,"created_unixtime":1489534296033,"created_time":"Tue Mar 14 23:31:36 +0000 2017","lang":"tl","displayname":"Crackett9","time_zone":"","msg":"RT precysalazar mainedcm happy banana ako  love k namin e Fight fight fight sa mga ATIS"}
{"tweet_id":841793965775040514,"created_unixtime":1489534295873,"created_time":"Tue Mar 14 23:31:35 +0000 2017","lang":"en","displayname":"urbanxgypsy","time_zone":"Eastern Time (US & Canada)","msg":"RT _lilsunnyyy Talk to god more aint nothing wrong with you dont know what youre sad for you got clothes on your back and… "}
{"tweet_id":841793966580236288,"created_unixtime":1489534296065,"created_time":"Tue Mar 14 23:31:36 +0000 2017","lang":"en","displayname":"Thevampskd","time_zone":"Pacific Time (US & Canada)","msg":"RT CondorAdore In some places in the world it is already your birthday so happy birthday Condora 🎂TheVampsCon… "}
{"tweet_id":841793966559379457,"created_unixtime":1489534296060,"created_time":"Tue Mar 14 23:31:36 +0000 2017","lang":"en","displayname":"stylespoetry","time_zone":"Santiago","msg":"dear Harry_Styles keep smiling cause your smile makes me smile Thank you for making me so happy mind following me Love you ♡ — 13158"}
{"tweet_id":841793966731345921,"created_unixtime":1489534296101,"created_time":"Tue Mar 14 23:31:36 +0000 2017","lang":"en","displayname":"TheYaz_8","time_zone":"","msg":"RT Calvinn_Hobbes Happy 🍕 PiDay https//tco/UpLBGER3ZF"}
{"tweet_id":841793967230394368,"created_unixtime":1489534296220,"created_time":"Tue Mar 14 23:31:36 +0000 2017","lang":"en","displayname":"destiny0716151","time_zone":"","msg":"RT fthotladies Don`t make decisions when you`re angry and Don`t make promises when you`re happyALDUBxDTBYTugOfHearts"}
{"tweet_id":841793967154970624,"created_unixtime":1489534296202,"created_time":"Tue Mar 14 23:31:36 +0000 2017","lang":"en","displayname":"ja1f","time_zone":"Central Time (US & Canada)","msg":"RT businessinsider Happy PiDay These animations will help you understand the math concepts you never got in high school https//tco/qm…"}
{"tweet_id":841793966999715842,"created_unixtime":1489534296165,"created_time":"Tue Mar 14 23:31:36 +0000 2017","lang":"ja","displayname":"ca_ta_tsu_mu_ri","time_zone":"","msg":"RT 017pyonpyokotan happy birthday！ユウ君！遅くなってしまったけど中学組でお祝い❤️そしてユウ君やってるいろちゃんもお誕生日という！奇跡〜✨はぴなる！おめでとう💓涼野ユウ生誕祭2017 https//tco/s7lPeX7Gj0"}
{"tweet_id":841793967335321601,"created_unixtime":1489534296245,"created_time":"Tue Mar 14 23:31:36 +0000 2017","lang":"en","displayname":"deane_the_bean_","time_zone":"","msg":"RT OfficiaIJCoIe somewhere between not happy and not sad"}
{"tweet_id":841793967658164224,"created_unixtime":1489534296322,"created_time":"Tue Mar 14 23:31:36 +0000 2017","lang":"en","displayname":"emisonisgay","time_zone":"","msg":"RT manisexual 1 emily is wearing her ring2 alison is wearing no ring so she proposed to emily3 hannas outfit is so ugly4… "}
{"tweet_id":841793967729516545,"created_unixtime":1489534296339,"created_time":"Tue Mar 14 23:31:36 +0000 2017","lang":"en","displayname":"colored_field","time_zone":"Pacific Time (US & Canada)","msg":"RT hashira_w Happy Valentines day❤🍫 https//tco/lKhvIeHBYS"}
{"tweet_id":841793967591194628,"created_unixtime":1489534296306,"created_time":"Tue Mar 14 23:31:36 +0000 2017","lang":"en","displayname":"Spo7677","time_zone":"","msg":"RT tonyposnanski Sad that the Deplorables who hate the word pssy being said out loudAre the same one that dont mind Trump grabbing…"}
{"tweet_id":841793964806148097,"created_unixtime":1489534295642,"created_time":"Tue Mar 14 23:31:35 +0000 2017","lang":"en","displayname":"mmorganjohnson","time_zone":"","msg":"Happy birthday Townsend I miss and love you w all my heart ❤️ plz come visit soon https//tco/34TLBUxVMJ"}
{"tweet_id":841793967779921921,"created_unixtime":1489534296351,"created_time":"Tue Mar 14 23:31:36 +0000 2017","lang":"en","displayname":"_emily_fowler","time_zone":"","msg":"RT caragriderr you cant be happy until youre happy in your own skin"}
{"tweet_id":841793967901573120,"created_unixtime":1489534296380,"created_time":"Tue Mar 14 23:31:36 +0000 2017","lang":"en","displayname":"_Northern_Gamer","time_zone":"","msg":"RT bwecht Happy Birthday to a guy that forever changed my life Dan Avidan Audrey amp I recorded a little message to celebrate https//t…"}
{"tweet_id":841793966773280768,"created_unixtime":1489534296111,"created_time":"Tue Mar 14 23:31:36 +0000 2017","lang":"en","displayname":"ZekeWars010","time_zone":"Pacific Time (US & Canada)","msg":"mxrvimv 4 years ago I met a girl who was smart strange sisterly and spunky Happy Birthday my friend heres t… https//tco/knNBG8Hn0m"}
{"tweet_id":841793968077737984,"created_unixtime":1489534296422,"created_time":"Tue Mar 14 23:31:36 +0000 2017","lang":"en","displayname":"MsHedgeMath","time_zone":"","msg":"RT PopSci Happy birthday AlbertEinstein The worldrenowned scientist would have turned 138 years old today… "}
{"tweet_id":841793967972859904,"created_unixtime":1489534296397,"created_time":"Tue Mar 14 23:31:36 +0000 2017","lang":"en","displayname":"godskylie","time_zone":"Pacific Time (US & Canada)","msg":"hadidmotion i think halseytrade really deserves it and it would make her really happy hope she gets it 💙"}
{"tweet_id":841793968719441925,"created_unixtime":1489534296575,"created_time":"Tue Mar 14 23:31:36 +0000 2017","lang":"en","displayname":"ChristianGettyy","time_zone":"","msg":"Come watch dicey_gaming DO IT JUST DO IT MAKE DICEY HAPPY https//tco/ZqR4n6yAgk"}
{"tweet_id":841793968912388097,"created_unixtime":1489534296621,"created_time":"Tue Mar 14 23:31:36 +0000 2017","lang":"en","displayname":"AtheerMa_","time_zone":"","msg":"Happy birthday princess of march Woroad55  love u❤❤"}
{"tweet_id":841793969214373890,"created_unixtime":1489534296693,"created_time":"Tue Mar 14 23:31:36 +0000 2017","lang":"en","displayname":"TGEZGN","time_zone":"Istanbul","msg":"RT neiltyson 314  Happy Piday to Gregorian calendar users who reckon dates with month followed by day separated by period omitting year"}
{"tweet_id":841793969453428736,"created_unixtime":1489534296750,"created_time":"Tue Mar 14 23:31:36 +0000 2017","lang":"en","displayname":"emma_goldstein_","time_zone":"","msg":"Happy birthday JozwiakJoe"}
{"tweet_id":841793969394733057,"created_unixtime":1489534296736,"created_time":"Tue Mar 14 23:31:36 +0000 2017","lang":"en","displayname":"AGopherFan","time_zone":"","msg":"RT UMNCSE Happy PiDay https//tco/nOjTO3xPJR"}
{"tweet_id":841793969742856192,"created_unixtime":1489534296819,"created_time":"Tue Mar 14 23:31:36 +0000 2017","lang":"en","displayname":"myungstevv","time_zone":"Pacific Time (US & Canada)","msg":"FINALLY GIL DONG AND GA RYUNG DEVELOPMENT IM SO HAPPY"}
{"tweet_id":841793969788981248,"created_unixtime":1489534296830,"created_time":"Tue Mar 14 23:31:36 +0000 2017","lang":"en","displayname":"Custardboy2","time_zone":"","msg":"RT andNickMullins Right now Id be very happy to talk to those who claimed Leicester would embarrass English football in Europe Sport…"}
{"tweet_id":841793969637986308,"created_unixtime":1489534296794,"created_time":"Tue Mar 14 23:31:36 +0000 2017","lang":"en","displayname":"Kxndalll__","time_zone":"Pacific Time (US & Canada)","msg":"thanks fam 💉❣️ https//tco/hjew6TJCv5"}
{"tweet_id":841793970254487555,"created_unixtime":1489534296941,"created_time":"Tue Mar 14 23:31:36 +0000 2017","lang":"en","displayname":"MelJBry","time_zone":"","msg":"RT ClimateReality The Earths circumference is 24901 beautiful miles Dont forget there is no Planet B Happy PiDay https//tco/HM6r…"}
{"tweet_id":841793969889648641,"created_unixtime":1489534296854,"created_time":"Tue Mar 14 23:31:36 +0000 2017","lang":"en","displayname":"ndukuu","time_zone":"","msg":"RT thrasherhobi IM SAD I FUCKING HATE PEOPLE ALL U ASSHOLES DO IS FUCKINF DESTROY DIE https//tco/wPSZKdGRG5"}
{"tweet_id":841793970388783104,"created_unixtime":1489534296973,"created_time":"Tue Mar 14 23:31:36 +0000 2017","lang":"en","displayname":"Jsaraimoreno","time_zone":"Arizona","msg":"You can tell when someone is genuinely happy for you"}
{"tweet_id":841793970309083136,"created_unixtime":1489534296954,"created_time":"Tue Mar 14 23:31:36 +0000 2017","lang":"und","displayname":"ZaynMalikRewind","time_zone":"Pacific Time (US & Canada)","msg":"https//tco/tx7auGG3Yi"}
{"tweet_id":841793969944158208,"created_unixtime":1489534296867,"created_time":"Tue Mar 14 23:31:36 +0000 2017","lang":"en","displayname":"Vilinthril","time_zone":"Vienna","msg":"RT redpenblackpen Happy pi day everyone sorrynotsorry pikachu pokemon math PiDay https//tco/w84C6XgfZd"}
{"tweet_id":841793970678124545,"created_unixtime":1489534297042,"created_time":"Tue Mar 14 23:31:37 +0000 2017","lang":"en","displayname":"Me_Saiteja","time_zone":"","msg":"RT raagadotcom Happy hours with chay_akkinenis alltime hits ► https//tco/qYBHG4Nou0 🎶 https//tco/roE2h5KxKU"}
{"tweet_id":841793970262929408,"created_unixtime":1489534296943,"created_time":"Tue Mar 14 23:31:36 +0000 2017","lang":"en","displayname":"HEADASSJAY","time_zone":"","msg":"AMiRiSTiRED / wtf im Sad Thanks"}
{"tweet_id":841793970678071296,"created_unixtime":1489534297042,"created_time":"Tue Mar 14 23:31:37 +0000 2017","lang":"en","displayname":"suzpls","time_zone":"Pacific Time (US & Canada)","msg":"I start thinking positive and feeling a lil happy then I get fucked over again  but its fine Im fine"}
{"tweet_id":841793971110141954,"created_unixtime":1489534297145,"created_time":"Tue Mar 14 23:31:37 +0000 2017","lang":"en","displayname":"Anthony8544","time_zone":"","msg":"RT JDirtySweg Happy birthday to Mr Shot Clock Cheese himself but not against me getthatweakshitouttahere Keymilll https//tco/dDqXZD…"}
{"tweet_id":841793971089244161,"created_unixtime":1489534297140,"created_time":"Tue Mar 14 23:31:37 +0000 2017","lang":"en","displayname":"eternalovejdb","time_zone":"Brasilia","msg":"RT broken its kinda sad how you can mean the world to someone one day and mean nothing to them the next day"}
{"tweet_id":841793971118563328,"created_unixtime":1489534297147,"created_time":"Tue Mar 14 23:31:37 +0000 2017","lang":"en","displayname":"CurtisAkey","time_zone":"","msg":"StephBAllen Happy birthday"}
{"tweet_id":841793970288115714,"created_unixtime":1489534296949,"created_time":"Tue Mar 14 23:31:36 +0000 2017","lang":"en","displayname":"JosueChan1","time_zone":"Central Time (US & Canada)","msg":"RT KQEDedspace Happy PiDay and Happy Birthday to AlbertEinstein He was born on March 14 1879 amp would have turned 138 years old… "}
{"tweet_id":841793971047305216,"created_unixtime":1489534297130,"created_time":"Tue Mar 14 23:31:37 +0000 2017","lang":"en","displayname":"blissinlondon","time_zone":"Rome","msg":"I am happy for him and his family https//tco/odPF6JlPMq"}
{"tweet_id":841793971730890753,"created_unixtime":1489534297293,"created_time":"Tue Mar 14 23:31:37 +0000 2017","lang":"ja","displayname":"i_Love_Live_Eli","time_zone":"","msg":"RT anilove_you ♡Happy うみちゃん Birthday♡今日はしっかり者の海未ちゃんの誕生日！！皆でお祝いしましょー！！うっみうみうー〃gtωlt★園田海未生誕祭2017 3月15日は園田海未の誕生日  祝う人RT… "}
{"tweet_id":841793970636259328,"created_unixtime":1489534297032,"created_time":"Tue Mar 14 23:31:37 +0000 2017","lang":"en","displayname":"KaylaWard12","time_zone":"","msg":"Helloooo find new girl and be happy  https//tco/EuFRzIp3T6 https//tco/BXNBLcIM6O"}
{"tweet_id":841793971563167744,"created_unixtime":1489534297253,"created_time":"Tue Mar 14 23:31:37 +0000 2017","lang":"en","displayname":"Empress_Tre","time_zone":"Atlantic Time (Canada)","msg":"RT Women_Fit 1 Think positivly2 Exercise daily3 Eat healthy4 Work hard5 Stay strong6 Worry less7 Pray more8 Be happy"}
{"tweet_id":841793971789697025,"created_unixtime":1489534297307,"created_time":"Tue Mar 14 23:31:37 +0000 2017","lang":"en","displayname":"keana_gonzales","time_zone":"Eastern Time (US & Canada)","msg":"RT itsSarahKhan this time last year i was so unbelievably unhappy and now a year later im the happiest ive ever been and that in itself…"}
{"tweet_id":841793970711760897,"created_unixtime":1489534297050,"created_time":"Tue Mar 14 23:31:37 +0000 2017","lang":"en","displayname":"JGTRADITION","time_zone":"Pacific Time (US & Canada)","msg":"Happy Born Day brother stephencurry30  Always jokes when we link up So proud and inspired to… https//tco/VYCWhaVAvt"}
{"tweet_id":841793972250988544,"created_unixtime":1489534297417,"created_time":"Tue Mar 14 23:31:37 +0000 2017","lang":"en","displayname":"iproofer1","time_zone":"","msg":"jaketapper SenJohnMcCain  and since has led a life more fulfilling than some who didnt go Happy Anniversary Mr McCain"}
{"tweet_id":841793972146122752,"created_unixtime":1489534297392,"created_time":"Tue Mar 14 23:31:37 +0000 2017","lang":"en","displayname":"sl_sherman95","time_zone":"Eastern Time (US & Canada)","msg":"RT CoultNicholas HAPPY 314DAY SAINT LOUIS MO https//tco/Ogiyf1MJ01"}
{"tweet_id":841793970703220736,"created_unixtime":1489534297048,"created_time":"Tue Mar 14 23:31:37 +0000 2017","lang":"en","displayname":"CuteSexyThai","time_zone":"","msg":"Fon is 27yo Loves to make guys happy She is very skilled at thathttps//tco/o7WcWi9gwDsexythai thaigirls… https//tco/GDDxpd7V9z"}
{"tweet_id":841793968685891585,"created_unixtime":1489534296567,"created_time":"Tue Mar 14 23:31:36 +0000 2017","lang":"en","displayname":"lindseecase","time_zone":"","msg":"Happy birthday babe https//tco/QbJOIRQETz"}
{"tweet_id":841793972724944896,"created_unixtime":1489534297530,"created_time":"Tue Mar 14 23:31:37 +0000 2017","lang":"en","displayname":"uItparkminhyuk","time_zone":"Alaska","msg":"RT unbleachedkpop Happy Birthday to Astros precious leader 💕😭 HappyJinJinDay 별들의_리더_박진우_생일축하해 https//tco/d7VZsCTtGr"}
{"tweet_id":841793972783710210,"created_unixtime":1489534297544,"created_time":"Tue Mar 14 23:31:37 +0000 2017","lang":"en","displayname":"MoeEaseYaMind","time_zone":"","msg":"Bitches be for everybody but they nigga shit sad"}
{"tweet_id":841793973672800260,"created_unixtime":1489534297756,"created_time":"Tue Mar 14 23:31:37 +0000 2017","lang":"en","displayname":"FitrahZulkifli","time_zone":"","msg":"RT hatiprempuan I miss the same person everyday Be healthy dear Be good and always be happy 💕The one who always pray for your happi…"}
{"tweet_id":841793973832302592,"created_unixtime":1489534297794,"created_time":"Tue Mar 14 23:31:37 +0000 2017","lang":"en","displayname":"ashleynobl12","time_zone":"","msg":"RT noheartfound it doesnt matter what other people think of your relationship if your happy fuck em"}
{"tweet_id":841793973815500800,"created_unixtime":1489534297790,"created_time":"Tue Mar 14 23:31:37 +0000 2017","lang":"en","displayname":"_hannahsmithh","time_zone":"","msg":"ConnorUden happy birthday Connor🎉xxx"}
{"tweet_id":841793974151053317,"created_unixtime":1489534297870,"created_time":"Tue Mar 14 23:31:37 +0000 2017","lang":"en","displayname":"pscoordsen13","time_zone":"","msg":"RT beastieaw Happy TuesdayThoughts gt A beast fell in love with a beauty Watch all 4 seasons of Beauty and the Beast 2012… "}
{"tweet_id":841793974138482696,"created_unixtime":1489534297867,"created_time":"Tue Mar 14 23:31:37 +0000 2017","lang":"en","displayname":"laurentoews9","time_zone":"","msg":"Happy birthday Lucy hope ur day was great🎉🎉❤️ lucy14adams"}
{"tweet_id":841793974222360577,"created_unixtime":1489534297887,"created_time":"Tue Mar 14 23:31:37 +0000 2017","lang":"en","displayname":"LuuliMartinezOK","time_zone":"Pacific Time (US & Canada)","msg":"RT bts_bighit [Episode] HAPPY WHITE DAY FROM BTS 1 https//tco/Kk7XrnfG3x2 https//tco/dUxXeGBvhG"}
{"tweet_id":841793974088151040,"created_unixtime":1489534297855,"created_time":"Tue Mar 14 23:31:37 +0000 2017","lang":"en","displayname":"Hxxdes","time_zone":"Mountain Time (US & Canada)","msg":"RT NBA Join us in wishing StephenCurry30 of the warriors a HAPPY 29th BIRTHDAY NBABDAY DubNation https//tco/cZfNy7sLh5"}
{"tweet_id":841793974591406080,"created_unixtime":1489534297975,"created_time":"Tue Mar 14 23:31:37 +0000 2017","lang":"ja","displayname":"yuu5638","time_zone":"","msg":"Fumi3218 fumiさん  おはよう✨✨錦織くん 🎾๑ •̀ω•́۶ﾌｧｲﾄ今日もhappyに🍀"}
{"tweet_id":841793974658600961,"created_unixtime":1489534297991,"created_time":"Tue Mar 14 23:31:37 +0000 2017","lang":"en","displayname":"AmyMeyering","time_zone":"","msg":"RT NatGeoGenius By his 17th birthday Einstein had written his first scientific essay Happy 138th Birthday Einstein https//tco/lhVFl…"}
{"tweet_id":841793974474031105,"created_unixtime":1489534297947,"created_time":"Tue Mar 14 23:31:37 +0000 2017","lang":"en","displayname":"hellobeastly","time_zone":"Eastern Time (US & Canada)","msg":"RT cutasterfee Kind of sad when the porn sites are the most civically responsible among us https//tco/AyYOOGnXTK"}
{"tweet_id":841793974524350466,"created_unixtime":1489534297959,"created_time":"Tue Mar 14 23:31:37 +0000 2017","lang":"en","displayname":"ukani_sarah","time_zone":"Pacific Time (US & Canada)","msg":"RT shan_hacknee happy pi day everyone w/ Ben_Guise JhonParraInc https//tco/VtDuaMmiih"}
{"tweet_id":841793974142656512,"created_unixtime":1489534297868,"created_time":"Tue Mar 14 23:31:37 +0000 2017","lang":"tl","displayname":"SMT_Milton","time_zone":"Central Time (US & Canada)","msg":"RT MedukaRabu Happy birthday to Chihiro Fujisaki and Chiaki Nanami Danganronpa sources https//tco/lXEkfF8L6J… "}
{"tweet_id":841793975409295360,"created_unixtime":1489534298170,"created_time":"Tue Mar 14 23:31:38 +0000 2017","lang":"en","displayname":"sheila_tormes","time_zone":"","msg":"RT JaDineNATION Happy 3rd loves 💜 We may now rest our pretty little fingers Thank you sa mga bumoto sa MYX 🙏🏼 Teamwork 👍🏼… "}
{"tweet_id":841793974360772611,"created_unixtime":1489534297920,"created_time":"Tue Mar 14 23:31:37 +0000 2017","lang":"en","displayname":"KBoehlefeld","time_zone":"","msg":"RT SN_Ohio Happy birthday StephenCurry30 heres a compilation video https//tco/JmYjJXLt65"}
{"tweet_id":841793975531016192,"created_unixtime":1489534298199,"created_time":"Tue Mar 14 23:31:38 +0000 2017","lang":"en","displayname":"EmuMarshmallow","time_zone":"","msg":"RT joshuadun happy third birthday vessel tyler and i ate so many donuts while recording that album so that’s what i’m gonna do all day…"}
{"tweet_id":841793974608269313,"created_unixtime":1489534297979,"created_time":"Tue Mar 14 23:31:37 +0000 2017","lang":"en","displayname":"britneyfraser2","time_zone":"Central Time (US & Canada)","msg":"RT D_Deji28 Do you guys know why he was killed A girl lied that he raped her and her brother shot him dead https//tco/IWDVDZp3rz"}
