{"tweet_id":841809902565765121,"created_unixtime":1489538095500,"created_time":"Wed Mar 15 00:34:55 +0000 2017","lang":"es","displayname":"2Alisson3_","time_zone":"Central Time (US & Canada)","msg":"RT A_Yo_Sumerce_ Hora de estar sad3"}
{"tweet_id":841809903098445825,"created_unixtime":1489538095627,"created_time":"Wed Mar 15 00:34:55 +0000 2017","lang":"en","displayname":"jackyamayaa","time_zone":"","msg":"RT sxmanthapaz some mf girls just cant respect relationships and its sad 😪"}
{"tweet_id":841809901647237120,"created_unixtime":1489538095281,"created_time":"Wed Mar 15 00:34:55 +0000 2017","lang":"en","displayname":"bIueguitar","time_zone":"Brasilia","msg":"SherriSaum1 a thing about Stef that you love with all your heart thefosterschat THANK U FOR SAYING HI TO MY GIRL SHES SO HAPPY ilysm"}
{"tweet_id":841809903245119488,"created_unixtime":1489538095662,"created_time":"Wed Mar 15 00:34:55 +0000 2017","lang":"in","displayname":"tocomonozaki","time_zone":"","msg":"Beneran dikirimin  k1nsnbn https//tco/nQLdzJV9tv"}
{"tweet_id":841809903186395136,"created_unixtime":1489538095648,"created_time":"Wed Mar 15 00:34:55 +0000 2017","lang":"en","displayname":"Chizzy_LDN","time_zone":"London","msg":"RT Stormzy1 Do what makes you happy mate"}
{"tweet_id":841809903329112064,"created_unixtime":1489538095682,"created_time":"Wed Mar 15 00:34:55 +0000 2017","lang":"en","displayname":"JadoreNasia","time_zone":"Central Time (US & Canada)","msg":"CourteneyLarue happy Birthday pretty girl 💕😘"}
{"tweet_id":841809903953952768,"created_unixtime":1489538095831,"created_time":"Wed Mar 15 00:34:55 +0000 2017","lang":"ko","displayname":"S_juminee","time_zone":"Seoul","msg":"RT HELLOVENUSth ＇해투3＇ 김희철 헬로비너스 나라에 호감표시 ＂나라 아버님은 내 장인＂ https//tco/mZZF3FWS2b นารา ในรายการ Happy Together 3 ออนแอร์ 16 มีนา… "}
{"tweet_id":841809904155340802,"created_unixtime":1489538095879,"created_time":"Wed Mar 15 00:34:55 +0000 2017","lang":"und","displayname":"cavenigger","time_zone":"","msg":"RT NJOMZA 🍭 https//tco/jUri3xjyla"}
{"tweet_id":841809904075698177,"created_unixtime":1489538095860,"created_time":"Wed Mar 15 00:34:55 +0000 2017","lang":"en","displayname":"Baileerrrr","time_zone":"Central Time (US & Canada)","msg":"rileyberner4 happy birthday"}
{"tweet_id":841809903513686016,"created_unixtime":1489538095726,"created_time":"Wed Mar 15 00:34:55 +0000 2017","lang":"en","displayname":"rebeccafaith486","time_zone":"","msg":"RT SherriSaum1 happy prebirthday lovecake thefosterschat https//tco/2EhzCR3BDg"}
{"tweet_id":841809904008491008,"created_unixtime":1489538095844,"created_time":"Wed Mar 15 00:34:55 +0000 2017","lang":"en","displayname":"TheLunaticQueen","time_zone":"Eastern Time (US & Canada)","msg":"Too bad so sad The 9 unfollowers I just tracked on https//tco/6DQ0UIVNcU wont know how awesome I am whounfollowedme"}
{"tweet_id":841809904285409281,"created_unixtime":1489538095910,"created_time":"Wed Mar 15 00:34:55 +0000 2017","lang":"en","displayname":"Lilsin_","time_zone":"Pacific Time (US & Canada)","msg":"RT 1queenciera my 1 goal for 2017 is to remain happy no matter what"}
{"tweet_id":841809903991812101,"created_unixtime":1489538095840,"created_time":"Wed Mar 15 00:34:55 +0000 2017","lang":"en","displayname":"JungJijel","time_zone":"Eastern Time (US & Canada)","msg":"RT ViXXL0v3r 2016 amp 2017Happy White Day 🌟 VIXX neverendinglove 💕 https//tco/sKrTBm7VjZ"}
{"tweet_id":841809904604200960,"created_unixtime":1489538095986,"created_time":"Wed Mar 15 00:34:55 +0000 2017","lang":"en","displayname":"Nannyherr","time_zone":"","msg":"Color me Happy Ive been locked out of my PDF patterns in my iBooks on my old iPad for several monthsthe https//tco/79wHplPz0h"}
{"tweet_id":841809904776163328,"created_unixtime":1489538096027,"created_time":"Wed Mar 15 00:34:56 +0000 2017","lang":"en","displayname":"SweetSweetHazza","time_zone":"Pacific Time (US & Canada)","msg":"Harry_Styles Youre the reason of my smile I love you and Im proud of you I would be very happy if you follow me one day ❤️  755"}
{"tweet_id":841809904813850625,"created_unixtime":1489538096036,"created_time":"Wed Mar 15 00:34:56 +0000 2017","lang":"tl","displayname":"cypherpt99","time_zone":"Pacific Time (US & Canada)","msg":"an angel https//tco/1DD2KyqCbN"}
{"tweet_id":841809904784535552,"created_unixtime":1489538096029,"created_time":"Wed Mar 15 00:34:56 +0000 2017","lang":"en","displayname":"maurique__","time_zone":"","msg":"RT praises i could chill at my boyfriends house amp he can spend 0 on me amp i would be happy asf yall girls crazy"}
{"tweet_id":841809904176398336,"created_unixtime":1489538095884,"created_time":"Wed Mar 15 00:34:55 +0000 2017","lang":"en","displayname":"Annaahharless","time_zone":"","msg":"RT hidden saying im tired when youre actually sad"}
{"tweet_id":841809905333952513,"created_unixtime":1489538096160,"created_time":"Wed Mar 15 00:34:56 +0000 2017","lang":"ja","displayname":"saitousizuru","time_zone":"","msg":"RT tknr_iwata_3jsb 皆さん❗三代目 J Soul Brothersの新曲「HAPPY」のMusic Videoはご覧になられましたか？😎✨衣装も撮影場所も豪華でした✌✨まだご覧になられてない方はこちらから是非是非、ご覧になられてください🔥… "}
{"tweet_id":841809905271095296,"created_unixtime":1489538096145,"created_time":"Wed Mar 15 00:34:56 +0000 2017","lang":"en","displayname":"kreider_lilli","time_zone":"","msg":"Happy 17th pretty girl💓 jayymarren"}
{"tweet_id":841809905568911361,"created_unixtime":1489538096216,"created_time":"Wed Mar 15 00:34:56 +0000 2017","lang":"en","displayname":"Liasbeautylife","time_zone":"","msg":"KiannaReid2 hey love i see ur following beth itd make me very happy if u took a moment amp checked my new video💗https//tco/sKZBdlvRDe"}
{"tweet_id":841809905803755520,"created_unixtime":1489538096272,"created_time":"Wed Mar 15 00:34:56 +0000 2017","lang":"en","displayname":"treyblair__","time_zone":"Pacific Time (US & Canada)","msg":"Sad I couldnt go to the game"}
{"tweet_id":841809905715707904,"created_unixtime":1489538096251,"created_time":"Wed Mar 15 00:34:56 +0000 2017","lang":"en","displayname":"TeamMaichards","time_zone":"","msg":"RT zmss28 Ang vulnerable mo tingnan in these photos how you overcome your weakness to make people happy astounds me ❤️ © A… "}
{"tweet_id":841809902947471360,"created_unixtime":1489538095591,"created_time":"Wed Mar 15 00:34:55 +0000 2017","lang":"en","displayname":"abby_hc_","time_zone":"","msg":"Happy birthday to the wonderful tomi_wasabi ilysm and can we have to get ice cream together this summer because I… https//tco/OOqvfVoHDP"}
{"tweet_id":841809906114138113,"created_unixtime":1489538096346,"created_time":"Wed Mar 15 00:34:56 +0000 2017","lang":"en","displayname":"_nicolemillerr_","time_zone":"Eastern Time (US & Canada)","msg":"RT Molly_Karling Happy birthday biddie👅👅 you stay makin me laugh love you so much 🎉😚 _nicolemillerr_ https//tco/uPmQib6LNm"}
{"tweet_id":841809906785165312,"created_unixtime":1489538096506,"created_time":"Wed Mar 15 00:34:56 +0000 2017","lang":"en","displayname":"haibaleaf","time_zone":"Arizona","msg":"RT lostpanda Happy Pi day https//tco/tMJq9uUeRk"}
{"tweet_id":841809906852286465,"created_unixtime":1489538096522,"created_time":"Wed Mar 15 00:34:56 +0000 2017","lang":"en","displayname":"Ragan_08","time_zone":"","msg":"Happy birthday AveryWassenhove hope you have a fantastic wonderful and swell day 💜"}
{"tweet_id":841809906856546304,"created_unixtime":1489538096523,"created_time":"Wed Mar 15 00:34:56 +0000 2017","lang":"en","displayname":"ehslattengren","time_zone":"","msg":"RT UMNCSE Happy PiDay https//tco/nOjTO3xPJR"}
{"tweet_id":841809907741515776,"created_unixtime":1489538096734,"created_time":"Wed Mar 15 00:34:56 +0000 2017","lang":"en","displayname":"Kiss__My__Airs","time_zone":"Eastern Time (US & Canada)","msg":"Im Trying To Stay Up To Wish My Big Brother a Very Happy Birthday At 12 But Lord Knows Im Ready To Pass Out 😭"}
{"tweet_id":841809908190322688,"created_unixtime":1489538096841,"created_time":"Wed Mar 15 00:34:56 +0000 2017","lang":"en","displayname":"the_damnQUEEN","time_zone":"Pacific Time (US & Canada)","msg":"Got my offer im happy af"}
{"tweet_id":841809908630736896,"created_unixtime":1489538096946,"created_time":"Wed Mar 15 00:34:56 +0000 2017","lang":"en","displayname":"ReeceNoelle","time_zone":"","msg":"SirCutieYuki HAPPY BIRTHDAY YUKI🎂🎂🎂🎂"}
{"tweet_id":841809909058428928,"created_unixtime":1489538097048,"created_time":"Wed Mar 15 00:34:57 +0000 2017","lang":"en","displayname":"itskellybaaby_","time_zone":"","msg":"RT FlirtyNotes Being happy doesn’t mean that everything is perfect it means that you’ve decided to look beyond the imperfections"}
{"tweet_id":841809908723027968,"created_unixtime":1489538096968,"created_time":"Wed Mar 15 00:34:56 +0000 2017","lang":"und","displayname":"ByAnastasiya2","time_zone":"","msg":"RT a_malahov Да Это лучший вторник в году Im so happy LiamPayne  thanx man Russia loves 1D https//tco/AGoKNzb07B"}
{"tweet_id":841809909033381891,"created_unixtime":1489538097042,"created_time":"Wed Mar 15 00:34:57 +0000 2017","lang":"en","displayname":"Malyx04","time_zone":"Pacific Time (US & Canada)","msg":"RT RelatableDR_en Chihiro Fujisaki and Chiaki Nanami share the same birthday and its today Happy birthday https//tco/Mk7y4aYT4O"}
{"tweet_id":841809909431848961,"created_unixtime":1489538097137,"created_time":"Wed Mar 15 00:34:57 +0000 2017","lang":"en","displayname":"melarowa_","time_zone":"","msg":"RT pointlesslettrs Countries bound together by a dream of libertyAnd a shared history of being exploited and generally ransacked by… "}
{"tweet_id":841809909851144193,"created_unixtime":1489538097237,"created_time":"Wed Mar 15 00:34:57 +0000 2017","lang":"en","displayname":"BabyZijiaZelo","time_zone":"","msg":"RT BAPdomination my shining star all i want is for you to be Healthy amp Happy pls take care no need to hurry back well be here waiti… "}
{"tweet_id":841809909419257856,"created_unixtime":1489538097134,"created_time":"Wed Mar 15 00:34:57 +0000 2017","lang":"en","displayname":"KellySpaine","time_zone":"","msg":"Wowie I love you so much ❤❤❤ https//tco/PdXMTJ6Nt8"}
{"tweet_id":841809909893201923,"created_unixtime":1489538097247,"created_time":"Wed Mar 15 00:34:57 +0000 2017","lang":"en","displayname":"suzgrl6","time_zone":"","msg":"RT ThomasWictor For clicks likes shares fame followersThey all want you to be afraidI want you to be calm confident a… "}
{"tweet_id":841809910165868544,"created_unixtime":1489538097312,"created_time":"Wed Mar 15 00:34:57 +0000 2017","lang":"en","displayname":"alguire","time_zone":"Eastern Time (US & Canada)","msg":"RT neiltyson 314  Happy Piday to Gregorian calendar users who reckon dates with month followed by day separated by period omitting year"}
{"tweet_id":841809910027436032,"created_unixtime":1489538097279,"created_time":"Wed Mar 15 00:34:57 +0000 2017","lang":"en","displayname":"Pulse1Radio","time_zone":"London","msg":"Happy Wednesday You know were officially half way towards the weekend now right Sam x LateShow"}
{"tweet_id":841809909851275265,"created_unixtime":1489538097237,"created_time":"Wed Mar 15 00:34:57 +0000 2017","lang":"en","displayname":"courtzdoggies","time_zone":"","msg":"RT PandaDrakos Reached but 25 today happy birthday to me P TeamEmmmmsie teamfilthy Filthy_RT ActiveRTs DevilRTs"}
{"tweet_id":841809910144868352,"created_unixtime":1489538097307,"created_time":"Wed Mar 15 00:34:57 +0000 2017","lang":"en","displayname":"GamingCookieX","time_zone":"Central Time (US & Canada)","msg":"RT _Aphmau_ This happens with everyone in the public eye Its really sadAll my VAs have to deal with this as well as myself… "}
{"tweet_id":841809910228766721,"created_unixtime":1489538097327,"created_time":"Wed Mar 15 00:34:57 +0000 2017","lang":"en","displayname":"alliesylviax_","time_zone":"Eastern Time (US & Canada)","msg":"Im happy so of course youre gonna talk ya shittt😩 misery loves company"}
{"tweet_id":841809910824370176,"created_unixtime":1489538097469,"created_time":"Wed Mar 15 00:34:57 +0000 2017","lang":"en","displayname":"Coco_Carr_","time_zone":"","msg":"Another birthday you guys arent here for 😢Happy birthday Auntie Fee amp Tash ❤"}
{"tweet_id":841809911172354048,"created_unixtime":1489538097552,"created_time":"Wed Mar 15 00:34:57 +0000 2017","lang":"en","displayname":"Hillyer00","time_zone":"Pacific Time (US & Canada)","msg":"RT WCCUSD Happy PiDay 314159265358 https//tco/OqaK7GfIRs"}
{"tweet_id":841809911688253440,"created_unixtime":1489538097675,"created_time":"Wed Mar 15 00:34:57 +0000 2017","lang":"en","displayname":"jenniesiey","time_zone":"Pacific Time (US & Canada)","msg":"RT hidden saying im tired when youre actually sad"}
{"tweet_id":841809911696654336,"created_unixtime":1489538097677,"created_time":"Wed Mar 15 00:34:57 +0000 2017","lang":"en","displayname":"yastan9","time_zone":"","msg":"RT PearLUSTerNiJ Happy 3rd JaDinesJaDines 3PinyaSarapYrsLetOurPurpleHeartsShineAt3"}
{"tweet_id":841809910421688322,"created_unixtime":1489538097373,"created_time":"Wed Mar 15 00:34:57 +0000 2017","lang":"en","displayname":"riskitbxll","time_zone":"Buenos Aires","msg":"RT KongGamingOffic To our boy TheVampsCon happy 21st man remember you said  rob  what you doing and I couldnt tell you well… "}
{"tweet_id":841809911726120960,"created_unixtime":1489538097684,"created_time":"Wed Mar 15 00:34:57 +0000 2017","lang":"en","displayname":"yesiigonzalezzz","time_zone":"","msg":"RT soIute sometimes the best way to be happy is to learn to let go of things you tried hard to hold on to that are no longer good for you"}
{"tweet_id":841809912229318658,"created_unixtime":1489538097804,"created_time":"Wed Mar 15 00:34:57 +0000 2017","lang":"en","displayname":"VZahorian","time_zone":"","msg":"Happy Tutu Tuesday Memories of the time when DDanceK and I were dancing together in this… https//tco/epYW5RxWoO"}
{"tweet_id":841809911860342785,"created_unixtime":1489538097716,"created_time":"Wed Mar 15 00:34:57 +0000 2017","lang":"en","displayname":"carolinekondor","time_zone":"","msg":"Matt_james39 happy birthday🎈 🎉"}
{"tweet_id":841809912300765185,"created_unixtime":1489538097821,"created_time":"Wed Mar 15 00:34:57 +0000 2017","lang":"en","displayname":"agardendrowned","time_zone":"Eastern Time (US & Canada)","msg":"RT XLNB The corrupt media and failing Rachel Maddow desperate Anything to stop us from Making America Great Again Fake… "}
{"tweet_id":841809912392908800,"created_unixtime":1489538097843,"created_time":"Wed Mar 15 00:34:57 +0000 2017","lang":"en","displayname":"jeanierocha8","time_zone":"","msg":"RT Smiley360 Happy PiDay To celebrate were enjoying a warm slice of apple pie Whats your favorite kind of pie 🍕 🍰 https//tco/CdB…"}
{"tweet_id":841809912325931008,"created_unixtime":1489538097827,"created_time":"Wed Mar 15 00:34:57 +0000 2017","lang":"en","displayname":"__qasrina","time_zone":"Singapore","msg":"Azriesuhaimi happy birthday mini you"}
{"tweet_id":841809912954986497,"created_unixtime":1489538097977,"created_time":"Wed Mar 15 00:34:57 +0000 2017","lang":"en","displayname":"savvypoo_","time_zone":"","msg":"RT FarrisCarissa Can we just talk about how insanely beautiful this girl is Happy birthday caliejoanne ♥️♥️ https//tco/pL34K9VHFK"}
{"tweet_id":841809912657268740,"created_unixtime":1489538097906,"created_time":"Wed Mar 15 00:34:57 +0000 2017","lang":"en","displayname":"cmac0796","time_zone":"Pacific Time (US & Canada)","msg":"RT _Snape_ Happy PiDay https//tco/cI8NnnwW7o"}
{"tweet_id":841809912896339968,"created_unixtime":1489538097963,"created_time":"Wed Mar 15 00:34:57 +0000 2017","lang":"en","displayname":"Raz581","time_zone":"Central Time (US & Canada)","msg":"RT CuestionMarque Immigrants come to America seeking a progressive society they can contribute to amp prosper sad that they encounter cons…"}
{"tweet_id":841809913026351104,"created_unixtime":1489538097994,"created_time":"Wed Mar 15 00:34:57 +0000 2017","lang":"en","displayname":"_m2cie","time_zone":"Quito","msg":"demi_leech happy birthday to the most perfect person hands down❤❤❤"}
{"tweet_id":841809913252851712,"created_unixtime":1489538098048,"created_time":"Wed Mar 15 00:34:58 +0000 2017","lang":"en","displayname":"Jaeelolo_","time_zone":"","msg":"Food makes me happy ❤️"}
{"tweet_id":841809913110269952,"created_unixtime":1489538098014,"created_time":"Wed Mar 15 00:34:58 +0000 2017","lang":"en","displayname":"NRK_the_dick","time_zone":"Central Time (US & Canada)","msg":"Happy Birthday marwinGF9  FavoritePlayer IWantAMarwinJersey ThatsMyDude"}
{"tweet_id":841809912971829248,"created_unixtime":1489538097981,"created_time":"Wed Mar 15 00:34:57 +0000 2017","lang":"en","displayname":"NewRomantic1989","time_zone":"Eastern Time (US & Canada)","msg":"📷 ladytudorrose weavemama THE STUDENT ATHLETE MEMES ARE WHAT WE NEED IN TIMES LIKE THIS  The sad https//tco/hh2s8JBGhV"}
{"tweet_id":841809913290592256,"created_unixtime":1489538098057,"created_time":"Wed Mar 15 00:34:58 +0000 2017","lang":"en","displayname":"C_Holler","time_zone":"Greenland","msg":"Trumps Sturz ist kein Happy End"}
{"tweet_id":841809911902289920,"created_unixtime":1489538097726,"created_time":"Wed Mar 15 00:34:57 +0000 2017","lang":"en","displayname":"tamarahodge13","time_zone":"Mountain Time (US & Canada)","msg":"Lmao ion remember this 🤦🏾‍♀️ but Happy Birthday _ogstar I love you so much thanks for always being there for my cr… https//tco/XunOOsZg9T"}
{"tweet_id":841809914016194562,"created_unixtime":1489538098230,"created_time":"Wed Mar 15 00:34:58 +0000 2017","lang":"en","displayname":"MikaelJBrown","time_zone":"","msg":"Zachcomolli_ happy birthday Camolli Gotta link soon"}
{"tweet_id":841809913856823296,"created_unixtime":1489538098192,"created_time":"Wed Mar 15 00:34:58 +0000 2017","lang":"en","displayname":"aaairam_","time_zone":"","msg":"RT _vinevinee So happy Im naturally pretty amp dont need makeup😊"}
{"tweet_id":841809913789669376,"created_unixtime":1489538098176,"created_time":"Wed Mar 15 00:34:58 +0000 2017","lang":"en","displayname":"lexielouuu_","time_zone":"","msg":"RT principallopez Its ACTION week and this is the way the Tartans act Maybe we should rethink this activity Get your attitude right TA…"}
{"tweet_id":841809913806487553,"created_unixtime":1489538098180,"created_time":"Wed Mar 15 00:34:58 +0000 2017","lang":"en","displayname":"LaisSantos_1D","time_zone":"","msg":"RT ninadobrev This truly was such a testament to how passionate and dedicated our fans are We will always love you https//tco/EZPJ7Bp…"}
{"tweet_id":841809914481807360,"created_unixtime":1489538098341,"created_time":"Wed Mar 15 00:34:58 +0000 2017","lang":"en","displayname":"_spoiledddx","time_zone":"","msg":"if she happy you aint gotta worry bout nobody else 💯 amp what they gotta say"}
{"tweet_id":841809914502746116,"created_unixtime":1489538098346,"created_time":"Wed Mar 15 00:34:58 +0000 2017","lang":"en","displayname":"caroll_adriana","time_zone":"Pacific Time (US & Canada)","msg":"RT smokepurpp I do what the fuck I want I dont fucking care what anyone thinks Im happy"}
{"tweet_id":841809914452406272,"created_unixtime":1489538098334,"created_time":"Wed Mar 15 00:34:58 +0000 2017","lang":"en","displayname":"KhanMhrn","time_zone":"","msg":"RT FBIMostWanted Happy 67th Birthday to the FBI Ten Most Wanted Fugitives List created on March 14 1950 https//tco/aaf7lqVtLn"}
{"tweet_id":841809914062372864,"created_unixtime":1489538098241,"created_time":"Wed Mar 15 00:34:58 +0000 2017","lang":"en","displayname":"tyriancaIIows","time_zone":"Eastern Time (US & Canada)","msg":"catacombist YEAH God theres so much awful nsfw in this fandom its so gross and sad why are ppl like this"}
{"tweet_id":841809914578243584,"created_unixtime":1489538098364,"created_time":"Wed Mar 15 00:34:58 +0000 2017","lang":"en","displayname":"CoolQuest184","time_zone":"Central Time (US & Canada)","msg":"You resorted to replying Take your L and sit down and shut the fuck up Squirtle face https//tco/4lknzKz2WJ"}
{"tweet_id":841809914775384064,"created_unixtime":1489538098411,"created_time":"Wed Mar 15 00:34:58 +0000 2017","lang":"en","displayname":"LuxuryEyesight","time_zone":"Central Time (US & Canada)","msg":"RT chiarchitecture Happy Pi Day This number makes gems like Bertrand Goldbergs Marina City possible PiDay https//tco/Yg2TZoxRkH"}
{"tweet_id":841809915144503296,"created_unixtime":1489538098499,"created_time":"Wed Mar 15 00:34:58 +0000 2017","lang":"es","displayname":"r5ftbts","time_zone":"Buenos Aires","msg":"RT Jungsugav r5ftbts euuu vez no te sientas sad que me rompes el corazón  lt/3 https//tco/piZWKuMGdU"}
{"tweet_id":841809914053951488,"created_unixtime":1489538098239,"created_time":"Wed Mar 15 00:34:58 +0000 2017","lang":"en","displayname":"alex_pacheco_17","time_zone":"","msg":"Happy Birthday papi gordo🤘🏽🤙🏽💯 richgang https//tco/wq8y5dLtca"}
{"tweet_id":841809915618312192,"created_unixtime":1489538098612,"created_time":"Wed Mar 15 00:34:58 +0000 2017","lang":"en","displayname":"greeneyeshj","time_zone":"Mountain Time (US & Canada)","msg":"I m so glad cbs writer has such high values for felonies 😣 this is why Americans dont like your station sad day i… https//tco/CibGimzooT"}
{"tweet_id":841809915555524608,"created_unixtime":1489538098597,"created_time":"Wed Mar 15 00:34:58 +0000 2017","lang":"en","displayname":"GEwelsh","time_zone":"London","msg":"RT PA7KY Happy to announce that as of the 27th March I will be managing the UK Partnership for Twitch  Looking forward sta… "}
{"tweet_id":841809915911987200,"created_unixtime":1489538098682,"created_time":"Wed Mar 15 00:34:58 +0000 2017","lang":"en","displayname":"gmbygrl","time_zone":"Pacific Time (US & Canada)","msg":"feliciaday you only speak the sad truth 😢😢😢"}
{"tweet_id":841809915970781184,"created_unixtime":1489538098696,"created_time":"Wed Mar 15 00:34:58 +0000 2017","lang":"en","displayname":"newharttaylor14","time_zone":"Eastern Time (US & Canada)","msg":"Happy Birthday Ri 💕 love you sis wish I could be home with ya  rieley_newhart  https//tco/LYewu44GtD"}
{"tweet_id":841809915924500480,"created_unixtime":1489538098685,"created_time":"Wed Mar 15 00:34:58 +0000 2017","lang":"en","displayname":"sebbean","time_zone":"Central Time (US & Canada)","msg":"Gandem0 cmartinjr segphault oy im happy for people to do it dont get me wrong just not something i care too much about"}
{"tweet_id":841809916939575296,"created_unixtime":1489538098927,"created_time":"Wed Mar 15 00:34:58 +0000 2017","lang":"ja","displayname":"Unu_Faaam","time_zone":"Pacific Time (US & Canada)","msg":"RT meimei_anime_ 今日は1番推している海未ちゃんの誕生日！！Happy Birthday！！海未ちゃんは天使のようにかわいい！最高すぎます！3月15日は園田海未の誕生日 園田海未生誕祭2017ラブライバーはRT 海未ちゃん生誕祭… "}
{"tweet_id":841809916809641984,"created_unixtime":1489538098896,"created_time":"Wed Mar 15 00:34:58 +0000 2017","lang":"en","displayname":"Squeeblenaut","time_zone":"Eastern Time (US & Canada)","msg":"Omar RodriguezLopez promised new music from The Mars Volta not At the DriveIn Im still very happy with it"}
{"tweet_id":841809916662804480,"created_unixtime":1489538098861,"created_time":"Wed Mar 15 00:34:58 +0000 2017","lang":"en","displayname":"sam_hen15","time_zone":"","msg":"Happy birthday chef stephenmaley23 better not call me for any travels this Sunday"}
{"tweet_id":841809917187088384,"created_unixtime":1489538098986,"created_time":"Wed Mar 15 00:34:58 +0000 2017","lang":"en","displayname":"parham1961","time_zone":"","msg":"RT babycatnfriends Love mew guyses Happy tunatuesday Mama gonna be gone much of day but Ill tweet as able 💞💞💞 https//tco/ggYZFXY1…"}
{"tweet_id":841809917132574721,"created_unixtime":1489538098973,"created_time":"Wed Mar 15 00:34:58 +0000 2017","lang":"en","displayname":"peachoveraIls","time_zone":"Pacific Time (US & Canada)","msg":"alex_kyi hey happy birthday"}
{"tweet_id":841809916847362050,"created_unixtime":1489538098905,"created_time":"Wed Mar 15 00:34:58 +0000 2017","lang":"en","displayname":"SydneyJ14942117","time_zone":"","msg":"Hayyyyy find new girl and be happy  https//tco/WNzEJr27zi https//tco/twMhQXy4re"}
{"tweet_id":841809916738314249,"created_unixtime":1489538098879,"created_time":"Wed Mar 15 00:34:58 +0000 2017","lang":"en","displayname":"WarriUpdate","time_zone":"West Central Africa","msg":"Happy birthday my main man Kitay_PFame https//tco/9DY70mKrZ9"}
{"tweet_id":841809916662800384,"created_unixtime":1489538098861,"created_time":"Wed Mar 15 00:34:58 +0000 2017","lang":"en","displayname":"mattfahey_17","time_zone":"Eastern Time (US & Canada)","msg":"Happy birthday hommie Seany_64"}
{"tweet_id":841809917656875008,"created_unixtime":1489538099098,"created_time":"Wed Mar 15 00:34:59 +0000 2017","lang":"en","displayname":"vlcuXX","time_zone":"Central Time (US & Canada)","msg":"RT richthekid Focus on what makes you happy"}
{"tweet_id":841809917560381440,"created_unixtime":1489538099075,"created_time":"Wed Mar 15 00:34:59 +0000 2017","lang":"en","displayname":"chrisk_hw","time_zone":"London","msg":"AriMelber D_Blanchflower I am sad to say I wouldnt believe his evidence"}
{"tweet_id":841809917522636800,"created_unixtime":1489538099066,"created_time":"Wed Mar 15 00:34:59 +0000 2017","lang":"en","displayname":"Sara_Hussain92","time_zone":"","msg":"What exactly was Pakistan’s problem with Happy Bhag Jayegi Saluting Gandhi as if some Pakistani’s don’t respect him "}
{"tweet_id":841809917656854528,"created_unixtime":1489538099098,"created_time":"Wed Mar 15 00:34:59 +0000 2017","lang":"en","displayname":"jameelajoie","time_zone":"London","msg":"JayAndreas happy birthday Jussieeeeee 💗 stop being a hoe already 🙄"}
{"tweet_id":841809917036138496,"created_unixtime":1489538098950,"created_time":"Wed Mar 15 00:34:58 +0000 2017","lang":"en","displayname":"Hodanxo_","time_zone":"London","msg":"RT Stormzy1 Do what makes you happy mate"}
{"tweet_id":841809916046139392,"created_unixtime":1489538098714,"created_time":"Wed Mar 15 00:34:58 +0000 2017","lang":"en","displayname":"abbygordonn","time_zone":"Arizona","msg":"Happy birthday to my girl🏈 Love you amp miss u so much❤️🎉 lissaarosee https//tco/Joyk6jRiQP"}
{"tweet_id":841809918097281025,"created_unixtime":1489538099203,"created_time":"Wed Mar 15 00:34:59 +0000 2017","lang":"en","displayname":"xxNeneK","time_zone":"","msg":"Happy Birthday Chyna"}
{"tweet_id":841809918583791616,"created_unixtime":1489538099319,"created_time":"Wed Mar 15 00:34:59 +0000 2017","lang":"en","displayname":"MechieMech_","time_zone":"Atlantic Time (Canada)","msg":"RT richthekid Focus on what makes you happy"}
{"tweet_id":841809918512394240,"created_unixtime":1489538099302,"created_time":"Wed Mar 15 00:34:59 +0000 2017","lang":"en","displayname":"MAGNlFIQUE","time_zone":"Pacific Time (US & Canada)","msg":"Is this you markrtuan93 dont be sad markie https//tco/G0Ypek2wtB"}
{"tweet_id":841809918562824192,"created_unixtime":1489538099314,"created_time":"Wed Mar 15 00:34:59 +0000 2017","lang":"en","displayname":"BrinlyGoldman","time_zone":"Santiago","msg":"All Parents Happy Because These Cartoons S3x Scene Were Not Broadcasted https//tco/eN8Cd2Xw1E"}
{"tweet_id":841809918889873408,"created_unixtime":1489538099392,"created_time":"Wed Mar 15 00:34:59 +0000 2017","lang":"en","displayname":"__Nevermore__","time_zone":"Melbourne","msg":"Happy birthday IndigenousX 🎉🎉 Congrats LukeLPearson amp all the wonderful hosts Indigenous perspectives gt Indigenous voices IndigenousX"}
{"tweet_id":841809918101491712,"created_unixtime":1489538099204,"created_time":"Wed Mar 15 00:34:59 +0000 2017","lang":"en","displayname":"andyhoffman14","time_zone":"","msg":"RT c_banksopen Andrew Happy birthday boy Keep doing squats and stuff 😍😍 https//tco/KwST4nrQbK"}
{"tweet_id":841809918860582912,"created_unixtime":1489538099385,"created_time":"Wed Mar 15 00:34:59 +0000 2017","lang":"en","displayname":"horrdan","time_zone":"","msg":"Happy birthday AshtonHauser1 hope you have a good one😎"}
{"tweet_id":841809918546051072,"created_unixtime":1489538099310,"created_time":"Wed Mar 15 00:34:59 +0000 2017","lang":"en","displayname":"ThelmaDee248","time_zone":"Atlantic Time (Canada)","msg":"RT ImagineErotica Dating someone is so cool like hey I like you and you like me lets hangout and have inside jokes and kiss each other a…"}
{"tweet_id":841809918747385862,"created_unixtime":1489538099358,"created_time":"Wed Mar 15 00:34:59 +0000 2017","lang":"en","displayname":"thejaypainter","time_zone":"Central Time (US & Canada)","msg":"This makes me happy https//tco/S8dkJwWX6A"}
{"tweet_id":841809919095390208,"created_unixtime":1489538099441,"created_time":"Wed Mar 15 00:34:59 +0000 2017","lang":"en","displayname":"sungmiiina","time_zone":"Krasnoyarsk","msg":"RT 13elieveSG [HD PIC] 170311 After Happy Together Recording  Gorgeous Heechul looking so good in a floral outfit Cr… "}
{"tweet_id":841809919548444672,"created_unixtime":1489538099549,"created_time":"Wed Mar 15 00:34:59 +0000 2017","lang":"ja","displayname":"hana_0909_smap","time_zone":"","msg":"RT ponlover_bon 生まれて来たことを君がかなしまないようにHappy Happy BirthdayHappy Happy Birthday出逢えてしあわせだって伝えつづける 君の胸に………陽一くん、今は誰さんかな？嘘の戦争… "}
{"tweet_id":841809919636561920,"created_unixtime":1489538099570,"created_time":"Wed Mar 15 00:34:59 +0000 2017","lang":"en","displayname":"maritito15kkk","time_zone":"","msg":"my happy little pill take me away"}
{"tweet_id":841809919443636224,"created_unixtime":1489538099524,"created_time":"Wed Mar 15 00:34:59 +0000 2017","lang":"en","displayname":"eric_standifer","time_zone":"","msg":"RT XLNB The corrupt media and failing Rachel Maddow desperate Anything to stop us from Making America Great Again Fake… "}
{"tweet_id":841809919678521344,"created_unixtime":1489538099580,"created_time":"Wed Mar 15 00:34:59 +0000 2017","lang":"en","displayname":"myrissaa02","time_zone":"Pacific Time (US & Canada)","msg":"kaatelyne its ok u can b happy with me 💖"}
{"tweet_id":841809919942758400,"created_unixtime":1489538099643,"created_time":"Wed Mar 15 00:34:59 +0000 2017","lang":"en","displayname":"ErinYEG","time_zone":"Mountain Time (US & Canada)","msg":"Happy piday🍴 https//tco/0RvBazkF7X"}
{"tweet_id":841809919854710788,"created_unixtime":1489538099622,"created_time":"Wed Mar 15 00:34:59 +0000 2017","lang":"en","displayname":"soulmates1120","time_zone":"Central Time (US & Canada)","msg":"RT LivingSexy247 Happy SteakandBJ day  How are you celebrating 🔥😈💋 https//tco/9WFURr53dO"}
{"tweet_id":841809920433508352,"created_unixtime":1489538099760,"created_time":"Wed Mar 15 00:34:59 +0000 2017","lang":"en","displayname":"ViciousQueenpin","time_zone":"","msg":"Im not perfect but Im happy with who and what I am"}
{"tweet_id":841809920588668928,"created_unixtime":1489538099797,"created_time":"Wed Mar 15 00:34:59 +0000 2017","lang":"en","displayname":"Livielauren","time_zone":"","msg":"RT FIirtationship Someone When was the last time u were truly happyMe https//tco/DoTGgDO6GB"}
{"tweet_id":841809920894898176,"created_unixtime":1489538099870,"created_time":"Wed Mar 15 00:34:59 +0000 2017","lang":"en","displayname":"FindASexBuddy","time_zone":"Pacific Time (US & Canada)","msg":"Happy hump day everyone"}
{"tweet_id":841809904742494209,"created_unixtime":1489538096019,"created_time":"Wed Mar 15 00:34:56 +0000 2017","lang":"en","displayname":"fsrtrrdyh","time_zone":"","msg":"hahaha thank youuu jiran  aminn  thankss https//tco/rDAwvC2LxW"}
{"tweet_id":841809921268154372,"created_unixtime":1489538099959,"created_time":"Wed Mar 15 00:34:59 +0000 2017","lang":"en","displayname":"AmyPandina","time_zone":"","msg":"RT BrianRoemmele At this moment today March 14th 1879 Albert Einstein was born He would have been 138 years old Happy Birthday… "}
{"tweet_id":841809921104478209,"created_unixtime":1489538099920,"created_time":"Wed Mar 15 00:34:59 +0000 2017","lang":"en","displayname":"ThisBrownBabe","time_zone":"","msg":"RT D_Deji28 Do you guys know why he was killed A girl lied that he raped her and her brother shot him dead https//tco/IWDVDZp3rz"}
{"tweet_id":841809921389821953,"created_unixtime":1489538099988,"created_time":"Wed Mar 15 00:34:59 +0000 2017","lang":"en","displayname":"daileyanna","time_zone":"","msg":"RT hayleytollett lifes short dont waste it being sad"}
{"tweet_id":841809921230413824,"created_unixtime":1489538099950,"created_time":"Wed Mar 15 00:34:59 +0000 2017","lang":"en","displayname":"_Schiler","time_zone":"Atlantic Time (Canada)","msg":"RT kibble23 I know ppl say being rich wont make you happy but I really think Ill be different"}
{"tweet_id":841809919846289408,"created_unixtime":1489538099620,"created_time":"Wed Mar 15 00:34:59 +0000 2017","lang":"en","displayname":"MrsJohnsonJbd","time_zone":"","msg":"Happy 314 JbdElem https//tco/JdcGU0qDRw"}
{"tweet_id":841809922018893824,"created_unixtime":1489538100138,"created_time":"Wed Mar 15 00:35:00 +0000 2017","lang":"en","displayname":"healthpolicygrp","time_zone":"Pacific Time (US & Canada)","msg":"RT NASA Its PiDay It may be irrational but pi plays an important role in the work of scientists at NASA… "}
{"tweet_id":841809921666650113,"created_unixtime":1489538100054,"created_time":"Wed Mar 15 00:35:00 +0000 2017","lang":"en","displayname":"PunkEdits_For_U","time_zone":"Atlantic Time (Canada)","msg":"TaylorPettitt HAPPY BIRTHDAY lt3"}
{"tweet_id":841809922010558469,"created_unixtime":1489538100136,"created_time":"Wed Mar 15 00:35:00 +0000 2017","lang":"en","displayname":"Lizard__Lounge","time_zone":"Central Time (US & Canada)","msg":"RT Lizard__Lounge Happy 2 for 1 Tuesday 🎁For a limited time only take advantage of our 2 tix for the price of 1 special… "}
{"tweet_id":841809922656485378,"created_unixtime":1489538100290,"created_time":"Wed Mar 15 00:35:00 +0000 2017","lang":"en","displayname":"Janellcp","time_zone":"Eastern Time (US & Canada)","msg":"RT MOMITFORWARD Q6 DOES FOOD MAKE YOU HAPPY WHAT DISHES MAKE YOU THE HAPPIEST AvoHappiness GNO PLS RT"}
{"tweet_id":841809922614538240,"created_unixtime":1489538100280,"created_time":"Wed Mar 15 00:35:00 +0000 2017","lang":"en","displayname":"MissCoombe","time_zone":"Central Time (US & Canada)","msg":"RT DavidRoads I choose to be happy today https//tco/1bJzOsIC38"}
{"tweet_id":841809922694254595,"created_unixtime":1489538100299,"created_time":"Wed Mar 15 00:35:00 +0000 2017","lang":"en","displayname":"micahcarey12","time_zone":"","msg":"siennasweet001 happy birthday gorgeous🎉 hope your day is great love ya❤️"}
{"tweet_id":841809922526478336,"created_unixtime":1489538100259,"created_time":"Wed Mar 15 00:35:00 +0000 2017","lang":"en","displayname":"pennyhouse_cafe","time_zone":"","msg":"Happy humpy 😎✌️ melbourne melbournecafe  melbournebreakfastdiary zomatoaus zomato melbournelife foodpics https//tco/XzhB0ssQoP"}
{"tweet_id":841809923365306370,"created_unixtime":1489538100459,"created_time":"Wed Mar 15 00:35:00 +0000 2017","lang":"en","displayname":"WayneZach","time_zone":"Atlantic Time (Canada)","msg":"Saw a lot of salty people about spring break talking about for people that dont have jobs so sad your job at zaxbys wouldnt let you off"}
{"tweet_id":841809923751182337,"created_unixtime":1489538100551,"created_time":"Wed Mar 15 00:35:00 +0000 2017","lang":"en","displayname":"MixedBoiShawn","time_zone":"","msg":"RT HornyFacts So annoying when ppl r like ur always laughing U laugh at everything Its not that funny like OK sorry Im a happy pe…"}
{"tweet_id":841809924233420801,"created_unixtime":1489538100666,"created_time":"Wed Mar 15 00:35:00 +0000 2017","lang":"tl","displayname":"kimslanding","time_zone":"","msg":"Maytag hatdan sad tag kwarta aning ldr oy hahhahahahaha dzooook"}
{"tweet_id":841809924355055616,"created_unixtime":1489538100695,"created_time":"Wed Mar 15 00:35:00 +0000 2017","lang":"en","displayname":"maderapedro34","time_zone":"Arizona","msg":"RT XXL Marco Rubio isnt happy with this new Snoop Dogg video https//tco/aHT7VNHUSh https//tco/knMT0J1kIG"}
{"tweet_id":841809924032208896,"created_unixtime":1489538100618,"created_time":"Wed Mar 15 00:35:00 +0000 2017","lang":"en","displayname":"Week99er","time_zone":"Eastern Time (US & Canada)","msg":"RT MOMITFORWARD Q6 DOES FOOD MAKE YOU HAPPY WHAT DISHES MAKE YOU THE HAPPIEST AvoHappiness GNO PLS RT"}
{"tweet_id":841809924514435072,"created_unixtime":1489538100733,"created_time":"Wed Mar 15 00:35:00 +0000 2017","lang":"en","displayname":"BlessedMama86","time_zone":"Eastern Time (US & Canada)","msg":"RT MOMITFORWARD Q6 DOES FOOD MAKE YOU HAPPY WHAT DISHES MAKE YOU THEHAPPIEST AvoHappiness GNO PLS RT"}
{"tweet_id":841809924535406592,"created_unixtime":1489538100738,"created_time":"Wed Mar 15 00:35:00 +0000 2017","lang":"en","displayname":"SJBlahBlahBlog","time_zone":"Pacific Time (US & Canada)","msg":"RT MOMITFORWARD Q6 DOES FOOD MAKE YOU HAPPY WHAT DISHES MAKE YOU THE HAPPIEST AvoHappiness GNO PLS RT"}
{"tweet_id":841809924787126273,"created_unixtime":1489538100798,"created_time":"Wed Mar 15 00:35:00 +0000 2017","lang":"en","displayname":"kellyterrazas","time_zone":"Pacific Time (US & Canada)","msg":"RT sydney6416 Happy birthday to my favorite shotgun rider and by far the best DJ on any car ride to the beach Thnaks for always… "}
{"tweet_id":841809924619395072,"created_unixtime":1489538100758,"created_time":"Wed Mar 15 00:35:00 +0000 2017","lang":"en","displayname":"lizbrielove","time_zone":"Central Time (US & Canada)","msg":"RT cliffordsshug If youre ever feeling sad just remember that this video exists https//tco/HjEMGrNXhB"}
{"tweet_id":841809924493606912,"created_unixtime":1489538100728,"created_time":"Wed Mar 15 00:35:00 +0000 2017","lang":"en","displayname":"jessicasouthh","time_zone":"","msg":"Why is this actually me https//tco/j7fC3Wsr9p"}
{"tweet_id":841809925080768513,"created_unixtime":1489538100868,"created_time":"Wed Mar 15 00:35:00 +0000 2017","lang":"en","displayname":"kyragarcia_12","time_zone":"","msg":"RT ariel_cantu dont know whats gonna make you happy if you cant even make yourself happy"}
{"tweet_id":841809924552294400,"created_unixtime":1489538100742,"created_time":"Wed Mar 15 00:35:00 +0000 2017","lang":"en","displayname":"savagegabb","time_zone":"","msg":"RT CommonWhiteGrls This makes me so happy https//tco/6G1UDSKwAI"}
{"tweet_id":841809925168877568,"created_unixtime":1489538100889,"created_time":"Wed Mar 15 00:35:00 +0000 2017","lang":"en","displayname":"KeenchoLuna","time_zone":"","msg":"RT DonladGlover If you’re trying to keep everybody happy the one person that definitely won’t be happy is you"}
{"tweet_id":841809924116029440,"created_unixtime":1489538100638,"created_time":"Wed Mar 15 00:35:00 +0000 2017","lang":"en","displayname":"GCFLearnFree","time_zone":"Eastern Time (US & Canada)","msg":"A Happy Pi Day to everyone math PiDay https//tco/Lx5iFChqK8 https//tco/6fMM98WWWw"}
{"tweet_id":841809925605068800,"created_unixtime":1489538100993,"created_time":"Wed Mar 15 00:35:00 +0000 2017","lang":"en","displayname":"whensmyvacation","time_zone":"","msg":"RT MOMITFORWARD Q6 DOES FOOD MAKE YOU HAPPY WHAT DISHES MAKE YOU THE HAPPIEST AvoHappiness GNO PLS RT"}
{"tweet_id":841809926032838656,"created_unixtime":1489538101095,"created_time":"Wed Mar 15 00:35:01 +0000 2017","lang":"en","displayname":"mgsmblaicelle","time_zone":"Pacific Time (US & Canada)","msg":"RT hidden saying im tired when youre actually sad"}
{"tweet_id":841809926108389379,"created_unixtime":1489538101113,"created_time":"Wed Mar 15 00:35:01 +0000 2017","lang":"en","displayname":"laughter_julie","time_zone":"","msg":"RT hidden saying im tired when youre actually sad"}
{"tweet_id":841809925940621312,"created_unixtime":1489538101073,"created_time":"Wed Mar 15 00:35:01 +0000 2017","lang":"en","displayname":"sammyapproves","time_zone":"Pacific Time (US & Canada)","msg":"RT MOMITFORWARD Q6 DOES FOOD MAKE YOU HAPPY WHAT DISHES MAKE YOU THE HAPPIEST AvoHappiness GNO PLS RT"}
{"tweet_id":841809925806346240,"created_unixtime":1489538101041,"created_time":"Wed Mar 15 00:35:01 +0000 2017","lang":"th","displayname":"MoJo_MEW","time_zone":"Pacific Time (US & Canada)","msg":"ทุกวันนี้ทำงานมีความสุขกว่าที่เก่าอีก เคยบอกแล้ว ถ้ามีความสุขกับที่ไหนก้จะมีความรู้สึกดีที่ได้ทำงานที่นั่น happy"}
{"tweet_id":841809925978300416,"created_unixtime":1489538101082,"created_time":"Wed Mar 15 00:35:01 +0000 2017","lang":"en","displayname":"GelidFields","time_zone":"Hong Kong","msg":"RT samkalidi Happy Pi Day https//tco/nrfirnHPXQ"}
{"tweet_id":841809926024486912,"created_unixtime":1489538101093,"created_time":"Wed Mar 15 00:35:01 +0000 2017","lang":"en","displayname":"MomItForward","time_zone":"Mountain Time (US & Canada)","msg":"Q6 DOES FOOD MAKE YOU HAPPY WHAT DISHES MAKE YOU THE HAPPIEST AvoHappiness GNO PLS RT"}
{"tweet_id":841809926502637568,"created_unixtime":1489538101207,"created_time":"Wed Mar 15 00:35:01 +0000 2017","lang":"en","displayname":"Nephilimzei","time_zone":"Brasilia","msg":"RT anselmyworld anselelgort happy birthday 💛✨🎉🎁🎂📣 https//tco/RyMnKMvcg5"}
{"tweet_id":841809925114368000,"created_unixtime":1489538100876,"created_time":"Wed Mar 15 00:35:00 +0000 2017","lang":"en","displayname":"daday_rosales","time_zone":"","msg":"RT lizquen_USA belatedHappy LizQuen day❤❤❤a look back on 031313 https//tco/uw3dvUMldh"}
{"tweet_id":841809925705728000,"created_unixtime":1489538101017,"created_time":"Wed Mar 15 00:35:01 +0000 2017","lang":"en","displayname":"KyngHTG","time_zone":"","msg":"RT drea876 You still would be on the path to greatness You just wouldnt be as stylish or as happy because hellooo 💃 KyngHTG https//t…"}
{"tweet_id":841809927039516672,"created_unixtime":1489538101335,"created_time":"Wed Mar 15 00:35:01 +0000 2017","lang":"en","displayname":"RealeFood","time_zone":"Atlantic Time (Canada)","msg":"RT colecanyonfarm we are very happy to be using mytweetmark for our internet marketing for farmersmarket in california herbs veget…"}
{"tweet_id":841809926964031488,"created_unixtime":1489538101317,"created_time":"Wed Mar 15 00:35:01 +0000 2017","lang":"en","displayname":"KweezleQueen","time_zone":"Eastern Time (US & Canada)","msg":"Hey Jessica Welcome to TeacherFriends Happy to see you MrsNoffy"}
{"tweet_id":841809927211384832,"created_unixtime":1489538101376,"created_time":"Wed Mar 15 00:35:01 +0000 2017","lang":"en","displayname":"JavelinStrategy","time_zone":"America/Los_Angeles","msg":"Happy Pi Day https//tco/wXkYYKqU0g"}
{"tweet_id":841809927047921664,"created_unixtime":1489538101337,"created_time":"Wed Mar 15 00:35:01 +0000 2017","lang":"en","displayname":"odouglass11","time_zone":"Eastern Time (US & Canada)","msg":"RT MOMITFORWARD Q6 DOES FOOD MAKE YOU HAPPY WHAT DISHES MAKE YOU THE HAPPIEST AvoHappiness GNO PLS RT"}
{"tweet_id":841809927622545408,"created_unixtime":1489538101474,"created_time":"Wed Mar 15 00:35:01 +0000 2017","lang":"en","displayname":"barr_mady","time_zone":"","msg":"so happy to have influencers in my life like chancetherapper to speak up about anxiety and isnt afraid to be himself what a rockstar 💪🏿"}
{"tweet_id":841809927580598274,"created_unixtime":1489538101464,"created_time":"Wed Mar 15 00:35:01 +0000 2017","lang":"en","displayname":"Brandimay6","time_zone":"","msg":"Finally getting to learn more about genetics in nursing makes me so happy"}
{"tweet_id":841809926854963201,"created_unixtime":1489538101291,"created_time":"Wed Mar 15 00:35:01 +0000 2017","lang":"en","displayname":"amodernmomlife","time_zone":"Central Time (US & Canada)","msg":"RT MOMITFORWARD Q6 DOES FOOD MAKE YOU HAPPY WHAT DISHES MAKE YOU THE HAPPIEST AvoHappiness GNO PLS RT"}
{"tweet_id":841809928310341632,"created_unixtime":1489538101638,"created_time":"Wed Mar 15 00:35:01 +0000 2017","lang":"en","displayname":"Jhesz28","time_zone":"","msg":"RT BobOngQuotes Overthinking kills your ability to be happy"}
{"tweet_id":841809928260059136,"created_unixtime":1489538101626,"created_time":"Wed Mar 15 00:35:01 +0000 2017","lang":"en","displayname":"Wholockian1011","time_zone":"","msg":"RT InternallyIost be with somebody who makes you forget what it felt like to be sad"}
{"tweet_id":841809928314576896,"created_unixtime":1489538101639,"created_time":"Wed Mar 15 00:35:01 +0000 2017","lang":"en","displayname":"danharries97","time_zone":"","msg":"RT Stormzy1 Do what makes you happy mate"}
{"tweet_id":841809928276873216,"created_unixtime":1489538101630,"created_time":"Wed Mar 15 00:35:01 +0000 2017","lang":"en","displayname":"mel_drury","time_zone":"","msg":"V happy Ive finally decided on a rough design for the next tattoo I want now just to get skinny so it will look pretty😅✨🌸"}
{"tweet_id":841809928113278976,"created_unixtime":1489538101591,"created_time":"Wed Mar 15 00:35:01 +0000 2017","lang":"en","displayname":"JoMariee11","time_zone":"","msg":"So fucked up how he died 💔 https//tco/0uRGs5pFaD"}
{"tweet_id":841809927496687617,"created_unixtime":1489538101444,"created_time":"Wed Mar 15 00:35:01 +0000 2017","lang":"en","displayname":"NadineCoriglia1","time_zone":"","msg":"Happy Birthday to my Champ happy25mychamp https//tco/3jasmrJO7z"}
{"tweet_id":841809928457195521,"created_unixtime":1489538101673,"created_time":"Wed Mar 15 00:35:01 +0000 2017","lang":"en","displayname":"suri_susan","time_zone":"Atlantic Time (Canada)","msg":"Happy Snowing                💗           My winter wonderful lt 3Action  💎https//tco/thaI8lhNTs"}
{"tweet_id":841809928159391745,"created_unixtime":1489538101602,"created_time":"Wed Mar 15 00:35:01 +0000 2017","lang":"en","displayname":"hunterj1597","time_zone":"Atlantic Time (Canada)","msg":"This guy is my hero https//tco/stpZaY9Jry"}
{"tweet_id":841809927651897346,"created_unixtime":1489538101481,"created_time":"Wed Mar 15 00:35:01 +0000 2017","lang":"en","displayname":"BrendaPerrott","time_zone":"Central Time (US & Canada)","msg":"RT morwennajh SAD LADY JESSE  OLDER GIRLMISSING ALL SHE KNEWPLEASE HELP TO EASE HER WORRIED MINDAND PULL THIS DARLING THROUGH… "}
{"tweet_id":841809929103011840,"created_unixtime":1489538101827,"created_time":"Wed Mar 15 00:35:01 +0000 2017","lang":"ja","displayname":"L_E_N_G","time_zone":"Pacific Time (US & Canada)","msg":"RT YugaYamato0804 💝2017 3/14❤️Happy💕🍫❤️ホワイトデー💕💓💝❤️❤️ヴァレンタイン❤️に 愛をくださった皆さんにありったけの愛をおかえしします💕ありがとう😉💕🍩🍫🍬🍪たくさんの喜びと幸せが永久に皆様を包みますように😄💕・・・❤️ ht…"}
{"tweet_id":841809926922092546,"created_unixtime":1489538101307,"created_time":"Wed Mar 15 00:35:01 +0000 2017","lang":"en","displayname":"addisonAnime","time_zone":"Pacific Time (US & Canada)","msg":"Im so sick but I got a Nico SSR from the birthday gems so Im happy https//tco/3MlYtHBFtu"}
{"tweet_id":841809929086349312,"created_unixtime":1489538101823,"created_time":"Wed Mar 15 00:35:01 +0000 2017","lang":"en","displayname":"985thecat","time_zone":"","msg":"Sad Diagnosis for Creator of SpongeBob https//tco/l8I4YQ4ZCb"}
{"tweet_id":841809929434365953,"created_unixtime":1489538101906,"created_time":"Wed Mar 15 00:35:01 +0000 2017","lang":"en","displayname":"cfisher_6","time_zone":"","msg":"RT novaJ__ Happy Birthday bro 💯 cfisher_6"}
{"tweet_id":841809929233133568,"created_unixtime":1489538101858,"created_time":"Wed Mar 15 00:35:01 +0000 2017","lang":"en","displayname":"katrinajane18","time_zone":"Pacific Time (US & Canada)","msg":"RT MatPatGT A nerdy math joke for a nerdy holidayHappy Pi Day https//tco/jRxvuScUyn"}
{"tweet_id":841809929333751808,"created_unixtime":1489538101882,"created_time":"Wed Mar 15 00:35:01 +0000 2017","lang":"en","displayname":"blackkyari","time_zone":"Pacific Time (US & Canada)","msg":"RT KSS_93 African ancestry is the most denied amp rejected This is due to global antiblackness The notion that Africans are… "}
{"tweet_id":841809928641757184,"created_unixtime":1489538101717,"created_time":"Wed Mar 15 00:35:01 +0000 2017","lang":"en","displayname":"vassko","time_zone":"Pacific Time (US & Canada)","msg":"RT NBATV RT to wish twotime MVP StephenCurry30 a Happy Birthday 🎂 https//tco/pETs3pZ4qt"}
{"tweet_id":841809929593843713,"created_unixtime":1489538101944,"created_time":"Wed Mar 15 00:35:01 +0000 2017","lang":"en","displayname":"EmilyReviewsCom","time_zone":"Quito","msg":"RT MOMITFORWARD Q6 DOES FOOD MAKE YOU HAPPY WHAT DISHES MAKE YOU THE HAPPIEST AvoHappiness GNO PLS RT"}
{"tweet_id":841809929900032000,"created_unixtime":1489538102017,"created_time":"Wed Mar 15 00:35:02 +0000 2017","lang":"en","displayname":"Deathmaster780","time_zone":"Eastern Time (US & Canada)","msg":"I like how Barry looked happy to see him"}
{"tweet_id":841809929279291393,"created_unixtime":1489538101869,"created_time":"Wed Mar 15 00:35:01 +0000 2017","lang":"en","displayname":"biloon","time_zone":"Alaska","msg":"Pie and Trumps tax returns Oh HAPPY DAY"}
{"tweet_id":841809929577086978,"created_unixtime":1489538101940,"created_time":"Wed Mar 15 00:35:01 +0000 2017","lang":"en","displayname":"sierraann288","time_zone":"Pacific Time (US & Canada)","msg":"RT iccajsullag This makes me so sad like if i lost my mans id probably die from heartbreak woman like her are so strong😭💖 https//tco/b…"}
{"tweet_id":841809929451253762,"created_unixtime":1489538101910,"created_time":"Wed Mar 15 00:35:01 +0000 2017","lang":"en","displayname":"suefulton","time_zone":"Atlantic Time (Canada)","msg":"RT robinthede Really Some are disappointed that maddow only has 2005 Like you would only be happy w/ 20 yrs of indepth tax analysis…"}
{"tweet_id":841809929778397184,"created_unixtime":1489538101988,"created_time":"Wed Mar 15 00:35:01 +0000 2017","lang":"en","displayname":"SimranGhandial","time_zone":"","msg":"RT ufobri how boring of a person do you have to be to not enjoy reading about conspiracy theories or astrology or cryptids what kinda sad…"}
{"tweet_id":841809929988108288,"created_unixtime":1489538102038,"created_time":"Wed Mar 15 00:35:02 +0000 2017","lang":"en","displayname":"ceri_weber","time_zone":"Pacific Time (US & Canada)","msg":"RT robinthede Really Some are disappointed that maddow only has 2005 Like you would only be happy w/ 20 yrs of indepth tax analysis…"}
{"tweet_id":841809930441093120,"created_unixtime":1489538102146,"created_time":"Wed Mar 15 00:35:02 +0000 2017","lang":"en","displayname":"FabolousFlacko","time_zone":"Eastern Time (US & Canada)","msg":"The fact that the swalla video will be released before the run up video is sad 😂👌 https//tco/ODMNn2Y4Be"}
{"tweet_id":841809930806034437,"created_unixtime":1489538102233,"created_time":"Wed Mar 15 00:35:02 +0000 2017","lang":"en","displayname":"emilyrios_","time_zone":"Eastern Time (US & Canada)","msg":"RT Gfriendology The fact that yerin still turning her back cs shes crying bcs she got criticized back then for fake crying by kn… "}
{"tweet_id":841809930944434176,"created_unixtime":1489538102266,"created_time":"Wed Mar 15 00:35:02 +0000 2017","lang":"en","displayname":"EvenTheOdds12","time_zone":"Eastern Time (US & Canada)","msg":"XD_ThatOneGamer Im happy to hear that you that Sometimes i get so busy that I dont check things here for days but its ok "}
{"tweet_id":841809926737543170,"created_unixtime":1489538101263,"created_time":"Wed Mar 15 00:35:01 +0000 2017","lang":"en","displayname":"hippiepunkkid","time_zone":"Atlantic Time (Canada)","msg":"before i go The Fuck To Bed i wanna tell yall i tried crunchy sushi for the first time today and i am still so happy about it"}
{"tweet_id":841809930952818689,"created_unixtime":1489538102268,"created_time":"Wed Mar 15 00:35:02 +0000 2017","lang":"en","displayname":"ErnesTafiloski","time_zone":"","msg":"RT OleePrince Happy Sunday https//tco/HvYFu0iTUh"}
{"tweet_id":841809931095412740,"created_unixtime":1489538102302,"created_time":"Wed Mar 15 00:35:02 +0000 2017","lang":"en","displayname":"KBWhiskey","time_zone":"","msg":"RT MOMITFORWARD Q6 DOES FOOD MAKE YOU HAPPY WHAT DISHES MAKE YOU THE HAPPIEST AvoHappiness GNO PLS RT"}
{"tweet_id":841809924690657280,"created_unixtime":1489538100775,"created_time":"Wed Mar 15 00:35:00 +0000 2017","lang":"en","displayname":"denisenpai","time_zone":"Singapore","msg":"happy anniv parents lt3 janamonsod eserrrjohn_ https//tco/Y1BmtzzTCL"}
{"tweet_id":841809931145773057,"created_unixtime":1489538102314,"created_time":"Wed Mar 15 00:35:02 +0000 2017","lang":"en","displayname":"mommadhouse","time_zone":"Central Time (US & Canada)","msg":"RT MOMITFORWARD Q6 DOES FOOD MAKE YOU HAPPY WHAT DISHES MAKE YOU THE HAPPIEST AvoHappiness GNO PLS RT"}
{"tweet_id":841809931573575680,"created_unixtime":1489538102416,"created_time":"Wed Mar 15 00:35:02 +0000 2017","lang":"en","displayname":"ShaneRaftery","time_zone":"Pacific Time (US & Canada)","msg":"RT Lemontree_lk So happy to win best casual Dining in Donegal pushing donegalfood restawards congrats to all donegal winners… "}
{"tweet_id":841809931670061057,"created_unixtime":1489538102439,"created_time":"Wed Mar 15 00:35:02 +0000 2017","lang":"en","displayname":"alexis_stacy","time_zone":"","msg":"RT MeninistTweet Happy pi dayThe Falcons blew a 283 lead314283  31the warriors blew a 31 lead in the NBA Finals"}
{"tweet_id":841809931472896000,"created_unixtime":1489538102392,"created_time":"Wed Mar 15 00:35:02 +0000 2017","lang":"en","displayname":"AlexRFJS","time_zone":"Pacific Time (US & Canada)","msg":"Natural Garnet Textured Silver Ring https//tco/XImuIEuSG3 etsysocial jewelryaddict fashiondiaries happy etsyaaa jewelryforsale"}
{"tweet_id":841809932148080640,"created_unixtime":1489538102553,"created_time":"Wed Mar 15 00:35:02 +0000 2017","lang":"en","displayname":"jnndllslvdr","time_zone":"","msg":"I love you so much I just want you to be happy even if that happiness no longer includes me 😊❤️"}
{"tweet_id":841809932450201600,"created_unixtime":1489538102625,"created_time":"Wed Mar 15 00:35:02 +0000 2017","lang":"en","displayname":"brutally","time_zone":"Eastern Time (US & Canada)","msg":"RT preaching my main focus is to better myself be successful and be happy so if you arent contributing to that then i dont need you i…"}
{"tweet_id":841809932596969473,"created_unixtime":1489538102660,"created_time":"Wed Mar 15 00:35:02 +0000 2017","lang":"en","displayname":"6Iackk","time_zone":"Pacific Time (US & Canada)","msg":"RT preaching if youre happy with someone forget about what everyone else says"}
{"tweet_id":841809932978540544,"created_unixtime":1489538102751,"created_time":"Wed Mar 15 00:35:02 +0000 2017","lang":"en","displayname":"honeyandlimeco","time_zone":"Pacific Time (US & Canada)","msg":"RT MOMITFORWARD Q6 DOES FOOD MAKE YOU HAPPY WHAT DISHES MAKE YOU THE HAPPIEST AvoHappiness GNO PLS RT"}
{"tweet_id":841809932794122240,"created_unixtime":1489538102707,"created_time":"Wed Mar 15 00:35:02 +0000 2017","lang":"und","displayname":"schepchenko","time_zone":"Belgrade","msg":"tvitomanka Ranja i Matija Beckovic mogu umrijet sad ovoga trena u plamenu ja cu se smijati"}
{"tweet_id":841809932991250433,"created_unixtime":1489538102754,"created_time":"Wed Mar 15 00:35:02 +0000 2017","lang":"en","displayname":"dlo3tzmany55","time_zone":"Midway Island","msg":"RT 337 Do what makes you happy and be with who makes you smile"}
{"tweet_id":841809932810915840,"created_unixtime":1489538102711,"created_time":"Wed Mar 15 00:35:02 +0000 2017","lang":"en","displayname":"williamxalex","time_zone":"Atlantic Time (Canada)","msg":"RT alexaiono My happy place☺ https//tco/pgetrNhVIp"}
{"tweet_id":841809933159038977,"created_unixtime":1489538102794,"created_time":"Wed Mar 15 00:35:02 +0000 2017","lang":"en","displayname":"lvrdbolton","time_zone":"Eastern Time (US & Canada)","msg":"sansapov oh my god an actual goddess called me pretty i can die happy"}
{"tweet_id":841809933649629185,"created_unixtime":1489538102911,"created_time":"Wed Mar 15 00:35:02 +0000 2017","lang":"ja","displayname":"Arashi22Wakana","time_zone":"","msg":"RT bluegreen_1112 Popcorn 〜 Are You Happy までの相葉雅紀のソロ曲をまとめてみました。暖かく包み込むような優しい歌声に聞いていて心が癒される… https//tco/sVEi9DdzpX"}
{"tweet_id":841809933360345088,"created_unixtime":1489538102842,"created_time":"Wed Mar 15 00:35:02 +0000 2017","lang":"en","displayname":"kbingles32","time_zone":"","msg":"RT JustAGirIThing Someone When was the last time u were truly happy Me https//tco/YTSjNOreRU"}
{"tweet_id":841809932404039681,"created_unixtime":1489538102614,"created_time":"Wed Mar 15 00:35:02 +0000 2017","lang":"en","displayname":"AndreeaGeorgi4","time_zone":"","msg":"RT VinesGot7 Happy White Day 💗 https//tco/KU4o3Urzc2"}
{"tweet_id":841809929820352512,"created_unixtime":1489538101998,"created_time":"Wed Mar 15 00:35:01 +0000 2017","lang":"en","displayname":"iShowNoFear_","time_zone":"Hawaii","msg":"RT KarmenLoveee If We Date dont worry about me cheating Im with you for a reason I only want you And when Im not happy Ill let you…"}
{"tweet_id":841809934111059971,"created_unixtime":1489538103021,"created_time":"Wed Mar 15 00:35:03 +0000 2017","lang":"en","displayname":"Littlekwii_","time_zone":"Novosibirsk","msg":"RT TFBOYS_THFANS HQ 170221 Qianxi  Happy Camp Record CrLongRoadhttps//tco/FYqD72SwXehttps//tco/DOAOddUVfy https//tco/95deLQgW22"}
{"tweet_id":841809934132101120,"created_unixtime":1489538103026,"created_time":"Wed Mar 15 00:35:03 +0000 2017","lang":"en","displayname":"xokoshulak","time_zone":"America/Toronto","msg":"Very happy I dont work tomorrow TodayismyFriday"}
{"tweet_id":841809934035652608,"created_unixtime":1489538103003,"created_time":"Wed Mar 15 00:35:03 +0000 2017","lang":"en","displayname":"Showbest7","time_zone":"","msg":"RT OleePrince Happy Sunday https//tco/HvYFu0iTUh"}
{"tweet_id":841809933884510208,"created_unixtime":1489538102967,"created_time":"Wed Mar 15 00:35:02 +0000 2017","lang":"en","displayname":"cypherpt99","time_zone":"Pacific Time (US & Canada)","msg":"RT namjoonsunrise NAMJOON LOOKS SO HAPPY AND HE IS ENJOYING LIFE https//tco/b3T9ysWTFs"}
{"tweet_id":841809934366998528,"created_unixtime":1489538103082,"created_time":"Wed Mar 15 00:35:03 +0000 2017","lang":"en","displayname":"csaanys","time_zone":"Eastern Time (US & Canada)","msg":"RT StBarnabasES That is fantastic What a great use of your CWsnowday https//tco/RfUlC2rQ2R"}
{"tweet_id":841809933792337921,"created_unixtime":1489538102945,"created_time":"Wed Mar 15 00:35:02 +0000 2017","lang":"en","displayname":"jules_124","time_zone":"Central Time (US & Canada)","msg":"Hey who knew you would make it to 18 happy birthday emilyeaston_ https//tco/jhBwcsR3G1"}
{"tweet_id":841809934530576385,"created_unixtime":1489538103121,"created_time":"Wed Mar 15 00:35:03 +0000 2017","lang":"en","displayname":"GadomskiSammie","time_zone":"","msg":"RT sarapassbrig4 happy 18th birthday suka🌚🎂🎉🎈 ILYSM💕 GadomskiSammie https//tco/4eoRB8ETse"}
{"tweet_id":841809934727622657,"created_unixtime":1489538103168,"created_time":"Wed Mar 15 00:35:03 +0000 2017","lang":"en","displayname":"HichardRerrera5","time_zone":"","msg":"cawwos happy birthday vato make it a good one brother much love❤️🎉"}
{"tweet_id":841809934710910976,"created_unixtime":1489538103164,"created_time":"Wed Mar 15 00:35:03 +0000 2017","lang":"en","displayname":"andy_allen39","time_zone":"","msg":"RT richthekid Focus on what makes you happy"}
{"tweet_id":841809934069166081,"created_unixtime":1489538103011,"created_time":"Wed Mar 15 00:35:03 +0000 2017","lang":"en","displayname":"J_BirdRamsay","time_zone":"Atlantic Time (Canada)","msg":"Sleep makes you happy forever https//tco/QwthuWRWPj"}
{"tweet_id":841809934706696192,"created_unixtime":1489538103163,"created_time":"Wed Mar 15 00:35:03 +0000 2017","lang":"en","displayname":"DunnyAlyssa","time_zone":"","msg":"I want to meet someone who makes me as happy as coffee does"}
{"tweet_id":841809934585085952,"created_unixtime":1489538103134,"created_time":"Wed Mar 15 00:35:03 +0000 2017","lang":"en","displayname":"Ionershawtyy","time_zone":"Eastern Time (US & Canada)","msg":"RT preaching my main focus is to better myself be successful and be happy so if you arent contributing to that then i dont need you i…"}
{"tweet_id":841809935214247937,"created_unixtime":1489538103284,"created_time":"Wed Mar 15 00:35:03 +0000 2017","lang":"en","displayname":"ArtfuIist","time_zone":"","msg":"RT preaching if youre happy with someone forget about what everyone else says"}
{"tweet_id":841809935197437953,"created_unixtime":1489538103280,"created_time":"Wed Mar 15 00:35:03 +0000 2017","lang":"en","displayname":"aderay82","time_zone":"Eastern Time (US & Canada)","msg":"Omggggggg que bellasss https//tco/C8YntbTMmZ"}
{"tweet_id":841809935654572033,"created_unixtime":1489538103389,"created_time":"Wed Mar 15 00:35:03 +0000 2017","lang":"en","displayname":"ArkansasTravlre","time_zone":"","msg":"RT semodu_pr Thanks for the recent follow WorldVisionDe a100radio aKteWeinstock Happy to connect  have a great Tuesday"}
{"tweet_id":841809934450802688,"created_unixtime":1489538103102,"created_time":"Wed Mar 15 00:35:03 +0000 2017","lang":"ja","displayname":"Rina_kiryuin","time_zone":"","msg":"yutakya_n キャンさんHappy Birthday🎂 https//tco/6WxxAP72BV"}
{"tweet_id":841809933364416513,"created_unixtime":1489538102843,"created_time":"Wed Mar 15 00:35:02 +0000 2017","lang":"en","displayname":"SneakersCorgi","time_zone":"Pacific Time (US & Canada)","msg":"Happy PiDay Ill take 314 pizza pies please 🍕nationalpiday nationalpieday https//tco/JsI6v7s5hj"}
{"tweet_id":841809936392814592,"created_unixtime":1489538103565,"created_time":"Wed Mar 15 00:35:03 +0000 2017","lang":"en","displayname":"Terrail214","time_zone":"","msg":"kaykay_fea happy birthday Kayla 🤗"}
{"tweet_id":841809936573206528,"created_unixtime":1489538103608,"created_time":"Wed Mar 15 00:35:03 +0000 2017","lang":"en","displayname":"fentyskingbed","time_zone":"Bucharest","msg":"RT TheEllenShow Happy PiDay https//tco/CnXZht25DU"}
{"tweet_id":841809936657055744,"created_unixtime":1489538103628,"created_time":"Wed Mar 15 00:35:03 +0000 2017","lang":"en","displayname":"scenicvibe","time_zone":"Eastern Time (US & Canada)","msg":"RT preaching my main focus is to better myself be successful and be happy so if you arent contributing to that then i dont need you i…"}
{"tweet_id":841809937298792449,"created_unixtime":1489538103781,"created_time":"Wed Mar 15 00:35:03 +0000 2017","lang":"en","displayname":"punishment","time_zone":"Central Time (US & Canada)","msg":"RT preaching if youre happy with someone forget about what everyone else says"}
{"tweet_id":841809937231667200,"created_unixtime":1489538103765,"created_time":"Wed Mar 15 00:35:03 +0000 2017","lang":"en","displayname":"trevormartin8","time_zone":"London","msg":"RT favershamfocus Happy PiDay March 14th 3/14 everyone Its about celebrating Maths Not heard of it before but sounds great"}
{"tweet_id":841809937512701953,"created_unixtime":1489538103832,"created_time":"Wed Mar 15 00:35:03 +0000 2017","lang":"en","displayname":"untrapical","time_zone":"Central Time (US & Canada)","msg":"RT preaching my main focus is to better myself be successful and be happy so if you arent contributing to that then i dont need you i…"}
{"tweet_id":841809937713971200,"created_unixtime":1489538103880,"created_time":"Wed Mar 15 00:35:03 +0000 2017","lang":"en","displayname":"Zen_Master_","time_zone":"Quito","msg":"Mood https//tco/btaEOuZ49O"}
{"tweet_id":841809937810522112,"created_unixtime":1489538103903,"created_time":"Wed Mar 15 00:35:03 +0000 2017","lang":"en","displayname":"HijackedCat","time_zone":"Lisbon","msg":"RT ltsKermit So annoying when ppl are like ur always laughin U laugh at everything Its not that funny like OK sorry Im a happy per…"}
{"tweet_id":841809937986543617,"created_unixtime":1489538103945,"created_time":"Wed Mar 15 00:35:03 +0000 2017","lang":"en","displayname":"MsFrugalMommy","time_zone":"Eastern Time (US & Canada)","msg":"RT MOMITFORWARD Q6 DOES FOOD MAKE YOU HAPPY WHAT DISHES MAKE YOU THE HAPPIEST AvoHappiness GNO PLS RT"}
{"tweet_id":841809938204647424,"created_unixtime":1489538103997,"created_time":"Wed Mar 15 00:35:03 +0000 2017","lang":"en","displayname":"abbygynee","time_zone":"Alaska","msg":"Happy Birthday sa forever kahati ko kay Jeron and Donny I love youuu bluetardheart 😘😘😭"}
{"tweet_id":841809938515148804,"created_unixtime":1489538104071,"created_time":"Wed Mar 15 00:35:04 +0000 2017","lang":"en","displayname":"oh__jenn","time_zone":"Pacific Time (US & Canada)","msg":"RT TRASH_MOBB not happy not sad kinda just floating"}
{"tweet_id":841809938615799808,"created_unixtime":1489538104095,"created_time":"Wed Mar 15 00:35:04 +0000 2017","lang":"en","displayname":"DeNatoMichael","time_zone":"","msg":"TheMarkRomano chantillybiker FAKE NEWS SAD"}
{"tweet_id":841809938791993345,"created_unixtime":1489538104137,"created_time":"Wed Mar 15 00:35:04 +0000 2017","lang":"en","displayname":"ArtfuIist","time_zone":"","msg":"RT preaching my main focus is to better myself be successful and be happy so if you arent contributing to that then i dont need you i…"}
{"tweet_id":841809938791948289,"created_unixtime":1489538104137,"created_time":"Wed Mar 15 00:35:04 +0000 2017","lang":"en","displayname":"sidebae","time_zone":"Eastern Time (US & Canada)","msg":"RT preaching if youre happy with someone forget about what everyone else says"}
{"tweet_id":841809939219677185,"created_unixtime":1489538104239,"created_time":"Wed Mar 15 00:35:04 +0000 2017","lang":"en","displayname":"skxiler","time_zone":"Pacific Time (US & Canada)","msg":"this tweet sounds shady but im just sad https//tco/YYYI5Pt0TI"}
{"tweet_id":841809939681144834,"created_unixtime":1489538104349,"created_time":"Wed Mar 15 00:35:04 +0000 2017","lang":"en","displayname":"GTEE222","time_zone":"","msg":"ryanbruss13 happy birthday🎈🎉"}
{"tweet_id":841809939836223488,"created_unixtime":1489538104386,"created_time":"Wed Mar 15 00:35:04 +0000 2017","lang":"en","displayname":"FERNANDOMEXIC0","time_zone":"Tijuana","msg":"RT StoryInPicture Happy vs Unhappy https//tco/RtxpzaqTG6"}
{"tweet_id":841809939379159040,"created_unixtime":1489538104277,"created_time":"Wed Mar 15 00:35:04 +0000 2017","lang":"en","displayname":"TheMoxieMegan","time_zone":"","msg":"So happy to finally work with one_big_boss ❤ the pictures look so great https//tco/RTxsUZJX1L"}
{"tweet_id":841809939911872512,"created_unixtime":1489538104404,"created_time":"Wed Mar 15 00:35:04 +0000 2017","lang":"en","displayname":"2000sHits","time_zone":"Eastern Time (US & Canada)","msg":"RT preaching if youre happy with someone forget about what everyone else says"}
{"tweet_id":841809939777609728,"created_unixtime":1489538104372,"created_time":"Wed Mar 15 00:35:04 +0000 2017","lang":"en","displayname":"8heatherwall8","time_zone":"Atlantic Time (Canada)","msg":"Happy bday raechellefraser throw back to our prime xoxo https//tco/tbta8ik1PS"}
{"tweet_id":841809939739865089,"created_unixtime":1489538104363,"created_time":"Wed Mar 15 00:35:04 +0000 2017","lang":"en","displayname":"VicknairMadison","time_zone":"","msg":"RT richthekid Focus on what makes you happy"}
{"tweet_id":841809940029292545,"created_unixtime":1489538104432,"created_time":"Wed Mar 15 00:35:04 +0000 2017","lang":"en","displayname":"brendake32","time_zone":"","msg":"RT LatersBabyUK miss_steele89 🎈Happy Birthday Kendra🎈"}
{"tweet_id":841809938120867845,"created_unixtime":1489538103977,"created_time":"Wed Mar 15 00:35:03 +0000 2017","lang":"en","displayname":"BigDJetguy","time_zone":"","msg":"Another happy customer ValsparAuto HouseofKolorNA MatrixFinishes https//tco/sPbqHcVOMD"}
{"tweet_id":841809939261730818,"created_unixtime":1489538104249,"created_time":"Wed Mar 15 00:35:04 +0000 2017","lang":"en","displayname":"swervo_jae","time_zone":"Central Time (US & Canada)","msg":"RT TinyButSoSassy I just tweet whatever comes to mind Doesnt necessarily mean Im sad I could be perfectly happy and have a random… "}
{"tweet_id":841809940620681218,"created_unixtime":1489538104573,"created_time":"Wed Mar 15 00:35:04 +0000 2017","lang":"en","displayname":"TasteLuxury","time_zone":"Arizona","msg":"RT preaching my main focus is to better myself be successful and be happy so if you arent contributing to that then i dont need you i…"}
{"tweet_id":841809940968742912,"created_unixtime":1489538104656,"created_time":"Wed Mar 15 00:35:04 +0000 2017","lang":"en","displayname":"EcahIsyahalizar","time_zone":"","msg":"RT hidden saying im tired when youre actually sad"}
{"tweet_id":841809929820352512,"created_unixtime":1489538101998,"created_time":"Wed Mar 15 00:35:01 +0000 2017","lang":"en","displayname":"iShowNoFear_","time_zone":"Hawaii","msg":"RT KarmenLoveee If We Date dont worry about me cheating Im with you for a reason I only want you And when Im not happy Ill let you…"}
{"tweet_id":841809940868173824,"created_unixtime":1489538104632,"created_time":"Wed Mar 15 00:35:04 +0000 2017","lang":"en","displayname":"ynahtebemsti","time_zone":"Pacific Time (US & Canada)","msg":"so so happy were gonna kill it https//tco/UrwhVU7bqv"}
{"tweet_id":841809940981403649,"created_unixtime":1489538104659,"created_time":"Wed Mar 15 00:35:04 +0000 2017","lang":"en","displayname":"TaylorHensley_","time_zone":"","msg":"thanks kenz❤️❤️ https//tco/OPXaVRmuuw"}
{"tweet_id":841809941535047680,"created_unixtime":1489538104791,"created_time":"Wed Mar 15 00:35:04 +0000 2017","lang":"en","displayname":"xocult","time_zone":"Pacific Time (US & Canada)","msg":"RT preaching if youre happy with someone forget about what everyone else says"}
{"tweet_id":841809941656625153,"created_unixtime":1489538104820,"created_time":"Wed Mar 15 00:35:04 +0000 2017","lang":"en","displayname":"finxcx","time_zone":"Pacific Time (US & Canada)","msg":"RT SincerelyTumblr So annoying when ppl are like ur always laughin U laugh at everything Its not that funny like OK sorry Im a hap…"}
{"tweet_id":841809941778255872,"created_unixtime":1489538104849,"created_time":"Wed Mar 15 00:35:04 +0000 2017","lang":"en","displayname":"Irina_solberg48","time_zone":"","msg":"All Parents Happy Because These Cartoons S3x Scene Were Not Broadcasted https//tco/txAh8yRtwD"}
{"tweet_id":841809941719592964,"created_unixtime":1489538104835,"created_time":"Wed Mar 15 00:35:04 +0000 2017","lang":"en","displayname":"JonFoget","time_zone":"","msg":"RT MWC1996 SeaDogsDK safe drive to Moncton tomorrow and I am so happy for you to be back you have no idea how happy I am to get to see u…"}
{"tweet_id":841809941371469824,"created_unixtime":1489538104752,"created_time":"Wed Mar 15 00:35:04 +0000 2017","lang":"en","displayname":"Shortie_Girl123","time_zone":"Central Time (US & Canada)","msg":"RT D_Deji28 Do you guys know why he was killed A girl lied that he raped her and her brother shot him dead https//tco/IWDVDZp3rz"}
{"tweet_id":841809941019127810,"created_unixtime":1489538104668,"created_time":"Wed Mar 15 00:35:04 +0000 2017","lang":"en","displayname":"moniicaaas","time_zone":"","msg":"Real shit https//tco/H3olmMjzvg"}
{"tweet_id":841809942264840192,"created_unixtime":1489538104965,"created_time":"Wed Mar 15 00:35:04 +0000 2017","lang":"en","displayname":"georgiapattersn","time_zone":"","msg":"RT cairdyy30  if theres even a slight chance at getting something that will make you happy risk it Lifes too short amp happiness is to…"}
{"tweet_id":841809942369652736,"created_unixtime":1489538104990,"created_time":"Wed Mar 15 00:35:04 +0000 2017","lang":"en","displayname":"aestheticdolann","time_zone":"Pacific Time (US & Canada)","msg":"happy birthday miyah💗 https//tco/5h6XjUadHt"}
{"tweet_id":841809942109683713,"created_unixtime":1489538104928,"created_time":"Wed Mar 15 00:35:04 +0000 2017","lang":"en","displayname":"rootzandculture","time_zone":"Mexico City","msg":"RT SouthPark Have some Memberberry Pie Happy Pi Day PiDay https//tco/O3m4rQisxZ"}
{"tweet_id":841809943200120832,"created_unixtime":1489538105188,"created_time":"Wed Mar 15 00:35:05 +0000 2017","lang":"en","displayname":"alenunezz4","time_zone":"","msg":"Instead of judging and criticizing ppl so heavily just be encouraging and happy with your own life ❤️✨"}
{"tweet_id":841809942768148480,"created_unixtime":1489538105085,"created_time":"Wed Mar 15 00:35:05 +0000 2017","lang":"en","displayname":"aderay82","time_zone":"Eastern Time (US & Canada)","msg":"RT LittleMix NoMoreSadSongs for REAL❌❤️ weve made a SpotifyUK playlist with some happy songs☺️ what should we add X the girl… "}
{"tweet_id":841809943074336770,"created_unixtime":1489538105158,"created_time":"Wed Mar 15 00:35:05 +0000 2017","lang":"en","displayname":"shaquitapplebum","time_zone":"Eastern Time (US & Canada)","msg":"bobs burgers amp the office make me sooooooo happy 😌"}
{"tweet_id":841809926737543170,"created_unixtime":1489538101263,"created_time":"Wed Mar 15 00:35:01 +0000 2017","lang":"en","displayname":"hippiepunkkid","time_zone":"Atlantic Time (Canada)","msg":"before i go The Fuck To Bed i wanna tell yall i tried crunchy sushi for the first time today and i am still so happy about it"}
{"tweet_id":841809942973677568,"created_unixtime":1489538105134,"created_time":"Wed Mar 15 00:35:05 +0000 2017","lang":"en","displayname":"Shadow_Lyons","time_zone":"Eastern Time (US & Canada)","msg":"Becky Lynch is on tonight I am so happy I will be getting to meet my favorite woman wrestler of SmackDown Live"}
{"tweet_id":841809943162417152,"created_unixtime":1489538105179,"created_time":"Wed Mar 15 00:35:05 +0000 2017","lang":"en","displayname":"bpolicastrii","time_zone":"Pacific Time (US & Canada)","msg":"RT WeathersbyBruh bpolicastrii Happy Birthday 😛🤘🏼🎉🎂"}
{"tweet_id":841809942290014208,"created_unixtime":1489538104971,"created_time":"Wed Mar 15 00:35:04 +0000 2017","lang":"en","displayname":"ap2pp","time_zone":"","msg":"RT MaheshNBhatt Happy birthday princess  You are my masterpiece 🌈🍄🎈❤️🎶🎶🎶🎶🎶🎶🎶🎶🎶🎶🎶 https//tco/o7RTkSqGMk"}
{"tweet_id":841809943367958533,"created_unixtime":1489538105228,"created_time":"Wed Mar 15 00:35:05 +0000 2017","lang":"en","displayname":"lustandIove","time_zone":"Pacific Time (US & Canada)","msg":"RT preaching if youre happy with someone forget about what everyone else says"}
{"tweet_id":841809943317643264,"created_unixtime":1489538105216,"created_time":"Wed Mar 15 00:35:05 +0000 2017","lang":"en","displayname":"ariannesjoyblog","time_zone":"Eastern Time (US & Canada)","msg":"HAPPY SPRING GIFT BOX~ https//tco/oMT2kyPFCZ Etsy etsyshop giftbasket happyspring customdesign handpicked"}
{"tweet_id":841809943808286720,"created_unixtime":1489538105333,"created_time":"Wed Mar 15 00:35:05 +0000 2017","lang":"en","displayname":"jeonatural","time_zone":"Midway Island","msg":"RT taestingkookie namjin looked so happy together and oUCH MY HEART https//tco/5MwvrhCsou"}
{"tweet_id":841809942575230976,"created_unixtime":1489538105039,"created_time":"Wed Mar 15 00:35:05 +0000 2017","lang":"en","displayname":"William_Horsman","time_zone":"London","msg":"Happy birthday My Cocaine https//tco/27OXA0og9s"}
{"tweet_id":841809944055762944,"created_unixtime":1489538105392,"created_time":"Wed Mar 15 00:35:05 +0000 2017","lang":"en","displayname":"TopPortlandNow","time_zone":"Pacific Time (US & Canada)","msg":"Portland trends now Vancouver I84 Happ Happy Pi Mobileye https//tco/FLGcNJVQ54"}
{"tweet_id":841809943988690947,"created_unixtime":1489538105376,"created_time":"Wed Mar 15 00:35:05 +0000 2017","lang":"en","displayname":"stanRollin","time_zone":"Pacific Time (US & Canada)","msg":"RT mxxnbins Brave girls deserve so much better Im sad"}
{"tweet_id":841809944265527301,"created_unixtime":1489538105442,"created_time":"Wed Mar 15 00:35:05 +0000 2017","lang":"en","displayname":"KanyePosts","time_zone":"Quito","msg":"RT preaching if youre happy with someone forget about what everyone else says"}
{"tweet_id":841809944043257859,"created_unixtime":1489538105389,"created_time":"Wed Mar 15 00:35:05 +0000 2017","lang":"en","displayname":"Jinx81Removing","time_zone":"Amsterdam","msg":"I always feel pretty when I get a new piercing so when it gets ruined I get really sad and think Im ugly again"}
{"tweet_id":841809944290705408,"created_unixtime":1489538105448,"created_time":"Wed Mar 15 00:35:05 +0000 2017","lang":"en","displayname":"snapchatfeels","time_zone":"Eastern Time (US & Canada)","msg":"RT preaching my main focus is to better myself be successful and be happy so if you arent contributing to that then i dont need you i…"}
{"tweet_id":841809944450088960,"created_unixtime":1489538105486,"created_time":"Wed Mar 15 00:35:05 +0000 2017","lang":"en","displayname":"Northquahog48","time_zone":"Eastern Time (US & Canada)","msg":"RT robinthede Really Some are disappointed that maddow only has 2005 Like you would only be happy w/ 20 yrs of indepth tax analysis…"}
{"tweet_id":841809944240349185,"created_unixtime":1489538105436,"created_time":"Wed Mar 15 00:35:05 +0000 2017","lang":"en","displayname":"ykantiread","time_zone":"Quito","msg":"RT RogueNASA Happy Pi Day everyone In our opinion resisting is best when accompanied by pie https//tco/bAtAww7ig3"}
{"tweet_id":841809944588476416,"created_unixtime":1489538105519,"created_time":"Wed Mar 15 00:35:05 +0000 2017","lang":"en","displayname":"DaddyP___","time_zone":"","msg":"Happy Birthday to the woman of my dreams😍 🎉kashdoll"}
{"tweet_id":841809944978440192,"created_unixtime":1489538105612,"created_time":"Wed Mar 15 00:35:05 +0000 2017","lang":"en","displayname":"bangtaesthte","time_zone":"Pacific Time (US & Canada)","msg":"RT BLACKPINK_PH Thank you to those people who supported our project for Lisa 🙏🙏🙏 https//tco/RZzpdxmGNI"}
{"tweet_id":841809944965918720,"created_unixtime":1489538105609,"created_time":"Wed Mar 15 00:35:05 +0000 2017","lang":"und","displayname":"dizzydomdom","time_zone":"Mountain Time (US & Canada)","msg":"RT haleycutie_ SAD https//tco/qlIQNmlEDF"}
{"tweet_id":841809945431429120,"created_unixtime":1489538105720,"created_time":"Wed Mar 15 00:35:05 +0000 2017","lang":"en","displayname":"HanniMelnicenko","time_zone":"London","msg":"RT sunnivaholt Stay happy superwomansquad mindset thehustlelife coach entrepreneur https//tco/ebFLNzloAV"}
{"tweet_id":841809945343414272,"created_unixtime":1489538105699,"created_time":"Wed Mar 15 00:35:05 +0000 2017","lang":"en","displayname":"sheshealvarez","time_zone":"","msg":"RT justnaddie Happy birthday bbygirllll mintedjasika Keep being smart kind and brave 💕"}
{"tweet_id":841809945305731077,"created_unixtime":1489538105690,"created_time":"Wed Mar 15 00:35:05 +0000 2017","lang":"en","displayname":"en_eye_ayy","time_zone":"Pacific Time (US & Canada)","msg":"i was so happy when jim and pam finally got together"}
{"tweet_id":841809945590935553,"created_unixtime":1489538105758,"created_time":"Wed Mar 15 00:35:05 +0000 2017","lang":"en","displayname":"peggebeen","time_zone":"","msg":"Happy Birthday to the one of the best players in the NBA https//tco/vNBZvBKmHk"}
{"tweet_id":841809946077417472,"created_unixtime":1489538105874,"created_time":"Wed Mar 15 00:35:05 +0000 2017","lang":"en","displayname":"andreslop24","time_zone":"","msg":"RT BigsFishingAdv3 This is Skyler and today is his birthday Hes a big part of our team and has helped us so much Happy birthday… "}
{"tweet_id":841809945221816320,"created_unixtime":1489538105670,"created_time":"Wed Mar 15 00:35:05 +0000 2017","lang":"en","displayname":"JoannBarnett77","time_zone":"","msg":"RT SincerelyTumblr So annoying when ppl are like ur always laughin U laugh at everything Its not that funny like OK sorry Im a hap…"}
{"tweet_id":841809945926426625,"created_unixtime":1489538105838,"created_time":"Wed Mar 15 00:35:05 +0000 2017","lang":"en","displayname":"giovannaa_xo","time_zone":"","msg":"RT britneyisamess When u sad  but then u remember who u are https//tco/AAHQVky4Kp"}
{"tweet_id":841809945926504449,"created_unixtime":1489538105838,"created_time":"Wed Mar 15 00:35:05 +0000 2017","lang":"en","displayname":"marthas505life","time_zone":"Central Time (US & Canada)","msg":"RT FedEx You say π we say pie Either way happy PiDay https//tco/A2KsHuJIAT"}
{"tweet_id":841809946266198016,"created_unixtime":1489538105919,"created_time":"Wed Mar 15 00:35:05 +0000 2017","lang":"en","displayname":"Justin50271649","time_zone":"","msg":"RT xXAutumnIvyXx Happy Tuesday guys Enjoy this shot from my newest shoot thanks to Flash Bang Pow PhotographyMore to come and… "}
{"tweet_id":841809946077495296,"created_unixtime":1489538105874,"created_time":"Wed Mar 15 00:35:05 +0000 2017","lang":"en","displayname":"AvosfromMexico","time_zone":"Pacific Time (US & Canada)","msg":"risquecoco There should be more people as happy as you Share your AvoHappiness https//tco/8px885pATe"}
{"tweet_id":841809946417205248,"created_unixtime":1489538105955,"created_time":"Wed Mar 15 00:35:05 +0000 2017","lang":"en","displayname":"KeepABadBitchh","time_zone":"Alaska","msg":"Son oh my gosh Im so happy right now its fucking unbelievable"}
{"tweet_id":841809946530443264,"created_unixtime":1489538105982,"created_time":"Wed Mar 15 00:35:05 +0000 2017","lang":"en","displayname":"deb4now","time_zone":"","msg":"TrumpsTheMan45 HuffingtonPost its sad you are so pathetic to say Im making this up and calling me a liar you are a shame Peace to you "}
{"tweet_id":841809946719195136,"created_unixtime":1489538106027,"created_time":"Wed Mar 15 00:35:06 +0000 2017","lang":"en","displayname":"NipClub","time_zone":"","msg":"Need a St Paddys Day avi for Nipclub Contact RealFakeGator  He will be happy to help https//tco/sW50Q27Ikp  Rt"}
{"tweet_id":841809947042189313,"created_unixtime":1489538106104,"created_time":"Wed Mar 15 00:35:06 +0000 2017","lang":"es","displayname":"reveveries","time_zone":"Madrid","msg":"Ale Happy Valley acabada"}
{"tweet_id":841809946790449152,"created_unixtime":1489538106044,"created_time":"Wed Mar 15 00:35:06 +0000 2017","lang":"en","displayname":"TDot2k","time_zone":"Pacific Time (US & Canada)","msg":"RT keely_maee hi this was a accidental picture and i dont know if i like it but i did my makeup today  happy spring breakkkk https…"}
{"tweet_id":841809947071528962,"created_unixtime":1489538106111,"created_time":"Wed Mar 15 00:35:06 +0000 2017","lang":"en","displayname":"selves","time_zone":"Pacific Time (US & Canada)","msg":"RT preaching my main focus is to better myself be successful and be happy so if you arent contributing to that then i dont need you i…"}
{"tweet_id":841809946899550208,"created_unixtime":1489538106070,"created_time":"Wed Mar 15 00:35:06 +0000 2017","lang":"en","displayname":"TwistedFateCB","time_zone":"","msg":"FadooBobcat smaller venues and the venues dont want it you could sell to tv and stream online like a paperview  It is really sad"}
{"tweet_id":841809947117654017,"created_unixtime":1489538106122,"created_time":"Wed Mar 15 00:35:06 +0000 2017","lang":"en","displayname":"LO911_e","time_zone":"Eastern Time (US & Canada)","msg":"RT tbhbyron i just wanna travel the world and have fun and take pictures and explore and just be happy genuinely happy"}
{"tweet_id":841809948065517569,"created_unixtime":1489538106348,"created_time":"Wed Mar 15 00:35:06 +0000 2017","lang":"en","displayname":"Ograchh_","time_zone":"Arizona","msg":"happy birthday RealGoldenKid  have a goodie rest of ur day 💗💗"}
{"tweet_id":841809947910365184,"created_unixtime":1489538106311,"created_time":"Wed Mar 15 00:35:06 +0000 2017","lang":"en","displayname":"liseve91","time_zone":"","msg":"grantgust could you wish my best friend AlonaDanger a very happy birthday"}
{"tweet_id":841809948065566721,"created_unixtime":1489538106348,"created_time":"Wed Mar 15 00:35:06 +0000 2017","lang":"en","displayname":"megggpatricia","time_zone":"Pacific Time (US & Canada)","msg":"I wonder what its like to be in a happy loyal healthy relationship Must be nice "}
{"tweet_id":841809948216451072,"created_unixtime":1489538106384,"created_time":"Wed Mar 15 00:35:06 +0000 2017","lang":"en","displayname":"ocampocassandra","time_zone":"Beijing","msg":"RT lifelikesunny Volleyverse JCManicad I feel sad for Baliton for the comments she had received She doesnt deserved the not so nice c…"}
{"tweet_id":841809948019433477,"created_unixtime":1489538106337,"created_time":"Wed Mar 15 00:35:06 +0000 2017","lang":"en","displayname":"islandcuz","time_zone":"","msg":"RT _iMcNasty Scrolled all the way to the bottom to see if yall still together Proud amp happy for you bro Keep it up for niggas… "}
{"tweet_id":841809948136759296,"created_unixtime":1489538106365,"created_time":"Wed Mar 15 00:35:06 +0000 2017","lang":"en","displayname":"HowLovelyAreWe","time_zone":"Alaska","msg":"RT lqjjk a happy bunny https//tco/BDODvRcYT1"}
{"tweet_id":841809947650330624,"created_unixtime":1489538106249,"created_time":"Wed Mar 15 00:35:06 +0000 2017","lang":"en","displayname":"KIMORELLA","time_zone":"Eastern Time (US & Canada)","msg":"RT FBIMostWanted Happy 67th Birthday to the FBI Ten Most Wanted Fugitives List created on March 14 1950 https//tco/aaf7lqVtLn"}
{"tweet_id":841809948061372417,"created_unixtime":1489538106347,"created_time":"Wed Mar 15 00:35:06 +0000 2017","lang":"en","displayname":"ShakeitoffHenry","time_zone":"Eastern Time (US & Canada)","msg":"RT fictionaIs When you’re happy to just watch a show and avoid all of the fandom negativity and ship wars https//tco/wrssmMtdJn"}
{"tweet_id":841809947922903040,"created_unixtime":1489538106314,"created_time":"Wed Mar 15 00:35:06 +0000 2017","lang":"en","displayname":"MatalineG26","time_zone":"","msg":"RT richthekid Focus on what makes you happy"}
{"tweet_id":841809946953965568,"created_unixtime":1489538106083,"created_time":"Wed Mar 15 00:35:06 +0000 2017","lang":"en","displayname":"MikeGordonRyan","time_zone":"","msg":"Happy Pi Day 314 What could be better than tweeting about social media with a pie chart hcldr Join us https//tco/EtCymsZe4H"}
{"tweet_id":841809948954640384,"created_unixtime":1489538106560,"created_time":"Wed Mar 15 00:35:06 +0000 2017","lang":"en","displayname":"ivmnvrfrzn","time_zone":"","msg":"RT ReaIGEazy all I want is a clear mind amp happy heart"}
{"tweet_id":841809948958851073,"created_unixtime":1489538106561,"created_time":"Wed Mar 15 00:35:06 +0000 2017","lang":"en","displayname":"angelz_spicez","time_zone":"","msg":"RT ellina_gen Avlem25 angelz_spicez jaysondmx OMG25_MASS SumaSarabeGirls Happy Wednesday😊 ALDUBxDTBYTugOfHearts"}
{"tweet_id":841809948279484417,"created_unixtime":1489538106399,"created_time":"Wed Mar 15 00:35:06 +0000 2017","lang":"en","displayname":"Ciruam","time_zone":"Quito","msg":"So sad  https//tco/Im7xLHP4t6"}
