{"tweet_id":841810592646160385,"created_unixtime":1489538260028,"created_time":"Wed Mar 15 00:37:40 +0000 2017","lang":"en","displayname":"jron21","time_zone":"","msg":"RT OFCALDubKoTo HAPPY WEDNESDAY 😘ALDUBxDTBYTugOfHearts https//tco/iUQrMDb2PN"}
{"tweet_id":841810592017068032,"created_unixtime":1489538259878,"created_time":"Wed Mar 15 00:37:39 +0000 2017","lang":"en","displayname":"datScottishJcat","time_zone":"London","msg":"RT officiallaurean So happy to see brianhwhittaker walked the show 🔥❤🎉 https//tco/7ZViw5h1u9"}
{"tweet_id":841810592566542338,"created_unixtime":1489538260009,"created_time":"Wed Mar 15 00:37:40 +0000 2017","lang":"en","displayname":"JH4WK872","time_zone":"Eastern Time (US & Canada)","msg":"RT MeninistTweet Happy pi dayThe Falcons blew a 283 lead314283  31the warriors blew a 31 lead in the NBA Finals"}
{"tweet_id":841810592692338688,"created_unixtime":1489538260039,"created_time":"Wed Mar 15 00:37:40 +0000 2017","lang":"en","displayname":"Dgonderman","time_zone":"Quito","msg":"laurenleto rescued both my dogs but most bought dogs are still leaving worse situations Every happy home for every dog is a good thing"}
{"tweet_id":841810593254379520,"created_unixtime":1489538260173,"created_time":"Wed Mar 15 00:37:40 +0000 2017","lang":"en","displayname":"x_ItsJustNianaa","time_zone":"Central Time (US & Canada)","msg":"Happy Birthday wayTOOLegit14"}
{"tweet_id":841810592612540416,"created_unixtime":1489538260020,"created_time":"Wed Mar 15 00:37:40 +0000 2017","lang":"en","displayname":"faithkarjala","time_zone":"","msg":"so happy the sun is out until 7 😍☀️"}
{"tweet_id":841810593157898240,"created_unixtime":1489538260150,"created_time":"Wed Mar 15 00:37:40 +0000 2017","lang":"en","displayname":"CKing5_","time_zone":"Pacific Time (US & Canada)","msg":"RT warriors DubNation please join us in wishing StephenCurry30 a very Happy Birthday 🎈 https//tco/cByjiIEk25"}
{"tweet_id":841810594240069633,"created_unixtime":1489538260408,"created_time":"Wed Mar 15 00:37:40 +0000 2017","lang":"en","displayname":"arisbaaby","time_zone":"","msg":"RT tonestradamus Like I hope everyone is healthy and happy and growing just dont do it near me youre annoying"}
{"tweet_id":841810593925476354,"created_unixtime":1489538260333,"created_time":"Wed Mar 15 00:37:40 +0000 2017","lang":"en","displayname":"_valeriemontoya","time_zone":"","msg":"RT itsindysev sad when friendships end because of crazy girlfriends / boyfriends"}
{"tweet_id":841810593644478464,"created_unixtime":1489538260266,"created_time":"Wed Mar 15 00:37:40 +0000 2017","lang":"en","displayname":"ZoeSanchez6","time_zone":"","msg":"Hiiii find new girl and be happy  https//tco/8LEeCd2eRG https//tco/DPZKfktkXi"}
{"tweet_id":841810594126823424,"created_unixtime":1489538260381,"created_time":"Wed Mar 15 00:37:40 +0000 2017","lang":"en","displayname":"trippycl0","time_zone":"Pacific Time (US & Canada)","msg":"GabeTheTexasBoy sad ur still having to subtweet ur fucking ex while shes out having a fun SB while u sit on ur phone being salty"}
{"tweet_id":841810593598300160,"created_unixtime":1489538260255,"created_time":"Wed Mar 15 00:37:40 +0000 2017","lang":"en","displayname":"1chicago_cimfam","time_zone":"Pacific Time (US & Canada)","msg":"iamthatgirl this makes me happy haha off of ur insta following LisaCim Cimorelliband SophiaBush https//tco/5MIc1bmkaq"}
{"tweet_id":841810594386837505,"created_unixtime":1489538260443,"created_time":"Wed Mar 15 00:37:40 +0000 2017","lang":"en","displayname":"ricsalgado89","time_zone":"Central Time (US & Canada)","msg":"RT TheMetalCore Metallica // Sad But True https//tco/9WLr5cUTfX"}
{"tweet_id":841810593023721472,"created_unixtime":1489538260118,"created_time":"Wed Mar 15 00:37:40 +0000 2017","lang":"und","displayname":"CoolHandSook","time_zone":"","msg":"Bonne Journée π Happy π Day ¡Feliz Día π https//tco/UWH8EkbbhV https//tco/eLNlDn8DHp"}
{"tweet_id":841810594797879296,"created_unixtime":1489538260541,"created_time":"Wed Mar 15 00:37:40 +0000 2017","lang":"en","displayname":"maddiehayse","time_zone":"","msg":"hahahahahaahh oh my gosh this is great😂 thank you j💖💖😸 https//tco/X7lLsBYiju"}
{"tweet_id":841810594873278464,"created_unixtime":1489538260559,"created_time":"Wed Mar 15 00:37:40 +0000 2017","lang":"en","displayname":"Maryfairyb","time_zone":"","msg":"andrewbogut Youre a class act Sorry you couldnt play for my Cavs 😢 Sad about your fracture God Bless"}
{"tweet_id":841810594823053312,"created_unixtime":1489538260547,"created_time":"Wed Mar 15 00:37:40 +0000 2017","lang":"en","displayname":"JayYou_3","time_zone":"Eastern Time (US & Canada)","msg":"Thanks bro Love you https//tco/W7HJ1Zj3sV"}
{"tweet_id":841810595611594752,"created_unixtime":1489538260735,"created_time":"Wed Mar 15 00:37:40 +0000 2017","lang":"en","displayname":"ColinHarkonen","time_zone":"","msg":"RT Shaun_wylie14 ColinHarkonen happy birthday harks Hope you have a great day brother❤🔥🎉🍻"}
{"tweet_id":841810596043530240,"created_unixtime":1489538260838,"created_time":"Wed Mar 15 00:37:40 +0000 2017","lang":"en","displayname":"loveleigh_teri","time_zone":"Quito","msg":"Revenge is a dish best served cold 🔲◼️◽️◾️▫️🌬happy tuesday truth tuesdaze sky… https//tco/1iwZyamRDV"}
{"tweet_id":841810595036971008,"created_unixtime":1489538260598,"created_time":"Wed Mar 15 00:37:40 +0000 2017","lang":"en","displayname":"LIGHTSKINNED231","time_zone":"","msg":"I ALWAYS DO https//tco/eZjG5ftEv6"}
{"tweet_id":841810596433559552,"created_unixtime":1489538260931,"created_time":"Wed Mar 15 00:37:40 +0000 2017","lang":"en","displayname":"kindness0278","time_zone":"","msg":"RT PBBKAHOUSE I cried I was sad I was guilty I was everything Edward MBMayWard"}
{"tweet_id":841810595758387200,"created_unixtime":1489538260770,"created_time":"Wed Mar 15 00:37:40 +0000 2017","lang":"und","displayname":"TrentonxPratt","time_zone":"Central Time (US & Canada)","msg":"🔥🔥🔥🔥 https//tco/LuDgtm4dWY"}
{"tweet_id":841810596588863489,"created_unixtime":1489538260968,"created_time":"Wed Mar 15 00:37:40 +0000 2017","lang":"en","displayname":"DnySnz","time_zone":"Eastern Time (US & Canada)","msg":"RT NathanEast QuincyDJones Happy Birthday Q https//tco/1j8uxVApTg"}
{"tweet_id":841810594521063425,"created_unixtime":1489538260475,"created_time":"Wed Mar 15 00:37:40 +0000 2017","lang":"en","displayname":"deepdishpizzza","time_zone":"Pacific Time (US & Canada)","msg":"reNewGirl because itd make these two happy and they deserve to be happy they also deserve love btw FOXTV… https//tco/uwB8kWGpsg"}
{"tweet_id":841810596781821956,"created_unixtime":1489538261014,"created_time":"Wed Mar 15 00:37:41 +0000 2017","lang":"en","displayname":"_emelydv","time_zone":"","msg":"RT troytheblackguy All she wanted to do was say happy birthday to her friend but twitter just couldnt let her live lmaooo https//tco/X…"}
{"tweet_id":841810596752433153,"created_unixtime":1489538261007,"created_time":"Wed Mar 15 00:37:41 +0000 2017","lang":"en","displayname":"Chantizzyyyyy","time_zone":"Mountain Time (US & Canada)","msg":"money dont make me happy and a fella cant make me fancy"}
{"tweet_id":841810597125750787,"created_unixtime":1489538261096,"created_time":"Wed Mar 15 00:37:41 +0000 2017","lang":"en","displayname":"KeziaCarline","time_zone":"Quito","msg":"Im a little bored by this whole  Everything is Barrys fault  mantra thats been going on this season Can we have happy Barry TheFlash"}
{"tweet_id":841810597687791617,"created_unixtime":1489538261230,"created_time":"Wed Mar 15 00:37:41 +0000 2017","lang":"en","displayname":"Ivan_wood_024","time_zone":"","msg":"Happy birthday hoer 🎂🎂lexi_graf02"}
{"tweet_id":841810596798582784,"created_unixtime":1489538261018,"created_time":"Wed Mar 15 00:37:41 +0000 2017","lang":"en","displayname":"AngeloWarEagle","time_zone":"","msg":"This must be Bannons new protégé Its sad how stupid some people can be How utterly deluded Keep drinking that… https//tco/LOX5TVULrL"}
{"tweet_id":841810597725515776,"created_unixtime":1489538261239,"created_time":"Wed Mar 15 00:37:41 +0000 2017","lang":"en","displayname":"PatcKane4","time_zone":"","msg":"MStinks10 DwightHoward prof bb player at 30  sad"}
{"tweet_id":841810595305390080,"created_unixtime":1489538260662,"created_time":"Wed Mar 15 00:37:40 +0000 2017","lang":"en","displayname":"jeremymann2345","time_zone":"","msg":"Happy birthday babexa Your finally 13 wow time flys Try not to party to hard https//tco/tzliccfRPy"}
{"tweet_id":841810597717114880,"created_unixtime":1489538261237,"created_time":"Wed Mar 15 00:37:41 +0000 2017","lang":"en","displayname":"upwithmike","time_zone":"","msg":"RT CuestionMarque Immigrants come to America seeking a progressive society they can contribute to amp prosper sad that they encounter cons…"}
{"tweet_id":841810597478043648,"created_unixtime":1489538261180,"created_time":"Wed Mar 15 00:37:41 +0000 2017","lang":"en","displayname":"beatlebutt","time_zone":"Pacific Time (US & Canada)","msg":"RT GameGrumps Happy Birthday Danny https//tco/Qc8I63RkPP"}
{"tweet_id":841810598337908736,"created_unixtime":1489538261385,"created_time":"Wed Mar 15 00:37:41 +0000 2017","lang":"en","displayname":"zaiinabbb__","time_zone":"","msg":"RT Aisha__aln Happy birthday 3lawii ❣️You are strong enough to make it through  https//tco/wOB2rV5qkI"}
{"tweet_id":841810598455320576,"created_unixtime":1489538261413,"created_time":"Wed Mar 15 00:37:41 +0000 2017","lang":"en","displayname":"fposj","time_zone":"","msg":"Its a different between bad bitches and sad bitches"}
{"tweet_id":841810597658402821,"created_unixtime":1489538261223,"created_time":"Wed Mar 15 00:37:41 +0000 2017","lang":"en","displayname":"TimBurrows1266","time_zone":"Eastern Time (US & Canada)","msg":"rva_bob Thanks Bob Happy to be back Hope youve been well"}
{"tweet_id":841810598736326656,"created_unixtime":1489538261480,"created_time":"Wed Mar 15 00:37:41 +0000 2017","lang":"en","displayname":"yve_rosario","time_zone":"Quito","msg":"RT aggmh Im really happy for everyone in healthy relationships"}
{"tweet_id":841810598304325632,"created_unixtime":1489538261377,"created_time":"Wed Mar 15 00:37:41 +0000 2017","lang":"en","displayname":"bIueguitar","time_zone":"Brasilia","msg":"SherriSaum1 a thing about Stef that you love with all your heart thefosterschat THANK U FOR SAYING HI TO MY GIRL SHES SO HAPPY lt3 n"}
{"tweet_id":841810598849609728,"created_unixtime":1489538261507,"created_time":"Wed Mar 15 00:37:41 +0000 2017","lang":"en","displayname":"charliededo","time_zone":"Pacific Time (US & Canada)","msg":"I miss you Im soo happy that we have our afternoon classes and spare together Im soo glad I got to know you better ❤❤"}
{"tweet_id":841810598589489152,"created_unixtime":1489538261445,"created_time":"Wed Mar 15 00:37:41 +0000 2017","lang":"en","displayname":"JLeeWebster","time_zone":"","msg":"But we certainly have a loonytoon delusional Tard in Olbermann tho dont we Sad how they think majority fols themE… https//tco/3Cpy8PWc9U"}
{"tweet_id":841810599021559809,"created_unixtime":1489538261548,"created_time":"Wed Mar 15 00:37:41 +0000 2017","lang":"en","displayname":"jessiecstory","time_zone":"","msg":"RT hidden saying im tired when youre actually sad"}
{"tweet_id":841810598962835456,"created_unixtime":1489538261534,"created_time":"Wed Mar 15 00:37:41 +0000 2017","lang":"en","displayname":"haleyMdurham","time_zone":"","msg":"i dont care who your with know as long as they make you happybut just know it kills me to see you with someone else"}
{"tweet_id":841810598950248448,"created_unixtime":1489538261531,"created_time":"Wed Mar 15 00:37:41 +0000 2017","lang":"en","displayname":"princefeliz","time_zone":"Eastern Time (US & Canada)","msg":"Trump Claims That Optimism In America Is ‘Great’ Because He’s Making Wealthy CEOs Happy https//tco/pFxXMZs2fr"}
{"tweet_id":841810598857998336,"created_unixtime":1489538261509,"created_time":"Wed Mar 15 00:37:41 +0000 2017","lang":"en","displayname":"GiselleChavez9","time_zone":"","msg":"RT SincerelyTumblr So annoying when ppl are like ur always laughin U laugh at everything Its not that funny like OK sorry Im a hap…"}
{"tweet_id":841810599000580096,"created_unixtime":1489538261543,"created_time":"Wed Mar 15 00:37:41 +0000 2017","lang":"en","displayname":"BigJesseFans","time_zone":"","msg":"RT jessejane Happy internationalwomensday 💜💜💜 https//tco/QsP3o5IqpJ"}
{"tweet_id":841810599063523328,"created_unixtime":1489538261558,"created_time":"Wed Mar 15 00:37:41 +0000 2017","lang":"en","displayname":"Gurmal11","time_zone":"","msg":"RT ITwingDSS May this splendid festival spread joy wealth celebration amp remove sorrows and ignorance from ur life Happy Holi Gloriou…"}
{"tweet_id":841810599323430914,"created_unixtime":1489538261620,"created_time":"Wed Mar 15 00:37:41 +0000 2017","lang":"en","displayname":"DelPomps","time_zone":"Pacific Time (US & Canada)","msg":"RT JustAGirIThing Someone When was the last time u were truly happy Me https//tco/YTSjNOreRU"}
{"tweet_id":841810599231152128,"created_unixtime":1489538261598,"created_time":"Wed Mar 15 00:37:41 +0000 2017","lang":"en","displayname":"big_a_c","time_zone":"Pacific Time (US & Canada)","msg":"Happy Pi day everyone"}
{"tweet_id":841810599696785409,"created_unixtime":1489538261709,"created_time":"Wed Mar 15 00:37:41 +0000 2017","lang":"en","displayname":"yulomarife12","time_zone":"","msg":"Happy birthday Ma 😘🎉"}
{"tweet_id":841810599751372800,"created_unixtime":1489538261722,"created_time":"Wed Mar 15 00:37:41 +0000 2017","lang":"en","displayname":"prinzezzcharmin","time_zone":"Eastern Time (US & Canada)","msg":"RT 6of6s charley_beagle 🎈🎈🎈 🎤Happy Brthday Boot You are so https//tco/nEAt2fOhgc u loads and loads  🎈💋💋💋 Have a great d… "}
{"tweet_id":841810599659094016,"created_unixtime":1489538261700,"created_time":"Wed Mar 15 00:37:41 +0000 2017","lang":"en","displayname":"Tuggy_tee","time_zone":"Hawaii","msg":"RT Tuggy_tee Hervoice__ happy birthday 😘"}
{"tweet_id":841810599466172416,"created_unixtime":1489538261654,"created_time":"Wed Mar 15 00:37:41 +0000 2017","lang":"en","displayname":"kuhhmay","time_zone":"Pacific Time (US & Canada)","msg":"RT D_Deji28 Do you guys know why he was killed A girl lied that he raped her and her brother shot him dead https//tco/IWDVDZp3rz"}
{"tweet_id":841810600187514880,"created_unixtime":1489538261826,"created_time":"Wed Mar 15 00:37:41 +0000 2017","lang":"en","displayname":"gissselleflores","time_zone":"Pacific Time (US & Canada)","msg":"RT praises i could chill at my boyfriends house amp he can spend 0 on me amp i would be happy asf yall girls crazy"}
{"tweet_id":841810600346935296,"created_unixtime":1489538261864,"created_time":"Wed Mar 15 00:37:41 +0000 2017","lang":"en","displayname":"zjmwin","time_zone":"Pacific Time (US & Canada)","msg":"RT papermagazine Watch this Versace Versus clip and bask in how totally happy zaynmalik and GiGiHadid are together… "}
{"tweet_id":841810600938283008,"created_unixtime":1489538262005,"created_time":"Wed Mar 15 00:37:42 +0000 2017","lang":"en","displayname":"LinaSkbumi","time_zone":"","msg":"RT xcintakiehlx Happy birthday Shirenny94 enjoy your special day and GBU❤"}
{"tweet_id":841810600976031745,"created_unixtime":1489538262014,"created_time":"Wed Mar 15 00:37:42 +0000 2017","lang":"in","displayname":"SaefulMuamar48","time_zone":"Bangkok","msg":"RT JKT48Pekanbaru Happy Anniv 5 Tahun F_JakBar48 Ber5amaJakBar48 semoga makin sukses kompak makin rame dan support terus officialJK…"}
{"tweet_id":841810600749592577,"created_unixtime":1489538261960,"created_time":"Wed Mar 15 00:37:41 +0000 2017","lang":"en","displayname":"desi__3","time_zone":"","msg":"RT TUWBBRecruiting Happy Birthday desi__3 ‼️ Hope youve been enjoying your special day❗️🎉🎈🍰 https//tco/yU1i5LRsNQ"}
{"tweet_id":841810600665702401,"created_unixtime":1489538261940,"created_time":"Wed Mar 15 00:37:41 +0000 2017","lang":"en","displayname":"candisleigh","time_zone":"Central Time (US & Canada)","msg":"Happy Birthday than taylorhansonmusic Thanks to you and your brothers I have memories that… https//tco/4rxmtT7eO9"}
{"tweet_id":841810601018048513,"created_unixtime":1489538262024,"created_time":"Wed Mar 15 00:37:42 +0000 2017","lang":"en","displayname":"kris3diamonds","time_zone":"","msg":"Happy Birthday BQQuinn https//tco/TmPaV5NmjX"}
{"tweet_id":841810600267272192,"created_unixtime":1489538261845,"created_time":"Wed Mar 15 00:37:41 +0000 2017","lang":"en","displayname":"itsDJBRAD","time_zone":"Atlantic Time (Canada)","msg":"Jane Lynch to Star in NBC Comedy Relatively Happy https//tco/AZ1RgydDaF https//tco/yvNDRJfElU"}
{"tweet_id":841810601462648832,"created_unixtime":1489538262130,"created_time":"Wed Mar 15 00:37:42 +0000 2017","lang":"en","displayname":"DawnLapog14","time_zone":"","msg":"RT CNN Sen Schumer on CBO report Do facts matter anymore to our colleagues to the President Does truth matter Sad a… "}
{"tweet_id":841810601504608256,"created_unixtime":1489538262140,"created_time":"Wed Mar 15 00:37:42 +0000 2017","lang":"en","displayname":"Djtheballer3","time_zone":"","msg":"Happy Birthday bro ‼️ Ball out next season ‼️"}
{"tweet_id":841810601680736256,"created_unixtime":1489538262182,"created_time":"Wed Mar 15 00:37:42 +0000 2017","lang":"en","displayname":"_Jack_jean","time_zone":"Pacific Time (US & Canada)","msg":"RT Max_Small_ happy birthday jacqeusvhsjdxhhdjes 🎉_Jack_jean"}
{"tweet_id":841810601844301824,"created_unixtime":1489538262221,"created_time":"Wed Mar 15 00:37:42 +0000 2017","lang":"en","displayname":"DZ_PUNK_","time_zone":"","msg":"RT WWERetweeting If youre happy to see The Miz RT this SDLive WWERetweeting wwe"}
{"tweet_id":841810602037141505,"created_unixtime":1489538262267,"created_time":"Wed Mar 15 00:37:42 +0000 2017","lang":"en","displayname":"Jammybear2","time_zone":"Beijing","msg":"RT japple003 Happy morning👋😘 chie_chie26 cpjayloni amyagapito11 salvadortrish21 bean_stalker888 irmaroxas3… "}
{"tweet_id":841810602213363712,"created_unixtime":1489538262309,"created_time":"Wed Mar 15 00:37:42 +0000 2017","lang":"en","displayname":"louisestaciooo","time_zone":"Beijing","msg":"Happy birthday Flolocowskie"}
{"tweet_id":841810601940787201,"created_unixtime":1489538262244,"created_time":"Wed Mar 15 00:37:42 +0000 2017","lang":"en","displayname":"farahpersaud","time_zone":"Quito","msg":"Its great when it isnt your own https//tco/XRXyLkBjw3"}
{"tweet_id":841810601965953024,"created_unixtime":1489538262250,"created_time":"Wed Mar 15 00:37:42 +0000 2017","lang":"en","displayname":"kishiaaa_","time_zone":"Eastern Time (US & Canada)","msg":"Im ok https//tco/f9U7yIUJm7"}
{"tweet_id":841810602435706881,"created_unixtime":1489538262362,"created_time":"Wed Mar 15 00:37:42 +0000 2017","lang":"en","displayname":"hornyvietnam","time_zone":"","msg":"chrispalmer CNN a 3 year old dies and you post memes SAD"}
{"tweet_id":841810602565685249,"created_unixtime":1489538262393,"created_time":"Wed Mar 15 00:37:42 +0000 2017","lang":"en","displayname":"c8_oclock","time_zone":"Pacific Time (US & Canada)","msg":"When youre not sad enough to cry but youre still pretty sad CheyenneWeber"}
{"tweet_id":841810602221834240,"created_unixtime":1489538262311,"created_time":"Wed Mar 15 00:37:42 +0000 2017","lang":"en","displayname":"NAMELESSLAX","time_zone":"Quito","msg":"RT SincerelyTumblr So annoying when ppl are like ur always laughin U laugh at everything Its not that funny like OK sorry Im a hap…"}
{"tweet_id":841810602574151685,"created_unixtime":1489538262395,"created_time":"Wed Mar 15 00:37:42 +0000 2017","lang":"en","displayname":"Yung_fendi","time_zone":"","msg":"RT TOASTOTHEGOD Its Sad When Ur Own Friends Hate On You"}
{"tweet_id":841810602339250176,"created_unixtime":1489538262339,"created_time":"Wed Mar 15 00:37:42 +0000 2017","lang":"en","displayname":"sneakyblackhat","time_zone":"","msg":"RT _shemmie_ Boogie2988 as always  sad to see you asked for your opinion on these things amp delighted to see you handle them so fairl…"}
{"tweet_id":841810602326654977,"created_unixtime":1489538262336,"created_time":"Wed Mar 15 00:37:42 +0000 2017","lang":"en","displayname":"THE__4TH","time_zone":"Pacific Time (US & Canada)","msg":"Really sad https//tco/ahFLp8oT4c"}
{"tweet_id":841810603262017538,"created_unixtime":1489538262559,"created_time":"Wed Mar 15 00:37:42 +0000 2017","lang":"en","displayname":"_bryannacastle","time_zone":"","msg":"RT SM0LBEANJIMIN I love yoongis reaction to hoseok please protect them both at all costs seeing him happy makes me so happy 😭👏💓 https…"}
{"tweet_id":841810603794612224,"created_unixtime":1489538262686,"created_time":"Wed Mar 15 00:37:42 +0000 2017","lang":"tl","displayname":"belarmino_d","time_zone":"","msg":"RT MaichardManila kayo na kayo na talaga ang HAPPY BANANAS 😂😂😂  pati saging destiny rin 😂😂🍌🍌🍌🍌aldenrichards02 mainedcm… "}
{"tweet_id":841810603631116288,"created_unixtime":1489538262647,"created_time":"Wed Mar 15 00:37:42 +0000 2017","lang":"en","displayname":"ChuckleBroNate","time_zone":"","msg":"RT KongGamingOffic To our boy TheVampsCon happy 21st man remember you said  rob  what you doing and I couldnt tell you well… "}
{"tweet_id":841810603349962752,"created_unixtime":1489538262580,"created_time":"Wed Mar 15 00:37:42 +0000 2017","lang":"en","displayname":"MarivelServin","time_zone":"","msg":"How cuuuuute 😭😭😭 Im so happy for this fishy https//tco/H9KV54YbIS"}
{"tweet_id":841810603379417088,"created_unixtime":1489538262587,"created_time":"Wed Mar 15 00:37:42 +0000 2017","lang":"en","displayname":"rev_david","time_zone":"Eastern Time (US & Canada)","msg":"Once again God was not happy gifbible https//tco/qp73UR34gd"}
{"tweet_id":841810601185804289,"created_unixtime":1489538262064,"created_time":"Wed Mar 15 00:37:42 +0000 2017","lang":"en","displayname":"matt_neill18","time_zone":"Eastern Time (US & Canada)","msg":"RT Mac_Tools We’re having a Happy ToolboxTuesday thinking of all the things we could fit in this https//tco/PhvWLRkjyF"}
{"tweet_id":841810604474040320,"created_unixtime":1489538262848,"created_time":"Wed Mar 15 00:37:42 +0000 2017","lang":"en","displayname":"virybabeyy","time_zone":"","msg":"If Yesenia comes ill be soo happy i miss this bitch lmao"}
{"tweet_id":841810604356648960,"created_unixtime":1489538262820,"created_time":"Wed Mar 15 00:37:42 +0000 2017","lang":"en","displayname":"TroyJordan256","time_zone":"","msg":"RT DrownMili I think being happy is the most important thing in life"}
{"tweet_id":841810604209897472,"created_unixtime":1489538262785,"created_time":"Wed Mar 15 00:37:42 +0000 2017","lang":"en","displayname":"hkilgore34","time_zone":"Quito","msg":"mary_jones23 Happy Birthday beautiful girl"}
{"tweet_id":841810604709031940,"created_unixtime":1489538262904,"created_time":"Wed Mar 15 00:37:42 +0000 2017","lang":"en","displayname":"Olafonda0625","time_zone":"Eastern Time (US & Canada)","msg":"wcruz73 The sad part is thats not the bills name They praise the Affordable Care Act and diss Obamacarestupid"}
{"tweet_id":841810604910305280,"created_unixtime":1489538262952,"created_time":"Wed Mar 15 00:37:42 +0000 2017","lang":"es","displayname":"Bet04sv","time_zone":"","msg":"Roymir_Beless que sad 😣"}
{"tweet_id":841810605363286016,"created_unixtime":1489538263060,"created_time":"Wed Mar 15 00:37:43 +0000 2017","lang":"en","displayname":"WhatSAPPining","time_zone":"Eastern Time (US & Canada)","msg":"RT D_Deji28 Do you guys know why he was killed A girl lied that he raped her and her brother shot him dead https//tco/IWDVDZp3rz"}
{"tweet_id":841810605698777088,"created_unixtime":1489538263140,"created_time":"Wed Mar 15 00:37:43 +0000 2017","lang":"ja","displayname":"Pearl1182","time_zone":"Tokyo","msg":"RT th41570 bornfreeonekiss ジェジュン～生Live嬉しい～❤突然でバイバイ～しか見れなかったよでも、happyジェジュンありがと› ₃ ‹♡めっちゃ大好き❤ https//tco/CZP4U60PaM"}
{"tweet_id":841810605321420800,"created_unixtime":1489538263050,"created_time":"Wed Mar 15 00:37:43 +0000 2017","lang":"en","displayname":"llblake111","time_zone":"Atlantic Time (Canada)","msg":"KirithSotheril OKIve taken 5min to calm down amp I guess at this point we should still be happy w/ 2005 I feel l… https//tco/SzkpQpifbX"}
{"tweet_id":841810605711458304,"created_unixtime":1489538263143,"created_time":"Wed Mar 15 00:37:43 +0000 2017","lang":"en","displayname":"Martin__Higgins","time_zone":"Amsterdam","msg":"RT PatricksPeople Have voted SNP for the leadership theyve shown in defending Scotlands interestsIn Scotref Im happy to stand with Y…"}
{"tweet_id":841810605443043328,"created_unixtime":1489538263079,"created_time":"Wed Mar 15 00:37:43 +0000 2017","lang":"en","displayname":"Dollfinish","time_zone":"Eastern Time (US & Canada)","msg":"Yup Would take a month https//tco/hQBi9uTpDs"}
{"tweet_id":841810606407704577,"created_unixtime":1489538263309,"created_time":"Wed Mar 15 00:37:43 +0000 2017","lang":"en","displayname":"sthurberyoung","time_zone":"","msg":"RT MomItForward Q6 DOES FOOD MAKE YOU HAPPY WHAT DISHES MAKE YOU THE HAPPIEST AvoHappiness GNO PLS RT"}
{"tweet_id":841810606806069248,"created_unixtime":1489538263404,"created_time":"Wed Mar 15 00:37:43 +0000 2017","lang":"en","displayname":"MajorMassSpec","time_zone":"","msg":"RT 4thimpact_mira We all live in a complicated world but its up to you if you will take it in a positive way or in a negative wayJust Li…"}
{"tweet_id":841810606277689345,"created_unixtime":1489538263278,"created_time":"Wed Mar 15 00:37:43 +0000 2017","lang":"en","displayname":"Evrybdywasanegg","time_zone":"","msg":"RT ActualFlatticus Its my sad duty to announce that there is no line item for bribes from Russian oligarchs on a 1040 form https//t…"}
{"tweet_id":841810606516768768,"created_unixtime":1489538263335,"created_time":"Wed Mar 15 00:37:43 +0000 2017","lang":"en","displayname":"anngieeee_","time_zone":"","msg":"RT KLafazia Super needed this today https//tco/pnyohXvlXc"}
{"tweet_id":841810605824716800,"created_unixtime":1489538263170,"created_time":"Wed Mar 15 00:37:43 +0000 2017","lang":"en","displayname":"Iris67067081","time_zone":"","msg":"RT Amber02150 🌼🍃 JenaC2 🐾😽🌾Happy Tuesday dear Jena🍃 https//tco/QIPVz4XIC6"}
{"tweet_id":841810606072172544,"created_unixtime":1489538263229,"created_time":"Wed Mar 15 00:37:43 +0000 2017","lang":"en","displayname":"bear_cave7","time_zone":"","msg":"Bear Cave would like to wish faux_kottich a happy birthday GOBEARS EmbraceTheGrind"}
{"tweet_id":841810607133360128,"created_unixtime":1489538263482,"created_time":"Wed Mar 15 00:37:43 +0000 2017","lang":"en","displayname":"Stellar_Deals","time_zone":"","msg":"Volga Boatman  Happy Hour app HOOCH free drinks w/ invite code RESERVE"}
{"tweet_id":841810607464620032,"created_unixtime":1489538263561,"created_time":"Wed Mar 15 00:37:43 +0000 2017","lang":"en","displayname":"angelinacox42","time_zone":"","msg":"RT PoeticalIylost dont feel sad over someone who gave up on you feel sorry for them because they gave up on someone who would have neve…"}
{"tweet_id":841810607548514304,"created_unixtime":1489538263581,"created_time":"Wed Mar 15 00:37:43 +0000 2017","lang":"en","displayname":"_aandrea02_","time_zone":"","msg":"RT JosephBirlem happy me sad you"}
{"tweet_id":841810607401779200,"created_unixtime":1489538263546,"created_time":"Wed Mar 15 00:37:43 +0000 2017","lang":"en","displayname":"docrocktex26","time_zone":"Central Time (US & Canada)","msg":"RT qbanqt Sits back with ☕ docrocktex26 sad thing is wont matter https//tco/oaRPTJ6QRI"}
{"tweet_id":841810607129133057,"created_unixtime":1489538263481,"created_time":"Wed Mar 15 00:37:43 +0000 2017","lang":"en","displayname":"WallTius","time_zone":"","msg":"Happy birthday Simone_Biles"}
{"tweet_id":841810607838003202,"created_unixtime":1489538263650,"created_time":"Wed Mar 15 00:37:43 +0000 2017","lang":"en","displayname":"BoiseletT","time_zone":"Amsterdam","msg":"RT delenasdragon Will ever have a happy ending That is whats most important despite everything else"}
{"tweet_id":841810606898438144,"created_unixtime":1489538263426,"created_time":"Wed Mar 15 00:37:43 +0000 2017","lang":"en","displayname":"Thor38Thor","time_zone":"","msg":"everyone wish madioatman15 happy birthday tomorrow "}
{"tweet_id":841810606218969089,"created_unixtime":1489538263264,"created_time":"Wed Mar 15 00:37:43 +0000 2017","lang":"en","displayname":"BaileyCarrigan","time_zone":"","msg":"Happy birthday dude💕 hope you had a great day🤘🏼🔞 SHEMARshmellow"}
{"tweet_id":841810608211255297,"created_unixtime":1489538263739,"created_time":"Wed Mar 15 00:37:43 +0000 2017","lang":"en","displayname":"arxanakhan","time_zone":"Pacific Time (US & Canada)","msg":"HAPPY BIRTHDAY KAVYA I LOVE YOU SO MUCH AND I HOPE TODAY WAS THE SWEEEETEST DAY EVER FOR U get it bc its pi day kavyanumburi"}
{"tweet_id":841810606852313088,"created_unixtime":1489538263415,"created_time":"Wed Mar 15 00:37:43 +0000 2017","lang":"en","displayname":"b1e56df9ce6549f","time_zone":"","msg":"RT CuestionMarque Immigrants come to America seeking a progressive society they can contribute to amp prosper sad that they encounter cons…"}
{"tweet_id":841810607942840320,"created_unixtime":1489538263675,"created_time":"Wed Mar 15 00:37:43 +0000 2017","lang":"en","displayname":"scholarboyChamp","time_zone":"Central Time (US & Canada)","msg":"RT MetroBoomin Happy 314 Day huSTLer https//tco/yiAp1DkLuO"}
{"tweet_id":841810608060301312,"created_unixtime":1489538263703,"created_time":"Wed Mar 15 00:37:43 +0000 2017","lang":"en","displayname":"CameronTate_","time_zone":"Eastern Time (US & Canada)","msg":"RT D_Deji28 Do you guys know why he was killed A girl lied that he raped her and her brother shot him dead https//tco/IWDVDZp3rz"}
{"tweet_id":841810608852893697,"created_unixtime":1489538263892,"created_time":"Wed Mar 15 00:37:43 +0000 2017","lang":"in","displayname":"HudaHo","time_zone":"Kuala Lumpur","msg":"Happy birthday bro fakhi_fendi semoga berjaya dan berkahwin cepat2 😂😂😂😂"}
{"tweet_id":841810608437747712,"created_unixtime":1489538263793,"created_time":"Wed Mar 15 00:37:43 +0000 2017","lang":"en","displayname":"QueenBDivine","time_zone":"Pacific Time (US & Canada)","msg":"RT QueenBDivine Framed inspiration niume_official https//tco/SYLPy3a2o5 Niume Art happypi bobbyryan happy parents"}
{"tweet_id":841810608668459008,"created_unixtime":1489538263848,"created_time":"Wed Mar 15 00:37:43 +0000 2017","lang":"en","displayname":"courageabbi","time_zone":"","msg":"BrxndonT happy birthday X x"}
{"tweet_id":841810608781697025,"created_unixtime":1489538263875,"created_time":"Wed Mar 15 00:37:43 +0000 2017","lang":"en","displayname":"SimpTheG","time_zone":"Atlantic Time (Canada)","msg":"Happiness is an attitude We either make ourselves miserable or happy and strong The amount of work is the same"}
{"tweet_id":841810609213739008,"created_unixtime":1489538263978,"created_time":"Wed Mar 15 00:37:43 +0000 2017","lang":"en","displayname":"dave31_sam","time_zone":"Pacific Time (US & Canada)","msg":"RT nwasikechinedu EmekaGift Happy born day nwachineke"}
{"tweet_id":841810610736250880,"created_unixtime":1489538264341,"created_time":"Wed Mar 15 00:37:44 +0000 2017","lang":"en","displayname":"____deeee","time_zone":"","msg":"RT CultureFUBU Happy Birthday Merlin SantanaRIP https//tco/0K4quO4M5g"}
{"tweet_id":841810611956789249,"created_unixtime":1489538264632,"created_time":"Wed Mar 15 00:37:44 +0000 2017","lang":"en","displayname":"xoariellalynnxo","time_zone":"Central Time (US & Canada)","msg":"rip to my phone rip to my streaks im pretty sad rn ngl "}
{"tweet_id":841810612376092672,"created_unixtime":1489538264732,"created_time":"Wed Mar 15 00:37:44 +0000 2017","lang":"en","displayname":"artfulIy","time_zone":"Pacific Time (US & Canada)","msg":"RT WhitePplQuote Wishing their parents a happy birthday on Instagram or Twitter when their parents dont have social media"}
{"tweet_id":841810612611092481,"created_unixtime":1489538264788,"created_time":"Wed Mar 15 00:37:44 +0000 2017","lang":"en","displayname":"ItzOrange_YT","time_zone":"Atlantic Time (Canada)","msg":"RT NatureNPS This is what happens when you have a building full of scientists and a laser👨🏽‍🔬👩🏾‍🔬⚡️3️⃣1️⃣4️⃣ Happy PiDay https//tco…"}
{"tweet_id":841810612615184384,"created_unixtime":1489538264789,"created_time":"Wed Mar 15 00:37:44 +0000 2017","lang":"en","displayname":"DinaTymchyshyn","time_zone":"","msg":"Happy pi day  piday pie https//tco/KICH2NKzz2"}
{"tweet_id":841810612988571648,"created_unixtime":1489538264878,"created_time":"Wed Mar 15 00:37:44 +0000 2017","lang":"en","displayname":"Chiraqq_23","time_zone":"","msg":"Happy bday to my boi StephenCurry30 🤘🏽🤘🏽‼️"}
{"tweet_id":841810609100468224,"created_unixtime":1489538263951,"created_time":"Wed Mar 15 00:37:43 +0000 2017","lang":"en","displayname":"shesoprecious__","time_zone":"","msg":"Kiddcurly_ Happy birthday famooo ✊🏾🎉"}
{"tweet_id":841810609243078658,"created_unixtime":1489538263985,"created_time":"Wed Mar 15 00:37:43 +0000 2017","lang":"en","displayname":"gdottoli","time_zone":"Quito","msg":"lexi_tomasello happy for u"}
{"tweet_id":841810609456873472,"created_unixtime":1489538264036,"created_time":"Wed Mar 15 00:37:44 +0000 2017","lang":"en","displayname":"legendaryphan","time_zone":"","msg":"AmazingPhil hey u wont ever see this but i just wanted to say i love n adore u to bits thank u so much for making me so so happy ♡"}
{"tweet_id":841810610065141760,"created_unixtime":1489538264181,"created_time":"Wed Mar 15 00:37:44 +0000 2017","lang":"en","displayname":"Taehalea","time_zone":"Eastern Time (US & Canada)","msg":"RT InstantTurnOn I just want you to be happy and maybe a little bit naked"}
{"tweet_id":841810610077761536,"created_unixtime":1489538264184,"created_time":"Wed Mar 15 00:37:44 +0000 2017","lang":"en","displayname":"von_tasia","time_zone":"","msg":"RT D_Deji28 Do you guys know why he was killed A girl lied that he raped her and her brother shot him dead https//tco/IWDVDZp3rz"}
{"tweet_id":841810610195058688,"created_unixtime":1489538264212,"created_time":"Wed Mar 15 00:37:44 +0000 2017","lang":"en","displayname":"keelianasheye","time_zone":"Pacific Time (US & Canada)","msg":"RT sleeepyzee from what ive seen most guys dont show emotion right after a break up but it hits them harder later on when the… "}
{"tweet_id":841810610128007168,"created_unixtime":1489538264196,"created_time":"Wed Mar 15 00:37:44 +0000 2017","lang":"ja","displayname":"MMDStuff","time_zone":"","msg":"RT yuzu_strawberry 海未ちゃんHappy Birthday！！弓道やっててとってもかっこいい海未ちゃん´ω｀これからもがんばれ～！！園田海未生誕祭2017 3月15日は園田海未の誕生日 祝ってくれる人RT… "}
{"tweet_id":841810610421616640,"created_unixtime":1489538264266,"created_time":"Wed Mar 15 00:37:44 +0000 2017","lang":"en","displayname":"jeonaces","time_zone":"Sydney","msg":"RT H0NEYBABEII jeonaces dongsaeng Little brother ♡ Im so happy to be your sister but pouts I rarely catch you on tl And you… "}
{"tweet_id":841810610090307584,"created_unixtime":1489538264187,"created_time":"Wed Mar 15 00:37:44 +0000 2017","lang":"en","displayname":"kenzieb0314","time_zone":"","msg":"RT Cxxmy kenzieb0314  happy birthday turn up  🎉🎉"}
{"tweet_id":841810609272414208,"created_unixtime":1489538263992,"created_time":"Wed Mar 15 00:37:43 +0000 2017","lang":"en","displayname":"oVo_Monet","time_zone":"Central Time (US & Canada)","msg":"This is what Im really tryin to be on tho 🤔👀 https//tco/2Ri59Tr9xZ"}
{"tweet_id":841810610081959936,"created_unixtime":1489538264185,"created_time":"Wed Mar 15 00:37:44 +0000 2017","lang":"en","displayname":"CharlieRatster","time_zone":"London","msg":"RT marceldesailly ChelseaFC in semi final  FA CUP so happy 😁 https//tco/RVV2oOjji5"}
{"tweet_id":841810610283282436,"created_unixtime":1489538264233,"created_time":"Wed Mar 15 00:37:44 +0000 2017","lang":"en","displayname":"myajalmonte","time_zone":"","msg":"yes yes yes 😍 https//tco/TIWT2qztaW"}
{"tweet_id":841810610627219456,"created_unixtime":1489538264315,"created_time":"Wed Mar 15 00:37:44 +0000 2017","lang":"en","displayname":"Nicole_Alvillar","time_zone":"","msg":"RT 3LIWITHTHESAUCE McSteezyPants happy birthday my mans hope you have had a great day Love you 🔥 fam"}
{"tweet_id":841810610748710912,"created_unixtime":1489538264344,"created_time":"Wed Mar 15 00:37:44 +0000 2017","lang":"en","displayname":"emilyhope_1","time_zone":"","msg":"RT ImagineErotica Dating someone is so cool like hey I like you and you like me lets hangout and have inside jokes and kiss each other a…"}
{"tweet_id":841810610916474881,"created_unixtime":1489538264384,"created_time":"Wed Mar 15 00:37:44 +0000 2017","lang":"en","displayname":"xyvale","time_zone":"Beijing","msg":"OH MY GOD ANG LAKI NG BONUS KO SHEt IM SO HAPPY I WANNA CRY THEYVE REWARDED MY HARdWORK"}
{"tweet_id":841810610589466624,"created_unixtime":1489538264306,"created_time":"Wed Mar 15 00:37:44 +0000 2017","lang":"en","displayname":"CalebFay","time_zone":"","msg":"RT cristiinna_ happy birthday 🎉 ilysm _Jack_jean https//tco/KjQoDvuRkc"}
{"tweet_id":841810607242399744,"created_unixtime":1489538263508,"created_time":"Wed Mar 15 00:37:43 +0000 2017","lang":"en","displayname":"carolineprivott","time_zone":"","msg":"happy 16th kailey bella love you and your crazy self 💘 enjoy these tb pics 😪 https//tco/Tt6WS1H8CW"}
{"tweet_id":841810611008897024,"created_unixtime":1489538264406,"created_time":"Wed Mar 15 00:37:44 +0000 2017","lang":"en","displayname":"_Jack_jean","time_zone":"Pacific Time (US & Canada)","msg":"RT ggracejoiner _Jack_jean happy birthday  hope ur having a good day 💞💘💕"}
{"tweet_id":841810610618826752,"created_unixtime":1489538264313,"created_time":"Wed Mar 15 00:37:44 +0000 2017","lang":"en","displayname":"Clever_Otter","time_zone":"Mountain Time (US & Canada)","msg":"Sad true https//tco/fwrDfIYxbC"}
{"tweet_id":841810611596058624,"created_unixtime":1489538264546,"created_time":"Wed Mar 15 00:37:44 +0000 2017","lang":"en","displayname":"lilahv","time_zone":"London","msg":"RT kashanacauley Weve all set a world record for how happy anyone can be when thinking about tax returns"}
{"tweet_id":841810611830894592,"created_unixtime":1489538264602,"created_time":"Wed Mar 15 00:37:44 +0000 2017","lang":"en","displayname":"circustiger","time_zone":"Perth","msg":"LiamGrimshawLFC happy birthday to us what has been your favourite moment i love talking nostalgia 🙂"}
{"tweet_id":841810612049051648,"created_unixtime":1489538264654,"created_time":"Wed Mar 15 00:37:44 +0000 2017","lang":"en","displayname":"Soo_Shinny","time_zone":"","msg":"RT WuYiFan_KrisBar KrisWu Wuyifan Happy White Day！Wanna get rose from our prince Kris？🌹 https//tco/YTvuo0ISVo"}
{"tweet_id":841810609029185540,"created_unixtime":1489538263934,"created_time":"Wed Mar 15 00:37:43 +0000 2017","lang":"en","displayname":"JCraigVaughn","time_zone":"Eastern Time (US & Canada)","msg":"Happy PiDay folks MathRules DoingThisForEducation https//tco/aUE7Djm5z2"}
{"tweet_id":841810612216819712,"created_unixtime":1489538264694,"created_time":"Wed Mar 15 00:37:44 +0000 2017","lang":"en","displayname":"oddest_oddity","time_zone":"","msg":"RT ArielleOrmsby Runny queso makes me sad"}
{"tweet_id":841810612644651012,"created_unixtime":1489538264796,"created_time":"Wed Mar 15 00:37:44 +0000 2017","lang":"en","displayname":"AshXOXO93","time_zone":"","msg":"Im sad I wanted to be with my bestfriend watching the challenge tonight 😩 cheetahsosexy"}
{"tweet_id":841810613068304385,"created_unixtime":1489538264897,"created_time":"Wed Mar 15 00:37:44 +0000 2017","lang":"en","displayname":"willymysunshinx","time_zone":"Pacific Time (US & Canada)","msg":"RT WeNeedFeminlsm This makes me so happy ☺️☺️ https//tco/Z98h551OvH"}
{"tweet_id":841810613563080704,"created_unixtime":1489538265015,"created_time":"Wed Mar 15 00:37:45 +0000 2017","lang":"en","displayname":"respe_asom","time_zone":"","msg":"RT Snoopy Happy 🍕 PiDay https//tco/xFVcpzje96"}
{"tweet_id":841810612535611393,"created_unixtime":1489538264770,"created_time":"Wed Mar 15 00:37:44 +0000 2017","lang":"en","displayname":"amodernmomlife","time_zone":"Central Time (US & Canada)","msg":"RT dorkysdeals This chili looks amazing 🥑 AvoHappiness GNO https//tco/NCGosOaBsn"}
{"tweet_id":841810614154584064,"created_unixtime":1489538265156,"created_time":"Wed Mar 15 00:37:45 +0000 2017","lang":"en","displayname":"bIueguitar","time_zone":"Brasilia","msg":"SherriSaum1 a thing about Stef that you love with all your heart thefosterschat THANK U FOR SAYING HI TO MY GIRL SHES SO HAPPY lt3 m"}
{"tweet_id":841810613890355202,"created_unixtime":1489538265093,"created_time":"Wed Mar 15 00:37:45 +0000 2017","lang":"en","displayname":"Gurmal11","time_zone":"","msg":"RT Gurmeetramrahim MSGwishesToArmedForces Jai Hind amp Happy Holi to the courageous Armed Forces who valiantly defend the honor of http…"}
{"tweet_id":841810614154588160,"created_unixtime":1489538265156,"created_time":"Wed Mar 15 00:37:45 +0000 2017","lang":"en","displayname":"dave31_sam","time_zone":"Pacific Time (US & Canada)","msg":"RT ChimaOkocha Happy birthday EmekaGift i wish you all the best"}
{"tweet_id":841810614154584066,"created_unixtime":1489538265156,"created_time":"Wed Mar 15 00:37:45 +0000 2017","lang":"en","displayname":"simbi__sulaiman","time_zone":"","msg":"Happy birthday🎈 _Jack_jean"}
{"tweet_id":841810613710000128,"created_unixtime":1489538265050,"created_time":"Wed Mar 15 00:37:45 +0000 2017","lang":"en","displayname":"muertepapi","time_zone":"Pacific Time (US & Canada)","msg":"Whoever rted this dumb shit onto my TL is catching my unfollow which is sad cuz I thought they were actually intell… https//tco/4cKTdNT3XJ"}
{"tweet_id":841810612732760065,"created_unixtime":1489538264817,"created_time":"Wed Mar 15 00:37:44 +0000 2017","lang":"en","displayname":"vivjack25","time_zone":"","msg":"To know that I am happy with some other guy"}
{"tweet_id":841810615513579521,"created_unixtime":1489538265480,"created_time":"Wed Mar 15 00:37:45 +0000 2017","lang":"in","displayname":"yoonsundae","time_zone":"Pacific Time (US & Canada)","msg":"jeonghan smiling  happy lex"}
{"tweet_id":841810615865901056,"created_unixtime":1489538265564,"created_time":"Wed Mar 15 00:37:45 +0000 2017","lang":"en","displayname":"paria1979","time_zone":"","msg":"bob_abooee Damnit I hate how big those things are Im happy living in the past with my 5"}
{"tweet_id":841810615819677697,"created_unixtime":1489538265553,"created_time":"Wed Mar 15 00:37:45 +0000 2017","lang":"en","displayname":"diaynrayhan","time_zone":"Pacific Time (US & Canada)","msg":"RT GameOfThrones Happy GameofThrones PiDay https//tco/N1spcVNHuw"}
{"tweet_id":841810615727456257,"created_unixtime":1489538265531,"created_time":"Wed Mar 15 00:37:45 +0000 2017","lang":"en","displayname":"Tommy_Bidwell","time_zone":"","msg":"Happy Birthday🎉🎉🎉🎉 hope it was a good one HoovlerKayla"}
{"tweet_id":841810615656165376,"created_unixtime":1489538265514,"created_time":"Wed Mar 15 00:37:45 +0000 2017","lang":"en","displayname":"MeadorTori_","time_zone":"Eastern Time (US & Canada)","msg":"RT PeachMeadows only miserable people are bullys amp thats a fact no one who is happy ever has the urge to bring others down remember t…"}
{"tweet_id":841810616494972928,"created_unixtime":1489538265714,"created_time":"Wed Mar 15 00:37:45 +0000 2017","lang":"en","displayname":"RangerSyl","time_zone":"Pacific Time (US & Canada)","msg":"whousedallnames analyticalps MAGAtrump5 Yeah I stuck my head in the sand for 8 years to avoid O So happy I dont have to see or hear"}
{"tweet_id":841810616591478784,"created_unixtime":1489538265737,"created_time":"Wed Mar 15 00:37:45 +0000 2017","lang":"en","displayname":"AprilHounsome","time_zone":"Eastern Time (US & Canada)","msg":"RT JohnBoyega Shes gonna be happy to know that Im actually a big deal in the resistance"}
{"tweet_id":841810616713150464,"created_unixtime":1489538265766,"created_time":"Wed Mar 15 00:37:45 +0000 2017","lang":"en","displayname":"ccie2106","time_zone":"Eastern Time (US & Canada)","msg":"RT CiscoLive Although irrational we still think 314 is pifect Happy PiDay everyone https//tco/Y0qNW8vvuX"}
{"tweet_id":841810616331472896,"created_unixtime":1489538265675,"created_time":"Wed Mar 15 00:37:45 +0000 2017","lang":"en","displayname":"LifeOfCath_","time_zone":"Pacific Time (US & Canada)","msg":"RT whosdapps Some people give up on life at a young age uno its sad"}
{"tweet_id":841810616876691457,"created_unixtime":1489538265805,"created_time":"Wed Mar 15 00:37:45 +0000 2017","lang":"en","displayname":"DimePaJau","time_zone":"Central Time (US & Canada)","msg":"But I heard she makes you happy so that’s fine by me"}
{"tweet_id":841810617409388544,"created_unixtime":1489538265932,"created_time":"Wed Mar 15 00:37:45 +0000 2017","lang":"en","displayname":"carrieschle","time_zone":"America/Chicago","msg":"Allison_mae00 thank you Im so happy I got to know you last year Love you"}
{"tweet_id":841810617346457600,"created_unixtime":1489538265917,"created_time":"Wed Mar 15 00:37:45 +0000 2017","lang":"en","displayname":"maddiehayse","time_zone":"","msg":"RT jadannraee Happy birthday maddiehayse glad we both outgrew our weird childhood phase 😉😜💗💗 https//tco/b7st5DzbG9"}
{"tweet_id":841810617690423296,"created_unixtime":1489538265999,"created_time":"Wed Mar 15 00:37:45 +0000 2017","lang":"en","displayname":"ohcoreyprice","time_zone":"Eastern Time (US & Canada)","msg":"SatchellDrakes In the two days theyve had to clarify their information  its makin me sad man"}
{"tweet_id":841810617665261571,"created_unixtime":1489538265993,"created_time":"Wed Mar 15 00:37:45 +0000 2017","lang":"en","displayname":"b000ro","time_zone":"Pacific Time (US & Canada)","msg":"varsity  so sad so sad"}
{"tweet_id":841810618189402112,"created_unixtime":1489538266118,"created_time":"Wed Mar 15 00:37:46 +0000 2017","lang":"en","displayname":"KarieHoltermann","time_zone":"","msg":"RT NatureNPS This is what happens when you have a building full of scientists and a laser👨🏽‍🔬👩🏾‍🔬⚡️3️⃣1️⃣4️⃣ Happy PiDay https//tco…"}
{"tweet_id":841810618265022465,"created_unixtime":1489538266136,"created_time":"Wed Mar 15 00:37:46 +0000 2017","lang":"en","displayname":"ThomasDaKingIV","time_zone":"","msg":"RT GabyCrispino i wish i could just dance to really happy music in my room all night but i have too much homework to worry about "}
{"tweet_id":841810618290167808,"created_unixtime":1489538266142,"created_time":"Wed Mar 15 00:37:46 +0000 2017","lang":"en","displayname":"beenieblanko","time_zone":"","msg":"JustinTrudeau I miss Harper and thats a sad thing to say"}
{"tweet_id":841810617954643969,"created_unixtime":1489538266062,"created_time":"Wed Mar 15 00:37:46 +0000 2017","lang":"en","displayname":"DropDeadDiana","time_zone":"Eastern Time (US & Canada)","msg":"RT bangtandochi whatever amber wants to do I hope people support her in the end if youre a fan all you want is seeing her happy m… "}
{"tweet_id":841810619124793344,"created_unixtime":1489538266341,"created_time":"Wed Mar 15 00:37:46 +0000 2017","lang":"en","displayname":"lamasjasmine","time_zone":"","msg":"RT EthanDolan happy tuesday todays vid is gonna be super different 😬"}
{"tweet_id":841810618977988608,"created_unixtime":1489538266306,"created_time":"Wed Mar 15 00:37:46 +0000 2017","lang":"en","displayname":"theyl0vetaae","time_zone":"","msg":"RT south_stanley Random FaceTimes make me happyRandom FaceTimes make me happyRandom FaceTimes make me happyRandom FaceTimes make… "}
{"tweet_id":841810619011616771,"created_unixtime":1489538266314,"created_time":"Wed Mar 15 00:37:46 +0000 2017","lang":"en","displayname":"natmizaack","time_zone":"Eastern Time (US & Canada)","msg":"UNBLOCKABLEKHi ok sis and Im happy that your 600 followers have yours"}
{"tweet_id":841810618818662400,"created_unixtime":1489538266268,"created_time":"Wed Mar 15 00:37:46 +0000 2017","lang":"en","displayname":"N_Robinson35","time_zone":"Quito","msg":"RT JayYou_3 Thanks bro Love you https//tco/W7HJ1Zj3sV"}
{"tweet_id":841810619544309765,"created_unixtime":1489538266441,"created_time":"Wed Mar 15 00:37:46 +0000 2017","lang":"en","displayname":"sheaffer_mack","time_zone":"","msg":"RT storing isnt it annoying when the only person who can make you happy is the same person who is the reason youre sad"}
{"tweet_id":841810619426865153,"created_unixtime":1489538266413,"created_time":"Wed Mar 15 00:37:46 +0000 2017","lang":"en","displayname":"niksnook57","time_zone":"","msg":"RT AuburnChamber FREE PARKING in downtown Auburn all week Happy spring break shopAuburn https//tco/ufUOvb38yZ"}
{"tweet_id":841810618369904641,"created_unixtime":1489538266161,"created_time":"Wed Mar 15 00:37:46 +0000 2017","lang":"en","displayname":"MistressOliviaP","time_zone":"","msg":"Go ahead and buy stuff for me on my new wishlist you know you want mistress to be happy RT4tat2 RTfeet  paypig https//tco/PEStjPMeKf"}
{"tweet_id":841810618810261504,"created_unixtime":1489538266266,"created_time":"Wed Mar 15 00:37:46 +0000 2017","lang":"en","displayname":"DREisDESTINED","time_zone":"Central Time (US & Canada)","msg":"RT dollartri Happy 314 day from the Zou 🐯 https//tco/IFI4WFwqH8"}
{"tweet_id":841810617904304130,"created_unixtime":1489538266050,"created_time":"Wed Mar 15 00:37:46 +0000 2017","lang":"en","displayname":"JB_Tw645","time_zone":"Pacific Time (US & Canada)","msg":"RT Faye0226 You are not funny and your attitude is sad Your mom must be proud of you https//tco/WE6km7lf7L"}
{"tweet_id":841810619955331072,"created_unixtime":1489538266539,"created_time":"Wed Mar 15 00:37:46 +0000 2017","lang":"en","displayname":"cindyBwright","time_zone":"Central Time (US & Canada)","msg":"AetnaHelp I am happy to talk with you Pls send me phone and extension"}
{"tweet_id":841810620206964736,"created_unixtime":1489538266599,"created_time":"Wed Mar 15 00:37:46 +0000 2017","lang":"en","displayname":"megstu","time_zone":"Quito","msg":"abby_lowers I feel so sad and petty about it but its barf"}
{"tweet_id":841810620425068544,"created_unixtime":1489538266651,"created_time":"Wed Mar 15 00:37:46 +0000 2017","lang":"en","displayname":"SherylCoyne","time_zone":"","msg":"vandives I am getting very bad info on truth of his REPEAL AND REPLACE  Not Happy  President needs to look closely at this"}
{"tweet_id":841810620542529536,"created_unixtime":1489538266679,"created_time":"Wed Mar 15 00:37:46 +0000 2017","lang":"en","displayname":"MadamPOTUS_","time_zone":"","msg":"RT BillNye Happy 314 Day peoples"}
{"tweet_id":841810620500594688,"created_unixtime":1489538266669,"created_time":"Wed Mar 15 00:37:46 +0000 2017","lang":"en","displayname":"___xpauline","time_zone":"Hawaii","msg":"If you dont make a effort to keep me happy Im leaving"}
{"tweet_id":841810621028941824,"created_unixtime":1489538266795,"created_time":"Wed Mar 15 00:37:46 +0000 2017","lang":"en","displayname":"KathyyyB1","time_zone":"","msg":"RT hrhpwdrblu Yung song na Cant Help Falling In Love bagay na bagay talaga sa KNs and KN Happy hump day everyone CHFILTeaserLaunch"}
{"tweet_id":841810621242970113,"created_unixtime":1489538266846,"created_time":"Wed Mar 15 00:37:46 +0000 2017","lang":"en","displayname":"lalaoicata","time_zone":"Central Time (US & Canada)","msg":"RT SincerelyTumblr So annoying when ppl are like ur always laughin U laugh at everything Its not that funny like OK sorry Im a hap…"}
{"tweet_id":841810621691707392,"created_unixtime":1489538266953,"created_time":"Wed Mar 15 00:37:46 +0000 2017","lang":"en","displayname":"HeavennLyAnn","time_zone":"","msg":"RT grayrompalo waited 18 years to get this so happy i found my prince https//tco/sm22tXkbxQ"}
{"tweet_id":841810621788225540,"created_unixtime":1489538266976,"created_time":"Wed Mar 15 00:37:46 +0000 2017","lang":"en","displayname":"jenxion","time_zone":"Pacific Time (US & Canada)","msg":"Retweeting because its actually your Birthday now so Happy Birthday PeteZahHutt https//tco/9fKmAoQByE"}
{"tweet_id":841810621985349633,"created_unixtime":1489538267023,"created_time":"Wed Mar 15 00:37:47 +0000 2017","lang":"en","displayname":"TalisaTrevino","time_zone":"","msg":"Saying Im tired when youre actually sad"}
{"tweet_id":841810622622842880,"created_unixtime":1489538267175,"created_time":"Wed Mar 15 00:37:47 +0000 2017","lang":"en","displayname":"chanivee","time_zone":"","msg":"fantagiogroup offclASTRO HAPPY HAPPY BIRTHDAY JINJIN ILYSM ❤️"}
{"tweet_id":841810622811521026,"created_unixtime":1489538267220,"created_time":"Wed Mar 15 00:37:47 +0000 2017","lang":"en","displayname":"LaurenLinto1","time_zone":"","msg":"RT Thilde_Dolan03 Give me Your beauty Please xx❤️ https//tco/37V7LIWvIC"}
{"tweet_id":841810622933217280,"created_unixtime":1489538267249,"created_time":"Wed Mar 15 00:37:47 +0000 2017","lang":"en","displayname":"sydneymcleod_","time_zone":"","msg":"RT passionfuI I high key just wanna make sure you’re happy as fuck"}
{"tweet_id":841810623461699585,"created_unixtime":1489538267375,"created_time":"Wed Mar 15 00:37:47 +0000 2017","lang":"en","displayname":"honeylove_Gero","time_zone":"","msg":"RT hrhpwdrblu Yung song na Cant Help Falling In Love bagay na bagay talaga sa KNs and KN Happy hump day everyone CHFILTeaserLaunch"}
{"tweet_id":841810623528816640,"created_unixtime":1489538267391,"created_time":"Wed Mar 15 00:37:47 +0000 2017","lang":"ja","displayname":"Hs913Ne","time_zone":"","msg":"RT lovelive_kot うみちゃーん♡Happy Birthdayヽ〃･ω･ﾉ☆ﾟ’･☆ラブアローシュート♡♡これからも大好きだよ♡園田海未生誕祭2017 園田海未好きな人RT RTした人全員フォローする… "}
{"tweet_id":841810622996070400,"created_unixtime":1489538267264,"created_time":"Wed Mar 15 00:37:47 +0000 2017","lang":"en","displayname":"kd98kd19","time_zone":"Beijing","msg":"1000 Days Anniversary 💑 Your smile has a special magic that always makes me happy Our… https//tco/h2zMUi3C0Q"}
{"tweet_id":841810623642112004,"created_unixtime":1489538267418,"created_time":"Wed Mar 15 00:37:47 +0000 2017","lang":"en","displayname":"xcrazyraerae","time_zone":"","msg":"RT AnimaIOverdose AWWWWWWWWW HES SO HAPPY https//tco/yxlSTZe9c4"}
{"tweet_id":841810623084281856,"created_unixtime":1489538267285,"created_time":"Wed Mar 15 00:37:47 +0000 2017","lang":"es","displayname":"AFONSOPURPOSE","time_zone":"Pacific Time (US & Canada)","msg":"Que sad  https//tco/60sExMLX7I"}
{"tweet_id":841810622765510656,"created_unixtime":1489538267209,"created_time":"Wed Mar 15 00:37:47 +0000 2017","lang":"en","displayname":"fl4v1Asc0tto_","time_zone":"","msg":"happy birthday patel_julia LOVE YOU💗💗💗 https//tco/H76nhyzzae"}
{"tweet_id":841810624564871168,"created_unixtime":1489538267638,"created_time":"Wed Mar 15 00:37:47 +0000 2017","lang":"en","displayname":"LilSturg_11","time_zone":"Quito","msg":"Nike_Mike7 happy birthday my man"}
{"tweet_id":841810624501944321,"created_unixtime":1489538267623,"created_time":"Wed Mar 15 00:37:47 +0000 2017","lang":"en","displayname":"Thata__Cr","time_zone":"Pacific Time (US & Canada)","msg":"offclASTRO happy birthdayarohas love you lt3"}
{"tweet_id":841810624267079681,"created_unixtime":1489538267567,"created_time":"Wed Mar 15 00:37:47 +0000 2017","lang":"en","displayname":"Jiyeonnii93","time_zone":"Pacific Time (US & Canada)","msg":"Yes but still want to kick you💜😂 https//tco/XDqlMzdtTg"}
{"tweet_id":841810624799752192,"created_unixtime":1489538267694,"created_time":"Wed Mar 15 00:37:47 +0000 2017","lang":"en","displayname":"The_Corruptt","time_zone":"Pacific Time (US & Canada)","msg":"Mr_Cooper860 so happy to have you on the team Bears 🐻 ⬇"}
{"tweet_id":841810624820719617,"created_unixtime":1489538267699,"created_time":"Wed Mar 15 00:37:47 +0000 2017","lang":"en","displayname":"eulucat","time_zone":"Santiago","msg":"to mais q happy to feliz 😍"}
{"tweet_id":841810624682311680,"created_unixtime":1489538267666,"created_time":"Wed Mar 15 00:37:47 +0000 2017","lang":"en","displayname":"dueyone24","time_zone":"","msg":"RT D_Deji28 Do you guys know why he was killed A girl lied that he raped her and her brother shot him dead https//tco/IWDVDZp3rz"}
{"tweet_id":841810625458262016,"created_unixtime":1489538267851,"created_time":"Wed Mar 15 00:37:47 +0000 2017","lang":"en","displayname":"DrVonderhuevel","time_zone":"","msg":"RT MeninistTweet Happy pi dayThe Falcons blew a 283 lead314283  31the warriors blew a 31 lead in the NBA Finals"}
{"tweet_id":841810625596542976,"created_unixtime":1489538267884,"created_time":"Wed Mar 15 00:37:47 +0000 2017","lang":"en","displayname":"dianehake","time_zone":"Pacific Time (US & Canada)","msg":"RT BoominPro Happy TonyToeTap Tuesday Heres the moment before the TonyToeTap that sent AntonioBrown and the Steelers to the… "}
{"tweet_id":841810625303072772,"created_unixtime":1489538267814,"created_time":"Wed Mar 15 00:37:47 +0000 2017","lang":"en","displayname":"yaAnnaBanana","time_zone":"","msg":"RT IntThings Do what you love and whatever makes you happy Be good to the people that are good to you Cut off negativity Dont settle…"}
{"tweet_id":841810625831493633,"created_unixtime":1489538267940,"created_time":"Wed Mar 15 00:37:47 +0000 2017","lang":"en","displayname":"leahcalvillo26","time_zone":"","msg":"How about a phone call where you actually sound happy to speak to me🙃"}
{"tweet_id":841810625214988289,"created_unixtime":1489538267793,"created_time":"Wed Mar 15 00:37:47 +0000 2017","lang":"en","displayname":"Shabbosgoy","time_zone":"Central Time (US & Canada)","msg":"The Trump tax returns story is already over Sad MAGA"}
{"tweet_id":841810625550524417,"created_unixtime":1489538267873,"created_time":"Wed Mar 15 00:37:47 +0000 2017","lang":"en","displayname":"jneracher1","time_zone":"","msg":"This is funny stuff Ms M https//tco/Ru0JDtjsIk"}
{"tweet_id":841810625475035136,"created_unixtime":1489538267855,"created_time":"Wed Mar 15 00:37:47 +0000 2017","lang":"en","displayname":"isasumn","time_zone":"","msg":"RT troytheblackguy All she wanted to do was say happy birthday to her friend but twitter just couldnt let her live lmaooo https//tco/X…"}
{"tweet_id":841810625806319618,"created_unixtime":1489538267934,"created_time":"Wed Mar 15 00:37:47 +0000 2017","lang":"ja","displayname":"MBC_kagoshima","time_zone":"Tokyo","msg":"RT gekokujo_tbs Happy  Whiteday❤️桜井家ampちゅうぼうメンバー男性陣から愛を込めて❤️Phot by 風間俊介📷風船もみんなで膨らませましたoo下剋上受験 TBS 阿部サダヲ 若旦那 皆川猿時… "}
{"tweet_id":841810626053836800,"created_unixtime":1489538267993,"created_time":"Wed Mar 15 00:37:47 +0000 2017","lang":"ja","displayname":"Akihabara_Guide","time_zone":"Hawaii","msg":"次は冴えカノ！アキバ発アイドル妄キャリ、ヲタ特有の異様な早口で語るアニメ愛＆涙のツアーファイナルレポ Billboard JAPAN Happyアイドル次は冴えカノ！アキバ発アイドル妄キャリ… https//tco/jgNNmuArvx"}
{"tweet_id":841810626594889729,"created_unixtime":1489538268122,"created_time":"Wed Mar 15 00:37:48 +0000 2017","lang":"en","displayname":"ink_addict09","time_zone":"Pacific Time (US & Canada)","msg":"RT DoubleRinNKY This little video here makes me deliriously happy and hopeful BBN  https//tco/oGsEcC9Iy8"}
{"tweet_id":841810626930343936,"created_unixtime":1489538268202,"created_time":"Wed Mar 15 00:37:48 +0000 2017","lang":"en","displayname":"bashamelrey","time_zone":"","msg":"RT lucyliciousmith Edward So happy to be here MBMayWard"}
{"tweet_id":841810626620059648,"created_unixtime":1489538268128,"created_time":"Wed Mar 15 00:37:48 +0000 2017","lang":"en","displayname":"etalampas_","time_zone":"","msg":"Happy birthday Tori Kucker I miss math with you Hope your day was great Koriiiiii_"}
{"tweet_id":841810626674610178,"created_unixtime":1489538268141,"created_time":"Wed Mar 15 00:37:48 +0000 2017","lang":"en","displayname":"Gurmal11","time_zone":"","msg":"RT Gurmeetramrahim MSGwishesToArmedForces Jai Hind amp Happy Holi to the courageous Armed Forces who valiantly defend the honor of our… "}
{"tweet_id":841810626917855232,"created_unixtime":1489538268199,"created_time":"Wed Mar 15 00:37:48 +0000 2017","lang":"en","displayname":"jacqueess__","time_zone":"Amsterdam","msg":"RT D_Deji28 Do you guys know why he was killed A girl lied that he raped her and her brother shot him dead https//tco/IWDVDZp3rz"}
{"tweet_id":841810626846572545,"created_unixtime":1489538268182,"created_time":"Wed Mar 15 00:37:48 +0000 2017","lang":"en","displayname":"leighahill5","time_zone":"","msg":"RT GraceDiMarino2 One last happy birthday just bc youre great ilysm hope your day was as great as you 💜 https//tco/x9QajwhgEf"}
{"tweet_id":841810627169419264,"created_unixtime":1489538268259,"created_time":"Wed Mar 15 00:37:48 +0000 2017","lang":"en","displayname":"CooIAnime","time_zone":"Eastern Time (US & Canada)","msg":"RT CooIAnime Happy White Day everyone https//tco/QUzdludA1K"}
{"tweet_id":841810626968195072,"created_unixtime":1489538268211,"created_time":"Wed Mar 15 00:37:48 +0000 2017","lang":"en","displayname":"KRabalais","time_zone":"Eastern Time (US & Canada)","msg":"RT taytartay Fake news Lies Sad https//tco/PQbS5CHZSs"}
{"tweet_id":841810627169521664,"created_unixtime":1489538268259,"created_time":"Wed Mar 15 00:37:48 +0000 2017","lang":"en","displayname":"LaganjaEstranja","time_zone":"Pacific Time (US & Canada)","msg":"RT jessXDica Actually happy I got the 7 plus cause now I can watch LaganjaEstranja slam her bussy to the ground on a bigger screen"}
{"tweet_id":841810626330693633,"created_unixtime":1489538268059,"created_time":"Wed Mar 15 00:37:48 +0000 2017","lang":"en","displayname":"artnyoung","time_zone":"Singapore","msg":"📍impt pictures i need to be reminded of amp impt videos that make me happy 📍"}
{"tweet_id":841810627173707776,"created_unixtime":1489538268260,"created_time":"Wed Mar 15 00:37:48 +0000 2017","lang":"en","displayname":"ChefWaites","time_zone":"Eastern Time (US & Canada)","msg":"Rest In Peace https//tco/WWIBBseVNo"}
{"tweet_id":841810625676337154,"created_unixtime":1489538267903,"created_time":"Wed Mar 15 00:37:47 +0000 2017","lang":"en","displayname":"CourteneyLarue","time_zone":"Eastern Time (US & Canada)","msg":"Thank you 😘😘 https//tco/zms9XHReh7"}
{"tweet_id":841810627999997953,"created_unixtime":1489538268457,"created_time":"Wed Mar 15 00:37:48 +0000 2017","lang":"en","displayname":"ReginaMBrazil","time_zone":"Greenland","msg":"RT himabista Happy Birthday genius  AlbertEinstein at MyCoffeeChats https//tco/Du90yhYcG7"}
{"tweet_id":841810628276768768,"created_unixtime":1489538268523,"created_time":"Wed Mar 15 00:37:48 +0000 2017","lang":"en","displayname":"Mutiarasari3796","time_zone":"","msg":"RT kinalJKT48 Happy Graduation My dear friend Jessica Vania love you selalumy best crime partner… https//tco/VBdhZAdCAh"}
{"tweet_id":841810628197011456,"created_unixtime":1489538268504,"created_time":"Wed Mar 15 00:37:48 +0000 2017","lang":"en","displayname":"portlandronpaul","time_zone":"","msg":"RT RWPUSA Another White House ethics complaint from our team at CREW  Sad https//tco/jm2kvIUMhH"}
{"tweet_id":841810628931121152,"created_unixtime":1489538268679,"created_time":"Wed Mar 15 00:37:48 +0000 2017","lang":"en","displayname":"eatonam","time_zone":"Atlantic Time (Canada)","msg":"Or their just gonna kill em Im so happy the reverse jinks worked"}
{"tweet_id":841810629438631936,"created_unixtime":1489538268800,"created_time":"Wed Mar 15 00:37:48 +0000 2017","lang":"en","displayname":"kkerra_","time_zone":"","msg":"Choose happy"}
{"tweet_id":841810629623132160,"created_unixtime":1489538268844,"created_time":"Wed Mar 15 00:37:48 +0000 2017","lang":"en","displayname":"CinniCSyd","time_zone":"Pacific Time (US & Canada)","msg":"Y she so sadthats the real question https//tco/lMSrRzgccp"}
{"tweet_id":841810629757353984,"created_unixtime":1489538268876,"created_time":"Wed Mar 15 00:37:48 +0000 2017","lang":"en","displayname":"IkedaHelen","time_zone":"","msg":"RT Avlem25 OFCALDubKoTo   Happy wednesday kaAldub Spread love peace and unity have a nice day everyone 🌞     ALDUBxDTBYTugOfHearts"}
{"tweet_id":841810629916741633,"created_unixtime":1489538268914,"created_time":"Wed Mar 15 00:37:48 +0000 2017","lang":"en","displayname":"hayjoe14","time_zone":"","msg":"RT jacobagley Happy birthday you sexy beast 😘😍 hayjoe14 youre an animal on the slopes 🎿 https//tco/WaxJXQrrXu"}
{"tweet_id":841810629677744128,"created_unixtime":1489538268857,"created_time":"Wed Mar 15 00:37:48 +0000 2017","lang":"en","displayname":"grigory_rasput","time_zone":"","msg":"RT 4nti3stab shl Lovablejerk07 realDonaldTrump RandPaul Oh sorry yes I forgot CNN isnt covering it so you dont know Sad"}
{"tweet_id":841810629304434688,"created_unixtime":1489538268768,"created_time":"Wed Mar 15 00:37:48 +0000 2017","lang":"en","displayname":"Walkerchapin19","time_zone":"","msg":"Happy 20th birthday kevo I love you my man thekevinharkins"}
{"tweet_id":841810630050906112,"created_unixtime":1489538268946,"created_time":"Wed Mar 15 00:37:48 +0000 2017","lang":"ja","displayname":"s15108202","time_zone":"","msg":"RT papapanda_0725 167日目・ω・Happy Whiteday♡ホワイトデー ぱんだの1日1絵 https//tco/6gDfiy5A8W"}
{"tweet_id":841810629958766592,"created_unixtime":1489538268924,"created_time":"Wed Mar 15 00:37:48 +0000 2017","lang":"en","displayname":"laurentriska","time_zone":"","msg":"devvincorrwin YouNow im sad now"}
{"tweet_id":841810629623070720,"created_unixtime":1489538268844,"created_time":"Wed Mar 15 00:37:48 +0000 2017","lang":"en","displayname":"its_melody02","time_zone":"","msg":"Pretty happy with my softball pictures this year 😎💪🏼⚾️ https//tco/HKcKLlqq5Q"}
{"tweet_id":841810630415806464,"created_unixtime":1489538269033,"created_time":"Wed Mar 15 00:37:49 +0000 2017","lang":"en","displayname":"tjstaffing","time_zone":"","msg":"dickc dont be a buzzkill Dick Happy thoughts"}
{"tweet_id":841810630260752387,"created_unixtime":1489538268996,"created_time":"Wed Mar 15 00:37:48 +0000 2017","lang":"en","displayname":"mitthrawnuruodo","time_zone":"Belgrade","msg":"mitthrawnuruodo i accomplished all of these except the last one even tho im lying in bed also logam was rlly got yet very sad"}
{"tweet_id":841810630533357568,"created_unixtime":1489538269061,"created_time":"Wed Mar 15 00:37:49 +0000 2017","lang":"en","displayname":"anonmessagee","time_zone":"","msg":"I love andy_lincoIn and she deserves all that is good and she makes me happy"}
{"tweet_id":841810630369767424,"created_unixtime":1489538269022,"created_time":"Wed Mar 15 00:37:49 +0000 2017","lang":"en","displayname":"9one2music","time_zone":"Atlantic Time (Canada)","msg":"NowPlaying Die A Happy Man  Thomas Rhett https//tco/i26juaq6yU i912radio 912music 1937"}
{"tweet_id":841810630986293248,"created_unixtime":1489538269169,"created_time":"Wed Mar 15 00:37:49 +0000 2017","lang":"en","displayname":"pooorfangirl","time_zone":"","msg":"RT offclASTRO_6 [PIC] 170315 Fantagio Official Fancafe Update Happy Birthday 아스트로 JinJjn 2HappyJinJinDay https//tco/Kkm4ikvQ5N"}
{"tweet_id":841810630596296705,"created_unixtime":1489538269076,"created_time":"Wed Mar 15 00:37:49 +0000 2017","lang":"en","displayname":"StellaGarrix","time_zone":"","msg":"RT coupdebanks Happy anniversary to the Bullet Club Four years already 🎉🎉 https//tco/0FRBcizstb"}
{"tweet_id":841810631539998720,"created_unixtime":1489538269301,"created_time":"Wed Mar 15 00:37:49 +0000 2017","lang":"en","displayname":"shawnyray","time_zone":"Amsterdam","msg":"aturnbull179 u are not happy Youre Dopey"}
{"tweet_id":841810631514808320,"created_unixtime":1489538269295,"created_time":"Wed Mar 15 00:37:49 +0000 2017","lang":"en","displayname":"Elzuhiri__","time_zone":"","msg":"RT Elzuhiri__ Ill never make ya sad 💙 https//tco/OKrr3gy4KG"}
{"tweet_id":841810631611293697,"created_unixtime":1489538269318,"created_time":"Wed Mar 15 00:37:49 +0000 2017","lang":"en","displayname":"_AbsOriginal_","time_zone":"Amsterdam","msg":"RT Stormzy1 Do what makes you happy mate"}
{"tweet_id":841810631565139968,"created_unixtime":1489538269307,"created_time":"Wed Mar 15 00:37:49 +0000 2017","lang":"en","displayname":"thedoski_","time_zone":"","msg":"RT terrikibiriti The only time arsenal fans seem to be happy on this TL is when they have an away goal against Bayern  https//tco/zdvO…"}
{"tweet_id":841810631489540096,"created_unixtime":1489538269289,"created_time":"Wed Mar 15 00:37:49 +0000 2017","lang":"en","displayname":"kaydennduke_","time_zone":"","msg":"RT preaching my main focus is to better myself be successful and be happy so if you arent contributing to that then i dont need you i…"}
{"tweet_id":841810631850311680,"created_unixtime":1489538269375,"created_time":"Wed Mar 15 00:37:49 +0000 2017","lang":"ja","displayname":"irisuandhuruura","time_zone":"","msg":"RT poosan1125 海未ちゃんお誕生日ｵﾒﾃﾞﾄ ヽ｀･ω･´ﾉ ｲｪｲHappy Birthday☆｡ﾟ園田海未生誕祭2017 園田海未生誕祭 3月15日は園田海未の誕生日 RTした人全員フォローする https//tco…"}
{"tweet_id":841810630784962560,"created_unixtime":1489538269121,"created_time":"Wed Mar 15 00:37:49 +0000 2017","lang":"en","displayname":"OtakuDot","time_zone":"Pacific Time (US & Canada)","msg":"After all even if we look different the shape of your heart that loves others is the same  Happys mom FT"}
{"tweet_id":841810632060084224,"created_unixtime":1489538269425,"created_time":"Wed Mar 15 00:37:49 +0000 2017","lang":"en","displayname":"mika_kaye","time_zone":"","msg":"RT hannatkinson My only goal in life right now is to be genuinely happy"}
{"tweet_id":841810632269791232,"created_unixtime":1489538269475,"created_time":"Wed Mar 15 00:37:49 +0000 2017","lang":"en","displayname":"PANASONICBUNNY","time_zone":"London","msg":"JuicyJules69me HAPPY BIRTHDAY TO YOU HAPPY BIRTHDAY TO YOU HAPPY BIRTHDAY TO YOU HAPPY BIRTHDAY DEAR JUICYHave a good day xxx"}
{"tweet_id":841810632110415872,"created_unixtime":1489538269437,"created_time":"Wed Mar 15 00:37:49 +0000 2017","lang":"en","displayname":"marissaxocx","time_zone":"Eastern Time (US & Canada)","msg":"Im sad i havnt been to the gym in two days  really messed up my streak fuccckk the snow "}
{"tweet_id":841810632303366144,"created_unixtime":1489538269483,"created_time":"Wed Mar 15 00:37:49 +0000 2017","lang":"en","displayname":"jngdaesgf","time_zone":"Eastern Time (US & Canada)","msg":"RT FEATYONGGUK himchan always takes care of the members and makes sure that theyre happy and loved baps actual sunshine https//tco/b…"}
{"tweet_id":841810632718594049,"created_unixtime":1489538269582,"created_time":"Wed Mar 15 00:37:49 +0000 2017","lang":"en","displayname":"ShannonDingle","time_zone":"Eastern Time (US & Canada)","msg":"RT kashanacauley Weve all set a world record for how happy anyone can be when thinking about tax returns"}
{"tweet_id":841810632928317441,"created_unixtime":1489538269632,"created_time":"Wed Mar 15 00:37:49 +0000 2017","lang":"en","displayname":"bIueguitar","time_zone":"Brasilia","msg":"SherriSaum1 a thing about Stef that you love with all your heart thefosterschat THANK U FOR SAYING HI TO MY GIRL SHES SO HAPPY lt3 3"}
{"tweet_id":841810632701808640,"created_unixtime":1489538269578,"created_time":"Wed Mar 15 00:37:49 +0000 2017","lang":"en","displayname":"jamiemas616","time_zone":"","msg":"RT caraaamel28 as much as I hate having snow in the middle of march it gave me time to catch up on my sleep amp Netflix so Im happy"}
{"tweet_id":841810633020583944,"created_unixtime":1489538269654,"created_time":"Wed Mar 15 00:37:49 +0000 2017","lang":"en","displayname":"EmaElgotas_18","time_zone":"","msg":"RT kanyefeeI its sad to see a good person change"}
{"tweet_id":841810633544896512,"created_unixtime":1489538269779,"created_time":"Wed Mar 15 00:37:49 +0000 2017","lang":"en","displayname":"watashumika","time_zone":"Pacific Time (US & Canada)","msg":"RT ghostdolls if happy elements wont provide me with shu content ill just have to provide myself with it https//tco/uwf8iDbvrO"}
{"tweet_id":841810633515393025,"created_unixtime":1489538269772,"created_time":"Wed Mar 15 00:37:49 +0000 2017","lang":"en","displayname":"missb62","time_zone":"Mountain Time (US & Canada)","msg":"RT NASA Its PiDay It may be irrational but pi plays an important role in the work of scientists at NASA… "}
{"tweet_id":841810633809051648,"created_unixtime":1489538269842,"created_time":"Wed Mar 15 00:37:49 +0000 2017","lang":"tl","displayname":"rockychel1992","time_zone":"","msg":"RT MaichardManila kayo na kayo na talaga ang HAPPY BANANAS 😂😂😂  pati saging destiny rin 😂😂🍌🍌🍌🍌aldenrichards02 mainedcm… "}
{"tweet_id":841810632915709952,"created_unixtime":1489538269629,"created_time":"Wed Mar 15 00:37:49 +0000 2017","lang":"en","displayname":"adm0","time_zone":"","msg":"RT JFD1960 I lost my torch Most people would be sad but Im delighted"}
{"tweet_id":841810633460977664,"created_unixtime":1489538269759,"created_time":"Wed Mar 15 00:37:49 +0000 2017","lang":"en","displayname":"ivanacaki","time_zone":"","msg":"RT JeanetteEliz Happy Tuesday everyone 😊 Have a beautiful March day 💝🌺💕 https//tco/3UWFDFAAU4"}
{"tweet_id":841810633620348928,"created_unixtime":1489538269797,"created_time":"Wed Mar 15 00:37:49 +0000 2017","lang":"en","displayname":"itsALICEduh","time_zone":"Central Time (US & Canada)","msg":"RT DesolarTV LIVEGood Evening and Happy Pi Day IM BAAAAACK LETS CATCH UPFTABeam IgniteStreamshttps//tco/d2qSxgygxK https//t…"}
{"tweet_id":841810634077556736,"created_unixtime":1489538269906,"created_time":"Wed Mar 15 00:37:49 +0000 2017","lang":"en","displayname":"alotstot","time_zone":"","msg":"RT chelscristtt cut off the toxic people in your life and watch how happy you become"}
{"tweet_id":841810634413084673,"created_unixtime":1489538269986,"created_time":"Wed Mar 15 00:37:49 +0000 2017","lang":"en","displayname":"manngurleen","time_zone":"Eastern Time (US & Canada)","msg":"RT Gurmeetramrahim MSGwishing all a Happy International Women’s Day May all the daughters prosper amp be blessed with lots of courage O…"}
{"tweet_id":841810634777993216,"created_unixtime":1489538270073,"created_time":"Wed Mar 15 00:37:50 +0000 2017","lang":"en","displayname":"pauleth_armenta","time_zone":"","msg":"Tez Can you make me more happy with answering my DMTAWA🔥❤️I love you ❤️ https//tco/GnecKBOXD1"}
{"tweet_id":841810635650404352,"created_unixtime":1489538270281,"created_time":"Wed Mar 15 00:37:50 +0000 2017","lang":"en","displayname":"icunvmia","time_zone":"Quito","msg":"I would be lying if I said I wasnt happy rn"}
{"tweet_id":841810635604152322,"created_unixtime":1489538270270,"created_time":"Wed Mar 15 00:37:50 +0000 2017","lang":"en","displayname":"khausalya_19","time_zone":"","msg":"Talking to Safina make me so happy idk why"}
{"tweet_id":841810635830767617,"created_unixtime":1489538270324,"created_time":"Wed Mar 15 00:37:50 +0000 2017","lang":"en","displayname":"Miller_Sara13","time_zone":"","msg":"RT ashazuniga Happy Birthday pretty girl 💜 Miller_Sara13"}
{"tweet_id":841810636040486913,"created_unixtime":1489538270374,"created_time":"Wed Mar 15 00:37:50 +0000 2017","lang":"en","displayname":"kfrijole","time_zone":"","msg":"RBrex2022 So happy to hear of your move to New England All the best to you amp Danielle Huskers TeamJack"}
{"tweet_id":841810636170436608,"created_unixtime":1489538270405,"created_time":"Wed Mar 15 00:37:50 +0000 2017","lang":"en","displayname":"cascadebrewing","time_zone":"Pacific Time (US & Canada)","msg":"Stefany_Joy Happy early birthday"}
{"tweet_id":841810635138637824,"created_unixtime":1489538270159,"created_time":"Wed Mar 15 00:37:50 +0000 2017","lang":"en","displayname":"ancabador","time_zone":"Hong Kong","msg":"Happy white day Frm OZ 🇰🇷 https//tco/VYuhFGTZAu"}
{"tweet_id":841810636128571392,"created_unixtime":1489538270395,"created_time":"Wed Mar 15 00:37:50 +0000 2017","lang":"en","displayname":"sydneyboddie_","time_zone":"Central Time (US & Canada)","msg":"RT natrelltg12 sydneyboddie_ happy birthday my g🎉🎉🎉"}
{"tweet_id":841810635281293312,"created_unixtime":1489538270193,"created_time":"Wed Mar 15 00:37:50 +0000 2017","lang":"en","displayname":"Timcanpies","time_zone":"Pacific Time (US & Canada)","msg":"HAPPY BIRTHDAY UMI I LOVE U https//tco/qCAHP6u5cs"}
{"tweet_id":841810636308901888,"created_unixtime":1489538270438,"created_time":"Wed Mar 15 00:37:50 +0000 2017","lang":"en","displayname":"paigeeoo","time_zone":"Helsinki","msg":"RT Simone_Biles sup albert   happy birthday 🤘🏾 https//tco/qexBFo554S"}
{"tweet_id":841810636501843968,"created_unixtime":1489538270484,"created_time":"Wed Mar 15 00:37:50 +0000 2017","lang":"en","displayname":"shanewilkie87","time_zone":"","msg":"Happy birthday DeMaioN01"}
{"tweet_id":841810636665434115,"created_unixtime":1489538270523,"created_time":"Wed Mar 15 00:37:50 +0000 2017","lang":"en","displayname":"Newtwasarunner","time_zone":"","msg":"RT SincerelyTumblr So annoying when ppl are like ur always laughin U laugh at everything Its not that funny like OK sorry Im a hap…"}
{"tweet_id":841810636950581248,"created_unixtime":1489538270591,"created_time":"Wed Mar 15 00:37:50 +0000 2017","lang":"en","displayname":"GlobalNursesU","time_zone":"","msg":"RT RoseAnnDeMoro Happy Pi Day PiDay resist https//tco/WtRwHPsSL2"}
{"tweet_id":841810636917096448,"created_unixtime":1489538270583,"created_time":"Wed Mar 15 00:37:50 +0000 2017","lang":"en","displayname":"RuhShelShennay","time_zone":"Mountain Time (US & Canada)","msg":"LyriclovesL_P Happy Birthday Bihh 😘😘😘😘"}
{"tweet_id":841810637168750594,"created_unixtime":1489538270643,"created_time":"Wed Mar 15 00:37:50 +0000 2017","lang":"en","displayname":"_kvlifornia","time_zone":"Central Time (US & Canada)","msg":"_simplyyaja_ happy birthday girl ☺️🎉🎈"}
{"tweet_id":841810637407698944,"created_unixtime":1489538270700,"created_time":"Wed Mar 15 00:37:50 +0000 2017","lang":"en","displayname":"pijoyyyyvelvet","time_zone":"Novosibirsk","msg":"RT curhatanRPgw Please be happy without me —テン"}
{"tweet_id":841810636552167424,"created_unixtime":1489538270496,"created_time":"Wed Mar 15 00:37:50 +0000 2017","lang":"en","displayname":"Krizzia171","time_zone":"","msg":"RT fthotladies It’s great when two strangers become friends but its sad when two friends become strangers ALDUBxDTBYTugOfHearts"}
{"tweet_id":841810633100271616,"created_unixtime":1489538269673,"created_time":"Wed Mar 15 00:37:49 +0000 2017","lang":"en","displayname":"AmyyChristiee","time_zone":"","msg":"xleahwattx happy birthday you fkn babe 😍😍😍😍 have the best day evaaaa n have fun driving 🚗🚗 love you crazy amounts… https//tco/IGvYQ0YreV"}
{"tweet_id":841810637323931648,"created_unixtime":1489538270680,"created_time":"Wed Mar 15 00:37:50 +0000 2017","lang":"en","displayname":"_miasugg_","time_zone":"Eastern Time (US & Canada)","msg":"Id be happy for no school tomorrow but now the musical is screwed"}
{"tweet_id":841810637822996480,"created_unixtime":1489538270799,"created_time":"Wed Mar 15 00:37:50 +0000 2017","lang":"en","displayname":"mywrdaesthetic","time_zone":"","msg":"RT PBBKAHOUSE I cried I was sad I was guilty I was everything Edward MBMayWard"}
{"tweet_id":841810638011830272,"created_unixtime":1489538270844,"created_time":"Wed Mar 15 00:37:50 +0000 2017","lang":"en","displayname":"MiaGadd","time_zone":"","msg":"RT Stormzy1 Do what makes you happy mate"}
{"tweet_id":841810637785313280,"created_unixtime":1489538270790,"created_time":"Wed Mar 15 00:37:50 +0000 2017","lang":"en","displayname":"PBM_Pretty","time_zone":"Hawaii","msg":"😭😭😭 okay Im sad as fuck but this shit right here https//tco/keDQCS5yGn"}
{"tweet_id":841810638020214784,"created_unixtime":1489538270846,"created_time":"Wed Mar 15 00:37:50 +0000 2017","lang":"en","displayname":"Anthony_anton24","time_zone":"","msg":"RT MenaAmes happy 313 day https//tco/aDKS78iyMp"}
{"tweet_id":841810637969883136,"created_unixtime":1489538270834,"created_time":"Wed Mar 15 00:37:50 +0000 2017","lang":"en","displayname":"ANLM7","time_zone":"","msg":"CrankThatFrank now its just sad"}
{"tweet_id":841810638460530689,"created_unixtime":1489538270951,"created_time":"Wed Mar 15 00:37:50 +0000 2017","lang":"en","displayname":"bixchel14","time_zone":"","msg":"saying im tired when youre actually sad"}
{"tweet_id":841810638326370310,"created_unixtime":1489538270919,"created_time":"Wed Mar 15 00:37:50 +0000 2017","lang":"en","displayname":"KelseyCora7","time_zone":"","msg":"RT Vulnerable its so sad and frustrating when you try your hardest but people still dont find it good enough"}
{"tweet_id":841810638536085505,"created_unixtime":1489538270969,"created_time":"Wed Mar 15 00:37:50 +0000 2017","lang":"en","displayname":"MrJad1920","time_zone":"Eastern Time (US & Canada)","msg":"I liked a YouTube video from realfailarmy https//tco/xyRF89ltJy Drunk Fails Happy St Patricks Day March 2017  FailArmy"}
{"tweet_id":841810638682914816,"created_unixtime":1489538271004,"created_time":"Wed Mar 15 00:37:51 +0000 2017","lang":"en","displayname":"PollyPolti","time_zone":"","msg":"RT PatricksPeople Have voted SNP for the leadership theyve shown in defending Scotlands interestsIn Scotref Im happy to stand with Y…"}
{"tweet_id":841810638422827008,"created_unixtime":1489538270942,"created_time":"Wed Mar 15 00:37:50 +0000 2017","lang":"en","displayname":"saigonkth","time_zone":"Eastern Time (US & Canada)","msg":"RT RM_ARCHIVE they make me so happy 😊 i love best friends https//tco/DQszn1ARR8"}
{"tweet_id":841810637521059841,"created_unixtime":1489538270727,"created_time":"Wed Mar 15 00:37:50 +0000 2017","lang":"en","displayname":"tipsyteuk","time_zone":"London","msg":"happy birthday to my little babu who i love lots and lots poutychans 💌 https//tco/NZAIAdpJ0g"}
{"tweet_id":841810638649344005,"created_unixtime":1489538270996,"created_time":"Wed Mar 15 00:37:50 +0000 2017","lang":"en","displayname":"princesshaz28","time_zone":"Pacific Time (US & Canada)","msg":"RT yoonminet my eyes are happy https//tco/ALEbrkvezp"}
{"tweet_id":841810639655964672,"created_unixtime":1489538271236,"created_time":"Wed Mar 15 00:37:51 +0000 2017","lang":"en","displayname":"Moonstarninja","time_zone":"Eastern Time (US & Canada)","msg":"topstarnews HAPPY BIRTHDAY JACKSON 💜 Please take care of yourself Youre beautiful inside and out Well support you forever"}
{"tweet_id":841810639911825408,"created_unixtime":1489538271297,"created_time":"Wed Mar 15 00:37:51 +0000 2017","lang":"en","displayname":"Mike192917","time_zone":"","msg":"RT iIIegible im so happy i grew up in a time where we played hide and seek amp played on the street with friends rather than playing on an…"}
{"tweet_id":841810640310226944,"created_unixtime":1489538271392,"created_time":"Wed Mar 15 00:37:51 +0000 2017","lang":"en","displayname":"clagunero94","time_zone":"","msg":"RT lucyliciousmith Edward So happy to be here MBMayWard"}
{"tweet_id":841810640339648512,"created_unixtime":1489538271399,"created_time":"Wed Mar 15 00:37:51 +0000 2017","lang":"en","displayname":"Mineshkamonter2","time_zone":"","msg":"Happy birthday Stephen curry💪🏆🏀 your a champion Always will be Hopefully GOLDEN STATE wins this year 💖🏀🏆 StephenCurry30  ayeshacurry"}
{"tweet_id":841810640360607745,"created_unixtime":1489538271404,"created_time":"Wed Mar 15 00:37:51 +0000 2017","lang":"en","displayname":"ESSEXMA","time_zone":"Quito","msg":"RT MomItForward Q6 DOES FOOD MAKE YOU HAPPY WHAT DISHES MAKE YOU THE HAPPIEST AvoHappiness GNO PLS RT"}
{"tweet_id":841810640503209986,"created_unixtime":1489538271438,"created_time":"Wed Mar 15 00:37:51 +0000 2017","lang":"en","displayname":"LRPRL","time_zone":"Amsterdam","msg":"RT hidden saying im tired when youre actually sad"}
{"tweet_id":841810640809406464,"created_unixtime":1489538271511,"created_time":"Wed Mar 15 00:37:51 +0000 2017","lang":"en","displayname":"JadeMikala","time_zone":"","msg":"RT mickeysnoel mickey and ian are still in contact and trevor aint too happy 👀 https//tco/onTdHU9YQE"}
{"tweet_id":841810640801021952,"created_unixtime":1489538271509,"created_time":"Wed Mar 15 00:37:51 +0000 2017","lang":"en","displayname":"_dreamfloats","time_zone":"","msg":"RT passionfuI I high key just wanna make sure you’re happy as fuck"}
{"tweet_id":841810641111388160,"created_unixtime":1489538271583,"created_time":"Wed Mar 15 00:37:51 +0000 2017","lang":"en","displayname":"Spencepll30","time_zone":"Pacific Time (US & Canada)","msg":"RT preaching my main focus is to better myself be successful and be happy so if you arent contributing to that then i dont need you i…"}
{"tweet_id":841810641421709312,"created_unixtime":1489538271657,"created_time":"Wed Mar 15 00:37:51 +0000 2017","lang":"en","displayname":"Misclovehelle","time_zone":"Central Time (US & Canada)","msg":"RT D_Deji28 Do you guys know why he was killed A girl lied that he raped her and her brother shot him dead https//tco/IWDVDZp3rz"}
{"tweet_id":841810640700358656,"created_unixtime":1489538271485,"created_time":"Wed Mar 15 00:37:51 +0000 2017","lang":"en","displayname":"reese_shamey","time_zone":"Central America","msg":"RT preaching my main focus is to better myself be successful and be happy so if you arent contributing to that then i dont need you i…"}
{"tweet_id":841810641211990016,"created_unixtime":1489538271607,"created_time":"Wed Mar 15 00:37:51 +0000 2017","lang":"en","displayname":"riitatoma","time_zone":"Atlantic Time (Canada)","msg":"RT ltsSupernaturaI THESE PICTURES MAKE ME SO HAPPY https//tco/gFvvXADNIZ"}
{"tweet_id":841810640700293120,"created_unixtime":1489538271485,"created_time":"Wed Mar 15 00:37:51 +0000 2017","lang":"th","displayname":"thonlineshoppie","time_zone":"","msg":"14Mar17 GoodDeal on LazadaTH 077  Happy Baby โลชั่นกันยุงออร์แกนิคสำหรับเด็ก หลอดใหญ่ 150mlhttps//tco/mh0tOCmjQI"}
{"tweet_id":841810641509863425,"created_unixtime":1489538271678,"created_time":"Wed Mar 15 00:37:51 +0000 2017","lang":"en","displayname":"PIYUSHINSAN7","time_zone":"","msg":"RT satpalpandey May the colors of holi continues to illuminate your life and guide you towards the path of success Happy Holi MSGwishi…"}
{"tweet_id":841810641602068480,"created_unixtime":1489538271700,"created_time":"Wed Mar 15 00:37:51 +0000 2017","lang":"en","displayname":"DearestHumps","time_zone":"","msg":"RT KCollins_T Dear delavinkisses amp Barber_Edward_  Saw your FB vid today amp remembered the moment below Together u radiate j… "}
{"tweet_id":841810641119768577,"created_unixtime":1489538271585,"created_time":"Wed Mar 15 00:37:51 +0000 2017","lang":"en","displayname":"Allison51157140","time_zone":"","msg":"Helloooo find new girl and be happy  https//tco/Ozwu62aUxN https//tco/qX3RCatQO8"}
{"tweet_id":841810638699651075,"created_unixtime":1489538271008,"created_time":"Wed Mar 15 00:37:51 +0000 2017","lang":"en","displayname":"gracexlarner","time_zone":"Eastern Time (US & Canada)","msg":"Happy 4 years Friendship anniversary  ❤🌹 Daniellecasper3 JodiSusi https//tco/Bby1C8cNzv"}
