{"tweet_id":841809449459183617,"created_unixtime":1489537987471,"created_time":"Wed Mar 15 00:33:07 +0000 2017","lang":"en","displayname":"Altino29","time_zone":"Pacific Time (US & Canada)","msg":"RT NASA Its PiDay It may be irrational but pi plays an important role in the work of scientists at NASA… "}
{"tweet_id":841809449341730816,"created_unixtime":1489537987443,"created_time":"Wed Mar 15 00:33:07 +0000 2017","lang":"en","displayname":"RushiHatofiria","time_zone":"Tokyo","msg":"Theres nothing happy about having your fate decided for you You have to grab your own happiness"}
{"tweet_id":841809449102770176,"created_unixtime":1489537987386,"created_time":"Wed Mar 15 00:33:07 +0000 2017","lang":"en","displayname":"StephenJMarden","time_zone":"","msg":"RT tonyposnanski Obama gave healthcare to all even those who did not support himTrump is taking healthcare away even those who do su…"}
{"tweet_id":841809449744453633,"created_unixtime":1489537987539,"created_time":"Wed Mar 15 00:33:07 +0000 2017","lang":"en","displayname":"NadhiraHizam","time_zone":"Kuala Lumpur","msg":"RT pangeran_lautan Dont run away from something that could make you happy again You might not be happy for long but what if you could…"}
{"tweet_id":841809449379631105,"created_unixtime":1489537987452,"created_time":"Wed Mar 15 00:33:07 +0000 2017","lang":"en","displayname":"Eyana_Rose","time_zone":"Athens","msg":"RT AdonisBosso Happy Afro year 2017 👦🏿 https//tco/jEfURgQYtk"}
{"tweet_id":841809449539010560,"created_unixtime":1489537987490,"created_time":"Wed Mar 15 00:33:07 +0000 2017","lang":"en","displayname":"CoachLee","time_zone":"Central Time (US & Canada)","msg":"The Sad State of Sales Training  The vast majority of sales training is incredibly ineffective Not because mu https//tco/OThC2b5L68"}
{"tweet_id":841809450113601536,"created_unixtime":1489537987627,"created_time":"Wed Mar 15 00:33:07 +0000 2017","lang":"en","displayname":"hubcitydre","time_zone":"Pacific Time (US & Canada)","msg":"Now that my day has slown downlemme give shout out my guyHappy muaaaaaphuckn Birthday to… https//tco/jOCbxkxfPH"}
{"tweet_id":841809450365153280,"created_unixtime":1489537987687,"created_time":"Wed Mar 15 00:33:07 +0000 2017","lang":"en","displayname":"fx24chii","time_zone":"","msg":"RT jikadeudeuh my babylets be Happy pjy1234 https//tco/oXJfKZUOXi"}
{"tweet_id":841809450352680960,"created_unixtime":1489537987684,"created_time":"Wed Mar 15 00:33:07 +0000 2017","lang":"en","displayname":"fixit5000","time_zone":"Mountain Time (US & Canada)","msg":"Thanks Liberty News for the follow I´m happy to meet you Lets keep in touch"}
{"tweet_id":841809450692415489,"created_unixtime":1489537987765,"created_time":"Wed Mar 15 00:33:07 +0000 2017","lang":"en","displayname":"ryanalph","time_zone":"Eastern Time (US & Canada)","msg":"SeanLTheWriter also this is incredibly sad"}
{"tweet_id":841809450918916096,"created_unixtime":1489537987819,"created_time":"Wed Mar 15 00:33:07 +0000 2017","lang":"en","displayname":"jsftin","time_zone":"","msg":"RT SgladiumGC Happy birthday bieber I love you so much Congratulations baby 💕 https//tco/TieTlIBMFg"}
{"tweet_id":841809450948206592,"created_unixtime":1489537987826,"created_time":"Wed Mar 15 00:33:07 +0000 2017","lang":"ja","displayname":"ryotakoyaki1","time_zone":"","msg":"RT fukasaru1007 🎁Happy🎉Birthday🎂海未ちゃん！誕生日おめでとう♡可愛くて、友達想いでまっすぐ？な海未ちゃんが大好きです♡勧誘も何も出来なくてごめんなさい来年は絶対やるから！文字数が園田海未生誕祭… "}
{"tweet_id":841809451262738432,"created_unixtime":1489537987901,"created_time":"Wed Mar 15 00:33:07 +0000 2017","lang":"en","displayname":"aprilgirl30","time_zone":"","msg":"RT MayWardDVO_Thai Trust yourself Create the kind of self that you will be happy to live with all your lifeMBMayWard"}
{"tweet_id":841809450193281024,"created_unixtime":1489537987646,"created_time":"Wed Mar 15 00:33:07 +0000 2017","lang":"en","displayname":"Ray2poppin","time_zone":"","msg":"RT a1fbgmn every girl just wanna be genuinely happy not confused not irritated not slept on not taken advantage of just happy my g "}
{"tweet_id":841809447597035520,"created_unixtime":1489537987027,"created_time":"Wed Mar 15 00:33:07 +0000 2017","lang":"en","displayname":"NemuiSombra","time_zone":"Eastern Time (US & Canada)","msg":"HAPPY BIRTHDAY https//tco/s7gPrxaIt6"}
{"tweet_id":841809451623505920,"created_unixtime":1489537987987,"created_time":"Wed Mar 15 00:33:07 +0000 2017","lang":"en","displayname":"HighOnWayHaught","time_zone":"Pacific Time (US & Canada)","msg":"RT spally_uk Happy TimStacheTuesday Earpers  Hope youve all had the stachiest of days 👨🏻🔫💕our_gentle_sin blue_steels… "}
{"tweet_id":841809451313115136,"created_unixtime":1489537987913,"created_time":"Wed Mar 15 00:33:07 +0000 2017","lang":"en","displayname":"mayaa_jadeee","time_zone":"Pacific Time (US & Canada)","msg":"its sad that girls think less of themselves because theyve been taken for granted by boys"}
{"tweet_id":841809448783945728,"created_unixtime":1489537987310,"created_time":"Wed Mar 15 00:33:07 +0000 2017","lang":"en","displayname":"kglenn137","time_zone":"Pacific Time (US & Canada)","msg":"Happy Birthday girl🎉🎁 Heres a nice little picture of you Btw cant wait for our trip to Canada🇨🇦😂… https//tco/8nIOQDI3wh"}
{"tweet_id":841809451753562112,"created_unixtime":1489537988018,"created_time":"Wed Mar 15 00:33:08 +0000 2017","lang":"en","displayname":"realbulan","time_zone":"","msg":"RT richthekid Focus on what makes you happy"}
{"tweet_id":841809452374327296,"created_unixtime":1489537988166,"created_time":"Wed Mar 15 00:33:08 +0000 2017","lang":"en","displayname":"joemorgangn","time_zone":"","msg":"RT IntThings Do what you love and whatever makes you happy Be good to the people that are good to you Cut off negativity Dont settle…"}
{"tweet_id":841809452592390145,"created_unixtime":1489537988218,"created_time":"Wed Mar 15 00:33:08 +0000 2017","lang":"en","displayname":"katiealicemc","time_zone":"Wellington","msg":"RT kashanacauley Weve all set a world record for how happy anyone can be when thinking about tax returns"}
{"tweet_id":841809452890116096,"created_unixtime":1489537988289,"created_time":"Wed Mar 15 00:33:08 +0000 2017","lang":"en","displayname":"SouthwestAir","time_zone":"Central Time (US & Canada)","msg":"beth_burkstrand Happy to take a look into this Please DM us the confirmation number so we can follow up MA"}
{"tweet_id":841809452911153153,"created_unixtime":1489537988294,"created_time":"Wed Mar 15 00:33:08 +0000 2017","lang":"en","displayname":"ZokaaSamsudin","time_zone":"Beijing","msg":"RT hroyal55555 Chanyeol 찬열 HAPPY WHITE DAY😘 https//tco/yXtY9MAJh6"}
{"tweet_id":841809453095632896,"created_unixtime":1489537988338,"created_time":"Wed Mar 15 00:33:08 +0000 2017","lang":"en","displayname":"ittsMeLiana","time_zone":"Beijing","msg":"RT OfficialKBB So happy to see you both together Take care always girls ❤️ bernardokath kristelfulgar © CHFILTeaserLaunch https//t…"}
{"tweet_id":841809452571496448,"created_unixtime":1489537988213,"created_time":"Wed Mar 15 00:33:08 +0000 2017","lang":"en","displayname":"l1ttleramen","time_zone":"","msg":"RT ringelrei please I want them to be happy https//tco/mMMS2L9zbw"}
{"tweet_id":841809452684738560,"created_unixtime":1489537988240,"created_time":"Wed Mar 15 00:33:08 +0000 2017","lang":"en","displayname":"RockRollSavedMe","time_zone":"Eastern Time (US & Canada)","msg":"RT JeffreeStar Always baby https//tco/5NeOli5sAb"}
{"tweet_id":841809453368389633,"created_unixtime":1489537988403,"created_time":"Wed Mar 15 00:33:08 +0000 2017","lang":"en","displayname":"raginelumbang","time_zone":"Central Time (US & Canada)","msg":"RT SincerelyTumblr So annoying when ppl are like ur always laughin U laugh at everything Its not that funny like OK sorry Im a hap…"}
{"tweet_id":841809452944748544,"created_unixtime":1489537988302,"created_time":"Wed Mar 15 00:33:08 +0000 2017","lang":"en","displayname":"NikiTurleyBH","time_zone":"Central Time (US & Canada)","msg":"The sad truth is the majority of his base will not be phased 😒"}
{"tweet_id":841809453091590144,"created_unixtime":1489537988337,"created_time":"Wed Mar 15 00:33:08 +0000 2017","lang":"en","displayname":"maxxwell_1998","time_zone":"","msg":"RT unbibs its 3/14 happy Pi π 314159265359 day https//tco/QSMtQI9mXJ"}
{"tweet_id":841809453838147585,"created_unixtime":1489537988515,"created_time":"Wed Mar 15 00:33:08 +0000 2017","lang":"en","displayname":"JenGhola","time_zone":"Eastern Time (US & Canada)","msg":"RT kashanacauley Weve all set a world record for how happy anyone can be when thinking about tax returns"}
{"tweet_id":841809453234159625,"created_unixtime":1489537988371,"created_time":"Wed Mar 15 00:33:08 +0000 2017","lang":"en","displayname":"abi_mcculloch","time_zone":"","msg":"RT Stormzy1 Do what makes you happy mate"}
{"tweet_id":841809453901090816,"created_unixtime":1489537988530,"created_time":"Wed Mar 15 00:33:08 +0000 2017","lang":"en","displayname":"lebetzc","time_zone":"","msg":"MattDBarto sorry😅 but hey happy belated 21st I hope you partied hard🍻"}
{"tweet_id":841809454332960768,"created_unixtime":1489537988633,"created_time":"Wed Mar 15 00:33:08 +0000 2017","lang":"en","displayname":"DuckFanAccount","time_zone":"Pacific Time (US & Canada)","msg":"PizzaPartyBen happy birthday my King"}
{"tweet_id":841809453636812800,"created_unixtime":1489537988467,"created_time":"Wed Mar 15 00:33:08 +0000 2017","lang":"en","displayname":"rtarryn2012","time_zone":"","msg":"MoPaKa4 love you too Mon 😘😘😘Im glad you two are happy"}
{"tweet_id":841809454114963457,"created_unixtime":1489537988581,"created_time":"Wed Mar 15 00:33:08 +0000 2017","lang":"en","displayname":"ChloeMo70623731","time_zone":"","msg":"RT Stormzy1 Do what makes you happy mate"}
{"tweet_id":841809452005232640,"created_unixtime":1489537988078,"created_time":"Wed Mar 15 00:33:08 +0000 2017","lang":"en","displayname":"jazzyxjeffin","time_zone":"","msg":"HappyPiDay and Happy Birthday Albert Einstein👑 https//tco/UR02YbAIyr"}
{"tweet_id":841809425824272384,"created_unixtime":1489537981836,"created_time":"Wed Mar 15 00:33:01 +0000 2017","lang":"ko","displayname":"Chudaaa_","time_zone":"","msg":"RT FF14_TENSHIELD 파이널판타지14 패치 33 추가 지역소르 카이 Sohr Khai는 드래곤족 언어로so[h]r  apology / k[h]ai  sad 슬픈 사죄라는 뜻을 담고 있습니다소[호]르 크… "}
{"tweet_id":841809454647660545,"created_unixtime":1489537988708,"created_time":"Wed Mar 15 00:33:08 +0000 2017","lang":"en","displayname":"Joyce70571387","time_zone":"","msg":"blakeshelton VoiceBlindsJust wanted to let you know you seem so happy since youve been with Gwen wish you both happiness"}
{"tweet_id":841809454815297536,"created_unixtime":1489537988748,"created_time":"Wed Mar 15 00:33:08 +0000 2017","lang":"en","displayname":"grace_wacuka6","time_zone":"","msg":"RT Simone_Biles thanks Zac☺️ xoxo https//tco/TQxYv1mJmJ"}
{"tweet_id":841809455918510080,"created_unixtime":1489537989011,"created_time":"Wed Mar 15 00:33:09 +0000 2017","lang":"en","displayname":"rohallma","time_zone":"Mountain Time (US & Canada)","msg":"Sad indie songs are to CriminalMinds what upbeat Motown songs are to Scandal"}
{"tweet_id":841809456077848576,"created_unixtime":1489537989049,"created_time":"Wed Mar 15 00:33:09 +0000 2017","lang":"en","displayname":"itsdenangel","time_zone":"Pacific Time (US & Canada)","msg":"RT dailytxtmsg Happy outside broken inside"}
{"tweet_id":841809456136519680,"created_unixtime":1489537989063,"created_time":"Wed Mar 15 00:33:09 +0000 2017","lang":"en","displayname":"a_burkholder10","time_zone":"Eastern Time (US & Canada)","msg":"RT madalynn_mokwa a_burkholder10 happy birthday girly 😻😻🎉"}
{"tweet_id":841809455914319873,"created_unixtime":1489537989010,"created_time":"Wed Mar 15 00:33:09 +0000 2017","lang":"en","displayname":"stephenmaley23","time_zone":"","msg":"RT 180hman stephenmaley23 happy birthday to my ugly cousin if only you were as good looking as your jumper😂I hope it was a great one m…"}
{"tweet_id":841809456279121920,"created_unixtime":1489537989097,"created_time":"Wed Mar 15 00:33:09 +0000 2017","lang":"en","displayname":"kellam_chloe","time_zone":"","msg":"RT shaneeadamss very sad news  https//tco/WPo16Tftwy"}
{"tweet_id":841809455939485698,"created_unixtime":1489537989016,"created_time":"Wed Mar 15 00:33:09 +0000 2017","lang":"en","displayname":"TylerG330","time_zone":"","msg":"Logic301 lol I thought you was a rapperYou tryna be on DisneyYour music is changing so much Its sad wheres young sinatra"}
{"tweet_id":841809441183936512,"created_unixtime":1489537985498,"created_time":"Wed Mar 15 00:33:05 +0000 2017","lang":"en","displayname":"EvanNayman","time_zone":"","msg":"Happy bday to best Uydr na RileighMoore"}
{"tweet_id":841809457164115970,"created_unixtime":1489537989308,"created_time":"Wed Mar 15 00:33:09 +0000 2017","lang":"en","displayname":"sony1Dlove","time_zone":"London","msg":"RT bts_bighit [Episode] HAPPY WHITE DAY FROM BTS 1 https//tco/Kk7XrnfG3x2 https//tco/dUxXeGBvhG"}
{"tweet_id":841809457260634112,"created_unixtime":1489537989331,"created_time":"Wed Mar 15 00:33:09 +0000 2017","lang":"en","displayname":"LiNluv94","time_zone":"","msg":"RT twt_liverpool happy 125th birthday LFC https//tco/g36y3sXc4Q"}
{"tweet_id":841809457243869184,"created_unixtime":1489537989327,"created_time":"Wed Mar 15 00:33:09 +0000 2017","lang":"en","displayname":"HayleyxAlexis","time_zone":"","msg":"ChandlerAlexiss omg yay Im so happy for you ❤ I really want to meet you x"}
{"tweet_id":841809457319419904,"created_unixtime":1489537989345,"created_time":"Wed Mar 15 00:33:09 +0000 2017","lang":"en","displayname":"StoneColdBabie","time_zone":"Arizona","msg":"RT a1fbgmn every girl just wanna be genuinely happy not confused not irritated not slept on not taken advantage of just happy my g "}
{"tweet_id":841809457231290369,"created_unixtime":1489537989324,"created_time":"Wed Mar 15 00:33:09 +0000 2017","lang":"und","displayname":"_FortuneCookie5","time_zone":"Central Time (US & Canada)","msg":"Mmmmm pi https//tco/ljYNSiqkZA"}
{"tweet_id":841809456849682433,"created_unixtime":1489537989233,"created_time":"Wed Mar 15 00:33:09 +0000 2017","lang":"en","displayname":"IndependenceYL","time_zone":"Eastern Time (US & Canada)","msg":"carsonkane_ MorganShort14 happy birthday Morg Ilysm"}
{"tweet_id":841809457726291968,"created_unixtime":1489537989442,"created_time":"Wed Mar 15 00:33:09 +0000 2017","lang":"en","displayname":"Mady_jalynn_3","time_zone":"","msg":"RT soIute sometimes the best way to be happy is to learn to let go of things you tried hard to hold on to that are no longer good for you"}
{"tweet_id":841809457952706560,"created_unixtime":1489537989496,"created_time":"Wed Mar 15 00:33:09 +0000 2017","lang":"ja","displayname":"fuwamoko_sheep","time_zone":"Tokyo","msg":"mmyy1966 Manymyuさん🌼おはロン🌀⛅🌀ほんとに 突風だロン🌀🌀🌀Manymyuさんも飛ばされないように気をつけて下さいロンね🌿❤🌿今日もManymyuさんの一日がHAPPY🍀😌🍀で素敵な時間が流れます様に…🌿❤🌿❤๓´͈ ˘ `͈๓❤"}
{"tweet_id":841809457487179776,"created_unixtime":1489537989385,"created_time":"Wed Mar 15 00:33:09 +0000 2017","lang":"en","displayname":"ejmarkey","time_zone":"Eastern Time (US & Canada)","msg":"I look forward to having a working Raspberry_Pi APRS telemetry station in operation soon https//tco/3Qykrhsg02"}
{"tweet_id":841809458107949056,"created_unixtime":1489537989533,"created_time":"Wed Mar 15 00:33:09 +0000 2017","lang":"en","displayname":"ot5forevr","time_zone":"","msg":"RT 5HVotingStats Scared Of Happy FifthHarmony YouKnowYouLoveThem radiodisney"}
{"tweet_id":841809458015682560,"created_unixtime":1489537989511,"created_time":"Wed Mar 15 00:33:09 +0000 2017","lang":"und","displayname":"crystalizwd","time_zone":"Santiago","msg":"g4yminist ttsereia targayryen https//tco/cOtoJTFiLp"}
{"tweet_id":841809458581843969,"created_unixtime":1489537989646,"created_time":"Wed Mar 15 00:33:09 +0000 2017","lang":"en","displayname":"KCbeerchick","time_zone":"","msg":"Its really a sad day when wildcatmamma changes to RollTideMamma We will miss her beardown RollTide"}
{"tweet_id":841809458279927808,"created_unixtime":1489537989574,"created_time":"Wed Mar 15 00:33:09 +0000 2017","lang":"en","displayname":"_Shaaai__","time_zone":"Quito","msg":"RT D_Deji28 Do you guys know why he was killed A girl lied that he raped her and her brother shot him dead https//tco/IWDVDZp3rz"}
{"tweet_id":841809458321862656,"created_unixtime":1489537989584,"created_time":"Wed Mar 15 00:33:09 +0000 2017","lang":"es","displayname":"bitternxss","time_zone":"Buenos Aires","msg":"Necesito fijar esto https//tco/NlRN3FionS"}
{"tweet_id":841809458250547200,"created_unixtime":1489537989567,"created_time":"Wed Mar 15 00:33:09 +0000 2017","lang":"en","displayname":"NMulla_","time_zone":"","msg":"RT Jays_Onmafeet Years agoWe rlly started from the bottomEvery step u been loyal n by my side Happy bday chump❤ https//tco/vuDTiizAv6"}
{"tweet_id":841809458745360384,"created_unixtime":1489537989685,"created_time":"Wed Mar 15 00:33:09 +0000 2017","lang":"en","displayname":"meeshelldeeaz","time_zone":"Pacific Time (US & Canada)","msg":"That show is amazing https//tco/R6ktTn8rXa"}
{"tweet_id":841809458464477185,"created_unixtime":1489537989618,"created_time":"Wed Mar 15 00:33:09 +0000 2017","lang":"en","displayname":"osnapitzmiky","time_zone":"","msg":"RT arianasdawn Its my birthday and Id like to thank Ariana for giving me a purpose making me a better person and always making… "}
{"tweet_id":841809459198418944,"created_unixtime":1489537989793,"created_time":"Wed Mar 15 00:33:09 +0000 2017","lang":"en","displayname":"FBI","time_zone":"Eastern Time (US & Canada)","msg":"RT FBIMostWanted Happy 67th Birthday to the FBI Ten Most Wanted Fugitives List created on March 14 1950 https//tco/aaf7lqVtLn"}
{"tweet_id":841809459328368641,"created_unixtime":1489537989824,"created_time":"Wed Mar 15 00:33:09 +0000 2017","lang":"en","displayname":"Shade510","time_zone":"","msg":"RT just1fool Happy is the man that knows when to shut up"}
{"tweet_id":841809458904866816,"created_unixtime":1489537989723,"created_time":"Wed Mar 15 00:33:09 +0000 2017","lang":"en","displayname":"JenCoxwell","time_zone":"","msg":"happy birthday jeremy💗 14Jeremy_Long"}
{"tweet_id":841809458737102848,"created_unixtime":1489537989683,"created_time":"Wed Mar 15 00:33:09 +0000 2017","lang":"en","displayname":"ChrisDoll_","time_zone":"","msg":"RT D_Deji28 Do you guys know why he was killed A girl lied that he raped her and her brother shot him dead https//tco/IWDVDZp3rz"}
{"tweet_id":841809459383046144,"created_unixtime":1489537989837,"created_time":"Wed Mar 15 00:33:09 +0000 2017","lang":"en","displayname":"gabbyglander","time_zone":"","msg":"going through my old photos i can physically see a huge difference in myself from when i was extremely happy to now"}
{"tweet_id":841809459844382720,"created_unixtime":1489537989947,"created_time":"Wed Mar 15 00:33:09 +0000 2017","lang":"en","displayname":"bradarmfield1","time_zone":"Casablanca","msg":"RT Stormzy1 Do what makes you happy mate"}
{"tweet_id":841809459982749696,"created_unixtime":1489537989980,"created_time":"Wed Mar 15 00:33:09 +0000 2017","lang":"en","displayname":"gesumori","time_zone":"Tokyo","msg":"RT hemachandrakv Happy Birthday Sir Michael Caine  https//tco/nbeHlnWZRe"}
{"tweet_id":841809459810775040,"created_unixtime":1489537989939,"created_time":"Wed Mar 15 00:33:09 +0000 2017","lang":"en","displayname":"chloe_andrewss","time_zone":"","msg":"RT thrasherhobi IM SAD I FUCKING HATE PEOPLE ALL U ASSHOLES DO IS FUCKINF DESTROY DIE https//tco/wPSZKdGRG5"}
{"tweet_id":841809459173314560,"created_unixtime":1489537989787,"created_time":"Wed Mar 15 00:33:09 +0000 2017","lang":"en","displayname":"prince_jinnie","time_zone":"","msg":"RT caresuga morning i love yoongi i hope bts is happy and healthy and gets enough rest i gtg to school bye"}
{"tweet_id":841809460007997440,"created_unixtime":1489537989986,"created_time":"Wed Mar 15 00:33:09 +0000 2017","lang":"en","displayname":"jgaribay","time_zone":"Central Time (US & Canada)","msg":"RT thekstatefamily Happy Wildcat Birthday to receiver zachreuterhope you had a great day https//tco/luIdXqMlU4"}
{"tweet_id":841809459831816194,"created_unixtime":1489537989944,"created_time":"Wed Mar 15 00:33:09 +0000 2017","lang":"en","displayname":"RegularJoe1776","time_zone":"","msg":"This is how I feel waiting for maddow https//tco/JB2ahwrFjY"}
{"tweet_id":841809460205109252,"created_unixtime":1489537990033,"created_time":"Wed Mar 15 00:33:10 +0000 2017","lang":"en","displayname":"claradiasf","time_zone":"Pacific Time (US & Canada)","msg":"RT TheOriginalsGR Happy birthday danieljgillies https//tco/egZ4b2qsfs"}
{"tweet_id":841809460297383936,"created_unixtime":1489537990055,"created_time":"Wed Mar 15 00:33:10 +0000 2017","lang":"en","displayname":"TellkeStephen","time_zone":"","msg":"“If we can prevent the govt from wasting the labors of the people under the pretense of taking care of them they must become happy”S Adams"}
{"tweet_id":841809460263829504,"created_unixtime":1489537990047,"created_time":"Wed Mar 15 00:33:10 +0000 2017","lang":"en","displayname":"slightbeats","time_zone":"Eastern Time (US & Canada)","msg":"RT hideoushooligan slightbeats happy birthday nigga keep grindin my dude👨🏼‍🎤"}
{"tweet_id":841809460704215040,"created_unixtime":1489537990152,"created_time":"Wed Mar 15 00:33:10 +0000 2017","lang":"en","displayname":"HillbrowRadio","time_zone":"","msg":"Now we are playing Wanna be happy   Kirk Franklin on hillbrow radio the only radio that plays more African music noxenophobia"}
{"tweet_id":841809461064876032,"created_unixtime":1489537990238,"created_time":"Wed Mar 15 00:33:10 +0000 2017","lang":"en","displayname":"lizfish96","time_zone":"Pacific Time (US & Canada)","msg":"RT AOIIWrightState Happy Pi Day from Alpha Omicron Pi ❤ https//tco/x9CZagtRw5"}
{"tweet_id":841809460926517249,"created_unixtime":1489537990205,"created_time":"Wed Mar 15 00:33:10 +0000 2017","lang":"en","displayname":"ThatGuy_GA","time_zone":"Eastern Time (US & Canada)","msg":"RT CoachMock11 Happy to see all the success that Maurice_jones0 is having as a pro  Very special player Keep it up Mohttps//tco/Lc…"}
{"tweet_id":841809460729389057,"created_unixtime":1489537990158,"created_time":"Wed Mar 15 00:33:10 +0000 2017","lang":"en","displayname":"MythSmasher","time_zone":"Pacific Time (US & Canada)","msg":"Oberstein_Paul TrickOrTreackle Immigrants from west Asia are at 4/100k We are not happy with this but compared to the US its not bad"}
{"tweet_id":841809460867792897,"created_unixtime":1489537990191,"created_time":"Wed Mar 15 00:33:10 +0000 2017","lang":"en","displayname":"MsBanner6","time_zone":"Quito","msg":"More fake news from Rachel Maddow Cant get ratings without using my name These liberals are just so dishonest Sad Trumpsnexttweet"}
{"tweet_id":841809461278732289,"created_unixtime":1489537990289,"created_time":"Wed Mar 15 00:33:10 +0000 2017","lang":"en","displayname":"o1d_dude","time_zone":"Pacific Time (US & Canada)","msg":"RT WayneDupreeShow THIS WAS SAD Cuomo Just Lost It Just Because Fergusons Michael Brown Sold Drugs Doesnt Make Him A Drug Dealer ht…"}
{"tweet_id":841809461433974784,"created_unixtime":1489537990326,"created_time":"Wed Mar 15 00:33:10 +0000 2017","lang":"ja","displayname":"nashimami","time_zone":"Tokyo","msg":"3/11未投稿姫路市立動物園の象さん♪今日も寒いねgt_lt雪にはならなかったけど皆に沢山のhappyを colopl_a https//tco/h84X4NM25V"}
{"tweet_id":841809461157203968,"created_unixtime":1489537990260,"created_time":"Wed Mar 15 00:33:10 +0000 2017","lang":"en","displayname":"alexiaearena","time_zone":"","msg":"RT diondre_powell alexiaearena happy birthday 😁"}
{"tweet_id":841809461098496001,"created_unixtime":1489537990246,"created_time":"Wed Mar 15 00:33:10 +0000 2017","lang":"en","displayname":"JMUSports","time_zone":"Eastern Time (US & Canada)","msg":"RT JMU dabody52 Happy Birthday from JMUGivingDay Headquarters https//tco/1ezgx0ESic https//tco/hTUr43b0hH"}
{"tweet_id":841809461505339393,"created_unixtime":1489537990343,"created_time":"Wed Mar 15 00:33:10 +0000 2017","lang":"en","displayname":"PonderMoofin","time_zone":"London","msg":"RT lostpanda Happy Pi day https//tco/tMJq9uUeRk"}
{"tweet_id":841809461685702657,"created_unixtime":1489537990386,"created_time":"Wed Mar 15 00:33:10 +0000 2017","lang":"en","displayname":"syerra_renee","time_zone":"","msg":"RT SincerelyTumblr So annoying when ppl are like ur always laughin U laugh at everything Its not that funny like OK sorry Im a hap…"}
{"tweet_id":841809462033846272,"created_unixtime":1489537990469,"created_time":"Wed Mar 15 00:33:10 +0000 2017","lang":"en","displayname":"emilykrupski","time_zone":"","msg":"RT itsSarahKhan this time last year i was so unbelievably unhappy and now a year later im the happiest ive ever been and that in itself…"}
{"tweet_id":841809462461583360,"created_unixtime":1489537990571,"created_time":"Wed Mar 15 00:33:10 +0000 2017","lang":"en","displayname":"itskatrinaaaa","time_zone":"","msg":"allaaayyy happy birthday ally I hope your day was as amazing as you are Much love for you💛💓"}
{"tweet_id":841809462490996736,"created_unixtime":1489537990578,"created_time":"Wed Mar 15 00:33:10 +0000 2017","lang":"en","displayname":"Itnotebook_","time_zone":"Pacific Time (US & Canada)","msg":"RT mindsconsole__ Take time to do what makes your soul happy"}
{"tweet_id":841809462365175808,"created_unixtime":1489537990548,"created_time":"Wed Mar 15 00:33:10 +0000 2017","lang":"en","displayname":"bangtanmeow","time_zone":"Pacific Time (US & Canada)","msg":"RT cliffordsshug If youre ever feeling sad just remember that this video exists https//tco/HjEMGrNXhB"}
{"tweet_id":841809462755229701,"created_unixtime":1489537990641,"created_time":"Wed Mar 15 00:33:10 +0000 2017","lang":"en","displayname":"ivannalynnn","time_zone":"","msg":"RT cristanangela Forget the closure I thought I needed from irrelevant people Ive moved on to better things amp im happy as fucccc"}
{"tweet_id":841809462914625537,"created_unixtime":1489537990679,"created_time":"Wed Mar 15 00:33:10 +0000 2017","lang":"en","displayname":"KwerkyKats","time_zone":"Eastern Time (US & Canada)","msg":"Poor Chester got neutered and microchipped today and isnt an overly happy camperHow are your cats doing today https//tco/PA1jS7mo6i"}
{"tweet_id":841809463719956480,"created_unixtime":1489537990871,"created_time":"Wed Mar 15 00:33:10 +0000 2017","lang":"en","displayname":"RockRollSavedMe","time_zone":"Eastern Time (US & Canada)","msg":"RT GarysQueen10 JeffreeStar some people arent happy unless they are bringing other people down You do YOU sweetie IWillAlwaysWillBeA…"}
{"tweet_id":841809463896100864,"created_unixtime":1489537990913,"created_time":"Wed Mar 15 00:33:10 +0000 2017","lang":"en","displayname":"kotibeth","time_zone":"Eastern Time (US & Canada)","msg":"RT sammyapproves Happy PiDay Whats your favorite kind of pie ad https//tco/e95tOGrCiVpie sweets https//tco/tKhYjfHC2q"}
{"tweet_id":841809464239955968,"created_unixtime":1489537990995,"created_time":"Wed Mar 15 00:33:10 +0000 2017","lang":"en","displayname":"sheedarzsheen","time_zone":"Athens","msg":"That  I am not sad  Dont tell her Im sad   😭😭😭😭 https//tco/P2mk7w0vio"}
{"tweet_id":841809464567119872,"created_unixtime":1489537991073,"created_time":"Wed Mar 15 00:33:11 +0000 2017","lang":"ja","displayname":"tamura_miki_","time_zone":"","msg":"sui_suzuran731 HAPPY BIRTHDAY！　｡　　　　　　｡｡ ＊　＊･　 ･∥∥∥ ﾟ･　∧∧/⌒⌒⌒丶∧∧･ω･　ﾉννﾋ･ω･っ っﾟ･ﾟ･ﾟ･o　ｃｕｕｕｕ￣￣￣￣￣￣￣￣￣"}
{"tweet_id":841809464147755008,"created_unixtime":1489537990973,"created_time":"Wed Mar 15 00:33:10 +0000 2017","lang":"en","displayname":"fildawg22","time_zone":"","msg":"Thanks bab https//tco/0kZE0PI5nl"}
{"tweet_id":841809464978112512,"created_unixtime":1489537991171,"created_time":"Wed Mar 15 00:33:11 +0000 2017","lang":"in","displayname":"alia_mursyida7","time_zone":"Kuala Lumpur","msg":"aniqahazmi  happy birthday niqah sygsmg terus brjya dunia akhirattake care dkat jordannnti balik malaysia roger2 ye😘"}
{"tweet_id":841809464521068545,"created_unixtime":1489537991062,"created_time":"Wed Mar 15 00:33:11 +0000 2017","lang":"en","displayname":"Karstan","time_zone":"Pacific Time (US & Canada)","msg":"RT KitOConnell andreagrimes Im part of the problem tonight https//tco/Gq9778wi9x"}
{"tweet_id":841809465091469312,"created_unixtime":1489537991198,"created_time":"Wed Mar 15 00:33:11 +0000 2017","lang":"en","displayname":"KentReagan9816","time_zone":"","msg":"RT JOEL9ONE Happy 314 day to my St Lunatics"}
{"tweet_id":841809464441376769,"created_unixtime":1489537991043,"created_time":"Wed Mar 15 00:33:11 +0000 2017","lang":"en","displayname":"Dssy315","time_zone":"Hanoi","msg":"Asia Tour Fan Meeting Park Bo Gum Oh Happy Day https//tco/oy0P1fTYCn"}
{"tweet_id":841809465175339008,"created_unixtime":1489537991218,"created_time":"Wed Mar 15 00:33:11 +0000 2017","lang":"en","displayname":"Christa_Marie79","time_zone":"","msg":"RT Christa_Marie79 StefaniMichele9 Im sad but happy Sad that you are growing up but happy that you are a wonderful mommy and a be"}
{"tweet_id":841809465137491968,"created_unixtime":1489537991209,"created_time":"Wed Mar 15 00:33:11 +0000 2017","lang":"en","displayname":"BlueBoo8","time_zone":"","msg":"RT bangtaened that lovely smile on yoongis face while watching hoseok he looks so happy i love sope https//tco/I4SkkiTCxQ"}
{"tweet_id":841809465619972096,"created_unixtime":1489537991324,"created_time":"Wed Mar 15 00:33:11 +0000 2017","lang":"en","displayname":"unholyknightt","time_zone":"Pacific Time (US & Canada)","msg":"RT damonelenah sad and brazilian"}
{"tweet_id":841809464852398081,"created_unixtime":1489537991141,"created_time":"Wed Mar 15 00:33:11 +0000 2017","lang":"en","displayname":"TayvonP","time_zone":"Quito","msg":"RT xxEATMy_Tweets If youre mine🔐 Im doing whatever I can to make and keep you happy😘"}
{"tweet_id":841809465573756929,"created_unixtime":1489537991313,"created_time":"Wed Mar 15 00:33:11 +0000 2017","lang":"en","displayname":"Cleyyoo","time_zone":"Beijing","msg":"RT alexaiono My happy place☺ https//tco/pgetrNhVIp"}
{"tweet_id":841809465112461312,"created_unixtime":1489537991203,"created_time":"Wed Mar 15 00:33:11 +0000 2017","lang":"en","displayname":"exwact","time_zone":"Mid-Atlantic","msg":"RT unbleachedkpop Happy Birthday to Astros precious leader 💕😭 HappyJinJinDay 별들의_리더_박진우_생일축하해 https//tco/d7VZsCTtGr"}
{"tweet_id":841809466362281984,"created_unixtime":1489537991501,"created_time":"Wed Mar 15 00:33:11 +0000 2017","lang":"en","displayname":"anamika_thukral","time_zone":"","msg":"RT SurekhaInsan We all happy for U insan_honey Dievery moment of shooting is like Ebadat for YouJattuEngineerShootingWithPapa  G…"}
{"tweet_id":841809466156830721,"created_unixtime":1489537991452,"created_time":"Wed Mar 15 00:33:11 +0000 2017","lang":"en","displayname":"pinkyminajj","time_zone":"","msg":"RT RegalBasil Ciara amp Keke Palmer keep yall mad as they live The sad part is I see BW doing most of the damage Cant be happy or caref…"}
{"tweet_id":841809466148458497,"created_unixtime":1489537991450,"created_time":"Wed Mar 15 00:33:11 +0000 2017","lang":"en","displayname":"allyPat16","time_zone":"","msg":"RT crackcokaine Happy spring break Im currently high on that CRACK"}
{"tweet_id":841809466400083968,"created_unixtime":1489537991510,"created_time":"Wed Mar 15 00:33:11 +0000 2017","lang":"en","displayname":"kaptivatedd","time_zone":"Quito","msg":"RT soIute sometimes the best way to be happy is to learn to let go of things you tried hard to hold on to that are no longer good for you"}
{"tweet_id":841809466731429890,"created_unixtime":1489537991589,"created_time":"Wed Mar 15 00:33:11 +0000 2017","lang":"en","displayname":"livvychanson","time_zone":"Atlantic Time (Canada)","msg":"RT soIute sometimes the best way to be happy is to learn to let go of things you tried hard to hold on to that are no longer good for you"}
{"tweet_id":841809466769137664,"created_unixtime":1489537991598,"created_time":"Wed Mar 15 00:33:11 +0000 2017","lang":"en","displayname":"Liddo_Yessica","time_zone":"Pacific Time (US & Canada)","msg":"RT richthekid Focus on what makes you happy"}
{"tweet_id":841809466878124033,"created_unixtime":1489537991624,"created_time":"Wed Mar 15 00:33:11 +0000 2017","lang":"en","displayname":"maicapama","time_zone":"","msg":"RT ilovefIowers happy dogs with flowers are the best thing to ever happen to me https//tco/BPD2xOm9XC"}
{"tweet_id":841809467184357376,"created_unixtime":1489537991697,"created_time":"Wed Mar 15 00:33:11 +0000 2017","lang":"in","displayname":"AAlialbuni","time_zone":"","msg":"JKT48Dena20thBDay Happy birthday dena 🎉🎉Semoga panjang umur sehat selalu dan sukses selalu JKT48Dena20thBDay"}
{"tweet_id":841809466236387328,"created_unixtime":1489537991471,"created_time":"Wed Mar 15 00:33:11 +0000 2017","lang":"tl","displayname":"RosePalm2","time_zone":"","msg":"RT dhang02_ Bloomingfreshhappy anu pa bahahahaMBMayWard Ctto https//tco/r7smeyo3RV"}
{"tweet_id":841809466836307970,"created_unixtime":1489537991614,"created_time":"Wed Mar 15 00:33:11 +0000 2017","lang":"en","displayname":"lavish_lily","time_zone":"Pacific Time (US & Canada)","msg":"RT nabiaaaaa Its sad that I work so hard and have to deal with some disrespectful teammates🤦🏾‍♀️"}
{"tweet_id":841809467092144135,"created_unixtime":1489537991675,"created_time":"Wed Mar 15 00:33:11 +0000 2017","lang":"en","displayname":"Where_Is_Weris","time_zone":"Athens","msg":"RT pleasuring do u ever lay in bed and get really sad about ur favorite person bc theyre not in the bed with u"}
{"tweet_id":841809467410804736,"created_unixtime":1489537991751,"created_time":"Wed Mar 15 00:33:11 +0000 2017","lang":"en","displayname":"Leskaregui","time_zone":"Santiago","msg":"RT 5HVotingStats Scared Of Happy FifthHarmony YouKnowYouLoveThem radiodisney"}
{"tweet_id":841809467385753606,"created_unixtime":1489537991745,"created_time":"Wed Mar 15 00:33:11 +0000 2017","lang":"en","displayname":"taylerislame_","time_zone":"Central Time (US & Canada)","msg":"i was sad i didnt have pie on pi day so my math teacher went and got me pie"}
{"tweet_id":841809467524038656,"created_unixtime":1489537991778,"created_time":"Wed Mar 15 00:33:11 +0000 2017","lang":"en","displayname":"ThnkuObamas","time_zone":"Pacific Time (US & Canada)","msg":"miami_chica awh Happy BirthdayBeautiful TurnUP weekallthewayUp Hopefully the crowd hasnt bothered u yet this Spring Break week D"}
{"tweet_id":841809467813457921,"created_unixtime":1489537991847,"created_time":"Wed Mar 15 00:33:11 +0000 2017","lang":"en","displayname":"danyssa19","time_zone":"Pacific Time (US & Canada)","msg":"RT reesemnichols Southpaw is so sad why did I just watch that alone I CRIED THE WHOLE MOVIE"}
{"tweet_id":841809467197034496,"created_unixtime":1489537991700,"created_time":"Wed Mar 15 00:33:11 +0000 2017","lang":"und","displayname":"e_loise40","time_zone":"Central Time (US & Canada)","msg":"Sad https//tco/28KdlJa8cR"}
{"tweet_id":841809467557744640,"created_unixtime":1489537991786,"created_time":"Wed Mar 15 00:33:11 +0000 2017","lang":"en","displayname":"beechy42","time_zone":"","msg":"RT KrisSykes46 beechy42 happy birthday fam✊🏾💯💪🏾"}
{"tweet_id":841809467377344512,"created_unixtime":1489537991743,"created_time":"Wed Mar 15 00:33:11 +0000 2017","lang":"en","displayname":"taylorvoss5","time_zone":"Central Time (US & Canada)","msg":"RT HaleyHavekost HAPPY BIRTHDAY TO MY PERSON❤ Happy 17th I miss you and love you so very much❤❤ taylorvoss5 https//tco/nYpTgDiiBy"}
{"tweet_id":841809467872272384,"created_unixtime":1489537991861,"created_time":"Wed Mar 15 00:33:11 +0000 2017","lang":"en","displayname":"Junki3Andr0id","time_zone":"","msg":"RT Skirtzzz A Lilo and Stitch/Moana crossover These were all part of a really big piece but Im just not happy with any of it… "}
{"tweet_id":841809467587088384,"created_unixtime":1489537991793,"created_time":"Wed Mar 15 00:33:11 +0000 2017","lang":"en","displayname":"TiborShanto","time_zone":"Central Time (US & Canada)","msg":"The Sad State of Sales Training  The vast majority of sales training is incredibly ineffective Not because mu https//tco/CV7aoOEtrQ"}
{"tweet_id":841809468061028353,"created_unixtime":1489537991906,"created_time":"Wed Mar 15 00:33:11 +0000 2017","lang":"en","displayname":"DontBeDante","time_zone":"London","msg":"RT _imnotyourmate Cant ppl make an observation without other ppl doing running commentary https//tco/UGkjELOiAK"}
{"tweet_id":841809467847151617,"created_unixtime":1489537991855,"created_time":"Wed Mar 15 00:33:11 +0000 2017","lang":"en","displayname":"luppee_1994","time_zone":"","msg":"May God protect him and take care of him Hopefully she makes him happy because thats all I ever wanted to do La vida sigue /"}
{"tweet_id":841809468966944769,"created_unixtime":1489537992122,"created_time":"Wed Mar 15 00:33:12 +0000 2017","lang":"ko","displayname":"btssvtinspired","time_zone":"Hong Kong","msg":"RT offclASTRO Happy birthday to you~ 진진형 22번째 생일을진심으로 축하해요🎉🎉 착하고 장난도 잘받아주고 리더쉽있는ㅎㅎ진진형 귀염댕이 아스트로 잘부탁드려요생일선물 나 HappyJINJINDay https//…"}
{"tweet_id":841809468602081280,"created_unixtime":1489537992035,"created_time":"Wed Mar 15 00:33:12 +0000 2017","lang":"en","displayname":"brookh4x4","time_zone":"Central Time (US & Canada)","msg":"Wine and pasta happy Tuesday 🍝🍷"}
{"tweet_id":841809465917739008,"created_unixtime":1489537991395,"created_time":"Wed Mar 15 00:33:11 +0000 2017","lang":"en","displayname":"allanderg_","time_zone":"","msg":"RT IccySteve I was happy with my haircut 💇‍♂️ https//tco/eyAiRFynrW"}
{"tweet_id":841809468757282817,"created_unixtime":1489537992072,"created_time":"Wed Mar 15 00:33:12 +0000 2017","lang":"en","displayname":"a_czarobski","time_zone":"","msg":"Sad I didnt get any pie today 😢"}
{"tweet_id":841809469138956289,"created_unixtime":1489537992163,"created_time":"Wed Mar 15 00:33:12 +0000 2017","lang":"en","displayname":"jaureguixdoblas","time_zone":"Pacific Time (US & Canada)","msg":"RT 5HVotingStats Scared Of Happy FifthHarmony YouKnowYouLoveThem radiodisney"}
{"tweet_id":841809467859689472,"created_unixtime":1489537991858,"created_time":"Wed Mar 15 00:33:11 +0000 2017","lang":"en","displayname":"BSzeszycki","time_zone":"","msg":"RT a_vela22 Happy Birthday Benjy BSzeszycki love u man ❤ I hope u enjoy it  https//tco/84zy3P80Nt"}
{"tweet_id":841809469688451073,"created_unixtime":1489537992294,"created_time":"Wed Mar 15 00:33:12 +0000 2017","lang":"en","displayname":"shaney314","time_zone":"Pacific Time (US & Canada)","msg":"RT catherinespan happy birthday girl you and jackie are perfect😩👏🏽🥂👩‍❤️‍💋‍👩🤧🤝💪🏻👸🏽👩🏽‍🔧🍩🍩🍩✨ shaney314 https//tco/3mIwbfxEsg"}
{"tweet_id":841809470627885056,"created_unixtime":1489537992518,"created_time":"Wed Mar 15 00:33:12 +0000 2017","lang":"th","displayname":"MirukumanP","time_zone":"","msg":"RT ploytachiii Happy Birthday นะลูก ขอให้เป็นเด็กดีไม่ดื้อไม่ซนของกัซแบบนี้ตามภาพตลอดไปเลยนะ❤️  coco_Happy_2nd_Birthday https//tco/v…"}
{"tweet_id":841809470464249856,"created_unixtime":1489537992479,"created_time":"Wed Mar 15 00:33:12 +0000 2017","lang":"en","displayname":"guadalupe24_r","time_zone":"","msg":"RT G_Eazy Simone_Biles happy birthday homie Sending hella love your way ❤️"}
{"tweet_id":841809470678220800,"created_unixtime":1489537992530,"created_time":"Wed Mar 15 00:33:12 +0000 2017","lang":"en","displayname":"jainamites","time_zone":"Beijing","msg":"RT neiltyson 314  Happy Piday to Gregorian calendar users who reckon dates with month followed by day separated by period omitting year"}
{"tweet_id":841809470732812289,"created_unixtime":1489537992543,"created_time":"Wed Mar 15 00:33:12 +0000 2017","lang":"en","displayname":"THEjwall02","time_zone":"Eastern Time (US & Canada)","msg":"Crooked Brodeur22 trying to snare me into a trap with FAKE news about jalapeño whipped cream Will not work Sad"}
{"tweet_id":841809471059968000,"created_unixtime":1489537992621,"created_time":"Wed Mar 15 00:33:12 +0000 2017","lang":"en","displayname":"Bhe741","time_zone":"","msg":"RT Salvesayson Be so happy that when others look at you they become happy too ALDUBxDTBYTugOfHearts"}
{"tweet_id":841809471311560705,"created_unixtime":1489537992681,"created_time":"Wed Mar 15 00:33:12 +0000 2017","lang":"en","displayname":"matiaskris","time_zone":"","msg":"Happy Hump Day [pic] — https//tco/kGqg1dbHs0"}
{"tweet_id":841809471135481859,"created_unixtime":1489537992639,"created_time":"Wed Mar 15 00:33:12 +0000 2017","lang":"en","displayname":"MlCHELMOURAD","time_zone":"Caracas","msg":"GailYou72514463 Happy Birthday  👏 spursfamily"}
{"tweet_id":841809471122857984,"created_unixtime":1489537992636,"created_time":"Wed Mar 15 00:33:12 +0000 2017","lang":"en","displayname":"daeshamonet","time_zone":"Eastern Time (US & Canada)","msg":"RT MrMarinKnows 43 million streams on Pharrells HappyPharrell only made 2700Two thousand and seven hundred dollarsSafe to say…"}
{"tweet_id":841809471722553344,"created_unixtime":1489537992779,"created_time":"Wed Mar 15 00:33:12 +0000 2017","lang":"en","displayname":"karltrooper","time_zone":"Arizona","msg":"RT MillennialOfMNL This is your reminder that its okay to not be okay No one is constantly happy Your emotions are yours No one can t…"}
{"tweet_id":841809471626067969,"created_unixtime":1489537992756,"created_time":"Wed Mar 15 00:33:12 +0000 2017","lang":"en","displayname":"KennaRage","time_zone":"","msg":"happy birthday s_wootten I hope you had best day beautiful 😻✨"}
{"tweet_id":841809471689093122,"created_unixtime":1489537992771,"created_time":"Wed Mar 15 00:33:12 +0000 2017","lang":"en","displayname":"JadoreKay","time_zone":"Quito","msg":"sigh yall actually posting answers to that question sad"}
{"tweet_id":841809471609364480,"created_unixtime":1489537992752,"created_time":"Wed Mar 15 00:33:12 +0000 2017","lang":"en","displayname":"oliviaverburg","time_zone":"Pacific Time (US & Canada)","msg":"RT D_Deji28 Do you guys know why he was killed A girl lied that he raped her and her brother shot him dead https//tco/IWDVDZp3rz"}
{"tweet_id":841809471982694400,"created_unixtime":1489537992841,"created_time":"Wed Mar 15 00:33:12 +0000 2017","lang":"en","displayname":"schefflerkayla","time_zone":"Central Time (US & Canada)","msg":"RT maddyradtke i wish i was sleeping forever bc when im not sleeping im sad"}
{"tweet_id":841809472129507328,"created_unixtime":1489537992876,"created_time":"Wed Mar 15 00:33:12 +0000 2017","lang":"en","displayname":"melaninbonin","time_zone":"","msg":"RT fantagiogroup [아스트로] 20170315 HAPPY BIRTHDAY JINJIN♥https//tco/V5gCN4Og73ASTRO JINJIN 진진 HAPPYJINJINDAY💕 https//tco/wheN9y…"}
{"tweet_id":841809472439873536,"created_unixtime":1489537992950,"created_time":"Wed Mar 15 00:33:12 +0000 2017","lang":"en","displayname":"itszoeybud","time_zone":"Eastern Time (US & Canada)","msg":"RT JustAGirIThing Someone When was the last time u were truly happy Me https//tco/YTSjNOreRU"}
{"tweet_id":841809472183967744,"created_unixtime":1489537992889,"created_time":"Wed Mar 15 00:33:12 +0000 2017","lang":"en","displayname":"aleeexang","time_zone":"Pacific Time (US & Canada)","msg":"diwadonato happy birthdaaaay "}
{"tweet_id":841809471789756416,"created_unixtime":1489537992795,"created_time":"Wed Mar 15 00:33:12 +0000 2017","lang":"en","displayname":"ALeague88","time_zone":"Central Time (US & Canada)","msg":"RT kestrelambrose “Get yourself a black spiritual feminist from Erykah Badu Twitter and be happy like Ace Hood” 🤸🏾‍♀️ https//tco/t9RwN…"}
{"tweet_id":841809471928180736,"created_unixtime":1489537992828,"created_time":"Wed Mar 15 00:33:12 +0000 2017","lang":"en","displayname":"_JustKynny","time_zone":"Mountain Time (US & Canada)","msg":"RT TheLaunchMag Happy Birthday Merlin SantanaRIP https//tco/nPmanF6qYN"}
{"tweet_id":841809473085792258,"created_unixtime":1489537993104,"created_time":"Wed Mar 15 00:33:13 +0000 2017","lang":"en","displayname":"Axped","time_zone":"","msg":"RT erinpcapuano realDonaldTrump again caught in a bigly lie about wiretapping Trumpeters believe him Sad DonaldTrump"}
{"tweet_id":841809472368578560,"created_unixtime":1489537992933,"created_time":"Wed Mar 15 00:33:12 +0000 2017","lang":"en","displayname":"JoGelinas","time_zone":"Central Time (US & Canada)","msg":"RT rrbchoir Happy birthday to this guy Hands down one of the coolest around bismeaux https//tco/s6J4t9R2ac"}
{"tweet_id":841809473010323464,"created_unixtime":1489537993086,"created_time":"Wed Mar 15 00:33:13 +0000 2017","lang":"en","displayname":"scaredoffrogs","time_zone":"","msg":"RT Lin_Manuel Me no math but happy you like all these numbers in this order https//tco/pU9iT5XbpV"}
{"tweet_id":841809473345789954,"created_unixtime":1489537993166,"created_time":"Wed Mar 15 00:33:13 +0000 2017","lang":"ja","displayname":"ryotakoyaki1","time_zone":"","msg":"RT meimei_anime_ 今日は1番推している海未ちゃんの誕生日！！Happy Birthday！！海未ちゃんは天使のようにかわいい！最高すぎます！3月15日は園田海未の誕生日 園田海未生誕祭2017ラブライバーはRT 海未ちゃん生誕祭… "}
{"tweet_id":841809473522020353,"created_unixtime":1489537993208,"created_time":"Wed Mar 15 00:33:13 +0000 2017","lang":"en","displayname":"Shylin____","time_zone":"Central Time (US & Canada)","msg":"RT a1fbgmn every girl just wanna be genuinely happy not confused not irritated not slept on not taken advantage of just happy my g "}
{"tweet_id":841809473878474752,"created_unixtime":1489537993293,"created_time":"Wed Mar 15 00:33:13 +0000 2017","lang":"en","displayname":"yeseniaitorres","time_zone":"Pacific Time (US & Canada)","msg":"RT alexsysr My life has done like a full 360 and I couldnt complain Im so happy for once 🙏🏽"}
{"tweet_id":841809473496838144,"created_unixtime":1489537993202,"created_time":"Wed Mar 15 00:33:13 +0000 2017","lang":"en","displayname":"DrPhil03","time_zone":"","msg":"RT D_Deji28 Do you guys know why he was killed A girl lied that he raped her and her brother shot him dead https//tco/IWDVDZp3rz"}
{"tweet_id":841809473454931972,"created_unixtime":1489537993192,"created_time":"Wed Mar 15 00:33:13 +0000 2017","lang":"en","displayname":"bnicole424","time_zone":"Eastern Time (US & Canada)","msg":"orlando1061 that is so sad ☹️"}
{"tweet_id":841809472947384320,"created_unixtime":1489537993071,"created_time":"Wed Mar 15 00:33:13 +0000 2017","lang":"en","displayname":"_freebird99_","time_zone":"Central Time (US & Canada)","msg":"RT marIboros you could spend 0 on me and I’d be happy af just spending time with you"}
{"tweet_id":841809473723326465,"created_unixtime":1489537993256,"created_time":"Wed Mar 15 00:33:13 +0000 2017","lang":"en","displayname":"cabpxx","time_zone":"Amsterdam","msg":"RT Stormzy1 Do what makes you happy mate"}
{"tweet_id":841809474931249152,"created_unixtime":1489537993544,"created_time":"Wed Mar 15 00:33:13 +0000 2017","lang":"en","displayname":"isthataspider","time_zone":"","msg":"Someones happy Im home vacationover cold https//tco/HyePyYwRvo"}
{"tweet_id":841809475564642307,"created_unixtime":1489537993695,"created_time":"Wed Mar 15 00:33:13 +0000 2017","lang":"en","displayname":"sammypetterson_","time_zone":"","msg":"Something to think about 🤔 https//tco/mwsbqIYjZY"}
{"tweet_id":841809475623354369,"created_unixtime":1489537993709,"created_time":"Wed Mar 15 00:33:13 +0000 2017","lang":"en","displayname":"RockyHugMe","time_zone":"Pacific Time (US & Canada)","msg":"rydelR5 Hi queen I wanted to say that in 3 days its my birthday Could you wish me Happy early Birthday Te amo🙈❣ X534"}
{"tweet_id":841809476998987776,"created_unixtime":1489537994037,"created_time":"Wed Mar 15 00:33:14 +0000 2017","lang":"en","displayname":"rosemarymireles","time_zone":"Pacific Time (US & Canada)","msg":"Super sad again ___lauramedina"}
{"tweet_id":841809477087186944,"created_unixtime":1489537994058,"created_time":"Wed Mar 15 00:33:14 +0000 2017","lang":"en","displayname":"ELIZATAL0R","time_zone":"Central Time (US & Canada)","msg":"DAISYJOHNNSON Oh my goodness congrats Im so happy for you"}
{"tweet_id":841809477250748417,"created_unixtime":1489537994097,"created_time":"Wed Mar 15 00:33:14 +0000 2017","lang":"en","displayname":"cmdorsey","time_zone":"Central Time (US & Canada)","msg":"RT tins839 cmdorsey thats a sad group of puppets"}
{"tweet_id":841809476747440132,"created_unixtime":1489537993977,"created_time":"Wed Mar 15 00:33:13 +0000 2017","lang":"en","displayname":"_emmakatherine_","time_zone":"Central Time (US & Canada)","msg":"dont let my smile fool you it is freezing and im not happy about it  Miramar Beach Florida https//tco/qTq4wiviyb"}
{"tweet_id":841809477049413633,"created_unixtime":1489537994049,"created_time":"Wed Mar 15 00:33:14 +0000 2017","lang":"en","displayname":"McDowel73685369","time_zone":"","msg":"Happy PiDay Get Yours Here gtgtgt https//tco/uboIYKeDwu https//tco/IscelkbJfL"}
{"tweet_id":841809473530343424,"created_unixtime":1489537993210,"created_time":"Wed Mar 15 00:33:13 +0000 2017","lang":"ja","displayname":"jaeohjae","time_zone":"Pacific Time (US & Canada)","msg":"お誕生日おめでとうございます、海未ちゃん！！！Happy birthday Umi https//tco/1B9fz0o0EC"}
{"tweet_id":841809474323009536,"created_unixtime":1489537993399,"created_time":"Wed Mar 15 00:33:13 +0000 2017","lang":"en","displayname":"jordaniqua","time_zone":"Melbourne","msg":"Waiting for the rant in capitals from realDonaldTrump ending with Sad And FAKE NEWS"}
{"tweet_id":841809470288236544,"created_unixtime":1489537992437,"created_time":"Wed Mar 15 00:33:12 +0000 2017","lang":"en","displayname":"Meganann_Taylor","time_zone":"","msg":"Happy birthday to my little bestie living life in spain 🇪🇸 love u all the world see u Saturday 😋😋❤❤❤❤ charlbowers https//tco/TleFmLYzFt"}
{"tweet_id":841809474293776384,"created_unixtime":1489537993392,"created_time":"Wed Mar 15 00:33:13 +0000 2017","lang":"en","displayname":"tayreveal","time_zone":"Atlantic Time (Canada)","msg":"happy birthday fatattack41 "}
{"tweet_id":841809474499174400,"created_unixtime":1489537993441,"created_time":"Wed Mar 15 00:33:13 +0000 2017","lang":"en","displayname":"iTriforce","time_zone":"","msg":"Happy Pi day"}
{"tweet_id":841809474763419648,"created_unixtime":1489537993504,"created_time":"Wed Mar 15 00:33:13 +0000 2017","lang":"en","displayname":"RoseAnMike","time_zone":"","msg":"NASCARONFOX joeylogano LVMotorSpeedway FS1 glad amphappy to see u lookin exactly exactly the same😊"}
{"tweet_id":841809474524446722,"created_unixtime":1489537993447,"created_time":"Wed Mar 15 00:33:13 +0000 2017","lang":"en","displayname":"Rich1ill","time_zone":"Arizona","msg":"Happy PiDay Mother nature came in strong today Northeast getting slammed with snow"}
{"tweet_id":841809474281197568,"created_unixtime":1489537993389,"created_time":"Wed Mar 15 00:33:13 +0000 2017","lang":"in","displayname":"milahcakes","time_zone":"Quito","msg":"RT FXSTLVNE Thabks https//tco/d2o4QPfCf0"}
{"tweet_id":841809474742562816,"created_unixtime":1489537993499,"created_time":"Wed Mar 15 00:33:13 +0000 2017","lang":"en","displayname":"NdevriesNick","time_zone":"","msg":"RT Price_3011 Sad that Im watching one of the last games Malcom Hill will play in wearing an Illini uniform The guy deserved a NCAA app…"}
{"tweet_id":841809475275186176,"created_unixtime":1489537993626,"created_time":"Wed Mar 15 00:33:13 +0000 2017","lang":"tl","displayname":"munda_veronica","time_zone":"","msg":"RT MCasalan Pinatawag pala cyaMarydaleEntrat5 many more blessings to come baby girlSuper happy talaga kami para sainyo ni ed… "}
{"tweet_id":841809475615002624,"created_unixtime":1489537993707,"created_time":"Wed Mar 15 00:33:13 +0000 2017","lang":"en","displayname":"caeruame","time_zone":"Eastern Time (US & Canada)","msg":"RT lostpanda Happy Pi day https//tco/tMJq9uUeRk"}
{"tweet_id":841809475677900805,"created_unixtime":1489537993722,"created_time":"Wed Mar 15 00:33:13 +0000 2017","lang":"en","displayname":"DevollMaddie","time_zone":"","msg":"happy baked dish of fruit or meat and vegetables typically with a top and base of pastry day"}
{"tweet_id":841809476038537216,"created_unixtime":1489537993808,"created_time":"Wed Mar 15 00:33:13 +0000 2017","lang":"en","displayname":"nikenrn_","time_zone":"Arizona","msg":"RT Friendstagram There are so many things can make you happy Dont focus too much on things that make you sad"}
{"tweet_id":841809475170377729,"created_unixtime":1489537993601,"created_time":"Wed Mar 15 00:33:13 +0000 2017","lang":"en","displayname":"gwcnstacies","time_zone":"Eastern Time (US & Canada)","msg":"i know nobody gonna speak up but i am sad and wanna rabbit la la land https//tco/5zy8c1exTG"}
{"tweet_id":841809476474798080,"created_unixtime":1489537993912,"created_time":"Wed Mar 15 00:33:13 +0000 2017","lang":"en","displayname":"Dennis25Kayla","time_zone":"","msg":"RT OhDearOOMF u ever feel so sad ur heart hurts"}
{"tweet_id":841809476671938565,"created_unixtime":1489537993959,"created_time":"Wed Mar 15 00:33:13 +0000 2017","lang":"en","displayname":"OlanoMarylou","time_zone":"Pacific Time (US & Canada)","msg":"RT OFCALDubKoTo WE DEFINE OUR SET OF EXPECTATIONS AND OUR STANDARDS TO REACH HAPPINESS WHICH WE ALL CALL CONTENTMENT 😊… "}
{"tweet_id":841809476940402688,"created_unixtime":1489537994023,"created_time":"Wed Mar 15 00:33:14 +0000 2017","lang":"en","displayname":"sherryengrs","time_zone":"Baku","msg":"RT alphabetsuccess If you want to be happy set a goal that commands your thoughts liberates your energy and inspires your hopes  And…"}
{"tweet_id":841809476797751296,"created_unixtime":1489537993989,"created_time":"Wed Mar 15 00:33:13 +0000 2017","lang":"und","displayname":"jsassmaster","time_zone":"Mountain Time (US & Canada)","msg":"🙄 https//tco/bKh6rA8Ai1"}
{"tweet_id":841809477548548097,"created_unixtime":1489537994168,"created_time":"Wed Mar 15 00:33:14 +0000 2017","lang":"en","displayname":"Cvr___","time_zone":"Atlantic Time (Canada)","msg":"RT soIute sometimes the best way to be happy is to learn to let go of things you tried hard to hold on to that are no longer good for you"}
{"tweet_id":841809477519196160,"created_unixtime":1489537994161,"created_time":"Wed Mar 15 00:33:14 +0000 2017","lang":"en","displayname":"MDAbdul55504517","time_zone":"","msg":"RT imVkohli Happy Holi everybody Have a great day today 🙏🏼😇 Please make sure no harm is done to the animals on the streets G… "}
{"tweet_id":841809476978126848,"created_unixtime":1489537994032,"created_time":"Wed Mar 15 00:33:14 +0000 2017","lang":"en","displayname":"_Kernfused_","time_zone":"","msg":"RT jamielinda_ Pi puns are the best Happy Pi Day Yall 😀😄 https//tco/oPyY0kUe6S"}
{"tweet_id":841809478202802177,"created_unixtime":1489537994324,"created_time":"Wed Mar 15 00:33:14 +0000 2017","lang":"en","displayname":"anamika_thukral","time_zone":"","msg":"RT ProfGurdasInsan Gurmeetramrahim Respected n pyare Pita gi I wish u the holi to be very very happy ji Lv u n proud of u Pitaji ht…"}
{"tweet_id":841809478634815488,"created_unixtime":1489537994427,"created_time":"Wed Mar 15 00:33:14 +0000 2017","lang":"en","displayname":"mynameisbengel","time_zone":"Hong Kong","msg":"Happy thoughts pls"}
{"tweet_id":841809474440581120,"created_unixtime":1489537993427,"created_time":"Wed Mar 15 00:33:13 +0000 2017","lang":"en","displayname":"_lucyappleyard","time_zone":"Amsterdam","msg":"Happy 18th Birthday to my fave since day 1 charlotteniamh cant wait to see you tomorrow have a fabby day love y… https//tco/zi8nH6tkXy"}
{"tweet_id":841809478869635073,"created_unixtime":1489537994483,"created_time":"Wed Mar 15 00:33:14 +0000 2017","lang":"ja","displayname":"aobekingdom","time_zone":"","msg":"RT TRC_NUchaya 【男水】なんと！！！本日は小金井晴美役の赤澤燈さんの誕生日です！！！27歳のお誕生日おめでとうございます♡ 是非皆様カフェにお祝いしにいらしてください。＼ ともるん Happy Birthday🍰✨ ／ Mの） https//tco/w…"}
{"tweet_id":841809478433542144,"created_unixtime":1489537994379,"created_time":"Wed Mar 15 00:33:14 +0000 2017","lang":"en","displayname":"brooke_kincaid","time_zone":"Central Time (US & Canada)","msg":"Thank you so much madison❤️❤️ https//tco/fR12igdpzS"}
{"tweet_id":841809477506547712,"created_unixtime":1489537994158,"created_time":"Wed Mar 15 00:33:14 +0000 2017","lang":"en","displayname":"maya_alexis5","time_zone":"","msg":"happy birthday jess youre the funniest person and i know and i hope your day is awesome💞😜🤑 https//tco/23sGRAMslt"}
{"tweet_id":841809478513123328,"created_unixtime":1489537994398,"created_time":"Wed Mar 15 00:33:14 +0000 2017","lang":"en","displayname":"PrepHoopsUT","time_zone":"","msg":"Happy to have one of the best players in Wyoming attending our Exposure Camp https//tco/tYn7zIkIsS"}
{"tweet_id":841809479050055680,"created_unixtime":1489537994526,"created_time":"Wed Mar 15 00:33:14 +0000 2017","lang":"en","displayname":"D_AGUIRRE32","time_zone":"Pacific Time (US & Canada)","msg":"Twitter never fails to make me happy man 😂😂 https//tco/CjIvWlscv4"}
{"tweet_id":841809478781677568,"created_unixtime":1489537994462,"created_time":"Wed Mar 15 00:33:14 +0000 2017","lang":"en","displayname":"ussjellyfish","time_zone":"Central Time (US & Canada)","msg":"this is great https//tco/j1Oygb4kl7"}
{"tweet_id":841809479586914304,"created_unixtime":1489537994654,"created_time":"Wed Mar 15 00:33:14 +0000 2017","lang":"en","displayname":"BabyCafeBak","time_zone":"","msg":"RT lisakrch Happy to help So many stories of fantastic students programs and community partners to share KHSD_Official https//tco/…"}
{"tweet_id":841809479226257408,"created_unixtime":1489537994568,"created_time":"Wed Mar 15 00:33:14 +0000 2017","lang":"en","displayname":"YRNSavo","time_zone":"","msg":"RT richthekid Focus on what makes you happy"}
{"tweet_id":841809479851098112,"created_unixtime":1489537994717,"created_time":"Wed Mar 15 00:33:14 +0000 2017","lang":"ja","displayname":"caroringogogo","time_zone":"","msg":"【連載マンガ】「ほしとくずDont worry Be happy CHAPTER01」を読みました！人気マンガが無料で読める！LINEマンガ今スグ読む→ https//tco/CPQhDhZf5e LINEマンガ"}
{"tweet_id":841809479846969344,"created_unixtime":1489537994716,"created_time":"Wed Mar 15 00:33:14 +0000 2017","lang":"en","displayname":"kyleosterman2","time_zone":"","msg":"RT kylieevans98 kyleosterman2 HAPPY BIRTHDAY KYLE Miss you🎉😊"}
{"tweet_id":841809480350330880,"created_unixtime":1489537994836,"created_time":"Wed Mar 15 00:33:14 +0000 2017","lang":"en","displayname":"NewAge_King","time_zone":"","msg":"RT CultureFUBU Happy Birthday Merlin SantanaRIP https//tco/0K4quO4M5g"}
{"tweet_id":841809480597741568,"created_unixtime":1489537994895,"created_time":"Wed Mar 15 00:33:14 +0000 2017","lang":"en","displayname":"Kh45P8iltkZaLt8","time_zone":"","msg":"RT DF_YutoK Happy Birthday Keigo"}
{"tweet_id":841809480169988096,"created_unixtime":1489537994793,"created_time":"Wed Mar 15 00:33:14 +0000 2017","lang":"en","displayname":"Esquire_DUB","time_zone":"Eastern Time (US & Canada)","msg":"Happy pi day"}
{"tweet_id":841809480501342208,"created_unixtime":1489537994872,"created_time":"Wed Mar 15 00:33:14 +0000 2017","lang":"en","displayname":"lindseybroncho","time_zone":"","msg":"RT MSkinner2016 Happy Birthday Simone❤ Thanks for all the great memories love ya lots Have a fantastic day sista👯💗🎉 https//tco/2zer0I6…"}
{"tweet_id":841809480425717760,"created_unixtime":1489537994854,"created_time":"Wed Mar 15 00:33:14 +0000 2017","lang":"en","displayname":"harleybrazziel","time_zone":"Eastern Time (US & Canada)","msg":"RT BrazzielChloe happy 20 scummy 🎉🎂 https//tco/lgso26lLyb"}
{"tweet_id":841809480442601472,"created_unixtime":1489537994858,"created_time":"Wed Mar 15 00:33:14 +0000 2017","lang":"en","displayname":"SFavKS","time_zone":"","msg":"My sweetheart 😏😂 https//tco/tjfdjld3I1"}
{"tweet_id":841809480581013505,"created_unixtime":1489537994891,"created_time":"Wed Mar 15 00:33:14 +0000 2017","lang":"en","displayname":"BatsyxJokes","time_zone":"Pacific Time (US & Canada)","msg":"ireland83 MiicaCeleste GothamBatAndCat AnKexin2011 MuffinParisGirl Im happy i finally get to watch David live stream ❤️❤️"}
{"tweet_id":841809480845148160,"created_unixtime":1489537994954,"created_time":"Wed Mar 15 00:33:14 +0000 2017","lang":"en","displayname":"MahailaMcKellar","time_zone":"Pacific Time (US & Canada)","msg":"Happy Pi Day 🌸😊🌸 Intentional Tuesdays 🌸😊🌸 Meditation WellnessThroughAwareness https//tco/imOb3yoKn7"}
{"tweet_id":841809480337752064,"created_unixtime":1489537994833,"created_time":"Wed Mar 15 00:33:14 +0000 2017","lang":"en","displayname":"DreamOfAUGirl","time_zone":"","msg":"So sad because u unfollowed me Lol https//tco/ZU1GuRngcD"}
{"tweet_id":841809480182595584,"created_unixtime":1489537994796,"created_time":"Wed Mar 15 00:33:14 +0000 2017","lang":"en","displayname":"alishaseymore","time_zone":"","msg":"RT TRASH_MOBB not happy not sad kinda just floating"}
{"tweet_id":841809481138864128,"created_unixtime":1489537995024,"created_time":"Wed Mar 15 00:33:15 +0000 2017","lang":"en","displayname":"Jackszn_","time_zone":"Central Time (US & Canada)","msg":"maddow chrislhayes Againthis is a violation of federal law 26 US Code § 7213 https//tco/Yg32ewN79G…stop prancing around SAD"}
{"tweet_id":841809481507917824,"created_unixtime":1489537995112,"created_time":"Wed Mar 15 00:33:15 +0000 2017","lang":"en","displayname":"Yunggg_Evaaaa","time_zone":"","msg":"RT richthekid Focus on what makes you happy"}
{"tweet_id":841809478630670336,"created_unixtime":1489537994426,"created_time":"Wed Mar 15 00:33:14 +0000 2017","lang":"en","displayname":"alexandratundra","time_zone":"Eastern Time (US & Canada)","msg":"this isnt even that impressive but this is the best my skin has ever looked without makeup and im happy https//tco/uaMxhpjWYX"}
{"tweet_id":841809480698499076,"created_unixtime":1489537994919,"created_time":"Wed Mar 15 00:33:14 +0000 2017","lang":"en","displayname":"necronox_bxl","time_zone":"Greenland","msg":"PortTalbotTown YESSSS Excellent news The Belgian Branch is happy "}
{"tweet_id":841809481780490242,"created_unixtime":1489537995177,"created_time":"Wed Mar 15 00:33:15 +0000 2017","lang":"en","displayname":"haab1621","time_zone":"","msg":"RT GaMaoyKo Vitamin fruit ko my beloved😋ALDUBxDTBYTugOfHearts https//tco/6XxHTd2jWn"}
{"tweet_id":841809481663164417,"created_unixtime":1489537995149,"created_time":"Wed Mar 15 00:33:15 +0000 2017","lang":"en","displayname":"NathanMillion","time_zone":"America/Bahia_Banderas","msg":"RT pennyroo_ I had the biggest school girl crush on him Smh RIP indeed https//tco/anJL4CW4Si"}
{"tweet_id":841809482271363074,"created_unixtime":1489537995294,"created_time":"Wed Mar 15 00:33:15 +0000 2017","lang":"und","displayname":"softkissNwine","time_zone":"Buenos Aires","msg":"RT karliekloss 😱 https//tco/cLFx8OSj9e"}
{"tweet_id":841809482405564416,"created_unixtime":1489537995326,"created_time":"Wed Mar 15 00:33:15 +0000 2017","lang":"en","displayname":"captainyifan","time_zone":"Seoul","msg":"RT wu_yi_fan 170314 KrisWu Mercury Household Textiles weibo updateAlright time to confess your loveHappy White Day🌹 https//tc…"}
{"tweet_id":841809482569134084,"created_unixtime":1489537995365,"created_time":"Wed Mar 15 00:33:15 +0000 2017","lang":"en","displayname":"badgalltt","time_zone":"","msg":"RT misfitdre every shawty just wants to be genuinely happy not confused not irritated not slept on not taken advantage of just happy…"}
{"tweet_id":841809483038875648,"created_unixtime":1489537995477,"created_time":"Wed Mar 15 00:33:15 +0000 2017","lang":"en","displayname":"fildawg22","time_zone":"","msg":"RT jaylonclark26 fildawg22 happy birthday gorgeous have an amazing day you deserve it"}
{"tweet_id":841809483152076801,"created_unixtime":1489537995504,"created_time":"Wed Mar 15 00:33:15 +0000 2017","lang":"en","displayname":"daisym408","time_zone":"","msg":"RT kaycee_x18 Sometimes you have to hurt people to make yourself happy KailLowry"}
{"tweet_id":841809482921463814,"created_unixtime":1489537995449,"created_time":"Wed Mar 15 00:33:15 +0000 2017","lang":"en","displayname":"dhinesh_711","time_zone":"Eastern Time (US & Canada)","msg":"rollaa99 happy birthday"}
{"tweet_id":841809483412074497,"created_unixtime":1489537995566,"created_time":"Wed Mar 15 00:33:15 +0000 2017","lang":"ja","displayname":"h_170315","time_zone":"","msg":"RT izu12170712 h_170315 Happy Birthday～🎉🎉いつも部活ではお世話になってます！笑ありがとっ🎵これからもよろしくね💕ひなにとって良い1年になりますように！♡´ ˘ `♡"}
{"tweet_id":841809483735089152,"created_unixtime":1489537995643,"created_time":"Wed Mar 15 00:33:15 +0000 2017","lang":"en","displayname":"alexishubler4l","time_zone":"Arizona","msg":"RT richthekid Focus on what makes you happy"}
{"tweet_id":841809483181481985,"created_unixtime":1489537995511,"created_time":"Wed Mar 15 00:33:15 +0000 2017","lang":"en","displayname":"games_24_365","time_zone":"Chennai","msg":"Thanks Game3Live for the follow I´m very happy about it I will follow back very soon"}
{"tweet_id":841809483592527872,"created_unixtime":1489537995609,"created_time":"Wed Mar 15 00:33:15 +0000 2017","lang":"en","displayname":"5h_loucura","time_zone":"Pacific Time (US & Canada)","msg":"RT 5HVotingStats Scared Of Happy FifthHarmony YouKnowYouLoveThem radiodisney"}
{"tweet_id":841809483730837504,"created_unixtime":1489537995642,"created_time":"Wed Mar 15 00:33:15 +0000 2017","lang":"en","displayname":"rock8p698p","time_zone":"Tokyo","msg":"RT yesofficial Happy Birthday BillySherwood https//tco/lzUTeJZEdh"}
{"tweet_id":841809483617730561,"created_unixtime":1489537995615,"created_time":"Wed Mar 15 00:33:15 +0000 2017","lang":"en","displayname":"McThundergoose","time_zone":"Central Time (US & Canada)","msg":"tanoshis HAPPY BDAY MR"}
{"tweet_id":841809483462504448,"created_unixtime":1489537995578,"created_time":"Wed Mar 15 00:33:15 +0000 2017","lang":"en","displayname":"Lyrics2Repeat","time_zone":"Eastern Time (US & Canada)","msg":"RT TransArtGuide Thanks for the recent follow edmondojl LoesFlendrie Lyrics2Repeat Happy to connect  have a great Tuesday 🔹https//…"}
{"tweet_id":841809483437350913,"created_unixtime":1489537995572,"created_time":"Wed Mar 15 00:33:15 +0000 2017","lang":"ko","displayname":"sehvernteen","time_zone":"Pacific Time (US & Canada)","msg":"RT offclASTRO Happy birthday to you~ 진진형 22번째 생일을진심으로 축하해요🎉🎉 착하고 장난도 잘받아주고 리더쉽있는ㅎㅎ진진형 귀염댕이 아스트로 잘부탁드려요생일선물 나 HappyJINJINDay https//…"}
{"tweet_id":841809483848396804,"created_unixtime":1489537995670,"created_time":"Wed Mar 15 00:33:15 +0000 2017","lang":"en","displayname":"Josalyn04","time_zone":"","msg":"RT astros Happy birthday to Astros infielder/outfielder/utilityman/allaroundgreatguy marwinGF9 https//tco/t86SQvAdfn"}
{"tweet_id":841809484087345152,"created_unixtime":1489537995727,"created_time":"Wed Mar 15 00:33:15 +0000 2017","lang":"en","displayname":"KayyLucci","time_zone":"Central America","msg":"RT KayyLucci i be in all these bad moods cant never be fucking happy dawg"}
{"tweet_id":841809483592540160,"created_unixtime":1489537995609,"created_time":"Wed Mar 15 00:33:15 +0000 2017","lang":"en","displayname":"StephanieColem8","time_zone":"","msg":"Hayyyy find new girl and be happy  https//tco/2iQoxGS12Q https//tco/zCTddRBnDD"}
{"tweet_id":841809484024565760,"created_unixtime":1489537995712,"created_time":"Wed Mar 15 00:33:15 +0000 2017","lang":"en","displayname":"sharrpgunhee","time_zone":"Pacific Time (US & Canada)","msg":"RT monxshownu [TRANS] Naver articleMonsta Xs THE CLAN 25 is the youths hurtful growth story it is both sad and beautiful"}
{"tweet_id":841809484251041792,"created_unixtime":1489537995766,"created_time":"Wed Mar 15 00:33:15 +0000 2017","lang":"en","displayname":"baezayncute","time_zone":"Paris","msg":"RT Harry_Styles Huge day for America Happy to see the news All the love"}
{"tweet_id":841809483915386880,"created_unixtime":1489537995686,"created_time":"Wed Mar 15 00:33:15 +0000 2017","lang":"en","displayname":"princcesskae","time_zone":"","msg":"Yessss keee 👏🏾👏🏾👏🏾👏🏾👏🏾 https//tco/S4U3z87kax"}
{"tweet_id":841809484250939392,"created_unixtime":1489537995766,"created_time":"Wed Mar 15 00:33:15 +0000 2017","lang":"en","displayname":"arrroyoadrianna","time_zone":"","msg":"AmericanGirl closed early amp watching all these parents trying to force the door open amp these kids fussing slightly makes me happy Muahaha"}
{"tweet_id":841809484200722432,"created_unixtime":1489537995754,"created_time":"Wed Mar 15 00:33:15 +0000 2017","lang":"en","displayname":"aspenwight","time_zone":"Mountain Time (US & Canada)","msg":"NickBruno10 achieve_anythin lol Im sad I didnt catch that"}
{"tweet_id":841809484821405696,"created_unixtime":1489537995902,"created_time":"Wed Mar 15 00:33:15 +0000 2017","lang":"tl","displayname":"choloccl","time_zone":"","msg":"RT maywardUn Happy graduation day sa lahat ng ga graduate Sa mga bagsak better luck next year MBMayWard"}
{"tweet_id":841809484624285697,"created_unixtime":1489537995855,"created_time":"Wed Mar 15 00:33:15 +0000 2017","lang":"en","displayname":"ofahmio","time_zone":"Kuala Lumpur","msg":"RT NatGeoGenius By his 37th birthday Einstein had published his theory of general relativity overthrowing 200 years of Newtonian… "}
{"tweet_id":841809484032954369,"created_unixtime":1489537995714,"created_time":"Wed Mar 15 00:33:15 +0000 2017","lang":"en","displayname":"leone96","time_zone":"Pacific Time (US & Canada)","msg":"RT FreeMemesKids This is so sad😭 https//tco/Q5jCjwdKcT"}
{"tweet_id":841809485106569216,"created_unixtime":1489537995970,"created_time":"Wed Mar 15 00:33:15 +0000 2017","lang":"en","displayname":"Denuma8","time_zone":"","msg":"VaneHuerta_ werent you sad like an hour ago"}
{"tweet_id":841809485492502528,"created_unixtime":1489537996062,"created_time":"Wed Mar 15 00:33:16 +0000 2017","lang":"en","displayname":"myranurmaira","time_zone":"Kuala Lumpur","msg":"Happy bornday mhmdzzt  Wishing you a wonderful birthday filled with celebration and cheers  Cake later 🍰🎁🎉"}
{"tweet_id":841809485593157636,"created_unixtime":1489537996086,"created_time":"Wed Mar 15 00:33:16 +0000 2017","lang":"en","displayname":"hoonie_melody","time_zone":"","msg":"RT rulerofwind_sh EXO IS ALREADY HAPPY BY JUST PLAYING WITH THEIR HELIUM VOICE YES THIS IS THE GROUP I STAN 😂😂😂 https//tco/C1oj8RSwHS"}
{"tweet_id":841809485786054656,"created_unixtime":1489537996132,"created_time":"Wed Mar 15 00:33:16 +0000 2017","lang":"ja","displayname":"WFggenCRNsXvQtn","time_zone":"","msg":"RT welovesmapstay ☆お知らせ☆SMAPへのビデオメッセージ第2段をアップしました✨今回もスマヲタ動画のカリスマカルさん編集です🙌Happy White Day ～どうか届きますように～https//tco/yCB5jsf3NQ  ど…"}
{"tweet_id":841809485870030850,"created_unixtime":1489537996152,"created_time":"Wed Mar 15 00:33:16 +0000 2017","lang":"en","displayname":"_DopeTruth","time_zone":"Eastern Time (US & Canada)","msg":"When you real deal happy with life  🤙🏽"}
{"tweet_id":841809486008471553,"created_unixtime":1489537996185,"created_time":"Wed Mar 15 00:33:16 +0000 2017","lang":"en","displayname":"SimplyTee09","time_zone":"Hawaii","msg":"RT troytheblackguy All she wanted to do was say happy birthday to her friend but twitter just couldnt let her live lmaooo https//tco/X…"}
{"tweet_id":841809486415302660,"created_unixtime":1489537996282,"created_time":"Wed Mar 15 00:33:16 +0000 2017","lang":"en","displayname":"lmaolexiii","time_zone":"","msg":"Happy Birthday 😊🎉 Karrel_Mae"}
{"tweet_id":841809486713036800,"created_unixtime":1489537996353,"created_time":"Wed Mar 15 00:33:16 +0000 2017","lang":"en","displayname":"reagan_brummett","time_zone":"","msg":"RT SincerelyTumblr So annoying when ppl are like ur always laughin U laugh at everything Its not that funny like OK sorry Im a hap…"}
{"tweet_id":841809485836517376,"created_unixtime":1489537996144,"created_time":"Wed Mar 15 00:33:16 +0000 2017","lang":"en","displayname":"AmyNovondo","time_zone":"Eastern Time (US & Canada)","msg":"banesalvarez soft kitty warm kitty Little ball of fur Happy kitty sleepy kitty Purr purr purr"}
{"tweet_id":841809486033616896,"created_unixtime":1489537996191,"created_time":"Wed Mar 15 00:33:16 +0000 2017","lang":"en","displayname":"crookity","time_zone":"","msg":"Both midwife bills HB315 amp HB316 are up for vote in committee tomorrow Im taking tissues in preparation for bot… https//tco/MhmHpdNiQo"}
{"tweet_id":841809486692069377,"created_unixtime":1489537996348,"created_time":"Wed Mar 15 00:33:16 +0000 2017","lang":"tl","displayname":"jona_eco","time_zone":"","msg":"RT KMCebuFlashers Happy 7th monthsary fam 😍7 months na namin kayong minamahal delavinkisses itsmeMarcoG 💚"}
{"tweet_id":841809487056912384,"created_unixtime":1489537996435,"created_time":"Wed Mar 15 00:33:16 +0000 2017","lang":"en","displayname":"_Samanthamariee","time_zone":"Pacific Time (US & Canada)","msg":"yall ever been sad cause how skinny you are or dass just me"}
{"tweet_id":841809487669293057,"created_unixtime":1489537996581,"created_time":"Wed Mar 15 00:33:16 +0000 2017","lang":"en","displayname":"AdrianaLizbette","time_zone":"Pacific Time (US & Canada)","msg":"RT Mannykidd_ Happy Pi day everyone 😊"}
{"tweet_id":841809487359033344,"created_unixtime":1489537996507,"created_time":"Wed Mar 15 00:33:16 +0000 2017","lang":"en","displayname":"sinsin_x","time_zone":"","msg":"A lot tbh generally happy person https//tco/hUhBIUnNWa"}
{"tweet_id":841809487585460224,"created_unixtime":1489537996561,"created_time":"Wed Mar 15 00:33:16 +0000 2017","lang":"en","displayname":"Aknotsdeath","time_zone":"","msg":"RT Autistic_Mind I have a huge phobia of spiders but the misunderstood spider meme is so cute and funny and sad and Im having a cri… "}
{"tweet_id":841809487610667008,"created_unixtime":1489537996567,"created_time":"Wed Mar 15 00:33:16 +0000 2017","lang":"en","displayname":"HTechlogistlcs","time_zone":"","msg":"RT RandallIan World prepares to move on without US on trade https//tco/00HuSwh56M ABehsudi Trump passing on TPP will cost US jobs amp…"}
{"tweet_id":841809487824470016,"created_unixtime":1489537996618,"created_time":"Wed Mar 15 00:33:16 +0000 2017","lang":"ja","displayname":"yamajun_77_0114","time_zone":"","msg":"RT yayamarukun346 happy birthday🎉 海末ちゃん！！！おめでとう！園田海未生誕祭2017 祝う人RT 3月15日は園田海未の誕生日 ラブアローシュート 園田海未 海未ちゃん推しの人はRT… "}
{"tweet_id":841809487480655877,"created_unixtime":1489537996536,"created_time":"Wed Mar 15 00:33:16 +0000 2017","lang":"en","displayname":"AlazmiBe_","time_zone":"Hawaii","msg":"Waad_alM Happy birthday dr Waad💓👩‍❤️‍💋‍👩"}
{"tweet_id":841809487853977600,"created_unixtime":1489537996625,"created_time":"Wed Mar 15 00:33:16 +0000 2017","lang":"en","displayname":"keepingupwith_A","time_zone":"Pacific Time (US & Canada)","msg":"quettaelizabeth you happy amp das all that matters and I pray it stay that way"}
{"tweet_id":841809487900090369,"created_unixtime":1489537996636,"created_time":"Wed Mar 15 00:33:16 +0000 2017","lang":"en","displayname":"liveinFlexico","time_zone":"","msg":"RT troytheblackguy All she wanted to do was say happy birthday to her friend but twitter just couldnt let her live lmaooo https//tco/X…"}
{"tweet_id":841809487220617217,"created_unixtime":1489537996474,"created_time":"Wed Mar 15 00:33:16 +0000 2017","lang":"en","displayname":"TheRealAngel_M","time_zone":"Eastern Time (US & Canada)","msg":"RT MarioPalush Someone When was the last time u were truly happyMe https//tco/2NuyAAdnbC"}
{"tweet_id":841809487388397568,"created_unixtime":1489537996514,"created_time":"Wed Mar 15 00:33:16 +0000 2017","lang":"en","displayname":"EmmaVaughn18","time_zone":"","msg":"dominic_swingle happy birthday"}
{"tweet_id":841809488667598848,"created_unixtime":1489537996819,"created_time":"Wed Mar 15 00:33:16 +0000 2017","lang":"en","displayname":"NPete2","time_zone":"Pacific Time (US & Canada)","msg":"RT comermd NancyPelosi The most disillusioned Dem in DC Raising Money for a Disillusioned Al Jazeera Puppet Sad GA06… "}
{"tweet_id":841809488466206721,"created_unixtime":1489537996771,"created_time":"Wed Mar 15 00:33:16 +0000 2017","lang":"en","displayname":"jennyhaeyo","time_zone":"Pacific Time (US & Canada)","msg":"RT kunpimookies They make me so happy theyre all so silly I dont know what I would do without got7 https//tco/OhAaMIhUZQ"}
{"tweet_id":841809487950417920,"created_unixtime":1489537996648,"created_time":"Wed Mar 15 00:33:16 +0000 2017","lang":"en","displayname":"NextLVLEvent","time_zone":"Central Time (US & Canada)","msg":"RT NextLVLEvent Happy 2 for 1 Tuesday 🎁For a limited time only take advantage of our 2 tix for the price of 1 specialTickets… "}
{"tweet_id":841809488541802498,"created_unixtime":1489537996789,"created_time":"Wed Mar 15 00:33:16 +0000 2017","lang":"en","displayname":"lautnerslily","time_zone":"","msg":"RT chaneIily Happy NationalNappingDay 😴 gotta love this pic of lilycollins https//tco/Q2mqxPeVUR"}
{"tweet_id":841809489955246080,"created_unixtime":1489537997126,"created_time":"Wed Mar 15 00:33:17 +0000 2017","lang":"en","displayname":"bkeesing","time_zone":"","msg":"RT richthekid Focus on what makes you happy"}
{"tweet_id":841809490076925952,"created_unixtime":1489537997155,"created_time":"Wed Mar 15 00:33:17 +0000 2017","lang":"en","displayname":"iamjaybanks","time_zone":"London","msg":"RT _Alphawoman So again I say if u have gotten anything and u arent happy with it we are very sorry Last year wasnt very good but di…"}
{"tweet_id":841809492023037952,"created_unixtime":1489537997619,"created_time":"Wed Mar 15 00:33:17 +0000 2017","lang":"en","displayname":"JamilaMajesty","time_zone":"Pacific Time (US & Canada)","msg":"DirectorRLScott Happy Birthday 🎉🎁🎉🎁🎉🎁🎉🎁🎉🎁🎉🎁🎉"}
{"tweet_id":841809491813376001,"created_unixtime":1489537997569,"created_time":"Wed Mar 15 00:33:17 +0000 2017","lang":"en","displayname":"RockyHugMe","time_zone":"Pacific Time (US & Canada)","msg":"rydelR5 Hi queen I wanted to say that in 3 days its my birthday Could you wish me Happy early Birthday Te amo🙈❣ X535"}
{"tweet_id":841809491913920512,"created_unixtime":1489537997593,"created_time":"Wed Mar 15 00:33:17 +0000 2017","lang":"ja","displayname":"hghghg33_3","time_zone":"","msg":"【連載マンガ】「ほしとくずDont worry Be happy CHAPTER01」を読みました！人気マンガが無料で読める！LINEマンガ今スグ読む→ https//tco/19V5VOMNsT LINEマンガ"}
{"tweet_id":841809491893067776,"created_unixtime":1489537997588,"created_time":"Wed Mar 15 00:33:17 +0000 2017","lang":"en","displayname":"happyveg1986","time_zone":"","msg":"RT happyveg1986 Warm Avocados  Yay or Nay Heres a few suggestions on enjoying them warmhttps//tco/7NHFeAMMTxavocadolove veget…"}
{"tweet_id":841809491704352770,"created_unixtime":1489537997543,"created_time":"Wed Mar 15 00:33:17 +0000 2017","lang":"en","displayname":"imactuallynatt","time_zone":"Central Time (US & Canada)","msg":"hereformarais happy birthday 🎁🎉🎊🎈"}
{"tweet_id":841809492094394374,"created_unixtime":1489537997636,"created_time":"Wed Mar 15 00:33:17 +0000 2017","lang":"en","displayname":"lostinzmsmile","time_zone":"Belgrade","msg":"RT edsheeran Staying positive and happy is the way forward too many negative people out there eat some chocolate Lindor is good Try t…"}
{"tweet_id":841809490437644288,"created_unixtime":1489537997241,"created_time":"Wed Mar 15 00:33:17 +0000 2017","lang":"en","displayname":"areannatriz14","time_zone":"","msg":"RT lilykatelewis Ah love u so much biggie 💞💞💞 https//tco/B4N6kfoHnS"}
{"tweet_id":841809492446720004,"created_unixtime":1489537997720,"created_time":"Wed Mar 15 00:33:17 +0000 2017","lang":"en","displayname":"amandaapleaze","time_zone":"Atlantic Time (Canada)","msg":"eMANI_InTheBank watching Aladdin makes me sAdMe why its not a sad movieEmani sad because Aladdin isnt my boyfriend"}
{"tweet_id":841809492736069632,"created_unixtime":1489537997789,"created_time":"Wed Mar 15 00:33:17 +0000 2017","lang":"en","displayname":"thnxoppa","time_zone":"","msg":"RT taestingkookie namjin looked so happy together and oUCH MY HEART https//tco/5MwvrhCsou"}
{"tweet_id":841809493101051905,"created_unixtime":1489537997876,"created_time":"Wed Mar 15 00:33:17 +0000 2017","lang":"en","displayname":"Bootyhead_5","time_zone":"Eastern Time (US & Canada)","msg":"RT Stephwuraola Stephwuraola then we are seen as disappointments Its really sad actually"}
{"tweet_id":841809492798980096,"created_unixtime":1489537997804,"created_time":"Wed Mar 15 00:33:17 +0000 2017","lang":"ko","displayname":"ena_59","time_zone":"Seoul","msg":"RT FF14_TENSHIELD 파이널판타지14 패치 33 추가 지역소르 카이 Sohr Khai는 드래곤족 언어로so[h]r  apology / k[h]ai  sad 슬픈 사죄라는 뜻을 담고 있습니다소[호]르 크… "}
{"tweet_id":841809493629448192,"created_unixtime":1489537998002,"created_time":"Wed Mar 15 00:33:18 +0000 2017","lang":"en","displayname":"jasmngarcia","time_zone":"","msg":"fatshitalex happy birthday Alex "}
{"tweet_id":841809493138788354,"created_unixtime":1489537997885,"created_time":"Wed Mar 15 00:33:17 +0000 2017","lang":"en","displayname":"ayaseeli4","time_zone":"Pacific Time (US & Canada)","msg":"RT senguyen1011 HAPPY BIRTHDAY 園田海未生誕祭2017 https//tco/FoPOf1Bug0"}
{"tweet_id":841809493721677824,"created_unixtime":1489537998024,"created_time":"Wed Mar 15 00:33:18 +0000 2017","lang":"en","displayname":"rebulananstephy","time_zone":"Hong Kong","msg":"RT JustAGirIThing Someone When was the last time u were truly happy Me https//tco/YTSjNOreRU"}
{"tweet_id":841809492673200128,"created_unixtime":1489537997774,"created_time":"Wed Mar 15 00:33:17 +0000 2017","lang":"en","displayname":"sweetie_cherie","time_zone":"Atlantic Time (Canada)","msg":"I had a friend like this and Im so happy I no longer associate myself with her 🤘🏽 https//tco/eZLHwjAeqW"}
{"tweet_id":841809493277212672,"created_unixtime":1489537997918,"created_time":"Wed Mar 15 00:33:17 +0000 2017","lang":"en","displayname":"xhotandfatx","time_zone":"Quito","msg":"Full length mirrors are cool Pretty happy I have been able to wear… https//tco/GGzE7r72rE"}
{"tweet_id":841809494313132033,"created_unixtime":1489537998165,"created_time":"Wed Mar 15 00:33:18 +0000 2017","lang":"en","displayname":"RedDirt_Roots","time_zone":"Pacific Time (US & Canada)","msg":"RT rrbchoir Happy birthday to this guy Hands down one of the coolest around bismeaux https//tco/s6J4t9R2ac"}
{"tweet_id":841809493537247232,"created_unixtime":1489537997980,"created_time":"Wed Mar 15 00:33:17 +0000 2017","lang":"en","displayname":"__EnvyLee","time_zone":"Atlantic Time (Canada)","msg":"RT warriors DubNation please join us in wishing StephenCurry30 a very Happy Birthday 🎈 https//tco/cByjiIEk25"}
{"tweet_id":841809494346747904,"created_unixtime":1489537998173,"created_time":"Wed Mar 15 00:33:18 +0000 2017","lang":"en","displayname":"greightce","time_zone":"","msg":"sad because cant play habboo hotel"}
{"tweet_id":841809494237708288,"created_unixtime":1489537998147,"created_time":"Wed Mar 15 00:33:18 +0000 2017","lang":"en","displayname":"atdobbs99","time_zone":"","msg":"Happy Birthday bro 💪🏼nik_athmann"}
{"tweet_id":841809494401273856,"created_unixtime":1489537998186,"created_time":"Wed Mar 15 00:33:18 +0000 2017","lang":"en","displayname":"haein214_","time_zone":"","msg":"RT BryanFuller HAPPY PIE DAY PUSHINGDAISIES https//tco/UNWtPC2kWT"}
{"tweet_id":841809494237691904,"created_unixtime":1489537998147,"created_time":"Wed Mar 15 00:33:18 +0000 2017","lang":"en","displayname":"Itstezo","time_zone":"","msg":"RT CultureFUBU Happy Birthday Merlin SantanaRIP https//tco/0K4quO4M5g"}
{"tweet_id":841809494590005249,"created_unixtime":1489537998231,"created_time":"Wed Mar 15 00:33:18 +0000 2017","lang":"en","displayname":"TwistedBrisket","time_zone":"Pacific Time (US & Canada)","msg":"Happy Pi day yall  Regrann from julesfood   Meat PI I thought about baking a pie butI found a https//tco/OgZLUeN5pN"}
{"tweet_id":841809494900379648,"created_unixtime":1489537998305,"created_time":"Wed Mar 15 00:33:18 +0000 2017","lang":"en","displayname":"tesdnimneeuq_","time_zone":"Pacific Time (US & Canada)","msg":"Im happy i started off good today 😁"}
{"tweet_id":841809494606770177,"created_unixtime":1489537998235,"created_time":"Wed Mar 15 00:33:18 +0000 2017","lang":"de","displayname":"thisshitiminto","time_zone":"Pacific Time (US & Canada)","msg":"RT TheCinegogue Pi 1998 dir Darren AronofskyHappy PiDay  https//tco/uOte86W70p"}
{"tweet_id":841809495160320000,"created_unixtime":1489537998367,"created_time":"Wed Mar 15 00:33:18 +0000 2017","lang":"en","displayname":"cuteasskorns","time_zone":"Pacific Time (US & Canada)","msg":"RT margaritasmusic guys im so sad lol https//tco/V5VZb6pz6H"}
{"tweet_id":841809495261089792,"created_unixtime":1489537998391,"created_time":"Wed Mar 15 00:33:18 +0000 2017","lang":"en","displayname":"CurlyPowers","time_zone":"Monterrey","msg":"FernieMachado Fer ve a terapia Machado you deserve to be and feel happy"}
{"tweet_id":841809495332392962,"created_unixtime":1489537998408,"created_time":"Wed Mar 15 00:33:18 +0000 2017","lang":"en","displayname":"MJSINCE93","time_zone":"Eastern Time (US & Canada)","msg":"RT D_Deji28 Do you guys know why he was killed A girl lied that he raped her and her brother shot him dead https//tco/IWDVDZp3rz"}
{"tweet_id":841809495361744899,"created_unixtime":1489537998415,"created_time":"Wed Mar 15 00:33:18 +0000 2017","lang":"en","displayname":"MiriamKaufmanMD","time_zone":"","msg":"RT NatureNPS This is what happens when you have a building full of scientists and a laser👨🏽‍🔬👩🏾‍🔬⚡️3️⃣1️⃣4️⃣ Happy PiDay https//tco…"}
{"tweet_id":841809495743385600,"created_unixtime":1489537998506,"created_time":"Wed Mar 15 00:33:18 +0000 2017","lang":"ja","displayname":"sakimiya101","time_zone":"","msg":"RT bluegreen_1112 Popcorn 〜 Are You Happy までの相葉雅紀のソロ曲をまとめてみました。暖かく包み込むような優しい歌声に聞いていて心が癒される… https//tco/sVEi9DdzpX"}
{"tweet_id":841809495902806016,"created_unixtime":1489537998544,"created_time":"Wed Mar 15 00:33:18 +0000 2017","lang":"en","displayname":"wastronaut_","time_zone":"Amsterdam","msg":"RT PeachMeadows only miserable people are bullys amp thats a fact no one who is happy ever has the urge to bring others down remember t…"}
{"tweet_id":841809496066396162,"created_unixtime":1489537998583,"created_time":"Wed Mar 15 00:33:18 +0000 2017","lang":"en","displayname":"_peytondolan","time_zone":"","msg":"RT EthanDolan happy tuesday todays vid is gonna be super different 😬"}
{"tweet_id":841809496297086976,"created_unixtime":1489537998638,"created_time":"Wed Mar 15 00:33:18 +0000 2017","lang":"en","displayname":"KamryLynn","time_zone":"","msg":"RT kanyefeeI its sad to see a good person change"}
{"tweet_id":841809496154492928,"created_unixtime":1489537998604,"created_time":"Wed Mar 15 00:33:18 +0000 2017","lang":"en","displayname":"rexyplus","time_zone":"Arizona","msg":"Happy birthday to you dear  Peace close Elioparanwo port harcourt https//tco/Ag087db6VO"}
{"tweet_id":841809496351604736,"created_unixtime":1489537998651,"created_time":"Wed Mar 15 00:33:18 +0000 2017","lang":"en","displayname":"fernandezjd85","time_zone":"Bogota","msg":"RT Android We’re going to need a bigger chalkboard Happy PiDay https//tco/vL1tDfMbNQ"}
{"tweet_id":841809496796213248,"created_unixtime":1489537998757,"created_time":"Wed Mar 15 00:33:18 +0000 2017","lang":"en","displayname":"mscarol1031","time_zone":"","msg":"realDonaldTrump markets you make America sad not great"}
{"tweet_id":841809497005932549,"created_unixtime":1489537998807,"created_time":"Wed Mar 15 00:33:18 +0000 2017","lang":"en","displayname":"TaylorHensley_","time_zone":"","msg":"thanks kepple ily ❤️❤️ https//tco/dI0ZquCefM"}
{"tweet_id":841809497081434114,"created_unixtime":1489537998825,"created_time":"Wed Mar 15 00:33:18 +0000 2017","lang":"en","displayname":"_hxnter__","time_zone":"Central Time (US & Canada)","msg":"Happy Birthday cousin❤ Mimiiiiiii123"}
{"tweet_id":841809497479905280,"created_unixtime":1489537998920,"created_time":"Wed Mar 15 00:33:18 +0000 2017","lang":"en","displayname":"iftawyeon","time_zone":"Pacific Time (US & Canada)","msg":"RT xotiffanysmiles the life its so sad without you please show up https//tco/Z1I2KVRvuv"}
{"tweet_id":841809497236492288,"created_unixtime":1489537998862,"created_time":"Wed Mar 15 00:33:18 +0000 2017","lang":"en","displayname":"rhedmanzano","time_zone":"","msg":"RT imlolabashang Anyone can make you happy by doing something sweet but only someone special can make you happy without doing anything"}
{"tweet_id":841809497727287296,"created_unixtime":1489537998979,"created_time":"Wed Mar 15 00:33:18 +0000 2017","lang":"en","displayname":"aardidod","time_zone":"Jakarta","msg":"RT ohteenquotes Spend life with who makes you happy not with who you have to impress"}
{"tweet_id":841809497521770496,"created_unixtime":1489537998930,"created_time":"Wed Mar 15 00:33:18 +0000 2017","lang":"en","displayname":"ii_l00rey","time_zone":"","msg":"RT ii_l00rey A rose doesnt means for proposing love It also means R _RARE  O _ ONES  S _ SUPPORTING  E _ ENTIRE LIFEHappy Rose Day…"}
{"tweet_id":841809498448654336,"created_unixtime":1489537999151,"created_time":"Wed Mar 15 00:33:19 +0000 2017","lang":"en","displayname":"fanharmony5","time_zone":"","msg":"RT dinahjane97 🎹 keeps me happy"}
{"tweet_id":841809498679328768,"created_unixtime":1489537999206,"created_time":"Wed Mar 15 00:33:19 +0000 2017","lang":"en","displayname":"MheannMalicdem","time_zone":"","msg":"RT ALDUBNATIONNCR Prayer is powerful its amazing what it can do Always stay happy at all timesRT amp spread love worldwide🌻🌻🌻… "}
{"tweet_id":841809498415218688,"created_unixtime":1489537999143,"created_time":"Wed Mar 15 00:33:19 +0000 2017","lang":"en","displayname":"Kazoozer","time_zone":"Central Time (US & Canada)","msg":"RT standupmaths Happy Pi Day If you pick two whole numbers at random the probability they do not share a factor is 6/π² piday https/…"}
{"tweet_id":841809498675150849,"created_unixtime":1489537999205,"created_time":"Wed Mar 15 00:33:19 +0000 2017","lang":"ja","displayname":"ochanoverdrive0","time_zone":"","msg":"RT Wonderzone1123 園田海未生誕祭2017  RTした人全員フォローする  ラブライブ Happy Birthday 海未ちゃん！！！なんと美しいのでしょう、、、｢｢才色兼備｣｣とはまさにこの事｡ https//tco/Z6VVhfQ…"}
{"tweet_id":841809498691981313,"created_unixtime":1489537999209,"created_time":"Wed Mar 15 00:33:19 +0000 2017","lang":"en","displayname":"sofiapopatco_","time_zone":"Pacific Time (US & Canada)","msg":"Happy birthday cretonneoraiz 🎉"}
{"tweet_id":841809498889170945,"created_unixtime":1489537999256,"created_time":"Wed Mar 15 00:33:19 +0000 2017","lang":"en","displayname":"XxImBatmanxXx","time_zone":"","msg":"RT 9GAG Face Youre uglyBody Youre fatBrain Youre stupidLife You suckFood Come here babe youll be happy with me"}
