{"tweet_id":841810537394667520,"created_unixtime":1489538246855,"created_time":"Wed Mar 15 00:37:26 +0000 2017","lang":"en","displayname":"amanda_obrien_","time_zone":"","msg":"when i was little if it snowed id play w kids in the neighborhood for hours and now all the kids are inside on their electronicssad"}
{"tweet_id":841810537931456512,"created_unixtime":1489538246983,"created_time":"Wed Mar 15 00:37:26 +0000 2017","lang":"en","displayname":"tinxdelacruz","time_zone":"Beijing","msg":"RT NashLenersOFC Closed na Myx polls Good job NashLeners 😊 Thank you sa lahat ng bumoto 😘💙 HAPPY NASHLENE DAY"}
{"tweet_id":841810538384384000,"created_unixtime":1489538247091,"created_time":"Wed Mar 15 00:37:27 +0000 2017","lang":"es","displayname":"esteladic2126","time_zone":"","msg":"RT Sugarlapin8 Termine de ver el fin de temporada de esta serie 💔Im sadDaronNefcy StarVsTheForcesOfEvil  starco https//tco/gnjn…"}
{"tweet_id":841810538363535360,"created_unixtime":1489538247086,"created_time":"Wed Mar 15 00:37:27 +0000 2017","lang":"en","displayname":"_cabrisun","time_zone":"Atlantic Time (Canada)","msg":"poppinmahle happy bday pretty girl😍🎈🎉"}
{"tweet_id":841810538392891392,"created_unixtime":1489538247093,"created_time":"Wed Mar 15 00:37:27 +0000 2017","lang":"en","displayname":"shabadoobie","time_zone":"Eastern Time (US & Canada)","msg":"RT robinthede Really Some are disappointed that maddow only has 2005 Like you would only be happy w/ 20 yrs of indepth tax analysis…"}
{"tweet_id":841810538321612800,"created_unixtime":1489538247076,"created_time":"Wed Mar 15 00:37:27 +0000 2017","lang":"en","displayname":"wompastompa1","time_zone":"","msg":"RT bwecht Happy Birthday to a guy that forever changed my life Dan Avidan Audrey amp I recorded a little message to celebrate https//t…"}
{"tweet_id":841810538459885568,"created_unixtime":1489538247109,"created_time":"Wed Mar 15 00:37:27 +0000 2017","lang":"tl","displayname":"NjDiestro","time_zone":"","msg":"Happy birthday bryceeusebio aka little Benjie https//tco/9wMRZnzf01"}
{"tweet_id":841810538980089857,"created_unixtime":1489538247233,"created_time":"Wed Mar 15 00:37:27 +0000 2017","lang":"en","displayname":"itschloooe","time_zone":"London","msg":"How happy would u be if you could be shauna for one — I think Id be so happy that when I went back to be https//tco/h93kv9Evge"}
{"tweet_id":841810539642724353,"created_unixtime":1489538247391,"created_time":"Wed Mar 15 00:37:27 +0000 2017","lang":"en","displayname":"paulinejoy97","time_zone":"","msg":"RT ohmybaequotes being single is different from being alone Im single and Im happy with it"}
{"tweet_id":841810539043004416,"created_unixtime":1489538247248,"created_time":"Wed Mar 15 00:37:27 +0000 2017","lang":"en","displayname":"5e1628bb947d498","time_zone":"","msg":"RT andibeth012 Sir Patrick Stewart Loves His Foster Dog https//tco/Hsxd9LuhPf FOSTER HAPPY VIDEO"}
{"tweet_id":841810539697201152,"created_unixtime":1489538247404,"created_time":"Wed Mar 15 00:37:27 +0000 2017","lang":"ja","displayname":"dbsudg","time_zone":"","msg":"【連載マンガ】「ほしとくずDont worry Be happy CHAPTER01」を読みました！人気マンガが無料で読める！LINEマンガ今スグ読む→ https//tco/SjWmPvyiBA LINEマンガ"}
{"tweet_id":841810539407908864,"created_unixtime":1489538247335,"created_time":"Wed Mar 15 00:37:27 +0000 2017","lang":"en","displayname":"DrClarkIPresume","time_zone":"Hawaii","msg":"RT KenJennings The Ugly Duckling is my favorite story about how if youre unpopular amp sad you might still turn it around if your look…"}
{"tweet_id":841810539676291072,"created_unixtime":1489538247399,"created_time":"Wed Mar 15 00:37:27 +0000 2017","lang":"ja","displayname":"kurokita666","time_zone":"","msg":"RT 1717frappuccino ✩海未ちゃんHappy Birthday✩いつも頑張り屋さんな海未ちゃん。頑張る人は素敵✨でしょ？加工もしてみました！どうかな？あなたに届け！ 園田海未生誕祭2017 3月15日は園田海未の誕生日… "}
{"tweet_id":841810540192178176,"created_unixtime":1489538247522,"created_time":"Wed Mar 15 00:37:27 +0000 2017","lang":"en","displayname":"sherrygrey","time_zone":"","msg":"SusanSarandon So sad😢"}
{"tweet_id":841810539915415552,"created_unixtime":1489538247456,"created_time":"Wed Mar 15 00:37:27 +0000 2017","lang":"en","displayname":"CTudor88","time_zone":"Eastern Time (US & Canada)","msg":"Pet peeve its venomous not poisonous Fake news SAD https//tco/sx2uwNyN98"}
{"tweet_id":841810538518700034,"created_unixtime":1489538247123,"created_time":"Wed Mar 15 00:37:27 +0000 2017","lang":"en","displayname":"TheOfficialRK_","time_zone":"Eastern Time (US & Canada)","msg":"Yo happy birthday homie bmxandrewwhipps https//tco/7Ec4dzGZLy"}
{"tweet_id":841810540594925568,"created_unixtime":1489538247618,"created_time":"Wed Mar 15 00:37:27 +0000 2017","lang":"en","displayname":"EricFundak","time_zone":"Pacific Time (US & Canada)","msg":"RT richthekid Focus on what makes you happy"}
{"tweet_id":841810540120969216,"created_unixtime":1489538247505,"created_time":"Wed Mar 15 00:37:27 +0000 2017","lang":"en","displayname":"bin99","time_zone":"Mumbai","msg":"RT davidfrawleyved Sad that ShashiTharoor remains a sycophantic apologist of an incompetent uncultured and corrupt Congress leadersh… "}
{"tweet_id":841810540607467520,"created_unixtime":1489538247621,"created_time":"Wed Mar 15 00:37:27 +0000 2017","lang":"es","displayname":"yxzmin_","time_zone":"Pacific Time (US & Canada)","msg":"RT carlosbugani siempre que me miro al espejo me quiero matar porque soy feo y mi vida es una mierda ahre se ponía sad"}
{"tweet_id":841810541488267266,"created_unixtime":1489538247831,"created_time":"Wed Mar 15 00:37:27 +0000 2017","lang":"en","displayname":"Viffido","time_zone":"Caracas","msg":"RT bwecht Happy Birthday to a guy that forever changed my life Dan Avidan Audrey amp I recorded a little message to celebrate https//t…"}
{"tweet_id":841810542113247232,"created_unixtime":1489538247980,"created_time":"Wed Mar 15 00:37:27 +0000 2017","lang":"en","displayname":"Nikki13982","time_zone":"Pacific Time (US & Canada)","msg":"Im lonely and its sad"}
{"tweet_id":841810542138425344,"created_unixtime":1489538247986,"created_time":"Wed Mar 15 00:37:27 +0000 2017","lang":"en","displayname":"DesiMarshay","time_zone":"","msg":"RT iLoveAntoinette Happy 314 Day to all yall St Louisans https//tco/cX6XKKhdRg"}
{"tweet_id":841810542650134528,"created_unixtime":1489538248108,"created_time":"Wed Mar 15 00:37:28 +0000 2017","lang":"en","displayname":"illuminatecurry","time_zone":"","msg":"RT NBA Join us in wishing StephenCurry30 of the warriors a HAPPY 29th BIRTHDAY NBABDAY DubNation https//tco/cZfNy7sLh5"}
{"tweet_id":841810542998220801,"created_unixtime":1489538248191,"created_time":"Wed Mar 15 00:37:28 +0000 2017","lang":"en","displayname":"nazercarlos9","time_zone":"","msg":"RT KrizzyFollman Take risks be happy stay positive  ALDUBxDTBYTugOfHearts"}
{"tweet_id":841810542721409028,"created_unixtime":1489538248125,"created_time":"Wed Mar 15 00:37:28 +0000 2017","lang":"en","displayname":"paigeeoo","time_zone":"Helsinki","msg":"RT Simone_Biles aw love you bff 💋 https//tco/5EUXBBDiKk"}
{"tweet_id":841810542528454656,"created_unixtime":1489538248079,"created_time":"Wed Mar 15 00:37:28 +0000 2017","lang":"en","displayname":"lfc4ever95","time_zone":"","msg":"Mywayorthe 🎉Happy Birthday  have awesome day 🎂YNWA https//tco/1zjqFccDCY"}
{"tweet_id":841810543216332800,"created_unixtime":1489538248243,"created_time":"Wed Mar 15 00:37:28 +0000 2017","lang":"en","displayname":"everyfan3417","time_zone":"Eastern Time (US & Canada)","msg":"RT bwecht Happy Birthday to a guy that forever changed my life Dan Avidan Audrey amp I recorded a little message to celebrate https//t…"}
{"tweet_id":841810543254073344,"created_unixtime":1489538248252,"created_time":"Wed Mar 15 00:37:28 +0000 2017","lang":"en","displayname":"laurengugliotti","time_zone":"Eastern Time (US & Canada)","msg":"shelby_noel16 Happy birthday 💕❤"}
{"tweet_id":841810543304425475,"created_unixtime":1489538248264,"created_time":"Wed Mar 15 00:37:28 +0000 2017","lang":"en","displayname":"joie1524","time_zone":"","msg":"i hope youre happy"}
{"tweet_id":841810543228944384,"created_unixtime":1489538248246,"created_time":"Wed Mar 15 00:37:28 +0000 2017","lang":"en","displayname":"lynsaldanaa","time_zone":"Quito","msg":"RT CultureFUBU Happy Birthday Merlin SantanaRIP https//tco/0K4quO4M5g"}
{"tweet_id":841810543606403072,"created_unixtime":1489538248336,"created_time":"Wed Mar 15 00:37:28 +0000 2017","lang":"en","displayname":"ryficonnection","time_zone":"","msg":"RT MatPatGT A nerdy math joke for a nerdy holidayHappy Pi Day https//tco/jRxvuScUyn"}
{"tweet_id":841810543463690241,"created_unixtime":1489538248302,"created_time":"Wed Mar 15 00:37:28 +0000 2017","lang":"en","displayname":"ploytachiii","time_zone":"Pacific Time (US & Canada)","msg":"RT 2jaespics happy couple https//tco/DKe7fYFzah"}
{"tweet_id":841810543719677952,"created_unixtime":1489538248363,"created_time":"Wed Mar 15 00:37:28 +0000 2017","lang":"en","displayname":"Shontasiaaa","time_zone":"Pacific Time (US & Canada)","msg":"RT Ant_Himself Trynna keep everybody happy but I just end up hurt💯"}
{"tweet_id":841810544248020992,"created_unixtime":1489538248489,"created_time":"Wed Mar 15 00:37:28 +0000 2017","lang":"en","displayname":"stokedjauregui","time_zone":"Pacific Time (US & Canada)","msg":"RT SincerelyTumblr So annoying when ppl are like ur always laughin U laugh at everything Its not that funny like OK sorry Im a hap…"}
{"tweet_id":841810544214577152,"created_unixtime":1489538248481,"created_time":"Wed Mar 15 00:37:28 +0000 2017","lang":"en","displayname":"tanasclickbait","time_zone":"Central Time (US & Canada)","msg":"RT alshipley what if Lorde Lana Del Rey and Halsey all drop their albums at once and the sad teens become so powerful they overthrow the…"}
{"tweet_id":841810544034209792,"created_unixtime":1489538248438,"created_time":"Wed Mar 15 00:37:28 +0000 2017","lang":"en","displayname":"march4progress","time_zone":"","msg":"RT ActualFlatticus Its my sad duty to announce that there is no line item for bribes from Russian oligarchs on a 1040 form https//t…"}
{"tweet_id":841810544508194820,"created_unixtime":1489538248551,"created_time":"Wed Mar 15 00:37:28 +0000 2017","lang":"en","displayname":"AvtarIn05645494","time_zone":"","msg":"RT Gurmeetramrahim MSGwishesToArmedForces Jai Hind amp Happy Holi to the courageous Armed Forces who valiantly defend the honor of http…"}
{"tweet_id":841810544965365760,"created_unixtime":1489538248660,"created_time":"Wed Mar 15 00:37:28 +0000 2017","lang":"en","displayname":"SPlDEYSTARK","time_zone":"Central Time (US & Canada)","msg":"i still want betty amp archie together / i want her to be happy"}
{"tweet_id":841810544642396160,"created_unixtime":1489538248583,"created_time":"Wed Mar 15 00:37:28 +0000 2017","lang":"en","displayname":"Lewi_Gouldson98","time_zone":"","msg":"RT Stormzy1 Do what makes you happy mate"}
{"tweet_id":841810545414033408,"created_unixtime":1489538248767,"created_time":"Wed Mar 15 00:37:28 +0000 2017","lang":"tl","displayname":"ryanneilcaguiat","time_zone":"Beijing","msg":"HAPPY BDAY SA MGA LAPTRIP NG SG cunanandane angelicamaee__  CAPSLOCK NA TO PARA DAMA ENJOY NIYO NA ANG ARAW SAGARIN ANG LAPTRIP MTBC 🎂🎈"}
{"tweet_id":841810545581928448,"created_unixtime":1489538248807,"created_time":"Wed Mar 15 00:37:28 +0000 2017","lang":"en","displayname":"anisaaalb","time_zone":"","msg":"I only fw a few people and Im more than happy to be surrounded with the few people I associate myself with"}
{"tweet_id":841810545607090177,"created_unixtime":1489538248813,"created_time":"Wed Mar 15 00:37:28 +0000 2017","lang":"en","displayname":"DVance1427","time_zone":"","msg":"Happy Birthday KeithBall25  Hope its an amazing and not too cold day 😁"}
{"tweet_id":841810545963495424,"created_unixtime":1489538248898,"created_time":"Wed Mar 15 00:37:28 +0000 2017","lang":"en","displayname":"mrndmrshook","time_zone":"Central Time (US & Canada)","msg":"Im gonna bake cupcakes for the first time so wish me luck lol and hopefully itll help me distract cause Im just sad rn"}
{"tweet_id":841810544927625216,"created_unixtime":1489538248651,"created_time":"Wed Mar 15 00:37:28 +0000 2017","lang":"en","displayname":"1h4t3e99s","time_zone":"Brasilia","msg":"RT chwndIerriggs Hi Chandler Could Read the text that I made for you Done with great care if you can follow me I will be super hap… "}
{"tweet_id":841810545946812417,"created_unixtime":1489538248894,"created_time":"Wed Mar 15 00:37:28 +0000 2017","lang":"en","displayname":"GabrielleLamora","time_zone":"","msg":"my little cousin just called me and san me happy birthday and sounded so sweet 😭😭😭"}
{"tweet_id":841810545196044290,"created_unixtime":1489538248715,"created_time":"Wed Mar 15 00:37:28 +0000 2017","lang":"en","displayname":"SarahBr08138180","time_zone":"","msg":"Hii find new girl and be happy  https//tco/dUGNkRV6Pd https//tco/yOFEwyXMoW"}
{"tweet_id":841810546559184896,"created_unixtime":1489538249040,"created_time":"Wed Mar 15 00:37:29 +0000 2017","lang":"en","displayname":"romeroc24","time_zone":"Eastern Time (US & Canada)","msg":"I liked a YouTube video from littlebabybum https//tco/N0QJiqtAJ9 If Youre Happy And You Know It Clap Your Hands  Nursery"}
{"tweet_id":841810546978619392,"created_unixtime":1489538249140,"created_time":"Wed Mar 15 00:37:29 +0000 2017","lang":"en","displayname":"Azaljadi","time_zone":"","msg":"RT ILLUMlNATI A private life is a happy life"}
{"tweet_id":841810546915700736,"created_unixtime":1489538249125,"created_time":"Wed Mar 15 00:37:29 +0000 2017","lang":"en","displayname":"Rebel64228054","time_zone":"","msg":"RT The_Trump_Train Its been 118 days since the election and Democrats have yet to produce a shred of evidence of Russian interference S…"}
{"tweet_id":841810544785002496,"created_unixtime":1489538248617,"created_time":"Wed Mar 15 00:37:28 +0000 2017","lang":"en","displayname":"ckertsos","time_zone":"","msg":"Happy 21st birthday to the queen herself Kyranitar 💓🎂 https//tco/6t2VHRPTop"}
{"tweet_id":841810546257219588,"created_unixtime":1489538248968,"created_time":"Wed Mar 15 00:37:28 +0000 2017","lang":"en","displayname":"Auntienaj","time_zone":"","msg":"RT D_Deji28 Do you guys know why he was killed A girl lied that he raped her and her brother shot him dead https//tco/IWDVDZp3rz"}
{"tweet_id":841810547397943296,"created_unixtime":1489538249240,"created_time":"Wed Mar 15 00:37:29 +0000 2017","lang":"en","displayname":"pooorfangirl","time_zone":"","msg":"RT offclASTRO_6 [PIC] 170315 Fantagio Official Fancafe Update Happy Birthday 아스트로 JinJjn 1HappyJinJinDay https//tco/haLhyg86ds"}
{"tweet_id":841810547813285888,"created_unixtime":1489538249339,"created_time":"Wed Mar 15 00:37:29 +0000 2017","lang":"en","displayname":"00baepsae","time_zone":"Buenos Aires","msg":"RT ringelrei please I want them to be happy https//tco/mMMS2L9zbw"}
{"tweet_id":841810548744425472,"created_unixtime":1489538249561,"created_time":"Wed Mar 15 00:37:29 +0000 2017","lang":"en","displayname":"jaybabyy_89","time_zone":"Pacific Time (US & Canada)","msg":"RT Deshawnny7 the SMALLLLLLLEST things make me happy ya dont even know"}
{"tweet_id":841810548928966656,"created_unixtime":1489538249605,"created_time":"Wed Mar 15 00:37:29 +0000 2017","lang":"en","displayname":"krechenmacher","time_zone":"","msg":"Cubguy1908 that is very sad Try and be the bright spot in their lives"}
{"tweet_id":841810548887040000,"created_unixtime":1489538249595,"created_time":"Wed Mar 15 00:37:29 +0000 2017","lang":"en","displayname":"HelloIAmRichard","time_zone":"Mountain Time (US & Canada)","msg":"RT MarnMarnBarn Happy pi day to my fellow math lovers 💯 Now go eat sum pi https//tco/XeYTLEoI8a"}
{"tweet_id":841810549302218752,"created_unixtime":1489538249694,"created_time":"Wed Mar 15 00:37:29 +0000 2017","lang":"en","displayname":"Inazuma_0606","time_zone":"","msg":"RT shirota_153 Happy３１５day🎈 https//tco/oeUJLLfg1R"}
{"tweet_id":841810549616787456,"created_unixtime":1489538249769,"created_time":"Wed Mar 15 00:37:29 +0000 2017","lang":"en","displayname":"bixchel14","time_zone":"","msg":"saying  im tired  when youre actually sad"}
{"tweet_id":841810549465784321,"created_unixtime":1489538249733,"created_time":"Wed Mar 15 00:37:29 +0000 2017","lang":"en","displayname":"faith_venzor","time_zone":"","msg":"RT principallopez Its ACTION week and this is the way the Tartans act Maybe we should rethink this activity Get your attitude right TA…"}
{"tweet_id":841810548689899520,"created_unixtime":1489538249548,"created_time":"Wed Mar 15 00:37:29 +0000 2017","lang":"es","displayname":"Peru_Noticias","time_zone":"Lima","msg":"Horarios oficiales del Happy Ending Fest 2017 https//tco/GfEV52pv8Z PerúNoticias https//tco/UW2cyaaCoW"}
{"tweet_id":841810549675569154,"created_unixtime":1489538249783,"created_time":"Wed Mar 15 00:37:29 +0000 2017","lang":"en","displayname":"MoonzOnFire1","time_zone":"","msg":"RT BeatzByLans RT OnTheEdgeMusik AysLondon is happy he has got 3 hits into Top20Off The Recordin cont https//tco/AVYUeQVzrr"}
{"tweet_id":841810549939757056,"created_unixtime":1489538249846,"created_time":"Wed Mar 15 00:37:29 +0000 2017","lang":"en","displayname":"bellbbbb","time_zone":"Bangkok","msg":"RT 9GAG Face Youre uglyBody Youre fatBrain Youre stupidLife You suckFood Come here babe youll be happy with me"}
{"tweet_id":841810548505366532,"created_unixtime":1489538249504,"created_time":"Wed Mar 15 00:37:29 +0000 2017","lang":"und","displayname":"chadhofer","time_zone":"","msg":"CalebDHofer3 ZachFelderman16 https//tco/xeCVkClsSb"}
{"tweet_id":841810550120157184,"created_unixtime":1489538249889,"created_time":"Wed Mar 15 00:37:29 +0000 2017","lang":"en","displayname":"nazercarlos9","time_zone":"","msg":"RT KrizzyFollman Life may be sad but it’s always beautiful  ALDUBxDTBYTugOfHearts"}
{"tweet_id":841810550283624448,"created_unixtime":1489538249928,"created_time":"Wed Mar 15 00:37:29 +0000 2017","lang":"en","displayname":"Jammybear2","time_zone":"Beijing","msg":"RT ellina_gen Avlem25 japple003 cpjayloni fleurs7754 MaElenaNieto Likewise po Happy day to all Aldubbers 😊ALDUBxDTBYTugOfHearts"}
{"tweet_id":841810550472429568,"created_unixtime":1489538249973,"created_time":"Wed Mar 15 00:37:29 +0000 2017","lang":"en","displayname":"Eliseokayy_","time_zone":"","msg":"RT TeE_e_ thank you elise💘💜💕 https//tco/I9Db7TGA5g"}
{"tweet_id":841810550405316608,"created_unixtime":1489538249957,"created_time":"Wed Mar 15 00:37:29 +0000 2017","lang":"en","displayname":"Maywarded","time_zone":"","msg":"RT PBBKAHOUSE I cried I was sad I was guilty I was everything Edward MBMayWard"}
{"tweet_id":841810553001631744,"created_unixtime":1489538250576,"created_time":"Wed Mar 15 00:37:30 +0000 2017","lang":"en","displayname":"problacksus","time_zone":"Eastern Time (US & Canada)","msg":"my auntie got me this setting powder an the flashback on it is so horrible but im happy that she at least tried"}
{"tweet_id":841810553207107584,"created_unixtime":1489538250625,"created_time":"Wed Mar 15 00:37:30 +0000 2017","lang":"en","displayname":"hy_me33","time_zone":"","msg":"RT ThomasWictor For clicks likes shares fame followersThey all want you to be afraidI want you to be calm confident a… "}
{"tweet_id":841810553186074627,"created_unixtime":1489538250620,"created_time":"Wed Mar 15 00:37:30 +0000 2017","lang":"en","displayname":"ellamdw","time_zone":"Pacific Time (US & Canada)","msg":"RT _Snape_ Happy PiDay https//tco/cI8NnnwW7o"}
{"tweet_id":841810553441935360,"created_unixtime":1489538250681,"created_time":"Wed Mar 15 00:37:30 +0000 2017","lang":"tl","displayname":"CascadeAlicel","time_zone":"Hong Kong","msg":"RT banyarogk HAPPY BIRTHDAY TSUBASA 🕺🕺🕺🕺🕺佐伯翼生誕祭2017 https//tco/zHkR5dS9k8"}
{"tweet_id":841810552766791682,"created_unixtime":1489538250520,"created_time":"Wed Mar 15 00:37:30 +0000 2017","lang":"en","displayname":"_Terrrris","time_zone":"","msg":"RT MarquiseCWhite Happy 314Day errrrbody https//tco/i3BO7Zzyv0"}
{"tweet_id":841810553983004673,"created_unixtime":1489538250810,"created_time":"Wed Mar 15 00:37:30 +0000 2017","lang":"en","displayname":"thetribunechd","time_zone":"Asia/Calcutta","msg":"Punjab Badals ask SAD workers to stay connected with masseshttps//tco/x7N81SMOSu archit0078"}
{"tweet_id":841810554285133824,"created_unixtime":1489538250882,"created_time":"Wed Mar 15 00:37:30 +0000 2017","lang":"en","displayname":"dretaaa_","time_zone":"Quito","msg":"RT _keraaaa__ thanks hun 😘 https//tco/7gtEetAoSY"}
{"tweet_id":841810550602440704,"created_unixtime":1489538250004,"created_time":"Wed Mar 15 00:37:30 +0000 2017","lang":"en","displayname":"toby27roby","time_zone":"","msg":"RT gracidipentino happy birthday bros i hope you had a good one toby27roby  https//tco/4PFV4QzE4W"}
{"tweet_id":841810550715756544,"created_unixtime":1489538250031,"created_time":"Wed Mar 15 00:37:30 +0000 2017","lang":"en","displayname":"itsmoneek","time_zone":"Mountain Time (US & Canada)","msg":"Basically my fave meal ever And yes I love my salt rock 😍🖖🏽💪🏽 Happy I finally learned to sear some tuna🐟 https//tco/w2hllYP2OH"}
{"tweet_id":841810550153699328,"created_unixtime":1489538249897,"created_time":"Wed Mar 15 00:37:29 +0000 2017","lang":"en","displayname":"BrendenG23","time_zone":"","msg":"Hes just lucky hes not 31😂 https//tco/miD3BVUfwW"}
{"tweet_id":841810549683896321,"created_unixtime":1489538249785,"created_time":"Wed Mar 15 00:37:29 +0000 2017","lang":"tl","displayname":"_ChlarizM","time_zone":"Urumqi","msg":"Bday na ng baby ko Happy Jinjin day 해피진진데이 https//tco/ojxQV2gLoZ"}
{"tweet_id":841810551130980352,"created_unixtime":1489538250130,"created_time":"Wed Mar 15 00:37:30 +0000 2017","lang":"en","displayname":"1manw0lfepak","time_zone":"Atlantic Time (Canada)","msg":"RT unbibs its 3/14 happy Pi π 314159265359 day https//tco/QSMtQI9mXJ"}
{"tweet_id":841810551445495809,"created_unixtime":1489538250205,"created_time":"Wed Mar 15 00:37:30 +0000 2017","lang":"en","displayname":"AngelCLSC","time_zone":"Arizona","msg":"Happy birthday to the queen Simone_Biles 🎊🎈❤️"}
{"tweet_id":841810551403511808,"created_unixtime":1489538250195,"created_time":"Wed Mar 15 00:37:30 +0000 2017","lang":"en","displayname":"Oscarsalbrnl00","time_zone":"","msg":"Love seeing my mom happy 😊"}
{"tweet_id":841810551189585920,"created_unixtime":1489538250144,"created_time":"Wed Mar 15 00:37:30 +0000 2017","lang":"en","displayname":"IntanShaf_","time_zone":"Kuala Lumpur","msg":"RT The_YUNiversity Happy Pi Day https//tco/7os5VCGOhm"}
{"tweet_id":841810551793717249,"created_unixtime":1489538250288,"created_time":"Wed Mar 15 00:37:30 +0000 2017","lang":"en","displayname":"KwEEnDria_","time_zone":"","msg":"RT MartyMarvv_ just cause i move on fast dont mean i been dealing wit that person the whole time we was together hell i just aint got t…"}
{"tweet_id":841810551835615232,"created_unixtime":1489538250298,"created_time":"Wed Mar 15 00:37:30 +0000 2017","lang":"en","displayname":"BradFritsch","time_zone":"","msg":"Wingels looked like he had Happy Gilmore time to wind up there Senators"}
{"tweet_id":841810552020189184,"created_unixtime":1489538250342,"created_time":"Wed Mar 15 00:37:30 +0000 2017","lang":"en","displayname":"Tman5353","time_zone":"Atlantic Time (Canada)","msg":"RT deprive This makes me so happy https//tco/vGXqeXY5Mp"}
{"tweet_id":841810552120827904,"created_unixtime":1489538250366,"created_time":"Wed Mar 15 00:37:30 +0000 2017","lang":"en","displayname":"DonDon_Wontons","time_zone":"Eastern Time (US & Canada)","msg":"RT BdotAdot5 Happy Birthday Brudder ✊🏽💯 StephenCurry30 https//tco/fxunT808HC"}
{"tweet_id":841810552678563841,"created_unixtime":1489538250499,"created_time":"Wed Mar 15 00:37:30 +0000 2017","lang":"en","displayname":"Mtn40A","time_zone":"Mountain Time (US & Canada)","msg":"RT SafkhetC Happy day global friends Mtn40A johnwalsh88 dreamsforpeace inspirevalley MMP__Dreams2 RespectYourself L6HJH https//t…"}
{"tweet_id":841810552837947392,"created_unixtime":1489538250537,"created_time":"Wed Mar 15 00:37:30 +0000 2017","lang":"ja","displayname":"yukapero14","time_zone":"Tokyo","msg":"Irico_FF HAPPY BIRTHDAY！！！🎂🎉👏おめでとうございますっ٩๑´3｀๑۶"}
{"tweet_id":841810554507395073,"created_unixtime":1489538250935,"created_time":"Wed Mar 15 00:37:30 +0000 2017","lang":"en","displayname":"32Carrigan","time_zone":"","msg":"I was driving past a group of joggersamp there was this one kid the backamp my sister gave him a thumbs up as we drove pastamp he looked so sad"}
{"tweet_id":841810554226388992,"created_unixtime":1489538250868,"created_time":"Wed Mar 15 00:37:30 +0000 2017","lang":"en","displayname":"CageTheAdam","time_zone":"Pacific Time (US & Canada)","msg":"RT irlmadi mental illnesses arent adjectives anxiety isnt equivalent to stressdepression isnt being sadpanic attacks are fucking HE…"}
{"tweet_id":841810554201210881,"created_unixtime":1489538250862,"created_time":"Wed Mar 15 00:37:30 +0000 2017","lang":"en","displayname":"xmallorytherese","time_zone":"Atlantic Time (Canada)","msg":"megaaanlynnn happy birthday love❤❤❤"}
{"tweet_id":841810554389975041,"created_unixtime":1489538250907,"created_time":"Wed Mar 15 00:37:30 +0000 2017","lang":"en","displayname":"enahherinn","time_zone":"Central Time (US & Canada)","msg":"Thank you so much laken 😊 https//tco/ARzKwiYPyz"}
{"tweet_id":841810554327076869,"created_unixtime":1489538250892,"created_time":"Wed Mar 15 00:37:30 +0000 2017","lang":"en","displayname":"jungkihyu","time_zone":"Pacific Time (US & Canada)","msg":"RT monxshownu [TRANS] Naver articleMonsta Xs THE CLAN 25 is the youths hurtful growth story it is both sad and beautiful"}
{"tweet_id":841810554729713666,"created_unixtime":1489538250988,"created_time":"Wed Mar 15 00:37:30 +0000 2017","lang":"en","displayname":"jadaannice","time_zone":"","msg":"RT KarmenLoveee If We Date dont worry about me cheating Im with you for a reason I only want you And when Im not happy Ill let you…"}
{"tweet_id":841810553890836480,"created_unixtime":1489538250788,"created_time":"Wed Mar 15 00:37:30 +0000 2017","lang":"en","displayname":"REALCHEEZY","time_zone":"Central Time (US & Canada)","msg":"Happy Gday to one of my brothers for many years We cooking amp toasting for a real one right… https//tco/A69GPEYXzi"}
{"tweet_id":841810553836339202,"created_unixtime":1489538250775,"created_time":"Wed Mar 15 00:37:30 +0000 2017","lang":"en","displayname":"Jld1n","time_zone":"","msg":"RT MrJDScott No matter what you favorite version might be happy NationalPiDay 😉 https//tco/2yXM2Zuwdo"}
{"tweet_id":841810555354587136,"created_unixtime":1489538251137,"created_time":"Wed Mar 15 00:37:31 +0000 2017","lang":"in","displayname":"ShazwanJainal","time_zone":"Beijing","msg":"RT ameysnl dulu aku teman alys pigi ambil result amp dia happy gila2 sbb dpt apa dia target Aku harap aku pun mcm tu 😪"}
{"tweet_id":841810555493093376,"created_unixtime":1489538251170,"created_time":"Wed Mar 15 00:37:31 +0000 2017","lang":"en","displayname":"Nancy_Day","time_zone":"America/Chicago","msg":"RT MaddySkye Happy 25th birthday SF_FiestaTexas Heres what it looked like back then https//tco/xRFKjY8CQr mySA https//tco/wku…"}
{"tweet_id":841810556134801409,"created_unixtime":1489538251323,"created_time":"Wed Mar 15 00:37:31 +0000 2017","lang":"en","displayname":"GiaPeppers","time_zone":"Eastern Time (US & Canada)","msg":"I legit turned in to a 12 year old https//tco/TOxnqg6b7W"}
{"tweet_id":841810556348690433,"created_unixtime":1489538251374,"created_time":"Wed Mar 15 00:37:31 +0000 2017","lang":"en","displayname":"caroline_gallo1","time_zone":"","msg":"So happy"}
{"tweet_id":841810556424187904,"created_unixtime":1489538251392,"created_time":"Wed Mar 15 00:37:31 +0000 2017","lang":"en","displayname":"bruns__4","time_zone":"","msg":"Idk whether to be mad or sad when I get ignored🤔"}
{"tweet_id":841810556675862532,"created_unixtime":1489538251452,"created_time":"Wed Mar 15 00:37:31 +0000 2017","lang":"en","displayname":"BookPortrait","time_zone":"","msg":"Happy Pi Day everyone I wanted to post at 314 but I guess posting at 2pi isnt bad I hope… https//tco/GoaLtGf0JG"}
{"tweet_id":841810557279866880,"created_unixtime":1489538251596,"created_time":"Wed Mar 15 00:37:31 +0000 2017","lang":"en","displayname":"larryprophecy","time_zone":"Brasilia","msg":"RT swnpai 21 In her first appearance on Hit The Stage she showed through the dance that no girl needs a man to be happy tha… "}
{"tweet_id":841810557644627968,"created_unixtime":1489538251683,"created_time":"Wed Mar 15 00:37:31 +0000 2017","lang":"en","displayname":"maggieskinder","time_zone":"Eastern Time (US & Canada)","msg":"TeacherFriends How cool is that Is it for iPad and what is exact name of app https//tco/PH1uu8Z3ps"}
{"tweet_id":841810557309194242,"created_unixtime":1489538251603,"created_time":"Wed Mar 15 00:37:31 +0000 2017","lang":"en","displayname":"seanmcm_","time_zone":"","msg":"happy birthday 🎉 X chloelittleXO"}
{"tweet_id":841810558378639360,"created_unixtime":1489538251858,"created_time":"Wed Mar 15 00:37:31 +0000 2017","lang":"en","displayname":"karlysux","time_zone":"","msg":"Its way too pretty outside to feel miserable and sad about my life lmao"}
{"tweet_id":841810557716070400,"created_unixtime":1489538251700,"created_time":"Wed Mar 15 00:37:31 +0000 2017","lang":"en","displayname":"BigJesseFans","time_zone":"","msg":"RT JesseJitaly Happy InternationalWomensDay womensday  jessejane 💕💕💕💕💕💕💕 https//tco/yvmGMaKsd7"}
{"tweet_id":841810558454177792,"created_unixtime":1489538251876,"created_time":"Wed Mar 15 00:37:31 +0000 2017","lang":"en","displayname":"sehaharutolove","time_zone":"Pacific Time (US & Canada)","msg":"RT Elsword ~Happy 314 Day~ https//tco/cagBuJwpJa"}
{"tweet_id":841810558483488769,"created_unixtime":1489538251883,"created_time":"Wed Mar 15 00:37:31 +0000 2017","lang":"ja","displayname":"runa_tyomu72","time_zone":"","msg":"RT shige5131 Happy Birthday♡ うみちゃん！うみちゃんと出会えて本当に良かった園田海未生誕祭2017 3月15日は園田海未の誕生日  祝う人RT RTした人全員フォローする https//tco/1FBYETFK7O"}
{"tweet_id":841810558525558784,"created_unixtime":1489538251893,"created_time":"Wed Mar 15 00:37:31 +0000 2017","lang":"en","displayname":"celestee_odalis","time_zone":"","msg":"RT deathsake i asked the pretty girl i liked to be my girlfriend in a cool record store she said yes im happy"}
{"tweet_id":841810558517170176,"created_unixtime":1489538251891,"created_time":"Wed Mar 15 00:37:31 +0000 2017","lang":"en","displayname":"DiamondsNTears","time_zone":"Eastern Time (US & Canada)","msg":"stormie_sikb Ahhh very nice ANd you love the beach so perfect for you Im happy for you Havent gotten to chat much since u moved"}
{"tweet_id":841810558861094912,"created_unixtime":1489538251973,"created_time":"Wed Mar 15 00:37:31 +0000 2017","lang":"en","displayname":"NavinMalekar","time_zone":"","msg":"Happy birthday"}
{"tweet_id":841810559221690368,"created_unixtime":1489538252059,"created_time":"Wed Mar 15 00:37:32 +0000 2017","lang":"en","displayname":"allisontran_","time_zone":"Pacific Time (US & Canada)","msg":"RT Mark_Madrid1 Happy birthday Allison hope u have a great one 😜🎉allisontran_"}
{"tweet_id":841810559414624256,"created_unixtime":1489538252105,"created_time":"Wed Mar 15 00:37:32 +0000 2017","lang":"en","displayname":"mrstealyoongi","time_zone":"Mazatlan","msg":"RT hopenight_sg Happy White Day 😍💕Why does it feel like Hobi came to chat with us on White Day 😙💕Have a great day everyone 💕… "}
{"tweet_id":841810559641116672,"created_unixtime":1489538252159,"created_time":"Wed Mar 15 00:37:32 +0000 2017","lang":"en","displayname":"Cwease18","time_zone":"","msg":"RT onherperiod So annoying when ppl are like ur always laughin U laugh at everything Its not that funny like OK sorry Im a happy p…"}
{"tweet_id":841810559402045440,"created_unixtime":1489538252102,"created_time":"Wed Mar 15 00:37:32 +0000 2017","lang":"en","displayname":"MadNile","time_zone":"","msg":"Thank you https//tco/tmwyVUxxdo"}
{"tweet_id":841810559897079809,"created_unixtime":1489538252220,"created_time":"Wed Mar 15 00:37:32 +0000 2017","lang":"en","displayname":"reese_shamey","time_zone":"Central America","msg":"RT selenaschneid12 Walk away from anything that gives you bad vibes There is no need to explain or make sense of it Its your life Do…"}
{"tweet_id":841810560018608128,"created_unixtime":1489538252249,"created_time":"Wed Mar 15 00:37:32 +0000 2017","lang":"en","displayname":"krisssreyes","time_zone":"Hong Kong","msg":"crishamaldita happy 34th birthday crish 🙊"}
{"tweet_id":841810560127754241,"created_unixtime":1489538252275,"created_time":"Wed Mar 15 00:37:32 +0000 2017","lang":"en","displayname":"4wings4u","time_zone":"","msg":"RT propriator lt3 Nammers is waiting for you Go see her and wish her a happy birthday too Sewing and crafting just for you https//tco…"}
{"tweet_id":841810560245211137,"created_unixtime":1489538252303,"created_time":"Wed Mar 15 00:37:32 +0000 2017","lang":"en","displayname":"ReginaMBrazil","time_zone":"Greenland","msg":"RT Abcharya22 314 March 14 😊Happy PiDay to AlbertEinstein 😃"}
{"tweet_id":841810560442335233,"created_unixtime":1489538252350,"created_time":"Wed Mar 15 00:37:32 +0000 2017","lang":"pt","displayname":"carousanz","time_zone":"","msg":"So quero um amô pra ir no forró top e no happy hour comigo"}
{"tweet_id":841810560329039872,"created_unixtime":1489538252323,"created_time":"Wed Mar 15 00:37:32 +0000 2017","lang":"en","displayname":"amaru109","time_zone":"","msg":"RT Herzspalter Youll knock me overI wanted something happy with these boys MASSIVE thanks to my bro BelovedMischief fo… "}
{"tweet_id":841810560803004416,"created_unixtime":1489538252436,"created_time":"Wed Mar 15 00:37:32 +0000 2017","lang":"en","displayname":"joel_lwf","time_zone":"Singapore","msg":"Is sad to find out that i am not your priority 😞😣😪"}
{"tweet_id":841810560626896896,"created_unixtime":1489538252394,"created_time":"Wed Mar 15 00:37:32 +0000 2017","lang":"en","displayname":"Jackieortega97","time_zone":"Mountain Time (US & Canada)","msg":"RT richthekid Focus on what makes you happy"}
{"tweet_id":841810560530432001,"created_unixtime":1489538252371,"created_time":"Wed Mar 15 00:37:32 +0000 2017","lang":"en","displayname":"baggypantsari","time_zone":"","msg":"RT sideoside moonlightsweet aaffff cutie pielisten to it when they are sad went through a though time https//tco/skDUISwGkf"}
{"tweet_id":841810560891117568,"created_unixtime":1489538252457,"created_time":"Wed Mar 15 00:37:32 +0000 2017","lang":"en","displayname":"nazercarlos9","time_zone":"","msg":"RT KrizzyFollman One of the simplest ways to stay happy just let go of the things that makes you sad  ALDUBxDTBYTugOfHearts"}
{"tweet_id":841810561096601600,"created_unixtime":1489538252506,"created_time":"Wed Mar 15 00:37:32 +0000 2017","lang":"en","displayname":"Xoxo_Mariaaa35","time_zone":"Arizona","msg":"Im happy with my life😊💜"}
{"tweet_id":841810561092472833,"created_unixtime":1489538252505,"created_time":"Wed Mar 15 00:37:32 +0000 2017","lang":"en","displayname":"Spencepll30","time_zone":"Pacific Time (US & Canada)","msg":"RT PLLlittletheory They look so happy❤ PLL https//tco/aBTK5sEpSW"}
{"tweet_id":841810561394479104,"created_unixtime":1489538252577,"created_time":"Wed Mar 15 00:37:32 +0000 2017","lang":"en","displayname":"blair_maizer13","time_zone":"","msg":"Happy Birthday Beautiful 🎉marisaleehutch"}
{"tweet_id":841810561537060864,"created_unixtime":1489538252611,"created_time":"Wed Mar 15 00:37:32 +0000 2017","lang":"en","displayname":"Ashionu","time_zone":"Eastern Time (US & Canada)","msg":"RT natalietran I’m as happy as my online presence suggests"}
{"tweet_id":841810562308816896,"created_unixtime":1489538252795,"created_time":"Wed Mar 15 00:37:32 +0000 2017","lang":"es","displayname":"9_aileenbb","time_zone":"","msg":"RT itsool sorteo dos cuentas netflix porque estoy sadrt y fav este tuit tenes que ser seguidor"}
{"tweet_id":841810561692237824,"created_unixtime":1489538252648,"created_time":"Wed Mar 15 00:37:32 +0000 2017","lang":"en","displayname":"Slammin222","time_zone":"","msg":"Brooklyn_Chase happy birthday Brooklyn  lt3"}
{"tweet_id":841810561876746240,"created_unixtime":1489538252692,"created_time":"Wed Mar 15 00:37:32 +0000 2017","lang":"en","displayname":"thepiff","time_zone":"London","msg":"Happy PiDayHeres to being irrationalSee what I did there https//tco/r6QmPvWZo5"}
{"tweet_id":841810562484961284,"created_unixtime":1489538252837,"created_time":"Wed Mar 15 00:37:32 +0000 2017","lang":"en","displayname":"Science2Upbeat","time_zone":"","msg":"RT theawkwardyeti Happy PiDay https//tco/7Dz72ARIwg"}
{"tweet_id":841810563462119424,"created_unixtime":1489538253070,"created_time":"Wed Mar 15 00:37:33 +0000 2017","lang":"en","displayname":"Doraysexayy","time_zone":"Pacific Time (US & Canada)","msg":"It so nice to be happy"}
{"tweet_id":841810563441213440,"created_unixtime":1489538253065,"created_time":"Wed Mar 15 00:37:33 +0000 2017","lang":"en","displayname":"pickles_17","time_zone":"Beijing","msg":"RT actuallyjadine Happy Anniversary JaDine 💜 Cheers Heres to many more until eternityLetOurPurpleHeartsShineAt3"}
{"tweet_id":841810563315466242,"created_unixtime":1489538253035,"created_time":"Wed Mar 15 00:37:33 +0000 2017","lang":"en","displayname":"villegas_jenicy","time_zone":"Atlantic Time (Canada)","msg":"RT Vulnerable its so sad and frustrating when you try your hardest but people still dont find it good enough"}
{"tweet_id":841810563164434432,"created_unixtime":1489538252999,"created_time":"Wed Mar 15 00:37:32 +0000 2017","lang":"en","displayname":"CamreyL","time_zone":"","msg":"oomf be doing the most 😂😂😂😂 he happy now sis do the same"}
{"tweet_id":841810563831369728,"created_unixtime":1489538253158,"created_time":"Wed Mar 15 00:37:33 +0000 2017","lang":"en","displayname":"IbottaApp","time_zone":"International Date Line West","msg":"RT MezzacoronaWine Calling all wine lovers Happy to share weve partnered with our friends at IbottaApp Start sipping and saving →… "}
{"tweet_id":841810564624072704,"created_unixtime":1489538253347,"created_time":"Wed Mar 15 00:37:33 +0000 2017","lang":"en","displayname":"CoffeeLarge","time_zone":"","msg":"RT thisdayingaming Happy birthday Xbox It was released onthisday back in 2002 in Europe Check the amazing intro video here gt… "}
{"tweet_id":841810565068664832,"created_unixtime":1489538253453,"created_time":"Wed Mar 15 00:37:33 +0000 2017","lang":"en","displayname":"maryy_idk","time_zone":"","msg":"RT Lin_Manuel Me no math but happy you like all these numbers in this order https//tco/pU9iT5XbpV"}
{"tweet_id":841810564334682113,"created_unixtime":1489538253278,"created_time":"Wed Mar 15 00:37:33 +0000 2017","lang":"en","displayname":"violet_mcmullen","time_zone":"Eastern Time (US & Canada)","msg":"RT muaqueenica so happy i got to help and do makeup for lsultze_13 for a project that will be released later https//tco/dq2ORlNXSq"}
{"tweet_id":841810565311930370,"created_unixtime":1489538253511,"created_time":"Wed Mar 15 00:37:33 +0000 2017","lang":"en","displayname":"JoeCoolSpivey1","time_zone":"","msg":"RT bcnaturelady OzzeeLady ZakWHgov 9NewsMelb So sad law abiding citizens should always have the right to defend themselves"}
{"tweet_id":841810565815132160,"created_unixtime":1489538253631,"created_time":"Wed Mar 15 00:37:33 +0000 2017","lang":"en","displayname":"iamdaleeee17","time_zone":"Pacific Time (US & Canada)","msg":"Happy birthday Fredoacejasss Godbless you 😊"}
{"tweet_id":841810564502429696,"created_unixtime":1489538253318,"created_time":"Wed Mar 15 00:37:33 +0000 2017","lang":"en","displayname":"tambour1ne","time_zone":"Pacific Time (US & Canada)","msg":"also happy white day I love my boyfriend c https//tco/V3ccU4wIhK"}
{"tweet_id":841810565471297536,"created_unixtime":1489538253549,"created_time":"Wed Mar 15 00:37:33 +0000 2017","lang":"en","displayname":"iamjesaguilera","time_zone":"Hawaii","msg":"RT BillNye Happy 314 Day peoples"}
{"tweet_id":841810565769060352,"created_unixtime":1489538253620,"created_time":"Wed Mar 15 00:37:33 +0000 2017","lang":"en","displayname":"msw117r22","time_zone":"Pacific Time (US & Canada)","msg":"exploratorium Happy Pi Day Your celebrations are always the best Math rules https//tco/O0W1yceZxt"}
{"tweet_id":841810566289215491,"created_unixtime":1489538253744,"created_time":"Wed Mar 15 00:37:33 +0000 2017","lang":"en","displayname":"raven_cagle","time_zone":"","msg":"Kadie happy is a feeling https//tco/jABkY23bQZ"}
{"tweet_id":841810566125617153,"created_unixtime":1489538253705,"created_time":"Wed Mar 15 00:37:33 +0000 2017","lang":"en","displayname":"Anakuwaaso","time_zone":"Abu Dhabi","msg":"RT hudsss_ May the motherland prosper and shine like never before happy Independence Day to Somalia 🇸🇴🇸🇴🇸🇴🇸🇴 https//tco/WzrCLV2oPi"}
{"tweet_id":841810566490476544,"created_unixtime":1489538253792,"created_time":"Wed Mar 15 00:37:33 +0000 2017","lang":"en","displayname":"bmhale","time_zone":"","msg":"My happy boy Ignore my voice cutenessoverload alwayshappy mamasboy https//tco/gJm8eWAv0g"}
{"tweet_id":841810566616342528,"created_unixtime":1489538253822,"created_time":"Wed Mar 15 00:37:33 +0000 2017","lang":"en","displayname":"XtremerSadiq","time_zone":"","msg":"RT egoraptor Im very happy to be making things happen for other people From directly helping to indirectly inspiring Nothing is more g…"}
{"tweet_id":841810566545063937,"created_unixtime":1489538253805,"created_time":"Wed Mar 15 00:37:33 +0000 2017","lang":"en","displayname":"AndreaRock97","time_zone":"Buenos Aires","msg":"RT ahdafeels happy birthday seer i mean sON kevwilliamson 🙃😘 https//tco/U3hNlV2Hy5"}
{"tweet_id":841810566893174784,"created_unixtime":1489538253888,"created_time":"Wed Mar 15 00:37:33 +0000 2017","lang":"en","displayname":"rachbattista","time_zone":"","msg":"RT Simone_Biles happy birthday to all the march 14th babies  🖤"}
{"tweet_id":841810566867951616,"created_unixtime":1489538253882,"created_time":"Wed Mar 15 00:37:33 +0000 2017","lang":"en","displayname":"farraliah","time_zone":"Kuala Lumpur","msg":"RT SincerelyTumblr So annoying when ppl are like ur always laughin U laugh at everything Its not that funny like OK sorry Im a hap…"}
{"tweet_id":841810566989639680,"created_unixtime":1489538253911,"created_time":"Wed Mar 15 00:37:33 +0000 2017","lang":"en","displayname":"victoriaazer","time_zone":"","msg":"I cant wait for the day Ill be geninuly happy"}
{"tweet_id":841810566914158593,"created_unixtime":1489538253893,"created_time":"Wed Mar 15 00:37:33 +0000 2017","lang":"en","displayname":"Rabbatman","time_zone":"","msg":"What having more than one dog is like https//tco/QX5SfkRKUQ"}
{"tweet_id":841810566805090304,"created_unixtime":1489538253867,"created_time":"Wed Mar 15 00:37:33 +0000 2017","lang":"en","displayname":"natudeerale","time_zone":"","msg":"Food amp money lol  I guess my friends and fam too 🤷🏾‍♀️😂 https//tco/86c7zITZaU"}
{"tweet_id":841810567350296576,"created_unixtime":1489538253997,"created_time":"Wed Mar 15 00:37:33 +0000 2017","lang":"en","displayname":"Tegile_Events","time_zone":"Pacific Time (US & Canada)","msg":"RT PaulSilverTweet Happy customer with 20u of EMC replaced by 3u of Tegile hybrid flash Did you know Tegile ranks higher than EMC… "}
{"tweet_id":841810567438442496,"created_unixtime":1489538254018,"created_time":"Wed Mar 15 00:37:34 +0000 2017","lang":"en","displayname":"jaboy_jaja","time_zone":"","msg":"RT jessicadally9 jaboy_jaja happy birthday Jaquez"}
{"tweet_id":841810567547502598,"created_unixtime":1489538254044,"created_time":"Wed Mar 15 00:37:34 +0000 2017","lang":"en","displayname":"__armaniixo","time_zone":"","msg":"RT _IamCoreyy __armaniixo you complaining girl im happy lol"}
{"tweet_id":841810567170002944,"created_unixtime":1489538253954,"created_time":"Wed Mar 15 00:37:33 +0000 2017","lang":"en","displayname":"wannarari","time_zone":"Pacific Time (US & Canada)","msg":"RT TOASTOTHEGOD Its Sad When Ur Own Friends Hate On You"}
{"tweet_id":841810567845228545,"created_unixtime":1489538254115,"created_time":"Wed Mar 15 00:37:34 +0000 2017","lang":"en","displayname":"m_jup","time_zone":"Singapore","msg":"RT FEATYONGGUK himchan always takes care of the members and makes sure that theyre happy and loved baps actual sunshine https//tco/b…"}
{"tweet_id":841810567258091520,"created_unixtime":1489538253975,"created_time":"Wed Mar 15 00:37:33 +0000 2017","lang":"en","displayname":"hairempireco","time_zone":"Pacific Time (US & Canada)","msg":"Thanks baby 😘😘😘 love u https//tco/xY5cvv7uE8"}
{"tweet_id":841810567417479171,"created_unixtime":1489538254013,"created_time":"Wed Mar 15 00:37:34 +0000 2017","lang":"und","displayname":"DatBoiOhSo","time_zone":"Quito","msg":"👀👀👀👀 https//tco/VBcB8cLMj4"}
{"tweet_id":841810567841083392,"created_unixtime":1489538254114,"created_time":"Wed Mar 15 00:37:34 +0000 2017","lang":"en","displayname":"niharshah","time_zone":"Eastern Time (US & Canada)","msg":"RT neiltyson 314  Happy Piday to Gregorian calendar users who reckon dates with month followed by day separated by period omitting year"}
{"tweet_id":841810568164048898,"created_unixtime":1489538254191,"created_time":"Wed Mar 15 00:37:34 +0000 2017","lang":"en","displayname":"GleekyZ","time_zone":"Mountain Time (US & Canada)","msg":"RT DereknMarkFans GleekyZ chartAlso happy Birthday 😘😘"}
{"tweet_id":841810568528957441,"created_unixtime":1489538254278,"created_time":"Wed Mar 15 00:37:34 +0000 2017","lang":"en","displayname":"skylarpierce18","time_zone":"","msg":"RT TFaaborg Happy bday Sky make it great😈 miss ya skylarpierce18"}
{"tweet_id":841810568067584001,"created_unixtime":1489538254168,"created_time":"Wed Mar 15 00:37:34 +0000 2017","lang":"en","displayname":"mirmetcalf","time_zone":"","msg":"RT Timmy7MIH Happy birthday you sweet angel We will never forget the positivity you brought us all ❤ https//tco/uaU7o00ojC"}
{"tweet_id":841810568239579136,"created_unixtime":1489538254209,"created_time":"Wed Mar 15 00:37:34 +0000 2017","lang":"en","displayname":"brehx2","time_zone":"Atlantic Time (Canada)","msg":"RT D_Deji28 Do you guys know why he was killed A girl lied that he raped her and her brother shot him dead https//tco/IWDVDZp3rz"}
{"tweet_id":841810568751251456,"created_unixtime":1489538254331,"created_time":"Wed Mar 15 00:37:34 +0000 2017","lang":"en","displayname":"xBoneArtist","time_zone":"Pacific Time (US & Canada)","msg":"If happy ever after did it exist"}
{"tweet_id":841810569237684224,"created_unixtime":1489538254447,"created_time":"Wed Mar 15 00:37:34 +0000 2017","lang":"en","displayname":"KeaHoldsTheKey","time_zone":"","msg":"Happy Birthday Kayla Hope your having a safe amp blessed day"}
{"tweet_id":841810569367703552,"created_unixtime":1489538254478,"created_time":"Wed Mar 15 00:37:34 +0000 2017","lang":"en","displayname":"smolbeanmgc_","time_zone":"Pacific Time (US & Canada)","msg":"RT michaelarchived look how incredibly happy he is i hope hes always smiling https//tco/wn2lZg1kbf"}
{"tweet_id":841810568956788736,"created_unixtime":1489538254380,"created_time":"Wed Mar 15 00:37:34 +0000 2017","lang":"en","displayname":"AGTheSource","time_zone":"","msg":"RT smokepurpp I do what the fuck I want I dont fucking care what anyone thinks Im happy"}
{"tweet_id":841810569602637824,"created_unixtime":1489538254534,"created_time":"Wed Mar 15 00:37:34 +0000 2017","lang":"en","displayname":"NSakilaAbHjn","time_zone":"","msg":"RT JaneSandero I still catch myself feeling sad about things that dont matter anymore"}
{"tweet_id":841810567367139329,"created_unixtime":1489538254001,"created_time":"Wed Mar 15 00:37:34 +0000 2017","lang":"en","displayname":"kgrostLibrarian","time_zone":"Pacific Time (US & Canada)","msg":"3 whoopie pies 1 cake pie 4 mini pies Happy Pi day to all elsiemaespieemporium downtownkenosha https//tco/W0Y330iebR"}
{"tweet_id":841810570093387776,"created_unixtime":1489538254651,"created_time":"Wed Mar 15 00:37:34 +0000 2017","lang":"en","displayname":"rhinoceruu","time_zone":"","msg":"RT LL_Wikia March 15 Its the birthday of Sonoda Umi the lovely maiden of the sea Happy birthday Umichan 園田海未生誕祭2017 https//tco/…"}
{"tweet_id":841810570206670848,"created_unixtime":1489538254678,"created_time":"Wed Mar 15 00:37:34 +0000 2017","lang":"it","displayname":"aigustds","time_zone":"","msg":"HE SAID HES HAPPY FOR ME IM SOKKAKJSJSJDJDJ"}
{"tweet_id":841810569556553729,"created_unixtime":1489538254523,"created_time":"Wed Mar 15 00:37:34 +0000 2017","lang":"en","displayname":"TucReason","time_zone":"","msg":"CNN Sad Condolences to the family"}
{"tweet_id":841810570496077825,"created_unixtime":1489538254747,"created_time":"Wed Mar 15 00:37:34 +0000 2017","lang":"en","displayname":"heart2song","time_zone":"Eastern Time (US & Canada)","msg":"RT madelinemerlo HAPPY COUNTRY CRUSH DAY EVERYBODYYYY 💗 available today on Amazon amp Walmart https//tco/yrMsg9ZUIN"}
{"tweet_id":841810570902822915,"created_unixtime":1489538254844,"created_time":"Wed Mar 15 00:37:34 +0000 2017","lang":"en","displayname":"emy_encabo","time_zone":"","msg":"RT lucyliciousmith Edward So happy to be here MBMayWard"}
{"tweet_id":841810571024453632,"created_unixtime":1489538254873,"created_time":"Wed Mar 15 00:37:34 +0000 2017","lang":"en","displayname":"x_jjfsrvdd","time_zone":"Pacific Time (US & Canada)","msg":"RT PatamaPost Never let a girl sleep sad or mad"}
{"tweet_id":841810570894553090,"created_unixtime":1489538254842,"created_time":"Wed Mar 15 00:37:34 +0000 2017","lang":"en","displayname":"artie_psych","time_zone":"","msg":"DoopieDoOver A happy Doopie is best Doopie"}
{"tweet_id":841810571213299713,"created_unixtime":1489538254918,"created_time":"Wed Mar 15 00:37:34 +0000 2017","lang":"en","displayname":"_alexxrazo","time_zone":"","msg":"RT starxmorales HAPPY BIRTHDAY TO ME 🎉 https//tco/ZOetWHrtrp"}
{"tweet_id":841810571636940800,"created_unixtime":1489538255019,"created_time":"Wed Mar 15 00:37:35 +0000 2017","lang":"en","displayname":"PIYUSHINSAN7","time_zone":"","msg":"RT Gurmeetramrahim MSGwishesToArmedForces Jai Hind amp Happy Holi to the courageous Armed Forces who valiantly defend the honor of http…"}
{"tweet_id":841810571565649920,"created_unixtime":1489538255002,"created_time":"Wed Mar 15 00:37:35 +0000 2017","lang":"en","displayname":"lkeane","time_zone":"Quito","msg":"I think TitosVodka just became the vodka of choice of hunters Well this one anyway SCI_Advocacy NSSF NRA https//tco/bxUVcRIrVc"}
{"tweet_id":841810571607568385,"created_unixtime":1489538255012,"created_time":"Wed Mar 15 00:37:35 +0000 2017","lang":"en","displayname":"BobOngPost","time_zone":"Pacific Time (US & Canada)","msg":"I just wanna make you happy because I care and love you"}
{"tweet_id":841810571582304256,"created_unixtime":1489538255006,"created_time":"Wed Mar 15 00:37:35 +0000 2017","lang":"en","displayname":"YamatoMarketing","time_zone":"Eastern Time (US & Canada)","msg":"Jane Lynch to Star in NBC Comedy Relatively Happy https//tco/Ah1rlLcc0l https//tco/0zAA7KWwgt"}
{"tweet_id":841810571079036928,"created_unixtime":1489538254886,"created_time":"Wed Mar 15 00:37:34 +0000 2017","lang":"en","displayname":"lorna_whited","time_zone":"","msg":"These beautiful creatures make my days so happy  https//tco/dICr1Tvsi0"}
{"tweet_id":841810572102393856,"created_unixtime":1489538255130,"created_time":"Wed Mar 15 00:37:35 +0000 2017","lang":"en","displayname":"LiquidLace1","time_zone":"","msg":"RT MatPatGT A nerdy math joke for a nerdy holidayHappy Pi Day https//tco/jRxvuScUyn"}
{"tweet_id":841810571351617536,"created_unixtime":1489538254951,"created_time":"Wed Mar 15 00:37:34 +0000 2017","lang":"en","displayname":"itsDJBRAD","time_zone":"Atlantic Time (Canada)","msg":"Jane Lynch to Star in NBC Comedy Relatively Happy https//tco/gF23qcgdES https//tco/WgBeBX4BFi"}
{"tweet_id":841810572337332224,"created_unixtime":1489538255186,"created_time":"Wed Mar 15 00:37:35 +0000 2017","lang":"en","displayname":"youngezell","time_zone":"","msg":"RT balldontstop Happy 29th Birthday to the backtoback MVP and the greatest shooter of alltime StephenCurry30 🐐🙏🏽 StephCurry… "}
{"tweet_id":841810571993391105,"created_unixtime":1489538255104,"created_time":"Wed Mar 15 00:37:35 +0000 2017","lang":"en","displayname":"BEACH105FM","time_zone":"Atlantic Time (Canada)","msg":"Jane Lynch to Star in NBC Comedy Relatively Happy https//tco/vtuwx1VBUz https//tco/2UmOFw7HCi"}
{"tweet_id":841810571603415040,"created_unixtime":1489538255011,"created_time":"Wed Mar 15 00:37:35 +0000 2017","lang":"en","displayname":"cuddlekihyun","time_zone":"","msg":"this is funny but also sad cause my over sensitiveness has ruined many friendships for me hehe https//tco/Zs07nmUiaD"}
{"tweet_id":841810572895227905,"created_unixtime":1489538255319,"created_time":"Wed Mar 15 00:37:35 +0000 2017","lang":"en","displayname":"darealdreii","time_zone":"Hawaii","msg":"RT Stormzy1 Do what makes you happy mate"}
{"tweet_id":841810573276942336,"created_unixtime":1489538255410,"created_time":"Wed Mar 15 00:37:35 +0000 2017","lang":"en","displayname":"Its_Hazi","time_zone":"Quito","msg":"RT DaNameEli They not bro 😂 niggas cant handle that Spanish life get ya self one and youll be happy https//tco/5zINXDvPSM"}
{"tweet_id":841810573599866880,"created_unixtime":1489538255487,"created_time":"Wed Mar 15 00:37:35 +0000 2017","lang":"en","displayname":"GleekyZ","time_zone":"Mountain Time (US & Canada)","msg":"RT holkercarson GleekyZ happy birthday girl hope you had an awesome day 😘"}
{"tweet_id":841810573822197763,"created_unixtime":1489538255540,"created_time":"Wed Mar 15 00:37:35 +0000 2017","lang":"en","displayname":"grungylester","time_zone":"","msg":"RT cinderlester oh wow i really want to hug phil im sad "}
{"tweet_id":841810573646000130,"created_unixtime":1489538255498,"created_time":"Wed Mar 15 00:37:35 +0000 2017","lang":"en","displayname":"dirtecinderella","time_zone":"Pacific Time (US & Canada)","msg":"And my hairs gone grey amp Ive got a sad serious angry face again amp I feel amp look bigger amp much older weaker amp slower again"}
{"tweet_id":841810573981437952,"created_unixtime":1489538255578,"created_time":"Wed Mar 15 00:37:35 +0000 2017","lang":"en","displayname":"OsmiaOrganics","time_zone":"","msg":"Im not gonna lie High speed cows make me unreasonably happy beautifulcolorado mountsopris… https//tco/BStSCLM3L6"}
{"tweet_id":841810574107398148,"created_unixtime":1489538255608,"created_time":"Wed Mar 15 00:37:35 +0000 2017","lang":"en","displayname":"LoneStarDem","time_zone":"America/Chicago","msg":"RT kalebhorton Saying America is optimistic because CEOs are optimistic is like saying prisoners are happy because you heard the w… "}
{"tweet_id":841810574614773760,"created_unixtime":1489538255729,"created_time":"Wed Mar 15 00:37:35 +0000 2017","lang":"en","displayname":"allenwindel","time_zone":"","msg":"It feels good to comfort people who are undergoing extremely sad points in their lives"}
{"tweet_id":841810574744854529,"created_unixtime":1489538255760,"created_time":"Wed Mar 15 00:37:35 +0000 2017","lang":"ja","displayname":"igastussy0130","time_zone":"","msg":"waka_06 Happy Birthday🎉です"}
{"tweet_id":841810573931167744,"created_unixtime":1489538255566,"created_time":"Wed Mar 15 00:37:35 +0000 2017","lang":"en","displayname":"andreslop24","time_zone":"","msg":"BigsFishingAdv3 SegaSky happy birthday sky  https//tco/4ANPVbrERL"}
{"tweet_id":841810574564503552,"created_unixtime":1489538255717,"created_time":"Wed Mar 15 00:37:35 +0000 2017","lang":"en","displayname":"Jammybear2","time_zone":"Beijing","msg":"RT fleurs7754 Avlem25 ellina_gen japple003 cpjayloni MaElenaNieto Happy Wednesday tweeties 💃ALDUBxDTBYTugOfHearts"}
{"tweet_id":841810574161793024,"created_unixtime":1489538255621,"created_time":"Wed Mar 15 00:37:35 +0000 2017","lang":"en","displayname":"POWER1025NY","time_zone":"Eastern Time (US & Canada)","msg":"Jane Lynch to Star in NBC Comedy Relatively Happy https//tco/Ajuw0mpdSD https//tco/zsGLmmSGZY"}
{"tweet_id":841810575332126720,"created_unixtime":1489538255900,"created_time":"Wed Mar 15 00:37:35 +0000 2017","lang":"en","displayname":"Cruithneach","time_zone":"Edinburgh","msg":"RT NorthAges Happy Ides of March everyone https//tco/km5No4J1bW"}
{"tweet_id":841810574463930368,"created_unixtime":1489538255693,"created_time":"Wed Mar 15 00:37:35 +0000 2017","lang":"en","displayname":"mindofbillcia","time_zone":"Eastern Time (US & Canada)","msg":"End of Logan Sad"}
{"tweet_id":841810576296697856,"created_unixtime":1489538256130,"created_time":"Wed Mar 15 00:37:36 +0000 2017","lang":"en","displayname":"bloumt","time_zone":"","msg":"RT getnette_s HAPPY WHITE DAY❣BOGUMMY ❣🍭🍫🍬🎂🍦🍰 https//tco/BtbhzJrXq0"}
{"tweet_id":841810576842018816,"created_unixtime":1489538256260,"created_time":"Wed Mar 15 00:37:36 +0000 2017","lang":"ja","displayname":"a1r1s3_a","time_zone":"","msg":"RT KANAE0310441 嵐垢作りたてなのでお友達探し⍢♥🌸 春からJK👑 大宮コンビらぶ💙 大野担よりのall🌈 Are You Happy？参戦済みあらしっくさんと繋がりたい RTしたあらしっく全員フォローする… "}
{"tweet_id":841810576997208064,"created_unixtime":1489538256297,"created_time":"Wed Mar 15 00:37:36 +0000 2017","lang":"en","displayname":"robertjascience","time_zone":"Mountain Time (US & Canada)","msg":"RT dinnerwithjulie Happy piday everyone https//tco/uXJeX13hHF"}
{"tweet_id":841810577425018880,"created_unixtime":1489538256399,"created_time":"Wed Mar 15 00:37:36 +0000 2017","lang":"en","displayname":"tamhighprin","time_zone":"","msg":"RT tamhigh Happy Pi Day 31415926 How far can you goIf you divide the circumference of the sun by its diameter what will you have P…"}
{"tweet_id":841810576934338560,"created_unixtime":1489538256282,"created_time":"Wed Mar 15 00:37:36 +0000 2017","lang":"pt","displayname":"zhangkihyun","time_zone":"Brasilia","msg":"senhor https//tco/9X5g8rh1wX"}
{"tweet_id":841810577584451586,"created_unixtime":1489538256437,"created_time":"Wed Mar 15 00:37:36 +0000 2017","lang":"en","displayname":"nikki_rochelle","time_zone":"Central Time (US & Canada)","msg":"This morning I got hired to ride 5 newly broken horses for the summer My heart is so happy but Im gonna need prayers 😍❤🐎🐴🤕😂"}
{"tweet_id":841810578222026752,"created_unixtime":1489538256589,"created_time":"Wed Mar 15 00:37:36 +0000 2017","lang":"en","displayname":"theyknowitsdro","time_zone":"Central Time (US & Canada)","msg":"RT WeedsPost Money doesnt buy happiness but it does buy weed and blunts And Ive never seen a person sad while smoking a blunt"}
{"tweet_id":841810578872000512,"created_unixtime":1489538256744,"created_time":"Wed Mar 15 00:37:36 +0000 2017","lang":"ja","displayname":"raguna1192","time_zone":"Tokyo","msg":"RT lovelive_kot うみちゃーん♡Happy Birthdayヽ〃･ω･ﾉ☆ﾟ’･☆ラブアローシュート♡♡これからも大好きだよ♡園田海未生誕祭2017 園田海未好きな人RT RTした人全員フォローする… "}
{"tweet_id":841810578557554692,"created_unixtime":1489538256669,"created_time":"Wed Mar 15 00:37:36 +0000 2017","lang":"en","displayname":"itsnottina","time_zone":"Atlantic Time (Canada)","msg":"__drxo happy birthday mamas❤ enjoy your day"}
{"tweet_id":841810576837869569,"created_unixtime":1489538256259,"created_time":"Wed Mar 15 00:37:36 +0000 2017","lang":"en","displayname":"RosellaWeigand","time_zone":"","msg":"HAPPY PIe DAY 😊 https//tco/h6krQQnTgD"}
{"tweet_id":841810575604637696,"created_unixtime":1489538255965,"created_time":"Wed Mar 15 00:37:35 +0000 2017","lang":"ja","displayname":"daimarco16","time_zone":"Sapporo","msg":"はぁ…HAPPY PARTY TRAINちゃん…発売が待ち遠しい"}
{"tweet_id":841810575755735040,"created_unixtime":1489538256001,"created_time":"Wed Mar 15 00:37:36 +0000 2017","lang":"en","displayname":"TrumpIsNotLegit","time_zone":"Central Time (US & Canada)","msg":"RT MzDivah67 Sad that racists like SteveKingIA are never held accountable for the nasty vile things that they say"}
{"tweet_id":841810575613153280,"created_unixtime":1489538255967,"created_time":"Wed Mar 15 00:37:35 +0000 2017","lang":"en","displayname":"MomsMagnificent","time_zone":"Eastern Time (US & Canada)","msg":"RT MomItForward Q6 DOES FOOD MAKE YOU HAPPY WHAT DISHES MAKE YOU THE HAPPIEST AvoHappiness GNO PLS RT"}
{"tweet_id":841810576166674432,"created_unixtime":1489538256099,"created_time":"Wed Mar 15 00:37:36 +0000 2017","lang":"en","displayname":"SSapp679","time_zone":"Pacific Time (US & Canada)","msg":"RT WANGKING852_ Happy White Valentines Day 🌹Nothing On You 🌹잭슨 王嘉爾 GetWellSoonJackson https//tco/7qFncVnBQz"}
{"tweet_id":841810575592173568,"created_unixtime":1489538255962,"created_time":"Wed Mar 15 00:37:35 +0000 2017","lang":"en","displayname":"mamipunani","time_zone":"Pacific Time (US & Canada)","msg":"RT KyleEdwards Someone When was the last time u were truly happyMe https//tco/xMYGex7hmH"}
{"tweet_id":841810576720420865,"created_unixtime":1489538256231,"created_time":"Wed Mar 15 00:37:36 +0000 2017","lang":"en","displayname":"paigeeoo","time_zone":"Helsinki","msg":"RT SI_Swimsuit Happy birthday Simone_Biles 🎉  https//tco/yonpzlwHwE https//tco/h4q0wTaWfv"}
{"tweet_id":841810577051791360,"created_unixtime":1489538256310,"created_time":"Wed Mar 15 00:37:36 +0000 2017","lang":"en","displayname":"itsmefaithhhh","time_zone":"","msg":"_ashleygribben happy birthday girl 💖💖💖 miss you"}
{"tweet_id":841810577445998592,"created_unixtime":1489538256404,"created_time":"Wed Mar 15 00:37:36 +0000 2017","lang":"en","displayname":"M_EDM_M","time_zone":"Pacific Time (US & Canada)","msg":"RT _shawnjp Happy white day❤️ホワイトデー happywhiteday whiteday https//tco/8soCBjK6oS"}
{"tweet_id":841810575764160512,"created_unixtime":1489538256003,"created_time":"Wed Mar 15 00:37:36 +0000 2017","lang":"en","displayname":"____deeee","time_zone":"","msg":"RT D_Deji28 Do you guys know why he was killed A girl lied that he raped her and her brother shot him dead https//tco/IWDVDZp3rz"}
{"tweet_id":841810577273974784,"created_unixtime":1489538256363,"created_time":"Wed Mar 15 00:37:36 +0000 2017","lang":"en","displayname":"POWER981FM","time_zone":"Eastern Time (US & Canada)","msg":"Jane Lynch to Star in NBC Comedy Relatively Happy https//tco/eV7pKaq0MM https//tco/nSNJ8SiTUb"}
{"tweet_id":841810577492131841,"created_unixtime":1489538256415,"created_time":"Wed Mar 15 00:37:36 +0000 2017","lang":"en","displayname":"MysticalScraps","time_zone":"Pacific Time (US & Canada)","msg":"Happy Birthday TL 8a https//tco/QMeRTUUt5l https//tco/de8v3vKb2d"}
{"tweet_id":841810578846978048,"created_unixtime":1489538256738,"created_time":"Wed Mar 15 00:37:36 +0000 2017","lang":"en","displayname":"DDL_5H_BAM","time_zone":"Pacific Time (US & Canada)","msg":"RT 5HVotingStats Scared Of Happy FifthHarmony YouKnowYouLoveThem radiodisney"}
{"tweet_id":841810578779836416,"created_unixtime":1489538256722,"created_time":"Wed Mar 15 00:37:36 +0000 2017","lang":"en","displayname":"CarlaLozanoP","time_zone":"","msg":"RT VisitHouston Happy PiDay Check out Houston favorite House of Pies https//tco/mgYbXJ2Y8U MyHouston https//tco/fI7BDMmI54"}
{"tweet_id":841810579660591104,"created_unixtime":1489538256932,"created_time":"Wed Mar 15 00:37:36 +0000 2017","lang":"ja","displayname":"rimel0000","time_zone":"","msg":"RT poyopoyoLIVE 出遅れたけど海未ちゃんHappy Birthday！加工ｶｺｲｲ海未ちゃんとｾｸｼｰ海未ちゃんにしました！✨コラ画園田海未生誕祭 園田海未生誕祭2017祝う人RT  3月15日は園田海未の誕生日… "}
{"tweet_id":841810578951700481,"created_unixtime":1489538256763,"created_time":"Wed Mar 15 00:37:36 +0000 2017","lang":"en","displayname":"Regin76Regina","time_zone":"","msg":"RT classifiedfact Banana is a happy fruit Eating just one can help relieve irritable emotions anger and or depression"}
{"tweet_id":841810579861995521,"created_unixtime":1489538256980,"created_time":"Wed Mar 15 00:37:36 +0000 2017","lang":"en","displayname":"monwuju","time_zone":"Pacific Time (US & Canada)","msg":"RT monxshownu [TRANS] Naver articleMonsta Xs THE CLAN 25 is the youths hurtful growth story it is both sad and beautiful"}
{"tweet_id":841810579673227265,"created_unixtime":1489538256935,"created_time":"Wed Mar 15 00:37:36 +0000 2017","lang":"en","displayname":"OriginalPistol","time_zone":"Atlantic Time (Canada)","msg":"I love this gif https//tco/mcPTvnYjES"}
{"tweet_id":841810579996192768,"created_unixtime":1489538257012,"created_time":"Wed Mar 15 00:37:37 +0000 2017","lang":"en","displayname":"hayleyyjacobss","time_zone":"","msg":"kristynmcguire_ Happy happy birthday  I hope youve had the best day ever Youre a beautiful singer ❤️ I love you and miss camp"}
{"tweet_id":841810579702575111,"created_unixtime":1489538256942,"created_time":"Wed Mar 15 00:37:36 +0000 2017","lang":"en","displayname":"DailySikhUpdate","time_zone":"Eastern Time (US & Canada)","msg":"Happy Sikh New Year Photo Unknown https//tco/kPb4janUzx"}
{"tweet_id":841810580021383168,"created_unixtime":1489538257018,"created_time":"Wed Mar 15 00:37:37 +0000 2017","lang":"en","displayname":"TyrannosaurJen","time_zone":"Pacific Time (US & Canada)","msg":"kashish2001 Always happy to see a new follower Kashish What do you specialize in"}
{"tweet_id":841810580382015488,"created_unixtime":1489538257104,"created_time":"Wed Mar 15 00:37:37 +0000 2017","lang":"en","displayname":"sierraaa_26","time_zone":"Arizona","msg":"Omg omg omg my fave 😢💞 tangled is my fave https//tco/hKRMKUc1QE"}
{"tweet_id":841810580407242753,"created_unixtime":1489538257110,"created_time":"Wed Mar 15 00:37:37 +0000 2017","lang":"en","displayname":"EmmaEiserman","time_zone":"Eastern Time (US & Canada)","msg":"RT kyliebayer EmmaEiserman HAPPY BIRTHDAY 💕💕💕💕 love and miss u"}
{"tweet_id":841810580939792384,"created_unixtime":1489538257237,"created_time":"Wed Mar 15 00:37:37 +0000 2017","lang":"en","displayname":"anjellyvamps","time_zone":"Midway Island","msg":"RT ohteenquotes Spend life with who makes you happy not with who you have to impress"}
{"tweet_id":841810580474224640,"created_unixtime":1489538257126,"created_time":"Wed Mar 15 00:37:37 +0000 2017","lang":"tl","displayname":"JuanKristyano","time_zone":"Beijing","msg":"JapDaniels happy birthday Jap stalker hahahaha https//tco/uQEgIh1EOX"}
{"tweet_id":841810579845128192,"created_unixtime":1489538256976,"created_time":"Wed Mar 15 00:37:36 +0000 2017","lang":"en","displayname":"TanyaJuliet","time_zone":"Pacific Time (US & Canada)","msg":"All these pies but youre the cutest 😘 Happy PiDay from Townsqd Amazing pies from PieTisserie ❤️ LoveLocal… https//tco/Kc9Iy5zdT7"}
{"tweet_id":841810581158010880,"created_unixtime":1489538257289,"created_time":"Wed Mar 15 00:37:37 +0000 2017","lang":"en","displayname":"ogkdash","time_zone":"","msg":"So not happy"}
{"tweet_id":841810581258555392,"created_unixtime":1489538257313,"created_time":"Wed Mar 15 00:37:37 +0000 2017","lang":"en","displayname":"citizenjo","time_zone":"","msg":"BugsyDiamonds TVMCCA thenation False hopes Trumps golden appearance which doesnt belong to the people is blinding the desperate Sad"}
{"tweet_id":841810581720035328,"created_unixtime":1489538257423,"created_time":"Wed Mar 15 00:37:37 +0000 2017","lang":"en","displayname":"desi__3","time_zone":"","msg":"RT iixxviixcvii_ _Glory6 desi__3 happy birthday 😌"}
{"tweet_id":841810581912981506,"created_unixtime":1489538257469,"created_time":"Wed Mar 15 00:37:37 +0000 2017","lang":"ja","displayname":"satsuuuuki56","time_zone":"","msg":"RT mo0mo6mo2ka9 杏果･♥ﾟHappy Birthday ♬ °･♥22歳のあなたも、あなたらしく歌っていてほしい！！ずっとずっとついていくからね！本当におめでとうございます（Θ💚✨🎉🎁🎊🎁🎉✨有安杏果誕生日… "}
{"tweet_id":841810582323920896,"created_unixtime":1489538257567,"created_time":"Wed Mar 15 00:37:37 +0000 2017","lang":"en","displayname":"PurisBranding","time_zone":"Pacific Time (US & Canada)","msg":"Looking forward to speaking at ABA TECHSHOW on Friday about happy lawyers technology and their brands  See you https//tco/8O7lrUVX8A"}
{"tweet_id":841810582294654977,"created_unixtime":1489538257560,"created_time":"Wed Mar 15 00:37:37 +0000 2017","lang":"en","displayname":"Hooks_32","time_zone":"","msg":"RanTav26 Happy Birthday bro Have a good one"}
{"tweet_id":841810581761998848,"created_unixtime":1489538257433,"created_time":"Wed Mar 15 00:37:37 +0000 2017","lang":"en","displayname":"sathiyanips96","time_zone":"","msg":"Happy IV at NLC with my dudes https//tco/MMf610hC4B"}
{"tweet_id":841810581782970369,"created_unixtime":1489538257438,"created_time":"Wed Mar 15 00:37:37 +0000 2017","lang":"en","displayname":"paityncassidy","time_zone":"Pacific Time (US & Canada)","msg":"RT laurenthellama happy friday https//tco/fwnUWCRHST"}
{"tweet_id":841810582554595330,"created_unixtime":1489538257622,"created_time":"Wed Mar 15 00:37:37 +0000 2017","lang":"ja","displayname":"sato_sne","time_zone":"","msg":"RT lovelive_kot うみちゃーん♡Happy Birthdayヽ〃･ω･ﾉ☆ﾟ’･☆ラブアローシュート♡♡これからも大好きだよ♡園田海未生誕祭2017 園田海未好きな人RT RTした人全員フォローする… "}
{"tweet_id":841810582542135296,"created_unixtime":1489538257619,"created_time":"Wed Mar 15 00:37:37 +0000 2017","lang":"en","displayname":"sxdney1","time_zone":"","msg":"RT girlposts Someone When was the last time u were truly happyMe https//tco/wzhzedcF5P"}
{"tweet_id":841810582487498753,"created_unixtime":1489538257606,"created_time":"Wed Mar 15 00:37:37 +0000 2017","lang":"en","displayname":"cathycule","time_zone":"","msg":"Cheers to never grow old Happy Birthday 🎂 Tin2x😘😘😘 https//tco/10GxXGpnWw"}
{"tweet_id":841810582936403968,"created_unixtime":1489538257713,"created_time":"Wed Mar 15 00:37:37 +0000 2017","lang":"en","displayname":"LegitChamp92","time_zone":"","msg":"RT Cwhernandez Im just happy MaryseMizanin is being given more to do Such a great Heel talent sdlive"}
{"tweet_id":841810583280271360,"created_unixtime":1489538257795,"created_time":"Wed Mar 15 00:37:37 +0000 2017","lang":"en","displayname":"blackglitter_","time_zone":"Pacific Time (US & Canada)","msg":"My chin has an ugly scab its probably going to scar Im so sad"}
{"tweet_id":841810583418728448,"created_unixtime":1489538257828,"created_time":"Wed Mar 15 00:37:37 +0000 2017","lang":"en","displayname":"sbbd","time_zone":"Eastern Time (US & Canada)","msg":"AlbethelG Happy Birthday Albethel  I hope your 15th is amazing God bless ❤❤️"}
{"tweet_id":841810583414571011,"created_unixtime":1489538257827,"created_time":"Wed Mar 15 00:37:37 +0000 2017","lang":"en","displayname":"yahboi_ant","time_zone":"","msg":"RT billyraycyrus Looks like its time to rock n roll MileyCyrus happy   Excited to hear more of the new stuff  Turn it loose  htt…"}
{"tweet_id":841810583821389824,"created_unixtime":1489538257924,"created_time":"Wed Mar 15 00:37:37 +0000 2017","lang":"en","displayname":"wakelivingmag","time_zone":"","msg":"Happy Pi Day yall https//tco/iqSYOXPTP0"}
{"tweet_id":841810582936342528,"created_unixtime":1489538257713,"created_time":"Wed Mar 15 00:37:37 +0000 2017","lang":"ja","displayname":"starbinnie","time_zone":"Pacific Time (US & Canada)","msg":"happy birthday to my favorite soft cute and smiley leader/slow rapper お誕生日おめでとう〜♡ https//tco/0l8oBBdJXo"}
{"tweet_id":841810584018472960,"created_unixtime":1489538257971,"created_time":"Wed Mar 15 00:37:37 +0000 2017","lang":"en","displayname":"x0_channyy","time_zone":"","msg":"Damn😂sad but true https//tco/YgiCF9Afns"}
{"tweet_id":841810584073048069,"created_unixtime":1489538257984,"created_time":"Wed Mar 15 00:37:37 +0000 2017","lang":"en","displayname":"Tuggy_tee","time_zone":"Hawaii","msg":"RT Hervoice__ Thank You ☺️ https//tco/JHgz6QpTO0"}
{"tweet_id":841810583695560705,"created_unixtime":1489538257894,"created_time":"Wed Mar 15 00:37:37 +0000 2017","lang":"en","displayname":"theechriswhite","time_zone":"Eastern Time (US & Canada)","msg":"Happy Birthday sir 🎉 StephenCurry30 https//tco/UlgWQbTpft"}
{"tweet_id":841810584513339393,"created_unixtime":1489538258089,"created_time":"Wed Mar 15 00:37:38 +0000 2017","lang":"en","displayname":"_jawdin","time_zone":"Arizona","msg":"RT _jawdin happy fifth of july https//tco/N87P4Iyoep"}
{"tweet_id":841810584551092224,"created_unixtime":1489538258098,"created_time":"Wed Mar 15 00:37:38 +0000 2017","lang":"ja","displayname":"paradaisumax777","time_zone":"","msg":"RT anilove_you ♡Happy うみちゃん Birthday♡今日はしっかり者の海未ちゃんの誕生日！！皆でお祝いしましょー！！うっみうみうー〃gtωlt★園田海未生誕祭2017 3月15日は園田海未の誕生日  祝う人RT… "}
{"tweet_id":841810584148541440,"created_unixtime":1489538258002,"created_time":"Wed Mar 15 00:37:38 +0000 2017","lang":"en","displayname":"bzeller13","time_zone":"","msg":"RT SN_Ohio Happy birthday StephenCurry30 heres a compilation video https//tco/JmYjJXLt65"}
{"tweet_id":841810584576303104,"created_unixtime":1489538258104,"created_time":"Wed Mar 15 00:37:38 +0000 2017","lang":"en","displayname":"faizlam1","time_zone":"","msg":"RT TrustyTransfers Sad to hear Chelsea fans chant Judas towards Jose Mourinho The man made your club relevant"}
{"tweet_id":841810582605029376,"created_unixtime":1489538257634,"created_time":"Wed Mar 15 00:37:37 +0000 2017","lang":"en","displayname":"Trapdollazmanny","time_zone":"Quito","msg":"RT MB_Ron21 tharealversace KekePalmer the fact that you ignore the haters and continue to do what makes you happy is what makes you the…"}
{"tweet_id":841810584106598401,"created_unixtime":1489538257992,"created_time":"Wed Mar 15 00:37:37 +0000 2017","lang":"en","displayname":"dorkysdeals","time_zone":"Eastern Time (US & Canada)","msg":"This chili looks amazing 🥑 AvoHappiness GNO https//tco/NCGosOaBsn"}
{"tweet_id":841810584349859841,"created_unixtime":1489538258050,"created_time":"Wed Mar 15 00:37:38 +0000 2017","lang":"en","displayname":"ckn4502","time_zone":"","msg":"JoyAnnReid They will say its fake news and we need to move on because he won Welp too bad so sad Not moving on"}
{"tweet_id":841810584454717441,"created_unixtime":1489538258075,"created_time":"Wed Mar 15 00:37:38 +0000 2017","lang":"en","displayname":"ChaaWann","time_zone":"","msg":"RT D_Deji28 Do you guys know why he was killed A girl lied that he raped her and her brother shot him dead https//tco/IWDVDZp3rz"}
{"tweet_id":841810584941277186,"created_unixtime":1489538258191,"created_time":"Wed Mar 15 00:37:38 +0000 2017","lang":"en","displayname":"Nike_Mike7","time_zone":"Eastern Time (US & Canada)","msg":"RT TakodaBendy Happy birthday Nike_Mike7 hope its a good one🤘🏾🎉"}
{"tweet_id":841810584983203840,"created_unixtime":1489538258201,"created_time":"Wed Mar 15 00:37:38 +0000 2017","lang":"en","displayname":"Clubhousx","time_zone":"Eastern Time (US & Canada)","msg":"RT OmggRhi DO NOT PURPOSELY DO SHIT TO MAKE ME MAD THEN GET MAD THAT IM MAD FUCK U THOUGHT I WAS GONNA BE AFTER PISSING ME OFF HAPPY"}
{"tweet_id":841810585364905984,"created_unixtime":1489538258292,"created_time":"Wed Mar 15 00:37:38 +0000 2017","lang":"en","displayname":"KJay2425","time_zone":"Eastern Time (US & Canada)","msg":"RT HelpFindNiemo Happy Pi Day 🤘🏾"}
{"tweet_id":841810585683615744,"created_unixtime":1489538258368,"created_time":"Wed Mar 15 00:37:38 +0000 2017","lang":"en","displayname":"reyes_kaitlin","time_zone":"","msg":"RT FlirtyNotes Being happy doesn’t mean that everything is perfect it means that you’ve decided to look beyond the imperfections"}
{"tweet_id":841810585000017921,"created_unixtime":1489538258205,"created_time":"Wed Mar 15 00:37:38 +0000 2017","lang":"en","displayname":"__Ajayy__","time_zone":"Casablanca","msg":"cerysemily_ Happy Birthday Cerys Ill save myself from embarrassment by not uploading the few photos weve had together have a gd day😉x"}
{"tweet_id":841810585381662721,"created_unixtime":1489538258296,"created_time":"Wed Mar 15 00:37:38 +0000 2017","lang":"en","displayname":"RivvyDaTopic__","time_zone":"","msg":"RT peaches_monroee June 212014 Was day I made history and created a word that will never be forgotten Happy Fleek Day 💪🏾😂🙈 https//tco/…"}
{"tweet_id":841810585499140097,"created_unixtime":1489538258324,"created_time":"Wed Mar 15 00:37:38 +0000 2017","lang":"en","displayname":"k_andrsn","time_zone":"","msg":"it just be too much going on in the world 😔 shit sad honestly"}
{"tweet_id":841810585729691648,"created_unixtime":1489538258379,"created_time":"Wed Mar 15 00:37:38 +0000 2017","lang":"en","displayname":"anne2queen","time_zone":"","msg":"RT lucyliciousmith Edward So happy to be here MBMayWard"}
{"tweet_id":841810585562042368,"created_unixtime":1489538258339,"created_time":"Wed Mar 15 00:37:38 +0000 2017","lang":"en","displayname":"fromthesunlight","time_zone":"Central Time (US & Canada)","msg":"Im really sad though lol"}
{"tweet_id":841810585633325061,"created_unixtime":1489538258356,"created_time":"Wed Mar 15 00:37:38 +0000 2017","lang":"en","displayname":"PassionFoodHosp","time_zone":"Eastern Time (US & Canada)","msg":"RT DineAcadiana Theres still an hour left to get happy 5 HappyHour drinks til 7 Try the RiverTea with FireflySpirits Sweet T… "}
{"tweet_id":841810585692041216,"created_unixtime":1489538258370,"created_time":"Wed Mar 15 00:37:38 +0000 2017","lang":"en","displayname":"BIG_Fattyy","time_zone":"Mountain Time (US & Canada)","msg":"Yall dont understand how sad I am the owners are like fam I was going there when I was in the womb 😭"}
{"tweet_id":841810585910046722,"created_unixtime":1489538258422,"created_time":"Wed Mar 15 00:37:38 +0000 2017","lang":"ja","displayname":"Ma_raramyu","time_zone":"","msg":"RT cowengium 海未ちゃんHappy Birthday！！ 園田海未生誕祭2017 https//tco/BOrvt6LlXf"}
{"tweet_id":841810585876492288,"created_unixtime":1489538258414,"created_time":"Wed Mar 15 00:37:38 +0000 2017","lang":"en","displayname":"desintheclouds","time_zone":"Pacific Time (US & Canada)","msg":"RT VernonShaw Happy birthday bud https//tco/kZ68V9uvoc"}
{"tweet_id":841810585889173504,"created_unixtime":1489538258417,"created_time":"Wed Mar 15 00:37:38 +0000 2017","lang":"en","displayname":"amypixley","time_zone":"Central Time (US & Canada)","msg":"So sad when 1 of your favorite artist makes a fool out of himselfSad but I wont be supporting SnoopDogg anymore deletesnoopdog"}
{"tweet_id":841810585985536000,"created_unixtime":1489538258440,"created_time":"Wed Mar 15 00:37:38 +0000 2017","lang":"en","displayname":"_badgalali","time_zone":"","msg":"Happy Birthday iAm_Kelton Bless up✨🎈"}
{"tweet_id":841810586149257216,"created_unixtime":1489538258479,"created_time":"Wed Mar 15 00:37:38 +0000 2017","lang":"en","displayname":"alarconpablo10","time_zone":"","msg":"RT 2398_bang carvalheucilene AlexaThirel cjnapoet nksknp Pernelle3 Vsplyshka carmemrosadias Happy and beautiful my friend https/…"}
{"tweet_id":841810585608192001,"created_unixtime":1489538258350,"created_time":"Wed Mar 15 00:37:38 +0000 2017","lang":"en","displayname":"4ndypyro","time_zone":"Helsinki","msg":"getfrank you look familiar are you the smiling happy british that was glowing positivity in dhw"}
{"tweet_id":841810586124091392,"created_unixtime":1489538258473,"created_time":"Wed Mar 15 00:37:38 +0000 2017","lang":"en","displayname":"sa_x0","time_zone":"Hawaii","msg":"RT aminaincognito Happy birthday to my fiancé sa_x0 👫❤"}
{"tweet_id":841810586174410753,"created_unixtime":1489538258485,"created_time":"Wed Mar 15 00:37:38 +0000 2017","lang":"und","displayname":"elyse_kost","time_zone":"","msg":"tru https//tco/J0zKgjNqyh"}
{"tweet_id":841810585725501440,"created_unixtime":1489538258378,"created_time":"Wed Mar 15 00:37:38 +0000 2017","lang":"en","displayname":"HUSHWeekly","time_zone":"Eastern Time (US & Canada)","msg":"Jane Lynch to Star in NBC Comedy Relatively Happy https//tco/lL0aWrSjHI https//tco/KyTMDlX75K"}
{"tweet_id":841810586195365888,"created_unixtime":1489538258490,"created_time":"Wed Mar 15 00:37:38 +0000 2017","lang":"en","displayname":"nvturewins","time_zone":"Pacific Time (US & Canada)","msg":"RT anidalaa Aww thank you so much sweetie ILYSM💗☺️ https//tco/LQo5QNN4G3"}
{"tweet_id":841810587038433280,"created_unixtime":1489538258691,"created_time":"Wed Mar 15 00:37:38 +0000 2017","lang":"en","displayname":"ZwakeleBafana","time_zone":"","msg":"SkyFootball Im so happy for Leicester city for going through to quarter final  👏👏"}
{"tweet_id":841810587151613952,"created_unixtime":1489538258718,"created_time":"Wed Mar 15 00:37:38 +0000 2017","lang":"en","displayname":"stargal_xo","time_zone":"Eastern Time (US & Canada)","msg":"RT TheXOPodcast Imagine finally meeting ur favorite artist in the world amp asking for a picinstead youre told that you make him si… "}
{"tweet_id":841810587348832256,"created_unixtime":1489538258765,"created_time":"Wed Mar 15 00:37:38 +0000 2017","lang":"en","displayname":"amyleighhaighx","time_zone":"Pacific Time (US & Canada)","msg":"AndrewIves_ aww well happy for you Youll miss our shazza though Yeah well do just that b 😘"}
{"tweet_id":841810587495481345,"created_unixtime":1489538258800,"created_time":"Wed Mar 15 00:37:38 +0000 2017","lang":"en","displayname":"bananamilkue","time_zone":"Beijing","msg":"RT rulerofwind_sh EXO IS ALREADY HAPPY BY JUST PLAYING WITH THEIR HELIUM VOICE YES THIS IS THE GROUP I STAN 😂😂😂 https//tco/C1oj8RSwHS"}
{"tweet_id":841810586346393600,"created_unixtime":1489538258526,"created_time":"Wed Mar 15 00:37:38 +0000 2017","lang":"en","displayname":"ChrisMicko","time_zone":"","msg":"RT avatarmax123 Obamacare passed due to the stupidity of American voters amp NancyPelosi saying pass it to see whats in it Very sa… "}
{"tweet_id":841810587940200450,"created_unixtime":1489538258906,"created_time":"Wed Mar 15 00:37:38 +0000 2017","lang":"en","displayname":"h_pancak","time_zone":"Quito","msg":"RT BestEarthPix Happy lizard https//tco/l6XW5YntJL"}
{"tweet_id":841810587650785280,"created_unixtime":1489538258837,"created_time":"Wed Mar 15 00:37:38 +0000 2017","lang":"en","displayname":"Ok_Ima_Geek","time_zone":"","msg":"Tweet of the daySmall things make me happy"}
{"tweet_id":841810587956854784,"created_unixtime":1489538258910,"created_time":"Wed Mar 15 00:37:38 +0000 2017","lang":"en","displayname":"TheEDMKings","time_zone":"Eastern Time (US & Canada)","msg":"Jane Lynch to Star in NBC Comedy Relatively Happy https//tco/N6klZb99bE https//tco/YJDFUuS2lx"}
{"tweet_id":841810588623855616,"created_unixtime":1489538259069,"created_time":"Wed Mar 15 00:37:39 +0000 2017","lang":"es","displayname":"usteh14","time_zone":"Buenos Aires","msg":"RT itsool sorteo dos cuentas netflix porque estoy sadrt y fav este tuit tenes que ser seguidor"}
{"tweet_id":841810588523098112,"created_unixtime":1489538259045,"created_time":"Wed Mar 15 00:37:39 +0000 2017","lang":"en","displayname":"Smilei101","time_zone":"Eastern Time (US & Canada)","msg":"THERE WAS THIS BEAUTIFUL MAN ON THIS AIRPLANE AND IM SAD ILL NEVER SEE HIM AGAIN"}
{"tweet_id":841810588816814080,"created_unixtime":1489538259115,"created_time":"Wed Mar 15 00:37:39 +0000 2017","lang":"en","displayname":"saraheschertt","time_zone":"","msg":"happy birthday beautiful MarielOgurek 🤗💛"}
{"tweet_id":841810589139705861,"created_unixtime":1489538259192,"created_time":"Wed Mar 15 00:37:39 +0000 2017","lang":"en","displayname":"POWER1063ATL","time_zone":"Atlantic Time (Canada)","msg":"Jane Lynch to Star in NBC Comedy Relatively Happy https//tco/BYZrVMX7q4 https//tco/FWqVYeYSyU"}
{"tweet_id":841810589504663556,"created_unixtime":1489538259279,"created_time":"Wed Mar 15 00:37:39 +0000 2017","lang":"en","displayname":"BustedSpainFC","time_zone":"","msg":"audreydelaness charliesimo of course he is Im happy for u😍😍"}
{"tweet_id":841810589919911937,"created_unixtime":1489538259378,"created_time":"Wed Mar 15 00:37:39 +0000 2017","lang":"en","displayname":"forepIays","time_zone":"Pacific Time (US & Canada)","msg":"RT passionfuI I high key just wanna make sure you’re happy as fuck"}
{"tweet_id":841810589806653441,"created_unixtime":1489538259351,"created_time":"Wed Mar 15 00:37:39 +0000 2017","lang":"en","displayname":"disappointtment","time_zone":"Eastern Time (US & Canada)","msg":"RT passionfuI I high key just wanna make sure you’re happy as fuck"}
{"tweet_id":841810589911552000,"created_unixtime":1489538259376,"created_time":"Wed Mar 15 00:37:39 +0000 2017","lang":"en","displayname":"DruggieFeels","time_zone":"Eastern Time (US & Canada)","msg":"RT passionfuI I high key just wanna make sure you’re happy as fuck"}
{"tweet_id":841810589915721729,"created_unixtime":1489538259377,"created_time":"Wed Mar 15 00:37:39 +0000 2017","lang":"en","displayname":"PurposeReaI","time_zone":"","msg":"RT passionfuI I high key just wanna make sure you’re happy as fuck"}
{"tweet_id":841810589764734977,"created_unixtime":1489538259341,"created_time":"Wed Mar 15 00:37:39 +0000 2017","lang":"en","displayname":"bleedingbanax","time_zone":"Central Time (US & Canada)","msg":"RT passionfuI I high key just wanna make sure you’re happy as fuck"}
{"tweet_id":841810589756325888,"created_unixtime":1489538259339,"created_time":"Wed Mar 15 00:37:39 +0000 2017","lang":"en","displayname":"Alchings","time_zone":"London","msg":"RT passionfuI I high key just wanna make sure you’re happy as fuck"}
{"tweet_id":841810589936680964,"created_unixtime":1489538259382,"created_time":"Wed Mar 15 00:37:39 +0000 2017","lang":"en","displayname":"TheReaIGEazy","time_zone":"Pacific Time (US & Canada)","msg":"RT passionfuI I high key just wanna make sure you’re happy as fuck"}
{"tweet_id":841810589999607808,"created_unixtime":1489538259397,"created_time":"Wed Mar 15 00:37:39 +0000 2017","lang":"en","displayname":"reaIate","time_zone":"Pacific Time (US & Canada)","msg":"RT passionfuI I high key just wanna make sure you’re happy as fuck"}
{"tweet_id":841810590028840961,"created_unixtime":1489538259404,"created_time":"Wed Mar 15 00:37:39 +0000 2017","lang":"en","displayname":"theshirtlessone","time_zone":"Pacific Time (US & Canada)","msg":"RT melonami happy belated birthday to a wonderful friend lance tries his best lt3 completelycathy https//tco/5uKsSElRfo"}
{"tweet_id":841810589949276161,"created_unixtime":1489538259385,"created_time":"Wed Mar 15 00:37:39 +0000 2017","lang":"en","displayname":"TumblrIife","time_zone":"Pacific Time (US & Canada)","msg":"RT passionfuI I high key just wanna make sure you’re happy as fuck"}
{"tweet_id":841810589890539520,"created_unixtime":1489538259371,"created_time":"Wed Mar 15 00:37:39 +0000 2017","lang":"en","displayname":"MyRegistryWed","time_zone":"","msg":"RT ProjMotherhood A6 Food definitely makes me happy Im a sucker for my grandmas Italian dishes but always trying to make healthy ver…"}
{"tweet_id":841810589978619904,"created_unixtime":1489538259392,"created_time":"Wed Mar 15 00:37:39 +0000 2017","lang":"en","displayname":"seqeul","time_zone":"Pacific Time (US & Canada)","msg":"RT passionfuI I high key just wanna make sure you’re happy as fuck"}
{"tweet_id":841810590146408449,"created_unixtime":1489538259432,"created_time":"Wed Mar 15 00:37:39 +0000 2017","lang":"en","displayname":"thaarealtrey","time_zone":"Atlantic Time (Canada)","msg":"RT passionfuI I high key just wanna make sure you’re happy as fuck"}
{"tweet_id":841810589932519424,"created_unixtime":1489538259381,"created_time":"Wed Mar 15 00:37:39 +0000 2017","lang":"en","displayname":"scfeeIs","time_zone":"Pacific Time (US & Canada)","msg":"RT passionfuI I high key just wanna make sure you’re happy as fuck"}
{"tweet_id":841810590058328068,"created_unixtime":1489538259411,"created_time":"Wed Mar 15 00:37:39 +0000 2017","lang":"en","displayname":"ivanilise","time_zone":"","msg":"RT Double0_o Mfs dont wanna see you happy really"}
{"tweet_id":841810589974421504,"created_unixtime":1489538259391,"created_time":"Wed Mar 15 00:37:39 +0000 2017","lang":"en","displayname":"ColorfuIMind","time_zone":"Pacific Time (US & Canada)","msg":"RT passionfuI I high key just wanna make sure you’re happy as fuck"}
{"tweet_id":841810590142197767,"created_unixtime":1489538259431,"created_time":"Wed Mar 15 00:37:39 +0000 2017","lang":"en","displayname":"drugistry","time_zone":"Pacific Time (US & Canada)","msg":"RT passionfuI I high key just wanna make sure you’re happy as fuck"}
{"tweet_id":841810590133825541,"created_unixtime":1489538259429,"created_time":"Wed Mar 15 00:37:39 +0000 2017","lang":"en","displayname":"Rapactivities","time_zone":"Pacific Time (US & Canada)","msg":"RT passionfuI I high key just wanna make sure you’re happy as fuck"}
{"tweet_id":841810590100267009,"created_unixtime":1489538259421,"created_time":"Wed Mar 15 00:37:39 +0000 2017","lang":"en","displayname":"Liable","time_zone":"Eastern Time (US & Canada)","msg":"RT passionfuI I high key just wanna make sure you’re happy as fuck"}
{"tweet_id":841810589932507137,"created_unixtime":1489538259381,"created_time":"Wed Mar 15 00:37:39 +0000 2017","lang":"en","displayname":"SKYVlBES","time_zone":"Pacific Time (US & Canada)","msg":"RT passionfuI I high key just wanna make sure you’re happy as fuck"}
{"tweet_id":841810590007996416,"created_unixtime":1489538259399,"created_time":"Wed Mar 15 00:37:39 +0000 2017","lang":"en","displayname":"WSVids","time_zone":"Pacific Time (US & Canada)","msg":"RT passionfuI I high key just wanna make sure you’re happy as fuck"}
{"tweet_id":841810590083493891,"created_unixtime":1489538259417,"created_time":"Wed Mar 15 00:37:39 +0000 2017","lang":"en","displayname":"sleeves","time_zone":"Hong Kong","msg":"RT passionfuI I high key just wanna make sure you’re happy as fuck"}
{"tweet_id":841810589915709440,"created_unixtime":1489538259377,"created_time":"Wed Mar 15 00:37:39 +0000 2017","lang":"en","displayname":"iloveastroIogy","time_zone":"Georgetown","msg":"RT passionfuI I high key just wanna make sure you’re happy as fuck"}
{"tweet_id":841810589987028992,"created_unixtime":1489538259394,"created_time":"Wed Mar 15 00:37:39 +0000 2017","lang":"en","displayname":"VibeFilmss","time_zone":"Muscat","msg":"RT passionfuI I high key just wanna make sure you’re happy as fuck"}
{"tweet_id":841810590708379648,"created_unixtime":1489538259566,"created_time":"Wed Mar 15 00:37:39 +0000 2017","lang":"en","displayname":"asiolefulo","time_zone":"","msg":"RT hrhpwdrblu Yung song na Cant Help Falling In Love bagay na bagay talaga sa KNs and KN Happy hump day everyone CHFILTeaserLaunch"}
{"tweet_id":841810590377103361,"created_unixtime":1489538259487,"created_time":"Wed Mar 15 00:37:39 +0000 2017","lang":"en","displayname":"_luvquickz","time_zone":"","msg":"RT richthekid Focus on what makes you happy"}
{"tweet_id":841810591060787201,"created_unixtime":1489538259650,"created_time":"Wed Mar 15 00:37:39 +0000 2017","lang":"en","displayname":"Gurmal11","time_zone":"","msg":"RT ITwingDSS MSGwishesToArmedForces Happy Holi We salute brave Indian Army soldiers who are always on duty to protect from the danger…"}
{"tweet_id":841810589739585536,"created_unixtime":1489538259335,"created_time":"Wed Mar 15 00:37:39 +0000 2017","lang":"en","displayname":"AlexaaFritz","time_zone":"Pacific Time (US & Canada)","msg":"RT passionfuI I high key just wanna make sure you’re happy as fuck"}
{"tweet_id":841810591606018049,"created_unixtime":1489538259780,"created_time":"Wed Mar 15 00:37:39 +0000 2017","lang":"en","displayname":"hamptonsbby","time_zone":"London","msg":"RT hidden saying im tired when youre actually sad"}
{"tweet_id":841810591761223681,"created_unixtime":1489538259817,"created_time":"Wed Mar 15 00:37:39 +0000 2017","lang":"en","displayname":"camilamexdes","time_zone":"","msg":"madelainepetsch follow me please i would be so happy 💛"}
{"tweet_id":841810591824125952,"created_unixtime":1489538259832,"created_time":"Wed Mar 15 00:37:39 +0000 2017","lang":"en","displayname":"ehte_","time_zone":"West Central Africa","msg":"erhie_jayne woowtoday is your birthdayHappy birthday aunty WULLNP🙌🔥"}
{"tweet_id":841810592168083456,"created_unixtime":1489538259914,"created_time":"Wed Mar 15 00:37:39 +0000 2017","lang":"en","displayname":"hindes_daniel","time_zone":"","msg":"Man my little brother means everything to me if I lost everyone and had him shit Id still be happy"}
{"tweet_id":841810592075776000,"created_unixtime":1489538259892,"created_time":"Wed Mar 15 00:37:39 +0000 2017","lang":"tr","displayname":"Gizliozne34","time_zone":"Istanbul","msg":"RT Lafrodizyak Eğer bir kadın hala kalbini kıran adamın peşinden gidiyorsa bilin ki o kadın dünyanın en sadık aşığıdır"}
{"tweet_id":841810592038064128,"created_unixtime":1489538259883,"created_time":"Wed Mar 15 00:37:39 +0000 2017","lang":"en","displayname":"Allielavezzi","time_zone":"","msg":"RT ItsMe_Justy Happy 17th birthday pretty girl my life is a little less spicy without you bringing me hot Cheetos everyday ❤️ https//t…"}
