{"tweet_id":841793639005200384,"created_unixtime":1489534217965,"created_time":"Tue Mar 14 23:30:17 +0000 2017","lang":"en","displayname":"gringaofbarrio","time_zone":"Pacific Time (US & Canada)","msg":"RT ZDBoutique Thanks for the recent follow RcCoots health_anbeauty stuffmineuk Happy to connect  have a great Tuesday gtgt https//t…"}
{"tweet_id":841793639110045697,"created_unixtime":1489534217990,"created_time":"Tue Mar 14 23:30:17 +0000 2017","lang":"en","displayname":"kotts30","time_zone":"","msg":"RT NBA_CentraI Happy birthday Steph  https//tco/1UgvCWfSF0"}
{"tweet_id":841793639659393024,"created_unixtime":1489534218121,"created_time":"Tue Mar 14 23:30:18 +0000 2017","lang":"ja","displayname":"hayashi77310","time_zone":"","msg":"RT qRxjWDAk0jmNPqj Happy Birthday！🎉👏おめでおおおお！園田海未生誕祭 園田海未生誕祭2017 3月15日は園田海未の誕生日 RTした人全員フォローする ラブライバーはRTラブライブ https//tco/Hca…"}
{"tweet_id":841793639726501889,"created_unixtime":1489534218137,"created_time":"Tue Mar 14 23:30:18 +0000 2017","lang":"en","displayname":"Coopaloop31","time_zone":"Central Time (US & Canada)","msg":"RT G_Eazy Simone_Biles happy birthday homie Sending hella love your way ❤️"}
{"tweet_id":841793639466586112,"created_unixtime":1489534218075,"created_time":"Tue Mar 14 23:30:18 +0000 2017","lang":"en","displayname":"ImaginationSoup","time_zone":"Mountain Time (US & Canada)","msg":"Happy Pi Day 13 Sweet Books for Mathletes and Pie Lovers https//tco/nCJTOsA86t https//tco/Pi4DIxmeBA penguinrandom"}
{"tweet_id":841793639776944132,"created_unixtime":1489534218149,"created_time":"Tue Mar 14 23:30:18 +0000 2017","lang":"en","displayname":"sweelarryz","time_zone":"","msg":"If jack gilinsky follow me I don’t know what to do but I’ll be happy that’s sure"}
{"tweet_id":841793639407878144,"created_unixtime":1489534218061,"created_time":"Tue Mar 14 23:30:18 +0000 2017","lang":"en","displayname":"racheon16","time_zone":"","msg":"RT Brittney_Moses Many cant be happy because they always seeThe past better than what it wasThe present worse than it is ampThe future…"}
{"tweet_id":841793639487549441,"created_unixtime":1489534218080,"created_time":"Tue Mar 14 23:30:18 +0000 2017","lang":"en","displayname":"motivejimin","time_zone":"Mid-Atlantic","msg":"RT fantagiogroup [아스트로] 20170315 HAPPY BIRTHDAY JINJIN♥https//tco/V5gCN4Og73ASTRO JINJIN 진진 HAPPYJINJINDAY💕 https//tco/wheN9y…"}
{"tweet_id":841793639911108609,"created_unixtime":1489534218181,"created_time":"Tue Mar 14 23:30:18 +0000 2017","lang":"en","displayname":"leakiestfaucet","time_zone":"","msg":"My favorite band of all time is The Number Twelve Looks Like You So whenever I find someone who throughly enjoys them like me Im happy"}
{"tweet_id":841793638631903234,"created_unixtime":1489534217876,"created_time":"Tue Mar 14 23:30:17 +0000 2017","lang":"en","displayname":"DavidYacayates","time_zone":"Europe/London","msg":"EatMyHalo Happy Birthday 👍with 30 ish minutes left https//tco/ob92EVmUXj"}
{"tweet_id":841793639911198721,"created_unixtime":1489534218181,"created_time":"Tue Mar 14 23:30:18 +0000 2017","lang":"en","displayname":"Enigma_MF","time_zone":"Pacific Time (US & Canada)","msg":"RT businessinsider Happy PiDay These animations will help you understand the math concepts you never got in high school https//tco/qm…"}
{"tweet_id":841793639848247296,"created_unixtime":1489534218166,"created_time":"Tue Mar 14 23:30:18 +0000 2017","lang":"en","displayname":"nicolekusen","time_zone":"","msg":"RT carolinepesc8 happy birthday nicolekusen  i miss sports med w u but lets rally again soon 💗🎉🎉 https//tco/B1FtSFbGfN"}
{"tweet_id":841793640255041536,"created_unixtime":1489534218263,"created_time":"Tue Mar 14 23:30:18 +0000 2017","lang":"en","displayname":"rainmarieowens","time_zone":"","msg":"RT neiltyson 314  Happy Piday to Gregorian calendar users who reckon dates with month followed by day separated by period omitting year"}
{"tweet_id":841793640519229440,"created_unixtime":1489534218326,"created_time":"Tue Mar 14 23:30:18 +0000 2017","lang":"en","displayname":"notblondegirl","time_zone":"","msg":"RT __Silhouette julieplec kevwilliamson happy bdayy 🔥🎉 https//tco/yE2clRC5a5"}
{"tweet_id":841793640246657024,"created_unixtime":1489534218261,"created_time":"Tue Mar 14 23:30:18 +0000 2017","lang":"en","displayname":"sdgirlscouts","time_zone":"Pacific Time (US & Canada)","msg":"RT WMofC Happy 100th Birthday sdgirlscouts Thank you for teaching girls to be strong leaders and to always BePrepared https//tco/qeW…"}
{"tweet_id":841793640825524226,"created_unixtime":1489534218399,"created_time":"Tue Mar 14 23:30:18 +0000 2017","lang":"en","displayname":"__shayy2x","time_zone":"Quito","msg":"RT giamaliva taurus cont but once theyre committed its settled will do everything in their power to make you happy over… "}
{"tweet_id":841793640762609664,"created_unixtime":1489534218384,"created_time":"Tue Mar 14 23:30:18 +0000 2017","lang":"en","displayname":"Mayankp32","time_zone":"Eastern Time (US & Canada)","msg":"RT SN_Ohio Happy birthday StephenCurry30 heres a compilation video https//tco/JmYjJXLt65"}
{"tweet_id":841793641005768704,"created_unixtime":1489534218442,"created_time":"Tue Mar 14 23:30:18 +0000 2017","lang":"en","displayname":"princesspayaat","time_zone":"","msg":"princesspayaat And Im happy and contented 100 "}
{"tweet_id":841793640250896384,"created_unixtime":1489534218262,"created_time":"Tue Mar 14 23:30:18 +0000 2017","lang":"en","displayname":"nctadreamgirl","time_zone":"Pacific Time (US & Canada)","msg":"RT ilovefIowers if ur sad https//tco/cwXvLBIWEu"}
{"tweet_id":841793640108302339,"created_unixtime":1489534218228,"created_time":"Tue Mar 14 23:30:18 +0000 2017","lang":"en","displayname":"unbuttonglutton","time_zone":"Pacific Time (US & Canada)","msg":"RT OxfamHexham Happy Tuesday allTwo cups of Fairtrade coffee and well be ready for anythingOxfam Hexham  https//tco/tuMu7TVFMM"}
{"tweet_id":841793640951304193,"created_unixtime":1489534218429,"created_time":"Tue Mar 14 23:30:18 +0000 2017","lang":"en","displayname":"extrahoerdinary","time_zone":"","msg":"Im just really happy right now 🙂 https//tco/iwgRZvmLXF"}
{"tweet_id":841793641614057472,"created_unixtime":1489534218587,"created_time":"Tue Mar 14 23:30:18 +0000 2017","lang":"en","displayname":"2BrunetteBarbie","time_zone":"Eastern Time (US & Canada)","msg":"So sad that the ending is ruined for me 😭😭😭"}
{"tweet_id":841793641811075073,"created_unixtime":1489534218634,"created_time":"Tue Mar 14 23:30:18 +0000 2017","lang":"en","displayname":"nodiklim","time_zone":"","msg":"Happy tweeting every JuanALDUBxDTBYTugOfHearts"}
{"tweet_id":841793642473824256,"created_unixtime":1489534218792,"created_time":"Tue Mar 14 23:30:18 +0000 2017","lang":"en","displayname":"tweet_maravich","time_zone":"Pacific Time (US & Canada)","msg":"RT HighHeatStats Happy Pi Day https//tco/y5PdPdfupD"}
{"tweet_id":841793642775826432,"created_unixtime":1489534218864,"created_time":"Tue Mar 14 23:30:18 +0000 2017","lang":"et","displayname":"colonyoo","time_zone":"Pacific Time (US & Canada)","msg":"RT TheGnomeChild tukamis bc im sad yeojah GIVE TAKUMI BIG POOFY 90s ANIME HAIR https//tco/DQrmOoPIAS"}
{"tweet_id":841793642733940736,"created_unixtime":1489534218854,"created_time":"Tue Mar 14 23:30:18 +0000 2017","lang":"en","displayname":"richiechurch","time_zone":"Eastern Time (US & Canada)","msg":"RT MeninistTweet Happy pi dayThe Falcons blew a 283 lead314283  31the warriors blew a 31 lead in the NBA Finals"}
{"tweet_id":841793642876477440,"created_unixtime":1489534218888,"created_time":"Tue Mar 14 23:30:18 +0000 2017","lang":"tl","displayname":"lado_graceSteph","time_zone":"","msg":"Kung gusto lage masaya umaga manuod lang kayo ng MB dahil anjan si Melai lage happy at comedy MBMayWard https//tco/0YgyLymWYG"}
{"tweet_id":841793642935271428,"created_unixtime":1489534218902,"created_time":"Tue Mar 14 23:30:18 +0000 2017","lang":"en","displayname":"FilsingerEDU","time_zone":"Eastern Time (US & Canada)","msg":"I watched this the other day amp it left me with a lot to think about from the perspective seeing students as people… https//tco/eLfrEWAae0"}
{"tweet_id":841793643686027269,"created_unixtime":1489534219081,"created_time":"Tue Mar 14 23:30:19 +0000 2017","lang":"en","displayname":"ansartamd36w","time_zone":"","msg":"RT CP3 Happy Birthday Mama MamasBoy https//tco/RPKaODUp6h"}
{"tweet_id":841793644373786624,"created_unixtime":1489534219245,"created_time":"Tue Mar 14 23:30:19 +0000 2017","lang":"en","displayname":"Navid_TD","time_zone":"","msg":"RT nasim_balar HAPPY BIRTHDAY Farab TDPampT ProudtobeTD OliviaJungTD JuliaKelly_TD KellyLam_TD DesmondGoh_TD el_farhadi https//tc…"}
{"tweet_id":841793644172529664,"created_unixtime":1489534219197,"created_time":"Tue Mar 14 23:30:19 +0000 2017","lang":"en","displayname":"mmkasper","time_zone":"","msg":"RIP my friendso sad 😥  God just gained an amazing voice for his traffic reports https//tco/yh1GGZG8ZW"}
{"tweet_id":841793644965187585,"created_unixtime":1489534219386,"created_time":"Tue Mar 14 23:30:19 +0000 2017","lang":"tl","displayname":"JimTrillana","time_zone":"","msg":"maryanbrndt happy Hahahaha"}
{"tweet_id":841793643551817729,"created_unixtime":1489534219049,"created_time":"Tue Mar 14 23:30:19 +0000 2017","lang":"en","displayname":"AbilityEXP","time_zone":"Eastern Time (US & Canada)","msg":"We are happy to welcome ChelseaBall08 to our team as Director of Logistics https//tco/ChWzbIfTw2 https//tco/7cAepoqVAI"}
{"tweet_id":841793645074358272,"created_unixtime":1489534219412,"created_time":"Tue Mar 14 23:30:19 +0000 2017","lang":"en","displayname":"2012Ellinger","time_zone":"Eastern Time (US & Canada)","msg":"And not that do what makes you happy bullshit give it to me straight"}
{"tweet_id":841793644713648128,"created_unixtime":1489534219326,"created_time":"Tue Mar 14 23:30:19 +0000 2017","lang":"en","displayname":"_lanahh","time_zone":"","msg":"RT thelipstickgawd Yall really be mad amp upset with people just because they have good parents who help them out well after theyre out o…"}
{"tweet_id":841793646466748416,"created_unixtime":1489534219744,"created_time":"Tue Mar 14 23:30:19 +0000 2017","lang":"en","displayname":"nadzirahrafiee","time_zone":"Beijing","msg":"RT farahwahidahbr We dont have a birthday cake but we are blessed with supportive society that offers helping hands when we need on… "}
{"tweet_id":841793646471057409,"created_unixtime":1489534219745,"created_time":"Tue Mar 14 23:30:19 +0000 2017","lang":"en","displayname":"Miller_Dave","time_zone":"Central Time (US & Canada)","msg":"Happy Birthday to ChrisRongey whose spirit continues to live on during Sunday Fundays on Clark Street Keep crushing"}
{"tweet_id":841793647188271105,"created_unixtime":1489534219916,"created_time":"Tue Mar 14 23:30:19 +0000 2017","lang":"en","displayname":"FrancMCFC","time_zone":"London","msg":"RT MessiMinutes CostaBarça/Madrid are going to look at him Hazard is happy here but when a team like this knocks at the door y… "}
{"tweet_id":841793645422510080,"created_unixtime":1489534219495,"created_time":"Tue Mar 14 23:30:19 +0000 2017","lang":"en","displayname":"DogsRuleNC","time_zone":"Eastern Time (US & Canada)","msg":"Drax is a happy 3 yr oldgreat family dogGets along w/kids amp dogshttps//tco/GXQZGgEfYE SGSRescue NC VA MD https//tco/mWEIi0WmT5"}
{"tweet_id":841793646982754304,"created_unixtime":1489534219867,"created_time":"Tue Mar 14 23:30:19 +0000 2017","lang":"en","displayname":"sidney__burton","time_zone":"Quito","msg":"yeah only cus her name on it I need em lol https//tco/zb2q2Gz1LF"}
{"tweet_id":841793643413409794,"created_unixtime":1489534219016,"created_time":"Tue Mar 14 23:30:19 +0000 2017","lang":"en","displayname":"anasiasiya0qs31","time_zone":"","msg":"RT DaNuke7 the sad life of a penishis hair is messyhis family is nutshis neighbor is a assholehis bestie is a pussy and his owner be…"}
{"tweet_id":841793642754904065,"created_unixtime":1489534218859,"created_time":"Tue Mar 14 23:30:18 +0000 2017","lang":"en","displayname":"OceanChampions","time_zone":"Pacific Time (US & Canada)","msg":"MT 5 reasons octopi are the coolest animals in the sea Happy PiDay2017 https//tco/vxHw17sp3v via OurOcean https//tco/sTotdov7CR"}
{"tweet_id":841793643560226817,"created_unixtime":1489534219051,"created_time":"Tue Mar 14 23:30:19 +0000 2017","lang":"en","displayname":"tonihavlik","time_zone":"Central Time (US & Canada)","msg":"RT NASA Happy Pi Day Celebrate with our PiDay Challenge featuring math problems we must solve to explore space… "}
{"tweet_id":841793643644096512,"created_unixtime":1489534219071,"created_time":"Tue Mar 14 23:30:19 +0000 2017","lang":"en","displayname":"Asvp_Ribeiro","time_zone":"Pacific Time (US & Canada)","msg":"RT ibrahim_bonney New favorite 🔥🙏🏿  Happy birthday sensei ty ty  U go make am Insha Allah https//tco/aKcvFcKbln"}
{"tweet_id":841793642863984641,"created_unixtime":1489534218885,"created_time":"Tue Mar 14 23:30:18 +0000 2017","lang":"en","displayname":"niceboo89","time_zone":"Central Time (US & Canada)","msg":"Whats going on hereRapmon is happy af I see u boy👌Namjin https//tco/KwNzvu9RtQ"}
{"tweet_id":841793644625514497,"created_unixtime":1489534219305,"created_time":"Tue Mar 14 23:30:19 +0000 2017","lang":"en","displayname":"youngdvddys","time_zone":"","msg":"RT murderized so please stop talking bad on her she really did nothing but make me happy i fucked it up not her"}
{"tweet_id":841793644621373441,"created_unixtime":1489534219304,"created_time":"Tue Mar 14 23:30:19 +0000 2017","lang":"en","displayname":"mizzy_103","time_zone":"Central Time (US & Canada)","msg":"RT FreddyAmazin some of the Jersey Shore cast reunited This makes me so happy 😭😍 https//tco/nByGLuJ4Lu"}
{"tweet_id":841793643912540160,"created_unixtime":1489534219135,"created_time":"Tue Mar 14 23:30:19 +0000 2017","lang":"en","displayname":"Shiekh","time_zone":"Pacific Time (US & Canada)","msg":"birthday Happy 29th Birthday Steph Curry trophybasketball https//tco/mrcUsoGn5A"}
{"tweet_id":841793644814315520,"created_unixtime":1489534219350,"created_time":"Tue Mar 14 23:30:19 +0000 2017","lang":"en","displayname":"townsendkyle03","time_zone":"Pacific Time (US & Canada)","msg":"appreciate it fam Gonna fr come visit ATX soon 🤘🏽 https//tco/vGdvyyp9DU"}
{"tweet_id":841793646068404224,"created_unixtime":1489534219649,"created_time":"Tue Mar 14 23:30:19 +0000 2017","lang":"en","displayname":"PaigeAngela15","time_zone":"Atlantic Time (Canada)","msg":"RT Simone_Biles happy birthday to all the march 14th babies  🖤"}
{"tweet_id":841793646152282112,"created_unixtime":1489534219669,"created_time":"Tue Mar 14 23:30:19 +0000 2017","lang":"en","displayname":"cassidy_duggan","time_zone":"Pacific Time (US & Canada)","msg":"legacybrooks happy birthday bby❤"}
{"tweet_id":841793646781431809,"created_unixtime":1489534219819,"created_time":"Tue Mar 14 23:30:19 +0000 2017","lang":"en","displayname":"baabyyjayy_","time_zone":"Pacific Time (US & Canada)","msg":"RT genesssisssss im so happy im single"}
{"tweet_id":841793647452463104,"created_unixtime":1489534219979,"created_time":"Tue Mar 14 23:30:19 +0000 2017","lang":"en","displayname":"RichelleMarleau","time_zone":"Atlantic Time (Canada)","msg":"RT 911PSY People are naturally more happy when theyre kept busy"}
{"tweet_id":841793647234453504,"created_unixtime":1489534219927,"created_time":"Tue Mar 14 23:30:19 +0000 2017","lang":"en","displayname":"eunhja","time_zone":"","msg":"happy birthday to the best bassist and vocalist in the whole world… https//tco/NUkFdJLh1r"}
{"tweet_id":841793647507054597,"created_unixtime":1489534219992,"created_time":"Tue Mar 14 23:30:19 +0000 2017","lang":"en","displayname":"_QueenYae","time_zone":"Central Time (US & Canada)","msg":"DJKEES happy birthday kees🤙🏾🎉🎈"}
{"tweet_id":841793647788077056,"created_unixtime":1489534220059,"created_time":"Tue Mar 14 23:30:20 +0000 2017","lang":"und","displayname":"kodsbama","time_zone":"","msg":"RT realDailyWire Sad https//tco/bMnXSjPGJX"}
{"tweet_id":841793648173977600,"created_unixtime":1489534220151,"created_time":"Tue Mar 14 23:30:20 +0000 2017","lang":"en","displayname":"Junglefushimi","time_zone":"","msg":"creepysteeples HAPPY BIRTHDAY I hope ur having a great day and u get to have a bomb ass cake 🎊🎈🎉🎂"}
{"tweet_id":841793648438181888,"created_unixtime":1489534220214,"created_time":"Tue Mar 14 23:30:20 +0000 2017","lang":"en","displayname":"dwfielderjr","time_zone":"Central Time (US & Canada)","msg":"Happy Birthday My Friend godsAMAZINgrace"}
{"tweet_id":841793647960035329,"created_unixtime":1489534220100,"created_time":"Tue Mar 14 23:30:20 +0000 2017","lang":"en","displayname":"SKRViLL","time_zone":"Mountain Time (US & Canada)","msg":"RT MaryBuckham Being happy will make you more productive –Mirko Creativityamwriting"}
{"tweet_id":841793648710811650,"created_unixtime":1489534220279,"created_time":"Tue Mar 14 23:30:20 +0000 2017","lang":"en","displayname":"jayfromdawestt","time_zone":"","msg":"RT TOASTOTHEGOD Its Sad When Ur Own Friends Hate On You"}
{"tweet_id":841793645133086721,"created_unixtime":1489534219426,"created_time":"Tue Mar 14 23:30:19 +0000 2017","lang":"en","displayname":"TheLillyRojas","time_zone":"Pacific Time (US & Canada)","msg":"Happy birthday to this adorable human jacobleewick Heres you in front of the off center DREAMERSjoinus sign 😂🤗👍 https//tco/sHUCVo1TyF"}
{"tweet_id":841793648245235713,"created_unixtime":1489534220168,"created_time":"Tue Mar 14 23:30:20 +0000 2017","lang":"en","displayname":"Corrinnheinold_","time_zone":"","msg":"Thank you sweet girl love ya too💗 https//tco/jlUccAFszW"}
{"tweet_id":841793648362721281,"created_unixtime":1489534220196,"created_time":"Tue Mar 14 23:30:20 +0000 2017","lang":"en","displayname":"_JetLifeQuez","time_zone":"","msg":"RT HYPEBEAST Happy Birthday Steph 🍾 https//tco/N0t5c1aSwY"}
{"tweet_id":841793649071472641,"created_unixtime":1489534220365,"created_time":"Tue Mar 14 23:30:20 +0000 2017","lang":"en","displayname":"_greykat","time_zone":"Pacific/Auckland","msg":"RT PadmeAmidala217 Happy Pi Day  Happy Birthday Albert Einstein https//tco/OWzeAUFQCE"}
{"tweet_id":841793649436459008,"created_unixtime":1489534220452,"created_time":"Tue Mar 14 23:30:20 +0000 2017","lang":"en","displayname":"missy1637","time_zone":"Eastern Time (US & Canada)","msg":"mambitweets will staples in Canada be carrying happy planners"}
{"tweet_id":841793649688076288,"created_unixtime":1489534220512,"created_time":"Tue Mar 14 23:30:20 +0000 2017","lang":"pt","displayname":"BeatrizJesus22","time_zone":"","msg":"RT urchampagnemami Os maus da fita numa roda d falsos são smp aqueles q são diretos e sinceros cm as cenas sad but real"}
{"tweet_id":841793649566445569,"created_unixtime":1489534220483,"created_time":"Tue Mar 14 23:30:20 +0000 2017","lang":"en","displayname":"FaithMSedillo","time_zone":"","msg":"RT CuteBabyAnimals He looks so happy  https//tco/negY1ZGsMX"}
{"tweet_id":841793650006794243,"created_unixtime":1489534220588,"created_time":"Tue Mar 14 23:30:20 +0000 2017","lang":"en","displayname":"emeraldrkesuma","time_zone":"Bangkok","msg":"Happy are those who dream dreams and are ready to pay the price to make them come true~ Leon J Suenes quote twittbot"}
{"tweet_id":841793649847468032,"created_unixtime":1489534220550,"created_time":"Tue Mar 14 23:30:20 +0000 2017","lang":"en","displayname":"richrayart","time_zone":"","msg":"artfinderlatest Thank You Happy Tuesday  Art is life and artfinder is alive with all new original art from all over the world"}
{"tweet_id":841793650686230528,"created_unixtime":1489534220750,"created_time":"Tue Mar 14 23:30:20 +0000 2017","lang":"en","displayname":"LizbethRuizV","time_zone":"Arizona","msg":"im so happy with my grades 💗"}
{"tweet_id":841793650837209090,"created_unixtime":1489534220786,"created_time":"Tue Mar 14 23:30:20 +0000 2017","lang":"en","displayname":"nblhsna_","time_zone":"Beijing","msg":"MuhdFadzilll oi happy birthday"}
{"tweet_id":841793650036105216,"created_unixtime":1489534220595,"created_time":"Tue Mar 14 23:30:20 +0000 2017","lang":"en","displayname":"RickyPDillon","time_zone":"Central Time (US & Canada)","msg":"Happy pi day https//tco/PyJRimk7d3"}
{"tweet_id":841793651130929152,"created_unixtime":1489534220856,"created_time":"Tue Mar 14 23:30:20 +0000 2017","lang":"en","displayname":"swankk_estevan","time_zone":"Atlantic Time (Canada)","msg":"RT D_Deji28 Do you guys know why he was killed A girl lied that he raped her and her brother shot him dead https//tco/IWDVDZp3rz"}
{"tweet_id":841793651525210115,"created_unixtime":1489534220950,"created_time":"Tue Mar 14 23:30:20 +0000 2017","lang":"en","displayname":"_BreakOutATL","time_zone":"","msg":"RT CodySIO Last night I lived out a dream of mine and am happy to say that I get to do it two more times… https//tco/TUgk0LH3qR"}
{"tweet_id":841793651592290304,"created_unixtime":1489534220966,"created_time":"Tue Mar 14 23:30:20 +0000 2017","lang":"en","displayname":"msh245","time_zone":"","msg":"RT msh245 hyacinth1403 🌹Happy birthday my love Youre a dream come true for me and I never want to be without youmy love… "}
{"tweet_id":841793651927785472,"created_unixtime":1489534221046,"created_time":"Tue Mar 14 23:30:21 +0000 2017","lang":"en","displayname":"cophinekendrick","time_zone":"Krasnoyarsk","msg":"RT heardmaslany SHE LOOKS SO HAPPY https//tco/tbeI4wfD1X"}
{"tweet_id":841793652150087681,"created_unixtime":1489534221099,"created_time":"Tue Mar 14 23:30:21 +0000 2017","lang":"ja","displayname":"hhjmd_","time_zone":"","msg":"RT mizupyon_mm 好きが増した。 https//tco/1fFnJhSkDZ"}
{"tweet_id":841793651705544704,"created_unixtime":1489534220993,"created_time":"Tue Mar 14 23:30:20 +0000 2017","lang":"en","displayname":"MustyKony","time_zone":"Eastern Time (US & Canada)","msg":"Oh boohoo https//tco/GkVMMpglwC"}
{"tweet_id":841793652141756416,"created_unixtime":1489534221097,"created_time":"Tue Mar 14 23:30:21 +0000 2017","lang":"en","displayname":"Naturerosa_rs","time_zone":"Eastern Time (US & Canada)","msg":"Forumscape ye ikri am quite happy with nature rosa and rosa quartz XD"}
{"tweet_id":841793652083027968,"created_unixtime":1489534221083,"created_time":"Tue Mar 14 23:30:21 +0000 2017","lang":"en","displayname":"Ms_mamasita","time_zone":"Pacific Time (US & Canada)","msg":"Im trying to do this thing where when Im sad I dont get a piercing or tattoo"}
{"tweet_id":841793652464611328,"created_unixtime":1489534221174,"created_time":"Tue Mar 14 23:30:21 +0000 2017","lang":"en","displayname":"KristenMcilvain","time_zone":"","msg":"RT pipesmalone there was a point in my life when i didnt think id be this happy ever again amp now i cant believe i ever let someone mak…"}
{"tweet_id":841793652556877826,"created_unixtime":1489534221196,"created_time":"Tue Mar 14 23:30:21 +0000 2017","lang":"en","displayname":"LarryShort777","time_zone":"","msg":"RT AmaziingPuppies Happy dog getting picked up at daycare  https//tco/VAKBpd8Yqi"}
{"tweet_id":841793652749881344,"created_unixtime":1489534221242,"created_time":"Tue Mar 14 23:30:21 +0000 2017","lang":"tl","displayname":"shanelcastine02","time_zone":"","msg":"RT jllmgln Belated happy birthday bebe q next time na yung gift ko ha ipon na Muna HAHA iloveyouuu mwaps shanelcastine02"}
{"tweet_id":841793652070457345,"created_unixtime":1489534221080,"created_time":"Tue Mar 14 23:30:21 +0000 2017","lang":"en","displayname":"JillQ14","time_zone":"Hawaii","msg":"thank u juna so excited for the weekend😊 https//tco/WTQwxVPn9o"}
{"tweet_id":841793652682809346,"created_unixtime":1489534221226,"created_time":"Tue Mar 14 23:30:21 +0000 2017","lang":"en","displayname":"DuncYoYoGold","time_zone":"Eastern Time (US & Canada)","msg":"His potential is 2K is still really high though https//tco/cuEy6wpCO0"}
{"tweet_id":841793652963827713,"created_unixtime":1489534221293,"created_time":"Tue Mar 14 23:30:21 +0000 2017","lang":"en","displayname":"rebecca66406635","time_zone":"","msg":"RT lilschwartzie Happy eat your feelings day"}
{"tweet_id":841793653106479104,"created_unixtime":1489534221327,"created_time":"Tue Mar 14 23:30:21 +0000 2017","lang":"en","displayname":"Sophie_FosterXx","time_zone":"Hawaii","msg":"alicegkingg KATVONDbeauty NyxCosmetics NYXCosmeticsUK ABHcosmetics Im so happy you got on this trend so fast 😂"}
{"tweet_id":841793653186154496,"created_unixtime":1489534221346,"created_time":"Tue Mar 14 23:30:21 +0000 2017","lang":"en","displayname":"NunzRaph","time_zone":"Pacific Time (US & Canada)","msg":"RT AmaziingPuppies Happy dog getting picked up at daycare  https//tco/VAKBpd8Yqi"}
{"tweet_id":841793653467152384,"created_unixtime":1489534221413,"created_time":"Tue Mar 14 23:30:21 +0000 2017","lang":"en","displayname":"mlyzhingu8","time_zone":"","msg":"RT joewakefordcom Im happy to reveal my 2017 voiceover showreel Lots of commercial TV narration amp company explainer stuff https//…"}
{"tweet_id":841793653861302272,"created_unixtime":1489534221507,"created_time":"Tue Mar 14 23:30:21 +0000 2017","lang":"en","displayname":"octavioo_v","time_zone":"","msg":"RT de_lame_ey happy birthday octavioo_v have a great day 🎉😊"}
{"tweet_id":841793653693648896,"created_unixtime":1489534221467,"created_time":"Tue Mar 14 23:30:21 +0000 2017","lang":"en","displayname":"DreamWeaver331","time_zone":"Central Time (US & Canada)","msg":"RHancock19 thats sad"}
{"tweet_id":841793653903368192,"created_unixtime":1489534221517,"created_time":"Tue Mar 14 23:30:21 +0000 2017","lang":"en","displayname":"aboutiwe","time_zone":"Hong Kong","msg":"happy Wednesday have a good day March 15 2017 at 0730AM⌚️"}
{"tweet_id":841793653773295616,"created_unixtime":1489534221486,"created_time":"Tue Mar 14 23:30:21 +0000 2017","lang":"en","displayname":"_sarahvensland","time_zone":"","msg":"learn to be happy on youre own time"}
{"tweet_id":841793654004031488,"created_unixtime":1489534221541,"created_time":"Tue Mar 14 23:30:21 +0000 2017","lang":"en","displayname":"_tanzaneia","time_zone":"","msg":"RT athena_janai i love seeing my friends happy 😍"}
{"tweet_id":841793653920137216,"created_unixtime":1489534221521,"created_time":"Tue Mar 14 23:30:21 +0000 2017","lang":"en","displayname":"DaveD_40","time_zone":"","msg":"RT Estrella51Ahora Happy TongueOutTuesday 🐶💕😄 https//tco/K843YLuaGP"}
{"tweet_id":841793654243106816,"created_unixtime":1489534221598,"created_time":"Tue Mar 14 23:30:21 +0000 2017","lang":"en","displayname":"kennedyrayn","time_zone":"","msg":"RT koko7690 Its honestly so sad that some people dont respect relationships🤷🏽‍♀️"}
{"tweet_id":841793654075224064,"created_unixtime":1489534221558,"created_time":"Tue Mar 14 23:30:21 +0000 2017","lang":"ja","displayname":"NFCEZzN9PTZg9sx","time_zone":"","msg":"RT Aqours4017 海未ちゃんHappy Birthday！！園田海未生誕祭2017 3月15日は園田海未の誕生日 RTした人全員フォローする ！ https//tco/Rfi7akZO0v"}
{"tweet_id":841793654419202049,"created_unixtime":1489534221640,"created_time":"Tue Mar 14 23:30:21 +0000 2017","lang":"en","displayname":"caitlyntann","time_zone":"Beijing","msg":"happy birthday mars have a great day and hope youre doing well 😇justapinchofzo"}
{"tweet_id":841793654746374144,"created_unixtime":1489534221718,"created_time":"Tue Mar 14 23:30:21 +0000 2017","lang":"en","displayname":"Ale1D_Larry","time_zone":"Pacific Time (US & Canada)","msg":"RT LittleMix NoMoreSadSongs for REAL❌❤️ weve made a SpotifyUK playlist with some happy songs☺️ what should we add X the girl… "}
{"tweet_id":841793654440251392,"created_unixtime":1489534221645,"created_time":"Tue Mar 14 23:30:21 +0000 2017","lang":"en","displayname":"townsendkyle03","time_zone":"Pacific Time (US & Canada)","msg":"RT jacob_mireles Happy birthday homie townsendkyle03"}
{"tweet_id":841793653957922816,"created_unixtime":1489534221530,"created_time":"Tue Mar 14 23:30:21 +0000 2017","lang":"en","displayname":"Pseudo_Kieran","time_zone":"London","msg":"Fucking brilliant had a good laugh at this 😀 https//tco/m3yAHSPcDr"}
{"tweet_id":841793654901620741,"created_unixtime":1489534221755,"created_time":"Tue Mar 14 23:30:21 +0000 2017","lang":"en","displayname":"swdelta7","time_zone":"","msg":"RT HiddenFigures Look beyond the numbers Happy PiDay https//tco/7UiOTzd1qj"}
{"tweet_id":841793654960214016,"created_unixtime":1489534221769,"created_time":"Tue Mar 14 23:30:21 +0000 2017","lang":"en","displayname":"peaceloveeAngie","time_zone":"","msg":"Happy birthday Kevin kevwilliamson bringsterolineback https//tco/rLaWaaTnMC"}
{"tweet_id":841793654465429505,"created_unixtime":1489534221651,"created_time":"Tue Mar 14 23:30:21 +0000 2017","lang":"en","displayname":"4YouthJustice","time_zone":"Atlantic Time (Canada)","msg":"Happy Birthday Mr Einstein Be a problemsolver FixYouthJustice https//tco/HcadKFNWov"}
{"tweet_id":841793654779985920,"created_unixtime":1489534221726,"created_time":"Tue Mar 14 23:30:21 +0000 2017","lang":"en","displayname":"HitKingBBFans","time_zone":"","msg":"RT astros Happy birthday to Astros infielder/outfielder/utilityman/allaroundgreatguy marwinGF9 https//tco/t86SQvAdfn"}
{"tweet_id":841793654389932032,"created_unixtime":1489534221633,"created_time":"Tue Mar 14 23:30:21 +0000 2017","lang":"en","displayname":"VeganXboxGirl","time_zone":"Central Time (US & Canada)","msg":"Its kinda sad how often I use this gif 😂 https//tco/6AMWgN3IBo"}
{"tweet_id":841793655463661568,"created_unixtime":1489534221889,"created_time":"Tue Mar 14 23:30:21 +0000 2017","lang":"en","displayname":"jmuss67","time_zone":"Eastern Time (US & Canada)","msg":"RT KenJennings The Ugly Duckling is my favorite story about how if youre unpopular amp sad you might still turn it around if your look…"}
{"tweet_id":841793655300055040,"created_unixtime":1489534221850,"created_time":"Tue Mar 14 23:30:21 +0000 2017","lang":"en","displayname":"mzcaroljean","time_zone":"Hawaii","msg":"RT WBLooneyTunes Happy Pie Day PiDay 314 https//tco/ffsBptxECE"}
{"tweet_id":841793655308488704,"created_unixtime":1489534221852,"created_time":"Tue Mar 14 23:30:21 +0000 2017","lang":"en","displayname":"MassCassel","time_zone":"","msg":"Happy Birthday maddie_w_10 🎉 Enjoy your snow day"}
{"tweet_id":841793656222810116,"created_unixtime":1489534222070,"created_time":"Tue Mar 14 23:30:22 +0000 2017","lang":"en","displayname":"dante_d_sanders","time_zone":"","msg":"RT D_Deji28 Do you guys know why he was killed A girl lied that he raped her and her brother shot him dead https//tco/IWDVDZp3rz"}
{"tweet_id":841793656746987520,"created_unixtime":1489534222195,"created_time":"Tue Mar 14 23:30:22 +0000 2017","lang":"en","displayname":"andreajjang","time_zone":"Krasnoyarsk","msg":"RT MillennialOfMNL This is your reminder that its okay to not be okay No one is constantly happy Your emotions are yours No one can t…"}
{"tweet_id":841793655216197634,"created_unixtime":1489534221830,"created_time":"Tue Mar 14 23:30:21 +0000 2017","lang":"en","displayname":"geeksofdoom","time_zone":"Eastern Time (US & Canada)","msg":"Happy 30th Birthday EvilDead II Dead By Dawn Still Groovy After All These Years https//tco/sIiO4QQVBl https//tco/L4tIqTjGcj"}
{"tweet_id":841793657070002176,"created_unixtime":1489534222272,"created_time":"Tue Mar 14 23:30:22 +0000 2017","lang":"en","displayname":"eexhoe","time_zone":"Pacific Time (US & Canada)","msg":"RT hroyal55555 Chanyeol 찬열 HAPPY WHITE DAY😘 https//tco/yXtY9MAJh6"}
{"tweet_id":841793657103564802,"created_unixtime":1489534222280,"created_time":"Tue Mar 14 23:30:22 +0000 2017","lang":"en","displayname":"animepalooza","time_zone":"","msg":"RT DubTalkPodcast Happy White Day I hope you ladies get some nice chocolate and box wine Ermaybe not red taste of things to c… "}
{"tweet_id":841793657795665921,"created_unixtime":1489534222445,"created_time":"Tue Mar 14 23:30:22 +0000 2017","lang":"en","displayname":"i_amjillian","time_zone":"","msg":"I feel like Im so fucked out of finding a job and it makes me sad bc if theres anything Im good at/take pride in its being a hard worker"}
{"tweet_id":841793658538065920,"created_unixtime":1489534222622,"created_time":"Tue Mar 14 23:30:22 +0000 2017","lang":"en","displayname":"Rubius1Rubius","time_zone":"","msg":"RT myIostsoul my bed is my happy place"}
{"tweet_id":841793658684858372,"created_unixtime":1489534222657,"created_time":"Tue Mar 14 23:30:22 +0000 2017","lang":"en","displayname":"vcav","time_zone":"Central Time (US & Canada)","msg":"I was already feeling pretty sad and my decision to watch Rabbit Hole was not a good one goddamn"}
{"tweet_id":841793659729195008,"created_unixtime":1489534222906,"created_time":"Tue Mar 14 23:30:22 +0000 2017","lang":"en","displayname":"GeekWithGun","time_zone":"Central Time (US & Canada)","msg":"Entrepreneur  Happy Person https//tco/VcgKdGDe1u"}
{"tweet_id":841793660136042496,"created_unixtime":1489534223003,"created_time":"Tue Mar 14 23:30:23 +0000 2017","lang":"en","displayname":"ermrylrz","time_zone":"Hong Kong","msg":"RT MillennialOfMNL This is your reminder that its okay to not be okay No one is constantly happy Your emotions are yours No one can t…"}
{"tweet_id":841793656189157378,"created_unixtime":1489534222062,"created_time":"Tue Mar 14 23:30:22 +0000 2017","lang":"en","displayname":"Kmbrrly","time_zone":"Arizona","msg":"RT TheBucktList there are so many beautiful reasons to be happy https//tco/DQkyoN1SHW"}
{"tweet_id":841793656277352456,"created_unixtime":1489534222083,"created_time":"Tue Mar 14 23:30:22 +0000 2017","lang":"en","displayname":"socialnn","time_zone":"","msg":"There is no happy hour for menstruation CristinaGarcia proposes tax on liquor and not feminine products  https//tco/Buo0nTdCYF"}
{"tweet_id":841793656310837248,"created_unixtime":1489534222091,"created_time":"Tue Mar 14 23:30:22 +0000 2017","lang":"und","displayname":"jughlia","time_zone":"","msg":"langleav  https//tco/mH6tBKyejB"}
{"tweet_id":841793656780668928,"created_unixtime":1489534222203,"created_time":"Tue Mar 14 23:30:22 +0000 2017","lang":"en","displayname":"IyanAmjad","time_zone":"Mumbai","msg":"RT pinkvilla HAPPY BIRTHDAY ALIA BHATT aliaa08s journey from a star kid to winning the Best Actor Award is incredible https//tco/Cs0…"}
{"tweet_id":841793657342574592,"created_unixtime":1489534222337,"created_time":"Tue Mar 14 23:30:22 +0000 2017","lang":"en","displayname":"chearaneta","time_zone":"","msg":"RT senyoramarisse Its sad when youre willing to do everything to be with someone and they do everything to be with somebody else MBMa…"}
{"tweet_id":841793656285724672,"created_unixtime":1489534222085,"created_time":"Tue Mar 14 23:30:22 +0000 2017","lang":"en","displayname":"ElDoradoVegas","time_zone":"Pacific Time (US & Canada)","msg":"Happy TacoTuesday Come on by and enjoy our specials all day long ElDoradoCantina LasVegas… https//tco/RzD7pphIjE"}
{"tweet_id":841793657296551936,"created_unixtime":1489534222326,"created_time":"Tue Mar 14 23:30:22 +0000 2017","lang":"en","displayname":"itsryantay","time_zone":"Central Time (US & Canada)","msg":"Bro dont even know the half of it cut my shit in half But Ill make it all back 👌🏻 https//tco/ctkpv9LZMp"}
{"tweet_id":841793657854398465,"created_unixtime":1489534222459,"created_time":"Tue Mar 14 23:30:22 +0000 2017","lang":"en","displayname":"SohailRamzannnn","time_zone":"","msg":"RT xwajihax idk about you but i get so happy seeing my friends/family succeed in anything they do"}
{"tweet_id":841793657820848134,"created_unixtime":1489534222451,"created_time":"Tue Mar 14 23:30:22 +0000 2017","lang":"en","displayname":"NLounassi","time_zone":"","msg":"Thanks for recent follow MRaifordHolland Happy to follow back Have a great Wednesday 😊"}
{"tweet_id":841793657971867649,"created_unixtime":1489534222487,"created_time":"Tue Mar 14 23:30:22 +0000 2017","lang":"en","displayname":"joeconnick29","time_zone":"Quito","msg":"a_gutowski happy birthday Towski Hope its a great one🎈"}
{"tweet_id":841793658361896961,"created_unixtime":1489534222580,"created_time":"Tue Mar 14 23:30:22 +0000 2017","lang":"en","displayname":"nicolettep1678","time_zone":"Eastern Time (US & Canada)","msg":"this commercial made my heart happy https//tco/fvh3wl5bch"}
{"tweet_id":841793659544596480,"created_unixtime":1489534222862,"created_time":"Tue Mar 14 23:30:22 +0000 2017","lang":"en","displayname":"iciecles","time_zone":"Pacific Time (US & Canada)","msg":"RT kurodias happy birthday to my beautiful brave wonderful angel umi  ♡  ♡  ♡ 海未は私ですが2017園田海未生誕祭2017 https//tco/CYzgsbAZwY"}
{"tweet_id":841793659725090818,"created_unixtime":1489534222905,"created_time":"Tue Mar 14 23:30:22 +0000 2017","lang":"en","displayname":"rebecca66406635","time_zone":"","msg":"RT lilschwartzie Happy Valentines Day from my favorite little kitty whose voice sounds strangely like mine… https//tco/xrgp46dUQT"}
{"tweet_id":841793659922186241,"created_unixtime":1489534222952,"created_time":"Tue Mar 14 23:30:22 +0000 2017","lang":"en","displayname":"lqnina","time_zone":"","msg":"RT lqjjk a happy bunny https//tco/BDODvRcYT1"}
{"tweet_id":841793660178046976,"created_unixtime":1489534223013,"created_time":"Tue Mar 14 23:30:23 +0000 2017","lang":"en","displayname":"_chloefoster","time_zone":"","msg":"RT cairdyy30  if theres even a slight chance at getting something that will make you happy risk it Lifes too short amp happiness is to…"}
{"tweet_id":841793660647694336,"created_unixtime":1489534223125,"created_time":"Tue Mar 14 23:30:23 +0000 2017","lang":"en","displayname":"sakuraa_bby","time_zone":"Pacific Time (US & Canada)","msg":"RT VENUSRlCCI happy pi day everyone im tryna get 314ped"}
{"tweet_id":841793660547170304,"created_unixtime":1489534223101,"created_time":"Tue Mar 14 23:30:23 +0000 2017","lang":"en","displayname":"halfliamblood","time_zone":"Pacific Time (US & Canada)","msg":"RT NiallsintheAM Harry was so hyper that night and Liam was so happy to see him like that https//tco/z1kpssnmdO"}
{"tweet_id":841793661167853568,"created_unixtime":1489534223249,"created_time":"Tue Mar 14 23:30:23 +0000 2017","lang":"en","displayname":"BjMahoney","time_zone":"","msg":"When God took you back he said hallelujah youre home Happy birthday my beautiful friend Ill always love and miss you Shorty ❤"}
{"tweet_id":841793661046214656,"created_unixtime":1489534223220,"created_time":"Tue Mar 14 23:30:23 +0000 2017","lang":"ja","displayname":"uyuchama","time_zone":"","msg":"【連載マンガ】「ほしとくずDont worry Be happy CHAPTER01」を読みました！人気マンガが無料で読める！LINEマンガ今スグ読む→ https//tco/VTGzh4drhL LINEマンガ"}
{"tweet_id":841793661062922240,"created_unixtime":1489534223224,"created_time":"Tue Mar 14 23:30:23 +0000 2017","lang":"en","displayname":"perla_ixchel","time_zone":"Arizona","msg":"RT mycatismean girl why u sad over dick dick is everywhere go out and find you some new dick new dick that treats you right and spoil…"}
{"tweet_id":841793661633462272,"created_unixtime":1489534223360,"created_time":"Tue Mar 14 23:30:23 +0000 2017","lang":"en","displayname":"Yxngskywalker","time_zone":"","msg":"RT D_Deji28 Do you guys know why he was killed A girl lied that he raped her and her brother shot him dead https//tco/IWDVDZp3rz"}
{"tweet_id":841793662015139840,"created_unixtime":1489534223451,"created_time":"Tue Mar 14 23:30:23 +0000 2017","lang":"en","displayname":"SunnyRav189","time_zone":"","msg":"RT norm Happy Pi Day everyone https//tco/YpXOUCDa52"}
{"tweet_id":841793662250041344,"created_unixtime":1489534223507,"created_time":"Tue Mar 14 23:30:23 +0000 2017","lang":"en","displayname":"fortrexs","time_zone":"Mid-Atlantic","msg":"RT fortrexs alterbridge happy 13 years"}
{"tweet_id":841793661444710400,"created_unixtime":1489534223315,"created_time":"Tue Mar 14 23:30:23 +0000 2017","lang":"en","displayname":"VII_Nate_VI","time_zone":"Pacific Time (US & Canada)","msg":"Happy Birthday broo 🙌🏽🎉🎊 https//tco/iuzHt4NH8n"}
{"tweet_id":841793662560362496,"created_unixtime":1489534223581,"created_time":"Tue Mar 14 23:30:23 +0000 2017","lang":"ja","displayname":"miku34913074","time_zone":"","msg":"RT LOVE71323795 海未ちゃん･♥ﾟHappy Birthday ♬ ♥当日照れるかもしれないけどみんなで盛大に祝おう！！は、恥ずかしすぎます/////園田海未生誕祭2017 3月15日は園田海未の誕生日 RTした人全員フォローする… "}
{"tweet_id":841793662455554050,"created_unixtime":1489534223556,"created_time":"Tue Mar 14 23:30:23 +0000 2017","lang":"en","displayname":"jgamerman","time_zone":"Eastern Time (US & Canada)","msg":"RT NintendoAmerica Poochy heard the word Pi and got excited Happy PiDay https//tco/qLVabwbqi8"}
{"tweet_id":841793663030185985,"created_unixtime":1489534223693,"created_time":"Tue Mar 14 23:30:23 +0000 2017","lang":"en","displayname":"oh_hey_tori","time_zone":"Eastern Time (US & Canada)","msg":"Mount St Marys and their band make me happy"}
{"tweet_id":841793662992363521,"created_unixtime":1489534223684,"created_time":"Tue Mar 14 23:30:23 +0000 2017","lang":"en","displayname":"GirlMopar","time_zone":"Arizona","msg":"RT ResistanceParty Problem is Monica Crowley is a happy warrior for Putin TrumpRussia TeamOfLiars https//tco/fTAtkDBMTi"}
{"tweet_id":841793663336353792,"created_unixtime":1489534223766,"created_time":"Tue Mar 14 23:30:23 +0000 2017","lang":"en","displayname":"misschels79","time_zone":"Eastern Time (US & Canada)","msg":"If youre not happy with your grade and you made some obvious mistakes give yourself a few flagellates on the back and move on stat teach"}
{"tweet_id":841793663990554624,"created_unixtime":1489534223922,"created_time":"Tue Mar 14 23:30:23 +0000 2017","lang":"en","displayname":"7ym7474","time_zone":"","msg":"RT Rychu_Raichu Anniversary of the peacelaw I watched it last year and it was amazing Sad to miss it this year but I know peace… "}
{"tweet_id":841793663420252160,"created_unixtime":1489534223786,"created_time":"Tue Mar 14 23:30:23 +0000 2017","lang":"en","displayname":"kira_nizinski","time_zone":"","msg":"Happy birthday hannahorujev hope its a good one💕🎉"}
{"tweet_id":841793663487352832,"created_unixtime":1489534223802,"created_time":"Tue Mar 14 23:30:23 +0000 2017","lang":"en","displayname":"ShahPharmD","time_zone":"","msg":"Looks like Dom aint happy to see Brian either Hes too busy being beige terminator Meanwhile Shea Wigham just caught hands fast4"}
{"tweet_id":841793662862413824,"created_unixtime":1489534223653,"created_time":"Tue Mar 14 23:30:23 +0000 2017","lang":"en","displayname":"MoneyGirlK","time_zone":"","msg":"💀 couldnt have said it any better https//tco/oU0cvTPXD9"}
{"tweet_id":841793663831224320,"created_unixtime":1489534223884,"created_time":"Tue Mar 14 23:30:23 +0000 2017","lang":"ja","displayname":"kaburuwk","time_zone":"","msg":"RT 72K417B 海未ちゃん、お誕生日おめでとう！！！今日は大好きな貴女が産まれた特別な日。沢山の人から祝われて、愛を貰って、幸せな日にして下さい。これからもずっとずっと、大好きだよ！！20170315Happy B… "}
{"tweet_id":841793667421601798,"created_unixtime":1489534224740,"created_time":"Tue Mar 14 23:30:24 +0000 2017","lang":"en","displayname":"PocahontasPrncs","time_zone":"Pacific Time (US & Canada)","msg":"And last week I know I crossed a line and talked to him really bad but I had a little too much to drink even though its no excuse sad"}
{"tweet_id":841793668461682688,"created_unixtime":1489534224988,"created_time":"Tue Mar 14 23:30:24 +0000 2017","lang":"en","displayname":"notblondegirl","time_zone":"","msg":"RT damnsteroline julieplec kevwilliamson happy birthday https//tco/5pxrNSy1JR"}
{"tweet_id":841793664842051584,"created_unixtime":1489534224125,"created_time":"Tue Mar 14 23:30:24 +0000 2017","lang":"en","displayname":"195501","time_zone":"Tokyo","msg":"RT KGfirefly Ou_Prg Congratulations on achieving 120K followers 🎉🎉🎉 Happy Tuesday🍀🌸⭐️🌹💕✨😊 https//tco/AIKeaBV3KY"}
{"tweet_id":841793664665935872,"created_unixtime":1489534224083,"created_time":"Tue Mar 14 23:30:24 +0000 2017","lang":"en","displayname":"jessxrs_","time_zone":"Central Time (US & Canada)","msg":"RT lqjjk a happy bunny https//tco/BDODvRcYT1"}
{"tweet_id":841793664695304192,"created_unixtime":1489534224090,"created_time":"Tue Mar 14 23:30:24 +0000 2017","lang":"en","displayname":"lcm1pen","time_zone":"Eastern Time (US & Canada)","msg":"RT nerdist Happy birthday AlbertEinstein 🎉🎂🎁🔭⚗️🔬 https//tco/9Hq3QYtuWa"}
{"tweet_id":841793665504763904,"created_unixtime":1489534224283,"created_time":"Tue Mar 14 23:30:24 +0000 2017","lang":"en","displayname":"maticusmills","time_zone":"Eastern Time (US & Canada)","msg":"Happy piday2017"}
{"tweet_id":841793665500618752,"created_unixtime":1489534224282,"created_time":"Tue Mar 14 23:30:24 +0000 2017","lang":"en","displayname":"unhappydestiny","time_zone":"Central Time (US & Canada)","msg":"it makes me really sad that Say You Wont Let Go is on the radio now  thats my song to Ethan I dont want the world ruining it"}
{"tweet_id":841793665836154880,"created_unixtime":1489534224362,"created_time":"Tue Mar 14 23:30:24 +0000 2017","lang":"es","displayname":"HabboHappy","time_zone":"Madrid","msg":"Cantantes y copas son algunas de las temáticas de las insignias descubiertas a lo largo del día https//tco/C1DwCGw6n0"}
{"tweet_id":841793666171654144,"created_unixtime":1489534224442,"created_time":"Tue Mar 14 23:30:24 +0000 2017","lang":"th","displayname":"ljongsuk1st_","time_zone":"Pacific Time (US & Canada)","msg":"RT RCNWANN 😳😳😳😳😱กรีดดดดดร้อง😱Happy White Day❤️️😏ถ้าซอกจะชัดเจนในความรักมากขนาดนี้🤐ชิปก็NO COMMENT🤐JooSukCouple… "}
{"tweet_id":841793666020737024,"created_unixtime":1489534224406,"created_time":"Tue Mar 14 23:30:24 +0000 2017","lang":"en","displayname":"DeadmanDesign78","time_zone":"Central Time (US & Canada)","msg":"RT TheDemocrats Happy PiDay to SpeakerRyan who understands pie charts as well as he understands how insurance works… "}
{"tweet_id":841793666385641473,"created_unixtime":1489534224493,"created_time":"Tue Mar 14 23:30:24 +0000 2017","lang":"en","displayname":"ConservativeGM","time_zone":"Eastern Time (US & Canada)","msg":"RT RealJack Its sad but hilarious how the mainstream media thinks plastering antiTrump BS all over is going to stop him Every headline…"}
{"tweet_id":841793666381422592,"created_unixtime":1489534224492,"created_time":"Tue Mar 14 23:30:24 +0000 2017","lang":"en","displayname":"skinnylotus","time_zone":"Arizona","msg":"RT maryjblige Gmorning fam Please  Dont tell every 1 your problems or even your good news because not every1 is happy 4 u or even wan…"}
{"tweet_id":841793667039805440,"created_unixtime":1489534224649,"created_time":"Tue Mar 14 23:30:24 +0000 2017","lang":"en","displayname":"jennyyrosity","time_zone":"Alaska","msg":"Happy Banana  😀"}
{"tweet_id":841793666821836802,"created_unixtime":1489534224597,"created_time":"Tue Mar 14 23:30:24 +0000 2017","lang":"en","displayname":"carlseidita","time_zone":"Eastern Time (US & Canada)","msg":"RT DownWithDamon Happy Birthday StephenCurry30 Heres every time LeBron James blocked you in last years NBA Finals Memories https//t…"}
{"tweet_id":841793667459305472,"created_unixtime":1489534224749,"created_time":"Tue Mar 14 23:30:24 +0000 2017","lang":"en","displayname":"jxsanaa","time_zone":"","msg":"RT Niyahcuh Happy birthday other Mufasa 🦁💖your like a lil sister jxsanaa"}
{"tweet_id":841793666578558977,"created_unixtime":1489534224539,"created_time":"Tue Mar 14 23:30:24 +0000 2017","lang":"en","displayname":"AHiribarrondo","time_zone":"Paris","msg":"Happy PiDay 314 / March 14thAlbert Einstein birthday toCare https//tco/sV36IJaacY"}
{"tweet_id":841793667438276608,"created_unixtime":1489534224744,"created_time":"Tue Mar 14 23:30:24 +0000 2017","lang":"ja","displayname":"Hs913Ne","time_zone":"","msg":"RT warotawww0722 海未ちゃん！お誕生日おめでとう！🎉🎉🎉🎉🎉🎉🎉🎉🎉🎉🎉🎉🎉🎉🎉🎉happy birthday‼園田海未生誕祭2017 園田海未生誕祭 https//tco/oz4kapgCBc"}
{"tweet_id":841793667773919232,"created_unixtime":1489534224824,"created_time":"Tue Mar 14 23:30:24 +0000 2017","lang":"en","displayname":"HknowsA","time_zone":"","msg":"RT 911PSY People are naturally more happy when theyre kept busy"}
{"tweet_id":841793667996254209,"created_unixtime":1489534224877,"created_time":"Tue Mar 14 23:30:24 +0000 2017","lang":"en","displayname":"AliieFournier_","time_zone":"","msg":"RT alexaiono My happy place☺ https//tco/pgetrNhVIp"}
{"tweet_id":841793664309440512,"created_unixtime":1489534223998,"created_time":"Tue Mar 14 23:30:23 +0000 2017","lang":"en","displayname":"mkayrock","time_zone":"","msg":"So happy for yall ❤❤ https//tco/CKRATlVUgS"}
{"tweet_id":841793664544305154,"created_unixtime":1489534224054,"created_time":"Tue Mar 14 23:30:24 +0000 2017","lang":"en","displayname":"harveyspercter","time_zone":"Pacific Time (US & Canada)","msg":"RT endlessmoods there are so many beautiful reasons to be happy https//tco/a15vs5auxc"}
{"tweet_id":841793665290928129,"created_unixtime":1489534224232,"created_time":"Tue Mar 14 23:30:24 +0000 2017","lang":"en","displayname":"Ms_Jaynet","time_zone":"Arizona","msg":"RT iamsupervillain Ever been so happy and you didn’t know why but then you start to think about it amp remember your problems so you go bac…"}
{"tweet_id":841793665743769600,"created_unixtime":1489534224340,"created_time":"Tue Mar 14 23:30:24 +0000 2017","lang":"ja","displayname":"NFCEZzN9PTZg9sx","time_zone":"","msg":"RT momitaka2000 海未ちゃん！Happy Birthday！！これからもずっと海未推しだぜ！園田海未生誕祭 園田海未生誕祭2017 3月15日は園田海未の誕生日 海未ちゃん好きな人はRT ラブライバーはRT… "}
{"tweet_id":841793665626443777,"created_unixtime":1489534224312,"created_time":"Tue Mar 14 23:30:24 +0000 2017","lang":"en","displayname":"JamesSiriusP","time_zone":"Madrid","msg":"ScorpiusM The sad truth was that he knew Scorpius too well to not know what he was up to It was not the first time they had done this —"}
{"tweet_id":841793665924239360,"created_unixtime":1489534224383,"created_time":"Tue Mar 14 23:30:24 +0000 2017","lang":"en","displayname":"MagaliHope","time_zone":"","msg":"mikeshinoda of course not dear Mike But we are happy it is coming our way Friday right"}
{"tweet_id":841793666314264576,"created_unixtime":1489534224476,"created_time":"Tue Mar 14 23:30:24 +0000 2017","lang":"en","displayname":"eunwooisms","time_zone":"","msg":"RT soompi Happy Birthday to ASTROs JinJin HappyJinJinDay https//tco/re8aLKVIDL https//tco/oAcH44Finb"}
{"tweet_id":841793666045882368,"created_unixtime":1489534224412,"created_time":"Tue Mar 14 23:30:24 +0000 2017","lang":"en","displayname":"acrimsonrose_","time_zone":"Eastern Time (US & Canada)","msg":"RT TOASTOTHEGOD Its Sad When Ur Own Friends Hate On You"}
{"tweet_id":841793666201079808,"created_unixtime":1489534224449,"created_time":"Tue Mar 14 23:30:24 +0000 2017","lang":"en","displayname":"gdawg138","time_zone":"","msg":"Newsweek If the cabal that surrounds him had any integrity they would all resign But they are lieanddeny Republicans SAD"}
{"tweet_id":841793666473693184,"created_unixtime":1489534224514,"created_time":"Tue Mar 14 23:30:24 +0000 2017","lang":"en","displayname":"kheydarkpp","time_zone":"","msg":"RT MagazinYoutube Enes Batur Happy Wheelsenes enesbatur enesbatur00 youtube video https//tco/rZVPvYcO3N"}
{"tweet_id":841793666742136834,"created_unixtime":1489534224578,"created_time":"Tue Mar 14 23:30:24 +0000 2017","lang":"en","displayname":"BelikerAble","time_zone":"Pacific Time (US & Canada)","msg":"RT Ava_Av9 Good morning Happy day~ ali33322216 myall3000 https//tco/o2MEZkY4Jv"}
{"tweet_id":841793666968616964,"created_unixtime":1489534224632,"created_time":"Tue Mar 14 23:30:24 +0000 2017","lang":"und","displayname":"C_Stroop","time_zone":"Eastern Time (US & Canada)","msg":"Sad https//tco/VoS74fisvr"}
{"tweet_id":841793667220279296,"created_unixtime":1489534224692,"created_time":"Tue Mar 14 23:30:24 +0000 2017","lang":"en","displayname":"MickieCrocker","time_zone":"Pacific Time (US & Canada)","msg":"RT JustinTrudeau Happy PiDay Our government is committed to supporting science amp innovation for a stronger Canada And pie for a tasti…"}
{"tweet_id":841793667480215553,"created_unixtime":1489534224754,"created_time":"Tue Mar 14 23:30:24 +0000 2017","lang":"in","displayname":"revanlino2","time_zone":"","msg":"Happy birthday to me semoga tahun ini bisa lebih baik LagiDihari ultahku ini saya hanya… https//tco/jh2sHBOGT5"}
{"tweet_id":841793667304112128,"created_unixtime":1489534224712,"created_time":"Tue Mar 14 23:30:24 +0000 2017","lang":"en","displayname":"DefJaeBart","time_zone":"Singapore","msg":"What my nonKPOP friends tell me all the time Seeing GOT7 happy and successful love and appreciate us make it a… https//tco/wiChKB2TaH"}
{"tweet_id":841793667740266497,"created_unixtime":1489534224816,"created_time":"Tue Mar 14 23:30:24 +0000 2017","lang":"ja","displayname":"SayokoYamaABCDE","time_zone":"Tokyo","msg":"RT harusan0720 Happy Birthday DAICHIくん！！🎉🙌🎂だいちくんにとってサイコーに『HAPPY』な一年になりますように🙏🙏🙏✨✨d_m_0315 https//tco/o8zJx1SO2t"}
{"tweet_id":841793668596019204,"created_unixtime":1489534225020,"created_time":"Tue Mar 14 23:30:25 +0000 2017","lang":"tl","displayname":"HanJiwan19","time_zone":"","msg":"RT fabrayist Manuod kayo ng MBMayWard and tell your family and friends na din para mas happy HAHAHAHA"}
{"tweet_id":841793668315009024,"created_unixtime":1489534224953,"created_time":"Tue Mar 14 23:30:24 +0000 2017","lang":"en","displayname":"LisaLangWrites","time_zone":"Eastern Time (US & Canada)","msg":"Happy release day to Joanna Wylde Any chance to visit with Shade again is a day well spent https//tco/W4ArbXyJ62 https//tco/6i4dwY4n90"}
{"tweet_id":841793668461801472,"created_unixtime":1489534224988,"created_time":"Tue Mar 14 23:30:24 +0000 2017","lang":"en","displayname":"ampu_to","time_zone":"","msg":"RT rushfoot Another happy RUSH™ Rebel goROGUE rushfoot rushlife prostheticfoot amputee eeyore prosthetics prosthesis… "}
{"tweet_id":841793668725919744,"created_unixtime":1489534225051,"created_time":"Tue Mar 14 23:30:25 +0000 2017","lang":"en","displayname":"beaglekween","time_zone":"","msg":"RT officialastroph To the one who is softhearted despite the rapper image lt3 Stay strong and happy offclASTRO HappyJinJinDay ASTRO… "}
{"tweet_id":841793668826689536,"created_unixtime":1489534225075,"created_time":"Tue Mar 14 23:30:25 +0000 2017","lang":"en","displayname":"JoshJane","time_zone":"","msg":"simool NBCNews  Its like identity theft using someone or something to fulfill their evil deeds Some use Allah some use the BibleSAD"}
{"tweet_id":841793668839313410,"created_unixtime":1489534225078,"created_time":"Tue Mar 14 23:30:25 +0000 2017","lang":"en","displayname":"saidbeebs","time_zone":"Eastern Time (US & Canada)","msg":"RT TheLaunchMag Happy Birthday Merlin SantanaRIP https//tco/nPmanF6qYN"}
{"tweet_id":841793669397135364,"created_unixtime":1489534225211,"created_time":"Tue Mar 14 23:30:25 +0000 2017","lang":"en","displayname":"TapThat_Cass","time_zone":"Atlantic Time (Canada)","msg":"RT Justjimthings2 Happy 21st Birthday to TapThat_Cass  The best Son a Dad could ever ask for  prouddad"}
{"tweet_id":841793669816500224,"created_unixtime":1489534225311,"created_time":"Tue Mar 14 23:30:25 +0000 2017","lang":"en","displayname":"octavioo_v","time_zone":"","msg":"RT sxvvyg Happy birthday 🎂🎈 octavioo_v"}
{"tweet_id":841793669610971136,"created_unixtime":1489534225262,"created_time":"Tue Mar 14 23:30:25 +0000 2017","lang":"ja","displayname":"HappyCrazyEDEA","time_zone":"","msg":"†定期†Radio†【新曲】EDEA/What is happyhttps//tco/TM4izyhbnT"}
{"tweet_id":841793669971681280,"created_unixtime":1489534225348,"created_time":"Tue Mar 14 23:30:25 +0000 2017","lang":"ja","displayname":"TURin_You","time_zone":"","msg":"RT 1717frappuccino ✩海未ちゃんHappy Birthday✩いつも頑張り屋さんな海未ちゃん。頑張る人は素敵✨でしょ？加工もしてみました！どうかな？あなたに届け！ 園田海未生誕祭2017 3月15日は園田海未の誕生日… "}
{"tweet_id":841793670001111041,"created_unixtime":1489534225355,"created_time":"Tue Mar 14 23:30:25 +0000 2017","lang":"in","displayname":"Bennys_Aaritona","time_zone":"Jakarta","msg":"Sirna sudah — feeling sad"}
{"tweet_id":841793670168756225,"created_unixtime":1489534225395,"created_time":"Tue Mar 14 23:30:25 +0000 2017","lang":"und","displayname":"Tpmpvp","time_zone":"Novosibirsk","msg":"RT Island_94 Happy anniversary 16 y❤💕 แอน วันเกิดกูวว 😝 https//tco/cqWGdKLrIp"}
{"tweet_id":841793669971738624,"created_unixtime":1489534225348,"created_time":"Tue Mar 14 23:30:25 +0000 2017","lang":"en","displayname":"FloresJakoby9","time_zone":"","msg":"sonny_CB_WR happy birthday youngin 🎉 keep grindin boy 💪"}
{"tweet_id":841793670215041025,"created_unixtime":1489534225406,"created_time":"Tue Mar 14 23:30:25 +0000 2017","lang":"tl","displayname":"homerman3459","time_zone":"","msg":"RT jaysondmx Yung mga nag hahanap ng FAs ko Eto thread From 2015 to july 2016 reposted nung first Aniv 🙂… "}
{"tweet_id":841793670848360448,"created_unixtime":1489534225557,"created_time":"Tue Mar 14 23:30:25 +0000 2017","lang":"en","displayname":"CDunmars","time_zone":"","msg":"RT JuliaJaySnaps Happy tittytuesday and NO Im NOT doing lactation Theyre almost dried up already 💁🏼🖕🏼😂 https//tco/zIGsN8eTiJ"}
{"tweet_id":841793670709895168,"created_unixtime":1489534225524,"created_time":"Tue Mar 14 23:30:25 +0000 2017","lang":"en","displayname":"loishayne17","time_zone":"","msg":"True love never endthen why finding a happy life MBMayWard"}
{"tweet_id":841793671259402241,"created_unixtime":1489534225655,"created_time":"Tue Mar 14 23:30:25 +0000 2017","lang":"en","displayname":"libbyhanleyx","time_zone":"Pacific Time (US & Canada)","msg":"Princessjxsmine mate animal obsession is beyond a joke its my happy place😭"}
{"tweet_id":841793671372529665,"created_unixtime":1489534225682,"created_time":"Tue Mar 14 23:30:25 +0000 2017","lang":"und","displayname":"ynnakampitan","time_zone":"International Date Line West","msg":" https//tco/a9O5v8Ap6n"}
{"tweet_id":841793671339114496,"created_unixtime":1489534225674,"created_time":"Tue Mar 14 23:30:25 +0000 2017","lang":"en","displayname":"halmutairy46","time_zone":"Kuwait","msg":"My bed is my happy place💓"}
{"tweet_id":841793672123449344,"created_unixtime":1489534225861,"created_time":"Tue Mar 14 23:30:25 +0000 2017","lang":"en","displayname":"Shabzkaan1","time_zone":"","msg":"ILearnedFromHighSchool Honestly as long as youre happy who the fuck cares"}
{"tweet_id":841793672253460480,"created_unixtime":1489534225892,"created_time":"Tue Mar 14 23:30:25 +0000 2017","lang":"en","displayname":"maryperson6","time_zone":"","msg":"RT FreddyAmazin when ur sad and start to doubt everything and ur friends remind u that they love u and care about you and are alway… "}
{"tweet_id":841793672664375296,"created_unixtime":1489534225990,"created_time":"Tue Mar 14 23:30:25 +0000 2017","lang":"en","displayname":"xalexismanningx","time_zone":"Arizona","msg":"RT RickyPDillon Happy pi day https//tco/PyJRimk7d3"}
{"tweet_id":841793669690732544,"created_unixtime":1489534225281,"created_time":"Tue Mar 14 23:30:25 +0000 2017","lang":"en","displayname":"kkaitlynbrookee","time_zone":"Pacific Time (US & Canada)","msg":"Happy😛 https//tco/72poZtMkAx"}
{"tweet_id":841793672693850112,"created_unixtime":1489534225997,"created_time":"Tue Mar 14 23:30:25 +0000 2017","lang":"en","displayname":"UyaUaustin","time_zone":"Eastern Time (US & Canada)","msg":"RT RickyPDillon Happy pi day https//tco/PyJRimk7d3"}
{"tweet_id":841793673318825985,"created_unixtime":1489534226146,"created_time":"Tue Mar 14 23:30:26 +0000 2017","lang":"en","displayname":"Alyssa_Marie39","time_zone":"Atlantic Time (Canada)","msg":"RT pipesmalone there was a point in my life when i didnt think id be this happy ever again amp now i cant believe i ever let someone mak…"}
{"tweet_id":841793673612414976,"created_unixtime":1489534226216,"created_time":"Tue Mar 14 23:30:26 +0000 2017","lang":"en","displayname":"__charlinho","time_zone":"","msg":"hollythompson98 sad times her mum killed her and her dad covered it up with her"}
{"tweet_id":841793673432055810,"created_unixtime":1489534226173,"created_time":"Tue Mar 14 23:30:26 +0000 2017","lang":"en","displayname":"mmmcquain","time_zone":"","msg":"curtiskheel What are these cast options  As the President would say Fantastic show  Sad"}
{"tweet_id":841793674564456448,"created_unixtime":1489534226443,"created_time":"Tue Mar 14 23:30:26 +0000 2017","lang":"en","displayname":"camyshima","time_zone":"","msg":"RT SUGA_th BTS_twt Happy White Day💛 https//tco/E7q5XroXPq"}
{"tweet_id":841793674371575808,"created_unixtime":1489534226397,"created_time":"Tue Mar 14 23:30:26 +0000 2017","lang":"en","displayname":"SincereBlonde19","time_zone":"London","msg":"RT HonestMum Win The Happy Easter Hamper worth £35 Follow amp RT me honestmum amp HotelChocolat E8417 UK only competition https//…"}
{"tweet_id":841793673352306688,"created_unixtime":1489534226154,"created_time":"Tue Mar 14 23:30:26 +0000 2017","lang":"en","displayname":"mary_markssngr","time_zone":"","msg":"🌼Sending you a Very Happy Birthday Morry313 🌼 dnwinston wdclac adkap58 purpleiris13 mymtbrain GHJNancy… https//tco/SkCcMqKXvm"}
{"tweet_id":841793674438672384,"created_unixtime":1489534226413,"created_time":"Tue Mar 14 23:30:26 +0000 2017","lang":"en","displayname":"kellinspancakes","time_zone":"","msg":"RT AmaziingPuppies Happy dog getting picked up at daycare  https//tco/VAKBpd8Yqi"}
{"tweet_id":841793673985642498,"created_unixtime":1489534226305,"created_time":"Tue Mar 14 23:30:26 +0000 2017","lang":"ja","displayname":"stayangel0110","time_zone":"","msg":"ヨガをやった。雨が降っているが、今日も1日頑張ろう。仕事に行って来ます。Yoga And Igoing to work Please have a happy day Lets go ❗️ https//tco/i2THjFzsVD"}
{"tweet_id":841793674895802368,"created_unixtime":1489534226522,"created_time":"Tue Mar 14 23:30:26 +0000 2017","lang":"en","displayname":"_shaaanaya","time_zone":"Pacific Time (US & Canada)","msg":"happy birthday to my babies seojun amp seoeon 😍💖 chanyeol loves you"}
{"tweet_id":841793675180953601,"created_unixtime":1489534226590,"created_time":"Tue Mar 14 23:30:26 +0000 2017","lang":"ja","displayname":"botan_312","time_zone":"","msg":"RT 1717frappuccino ✩海未ちゃんHappy Birthday✩いつも頑張り屋さんな海未ちゃん。頑張る人は素敵✨でしょ？加工もしてみました！どうかな？あなたに届け！ 園田海未生誕祭2017 3月15日は園田海未の誕生日… "}
{"tweet_id":841793674824544257,"created_unixtime":1489534226505,"created_time":"Tue Mar 14 23:30:26 +0000 2017","lang":"en","displayname":"corbynsbae","time_zone":"","msg":"RT RickyPDillon Happy pi day https//tco/PyJRimk7d3"}
{"tweet_id":841793675344633857,"created_unixtime":1489534226629,"created_time":"Tue Mar 14 23:30:26 +0000 2017","lang":"en","displayname":"ela1ine","time_zone":"Pacific Time (US & Canada)","msg":"0314 Happy Birthday Albert Einstein Pi Day Some amazing logics behind the word Pie AlbertEinstein https//tco/ZaziarqeEk"}
{"tweet_id":841793675348844544,"created_unixtime":1489534226630,"created_time":"Tue Mar 14 23:30:26 +0000 2017","lang":"en","displayname":"tremblingmendes","time_zone":"","msg":"RT RickyPDillon Happy pi day https//tco/PyJRimk7d3"}
{"tweet_id":841793676095438849,"created_unixtime":1489534226808,"created_time":"Tue Mar 14 23:30:26 +0000 2017","lang":"en","displayname":"thatdude_tyler","time_zone":"","msg":"RT HornyFacts So annoying when ppl r like ur always laughing U laugh at everything Its not that funny like OK sorry Im a happy pe…"}
{"tweet_id":841793675667640326,"created_unixtime":1489534226706,"created_time":"Tue Mar 14 23:30:26 +0000 2017","lang":"en","displayname":"Janellle_Gab","time_zone":"","msg":"Nope i need money https//tco/YodhRrMdXM"}
{"tweet_id":841793675608899587,"created_unixtime":1489534226692,"created_time":"Tue Mar 14 23:30:26 +0000 2017","lang":"en","displayname":"OliviaY69795551","time_zone":"","msg":"Hayy find new girl and be happy  https//tco/NtB3pCl2VS https//tco/fGgy1Rez6R"}
{"tweet_id":841793676493836288,"created_unixtime":1489534226903,"created_time":"Tue Mar 14 23:30:26 +0000 2017","lang":"en","displayname":"ilolohhh","time_zone":"","msg":"Nooooo This is sad 😭 In the future if I wanna teach my kids abt animals I might only have their pictures  https//tco/WAE65xJ50v"}
{"tweet_id":841793677018071041,"created_unixtime":1489534227028,"created_time":"Tue Mar 14 23:30:27 +0000 2017","lang":"en","displayname":"LittleBigBoyMan","time_zone":"","msg":"841852 This passion and the death of a dear friend would gonear to make a man look sadAMNDBots"}
{"tweet_id":841793676988751872,"created_unixtime":1489534227021,"created_time":"Tue Mar 14 23:30:27 +0000 2017","lang":"en","displayname":"sassdrea","time_zone":"International Date Line West","msg":"RT MillennialOfMNL This is your reminder that its okay to not be okay No one is constantly happy Your emotions are yours No one can t…"}
{"tweet_id":841793676938424320,"created_unixtime":1489534227009,"created_time":"Tue Mar 14 23:30:27 +0000 2017","lang":"tl","displayname":"maywardscc","time_zone":"","msg":"RT fabrayist Manuod kayo ng MBMayWard and tell your family and friends na din para mas happy HAHAHAHA"}
{"tweet_id":841793677068402688,"created_unixtime":1489534227040,"created_time":"Tue Mar 14 23:30:27 +0000 2017","lang":"en","displayname":"QStephq02","time_zone":"","msg":"RT MatPatGT A nerdy math joke for a nerdy holidayHappy Pi Day https//tco/jRxvuScUyn"}
{"tweet_id":841793676602966020,"created_unixtime":1489534226929,"created_time":"Tue Mar 14 23:30:26 +0000 2017","lang":"en","displayname":"impishpml","time_zone":"Pacific Time (US & Canada)","msg":"on https//tco/2q37B4DqiI the first thing is are you happy and if you click no it links you to a bunch of pictures of his dog i love him"}
{"tweet_id":841793677265645568,"created_unixtime":1489534227087,"created_time":"Tue Mar 14 23:30:27 +0000 2017","lang":"en","displayname":"alyssanunes","time_zone":"Central Time (US & Canada)","msg":"Happy birthday 🎉💗  lexys_jade"}
{"tweet_id":841793677269831683,"created_unixtime":1489534227088,"created_time":"Tue Mar 14 23:30:27 +0000 2017","lang":"en","displayname":"halfliamblood","time_zone":"Pacific Time (US & Canada)","msg":"RT NiallsintheAM Happy balls of sunshine https//tco/XiDoK2qcRG"}
{"tweet_id":841793677513089026,"created_unixtime":1489534227146,"created_time":"Tue Mar 14 23:30:27 +0000 2017","lang":"en","displayname":"mocahantas_","time_zone":"Pacific Time (US & Canada)","msg":"RT xMenaRed_ Ill tweet some sad shit and be happy dont let me the internet have control over your mind its just an app babe😉"}
{"tweet_id":841793677622181888,"created_unixtime":1489534227172,"created_time":"Tue Mar 14 23:30:27 +0000 2017","lang":"en","displayname":"Food4HealthRD","time_zone":"","msg":"A3 Very happy now  nonprofit cancer can be very creative community outreach amp more intimate relationships w/clients  buildupCAREERS"}
{"tweet_id":841793677588611077,"created_unixtime":1489534227164,"created_time":"Tue Mar 14 23:30:27 +0000 2017","lang":"en","displayname":"concentricfund1","time_zone":"","msg":"TreatmentScores thanks for the recent follow Happy to connect Have a great week"}
{"tweet_id":841793677756264453,"created_unixtime":1489534227204,"created_time":"Tue Mar 14 23:30:27 +0000 2017","lang":"en","displayname":"geneweeb","time_zone":"Pacific Time (US & Canada)","msg":"You know what doesnt make me happy Bullshit Id like less bullshit in my life please"}
{"tweet_id":841793677802389504,"created_unixtime":1489534227215,"created_time":"Tue Mar 14 23:30:27 +0000 2017","lang":"en","displayname":"KennnnnnnS","time_zone":"","msg":"RT AlexaWilleford So sad to hear this news Ill never forget your unique soul gingy Rip💙 https//tco/dHhk6E8GSv"}
{"tweet_id":841793678100197376,"created_unixtime":1489534227286,"created_time":"Tue Mar 14 23:30:27 +0000 2017","lang":"en","displayname":"NOboruKodont","time_zone":"Pacific Time (US & Canada)","msg":"RT BebinDuvall Happy White day everyone D DigimonRules https//tco/2a0JYzZljc"}
{"tweet_id":841793677475368960,"created_unixtime":1489534227137,"created_time":"Tue Mar 14 23:30:27 +0000 2017","lang":"en","displayname":"isaksvaltersn","time_zone":"Amsterdam","msg":"they both have small smiles while touching foreheads and theyre just so happy and soft this makes my heart dip to… https//tco/RkeDiseF6b"}
{"tweet_id":841793677743779840,"created_unixtime":1489534227201,"created_time":"Tue Mar 14 23:30:27 +0000 2017","lang":"en","displayname":"___xpauline","time_zone":"Hawaii","msg":"RT Cahronw_ Lol real rap https//tco/aBdjrI2Kew"}
{"tweet_id":841793677731205120,"created_unixtime":1489534227198,"created_time":"Tue Mar 14 23:30:27 +0000 2017","lang":"en","displayname":"mckiradelrey","time_zone":"","msg":"RT FreddyAmazin some of the Jersey Shore cast reunited This makes me so happy 😭😍 https//tco/nByGLuJ4Lu"}
{"tweet_id":841793678498717696,"created_unixtime":1489534227381,"created_time":"Tue Mar 14 23:30:27 +0000 2017","lang":"en","displayname":"C091801","time_zone":"Beijing","msg":"RT lqseungkwans a happy kumamon https//tco/SU5UPLGLge"}
{"tweet_id":841793678259699712,"created_unixtime":1489534227324,"created_time":"Tue Mar 14 23:30:27 +0000 2017","lang":"en","displayname":"TheKidJNel7","time_zone":"","msg":"RT mitchellvii Trumps popularity will take a hit during the healthcare debate as no one is really happy with it yet Necessary part of…"}
{"tweet_id":841793678075170816,"created_unixtime":1489534227280,"created_time":"Tue Mar 14 23:30:27 +0000 2017","lang":"en","displayname":"grubbster2","time_zone":"","msg":"RT TheClemReport Happy NationalPotatoChipDay https//tco/w0uY6761MS"}
{"tweet_id":841793678763003905,"created_unixtime":1489534227444,"created_time":"Tue Mar 14 23:30:27 +0000 2017","lang":"en","displayname":"RoastBeefCombo","time_zone":"Pacific Time (US & Canada)","msg":"RT neonorchid1 Take me to my happy placeMe to this six packAbs"}
{"tweet_id":841793678691704832,"created_unixtime":1489534227427,"created_time":"Tue Mar 14 23:30:27 +0000 2017","lang":"en","displayname":"haIloweeny","time_zone":"","msg":"RT ItsBlack_Friday It makes me sad that highlighters barely show up on my skin 😢ghoulishskintoneproblems"}
{"tweet_id":841793678687461376,"created_unixtime":1489534227426,"created_time":"Tue Mar 14 23:30:27 +0000 2017","lang":"ja","displayname":"ufHXxgYHOUjB3NU","time_zone":"","msg":"RT anilove_you ♡Happy うみちゃん Birthday♡今日はしっかり者の海未ちゃんの誕生日！！皆でお祝いしましょー！！うっみうみうー〃gtωlt★園田海未生誕祭2017 3月15日は園田海未の誕生日  祝う人RT… "}
{"tweet_id":841793679069138944,"created_unixtime":1489534227517,"created_time":"Tue Mar 14 23:30:27 +0000 2017","lang":"en","displayname":"WesCollin","time_zone":"Arizona","msg":"RT RickyPDillon Happy pi day https//tco/PyJRimk7d3"}
{"tweet_id":841793677706043393,"created_unixtime":1489534227192,"created_time":"Tue Mar 14 23:30:27 +0000 2017","lang":"en","displayname":"DohertyJoshua","time_zone":"","msg":"RT NikkibellaHotty I thought she was going to strip her thong Im sad nowHarry https//tco/CUDy9xc7iW"}
{"tweet_id":841793679215996928,"created_unixtime":1489534227552,"created_time":"Tue Mar 14 23:30:27 +0000 2017","lang":"en","displayname":"ap_peters217","time_zone":"","msg":"RT RickyPDillon Happy pi day https//tco/PyJRimk7d3"}
{"tweet_id":841793678855290881,"created_unixtime":1489534227466,"created_time":"Tue Mar 14 23:30:27 +0000 2017","lang":"en","displayname":"lydiaforstiles","time_zone":"Eastern Time (US & Canada)","msg":"RT xlydiastilinski thank you teen wolfyou made me happyyou made me smile you are my home https//tco/GFN6bC2Fns"}
{"tweet_id":841793680004411392,"created_unixtime":1489534227740,"created_time":"Tue Mar 14 23:30:27 +0000 2017","lang":"tl","displayname":"leciram82","time_zone":"","msg":"RT maywardUn Happy graduation day sa lahat ng ga graduate Sa mga bagsak better luck next year MBMayWard"}
{"tweet_id":841793678226145285,"created_unixtime":1489534227316,"created_time":"Tue Mar 14 23:30:27 +0000 2017","lang":"en","displayname":"daintyfooIs","time_zone":"Eastern Time (US & Canada)","msg":"how tragic https//tco/DYeEg2SvQN"}
{"tweet_id":841793680088342528,"created_unixtime":1489534227760,"created_time":"Tue Mar 14 23:30:27 +0000 2017","lang":"en","displayname":"bluibernice","time_zone":"","msg":"RT fantagiogroup [아스트로] 20170315 HAPPY BIRTHDAY JINJIN♥https//tco/V5gCN4Og73ASTRO JINJIN 진진 HAPPYJINJINDAY💕 https//tco/wheN9y…"}
{"tweet_id":841793680285548544,"created_unixtime":1489534227807,"created_time":"Tue Mar 14 23:30:27 +0000 2017","lang":"en","displayname":"DiamedicaUK","time_zone":"London","msg":"drcdevries Thank you for retweeting DiamedicaUK s happy news"}
{"tweet_id":841793678855274496,"created_unixtime":1489534227466,"created_time":"Tue Mar 14 23:30:27 +0000 2017","lang":"en","displayname":"scoutkittens","time_zone":"Pacific Time (US & Canada)","msg":"Happy tot from Baymax ☀ https//tco/4qqFg65BNK"}
{"tweet_id":841793680612679680,"created_unixtime":1489534227885,"created_time":"Tue Mar 14 23:30:27 +0000 2017","lang":"en","displayname":"rockyjohnsonn","time_zone":"Quito","msg":"RT Energetic_Vibes Respect yourself enough to walk away from anything that no longer serves you grows you or makes you happy"}
{"tweet_id":841793681208225794,"created_unixtime":1489534228027,"created_time":"Tue Mar 14 23:30:28 +0000 2017","lang":"en","displayname":"ChurchAlley","time_zone":"","msg":"RT MosquitoSupper Happy Pie Day 📸by bettyclicker https//tco/G0yHH2kyZH"}
{"tweet_id":841793680642060288,"created_unixtime":1489534227892,"created_time":"Tue Mar 14 23:30:27 +0000 2017","lang":"tl","displayname":"SoulKirk","time_zone":"Atlantic Time (Canada)","msg":"Hehe 😀👏 https//tco/OxIN3YYetF"}
{"tweet_id":841793681480916992,"created_unixtime":1489534228092,"created_time":"Tue Mar 14 23:30:28 +0000 2017","lang":"en","displayname":"Tayylor_Rosee","time_zone":"","msg":"RT CuratedUS Happy Valentines Day hoodie season coming soon 💓💓 https//tco/arAmfeQZEP"}
{"tweet_id":841793681505976321,"created_unixtime":1489534228098,"created_time":"Tue Mar 14 23:30:28 +0000 2017","lang":"en","displayname":"vessohl","time_zone":"Arizona","msg":"RT RickyPDillon Happy pi day https//tco/PyJRimk7d3"}
{"tweet_id":841793681501900800,"created_unixtime":1489534228097,"created_time":"Tue Mar 14 23:30:28 +0000 2017","lang":"en","displayname":"maggacade44","time_zone":"","msg":"Awh happy birthday🤗 solvskans hope you are having a great day💗"}
{"tweet_id":841793681426391040,"created_unixtime":1489534228079,"created_time":"Tue Mar 14 23:30:28 +0000 2017","lang":"en","displayname":"sherry_sneed","time_zone":"","msg":"RT donnabrazile RT if you think GOP’s plan to kick 24 million off their health coverage is despicable Trump promised everyone would have…"}
{"tweet_id":841793682034565120,"created_unixtime":1489534228224,"created_time":"Tue Mar 14 23:30:28 +0000 2017","lang":"en","displayname":"TheSmileCoDent1","time_zone":"Pacific Time (US & Canada)","msg":"We love our patients  Insurances work great here  Thousands of happy clients  Watch our video MarylandHeights https//tco/qqZoVybOaH"}
{"tweet_id":841793682407870464,"created_unixtime":1489534228313,"created_time":"Tue Mar 14 23:30:28 +0000 2017","lang":"en","displayname":"Caralinekate","time_zone":"Central Time (US & Canada)","msg":"RT MTV Happy Birthday AnselElgort 💗 https//tco/zVnwSPCuRn"}
{"tweet_id":841793682038751236,"created_unixtime":1489534228225,"created_time":"Tue Mar 14 23:30:28 +0000 2017","lang":"en","displayname":"_malaynaa_","time_zone":"Pacific Time (US & Canada)","msg":"RT RickyPDillon Happy pi day https//tco/PyJRimk7d3"}
{"tweet_id":841793682407739392,"created_unixtime":1489534228313,"created_time":"Tue Mar 14 23:30:28 +0000 2017","lang":"ja","displayname":"lovelivematu","time_zone":"","msg":"RT botan_312 海未ちゃんHappy Birthday！ 園田海未生誕祭2017 RTした人全員フォローする https//tco/nFwtQB5yuj"}
{"tweet_id":841793682525310976,"created_unixtime":1489534228341,"created_time":"Tue Mar 14 23:30:28 +0000 2017","lang":"en","displayname":"bwild1209","time_zone":"","msg":"RT TheEllenShow Happy NationalNappingDay I see AndyLassner is celebrating https//tco/0WSmKuNi6Q"}
{"tweet_id":841793682927939584,"created_unixtime":1489534228437,"created_time":"Tue Mar 14 23:30:28 +0000 2017","lang":"en","displayname":"KeithSparks13","time_zone":"","msg":"RT CloydRivers Some kid told me Happy Pi Day Dropkicked his calculator and said America is the land of thick thighs and apple pies 17…"}
{"tweet_id":841793681925537792,"created_unixtime":1489534228198,"created_time":"Tue Mar 14 23:30:28 +0000 2017","lang":"en","displayname":"avery_respass","time_zone":"Atlantic Time (Canada)","msg":"RT meat_print_papi Seeing your mama happy https//tco/2UKJoxwKmG"}
{"tweet_id":841793683049586688,"created_unixtime":1489534228466,"created_time":"Tue Mar 14 23:30:28 +0000 2017","lang":"en","displayname":"monikawesome","time_zone":"","msg":"RT ivy_fournier aizzgiant samru1208 chie_chie26 mhellopez19 zenkmm emzsmf fleurs7754 betchieflores xinempl Happy Feet ALDUBxDTB…"}
{"tweet_id":841793683028611072,"created_unixtime":1489534228461,"created_time":"Tue Mar 14 23:30:28 +0000 2017","lang":"en","displayname":"xRockThisBaby","time_zone":"Pacific Time (US & Canada)","msg":"RT iamreneephoenix HAPPY WHEELS https//tco/qCyY7OZYl5"}
{"tweet_id":841793682869260288,"created_unixtime":1489534228423,"created_time":"Tue Mar 14 23:30:28 +0000 2017","lang":"en","displayname":"baughman_grace","time_zone":"","msg":"RT RickyPDillon Happy pi day https//tco/PyJRimk7d3"}
{"tweet_id":841793682802126849,"created_unixtime":1489534228407,"created_time":"Tue Mar 14 23:30:28 +0000 2017","lang":"en","displayname":"4lokole","time_zone":"","msg":"RT Fleeing so annoying when ppl are like ur always laughin u laugh at everything its not that funny like OK sorry im a happy perso…"}
{"tweet_id":841793682969784321,"created_unixtime":1489534228447,"created_time":"Tue Mar 14 23:30:28 +0000 2017","lang":"en","displayname":"udtohanjeffrey9","time_zone":"","msg":"RT NDF_INTL_OFC Oh ha RESIBO Maine is a very nice lady may happy fan yesterday sa brgy ❤️ ALDUBxDTBYTugOfHearts https//tco/NF5vwm84iV"}
{"tweet_id":841793683208970241,"created_unixtime":1489534228504,"created_time":"Tue Mar 14 23:30:28 +0000 2017","lang":"en","displayname":"josephukulele","time_zone":"Eastern Time (US & Canada)","msg":"RT RickyPDillon Happy pi day https//tco/PyJRimk7d3"}
{"tweet_id":841793682969772033,"created_unixtime":1489534228447,"created_time":"Tue Mar 14 23:30:28 +0000 2017","lang":"en","displayname":"sevensfinest","time_zone":"Harare","msg":"Happy Pi Day Nerds celebrate 3/14 https//tco/mHGwlj0na0 trending https//tco/1c69tY5MQU"}
{"tweet_id":841793683271888896,"created_unixtime":1489534228519,"created_time":"Tue Mar 14 23:30:28 +0000 2017","lang":"en","displayname":"T_awonuga","time_zone":"","msg":"RT chiderah_onuoha T_awonuga happy birthday and have a blessed day b 💖"}
{"tweet_id":841793683812958210,"created_unixtime":1489534228648,"created_time":"Tue Mar 14 23:30:28 +0000 2017","lang":"en","displayname":"arrobamoran","time_zone":"","msg":"RT tbhbyron i just wanna travel the world and have fun and take pictures and explore and just be happy genuinely happy"}
{"tweet_id":841793681736712194,"created_unixtime":1489534228153,"created_time":"Tue Mar 14 23:30:28 +0000 2017","lang":"tl","displayname":"HAPPYSHALALARA","time_zone":"Alaska","msg":"Happy Birthday cueto_c2 🎂🎈🎉 Ayan maganda ka diyan Manlibre ka naman kahit fries or cheesetick lang b3h 😭 https//tco/LnqVjjzc6A"}
{"tweet_id":841793679845134338,"created_unixtime":1489534227702,"created_time":"Tue Mar 14 23:30:27 +0000 2017","lang":"en","displayname":"HarukaTakahash3","time_zone":"Pacific Time (US & Canada)","msg":"HAPPY TACO TUESDAY EVERYPONY    TwilieAtkins Scarasyte XxMaskedPonyxX DiscoWaffle TheBronyNetwork… https//tco/d4BQU2p4yt"}
{"tweet_id":841793684307869696,"created_unixtime":1489534228766,"created_time":"Tue Mar 14 23:30:28 +0000 2017","lang":"en","displayname":"liveonyoutube_","time_zone":"","msg":"RT RickyPDillon Happy pi day https//tco/PyJRimk7d3"}
{"tweet_id":841793684265930754,"created_unixtime":1489534228756,"created_time":"Tue Mar 14 23:30:28 +0000 2017","lang":"en","displayname":"VvccfVvvccb","time_zone":"","msg":"RT RickyPDillon Happy pi day https//tco/PyJRimk7d3"}
{"tweet_id":841793681065619456,"created_unixtime":1489534227993,"created_time":"Tue Mar 14 23:30:27 +0000 2017","lang":"en","displayname":"ashleighhsays","time_zone":"Pacific Time (US & Canada)","msg":"Happy PiDay from me a math amp science failure who one time got to visit the Alchemist MIT Even I can see hes go… https//tco/wdlwEpWqvn"}
{"tweet_id":841793685054353408,"created_unixtime":1489534228944,"created_time":"Tue Mar 14 23:30:28 +0000 2017","lang":"en","displayname":"GrazzyMore","time_zone":"","msg":"RT MWCaviteofc Happy momentsPraise GodDifficult momentsSeek GodQuiet momentsWorship GodDifficult momentsTrust GodEvery momentTha…"}
{"tweet_id":841793684454572032,"created_unixtime":1489534228801,"created_time":"Tue Mar 14 23:30:28 +0000 2017","lang":"en","displayname":"RYUJI_3JSB__bot","time_zone":"Pacific Time (US & Canada)","msg":"HAPPY https//tco/AyW6IMjd8a"}
{"tweet_id":841793685410963458,"created_unixtime":1489534229029,"created_time":"Tue Mar 14 23:30:29 +0000 2017","lang":"en","displayname":"SandeepBhavsar","time_zone":"","msg":"RT NatGeoGenius By his 22nd birthday Einstein had published his first scientific paper Happy 138th birthday Einstein… "}
{"tweet_id":841793685385797632,"created_unixtime":1489534229023,"created_time":"Tue Mar 14 23:30:29 +0000 2017","lang":"en","displayname":"JodieCargill","time_zone":"","msg":"sophiejohn95 Happy birthday hope you had a nice day X"}
{"tweet_id":841793685947736064,"created_unixtime":1489534229157,"created_time":"Tue Mar 14 23:30:29 +0000 2017","lang":"en","displayname":"rheannaportillo","time_zone":"","msg":"RT jonnysmilkshake happy bday rhe 🎉 rheannaportillo ❤️ miss you kiddo amp hope you have a good one https//tco/aHq8yrPhKC"}
{"tweet_id":841793686262423552,"created_unixtime":1489534229232,"created_time":"Tue Mar 14 23:30:29 +0000 2017","lang":"en","displayname":"LoriWidmer","time_zone":"Central Time (US & Canada)","msg":"RT CoventryWC Happy Patient Safety Awareness Week  thank you to the fine medical professionals who strive to keep our patients safe co…"}
{"tweet_id":841793685419360257,"created_unixtime":1489534229031,"created_time":"Tue Mar 14 23:30:29 +0000 2017","lang":"en","displayname":"amandainlust","time_zone":"Eastern Time (US & Canada)","msg":"was going to happen and prepared myself My family is so amazing and Im happy we have a matriarch such as her to guide us through the pain"}
{"tweet_id":841793685985624064,"created_unixtime":1489534229166,"created_time":"Tue Mar 14 23:30:29 +0000 2017","lang":"en","displayname":"alex_lobingier","time_zone":"","msg":"RT emily_loebach oh happy day"}
{"tweet_id":841793686602100736,"created_unixtime":1489534229313,"created_time":"Tue Mar 14 23:30:29 +0000 2017","lang":"en","displayname":"AndikaYudhi48","time_zone":"Bangkok","msg":"It just likeyou listen to cute songs when you want to feel happy and listening other cool songs when you feel ready to fight t Anas"}
{"tweet_id":841793686740463616,"created_unixtime":1489534229346,"created_time":"Tue Mar 14 23:30:29 +0000 2017","lang":"en","displayname":"sdgirlscouts","time_zone":"Pacific Time (US & Canada)","msg":"RT ChrisWardD3 Happy 100th Anniversary to Girl Scouts San Diego sdgirlscouts https//tco/qclTy68pK8"}
{"tweet_id":841793686535081984,"created_unixtime":1489534229297,"created_time":"Tue Mar 14 23:30:29 +0000 2017","lang":"en","displayname":"emmyeliza","time_zone":"","msg":"RT BigNik I fuck wit fat people they always happy 🙌🏽"}
{"tweet_id":841793686841122817,"created_unixtime":1489534229370,"created_time":"Tue Mar 14 23:30:29 +0000 2017","lang":"en","displayname":"chrisdenning14","time_zone":"Beijing","msg":"RT MTV Happy Birthday AnselElgort 💗 https//tco/zVnwSPCuRn"}
{"tweet_id":841793686694449155,"created_unixtime":1489534229335,"created_time":"Tue Mar 14 23:30:29 +0000 2017","lang":"en","displayname":"marielsyyyy","time_zone":"Atlantic Time (Canada)","msg":"RT sexuaI Im tryna be this happy with my boo https//tco/Y9Ec6Qw43s"}
{"tweet_id":841793685679423488,"created_unixtime":1489534229093,"created_time":"Tue Mar 14 23:30:29 +0000 2017","lang":"en","displayname":"bartdag","time_zone":"Eastern Time (US & Canada)","msg":"RT Andrew_York Happy Pi Day https//tco/OrVa8ObI7T"}
{"tweet_id":841793687088590848,"created_unixtime":1489534229429,"created_time":"Tue Mar 14 23:30:29 +0000 2017","lang":"en","displayname":"CivilRighteous","time_zone":"America/Los_Angeles","msg":"RT ZacEfron Happy birthday Simone_Biles Hope youre having an incredible day 🎉🎂🎉"}
{"tweet_id":841793683544518656,"created_unixtime":1489534228584,"created_time":"Tue Mar 14 23:30:28 +0000 2017","lang":"en","displayname":"RickysKnJ","time_zone":"","msg":"RT RickyPDillon Happy pi day https//tco/PyJRimk7d3"}
{"tweet_id":841793687164145664,"created_unixtime":1489534229447,"created_time":"Tue Mar 14 23:30:29 +0000 2017","lang":"en","displayname":"BTS_riina","time_zone":"","msg":"RT yoongibts bts episode HAPPY WHITE DAY FROM BTS 1 jimin https//tco/kELYWgKRXG"}
{"tweet_id":841793687369670656,"created_unixtime":1489534229496,"created_time":"Tue Mar 14 23:30:29 +0000 2017","lang":"en","displayname":"HZhonghuang","time_zone":"Pacific Time (US & Canada)","msg":"RT RickyPDillon Happy pi day https//tco/PyJRimk7d3"}
{"tweet_id":841793687440904192,"created_unixtime":1489534229513,"created_time":"Tue Mar 14 23:30:29 +0000 2017","lang":"tl","displayname":"annelipz84","time_zone":"","msg":"RT maywardUn Happy graduation day sa lahat ng ga graduate Sa mga bagsak better luck next year MBMayWard"}
{"tweet_id":841793687000633344,"created_unixtime":1489534229408,"created_time":"Tue Mar 14 23:30:29 +0000 2017","lang":"en","displayname":"DGSAFDMD","time_zone":"Central Time (US & Canada)","msg":"RT BryanFuller HAPPY PIE DAY PUSHINGDAISIES https//tco/UNWtPC2kWT"}
{"tweet_id":841793687705251841,"created_unixtime":1489534229576,"created_time":"Tue Mar 14 23:30:29 +0000 2017","lang":"en","displayname":"funtocollect","time_zone":"Eastern Time (US & Canada)","msg":"RT LilChase26 Happy PiDay everybody Im having me some shoo fly pie to celebrate https//tco/YZ2ZOmOJCn"}
{"tweet_id":841793688237940736,"created_unixtime":1489534229703,"created_time":"Tue Mar 14 23:30:29 +0000 2017","lang":"en","displayname":"jwool94","time_zone":"Quito","msg":"Im only happy if this is who replaces Bruce and a literal camel wearing shorts replaces Boomer https//tco/TaOVPdHfYA"}
{"tweet_id":841793688640544769,"created_unixtime":1489534229799,"created_time":"Tue Mar 14 23:30:29 +0000 2017","lang":"en","displayname":"holybuds_","time_zone":"","msg":"RT wwwaahh Seeing a dog sticking its head out the window of a moving car always makes me happy idk"}
{"tweet_id":841793688074305536,"created_unixtime":1489534229664,"created_time":"Tue Mar 14 23:30:29 +0000 2017","lang":"en","displayname":"OrebanjoTope","time_zone":"","msg":"olamide_YBNL happy birthday to u age with grace Wullnp Pepperdemgang"}
{"tweet_id":841793688640577537,"created_unixtime":1489534229799,"created_time":"Tue Mar 14 23:30:29 +0000 2017","lang":"en","displayname":"nett_nett14","time_zone":"","msg":"The pictures Kim just put up on FB of you and your family is precious Literally so happy for you Carly_Victoria_ 😭😭💖"}
{"tweet_id":841793688367947776,"created_unixtime":1489534229734,"created_time":"Tue Mar 14 23:30:29 +0000 2017","lang":"en","displayname":"ttaayyaa__","time_zone":"Pacific Time (US & Canada)","msg":"RT shayebutt3r Happy 313Day Never forget where you came from Its Detroit vs everybody🤘🏽 https//tco/nHVSkptjM8"}
{"tweet_id":841793688686755841,"created_unixtime":1489534229810,"created_time":"Tue Mar 14 23:30:29 +0000 2017","lang":"en","displayname":"tammyrich_","time_zone":"Eastern Time (US & Canada)","msg":"I been happy af lately"}
{"tweet_id":841793689265569795,"created_unixtime":1489534229948,"created_time":"Tue Mar 14 23:30:29 +0000 2017","lang":"en","displayname":"dominiquexscott","time_zone":"Atlantic Time (Canada)","msg":"RT RickyPDillon Happy pi day https//tco/PyJRimk7d3"}
{"tweet_id":841793689454231552,"created_unixtime":1489534229993,"created_time":"Tue Mar 14 23:30:29 +0000 2017","lang":"ja","displayname":"waferchoco_","time_zone":"Jakarta","msg":"RT tsukiuta1 ☆Happy White Day④☆隼「愛で溢れるイベントは大好きだよ♪ハッピーアルビオーン♪」海「夜にお店に駆け込むお父さんをたくさん見ました！頑張って！」隼「皆が愛で満たされますように…」※DLOK※壁紙などマナー… "}
{"tweet_id":841793689148129281,"created_unixtime":1489534229920,"created_time":"Tue Mar 14 23:30:29 +0000 2017","lang":"en","displayname":"kac_facee","time_zone":"","msg":"RT bowkens happy pi day"}
