{"tweet_id":841793781909340160,"created_unixtime":1489534252036,"created_time":"Tue Mar 14 23:30:52 +0000 2017","lang":"en","displayname":"maisonmarrakesh","time_zone":"London","msg":"Our spring kaftans amp clothings are out now Shop now to win our bestselling Moroccan Leather Pouf Happy https//tco/JYE15m4dUi"}
{"tweet_id":841793781582159872,"created_unixtime":1489534251958,"created_time":"Tue Mar 14 23:30:51 +0000 2017","lang":"en","displayname":"Red__Ryder","time_zone":"","msg":"RT RCorbettMEP farage nowadays happy to reveal his true colours https//tco/Rsm8k2QY5v"}
{"tweet_id":841793782081294336,"created_unixtime":1489534252077,"created_time":"Tue Mar 14 23:30:52 +0000 2017","lang":"en","displayname":"1970poet","time_zone":"Central Time (US & Canada)","msg":"RT lizcriolla KPetcovic rae_noelle 1979_Denise san_pedro_girl annie340 ljmoreland ronabarbar ScandalMistress… "}
{"tweet_id":841793782362308608,"created_unixtime":1489534252144,"created_time":"Tue Mar 14 23:30:52 +0000 2017","lang":"en","displayname":"Bella_DAndalora","time_zone":"Central Time (US & Canada)","msg":"RT StefanMolyneux Reddit is trying to keep thedonaldreddit down Sadhttps//tco/QueDjAf1nJ https//tco/6ZXReDDf2o"}
{"tweet_id":841793782567821312,"created_unixtime":1489534252193,"created_time":"Tue Mar 14 23:30:52 +0000 2017","lang":"en","displayname":"derria_xoxo","time_zone":"Central Time (US & Canada)","msg":"RT Thatscj_ I remember being this happy for college the good days https//tco/08zZ1ROdHw"}
{"tweet_id":841793783280812034,"created_unixtime":1489534252363,"created_time":"Tue Mar 14 23:30:52 +0000 2017","lang":"en","displayname":"darlaaacx","time_zone":"Pacific Time (US & Canada)","msg":"RT THlGHBROW A private life is a happy life  💯💯💯🙌🏾"}
{"tweet_id":841793783062765568,"created_unixtime":1489534252311,"created_time":"Tue Mar 14 23:30:52 +0000 2017","lang":"en","displayname":"KpopDontStop3","time_zone":"","msg":"RT cliffordsshug If youre ever feeling sad just remember that this video exists https//tco/HjEMGrNXhB"}
{"tweet_id":841793782190379012,"created_unixtime":1489534252103,"created_time":"Tue Mar 14 23:30:52 +0000 2017","lang":"en","displayname":"sydney_brannen","time_zone":"Central Time (US & Canada)","msg":"RT RickyPDillon Happy pi day https//tco/PyJRimk7d3"}
{"tweet_id":841793780688793605,"created_unixtime":1489534251745,"created_time":"Tue Mar 14 23:30:51 +0000 2017","lang":"en","displayname":"coachmincey","time_zone":"","msg":"Happy to see another one of our players sign and get a chance to play at the next level zeboe45 https//tco/z974qZG7SH"}
{"tweet_id":841793783398244352,"created_unixtime":1489534252391,"created_time":"Tue Mar 14 23:30:52 +0000 2017","lang":"ja","displayname":"yohaneLove3333","time_zone":"","msg":"RT Yawapr 切絵ちゃんHappy Birthday🎊一番可愛いのはやっぱり寝顔だと思います😊Rikomoji 本場切絵生誕祭2017 https//tco/Y56QN16Xrn"}
{"tweet_id":841793782941134850,"created_unixtime":1489534252282,"created_time":"Tue Mar 14 23:30:52 +0000 2017","lang":"en","displayname":"halfliamblood","time_zone":"Pacific Time (US & Canada)","msg":"RT NiallsintheAM Look how happy Liam was cause of Harrys speech and getting the crowd to sing happy birthday to him https//tco/SPyyP…"}
{"tweet_id":841793781875789824,"created_unixtime":1489534252028,"created_time":"Tue Mar 14 23:30:52 +0000 2017","lang":"en","displayname":"sivanhowells","time_zone":"Pacific Time (US & Canada)","msg":"RickyPDillon i thought this said happy pj day but now im sad"}
{"tweet_id":841793783771598848,"created_unixtime":1489534252480,"created_time":"Tue Mar 14 23:30:52 +0000 2017","lang":"en","displayname":"inquisitorlily","time_zone":"Eastern Time (US & Canada)","msg":"RT TheCodexNetwork Happy birthday to the greatest pirate and Assassin Edward Kenway RT if you love him AssassinsCreed https//tco/MP…"}
{"tweet_id":841793784228728833,"created_unixtime":1489534252589,"created_time":"Tue Mar 14 23:30:52 +0000 2017","lang":"und","displayname":"FallenAngelFit","time_zone":"London","msg":"RT Theralight Happy Monday https//tco/yxlrU381mz https//tco/WBhVXvZeaz"}
{"tweet_id":841793784702767104,"created_unixtime":1489534252702,"created_time":"Tue Mar 14 23:30:52 +0000 2017","lang":"en","displayname":"IanStaffs","time_zone":"Europe/London","msg":"Id imagine AFC Wimbledon fans are happy tonight Theres no team in the world theyd rather beat than MK Dons 20 as it happens AFCW"}
{"tweet_id":841793784648208384,"created_unixtime":1489534252689,"created_time":"Tue Mar 14 23:30:52 +0000 2017","lang":"en","displayname":"AsmAA_qandilL","time_zone":"","msg":"RT BiboGhareb Happy BirthDay 🎉AsmAA_qandilL"}
{"tweet_id":841793784438505473,"created_unixtime":1489534252639,"created_time":"Tue Mar 14 23:30:52 +0000 2017","lang":"en","displayname":"goldchampagne_","time_zone":"Eastern Time (US & Canada)","msg":"RT _lilsunnyyy Talk to god more aint nothing wrong with you dont know what youre sad for you got clothes on your back and… "}
{"tweet_id":841793784564350976,"created_unixtime":1489534252669,"created_time":"Tue Mar 14 23:30:52 +0000 2017","lang":"en","displayname":"jonpeee","time_zone":"Eastern Time (US & Canada)","msg":"RT MissEileen_ jonpeee happy birthday 🎈🎈"}
{"tweet_id":841793785730236416,"created_unixtime":1489534252947,"created_time":"Tue Mar 14 23:30:52 +0000 2017","lang":"en","displayname":"JULIANSPROMISES","time_zone":"Pacific Time (US & Canada)","msg":"RT JULIANSPROMISES Imagine mario singing happy bday to you"}
{"tweet_id":841793785411588097,"created_unixtime":1489534252871,"created_time":"Tue Mar 14 23:30:52 +0000 2017","lang":"en","displayname":"Pricejo81","time_zone":"London","msg":"CBeautyMovie omg what a lovely but sad story I love will smith as an actor he really does show true emotion in all his films / TV shows"}
{"tweet_id":841793785428348929,"created_unixtime":1489534252875,"created_time":"Tue Mar 14 23:30:52 +0000 2017","lang":"en","displayname":"maddiegurl46","time_zone":"Central Time (US & Canada)","msg":"RT lsarsour Omg This is so sad yet so beautiful ❤️😞 https//tco/wD87PfBTBx"}
{"tweet_id":841793785612931072,"created_unixtime":1489534252919,"created_time":"Tue Mar 14 23:30:52 +0000 2017","lang":"en","displayname":"__AntoDiaz9","time_zone":"London","msg":"RT khaledalnouss1 Happy birthday to former Juventus midfielder Paul Pogba who turns 24 todayGames 178Goals 34 https//tco/1TzvSz5…"}
{"tweet_id":841793785046654977,"created_unixtime":1489534252784,"created_time":"Tue Mar 14 23:30:52 +0000 2017","lang":"en","displayname":"spikejonzes","time_zone":"Buenos Aires","msg":"i love sitcoms so much theyre so fun amp make me so happy all over 20 min one hour dramas could never"}
{"tweet_id":841793785491296257,"created_unixtime":1489534252890,"created_time":"Tue Mar 14 23:30:52 +0000 2017","lang":"en","displayname":"nicolepalmierii","time_zone":"","msg":"happy birthday to my best friends of 17 years love you guys❤ MattyMills2 chris_miller22"}
{"tweet_id":841793784207798274,"created_unixtime":1489534252584,"created_time":"Tue Mar 14 23:30:52 +0000 2017","lang":"en","displayname":"MurderByKats","time_zone":"","msg":"IITS SO SAD https//tco/JIscT5G8cZ"}
{"tweet_id":841793785906442241,"created_unixtime":1489534252989,"created_time":"Tue Mar 14 23:30:52 +0000 2017","lang":"ko","displayname":"greenmanjae01_","time_zone":"Pacific Time (US & Canada)","msg":"RT offclASTRO Happy birthday to you~ 진진형 22번째 생일을진심으로 축하해요🎉🎉 착하고 장난도 잘받아주고 리더쉽있는ㅎㅎ진진형 귀염댕이 아스트로 잘부탁드려요생일선물 나 HappyJINJINDay https//…"}
{"tweet_id":841793786070093824,"created_unixtime":1489534253028,"created_time":"Tue Mar 14 23:30:53 +0000 2017","lang":"en","displayname":"CjSully3","time_zone":"","msg":"RT SN_Ohio Happy birthday StephenCurry30 heres a compilation video https//tco/JmYjJXLt65"}
{"tweet_id":841793786032218112,"created_unixtime":1489534253019,"created_time":"Tue Mar 14 23:30:53 +0000 2017","lang":"en","displayname":"neonathal","time_zone":"","msg":"WOAH that was fast I thought leaving your Ned is the saddest moment you could ever face Lol https//tco/htzIjIgaIf"}
{"tweet_id":841793786283995136,"created_unixtime":1489534253079,"created_time":"Tue Mar 14 23:30:53 +0000 2017","lang":"en","displayname":"Jacob19skippy","time_zone":"","msg":"RT NoChiIlSports Steph Curry turns 29 today29 years old  2 MVPs  31Warriors blew a 31 lead 😂😂Happy birthday Steph 🎁🎈🎉"}
{"tweet_id":841793786233548800,"created_unixtime":1489534253067,"created_time":"Tue Mar 14 23:30:53 +0000 2017","lang":"en","displayname":"denaeexo","time_zone":"Pacific Time (US & Canada)","msg":"RT unbibs its 3/14 happy Pi π 314159265359 day https//tco/QSMtQI9mXJ"}
{"tweet_id":841793785415798784,"created_unixtime":1489534252872,"created_time":"Tue Mar 14 23:30:52 +0000 2017","lang":"en","displayname":"mrteIephoneman","time_zone":"","msg":"RT victoriantribe Girl shut up https//tco/nd8CnJII02"}
{"tweet_id":841793786426478592,"created_unixtime":1489534253113,"created_time":"Tue Mar 14 23:30:53 +0000 2017","lang":"en","displayname":"nazrifahmi21","time_zone":"","msg":"RT 9GAG Face Youre uglyBody Youre fatBrain Youre stupidLife You suckFood Come here babe youll be happy with me"}
{"tweet_id":841793786502078465,"created_unixtime":1489534253131,"created_time":"Tue Mar 14 23:30:53 +0000 2017","lang":"pt","displayname":"pmscarreira","time_zone":"Lisbon","msg":"Rui Tavares a mostrar pensei que já lhe tivesse passado mas enfim o seu ressabiamento para com o Bloco Como diria Trump Sad"}
{"tweet_id":841793786879610880,"created_unixtime":1489534253221,"created_time":"Tue Mar 14 23:30:53 +0000 2017","lang":"en","displayname":"rhemdoodles","time_zone":"Amsterdam","msg":"Today the 2nd trailer for Despicable Me 3 came online so happy to have worked on this earlier this year  https//tco/rNEWWYvklL"}
{"tweet_id":841793786866991107,"created_unixtime":1489534253218,"created_time":"Tue Mar 14 23:30:53 +0000 2017","lang":"en","displayname":"sav_markey","time_zone":"","msg":"RT ZacEfron Happy birthday Simone_Biles Hope youre having an incredible day 🎉🎂🎉"}
{"tweet_id":841793787680645120,"created_unixtime":1489534253412,"created_time":"Tue Mar 14 23:30:53 +0000 2017","lang":"en","displayname":"dragonlover1023","time_zone":"","msg":"HAPPY BIRFDAY DANNY I hope that one day I could say that in person 🎉🎈🎁"}
{"tweet_id":841793787575828480,"created_unixtime":1489534253387,"created_time":"Tue Mar 14 23:30:53 +0000 2017","lang":"es","displayname":"otaku_puroresu","time_zone":"Caracas","msg":"RT Warrior_Titania otaku_puroresu  eso eso 3 Happy siempre"}
{"tweet_id":841793786904756225,"created_unixtime":1489534253227,"created_time":"Tue Mar 14 23:30:53 +0000 2017","lang":"en","displayname":"KelbyCline","time_zone":"Hanoi","msg":"All Parents Happy Because These Cartoons S3x Scene Were Not Broadcasted https//tco/UeRJEKIBH4"}
{"tweet_id":841793788272078848,"created_unixtime":1489534253553,"created_time":"Tue Mar 14 23:30:53 +0000 2017","lang":"en","displayname":"CaliRindo","time_zone":"Pacific Time (US & Canada)","msg":"RT donnabrazile RT if you think GOP’s plan to kick 24 million off their health coverage is despicable Trump promised everyone would have…"}
{"tweet_id":841793788637003776,"created_unixtime":1489534253640,"created_time":"Tue Mar 14 23:30:53 +0000 2017","lang":"en","displayname":"BLAZlNGHEART","time_zone":"Eastern Time (US & Canada)","msg":"i ahve no reason to be sad ever again my depressions gone"}
{"tweet_id":841793788943204352,"created_unixtime":1489534253713,"created_time":"Tue Mar 14 23:30:53 +0000 2017","lang":"en","displayname":"preciouskimmy_","time_zone":"","msg":"RT MargoMidwinter Awhh Aimi is lovely  happy birthday to her so happy they are both together dito sa pinas 💕 Miho55Nishida https//t…"}
{"tweet_id":841793788733472768,"created_unixtime":1489534253663,"created_time":"Tue Mar 14 23:30:53 +0000 2017","lang":"en","displayname":"mindlessjaz14","time_zone":"Eastern Time (US & Canada)","msg":"RT NBA Join us in wishing StephenCurry30 of the warriors a HAPPY 29th BIRTHDAY NBABDAY DubNation https//tco/cZfNy7sLh5"}
{"tweet_id":841793789463302144,"created_unixtime":1489534253837,"created_time":"Tue Mar 14 23:30:53 +0000 2017","lang":"es","displayname":"AlejandroSmille","time_zone":"","msg":"jessyyepez que sad"}
{"tweet_id":841793789572259841,"created_unixtime":1489534253863,"created_time":"Tue Mar 14 23:30:53 +0000 2017","lang":"und","displayname":"michlocsing","time_zone":"Tijuana","msg":"💞 https//tco/jAtbyf4V2P"}
{"tweet_id":841793789446496260,"created_unixtime":1489534253833,"created_time":"Tue Mar 14 23:30:53 +0000 2017","lang":"en","displayname":"replacingsugg","time_zone":"London","msg":"RT pleasuring do u ever lay in bed and get really sad about ur favorite person bc theyre not in the bed with u"}
{"tweet_id":841793789626793984,"created_unixtime":1489534253876,"created_time":"Tue Mar 14 23:30:53 +0000 2017","lang":"en","displayname":"BeAwesome_Laugh","time_zone":"Pacific Time (US & Canada)","msg":"RT dinyrose31 Love doesnt make the world go round Love is what makes the ride worthwhile ~ Elizabeth B Browning… "}
{"tweet_id":841793789635190784,"created_unixtime":1489534253878,"created_time":"Tue Mar 14 23:30:53 +0000 2017","lang":"en","displayname":"shinsegi__","time_zone":"Pacific Time (US & Canada)","msg":"the scene stealer 👏👏👏😊😊😊 https//tco/15ILLD85lg"}
{"tweet_id":841793789274468352,"created_unixtime":1489534253792,"created_time":"Tue Mar 14 23:30:53 +0000 2017","lang":"en","displayname":"NalydV1776","time_zone":"","msg":"MissyPassMeyer shannoncaraker sassysassyred VFL2013 We all know Were just happy to see pride instead of flag burning You dont get it"}
{"tweet_id":841793789857521664,"created_unixtime":1489534253931,"created_time":"Tue Mar 14 23:30:53 +0000 2017","lang":"en","displayname":"Jammahflyer","time_zone":"","msg":"RT TheDemocrats Happy PiDay to SpeakerRyan who understands pie charts as well as he understands how insurance works… "}
{"tweet_id":841793789337452544,"created_unixtime":1489534253807,"created_time":"Tue Mar 14 23:30:53 +0000 2017","lang":"en","displayname":"TEK_OG","time_zone":"Eastern Time (US & Canada)","msg":"indeed THE GOP Doesnt care about its own GOP voters Come stop trump With DEMs who arent your enemy Go back t… https//tco/eJHTuKPoNS"}
{"tweet_id":841793789874311168,"created_unixtime":1489534253935,"created_time":"Tue Mar 14 23:30:53 +0000 2017","lang":"en","displayname":"ourexodus","time_zone":"Georgetown","msg":"RT relatablekpopx Billboard World AlbumsGfriend 5BTS 8 1Im so happy https//tco/M99BR7D38N"}
{"tweet_id":841793790134349824,"created_unixtime":1489534253997,"created_time":"Tue Mar 14 23:30:53 +0000 2017","lang":"en","displayname":"MsKBigley","time_zone":"","msg":"RT andibeth012 ADORABLE SWEET SOCIAL TRND HAPPY PUP FIRE VICTIM FKDUP 😡👎OWNR DMPS 2 NYCACC 😈HELLTER FKU 💉3/15 PERFECT HEALTHY AD… "}
{"tweet_id":841793789589127168,"created_unixtime":1489534253867,"created_time":"Tue Mar 14 23:30:53 +0000 2017","lang":"en","displayname":"NewArtNArt","time_zone":"Pacific Time (US & Canada)","msg":"48 DRAWINGS folk SAD GIRLS w/ QUOTES each 11 x 9 pop outsider art JEFF ZENICK  https//tco/yD3QxYEwMh https//tco/Y5RP2ndYNs"}
{"tweet_id":841793790411169792,"created_unixtime":1489534254063,"created_time":"Tue Mar 14 23:30:54 +0000 2017","lang":"en","displayname":"AirWreck23","time_zone":"Pacific Time (US & Canada)","msg":"RT 12daniel21 My worst fear is for you to be happy with someone else"}
{"tweet_id":841793790914494464,"created_unixtime":1489534254183,"created_time":"Tue Mar 14 23:30:54 +0000 2017","lang":"en","displayname":"Whiskey_weim","time_zone":"","msg":"PixieLaBrador I’m sure she’ll just be happy to be home 😘 to Piglette"}
{"tweet_id":841793791191207936,"created_unixtime":1489534254249,"created_time":"Tue Mar 14 23:30:54 +0000 2017","lang":"in","displayname":"mohamadsahidin4","time_zone":"","msg":"RT LOVEGAOfc Happy tanggal 15 yang ke 25BULAN LOVEGA SUPPORT EGA 🎂🎈🎁🎉Apa nih harapan kalian untuk kedepannya… https//tco/1eXAgj55i2"}
{"tweet_id":841793791149260800,"created_unixtime":1489534254239,"created_time":"Tue Mar 14 23:30:54 +0000 2017","lang":"en","displayname":"ftscara","time_zone":"Pacific Time (US & Canada)","msg":"RT fukingposey thank youuu💗 https//tco/Nz2PdjKrPP"}
{"tweet_id":841793790482518016,"created_unixtime":1489534254080,"created_time":"Tue Mar 14 23:30:54 +0000 2017","lang":"en","displayname":"AdamFields127","time_zone":"","msg":"Tattoo design colors underway Havent used colored pencils in a while but I am happy with the… https//tco/UCJHuFqVoM"}
{"tweet_id":841793790394408960,"created_unixtime":1489534254059,"created_time":"Tue Mar 14 23:30:54 +0000 2017","lang":"en","displayname":"pliver76","time_zone":"","msg":"RT CatelBL Happy birthday to my longest friend and fellow son of Scotty Hope its a good one pliver76 https//tco/FC4O8d5wyJ"}
{"tweet_id":841793791338016768,"created_unixtime":1489534254284,"created_time":"Tue Mar 14 23:30:54 +0000 2017","lang":"en","displayname":"gemmybearrs","time_zone":"Pacific Time (US & Canada)","msg":"IM SO HAPPY WE ARE DOING TARZAN NEXT YEAR ITS MY FAV DISNEY MOVIE😭💛"}
{"tweet_id":841793790247636993,"created_unixtime":1489534254024,"created_time":"Tue Mar 14 23:30:54 +0000 2017","lang":"en","displayname":"AndreaBadillo","time_zone":"Guadalajara","msg":"Happy birthday to the best 3 StephGonnaSteph HappyBirthdayCurry StephenCurry30 https//tco/hU3NhWwZjS"}
{"tweet_id":841793791694589952,"created_unixtime":1489534254369,"created_time":"Tue Mar 14 23:30:54 +0000 2017","lang":"ja","displayname":"waferchoco_","time_zone":"Jakarta","msg":"RT tsukiuta1 春「Happy White Day」春「……滑り込み完了！ロωロゞ＜お付合い、ありがとうございました♪」"}
{"tweet_id":841793791782715396,"created_unixtime":1489534254390,"created_time":"Tue Mar 14 23:30:54 +0000 2017","lang":"en","displayname":"TalithaR3","time_zone":"Atlantic Time (Canada)","msg":"RT D_Deji28 Do you guys know why he was killed A girl lied that he raped her and her brother shot him dead https//tco/IWDVDZp3rz"}
{"tweet_id":841793791627538432,"created_unixtime":1489534254353,"created_time":"Tue Mar 14 23:30:54 +0000 2017","lang":"en","displayname":"Amrita_Smiles","time_zone":"Eastern Time (US & Canada)","msg":"RT iRidhiDogra Happy Holi ❤️ 💜💚💛💖❣️ https//tco/TW6By8J8c1"}
{"tweet_id":841793791707230209,"created_unixtime":1489534254372,"created_time":"Tue Mar 14 23:30:54 +0000 2017","lang":"en","displayname":"mitchellturner_","time_zone":"","msg":"Thank u bro🤘🏻 https//tco/zn1JAKfH8n"}
{"tweet_id":841793791434588160,"created_unixtime":1489534254307,"created_time":"Tue Mar 14 23:30:54 +0000 2017","lang":"en","displayname":"MitchellCC_NC","time_zone":"Eastern Time (US & Canada)","msg":"Mitchell has lots of ways to help you achieve your happy    Learn more at https//tco/NEXA2UdmXx MitchellCC… https//tco/3Fp4EVLbzX"}
{"tweet_id":841793792676118528,"created_unixtime":1489534254603,"created_time":"Tue Mar 14 23:30:54 +0000 2017","lang":"en","displayname":"vickiestradaaa","time_zone":"","msg":"breeharrington7 happy birthday❣️"}
{"tweet_id":841793792629981186,"created_unixtime":1489534254592,"created_time":"Tue Mar 14 23:30:54 +0000 2017","lang":"en","displayname":"djddueces","time_zone":"Eastern Time (US & Canada)","msg":"Ushio crying with her dad in the meadow in Clannad After Story https//tco/ozHs1u1WI2"}
{"tweet_id":841793793020055553,"created_unixtime":1489534254685,"created_time":"Tue Mar 14 23:30:54 +0000 2017","lang":"en","displayname":"wyskii1","time_zone":"Eastern Time (US & Canada)","msg":"RT DrewMonroe21 Could have stopped after 14 inches and made it a mystery of what you got hehe😘 Happy shoveling Only traces of it… "}
{"tweet_id":841793793309454336,"created_unixtime":1489534254754,"created_time":"Tue Mar 14 23:30:54 +0000 2017","lang":"en","displayname":"Thickchicksteph","time_zone":"Atlantic Time (Canada)","msg":"RT a1fbgmn every girl just wanna be genuinely happy not confused not irritated not slept on not taken advantage of just happy my g "}
{"tweet_id":841793794362155008,"created_unixtime":1489534255005,"created_time":"Tue Mar 14 23:30:55 +0000 2017","lang":"en","displayname":"nikkipswizzle","time_zone":"Arizona","msg":"darealsin happy birthday squid"}
{"tweet_id":841793794626400258,"created_unixtime":1489534255068,"created_time":"Tue Mar 14 23:30:55 +0000 2017","lang":"en","displayname":"AfifahR31","time_zone":"Jakarta","msg":"Ola oppa siwon407 I hope youre ok I really care and it breaks my heart to see you sad please forget about all the bad things  love you"}
{"tweet_id":841793794450325506,"created_unixtime":1489534255026,"created_time":"Tue Mar 14 23:30:55 +0000 2017","lang":"en","displayname":"caroline_14h","time_zone":"","msg":"RT MirandaDay22 How to Love by Lil Wayne is one of those old sad songs that you can still vibe to"}
{"tweet_id":841793792894222337,"created_unixtime":1489534254655,"created_time":"Tue Mar 14 23:30:54 +0000 2017","lang":"en","displayname":"deliciouscakeco","time_zone":"","msg":"Happy birthday to our goth loving Joshua"}
{"tweet_id":841793792915197953,"created_unixtime":1489534254660,"created_time":"Tue Mar 14 23:30:54 +0000 2017","lang":"en","displayname":"Ayee_marce1681","time_zone":"","msg":"If u amp ur girl broke up how sad would u be amp how m — Well we did but it just dependable though like how  https//tco/1fRLvTkG5h"}
{"tweet_id":841793792734842882,"created_unixtime":1489534254617,"created_time":"Tue Mar 14 23:30:54 +0000 2017","lang":"en","displayname":"timetowakeup00","time_zone":"Central Time (US & Canada)","msg":"What could they be Sofa King happy aboutOptimism Among US CEOs Shows Biggest Increase Since 2009  Bloomberg https//tco/l3zabToosq"}
{"tweet_id":841793793011638273,"created_unixtime":1489534254683,"created_time":"Tue Mar 14 23:30:54 +0000 2017","lang":"en","displayname":"RiverCityOtter","time_zone":"Quito","msg":"THx for share DevannyPinn DiscoveryID That CaseyAnthony case was a sad time Coming April 9th catch facts"}
{"tweet_id":841793794089582592,"created_unixtime":1489534254940,"created_time":"Tue Mar 14 23:30:54 +0000 2017","lang":"en","displayname":"Candiathegod","time_zone":"Eastern Time (US & Canada)","msg":"Happy Birthday ImmMixedd"}
{"tweet_id":841793794169290755,"created_unixtime":1489534254959,"created_time":"Tue Mar 14 23:30:54 +0000 2017","lang":"en","displayname":"Denesha32","time_zone":"","msg":"RT D_Deji28 Do you guys know why he was killed A girl lied that he raped her and her brother shot him dead https//tco/IWDVDZp3rz"}
{"tweet_id":841793794538377216,"created_unixtime":1489534255047,"created_time":"Tue Mar 14 23:30:55 +0000 2017","lang":"en","displayname":"SarakAlhussain","time_zone":"Baghdad","msg":"Be happy as much as you can ❣️"}
{"tweet_id":841793794408345601,"created_unixtime":1489534255016,"created_time":"Tue Mar 14 23:30:55 +0000 2017","lang":"en","displayname":"youcancry","time_zone":"Dublin","msg":"im sad hes loosing hell be depressed https//tco/hgW2Fiktrz"}
{"tweet_id":841793794588737536,"created_unixtime":1489534255059,"created_time":"Tue Mar 14 23:30:55 +0000 2017","lang":"en","displayname":"Merceqes","time_zone":"","msg":"RT india_kate This photo makes me so happy ☺️✨ RitaOra ANTMVH1 antmvh1 https//tco/PsC5hOSlDs"}
{"tweet_id":841793794848788484,"created_unixtime":1489534255121,"created_time":"Tue Mar 14 23:30:55 +0000 2017","lang":"en","displayname":"wvlyn_linda","time_zone":"","msg":"RT BMSupdates Retweet to help us wish aric_almirola a Happy Birthday NASCAR https//tco/cs8s6xzna2"}
{"tweet_id":841793794530000897,"created_unixtime":1489534255045,"created_time":"Tue Mar 14 23:30:55 +0000 2017","lang":"en","displayname":"SwiftieCat17","time_zone":"Central Time (US & Canada)","msg":"RT RickyPDillon Happy pi day https//tco/PyJRimk7d3"}
{"tweet_id":841793795670790144,"created_unixtime":1489534255317,"created_time":"Tue Mar 14 23:30:55 +0000 2017","lang":"en","displayname":"rickyftana","time_zone":"Pacific Time (US & Canada)","msg":"they make it seem so much better than it is 😤 https//tco/W5RswWGTic"}
{"tweet_id":841793795033190400,"created_unixtime":1489534255165,"created_time":"Tue Mar 14 23:30:55 +0000 2017","lang":"en","displayname":"skylar_harth","time_zone":"","msg":"happy late birthday to one of the best friends Ive ever had😍  https//tco/IfZwTBiq0N"}
{"tweet_id":841793796274712576,"created_unixtime":1489534255461,"created_time":"Tue Mar 14 23:30:55 +0000 2017","lang":"en","displayname":"Decaturr","time_zone":"","msg":"I share a birthday with wordtoJude I knew there was a reason to why Im obsessed with her Perfection at its finest Happy late bday⭐️💕"}
{"tweet_id":841793795788267521,"created_unixtime":1489534255345,"created_time":"Tue Mar 14 23:30:55 +0000 2017","lang":"en","displayname":"smshami_","time_zone":"Pacific Time (US & Canada)","msg":"Happy birthday glbiiii💚💚 https//tco/6Ny1bjT1U3"}
{"tweet_id":841793796224491520,"created_unixtime":1489534255449,"created_time":"Tue Mar 14 23:30:55 +0000 2017","lang":"en","displayname":"ink0ntrool_","time_zone":"","msg":"RT que_tarantinoo The way these young niggas is dying in Baltimore is sad"}
{"tweet_id":841793796106997761,"created_unixtime":1489534255421,"created_time":"Tue Mar 14 23:30:55 +0000 2017","lang":"en","displayname":"xnigs","time_zone":"Arizona","msg":"Im happy becozz u are inside 😍"}
{"tweet_id":841793796354539520,"created_unixtime":1489534255480,"created_time":"Tue Mar 14 23:30:55 +0000 2017","lang":"en","displayname":"r_gerzabek","time_zone":"","msg":"SO HAPPY THAT VANESSA GOT THE FINAL ROSE 4th times a charm❤💍 TheBachelorFinale"}
{"tweet_id":841793796660727808,"created_unixtime":1489534255553,"created_time":"Tue Mar 14 23:30:55 +0000 2017","lang":"en","displayname":"emmyalleyne","time_zone":"Pacific Time (US & Canada)","msg":"RT _xoxosg girls who are purposely mean to other girls make me so sad like we are supposed to watch out for eachother get a grip"}
{"tweet_id":841793796425809920,"created_unixtime":1489534255497,"created_time":"Tue Mar 14 23:30:55 +0000 2017","lang":"en","displayname":"daintyfooIs","time_zone":"Eastern Time (US & Canada)","msg":"RT daintyfooIs things i have been compared to/things my feature have been compared to a thread to make me happy"}
{"tweet_id":841793796916445184,"created_unixtime":1489534255614,"created_time":"Tue Mar 14 23:30:55 +0000 2017","lang":"en","displayname":"jackie_jackie45","time_zone":"","msg":"RT sexgray tuesdayselfie Happy Tuesday everyone Dont forget to smile today love you all 💗 old pic https//tco/M9DRaREWTi"}
{"tweet_id":841793796715212804,"created_unixtime":1489534255566,"created_time":"Tue Mar 14 23:30:55 +0000 2017","lang":"en","displayname":"ItsJunius23","time_zone":"Atlantic Time (Canada)","msg":"RT D_Deji28 Do you guys know why he was killed A girl lied that he raped her and her brother shot him dead https//tco/IWDVDZp3rz"}
{"tweet_id":841793797432393728,"created_unixtime":1489534255737,"created_time":"Tue Mar 14 23:30:55 +0000 2017","lang":"en","displayname":"graciecsilva","time_zone":"","msg":"RT miraflorocampo2 Happy Bibis 😄💖 ALDUBxDTBYTugOfHearts https//tco/LGCdOzVZiy"}
{"tweet_id":841793797579202560,"created_unixtime":1489534255772,"created_time":"Tue Mar 14 23:30:55 +0000 2017","lang":"en","displayname":"destiny0716151","time_zone":"","msg":"RT fthotladies Don`t be sad because it`s over Smile because it happenedALDUBxDTBYTugOfHearts"}
{"tweet_id":841793797050769408,"created_unixtime":1489534255646,"created_time":"Tue Mar 14 23:30:55 +0000 2017","lang":"en","displayname":"matty69ice","time_zone":"Eastern Time (US & Canada)","msg":"RT killmefam so if she wanna b a dolphin yall just gonna throw her in the specific ocean 🤔 https//tco/tgmj7DADMC"}
{"tweet_id":841793797889638401,"created_unixtime":1489534255846,"created_time":"Tue Mar 14 23:30:55 +0000 2017","lang":"en","displayname":"Rair4M","time_zone":"Mountain Time (US & Canada)","msg":"RT WholeLottaLeek Damn yall going out sad rocking these Rihanna gym shoes with the bow"}
{"tweet_id":841793797612818432,"created_unixtime":1489534255780,"created_time":"Tue Mar 14 23:30:55 +0000 2017","lang":"en","displayname":"TRENtSetter_","time_zone":"Central Time (US & Canada)","msg":"RT champagnecamera Happy Feelings in the air ChampagneCameras📸💫 https//tco/DQBqTKbjQE"}
{"tweet_id":841793797830897664,"created_unixtime":1489534255832,"created_time":"Tue Mar 14 23:30:55 +0000 2017","lang":"en","displayname":"jesuispret_3239","time_zone":"Pacific Time (US & Canada)","msg":"And thank you https//tco/zGxVlUWe33"}
{"tweet_id":841793798363529216,"created_unixtime":1489534255959,"created_time":"Tue Mar 14 23:30:55 +0000 2017","lang":"ja","displayname":"sena__himeno","time_zone":"Pacific Time (US & Canada)","msg":"RT dFVhxvfj3EF2ODj 今日はラブライブの海未ちゃんの誕生日･♥ﾟHappy Birthday ♬ °･♥海未ちゃん､おめでとーーう！！園田海未生誕祭2017 海未ちゃん推しはRT 海未ちゃん好きな人はRT… "}
{"tweet_id":841793798380359680,"created_unixtime":1489534255963,"created_time":"Tue Mar 14 23:30:55 +0000 2017","lang":"en","displayname":"tierasarena","time_zone":"Eastern Time (US & Canada)","msg":"RT pipesmalone there was a point in my life when i didnt think id be this happy ever again amp now i cant believe i ever let someone mak…"}
{"tweet_id":841793798946623488,"created_unixtime":1489534256098,"created_time":"Tue Mar 14 23:30:56 +0000 2017","lang":"en","displayname":"SimplicitiBlog","time_zone":"","msg":"Happy snow day  Hope everyone is safe amp sound Take some time to read our first post simpliciti lifestyleblog keepinitsimple mommylife"}
{"tweet_id":841793799466635264,"created_unixtime":1489534256222,"created_time":"Tue Mar 14 23:30:56 +0000 2017","lang":"en","displayname":"NoRoleModelss","time_zone":"Pacific Time (US & Canada)","msg":"D_DrewLBR Daveyyyyyy Happy birthday 😊😊😊😊"}
{"tweet_id":841793799349260292,"created_unixtime":1489534256194,"created_time":"Tue Mar 14 23:30:56 +0000 2017","lang":"en","displayname":"peacebyp","time_zone":"Eastern Time (US & Canada)","msg":"its one of the most beautiful souls Ive ever met earth strong 😁 happy birthday gab gabefuru sending you SO much love and light baby ❤️"}
{"tweet_id":841793799395381249,"created_unixtime":1489534256205,"created_time":"Tue Mar 14 23:30:56 +0000 2017","lang":"en","displayname":"kaetlynrenee","time_zone":"Hawaii","msg":"RT FIirtationship I hate that I cry out of frustration 95  of the time its not even cause Im sad its that Im so angry I cant contr…"}
{"tweet_id":841793799735119874,"created_unixtime":1489534256286,"created_time":"Tue Mar 14 23:30:56 +0000 2017","lang":"en","displayname":"pride0fddl","time_zone":"Brasilia","msg":"RT GameOfThrones Happy GameofThrones PiDay https//tco/N1spcVNHuw"}
{"tweet_id":841793797575065601,"created_unixtime":1489534255771,"created_time":"Tue Mar 14 23:30:55 +0000 2017","lang":"en","displayname":"fbagbo","time_zone":"","msg":"RT PIM_CGIAR Happy PiDay What pie charts can tell us about gender gaps in control over land https//tco/g96IYLjaIL… "}
{"tweet_id":841793798199996418,"created_unixtime":1489534255920,"created_time":"Tue Mar 14 23:30:55 +0000 2017","lang":"en","displayname":"whiskeybarbie","time_zone":"Eastern Time (US & Canada)","msg":"Happy Steak amp Blow Job Day Friends ithoughtthiswaseveryday steakandblowjobday https//tco/kvvIB96KT4"}
{"tweet_id":841793800074756096,"created_unixtime":1489534256367,"created_time":"Tue Mar 14 23:30:56 +0000 2017","lang":"en","displayname":"Randifaze","time_zone":"","msg":"RT RustlerBaseball Rustlers beat the Lasers 21 improve to 22 in OEC play tfranny29 picks up the win and adammoses16 gets the save…"}
{"tweet_id":841793800473329668,"created_unixtime":1489534256462,"created_time":"Tue Mar 14 23:30:56 +0000 2017","lang":"en","displayname":"mitchellturner_","time_zone":"","msg":"RT alexconrad_25 mitchellturner_  Happy BDay bro"}
{"tweet_id":841793800435462144,"created_unixtime":1489534256453,"created_time":"Tue Mar 14 23:30:56 +0000 2017","lang":"en","displayname":"jaaygotti","time_zone":"","msg":"RT D_Deji28 Do you guys know why he was killed A girl lied that he raped her and her brother shot him dead https//tco/IWDVDZp3rz"}
{"tweet_id":841793800309628928,"created_unixtime":1489534256423,"created_time":"Tue Mar 14 23:30:56 +0000 2017","lang":"in","displayname":"titis_muhammad","time_zone":"Pacific Time (US & Canada)","msg":"RT Sidoarum1976 Happy birthday slemanona2003  yg ke 14 ojo kendo le ndukung kebanggaan dan tetap cantik di tribun utara  "}
{"tweet_id":841793801005879296,"created_unixtime":1489534256589,"created_time":"Tue Mar 14 23:30:56 +0000 2017","lang":"en","displayname":"axngie","time_zone":"","msg":"RT SexTaIk Its so sad but they truly had the best love story https//tco/Tnzfs1WHkF"}
{"tweet_id":841793800603328512,"created_unixtime":1489534256493,"created_time":"Tue Mar 14 23:30:56 +0000 2017","lang":"en","displayname":"jadenstamper","time_zone":"","msg":"RT therealhannah13 If theres even a slight chance at getting something that will make you happy risk it Life is too short and happin…"}
{"tweet_id":841793799168880640,"created_unixtime":1489534256151,"created_time":"Tue Mar 14 23:30:56 +0000 2017","lang":"en","displayname":"rachaelrebeckah","time_zone":"Eastern Time (US & Canada)","msg":"OmgeeeIm so happy my ipsy March Glam Bag has arrived 📪😍💕 This months theme is Tres Jolie… https//tco/T4LLjqxzIC"}
{"tweet_id":841793801102475264,"created_unixtime":1489534256612,"created_time":"Tue Mar 14 23:30:56 +0000 2017","lang":"en","displayname":"RockstarSupport","time_zone":"Eastern Time (US & Canada)","msg":"SunnyInNovember We would be happy to look into that Please submit a ticket here and we will help https//tco/iLlf5byDom VA"}
{"tweet_id":841793800930529281,"created_unixtime":1489534256571,"created_time":"Tue Mar 14 23:30:56 +0000 2017","lang":"en","displayname":"McCallartpro","time_zone":"","msg":"📷 “Beyond Our Control” 22 x 30 Chalk Pastel My toughest challenge yet I’m so happy the way is came https//tco/ICCkYoZr77"}
{"tweet_id":841793801605734400,"created_unixtime":1489534256732,"created_time":"Tue Mar 14 23:30:56 +0000 2017","lang":"en","displayname":"BeAwesome_Laugh","time_zone":"Pacific Time (US & Canada)","msg":"RT dinyrose31 Smiling doesnt always mean youre happy Sometime Its means that you are a strong personOudezijds Kolk  Amster… "}
{"tweet_id":841793801001787392,"created_unixtime":1489534256588,"created_time":"Tue Mar 14 23:30:56 +0000 2017","lang":"en","displayname":"Wreckitralph78","time_zone":"","msg":"RT CNN Sen Schumer on CBO report Do facts matter anymore to our colleagues to the President Does truth matter Sad a… "}
{"tweet_id":841793801794461696,"created_unixtime":1489534256777,"created_time":"Tue Mar 14 23:30:56 +0000 2017","lang":"ja","displayname":"zeronohobono","time_zone":"","msg":"RT GgWIoAAR5sPvUyf ちょっと早いけど海未ちゃんHappy Birthday園田海未生誕祭2017 園田海未生誕祭 ラブライブ好きな人RT ラブライバーはRT 祝う人RT RTした人全員フォローする https//tco/…"}
{"tweet_id":841793801534504960,"created_unixtime":1489534256715,"created_time":"Tue Mar 14 23:30:56 +0000 2017","lang":"en","displayname":"cadaigle15","time_zone":"","msg":"Im SO happy for everyone who sells lularoehowever when 25 people on my newsfeed sells itIm sick of seeing 30 pairs of unicorn leggings"}
{"tweet_id":841793801605660672,"created_unixtime":1489534256732,"created_time":"Tue Mar 14 23:30:56 +0000 2017","lang":"en","displayname":"mhejaz","time_zone":"","msg":"RT OrgIAC OrgIAC is delighted to recieve the Nowruz messages from the House leadeship at its Nowruz event FreeIran نوروز… "}
{"tweet_id":841793801681276928,"created_unixtime":1489534256750,"created_time":"Tue Mar 14 23:30:56 +0000 2017","lang":"en","displayname":"lilscho34","time_zone":"Eastern Time (US & Canada)","msg":"Happy birthday 🎉🎉 RamandipKaur_"}
{"tweet_id":841793802209746944,"created_unixtime":1489534256876,"created_time":"Tue Mar 14 23:30:56 +0000 2017","lang":"en","displayname":"alihassaanstar","time_zone":"","msg":"RT mehdifoundation Mood swings are not a problem When your heart is content when your soul is happy then you get rid of the mood swin…"}
{"tweet_id":841793801794555904,"created_unixtime":1489534256777,"created_time":"Tue Mar 14 23:30:56 +0000 2017","lang":"en","displayname":"ZorPickle","time_zone":"Stockholm","msg":"RT GameGrumps Happy Birthday Danny https//tco/Qc8I63RkPP"}
{"tweet_id":841793802478084097,"created_unixtime":1489534256940,"created_time":"Tue Mar 14 23:30:56 +0000 2017","lang":"ja","displayname":"Asu54383141Asu","time_zone":"","msg":"RT tsukiuta1 ☆Happy White Day②☆新「もうすぐ春だよーあったかくなってきたから眠いよー君の愛に包まれて眠ります」葵「こらこら（苦笑）。いつもありがとうございます！」※DLOK※壁紙などマナーを守って使ってくださいね https//t…"}
{"tweet_id":841793802440462336,"created_unixtime":1489534256931,"created_time":"Tue Mar 14 23:30:56 +0000 2017","lang":"en","displayname":"drivermorr","time_zone":"Central Time (US & Canada)","msg":"OPP_HSD so sad this happened  Story says very poor weather conditions this is why we MustPayAttention amp DontDriveDistracted DriveSafe"}
{"tweet_id":841793801811312640,"created_unixtime":1489534256781,"created_time":"Tue Mar 14 23:30:56 +0000 2017","lang":"fr","displayname":"LeeGwangMink","time_zone":"Pacific Time (US & Canada)","msg":"Jpense pas ça se dit mais merci bb https//tco/gqtYLStwet"}
{"tweet_id":841793802268508165,"created_unixtime":1489534256890,"created_time":"Tue Mar 14 23:30:56 +0000 2017","lang":"en","displayname":"yogirl_punkin","time_zone":"Pacific Time (US & Canada)","msg":"RT Cahronw_ Lol real rap https//tco/aBdjrI2Kew"}
{"tweet_id":841793802931134464,"created_unixtime":1489534257048,"created_time":"Tue Mar 14 23:30:57 +0000 2017","lang":"en","displayname":"elusivem8","time_zone":"Pacific Time (US & Canada)","msg":"RT MillennialOfMNL This is your reminder that its okay to not be okay No one is constantly happy Your emotions are yours No one can t…"}
{"tweet_id":841793802889240577,"created_unixtime":1489534257038,"created_time":"Tue Mar 14 23:30:57 +0000 2017","lang":"en","displayname":"davalos0316","time_zone":"","msg":"RT UTEP_MBB Happy Birthday Coach The late great Don Haskins was born on this day in 1930 minerstrong https//tco/5OlzLdqJKb"}
{"tweet_id":841793807016435712,"created_unixtime":1489534258022,"created_time":"Tue Mar 14 23:30:58 +0000 2017","lang":"en","displayname":"shazturnbull_","time_zone":"Amsterdam","msg":"_lisalewis happy birthday gorgeous girl 😘😘"}
{"tweet_id":841793806727036928,"created_unixtime":1489534257953,"created_time":"Tue Mar 14 23:30:57 +0000 2017","lang":"en","displayname":"minnieeedoeee","time_zone":"Hawaii","msg":"RT aerdnax_ I really do this too much 🤦🏽‍♀️ https//tco/td8y2P4qKu"}
{"tweet_id":841793803312857090,"created_unixtime":1489534257139,"created_time":"Tue Mar 14 23:30:57 +0000 2017","lang":"en","displayname":"arsreys","time_zone":"Brasilia","msg":"RT AnimalMonarchy One happy family https//tco/FjOo2EF635 https//tco/IvBR7ouYek"}
{"tweet_id":841793803488919553,"created_unixtime":1489534257181,"created_time":"Tue Mar 14 23:30:57 +0000 2017","lang":"ko","displayname":"Duck_S2_","time_zone":"","msg":"RT mmerssu https//tco/9AQtwCh1Qb햅벗 4화까지 무료공개 이벤트 중입니다  👁_👁🎂🍢🔪😇😭😭"}
{"tweet_id":841793803799429121,"created_unixtime":1489534257255,"created_time":"Tue Mar 14 23:30:57 +0000 2017","lang":"en","displayname":"jdeathmorgan","time_zone":"Pacific Time (US & Canada)","msg":"adelaidedkane IM SO HAPPY FOR ALL WOMEN IMSAUDIIDID"}
{"tweet_id":841793804109668352,"created_unixtime":1489534257329,"created_time":"Tue Mar 14 23:30:57 +0000 2017","lang":"en","displayname":"HeroSportsNews","time_zone":"Pacific Time (US & Canada)","msg":"We may have jinxed themthe Mountaineers missed their last four 3s before halftime FirstFour https//tco/fKNanyHZEi"}
{"tweet_id":841793804227215360,"created_unixtime":1489534257357,"created_time":"Tue Mar 14 23:30:57 +0000 2017","lang":"en","displayname":"jppellis3","time_zone":"","msg":"Happy birthday ayee_schoyyy hope you have a great day😋"}
{"tweet_id":841793803497410560,"created_unixtime":1489534257183,"created_time":"Tue Mar 14 23:30:57 +0000 2017","lang":"en","displayname":"dommarieee","time_zone":"Pacific Time (US & Canada)","msg":"RT PeachMeadows only miserable people are bullys amp thats a fact no one who is happy ever has the urge to bring others down remember t…"}
{"tweet_id":841793804424306688,"created_unixtime":1489534257404,"created_time":"Tue Mar 14 23:30:57 +0000 2017","lang":"en","displayname":"FetiSarwanti","time_zone":"Jakarta","msg":"Happy birthday dearmother may God alwaysgives the mothers healthlongevity and happyalways I love the mother 🙏🎂 😍😘😘😘"}
{"tweet_id":841793804126453760,"created_unixtime":1489534257333,"created_time":"Tue Mar 14 23:30:57 +0000 2017","lang":"en","displayname":"luisgromero9","time_zone":"","msg":"RT smile4these This makes me so happy https//tco/B3ii6oVoTW"}
{"tweet_id":841793804499853312,"created_unixtime":1489534257422,"created_time":"Tue Mar 14 23:30:57 +0000 2017","lang":"en","displayname":"ErinMcMurdo","time_zone":"Eastern Time (US & Canada)","msg":"RT kennyg Happy piday You know what Ill be doing to celebrate  https//tco/XMmF5tLDFN"}
{"tweet_id":841793804285972480,"created_unixtime":1489534257371,"created_time":"Tue Mar 14 23:30:57 +0000 2017","lang":"en","displayname":"nictillman","time_zone":"","msg":"This 🔥🔥 stop playing wit my nigga Je https//tco/zRCAY8PY99"}
{"tweet_id":841793804986421248,"created_unixtime":1489534257538,"created_time":"Tue Mar 14 23:30:57 +0000 2017","lang":"en","displayname":"thaDramatic_1","time_zone":"Mountain Time (US & Canada)","msg":"RT teamlucyheaux Do what makes you happy"}
{"tweet_id":841793805040910336,"created_unixtime":1489534257551,"created_time":"Tue Mar 14 23:30:57 +0000 2017","lang":"en","displayname":"leannew_13","time_zone":"","msg":"Chaggin10 happy pi day"}
{"tweet_id":841793805414154240,"created_unixtime":1489534257640,"created_time":"Tue Mar 14 23:30:57 +0000 2017","lang":"ja","displayname":"acorn_tokyo_g","time_zone":"","msg":"◇平日限定☆14：00～18：00までハッピーアワーにてワイン・ビール・ハイボールが特別価格で飲めます！　ハッピーアワー　HAPPY　ワイン　ビール https//tco/yZiUb3qERF"}
{"tweet_id":841793805808357376,"created_unixtime":1489534257734,"created_time":"Tue Mar 14 23:30:57 +0000 2017","lang":"in","displayname":"iayuazwani","time_zone":"","msg":"RT ELMIELMO Happy International Womens Day ni diciptakan untuk menaikkan semangat wanitawanita yang selalu ditipu sebenarnya… "}
{"tweet_id":841793806190153728,"created_unixtime":1489534257825,"created_time":"Tue Mar 14 23:30:57 +0000 2017","lang":"en","displayname":"ToluWho","time_zone":"Amsterdam","msg":"RT D_Deji28 Do you guys know why he was killed A girl lied that he raped her and her brother shot him dead https//tco/IWDVDZp3rz"}
{"tweet_id":841793806022377472,"created_unixtime":1489534257785,"created_time":"Tue Mar 14 23:30:57 +0000 2017","lang":"en","displayname":"MasiyeNawiko","time_zone":"","msg":"RT __Mari0__ Relationships TipThis Is All You Need To Keep Your Girl Very Happy 👇 https//tco/FVTb9IRSxa"}
{"tweet_id":841793806446022656,"created_unixtime":1489534257886,"created_time":"Tue Mar 14 23:30:57 +0000 2017","lang":"en","displayname":"bieberzporns","time_zone":"Santiago","msg":"RT scooterbraun Happy birthday to the crazy guy in the middle thatrygood  Love you brother Special people are born on this day https/…"}
{"tweet_id":841793806701744128,"created_unixtime":1489534257947,"created_time":"Tue Mar 14 23:30:57 +0000 2017","lang":"en","displayname":"TrevinoTracy","time_zone":"","msg":"RT sleeepyzee from what ive seen most guys dont show emotion right after a break up but it hits them harder later on when the… "}
{"tweet_id":841793807020617730,"created_unixtime":1489534258023,"created_time":"Tue Mar 14 23:30:58 +0000 2017","lang":"et","displayname":"brightsuzaku","time_zone":"Eastern Time (US & Canada)","msg":"RT TheGnomeChild tukamis bc im sad yeojah GIVE TAKUMI BIG POOFY 90s ANIME HAIR https//tco/DQrmOoPIAS"}
{"tweet_id":841793805460373504,"created_unixtime":1489534257651,"created_time":"Tue Mar 14 23:30:57 +0000 2017","lang":"en","displayname":"oshykitten","time_zone":"","msg":"Happy Pi Day https//tco/qnFaWWBKBa"}
{"tweet_id":841793808052424704,"created_unixtime":1489534258269,"created_time":"Tue Mar 14 23:30:58 +0000 2017","lang":"en","displayname":"penelope314_","time_zone":"","msg":"aww this is so sweet cant wait thank you b https//tco/TYbXJ3fOnU"}
{"tweet_id":841793808329248772,"created_unixtime":1489534258335,"created_time":"Tue Mar 14 23:30:58 +0000 2017","lang":"en","displayname":"IrvinCurvin","time_zone":"Central Time (US & Canada)","msg":"InTheCut_Danny Happy birthday dawggg 😎"}
{"tweet_id":841793808782241793,"created_unixtime":1489534258443,"created_time":"Tue Mar 14 23:30:58 +0000 2017","lang":"en","displayname":"SirHoltyHolt","time_zone":"Eastern Time (US & Canada)","msg":"Kwonboy24 Him and cutler are probably even and they are getting replaced capernick better be happy with being a number 2 or retire"}
{"tweet_id":841793809163931648,"created_unixtime":1489534258534,"created_time":"Tue Mar 14 23:30:58 +0000 2017","lang":"en","displayname":"AlanaLovesHoran","time_zone":"","msg":"RT gormanseamus i actually cant believe there are 75000 of you now…so happy and grateful for every single one of you ❤️🙌🏼"}
{"tweet_id":841793809809735680,"created_unixtime":1489534258688,"created_time":"Tue Mar 14 23:30:58 +0000 2017","lang":"en","displayname":"YouthCareSEA","time_zone":"Pacific Time (US & Canada)","msg":"RT SchultzFamilyFd mgiovengo Such a great YouthCareSEA lunch event today Moving stories positive vibe Were happy to be a partner… "}
{"tweet_id":841793809910444032,"created_unixtime":1489534258712,"created_time":"Tue Mar 14 23:30:58 +0000 2017","lang":"en","displayname":"radchild420","time_zone":"","msg":"RT audreyyhull Think less and do what makes you happy "}
{"tweet_id":841793809855991811,"created_unixtime":1489534258699,"created_time":"Tue Mar 14 23:30:58 +0000 2017","lang":"en","displayname":"ricci_abigail","time_zone":"","msg":"Happy Birthday girly love and miss you 🎉💘 SamMitchell314"}
{"tweet_id":841793809994416129,"created_unixtime":1489534258732,"created_time":"Tue Mar 14 23:30:58 +0000 2017","lang":"en","displayname":"ChanelNicolee_","time_zone":"Central Time (US & Canada)","msg":"RT jayfromdawestt Them not ya friends https//tco/MIJiclhNaI"}
{"tweet_id":841793809407193092,"created_unixtime":1489534258592,"created_time":"Tue Mar 14 23:30:58 +0000 2017","lang":"en","displayname":"tastedcyrus","time_zone":"London","msg":"CAN TOU BELIEVE THEY ALL WILL HAVE THEIR HAPPY ENDING AFTER THE HELL THEYVE BEEN THROUGH IM THE HAPPIEST RIGHT N… https//tco/F4LJIH6Qjz"}
{"tweet_id":841793810086690816,"created_unixtime":1489534258754,"created_time":"Tue Mar 14 23:30:58 +0000 2017","lang":"en","displayname":"morepizza4me","time_zone":"Madrid","msg":"RT foolskam when even chose isak over everything elseTHEY MISSED EACH OTHER SO MUCHthey were finally reunitedive never f… "}
{"tweet_id":841793807406518274,"created_unixtime":1489534258115,"created_time":"Tue Mar 14 23:30:58 +0000 2017","lang":"en","displayname":"thelivingroomkc","time_zone":"","msg":"Dont miss TRIGGER HAPPY  a new play by Ron Simonian playing March 29th  April 16th Tickets and more info at… https//tco/9dR3f6jWKN"}
{"tweet_id":841793807385538560,"created_unixtime":1489534258110,"created_time":"Tue Mar 14 23:30:58 +0000 2017","lang":"en","displayname":"TheMasonJRyan","time_zone":"Pacific Time (US & Canada)","msg":"I ate half a mango pie for dinner Happy pie day"}
{"tweet_id":841793807888879616,"created_unixtime":1489534258230,"created_time":"Tue Mar 14 23:30:58 +0000 2017","lang":"en","displayname":"lexdeange","time_zone":"Central Time (US & Canada)","msg":"RT GirlfriendNotes THIS MAKES MY HEART HAPPY https//tco/IZpkAYkC7I"}
{"tweet_id":841793808085991426,"created_unixtime":1489534258277,"created_time":"Tue Mar 14 23:30:58 +0000 2017","lang":"en","displayname":"dumbledore221b","time_zone":"","msg":"RT matthaig1 Look Exciting news alert Benedict Cumberbatch is going to star in the adaptation of my new novel Am so happy https//t…"}
{"tweet_id":841793806823510016,"created_unixtime":1489534257976,"created_time":"Tue Mar 14 23:30:57 +0000 2017","lang":"en","displayname":"YouseiNoMajin","time_zone":"Pacific Time (US & Canada)","msg":"FlamesOfUchiha The bartender would apporach the Uchiha as she was kinda sad in her usually days she would greet h… https//tco/6gabYMrEZy"}
{"tweet_id":841793808224403456,"created_unixtime":1489534258310,"created_time":"Tue Mar 14 23:30:58 +0000 2017","lang":"en","displayname":"DSR_Roman","time_zone":"","msg":"RT NASA Its PiDay It may be irrational but pi plays an important role in the work of scientists at NASA… "}
{"tweet_id":841793807918211075,"created_unixtime":1489534258237,"created_time":"Tue Mar 14 23:30:58 +0000 2017","lang":"en","displayname":"bitchdere","time_zone":"","msg":"RT lupchaa happy birthday umi 園田海未生誕祭2017 https//tco/nsmQgrDvw7"}
{"tweet_id":841793808169893888,"created_unixtime":1489534258297,"created_time":"Tue Mar 14 23:30:58 +0000 2017","lang":"en","displayname":"ashlleycmahoney","time_zone":"","msg":"RT _skyegem_ It makes me so sad/sick to see that some boys think that this is okay and only realize it isnt when they see their… "}
{"tweet_id":841793809465798656,"created_unixtime":1489534258606,"created_time":"Tue Mar 14 23:30:58 +0000 2017","lang":"en","displayname":"robledo_isaac","time_zone":"","msg":"RT d_vargas5 robledo_isaac happy birthday 🎉❤"}
{"tweet_id":841793809482711040,"created_unixtime":1489534258610,"created_time":"Tue Mar 14 23:30:58 +0000 2017","lang":"en","displayname":"WebUCareerServ","time_zone":"Central Time (US & Canada)","msg":"RT websteru Happy Pi Day https//tco/A1ekFj7V7f"}
{"tweet_id":841793809956646914,"created_unixtime":1489534258723,"created_time":"Tue Mar 14 23:30:58 +0000 2017","lang":"en","displayname":"ForestGlenGator","time_zone":"Eastern Time (US & Canada)","msg":"RT MissMcNeilMusic Wow Proof that music literacy develops amp requires the use of higher order thinking Happy PiDay MusicIsMath https/…"}
{"tweet_id":841793810040537088,"created_unixtime":1489534258743,"created_time":"Tue Mar 14 23:30:58 +0000 2017","lang":"en","displayname":"brow_lacy","time_zone":"","msg":"dade_alexander Happy Pi Day"}
{"tweet_id":841793810191548416,"created_unixtime":1489534258779,"created_time":"Tue Mar 14 23:30:58 +0000 2017","lang":"es","displayname":"JoneidyPagan","time_zone":"Central America","msg":"RT yllenaj420 Medalla Light te invita a ser parte de Los Jueves de Chinchorreo en Marullo y HP en La Placita💃😎 LOS MEJORES HAPPY… "}
{"tweet_id":841793810963169280,"created_unixtime":1489534258963,"created_time":"Tue Mar 14 23:30:58 +0000 2017","lang":"en","displayname":"Crackett9","time_zone":"","msg":"RT Bamylase_ mainedcm Happy Bananas always 🍌 👍🏻😊 Damay ka unoemilio ✌🏻😂😂 JaMaine teamreel 🚀 pat_05 imbarbarasastre  Ctto https//t…"}
{"tweet_id":841793811323990024,"created_unixtime":1489534259049,"created_time":"Tue Mar 14 23:30:59 +0000 2017","lang":"en","displayname":"KellyAnn0122","time_zone":"Eastern Time (US & Canada)","msg":"PressSec POTUS maybe he can swing by Flint and tell them how hes removing regulations and doing zip to improve their water crisis SAD"}
{"tweet_id":841793811592429568,"created_unixtime":1489534259113,"created_time":"Tue Mar 14 23:30:59 +0000 2017","lang":"en","displayname":"rmecheeya","time_zone":"America/New_York","msg":"RT RobMatzie Happy Pie Day Tradition FranksPizzeria Ambridge BeaverCounty https//tco/9okKjtv5fz"}
{"tweet_id":841793811852406784,"created_unixtime":1489534259175,"created_time":"Tue Mar 14 23:30:59 +0000 2017","lang":"en","displayname":"michalacoghill","time_zone":"Alaska","msg":"RT hydzgear The Native community is so much stronger since this kid quit drinking https//tco/tXqd2x7IAH"}
{"tweet_id":841793812083138560,"created_unixtime":1489534259230,"created_time":"Tue Mar 14 23:30:59 +0000 2017","lang":"en","displayname":"Music_Defined","time_zone":"","msg":"How will they top this in The Trip To Spain Happy birthday Michael Caine https//tco/psHGYWWiyD"}
{"tweet_id":841793812703911936,"created_unixtime":1489534259378,"created_time":"Tue Mar 14 23:30:59 +0000 2017","lang":"en","displayname":"amariebreault","time_zone":"","msg":"RT iam_Couture When u happy it shows amp when youre miserable it shows 🤧"}
{"tweet_id":841793813169430529,"created_unixtime":1489534259489,"created_time":"Tue Mar 14 23:30:59 +0000 2017","lang":"en","displayname":"Kai10Mutter","time_zone":"Tokyo","msg":"mcz0315_m ･♥ﾟHappy Birthday ♬ °･♥"}
{"tweet_id":841793812666175490,"created_unixtime":1489534259369,"created_time":"Tue Mar 14 23:30:59 +0000 2017","lang":"en","displayname":"MileyWorld4Eva","time_zone":"Quito","msg":"RT snooki Can people just shut up and be happy for them https//tco/IYA2mfQu1v"}
{"tweet_id":841793813198725122,"created_unixtime":1489534259496,"created_time":"Tue Mar 14 23:30:59 +0000 2017","lang":"en","displayname":"catsformede","time_zone":"Arizona","msg":"RT The_Animal_Team Happy HATTIE is still looking for her elusive home She so deserves it 5yo BoxerX she loves human contact adopt… "}
{"tweet_id":841793812431233024,"created_unixtime":1489534259313,"created_time":"Tue Mar 14 23:30:59 +0000 2017","lang":"ja","displayname":"odenn_kuenai","time_zone":"Tokyo","msg":"nowplaying HAPPYぱLUCKY by 真中らぁらamp南みれぃamp北条そふぃcv茜屋日海夏amp芹澤優amp久保田未夢空見て笑って、そらみスマイル…！；；； https//tco/ePEutXRruw"}
{"tweet_id":841793812871675904,"created_unixtime":1489534259418,"created_time":"Tue Mar 14 23:30:59 +0000 2017","lang":"en","displayname":"Abbey_Marie123","time_zone":"","msg":"RT RickyPDillon Happy pi day https//tco/PyJRimk7d3"}
{"tweet_id":841793812842315777,"created_unixtime":1489534259411,"created_time":"Tue Mar 14 23:30:59 +0000 2017","lang":"en","displayname":"zookies1","time_zone":"Atlantic Time (Canada)","msg":"You already know 😝😝❤ were doing very well Happy birthday to my everything ❤ https//tco/tqbR3QSUrO"}
{"tweet_id":841793813857345537,"created_unixtime":1489534259653,"created_time":"Tue Mar 14 23:30:59 +0000 2017","lang":"en","displayname":"generickpop","time_zone":"","msg":"RT GirlsDayMyLife Im just warning dont fanboy/girl when ur listening to sad music youll end up crying a loti can relate at the moment"}
{"tweet_id":841793813806997504,"created_unixtime":1489534259641,"created_time":"Tue Mar 14 23:30:59 +0000 2017","lang":"en","displayname":"Jianfturie","time_zone":"","msg":"RT RickyPDillon Happy pi day https//tco/PyJRimk7d3"}
{"tweet_id":841793813769269248,"created_unixtime":1489534259632,"created_time":"Tue Mar 14 23:30:59 +0000 2017","lang":"en","displayname":"ChloMay0","time_zone":"","msg":"RT isssymortimer My friends are actually the best things in my life keep me so happy😆👸🏼👭👫👨‍👩‍👧‍👦👯❤️"}
{"tweet_id":841793813685383168,"created_unixtime":1489534259612,"created_time":"Tue Mar 14 23:30:59 +0000 2017","lang":"en","displayname":"narrieaesthetic","time_zone":"","msg":"happy birthday StephenCurry30💞💞 DubNation"}
{"tweet_id":841793814230638592,"created_unixtime":1489534259742,"created_time":"Tue Mar 14 23:30:59 +0000 2017","lang":"en","displayname":"Wonder_Woman_79","time_zone":"Central Time (US & Canada)","msg":"RT Dork_Power What ILearnedFromHighSchool People never grow out of it Cliques for the rest of their lives Its sad really"}
{"tweet_id":841793814540910593,"created_unixtime":1489534259816,"created_time":"Tue Mar 14 23:30:59 +0000 2017","lang":"en","displayname":"LeLaysa","time_zone":"Alaska","msg":"RT MillennialOfMNL This is your reminder that its okay to not be okay No one is constantly happy Your emotions are yours No one can t…"}
{"tweet_id":841793814528376832,"created_unixtime":1489534259813,"created_time":"Tue Mar 14 23:30:59 +0000 2017","lang":"en","displayname":"noramun99","time_zone":"","msg":"RT broken its kinda sad how you can mean the world to someone one day and mean nothing to them the next day"}
{"tweet_id":841793814742286336,"created_unixtime":1489534259864,"created_time":"Tue Mar 14 23:30:59 +0000 2017","lang":"en","displayname":"LDH_only315","time_zone":"","msg":"RT epi_tetsuya シネプレックス平塚EPIEXILEUNIVERSITYhappyov https//tco/eBrwKD6nkp"}
{"tweet_id":841793815149137920,"created_unixtime":1489534259961,"created_time":"Tue Mar 14 23:30:59 +0000 2017","lang":"en","displayname":"mcp_ramos","time_zone":"","msg":"Before we used to call this day our 💙Happy Day💜But now its just only a treasured memory 15 specialdayforus sentimode"}
{"tweet_id":841793815224692736,"created_unixtime":1489534259979,"created_time":"Tue Mar 14 23:30:59 +0000 2017","lang":"en","displayname":"claremiceli34","time_zone":"","msg":"RT mindsconsole__ Take time to do what makes your soul happy"}
{"tweet_id":841793815484624898,"created_unixtime":1489534260041,"created_time":"Tue Mar 14 23:31:00 +0000 2017","lang":"en","displayname":"PBI_Mexico","time_zone":"Eastern Time (US & Canada)","msg":"RT ISHRglobal HRC34 Happy to see that the number of signatories for SR mandate renewal rose to 93 Would be great to reach 100 https//…"}
{"tweet_id":841793815446876160,"created_unixtime":1489534260032,"created_time":"Tue Mar 14 23:31:00 +0000 2017","lang":"en","displayname":"jassok8_","time_zone":"","msg":"RT bbgvane Im literally so tired of being nice to people and going out of my way to make sure theyre okay and happy just to be treated…"}
{"tweet_id":841793815421808640,"created_unixtime":1489534260026,"created_time":"Tue Mar 14 23:31:00 +0000 2017","lang":"en","displayname":"rywasney","time_zone":"Central Time (US & Canada)","msg":"superdaraa happy belated birthday lmao Im so bad Ive been meaning to say this forever"}
{"tweet_id":841793815744675840,"created_unixtime":1489534260103,"created_time":"Tue Mar 14 23:31:00 +0000 2017","lang":"en","displayname":"el_dorado1309","time_zone":"","msg":"RT 9GAG Face Youre uglyBody Youre fatBrain Youre stupidLife You suckFood Come here babe youll be happy with me"}
{"tweet_id":841793816025804800,"created_unixtime":1489534260170,"created_time":"Tue Mar 14 23:31:00 +0000 2017","lang":"en","displayname":"fvcktonio","time_zone":"Pacific Time (US & Canada)","msg":"TENLEY2GO look at how sad he dog is poor baby"}
{"tweet_id":841793815832756224,"created_unixtime":1489534260124,"created_time":"Tue Mar 14 23:31:00 +0000 2017","lang":"en","displayname":"Weet2113","time_zone":"Taipei","msg":"RT BAPdomination my shining star all i want is for you to be Healthy amp Happy pls take care no need to hurry back well be here waiti… "}
{"tweet_id":841793816743022593,"created_unixtime":1489534260341,"created_time":"Tue Mar 14 23:31:00 +0000 2017","lang":"en","displayname":"FrancoWebster","time_zone":"","msg":"RT TrueGeordieNUFC Wenger wins 50 and thinks that will keep em happy all of a sudden Leicester reaching the champions league quarters…"}
{"tweet_id":841793815669166081,"created_unixtime":1489534260085,"created_time":"Tue Mar 14 23:31:00 +0000 2017","lang":"ja","displayname":"klunaamgel","time_zone":"","msg":"🌸🌸 3月15日 🌸🌸今日は園田海未ちゃんの誕生日です。🎂 海未ちゃん誕生日おめでとう 🎂🎂 Happy birthday 🎂名前のような広い心を持った海未ちゃん、誕生日おめでとう園田海未… https//tco/AUegVudtRM"}
{"tweet_id":841793816835284993,"created_unixtime":1489534260363,"created_time":"Tue Mar 14 23:31:00 +0000 2017","lang":"en","displayname":"thirtyfourd","time_zone":"Atlantic Time (Canada)","msg":"happy hardcore tetris techno engulfed in flames sex position https//tco/4CXs6O6lXM"}
{"tweet_id":841793816709472256,"created_unixtime":1489534260333,"created_time":"Tue Mar 14 23:31:00 +0000 2017","lang":"en","displayname":"AppleSupport","time_zone":"Pacific Time (US & Canada)","msg":"bkeyport Our iTunes team would be happy to take a look into this and assist You can reach out to them here https//tco/SDIe7UiyJN"}
{"tweet_id":841793816600403968,"created_unixtime":1489534260307,"created_time":"Tue Mar 14 23:31:00 +0000 2017","lang":"en","displayname":"192books","time_zone":"Eastern Time (US & Canada)","msg":"Ariel Levy being super happy that her marvelous new book The Rules Do Not Apply is in the window at 192 Books https//tco/qxki2kfvzy"}
{"tweet_id":841793816495570944,"created_unixtime":1489534260282,"created_time":"Tue Mar 14 23:31:00 +0000 2017","lang":"en","displayname":"TraciLogan","time_zone":"Mountain Time (US & Canada)","msg":"Happy Birthday johnnyhammerstickss  Youre the most special butterfly I know  And an old one… https//tco/9rsYkmckhZ"}
{"tweet_id":841793817074327552,"created_unixtime":1489534260420,"created_time":"Tue Mar 14 23:31:00 +0000 2017","lang":"en","displayname":"sukaateti","time_zone":"Pacific Time (US & Canada)","msg":"tagumss happy cday kid  have a rad day live it up 🙏💙"}
{"tweet_id":841793817074364417,"created_unixtime":1489534260420,"created_time":"Tue Mar 14 23:31:00 +0000 2017","lang":"en","displayname":"IbbyIsmail1","time_zone":"","msg":"Breaking NewsRacist stood next to Marie Le Pen https//tco/DHVqWcA8Hm"}
{"tweet_id":841793816139051009,"created_unixtime":1489534260197,"created_time":"Tue Mar 14 23:31:00 +0000 2017","lang":"en","displayname":"_AjDaG","time_zone":"Central Time (US & Canada)","msg":"HAPPY BIRTHDAY TO THE GOAT StephenCurry30 https//tco/sIMNNlJnDd"}
{"tweet_id":841793817523044354,"created_unixtime":1489534260527,"created_time":"Tue Mar 14 23:31:00 +0000 2017","lang":"en","displayname":"_zuleey95","time_zone":"","msg":"I notice when I am kind of sad or going through some stuff I tend to spend a lot of money to cope with my sadness "}
{"tweet_id":841793817493815297,"created_unixtime":1489534260520,"created_time":"Tue Mar 14 23:31:00 +0000 2017","lang":"en","displayname":"BigSwizzz","time_zone":"","msg":"RT troytheblackguy All she wanted to do was say happy birthday to her friend but twitter just couldnt let her live lmaooo https//tco/X…"}
{"tweet_id":841793817716092928,"created_unixtime":1489534260573,"created_time":"Tue Mar 14 23:31:00 +0000 2017","lang":"en","displayname":"gigirules7","time_zone":"","msg":"RT ArquetteSisters Happy PiDay indeed https//tco/HJ3G6j0eDl"}
{"tweet_id":841793817468649480,"created_unixtime":1489534260514,"created_time":"Tue Mar 14 23:31:00 +0000 2017","lang":"en","displayname":"DoopaFly","time_zone":"Paris","msg":"RT juicylucy505 Happy bday Boys 😈 SteakandaBJDay hisvday https//tco/pThDvSsQNO"}
{"tweet_id":841793818198339584,"created_unixtime":1489534260688,"created_time":"Tue Mar 14 23:31:00 +0000 2017","lang":"en","displayname":"kimberleyblea","time_zone":"Pacific Time (US & Canada)","msg":"RT RickyPDillon Happy pi day https//tco/PyJRimk7d3"}
{"tweet_id":841793818135547905,"created_unixtime":1489534260673,"created_time":"Tue Mar 14 23:31:00 +0000 2017","lang":"en","displayname":"CarolCcbossy","time_zone":"","msg":"peddoc63 and we are all happy about it POTUS is amazing"}
{"tweet_id":841793818584309763,"created_unixtime":1489534260780,"created_time":"Tue Mar 14 23:31:00 +0000 2017","lang":"en","displayname":"Quofie68","time_zone":"","msg":"RT warriors DubNation please join us in wishing StephenCurry30 a very Happy Birthday 🎈 https//tco/cByjiIEk25"}
{"tweet_id":841793818823282688,"created_unixtime":1489534260837,"created_time":"Tue Mar 14 23:31:00 +0000 2017","lang":"tl","displayname":"mclissehugot","time_zone":"Pacific Time (US & Canada)","msg":"mccoyxelisse LOL tamadiba kasabihan nga one team is one big happy family eh di mag happy happy silang lahat"}
{"tweet_id":841793819007934465,"created_unixtime":1489534260881,"created_time":"Tue Mar 14 23:31:00 +0000 2017","lang":"en","displayname":"texmex_tweets","time_zone":"","msg":"RT GameGrumps Happy Birthday Danny https//tco/Qc8I63RkPP"}
{"tweet_id":841793819494383617,"created_unixtime":1489534260997,"created_time":"Tue Mar 14 23:31:00 +0000 2017","lang":"en","displayname":"6IackShawty","time_zone":"Alaska","msg":"RT sheswithmee IfYoureMyGirl I plan to give you the world and I will constantly strive to make you happy no matter what I have to do"}
{"tweet_id":841793819762819072,"created_unixtime":1489534261061,"created_time":"Tue Mar 14 23:31:01 +0000 2017","lang":"en","displayname":"tweetsbynatee","time_zone":"Pacific Time (US & Canada)","msg":"RT sheswithmee IfYoureMyGirl I plan to give you the world and I will constantly strive to make you happy no matter what I have to do"}
{"tweet_id":841793819645374465,"created_unixtime":1489534261033,"created_time":"Tue Mar 14 23:31:01 +0000 2017","lang":"en","displayname":"dopemusiccovers","time_zone":"Pacific Time (US & Canada)","msg":"RT sheswithmee IfYoureMyGirl I plan to give you the world and I will constantly strive to make you happy no matter what I have to do"}
{"tweet_id":841793819783778304,"created_unixtime":1489534261066,"created_time":"Tue Mar 14 23:31:01 +0000 2017","lang":"en","displayname":"torcches","time_zone":"Eastern Time (US & Canada)","msg":"RT sheswithmee IfYoureMyGirl I plan to give you the world and I will constantly strive to make you happy no matter what I have to do"}
{"tweet_id":841793819490242561,"created_unixtime":1489534260996,"created_time":"Tue Mar 14 23:31:00 +0000 2017","lang":"en","displayname":"asvpdanish","time_zone":"Pacific Time (US & Canada)","msg":"RT sheswithmee IfYoureMyGirl I plan to give you the world and I will constantly strive to make you happy no matter what I have to do"}
{"tweet_id":841793820152946689,"created_unixtime":1489534261154,"created_time":"Tue Mar 14 23:31:01 +0000 2017","lang":"en","displayname":"slumpme","time_zone":"Pacific Time (US & Canada)","msg":"RT sheswithmee IfYoureMyGirl I plan to give you the world and I will constantly strive to make you happy no matter what I have to do"}
{"tweet_id":841793819305697280,"created_unixtime":1489534260952,"created_time":"Tue Mar 14 23:31:00 +0000 2017","lang":"en","displayname":"cubanamaris","time_zone":"Pacific Time (US & Canada)","msg":"RT QuotesVanish Its sad when youre willing to do everything to be with someone and they do everything to be with somebody else"}
{"tweet_id":841793819754475520,"created_unixtime":1489534261059,"created_time":"Tue Mar 14 23:31:01 +0000 2017","lang":"en","displayname":"NoBasicShawty","time_zone":"Central Time (US & Canada)","msg":"RT sheswithmee IfYoureMyGirl I plan to give you the world and I will constantly strive to make you happy no matter what I have to do"}
{"tweet_id":841793819754479621,"created_unixtime":1489534261059,"created_time":"Tue Mar 14 23:31:01 +0000 2017","lang":"en","displayname":"ogdelics","time_zone":"Pacific Time (US & Canada)","msg":"RT sheswithmee IfYoureMyGirl I plan to give you the world and I will constantly strive to make you happy no matter what I have to do"}
{"tweet_id":841793820027117568,"created_unixtime":1489534261124,"created_time":"Tue Mar 14 23:31:01 +0000 2017","lang":"en","displayname":"DopeeGoddess","time_zone":"","msg":"RT sheswithmee IfYoureMyGirl I plan to give you the world and I will constantly strive to make you happy no matter what I have to do"}
{"tweet_id":841793819586646016,"created_unixtime":1489534261019,"created_time":"Tue Mar 14 23:31:01 +0000 2017","lang":"en","displayname":"AbusiveDrug","time_zone":"Central Time (US & Canada)","msg":"RT sheswithmee IfYoureMyGirl I plan to give you the world and I will constantly strive to make you happy no matter what I have to do"}
{"tweet_id":841793819750293504,"created_unixtime":1489534261058,"created_time":"Tue Mar 14 23:31:01 +0000 2017","lang":"tl","displayname":"avidLIZQUENATIC","time_zone":"","msg":"Im just really happy na until now may mga humahabol pa para manood ng My Ex And Whys☺️ LizQuens impact tho😍TheLQHeraldLaunch"}
{"tweet_id":841793819955798016,"created_unixtime":1489534261107,"created_time":"Tue Mar 14 23:31:01 +0000 2017","lang":"en","displayname":"TingIing","time_zone":"Eastern Time (US & Canada)","msg":"RT sheswithmee IfYoureMyGirl I plan to give you the world and I will constantly strive to make you happy no matter what I have to do"}
{"tweet_id":841793819632795648,"created_unixtime":1489534261030,"created_time":"Tue Mar 14 23:31:01 +0000 2017","lang":"en","displayname":"EmotionaIWreck","time_zone":"Central Time (US & Canada)","msg":"RT sheswithmee IfYoureMyGirl I plan to give you the world and I will constantly strive to make you happy no matter what I have to do"}
{"tweet_id":841793820429770753,"created_unixtime":1489534261220,"created_time":"Tue Mar 14 23:31:01 +0000 2017","lang":"en","displayname":"tmgmofo","time_zone":"Eastern Time (US & Canada)","msg":"RT sheswithmee IfYoureMyGirl I plan to give you the world and I will constantly strive to make you happy no matter what I have to do"}
{"tweet_id":841793820601663489,"created_unixtime":1489534261261,"created_time":"Tue Mar 14 23:31:01 +0000 2017","lang":"en","displayname":"natalie_ivette_","time_zone":"","msg":"RT sheswithmee IfYoureMyGirl I plan to give you the world and I will constantly strive to make you happy no matter what I have to do"}
{"tweet_id":841793819926388736,"created_unixtime":1489534261100,"created_time":"Tue Mar 14 23:31:01 +0000 2017","lang":"en","displayname":"TrillionNike","time_zone":"Arizona","msg":"RT sheswithmee IfYoureMyGirl I plan to give you the world and I will constantly strive to make you happy no matter what I have to do"}
{"tweet_id":841793819813146627,"created_unixtime":1489534261073,"created_time":"Tue Mar 14 23:31:01 +0000 2017","lang":"en","displayname":"kyIieactivity","time_zone":"Central Time (US & Canada)","msg":"RT sheswithmee IfYoureMyGirl I plan to give you the world and I will constantly strive to make you happy no matter what I have to do"}
{"tweet_id":841793819737640964,"created_unixtime":1489534261055,"created_time":"Tue Mar 14 23:31:01 +0000 2017","lang":"en","displayname":"Iostfuly","time_zone":"Pacific Time (US & Canada)","msg":"RT sheswithmee IfYoureMyGirl I plan to give you the world and I will constantly strive to make you happy no matter what I have to do"}
{"tweet_id":841793819787980800,"created_unixtime":1489534261067,"created_time":"Tue Mar 14 23:31:01 +0000 2017","lang":"en","displayname":"YounginLivin","time_zone":"Pacific Time (US & Canada)","msg":"RT sheswithmee IfYoureMyGirl I plan to give you the world and I will constantly strive to make you happy no matter what I have to do"}
{"tweet_id":841793820152938496,"created_unixtime":1489534261154,"created_time":"Tue Mar 14 23:31:01 +0000 2017","lang":"en","displayname":"IniqueKairos","time_zone":"London","msg":"RT sheswithmee IfYoureMyGirl I plan to give you the world and I will constantly strive to make you happy no matter what I have to do"}
{"tweet_id":841793820631093248,"created_unixtime":1489534261268,"created_time":"Tue Mar 14 23:31:01 +0000 2017","lang":"en","displayname":"tropicaIsoul","time_zone":"Pacific Time (US & Canada)","msg":"RT sheswithmee IfYoureMyGirl I plan to give you the world and I will constantly strive to make you happy no matter what I have to do"}
{"tweet_id":841793820631085058,"created_unixtime":1489534261268,"created_time":"Tue Mar 14 23:31:01 +0000 2017","lang":"en","displayname":"seIfcritics","time_zone":"","msg":"RT sheswithmee IfYoureMyGirl I plan to give you the world and I will constantly strive to make you happy no matter what I have to do"}
{"tweet_id":841793819737645057,"created_unixtime":1489534261055,"created_time":"Tue Mar 14 23:31:01 +0000 2017","lang":"en","displayname":"pinkandglitter_","time_zone":"Pacific Time (US & Canada)","msg":"RT sheswithmee IfYoureMyGirl I plan to give you the world and I will constantly strive to make you happy no matter what I have to do"}
{"tweet_id":841793819658014720,"created_unixtime":1489534261036,"created_time":"Tue Mar 14 23:31:01 +0000 2017","lang":"en","displayname":"hxlis","time_zone":"Pacific Time (US & Canada)","msg":"RT sheswithmee IfYoureMyGirl I plan to give you the world and I will constantly strive to make you happy no matter what I have to do"}
{"tweet_id":841793819829911552,"created_unixtime":1489534261077,"created_time":"Tue Mar 14 23:31:01 +0000 2017","lang":"en","displayname":"stiIlhigh","time_zone":"Central Time (US & Canada)","msg":"RT sheswithmee IfYoureMyGirl I plan to give you the world and I will constantly strive to make you happy no matter what I have to do"}
{"tweet_id":841793819762872320,"created_unixtime":1489534261061,"created_time":"Tue Mar 14 23:31:01 +0000 2017","lang":"en","displayname":"VibeThought","time_zone":"Eastern Time (US & Canada)","msg":"RT sheswithmee IfYoureMyGirl I plan to give you the world and I will constantly strive to make you happy no matter what I have to do"}
{"tweet_id":841793819951616000,"created_unixtime":1489534261106,"created_time":"Tue Mar 14 23:31:01 +0000 2017","lang":"en","displayname":"Only1Perseus","time_zone":"Eastern Time (US & Canada)","msg":"RT sheswithmee IfYoureMyGirl I plan to give you the world and I will constantly strive to make you happy no matter what I have to do"}
{"tweet_id":841793819737645056,"created_unixtime":1489534261055,"created_time":"Tue Mar 14 23:31:01 +0000 2017","lang":"en","displayname":"SouI3ss","time_zone":"Pacific Time (US & Canada)","msg":"RT sheswithmee IfYoureMyGirl I plan to give you the world and I will constantly strive to make you happy no matter what I have to do"}
{"tweet_id":841793819737653248,"created_unixtime":1489534261055,"created_time":"Tue Mar 14 23:31:01 +0000 2017","lang":"en","displayname":"takethiscurve","time_zone":"Pacific Time (US & Canada)","msg":"RT sheswithmee IfYoureMyGirl I plan to give you the world and I will constantly strive to make you happy no matter what I have to do"}
{"tweet_id":841793819767001088,"created_unixtime":1489534261062,"created_time":"Tue Mar 14 23:31:01 +0000 2017","lang":"en","displayname":"LowkeySweet","time_zone":"Pacific Time (US & Canada)","msg":"RT sheswithmee IfYoureMyGirl I plan to give you the world and I will constantly strive to make you happy no matter what I have to do"}
{"tweet_id":841793820597538816,"created_unixtime":1489534261260,"created_time":"Tue Mar 14 23:31:01 +0000 2017","lang":"en","displayname":"TattooPorn4You","time_zone":"Pacific Time (US & Canada)","msg":"RT sheswithmee IfYoureMyGirl I plan to give you the world and I will constantly strive to make you happy no matter what I have to do"}
{"tweet_id":841793820442279936,"created_unixtime":1489534261223,"created_time":"Tue Mar 14 23:31:01 +0000 2017","lang":"en","displayname":"YungPump","time_zone":"Central Time (US & Canada)","msg":"RT sheswithmee IfYoureMyGirl I plan to give you the world and I will constantly strive to make you happy no matter what I have to do"}
{"tweet_id":841793819850899456,"created_unixtime":1489534261082,"created_time":"Tue Mar 14 23:31:01 +0000 2017","lang":"en","displayname":"IrrelevantKid","time_zone":"Pacific Time (US & Canada)","msg":"RT sheswithmee IfYoureMyGirl I plan to give you the world and I will constantly strive to make you happy no matter what I have to do"}
{"tweet_id":841793820446474240,"created_unixtime":1489534261224,"created_time":"Tue Mar 14 23:31:01 +0000 2017","lang":"en","displayname":"ToonAFool","time_zone":"Santiago","msg":"RT sheswithmee IfYoureMyGirl I plan to give you the world and I will constantly strive to make you happy no matter what I have to do"}
{"tweet_id":841793820152934401,"created_unixtime":1489534261154,"created_time":"Tue Mar 14 23:31:01 +0000 2017","lang":"en","displayname":"tumblrpapi","time_zone":"Central Time (US & Canada)","msg":"RT sheswithmee IfYoureMyGirl I plan to give you the world and I will constantly strive to make you happy no matter what I have to do"}
{"tweet_id":841793819741831168,"created_unixtime":1489534261056,"created_time":"Tue Mar 14 23:31:01 +0000 2017","lang":"en","displayname":"The19th_","time_zone":"Baghdad","msg":"RT sheswithmee IfYoureMyGirl I plan to give you the world and I will constantly strive to make you happy no matter what I have to do"}
{"tweet_id":841793819767058432,"created_unixtime":1489534261062,"created_time":"Tue Mar 14 23:31:01 +0000 2017","lang":"en","displayname":"disreputabIe","time_zone":"Pacific Time (US & Canada)","msg":"RT sheswithmee IfYoureMyGirl I plan to give you the world and I will constantly strive to make you happy no matter what I have to do"}
{"tweet_id":841793820052209665,"created_unixtime":1489534261130,"created_time":"Tue Mar 14 23:31:01 +0000 2017","lang":"en","displayname":"m6hir","time_zone":"","msg":"RT sheswithmee IfYoureMyGirl I plan to give you the world and I will constantly strive to make you happy no matter what I have to do"}
{"tweet_id":841793819490238464,"created_unixtime":1489534260996,"created_time":"Tue Mar 14 23:31:00 +0000 2017","lang":"en","displayname":"CusfuI","time_zone":"Central Time (US & Canada)","msg":"RT sheswithmee IfYoureMyGirl I plan to give you the world and I will constantly strive to make you happy no matter what I have to do"}
{"tweet_id":841793820903665664,"created_unixtime":1489534261333,"created_time":"Tue Mar 14 23:31:01 +0000 2017","lang":"en","displayname":"moanmonet","time_zone":"Pacific Time (US & Canada)","msg":"RT sheswithmee IfYoureMyGirl I plan to give you the world and I will constantly strive to make you happy no matter what I have to do"}
{"tweet_id":841793820765249536,"created_unixtime":1489534261300,"created_time":"Tue Mar 14 23:31:01 +0000 2017","lang":"en","displayname":"TheRealQua815","time_zone":"Central Time (US & Canada)","msg":"RT sheswithmee IfYoureMyGirl I plan to give you the world and I will constantly strive to make you happy no matter what I have to do"}
{"tweet_id":841793820060663808,"created_unixtime":1489534261132,"created_time":"Tue Mar 14 23:31:01 +0000 2017","lang":"en","displayname":"liltexiko","time_zone":"Pacific Time (US & Canada)","msg":"RT sheswithmee IfYoureMyGirl I plan to give you the world and I will constantly strive to make you happy no matter what I have to do"}
{"tweet_id":841793822355013632,"created_unixtime":1489534261679,"created_time":"Tue Mar 14 23:31:01 +0000 2017","lang":"en","displayname":"BenitoKuessner","time_zone":"","msg":"Ich mag das YouTubeVideo von realfailarmy https//tco/p3Y8X0sQJG Drunk Fails Happy St Patricks Day March 2017  FailArmy"}
{"tweet_id":841793822271148037,"created_unixtime":1489534261659,"created_time":"Tue Mar 14 23:31:01 +0000 2017","lang":"en","displayname":"KG_0616","time_zone":"Central Time (US & Canada)","msg":"mcnugzindaclub OMG IM SO HAPPY YOURE BACKKKK BRUNCH AND STORIES THIS WEEKEND"}
{"tweet_id":841793822317281286,"created_unixtime":1489534261670,"created_time":"Tue Mar 14 23:31:01 +0000 2017","lang":"en","displayname":"__evette","time_zone":"Central Time (US & Canada)","msg":"RT tayybaby_ Not really https//tco/ivRpKcDHNL"}
{"tweet_id":841793822178873344,"created_unixtime":1489534261637,"created_time":"Tue Mar 14 23:31:01 +0000 2017","lang":"en","displayname":"AvosfromMexico","time_zone":"Pacific Time (US & Canada)","msg":"PwersChristy There should be more people as happy as you Share your AvoHappiness https//tco/8px885pATe"}
{"tweet_id":841793822933815296,"created_unixtime":1489534261817,"created_time":"Tue Mar 14 23:31:01 +0000 2017","lang":"en","displayname":"willhowells","time_zone":"London","msg":"Also my team had prequiz Nandos and then Nandos was a quiz answer so we were pretty happy"}
{"tweet_id":841793819939078145,"created_unixtime":1489534261103,"created_time":"Tue Mar 14 23:31:01 +0000 2017","lang":"en","displayname":"alyssajones315","time_zone":"","msg":"RT trapgoddylan Happy birthday to one of my best buds Now you can legally get into the club Hope its a good one https//tco/U1LyaFI…"}
{"tweet_id":841793822476517380,"created_unixtime":1489534261708,"created_time":"Tue Mar 14 23:31:01 +0000 2017","lang":"en","displayname":"shawtyfeeIs","time_zone":"Pacific Time (US & Canada)","msg":"RT sheswithmee IfYoureMyGirl I plan to give you the world and I will constantly strive to make you happy no matter what I have to do"}
{"tweet_id":841793821428060160,"created_unixtime":1489534261458,"created_time":"Tue Mar 14 23:31:01 +0000 2017","lang":"en","displayname":"GJasminee_","time_zone":"","msg":"destinybreann_  omg happy birthday DD  ❤😘😘😘😘"}
{"tweet_id":841793823617486848,"created_unixtime":1489534261980,"created_time":"Tue Mar 14 23:31:01 +0000 2017","lang":"en","displayname":"yooanti","time_zone":"","msg":"gentle reminder youre all precious i love you so much and i hope youve been staying happy and healthy"}
{"tweet_id":841793823479062528,"created_unixtime":1489534261947,"created_time":"Tue Mar 14 23:31:01 +0000 2017","lang":"en","displayname":"CalebWitte","time_zone":"","msg":"RT HuronYL RT if youre sad you dont get to work on your fysick with your favorite Physical Education Extraordinaires tonig… "}
{"tweet_id":841793822795390980,"created_unixtime":1489534261784,"created_time":"Tue Mar 14 23:31:01 +0000 2017","lang":"en","displayname":"protectmamamoo","time_zone":"Pacific Time (US & Canada)","msg":"Happy Birthday Park Jinwoo the best leader that the Astro and the Arohas could have ♡HappyJinJinDay https//tco/UNVhFwiAg4"}
{"tweet_id":841793824036945920,"created_unixtime":1489534262080,"created_time":"Tue Mar 14 23:31:02 +0000 2017","lang":"en","displayname":"LexiMaele","time_zone":"","msg":"Keep people in your life who truly love you motivate you encourage you and make you happy ❤️ life is short"}
{"tweet_id":841793823692972032,"created_unixtime":1489534261998,"created_time":"Tue Mar 14 23:31:01 +0000 2017","lang":"en","displayname":"sammkellyy18","time_zone":"","msg":"Happy Birthday to this legend who makes me laugh everyday 🎉❤️ https//tco/kNINcunJ09"}
{"tweet_id":841793824636588032,"created_unixtime":1489534262223,"created_time":"Tue Mar 14 23:31:02 +0000 2017","lang":"zh","displayname":"Stt973468044","time_zone":"","msg":"泰文写的太好看了。💕 https//tco/Vzscbh8rMp"}
{"tweet_id":841793819628584960,"created_unixtime":1489534261029,"created_time":"Tue Mar 14 23:31:01 +0000 2017","lang":"en","displayname":"forgetfuIy","time_zone":"Pacific Time (US & Canada)","msg":"RT sheswithmee IfYoureMyGirl I plan to give you the world and I will constantly strive to make you happy no matter what I have to do"}
{"tweet_id":841793824842174465,"created_unixtime":1489534262272,"created_time":"Tue Mar 14 23:31:02 +0000 2017","lang":"en","displayname":"Tiger_theTony","time_zone":"Central Time (US & Canada)","msg":"RT DownWithDamon Happy Birthday StephenCurry30 Heres every time LeBron James blocked you in last years NBA Finals Memories https//t…"}
{"tweet_id":841793825135841281,"created_unixtime":1489534262342,"created_time":"Tue Mar 14 23:31:02 +0000 2017","lang":"en","displayname":"saniaxakram","time_zone":"Casablanca","msg":"Pizza has been consumed I am now v happy https//tco/es71y0GZNE"}
{"tweet_id":841793825089716224,"created_unixtime":1489534262331,"created_time":"Tue Mar 14 23:31:02 +0000 2017","lang":"en","displayname":"abbygriffiin","time_zone":"Eastern Time (US & Canada)","msg":"True that https//tco/qdfeEt4H9t"}
{"tweet_id":841793825374916608,"created_unixtime":1489534262399,"created_time":"Tue Mar 14 23:31:02 +0000 2017","lang":"pt","displayname":"alenasc_","time_zone":"Pacific Time (US & Canada)","msg":"playlist das sad song só se encontram músicas do Ed lt3 amodoro"}
{"tweet_id":841793825756598272,"created_unixtime":1489534262490,"created_time":"Tue Mar 14 23:31:02 +0000 2017","lang":"en","displayname":"AdamVolkert","time_zone":"Central Time (US & Canada)","msg":"RT Theconn_Al Happy Birthday Adam Grady AdamVolkert"}
{"tweet_id":841793822975787008,"created_unixtime":1489534261827,"created_time":"Tue Mar 14 23:31:01 +0000 2017","lang":"en","displayname":"PenguinBooksAus","time_zone":"Melbourne","msg":"Truly the best of John Boyne – hilarious touching and deeply sad THE HEARTS INVISIBLE FURIES is out now gt… https//tco/3LKkqBWPXd"}
{"tweet_id":841793825160888320,"created_unixtime":1489534262348,"created_time":"Tue Mar 14 23:31:02 +0000 2017","lang":"en","displayname":"Hopsterwannabe","time_zone":"Pacific Time (US & Canada)","msg":"RT Lions Happy PiDay https//tco/yy2536bhhY"}
{"tweet_id":841793825186099200,"created_unixtime":1489534262354,"created_time":"Tue Mar 14 23:31:02 +0000 2017","lang":"ja","displayname":"kinoko_ohara","time_zone":"","msg":"Sakufam_315              ぴーちゃん🎉✨Happy Birthday🍰🍴この前はとーゆうか三日前？はありがとう！仕事大変だけど頑張ってね~😎💪✨はよ、結婚しろよ🤘素敵な1年になりますよ…… https//tco/z6ssLQhFNI"}
{"tweet_id":841793826062794752,"created_unixtime":1489534262563,"created_time":"Tue Mar 14 23:31:02 +0000 2017","lang":"en","displayname":"RobinRipe","time_zone":"","msg":"RT christinaderosa Happy Birthday themichaelcaine 🎁🍷 Cheers https//tco/BiqiySbhEA"}
{"tweet_id":841793825672704000,"created_unixtime":1489534262470,"created_time":"Tue Mar 14 23:31:02 +0000 2017","lang":"en","displayname":"yowassupyall","time_zone":"","msg":"The pies in Pushing Daisies made me like fruit pies Im not even kidding I disliked fruit pies before I saw that… https//tco/LTowaCf0PQ"}
{"tweet_id":841793826310184960,"created_unixtime":1489534262622,"created_time":"Tue Mar 14 23:31:02 +0000 2017","lang":"ja","displayname":"miku34913074","time_zone":"","msg":"RT anilove_you ♡Happy うみちゃん Birthday♡今日はしっかり者の海未ちゃんの誕生日！！皆でお祝いしましょー！！うっみうみうー〃gtωlt★園田海未生誕祭2017 3月15日は園田海未の誕生日  祝う人RT… "}
{"tweet_id":841793826427678725,"created_unixtime":1489534262650,"created_time":"Tue Mar 14 23:31:02 +0000 2017","lang":"en","displayname":"RaynaO24","time_zone":"","msg":"Nicholas_Manino happy birthday 🎈🎉"}
{"tweet_id":841793826364747776,"created_unixtime":1489534262635,"created_time":"Tue Mar 14 23:31:02 +0000 2017","lang":"en","displayname":"AvosfromMexico","time_zone":"Pacific Time (US & Canada)","msg":"amyr0229 There should be more people as happy as you Share your AvoHappiness https//tco/8px885pATe"}
{"tweet_id":841793826444439552,"created_unixtime":1489534262654,"created_time":"Tue Mar 14 23:31:02 +0000 2017","lang":"en","displayname":"Chamber7","time_zone":"America/New_York","msg":"Credit to MuayThaiAddict True Story Whats your happy drug of choice https//tco/5JqVbCYJnd"}
{"tweet_id":841793826159230976,"created_unixtime":1489534262586,"created_time":"Tue Mar 14 23:31:02 +0000 2017","lang":"en","displayname":"jasdeo","time_zone":"London","msg":"miketaylorsport Wolves sportbbcwm I think the booing might have taken  a lot out of him keep playing like tonight Fans will be happy"}
{"tweet_id":841793826981330945,"created_unixtime":1489534262782,"created_time":"Tue Mar 14 23:31:02 +0000 2017","lang":"en","displayname":"vibeables","time_zone":"London","msg":"RT Ioverthoughts Divorce is SO SCARY I pray to God that the person marry I am happy ampamp absolutely in love with for the rest of my li…"}
{"tweet_id":841793827220275201,"created_unixtime":1489534262839,"created_time":"Tue Mar 14 23:31:02 +0000 2017","lang":"en","displayname":"internashstash","time_zone":"","msg":"Happy Birthday to my god daughter Kayla  love you times infinity yo 🙏🏾You deserve the world and… https//tco/pYtuq8Ii9X"}
{"tweet_id":841793827220348930,"created_unixtime":1489534262839,"created_time":"Tue Mar 14 23:31:02 +0000 2017","lang":"en","displayname":"alliegrimaldiii","time_zone":"Eastern Time (US & Canada)","msg":"Happy 18th Shanny  Hope u had the best snow day eva amp ate lots of… https//tco/H5eL8YRmng"}
{"tweet_id":841793827757260800,"created_unixtime":1489534262967,"created_time":"Tue Mar 14 23:31:02 +0000 2017","lang":"en","displayname":"MichaelCBeck","time_zone":"Pacific Time (US & Canada)","msg":"RT KellyRipa FireIsland 🔥 will premiere on April 27 milojoprods https//tco/IfLTrVVpuc"}
