{"tweet_id":841793689831788544,"created_unixtime":1489534230083,"created_time":"Tue Mar 14 23:30:30 +0000 2017","lang":"en","displayname":"Lyreans","time_zone":"","msg":"18_vinalen happy birthday vinaaa "}
{"tweet_id":841793690175643648,"created_unixtime":1489534230165,"created_time":"Tue Mar 14 23:30:30 +0000 2017","lang":"en","displayname":"hk_aldub","time_zone":"","msg":"RT Salvesayson Life Is Short Dont Waste It Being Angry Or Sad Be Happy And Enjoy The Time You Spend With Your Loves Ones ALDUBxDTBYT…"}
{"tweet_id":841793690322386944,"created_unixtime":1489534230200,"created_time":"Tue Mar 14 23:30:30 +0000 2017","lang":"ko","displayname":"mwpnx","time_zone":"Novosibirsk","msg":"RT whiterose_ww17 140314 SEVENTEENs Happy White Day 세븐틴 원우어누 입꼬리ㅜㅜ 진짜 사랑이야ㅠㅠㅠㅠㅠㅠㅠhttps//tco/NduiR8CRpd https//tco/Y8Rx40L80t"}
{"tweet_id":841793690024701952,"created_unixtime":1489534230129,"created_time":"Tue Mar 14 23:30:30 +0000 2017","lang":"en","displayname":"luhraya","time_zone":"Eastern Time (US & Canada)","msg":"RT aprrrril_ My attendance is sad"}
{"tweet_id":841793689978601473,"created_unixtime":1489534230118,"created_time":"Tue Mar 14 23:30:30 +0000 2017","lang":"en","displayname":"Jessicalynn200","time_zone":"Eastern Time (US & Canada)","msg":"RT RickyPDillon Happy pi day https//tco/PyJRimk7d3"}
{"tweet_id":841793690221871108,"created_unixtime":1489534230176,"created_time":"Tue Mar 14 23:30:30 +0000 2017","lang":"und","displayname":"reagangrabbe","time_zone":"","msg":"😢❤ https//tco/03EYRDAuIr"}
{"tweet_id":841793690897022976,"created_unixtime":1489534230337,"created_time":"Tue Mar 14 23:30:30 +0000 2017","lang":"ja","displayname":"bfkinruoe5","time_zone":"","msg":"【連載マンガ】「ほしとくずDont worry Be happy CHAPTER01」を読みました！人気マンガが無料で読める！LINEマンガ今スグ読む→ https//tco/EYqFXp70lx LINEマンガ"}
{"tweet_id":841793691324887040,"created_unixtime":1489534230439,"created_time":"Tue Mar 14 23:30:30 +0000 2017","lang":"en","displayname":"nicole_mitch","time_zone":"Pacific Time (US & Canada)","msg":"RT Kuh35340408 Happy Day poMBMayWard"}
{"tweet_id":841793691178033152,"created_unixtime":1489534230404,"created_time":"Tue Mar 14 23:30:30 +0000 2017","lang":"en","displayname":"JJngRtz","time_zone":"Pacific Time (US & Canada)","msg":"RT WANG_PLUSTWO Happy White Valentines Day ampMiss Jackson sooooooo much FlightLogArrival GOT7 NeverEver Jackson 잭슨… "}
{"tweet_id":841793690582552580,"created_unixtime":1489534230262,"created_time":"Tue Mar 14 23:30:30 +0000 2017","lang":"und","displayname":"xolexieox","time_zone":"Eastern Time (US & Canada)","msg":"Sad https//tco/qTfMsvMV9x"}
{"tweet_id":841793691392008193,"created_unixtime":1489534230455,"created_time":"Tue Mar 14 23:30:30 +0000 2017","lang":"en","displayname":"cafewithlait","time_zone":"Arizona","msg":"RT GameOfThrones Happy GameofThrones PiDay https//tco/N1spcVNHuw"}
{"tweet_id":841793687973576705,"created_unixtime":1489534229640,"created_time":"Tue Mar 14 23:30:29 +0000 2017","lang":"en","displayname":"KayseMadrigal","time_zone":"","msg":"One year ago God sent us a angle you are the most precious gift you fill us up with happiness Happy Birthday Emm… https//tco/I2EibHDaxB"}
{"tweet_id":841793691576545281,"created_unixtime":1489534230499,"created_time":"Tue Mar 14 23:30:30 +0000 2017","lang":"en","displayname":"frncscmll","time_zone":"Pacific Time (US & Canada)","msg":"RT classifiedfact Banana is a happy fruit Eating just one can help relieve irritable emotions anger and or depression"}
{"tweet_id":841793691542990848,"created_unixtime":1489534230491,"created_time":"Tue Mar 14 23:30:30 +0000 2017","lang":"en","displayname":"maywardscc","time_zone":"","msg":"RT fearlesssheart If you are happy for a reason you’re in trouble because that reason can be taken from you MBMayWard"}
{"tweet_id":841793691534667776,"created_unixtime":1489534230489,"created_time":"Tue Mar 14 23:30:30 +0000 2017","lang":"en","displayname":"MohdMathoridie","time_zone":"Kuala Lumpur","msg":"RT The_YUNiversity Happy Pi Day https//tco/7os5VCGOhm"}
{"tweet_id":841793690574172160,"created_unixtime":1489534230260,"created_time":"Tue Mar 14 23:30:30 +0000 2017","lang":"en","displayname":"maris_saravia","time_zone":"","msg":"RT RickyPDillon Happy pi day https//tco/PyJRimk7d3"}
{"tweet_id":841793691043942400,"created_unixtime":1489534230372,"created_time":"Tue Mar 14 23:30:30 +0000 2017","lang":"en","displayname":"daddytylerknj","time_zone":"","msg":"RT RickyPDillon Happy pi day https//tco/PyJRimk7d3"}
{"tweet_id":841793691715026944,"created_unixtime":1489534230532,"created_time":"Tue Mar 14 23:30:30 +0000 2017","lang":"en","displayname":"katieseabolt1","time_zone":"","msg":"i hope youre as happy as you deserve to be someday"}
{"tweet_id":841793689966018560,"created_unixtime":1489534230115,"created_time":"Tue Mar 14 23:30:30 +0000 2017","lang":"en","displayname":"PurpleArmy16","time_zone":"","msg":"falgal Well Im not a political dont want to be Is sad that UKIP lost the plot when it could of hit the sky amp been a great opposition"}
{"tweet_id":841793691836645376,"created_unixtime":1489534230561,"created_time":"Tue Mar 14 23:30:30 +0000 2017","lang":"en","displayname":"CarmCimato","time_zone":"","msg":"RT One_Buffalo 🍰🍰🍰🍰🍰Happy PiDay 🍰🍰🍰🍰🍰 https//tco/78dkVXlIKh"}
{"tweet_id":841793692478259201,"created_unixtime":1489534230714,"created_time":"Tue Mar 14 23:30:30 +0000 2017","lang":"en","displayname":"Alejandroperztm","time_zone":"Mountain Time (US & Canada)","msg":"RT MetroBoomin Happy 314 Day huSTLer https//tco/yiAp1DkLuO"}
{"tweet_id":841793692411215873,"created_unixtime":1489534230698,"created_time":"Tue Mar 14 23:30:30 +0000 2017","lang":"en","displayname":"thenwchica","time_zone":"Pacific Time (US & Canada)","msg":"kaydobbo Hopefully I made it in time Happy birthday love I hope its been a wonderful day"}
{"tweet_id":841793692428042240,"created_unixtime":1489534230702,"created_time":"Tue Mar 14 23:30:30 +0000 2017","lang":"en","displayname":"OrestesStark","time_zone":"Mexico City","msg":"RT NatGeoGenius By his 22nd birthday Einstein had published his first scientific paper Happy 138th birthday Einstein… "}
{"tweet_id":841793692402888706,"created_unixtime":1489534230696,"created_time":"Tue Mar 14 23:30:30 +0000 2017","lang":"en","displayname":"DSP_Bot","time_zone":"Pacific Time (US & Canada)","msg":"finally bari sax  this makes me happy"}
{"tweet_id":841793692730028036,"created_unixtime":1489534230774,"created_time":"Tue Mar 14 23:30:30 +0000 2017","lang":"en","displayname":"arklilli","time_zone":"","msg":"RT stelenatomyself julieplec kevwilliamson happy birthday stelena captain 👨🏻‍✈️ dont let these haters ruining your day 😋"}
{"tweet_id":841793691660521478,"created_unixtime":1489534230519,"created_time":"Tue Mar 14 23:30:30 +0000 2017","lang":"en","displayname":"trvpbandit","time_zone":"Eastern Time (US & Canada)","msg":"sad day https//tco/hXT6TyFEOM"}
{"tweet_id":841793692797161472,"created_unixtime":1489534230790,"created_time":"Tue Mar 14 23:30:30 +0000 2017","lang":"en","displayname":"CuteSillyWolfie","time_zone":"Pacific Time (US & Canada)","msg":"RT tallfuzzball Happy MacroMonday  https//tco/OxINsxpBSN"}
{"tweet_id":841793692872540160,"created_unixtime":1489534230808,"created_time":"Tue Mar 14 23:30:30 +0000 2017","lang":"en","displayname":"connorfranta_co","time_zone":"","msg":"RT RickyPDillon Happy pi day https//tco/PyJRimk7d3"}
{"tweet_id":841793692977532928,"created_unixtime":1489534230833,"created_time":"Tue Mar 14 23:30:30 +0000 2017","lang":"ar","displayname":"aBu_MLk","time_zone":"Riyadh","msg":"RT fa11ju معلش يا لبران انا من اليوم بقيت واريوراوزي https//tco/JZJCYORde5"}
{"tweet_id":841793693061402624,"created_unixtime":1489534230853,"created_time":"Tue Mar 14 23:30:30 +0000 2017","lang":"en","displayname":"AusBballnews","time_zone":"Brisbane","msg":"NBA  Happy 29th Birthday stephencurry30  https//tco/CmqIINvtz3"}
{"tweet_id":841793692893622273,"created_unixtime":1489534230813,"created_time":"Tue Mar 14 23:30:30 +0000 2017","lang":"en","displayname":"marktunafish","time_zone":"","msg":"RT unbleachedkpop Happy Birthday to Astros precious leader 💕😭 HappyJinJinDay 별들의_리더_박진우_생일축하해 https//tco/d7VZsCTtGr"}
{"tweet_id":841793693514313728,"created_unixtime":1489534230961,"created_time":"Tue Mar 14 23:30:30 +0000 2017","lang":"en","displayname":"udtohanjeffrey9","time_zone":"","msg":"RT NDF_INTL_OFC Dont be we are praying for them everyday those evil people wont succeed ALDUBxDTBYTugOfHearts https//tco/Px7FrEpphf"}
{"tweet_id":841793693644406784,"created_unixtime":1489534230992,"created_time":"Tue Mar 14 23:30:30 +0000 2017","lang":"en","displayname":"mariana_rfc","time_zone":"Amsterdam","msg":"RT broken its kinda sad how you can mean the world to someone one day and mean nothing to them the next day"}
{"tweet_id":841793693845667842,"created_unixtime":1489534231040,"created_time":"Tue Mar 14 23:30:31 +0000 2017","lang":"en","displayname":"TheWrap","time_zone":"Pacific Time (US & Canada)","msg":"RT TimAMolloy I was unaware of the Sad Affleck meme when I used that photo which was in our archive Its gone and no disrespect was i…"}
{"tweet_id":841793693665255424,"created_unixtime":1489534230997,"created_time":"Tue Mar 14 23:30:30 +0000 2017","lang":"ja","displayname":"Hs913Ne","time_zone":"","msg":"RT r_take_2000 海未ちゃん！Happy Birthday🎉🎊しっかり者で、皆の事すっごく心配してて、お姉さんみたいな海未ちゃんが大好きです！！これからもμsの園田海未として頑張ってください！！✨✨園田海未生誕祭2017… "}
{"tweet_id":841793693472415745,"created_unixtime":1489534230951,"created_time":"Tue Mar 14 23:30:30 +0000 2017","lang":"en","displayname":"rwhittonx","time_zone":"","msg":"omg no how sad😓😓 https//tco/GKWYn2S0FG"}
{"tweet_id":841793693883465728,"created_unixtime":1489534231049,"created_time":"Tue Mar 14 23:30:31 +0000 2017","lang":"ja","displayname":"MJAdri","time_zone":"Bogota","msg":"RT ukissSH happy white day♡jun soohyun hoon잘자~goodnight~おやすみ~♡♡♡ https//tco/Vt0Su4xXgN"}
{"tweet_id":841793692608389122,"created_unixtime":1489534230745,"created_time":"Tue Mar 14 23:30:30 +0000 2017","lang":"en","displayname":"fatseop91","time_zone":"","msg":"HAPPY BIRTHDAY ELI KIMTHANKS FOR EVERYTHINGI LOVE YOUUKISS kissme eli elikim 27thloveEliDay 27thEliDay https//tco/WfHc5Gi8dH"}
{"tweet_id":841793694181146624,"created_unixtime":1489534231120,"created_time":"Tue Mar 14 23:30:31 +0000 2017","lang":"tl","displayname":"MsDolldalita","time_zone":"","msg":"RT lado_graceSteph Kung gusto lage masaya umaga manuod lang kayo ng MB dahil anjan si Melai lage happy at comedy MBMayWard https//tco…"}
{"tweet_id":841793694005092353,"created_unixtime":1489534231078,"created_time":"Tue Mar 14 23:30:31 +0000 2017","lang":"en","displayname":"Bia_stl","time_zone":"","msg":"RT billyraycyrus Looks like its time to rock n roll MileyCyrus happy   Excited to hear more of the new stuff  Turn it loose  htt…"}
{"tweet_id":841793694508310528,"created_unixtime":1489534231198,"created_time":"Tue Mar 14 23:30:31 +0000 2017","lang":"en","displayname":"nicole_banuelos","time_zone":"Pacific Time (US & Canada)","msg":"RT ItsAHero Happy Pie Day Were celebrating with this yummy French Toast pie from sweetmarysakron Also Confetti Why not… "}
{"tweet_id":841793694298710023,"created_unixtime":1489534231148,"created_time":"Tue Mar 14 23:30:31 +0000 2017","lang":"en","displayname":"MIRANDAxNIKOLEE","time_zone":"","msg":"RT vlondrvxo__ All these dudes trying to come at me with relationship intentions and honestly I dont want anyone Im very happy and con…"}
{"tweet_id":841793694198034432,"created_unixtime":1489534231124,"created_time":"Tue Mar 14 23:30:31 +0000 2017","lang":"en","displayname":"danny_dvp","time_zone":"","msg":"RT RickyPDillon Happy pi day https//tco/PyJRimk7d3"}
{"tweet_id":841793694302932996,"created_unixtime":1489534231149,"created_time":"Tue Mar 14 23:30:31 +0000 2017","lang":"en","displayname":"BA_Stone","time_zone":"Eastern Time (US & Canada)","msg":"RT The_A_Prentice insecureHBO comes back July 23 with ballers and GameOfThrones we are happy AF"}
{"tweet_id":841793693745057794,"created_unixtime":1489534231016,"created_time":"Tue Mar 14 23:30:31 +0000 2017","lang":"en","displayname":"yoitslucyq","time_zone":"London","msg":"RT elijahandxtine THEY HAD A PUPPY BIRTHDAY PARTY AND GOT HIM A DOGGY CAKE HE LOOKS SO HAPPY 😭 https//tco/pAKp61UHeB"}
{"tweet_id":841793695527579648,"created_unixtime":1489534231441,"created_time":"Tue Mar 14 23:30:31 +0000 2017","lang":"en","displayname":"nicomannion","time_zone":"","msg":"Thanks my son🤘🏼 https//tco/Ee3KIdlmY8"}
{"tweet_id":841793695439560704,"created_unixtime":1489534231420,"created_time":"Tue Mar 14 23:30:31 +0000 2017","lang":"en","displayname":"SpitnSawdust","time_zone":"","msg":"RT BRoomcardiff HAPPY 2nd BIRTHDAY TO US Thankyou to all our customers whove visited over the past 730 days for the ongoing sup… "}
{"tweet_id":841793695540211712,"created_unixtime":1489534231444,"created_time":"Tue Mar 14 23:30:31 +0000 2017","lang":"en","displayname":"CutieJaniel","time_zone":"Pacific Time (US & Canada)","msg":"RT RickyPDillon Happy pi day https//tco/PyJRimk7d3"}
{"tweet_id":841793695649267714,"created_unixtime":1489534231470,"created_time":"Tue Mar 14 23:30:31 +0000 2017","lang":"en","displayname":"SdotBallTalk","time_zone":"","msg":"RT forevershinin I said awhile ago theres certain set of fans including media that tried amp almost succeeded causing a divide BTW melo amp…"}
{"tweet_id":841793695871512577,"created_unixtime":1489534231523,"created_time":"Tue Mar 14 23:30:31 +0000 2017","lang":"en","displayname":"dragonberries22","time_zone":"","msg":"RT RickyPDillon Happy pi day https//tco/PyJRimk7d3"}
{"tweet_id":841793695942889473,"created_unixtime":1489534231540,"created_time":"Tue Mar 14 23:30:31 +0000 2017","lang":"en","displayname":"12stringjack","time_zone":"Eastern Time (US & Canada)","msg":"Happy Pi Day Everyone How could I forget"}
{"tweet_id":841793696026787841,"created_unixtime":1489534231560,"created_time":"Tue Mar 14 23:30:31 +0000 2017","lang":"en","displayname":"bestiedolan","time_zone":"Lisbon","msg":"RT RickyPDillon Happy pi day https//tco/PyJRimk7d3"}
{"tweet_id":841793696290947073,"created_unixtime":1489534231623,"created_time":"Tue Mar 14 23:30:31 +0000 2017","lang":"en","displayname":"AlonsoTgerHeart","time_zone":"","msg":"RT BryanFuller HAPPY PIE DAY PUSHINGDAISIES https//tco/UNWtPC2kWT"}
{"tweet_id":841793696676892672,"created_unixtime":1489534231715,"created_time":"Tue Mar 14 23:30:31 +0000 2017","lang":"en","displayname":"vitaltana","time_zone":"Pacific Time (US & Canada)","msg":"whos going to the Freehold show bc thats my bday and i want someone to get me a vid of tana saying happy bday ImGoingToTanasWorldTour"}
{"tweet_id":841793696853024769,"created_unixtime":1489534231757,"created_time":"Tue Mar 14 23:30:31 +0000 2017","lang":"en","displayname":"giveawayvodo","time_zone":"Pacific Time (US & Canada)","msg":"Contrary to popular belief Im really happy with my life"}
{"tweet_id":841793695968055296,"created_unixtime":1489534231546,"created_time":"Tue Mar 14 23:30:31 +0000 2017","lang":"en","displayname":"BlueDeerDesign","time_zone":"","msg":"Just received the first image of the poster in a frame This is from my Grandad He is very happy 😀👍 https//tco/rzAWBbKRCA"}
{"tweet_id":841793697108877313,"created_unixtime":1489534231818,"created_time":"Tue Mar 14 23:30:31 +0000 2017","lang":"en","displayname":"canoarturo75","time_zone":"Pacific Time (US & Canada)","msg":"RT MeninistTweet Happy pi dayThe Falcons blew a 283 lead314283  31the warriors blew a 31 lead in the NBA Finals"}
{"tweet_id":841793697163313154,"created_unixtime":1489534231831,"created_time":"Tue Mar 14 23:30:31 +0000 2017","lang":"ja","displayname":"rezero554","time_zone":"","msg":"RT 1wcNZYAcLqgMPn0 海未ちゃん･♥ﾟHappy Birthday ♬ °･♥園田海未生誕祭2017 3月15日は園田海未の誕生日 園田海未生誕祭 全力で祝う人RT ラブライバーはRT RTした人全員フォローする… "}
{"tweet_id":841793695921930242,"created_unixtime":1489534231535,"created_time":"Tue Mar 14 23:30:31 +0000 2017","lang":"en","displayname":"The2Kplayer30","time_zone":"","msg":"Happy birthday bro💯🔥✊🏼 StephenCurry30 guys please help me get 500 rts so he will see thisI really love this… https//tco/x1gXYTMKbR"}
{"tweet_id":841793697155055616,"created_unixtime":1489534231829,"created_time":"Tue Mar 14 23:30:31 +0000 2017","lang":"en","displayname":"JulieDirtyBRC","time_zone":"","msg":"If you want to be happy be L Tolstoy"}
{"tweet_id":841793697217974273,"created_unixtime":1489534231844,"created_time":"Tue Mar 14 23:30:31 +0000 2017","lang":"en","displayname":"SydRudd","time_zone":"Eastern Time (US & Canada)","msg":"RT emmagracewalter Happy twentyfun SydRudd hope its been simply wonderful 💗"}
{"tweet_id":841793697192767492,"created_unixtime":1489534231838,"created_time":"Tue Mar 14 23:30:31 +0000 2017","lang":"en","displayname":"stilldrf","time_zone":"Central Time (US & Canada)","msg":"RT MetroBoomin Happy 314 Day huSTLer https//tco/yiAp1DkLuO"}
{"tweet_id":841793697385742336,"created_unixtime":1489534231884,"created_time":"Tue Mar 14 23:30:31 +0000 2017","lang":"en","displayname":"chlo567890","time_zone":"","msg":"RT ItsAus10 2 Love yourself amp be comfortable in your own skin If people have something negative to say about you ignore them You deser…"}
{"tweet_id":841793697482067968,"created_unixtime":1489534231907,"created_time":"Tue Mar 14 23:30:31 +0000 2017","lang":"en","displayname":"eyebagsforever","time_zone":"","msg":"Happy amp Blessed birthday My Love I love you ❤ qwaila"}
{"tweet_id":841793697750568960,"created_unixtime":1489534231971,"created_time":"Tue Mar 14 23:30:31 +0000 2017","lang":"en","displayname":"malahlala","time_zone":"","msg":"RT Boonch_ Stop begging these niggas to do what they suppose to do Boss up and get a nigga that love doing all that just to see you smil…"}
{"tweet_id":841793697393983488,"created_unixtime":1489534231886,"created_time":"Tue Mar 14 23:30:31 +0000 2017","lang":"en","displayname":"USUALLYHARRYS","time_zone":"Pacific Time (US & Canada)","msg":"RT FreakingTrue This makes me so happy https//tco/0WzglCgqD6"}
{"tweet_id":841793697024995328,"created_unixtime":1489534231798,"created_time":"Tue Mar 14 23:30:31 +0000 2017","lang":"en","displayname":"lutraline","time_zone":"London","msg":"Though with Beardsley in the side frankly Im happy playing with just 4 in the squad"}
{"tweet_id":841793697897361408,"created_unixtime":1489534232006,"created_time":"Tue Mar 14 23:30:32 +0000 2017","lang":"und","displayname":"PokeyPokums","time_zone":"Pacific Time (US & Canada)","msg":"RT vxrbxl happy π day🍴💖 https//tco/HzFW5nCfiA"}
{"tweet_id":841793697230512129,"created_unixtime":1489534231847,"created_time":"Tue Mar 14 23:30:31 +0000 2017","lang":"en","displayname":"nicole_stew","time_zone":"Atlantic Time (Canada)","msg":"RT _KENNYC no but this is actually really sad https//tco/yX94Vc4F6L"}
{"tweet_id":841793697310220290,"created_unixtime":1489534231866,"created_time":"Tue Mar 14 23:30:31 +0000 2017","lang":"und","displayname":"MHtwafa","time_zone":"London","msg":"TrueColours ukip https//tco/SiLNpAL56A"}
{"tweet_id":841793696186130433,"created_unixtime":1489534231598,"created_time":"Tue Mar 14 23:30:31 +0000 2017","lang":"en","displayname":"Magic_Dimitri7","time_zone":"","msg":"Happy birthday pussy dlo272 wanna follow me back and unblock me on sc  id appreciate it https//tco/YCDFMMp9eu"}
{"tweet_id":841793697368879104,"created_unixtime":1489534231880,"created_time":"Tue Mar 14 23:30:31 +0000 2017","lang":"en","displayname":"ArcRincs","time_zone":"","msg":"Kolshio So happy you were able to"}
{"tweet_id":841793698178437120,"created_unixtime":1489534232073,"created_time":"Tue Mar 14 23:30:32 +0000 2017","lang":"en","displayname":"Grier_Dallas13","time_zone":"Eastern Time (US & Canada)","msg":"RT RickyPDillon Happy pi day https//tco/PyJRimk7d3"}
{"tweet_id":841793697830342657,"created_unixtime":1489534231990,"created_time":"Tue Mar 14 23:30:31 +0000 2017","lang":"en","displayname":"luxurieuse","time_zone":"Atlantic Time (Canada)","msg":"school got cancelled im so happy i havent been to school since thursday"}
{"tweet_id":841793698388180992,"created_unixtime":1489534232123,"created_time":"Tue Mar 14 23:30:32 +0000 2017","lang":"en","displayname":"WorldVsDomo","time_zone":"Arizona","msg":"RT IdmanHussein Happy birthday and congrats Domo 🎈 https//tco/aMwJ2kZ5O4"}
{"tweet_id":841793698748743680,"created_unixtime":1489534232209,"created_time":"Tue Mar 14 23:30:32 +0000 2017","lang":"en","displayname":"QueenEvillll","time_zone":"Pacific Time (US & Canada)","msg":"RT RickyPDillon Happy pi day https//tco/PyJRimk7d3"}
{"tweet_id":841793698622988292,"created_unixtime":1489534232179,"created_time":"Tue Mar 14 23:30:32 +0000 2017","lang":"ko","displayname":"haNAM_dulset","time_zone":"","msg":"RT offclASTRO Happy birthday to you~ 진진형 22번째 생일을진심으로 축하해요🎉🎉 착하고 장난도 잘받아주고 리더쉽있는ㅎㅎ진진형 귀염댕이 아스트로 잘부탁드려요생일선물 나 HappyJINJINDay https//…"}
{"tweet_id":841793697704488960,"created_unixtime":1489534231960,"created_time":"Tue Mar 14 23:30:31 +0000 2017","lang":"en","displayname":"lalasgrill","time_zone":"Santiago","msg":"Shake up your work week with Happy Hour at Lalas Grill StudioCity https//tco/noscZ69nOV"}
{"tweet_id":841793698551730176,"created_unixtime":1489534232162,"created_time":"Tue Mar 14 23:30:32 +0000 2017","lang":"en","displayname":"mcmelectronics","time_zone":"Quito","msg":"Happy Pi Day 314 off Raspberry Pi 3 limit 3 Also 15 off selected Pi accessories https//tco/oR5X1EirO9 raspberrypi PiDay PiDay2017"}
{"tweet_id":841793699059245057,"created_unixtime":1489534232283,"created_time":"Tue Mar 14 23:30:32 +0000 2017","lang":"et","displayname":"ratioalae","time_zone":"Eastern Time (US & Canada)","msg":"RT TheGnomeChild tukamis bc im sad yeojah GIVE TAKUMI BIG POOFY 90s ANIME HAIR https//tco/DQrmOoPIAS"}
{"tweet_id":841793699390578689,"created_unixtime":1489534232362,"created_time":"Tue Mar 14 23:30:32 +0000 2017","lang":"en","displayname":"lorslay","time_zone":"","msg":"RT HEAVYareTILLERY Like do what tf make u happy Thats it"}
{"tweet_id":841793699696717824,"created_unixtime":1489534232435,"created_time":"Tue Mar 14 23:30:32 +0000 2017","lang":"ja","displayname":"Asu54383141Asu","time_zone":"","msg":"RT tsukiuta1 ☆Happy White Day①☆始「いつも応援ありがとう」春「俺たちから胸いっぱいの愛と感謝を♪」※DLOK※壁紙などマナーを守って使ってくださいね https//tco/SEVeCueeuP"}
{"tweet_id":841793699629617152,"created_unixtime":1489534232419,"created_time":"Tue Mar 14 23:30:32 +0000 2017","lang":"en","displayname":"httpjanareynado","time_zone":"Pacific Time (US & Canada)","msg":"RT SueNieNatics Happy Anniversay Sue and Ronnie Its been a year na since naging Official Loveteam kayo 😊💚 sueanna_dodd iamr2alonte"}
{"tweet_id":841793699558371329,"created_unixtime":1489534232402,"created_time":"Tue Mar 14 23:30:32 +0000 2017","lang":"en","displayname":"IWLSDB","time_zone":"","msg":"VideoLove Lady Gaga LadyGaga ShesTheOne radiodisney https//tco/gU0B1vtukg"}
{"tweet_id":841793699801624576,"created_unixtime":1489534232460,"created_time":"Tue Mar 14 23:30:32 +0000 2017","lang":"en","displayname":"KatiePhillips56","time_zone":"","msg":"RT RickyPDillon Happy pi day https//tco/PyJRimk7d3"}
{"tweet_id":841793699784863744,"created_unixtime":1489534232456,"created_time":"Tue Mar 14 23:30:32 +0000 2017","lang":"en","displayname":"wn_slarie","time_zone":"","msg":"Its takes 1 sec to make a woman be sad and hours to make her smile again"}
{"tweet_id":841793701164724224,"created_unixtime":1489534232785,"created_time":"Tue Mar 14 23:30:32 +0000 2017","lang":"en","displayname":"BobbsterMobster","time_zone":"","msg":"RT 49ers RT to wish AhmadBrooks55 a happy birthday https//tco/Od4M5LNFjR"}
{"tweet_id":841793701319864321,"created_unixtime":1489534232822,"created_time":"Tue Mar 14 23:30:32 +0000 2017","lang":"en","displayname":"magsinosamxx","time_zone":"Pacific Time (US & Canada)","msg":"THANK YOU ECA 💋 LOVE U TOO 💗 https//tco/ZyT5faxawr"}
{"tweet_id":841793701160583168,"created_unixtime":1489534232784,"created_time":"Tue Mar 14 23:30:32 +0000 2017","lang":"en","displayname":"kisha_kd","time_zone":"","msg":"RT RickyPDillon Happy pi day https//tco/PyJRimk7d3"}
{"tweet_id":841793701860929538,"created_unixtime":1489534232951,"created_time":"Tue Mar 14 23:30:32 +0000 2017","lang":"en","displayname":"LangleyTimes","time_zone":"Pacific Time (US & Canada)","msg":"Happy Pi Day The irrational but delicious holiday is celebrated today https//tco/X530HeZLxf"}
{"tweet_id":841793701949005824,"created_unixtime":1489534232972,"created_time":"Tue Mar 14 23:30:32 +0000 2017","lang":"en","displayname":"allisonhopequi1","time_zone":"","msg":"Happy Birthday Daddy😍💙🏀💦💛 https//tco/TiIoAfwVMd"}
{"tweet_id":841793701961691136,"created_unixtime":1489534232975,"created_time":"Tue Mar 14 23:30:32 +0000 2017","lang":"ko","displayname":"SuKieBabyBunny","time_zone":"Buenos Aires","msg":"RT offclASTRO Happy birthday to you~ 진진형 22번째 생일을진심으로 축하해요🎉🎉 착하고 장난도 잘받아주고 리더쉽있는ㅎㅎ진진형 귀염댕이 아스트로 잘부탁드려요생일선물 나 HappyJINJINDay https//…"}
{"tweet_id":841793702146195456,"created_unixtime":1489534233019,"created_time":"Tue Mar 14 23:30:33 +0000 2017","lang":"en","displayname":"manitarou35412","time_zone":"","msg":"Jun matsumoto Happy birth day time"}
{"tweet_id":841793702112686080,"created_unixtime":1489534233011,"created_time":"Tue Mar 14 23:30:33 +0000 2017","lang":"en","displayname":"AFitzpatrickUSA","time_zone":"","msg":"Zeyad567RBLX its sad because Sudden Marinio and others are way more successful"}
{"tweet_id":841793701873635328,"created_unixtime":1489534232954,"created_time":"Tue Mar 14 23:30:32 +0000 2017","lang":"en","displayname":"bonkers_bethany","time_zone":"Pacific Time (US & Canada)","msg":"RT RickyPDillon Happy pi day https//tco/PyJRimk7d3"}
{"tweet_id":841793702250991616,"created_unixtime":1489534233044,"created_time":"Tue Mar 14 23:30:33 +0000 2017","lang":"ja","displayname":"Hs913Ne","time_zone":"","msg":"RT dFVhxvfj3EF2ODj 今日はラブライブの海未ちゃんの誕生日･♥ﾟHappy Birthday ♬ °･♥海未ちゃん､おめでとーーう！！園田海未生誕祭2017 海未ちゃん推しはRT 海未ちゃん好きな人はRT… "}
{"tweet_id":841793702263570432,"created_unixtime":1489534233047,"created_time":"Tue Mar 14 23:30:33 +0000 2017","lang":"ja","displayname":"KOKOKU__25","time_zone":"","msg":"優くん HAPPY BIRTH DAY 😆💫いっつも仲良くしてくれてありがとうね！✌️これからも、野球頑張って！💪いい一年にしてね！"}
{"tweet_id":841793701496160256,"created_unixtime":1489534232864,"created_time":"Tue Mar 14 23:30:32 +0000 2017","lang":"en","displayname":"jmb1256","time_zone":"","msg":"RT Animals1st Free at last Heartwarming moment sadeyed orangutan is freed from her crate prison https//tco/z9EgcGTuPE https//tco…"}
{"tweet_id":841793702729150465,"created_unixtime":1489534233158,"created_time":"Tue Mar 14 23:30:33 +0000 2017","lang":"en","displayname":"AcpaLhaz","time_zone":"","msg":"RT francisG_2016 Good morning everyone happy Wednesday ALDUBxDTBYTugOfHearts https//tco/BNavAjGRPe"}
{"tweet_id":841793702867566592,"created_unixtime":1489534233191,"created_time":"Tue Mar 14 23:30:33 +0000 2017","lang":"en","displayname":"invisabelle","time_zone":"","msg":"RT elijahandxtine THEY HAD A PUPPY BIRTHDAY PARTY AND GOT HIM A DOGGY CAKE HE LOOKS SO HAPPY 😭 https//tco/pAKp61UHeB"}
{"tweet_id":841793702578200576,"created_unixtime":1489534233122,"created_time":"Tue Mar 14 23:30:33 +0000 2017","lang":"ja","displayname":"RAIRAI_0312","time_zone":"","msg":"RT harusan0720 Happy Birthday DAICHIくん！！🎉🙌🎂だいちくんにとってサイコーに『HAPPY』な一年になりますように🙏🙏🙏✨✨d_m_0315 https//tco/o8zJx1SO2t"}
{"tweet_id":841793702481821696,"created_unixtime":1489534233099,"created_time":"Tue Mar 14 23:30:33 +0000 2017","lang":"en","displayname":"jennacostelloe_","time_zone":"Eastern Time (US & Canada)","msg":"RT CommonWhiteGrls This makes me so happy https//tco/6G1UDSKwAI"}
{"tweet_id":841793702444077056,"created_unixtime":1489534233090,"created_time":"Tue Mar 14 23:30:33 +0000 2017","lang":"en","displayname":"arminekoda","time_zone":"","msg":"RT Leon_Chiro ~ Its my turn again  Happy Valentines Day 😂❤Gladio and CupNoodles  OTP🍝❤StoryOfMySingleLife 😂😂FFXVJP… "}
{"tweet_id":841793702674759682,"created_unixtime":1489534233145,"created_time":"Tue Mar 14 23:30:33 +0000 2017","lang":"en","displayname":"skinnymamba_","time_zone":"Quito","msg":"thank you and just dont let it happen again 😂😂❤️ https//tco/au2kF752Q9"}
{"tweet_id":841793703064793088,"created_unixtime":1489534233238,"created_time":"Tue Mar 14 23:30:33 +0000 2017","lang":"en","displayname":"AboGutreuter","time_zone":"","msg":"RT benandjerrys Happy Birthday to our beloved cofounder Jerry Greenfield Thanks for the fun love and light peaceloveicecream… "}
{"tweet_id":841793703022747649,"created_unixtime":1489534233228,"created_time":"Tue Mar 14 23:30:33 +0000 2017","lang":"en","displayname":"ryuenji","time_zone":"Pacific Time (US & Canada)","msg":"RT lostpanda Happy Pi day https//tco/tMJq9uUeRk"}
{"tweet_id":841793703328989184,"created_unixtime":1489534233301,"created_time":"Tue Mar 14 23:30:33 +0000 2017","lang":"en","displayname":"lamiekatelyn","time_zone":"","msg":"RT RickyPDillon Happy pi day https//tco/PyJRimk7d3"}
{"tweet_id":841793702452420608,"created_unixtime":1489534233092,"created_time":"Tue Mar 14 23:30:33 +0000 2017","lang":"en","displayname":"notcaldi","time_zone":"Central Time (US & Canada)","msg":"RT HighHeatStats Happy Pi Day https//tco/ck5AB0lCCT"}
{"tweet_id":841793703316447233,"created_unixtime":1489534233298,"created_time":"Tue Mar 14 23:30:33 +0000 2017","lang":"en","displayname":"PLL_stAlker_","time_zone":"","msg":"RT emisonml Alison Dilaurentis invented character development and finally she gonna propose to Emily Fields and have a happy en… "}
{"tweet_id":841793703689707520,"created_unixtime":1489534233387,"created_time":"Tue Mar 14 23:30:33 +0000 2017","lang":"ja","displayname":"gundammiyu","time_zone":"","msg":"RT senkaa_a 今日は園田海未ちゃんの誕生日〜✨🎉HAPPY BIRTHDAY🎊✨園田海未生誕祭 園田海未生誕祭2017 3月15日は園田海未の誕生日 ラブライバーはRT 3月15日は海未ちゃんの誕生日… "}
{"tweet_id":841793703828164608,"created_unixtime":1489534233420,"created_time":"Tue Mar 14 23:30:33 +0000 2017","lang":"en","displayname":"SEBSPRINCESS69","time_zone":"Central Time (US & Canada)","msg":"RT RickyPDillon Happy pi day https//tco/PyJRimk7d3"}
{"tweet_id":841793703949791232,"created_unixtime":1489534233449,"created_time":"Tue Mar 14 23:30:33 +0000 2017","lang":"en","displayname":"blondesb4boys","time_zone":"","msg":"RT RickyPDillon Happy pi day https//tco/PyJRimk7d3"}
{"tweet_id":841793701437419522,"created_unixtime":1489534232850,"created_time":"Tue Mar 14 23:30:32 +0000 2017","lang":"en","displayname":"megcope30","time_zone":"","msg":"Happy birthday steph curry StephenCurry30 https//tco/YOEyQDfNnj"}
{"tweet_id":841793704356540416,"created_unixtime":1489534233546,"created_time":"Tue Mar 14 23:30:33 +0000 2017","lang":"en","displayname":"FluxedKyrain","time_zone":"","msg":"RT FHSTheHigh ‼️HAPPY SPRING FALCONS‼️ Celebrate Spring Homecoming  the next rally 🌹🌺🌸 https//tco/vQ52Z5TAFC"}
{"tweet_id":841793704348205056,"created_unixtime":1489534233544,"created_time":"Tue Mar 14 23:30:33 +0000 2017","lang":"en","displayname":"azmihatta_","time_zone":"","msg":"RT inspirestagram Pretending to be happy when youre in pain is just an example of how strong you are as a person"}
{"tweet_id":841793704356679683,"created_unixtime":1489534233546,"created_time":"Tue Mar 14 23:30:33 +0000 2017","lang":"en","displayname":"TotalTroye","time_zone":"","msg":"RT RickyPDillon Happy pi day https//tco/PyJRimk7d3"}
{"tweet_id":841793704771883008,"created_unixtime":1489534233645,"created_time":"Tue Mar 14 23:30:33 +0000 2017","lang":"ko","displayname":"motivejimin","time_zone":"Mid-Atlantic","msg":"RT offclASTRO Happy birthday to you~ 진진형 22번째 생일을진심으로 축하해요🎉🎉 착하고 장난도 잘받아주고 리더쉽있는ㅎㅎ진진형 귀염댕이 아스트로 잘부탁드려요생일선물 나 HappyJINJINDay https//…"}
{"tweet_id":841793704822243328,"created_unixtime":1489534233657,"created_time":"Tue Mar 14 23:30:33 +0000 2017","lang":"en","displayname":"meganabbyly","time_zone":"","msg":"RT RickyPDillon Happy pi day https//tco/PyJRimk7d3"}
{"tweet_id":841793705287680001,"created_unixtime":1489534233768,"created_time":"Tue Mar 14 23:30:33 +0000 2017","lang":"en","displayname":"evaughnia","time_zone":"","msg":"RT RickyPDillon Happy pi day https//tco/PyJRimk7d3"}
{"tweet_id":841793705245736960,"created_unixtime":1489534233758,"created_time":"Tue Mar 14 23:30:33 +0000 2017","lang":"ja","displayname":"katyon_tyon","time_zone":"","msg":"RT sinsin3_32 海未ちゃんお誕生日おめでとう〜oHappy Birthday㊗️🎊海未ちゃんの恥ずかしがり屋さんなとこもちょっと生真面目なとこも👍🏼👍🏼‼️‼️これからも幼馴染を大切にね！園田海未生誕祭2017… "}
{"tweet_id":841793705296064512,"created_unixtime":1489534233770,"created_time":"Tue Mar 14 23:30:33 +0000 2017","lang":"en","displayname":"stormstaaa","time_zone":"Mazatlan","msg":"FlyGuyJee I didnt know lol happy birthday my guy 😅"}
{"tweet_id":841793704973201409,"created_unixtime":1489534233693,"created_time":"Tue Mar 14 23:30:33 +0000 2017","lang":"en","displayname":"HaitianQueennn","time_zone":"","msg":"Mensley 😂😍 https//tco/PUq3Xe5n52"}
{"tweet_id":841793705359114241,"created_unixtime":1489534233785,"created_time":"Tue Mar 14 23:30:33 +0000 2017","lang":"en","displayname":"nicoleandrea_xo","time_zone":"Pacific Time (US & Canada)","msg":"Its really sad that someone would pay a disrespectful little 13 year old large amounts of money Society youre doing a great job"}
{"tweet_id":841793705430421504,"created_unixtime":1489534233802,"created_time":"Tue Mar 14 23:30:33 +0000 2017","lang":"en","displayname":"mannymartinezny","time_zone":"Eastern Time (US & Canada)","msg":"RT SpectrumManny Are you an entrepreneur The financial service industry might be right for you Id be happy to talk with you at your ea…"}
{"tweet_id":841793704507641858,"created_unixtime":1489534233582,"created_time":"Tue Mar 14 23:30:33 +0000 2017","lang":"en","displayname":"india_kate","time_zone":"","msg":"This photo makes me so happy ☺️✨ RitaOra ANTMVH1 antmvh1 https//tco/PsC5hOSlDs"}
{"tweet_id":841793705308766209,"created_unixtime":1489534233773,"created_time":"Tue Mar 14 23:30:33 +0000 2017","lang":"en","displayname":"LuuzM5","time_zone":"Buenos Aires","msg":"RT USAGym Happy birthday to the most decorated American gymnast fourtime Olympic gold medalist 10time world champion… "}
{"tweet_id":841793705312964609,"created_unixtime":1489534233774,"created_time":"Tue Mar 14 23:30:33 +0000 2017","lang":"en","displayname":"DarkExilous124","time_zone":"Pacific Time (US & Canada)","msg":"RT TheEcourts Can you blow out candles when all you spit is fire Happy Birthday to my man shofu Hope youre having a good one~ https…"}
{"tweet_id":841793705753239552,"created_unixtime":1489534233879,"created_time":"Tue Mar 14 23:30:33 +0000 2017","lang":"en","displayname":"EnigmaNetxx","time_zone":"Pacific Time (US & Canada)","msg":"RT netminnow Happy PiDay https//tco/j3WVh4waDW"}
{"tweet_id":841793706046840832,"created_unixtime":1489534233949,"created_time":"Tue Mar 14 23:30:33 +0000 2017","lang":"en","displayname":"monicashady_","time_zone":"","msg":"RT Theorossi Happy PiDay YallAlwaysFinishIT https//tco/Hn0gjcaqf9"}
{"tweet_id":841793706017624064,"created_unixtime":1489534233942,"created_time":"Tue Mar 14 23:30:33 +0000 2017","lang":"en","displayname":"Rosesforjuarez","time_zone":"","msg":"FUCK STOP REMINDING ME https//tco/xPlfw7wU2r"}
{"tweet_id":841793705862418432,"created_unixtime":1489534233905,"created_time":"Tue Mar 14 23:30:33 +0000 2017","lang":"en","displayname":"bishopp35","time_zone":"","msg":"RT joellamernatti bishopp35 happy birthday"}
{"tweet_id":841793706466390016,"created_unixtime":1489534234049,"created_time":"Tue Mar 14 23:30:34 +0000 2017","lang":"en","displayname":"Yahayraaaaa","time_zone":"Eastern Time (US & Canada)","msg":"RT SpittinSPEEDZ Happy PiDay  Do Something Irrational today I only remember up to 14159 myself how far can you go https//tco/4Pwf…"}
{"tweet_id":841793706915164162,"created_unixtime":1489534234156,"created_time":"Tue Mar 14 23:30:34 +0000 2017","lang":"en","displayname":"OhThatsJeni","time_zone":"","msg":"RT ShredMonkey_ Sometimes you cant let go of whats making you sad Because it was the only thing that made you happy"}
{"tweet_id":841793706751598598,"created_unixtime":1489534234117,"created_time":"Tue Mar 14 23:30:34 +0000 2017","lang":"en","displayname":"Theconn_Al","time_zone":"Eastern Time (US & Canada)","msg":"Happy Birthday Adam Grady AdamVolkert"}
{"tweet_id":841793706457997313,"created_unixtime":1489534234047,"created_time":"Tue Mar 14 23:30:34 +0000 2017","lang":"en","displayname":"laurenfresia","time_zone":"","msg":"im so happy i get to see elise❤"}
{"tweet_id":841793706697023488,"created_unixtime":1489534234104,"created_time":"Tue Mar 14 23:30:34 +0000 2017","lang":"en","displayname":"montherrat","time_zone":"","msg":"Valen10Rowman worms2007 miriamdaddyyy thats sad as hell if theyre still friends with him after that"}
{"tweet_id":841793706676105217,"created_unixtime":1489534234099,"created_time":"Tue Mar 14 23:30:34 +0000 2017","lang":"en","displayname":"suede_santoro","time_zone":"","msg":"RT funnyordie Happy International Womens Day DaRealAmberRose takes the Walk Of No Shame after a night out https//tco/RejnnJYk2J"}
{"tweet_id":841793706579615744,"created_unixtime":1489534234076,"created_time":"Tue Mar 14 23:30:34 +0000 2017","lang":"en","displayname":"goddeessk","time_zone":"Alaska","msg":"_cierrrraaaa sad case 😭"}
{"tweet_id":841793707389018112,"created_unixtime":1489534234269,"created_time":"Tue Mar 14 23:30:34 +0000 2017","lang":"en","displayname":"farhachs","time_zone":"Pacific Time (US & Canada)","msg":"RT KarimMetwaly Dont wanna put a vlog because of all the hatethen the haters say nasty things about my friends and it makes me sad T…"}
{"tweet_id":841793706910859264,"created_unixtime":1489534234155,"created_time":"Tue Mar 14 23:30:34 +0000 2017","lang":"ko","displayname":"mwpnx","time_zone":"Novosibirsk","msg":"RT whiterose_ww17 140314 SEVENTEENs Happy White Day 세븐틴 원우애기얌😙😙😙https//tco/9AbTbMthmt https//tco/8bJ3l6pMYZ"}
{"tweet_id":841793706642542592,"created_unixtime":1489534234091,"created_time":"Tue Mar 14 23:30:34 +0000 2017","lang":"en","displayname":"insert25c","time_zone":"","msg":"demoisellecos happy birthday random person on twitter"}
{"tweet_id":841793707649175552,"created_unixtime":1489534234331,"created_time":"Tue Mar 14 23:30:34 +0000 2017","lang":"en","displayname":"Toriphantomtoni","time_zone":"","msg":"🦋Think Happy Thoughts🦋 https//tco/QWhcQJsBkZ"}
{"tweet_id":841793707527528448,"created_unixtime":1489534234302,"created_time":"Tue Mar 14 23:30:34 +0000 2017","lang":"en","displayname":"Envops","time_zone":"Central Time (US & Canada)","msg":"RT steve62269 Trying to be positiveThis just makes me happy FoxNews realDonaldTrump Envops jennajameson AnnCoulter… "}
{"tweet_id":841793708206899200,"created_unixtime":1489534234464,"created_time":"Tue Mar 14 23:30:34 +0000 2017","lang":"en","displayname":"udtohanjeffrey9","time_zone":"","msg":"RT Salvesayson When You Are Happy You Enjoy The Music But When You Are Sad You Understand The Lyrics ALDUBxDTBYTugOfHearts"}
{"tweet_id":841793707800174592,"created_unixtime":1489534234367,"created_time":"Tue Mar 14 23:30:34 +0000 2017","lang":"en","displayname":"abbieeeee_x","time_zone":"Amsterdam","msg":"RT abbieeeee_x After a stressful year my Grandad just got the all clear from Cancer Im so happy What a trooper 💛"}
{"tweet_id":841793707686932481,"created_unixtime":1489534234340,"created_time":"Tue Mar 14 23:30:34 +0000 2017","lang":"en","displayname":"jayfromdawestt","time_zone":"","msg":"Them not ya friends https//tco/MIJiclhNaI"}
{"tweet_id":841793708395716608,"created_unixtime":1489534234509,"created_time":"Tue Mar 14 23:30:34 +0000 2017","lang":"ja","displayname":"miru622","time_zone":"Tokyo","msg":"RT k_kitaguchi おはようございますっ♪今朝はこの曲で１日をhappyに♡SAKURAドロップス 宇多田ヒカル 目指せ100RT ツイキャス『和沙カフェ』3/19日22〜23時。春メニュー30曲amp詳細はこちら↓… "}
{"tweet_id":841793708370628609,"created_unixtime":1489534234503,"created_time":"Tue Mar 14 23:30:34 +0000 2017","lang":"en","displayname":"lalasgrill","time_zone":"Santiago","msg":"Shake up your work week with Happy Hour at Lalas Grill https//tco/fuwsYPqEkk"}
{"tweet_id":841793708454469634,"created_unixtime":1489534234523,"created_time":"Tue Mar 14 23:30:34 +0000 2017","lang":"en","displayname":"NeriOXO","time_zone":"Eastern Time (US & Canada)","msg":"Im even more sad"}
{"tweet_id":841793708148310016,"created_unixtime":1489534234450,"created_time":"Tue Mar 14 23:30:34 +0000 2017","lang":"und","displayname":"LuviaGabriela","time_zone":"Brasilia","msg":"AAAAAAAHHHHH https//tco/TQFDdIr7Wd"}
{"tweet_id":841793708316073984,"created_unixtime":1489534234490,"created_time":"Tue Mar 14 23:30:34 +0000 2017","lang":"en","displayname":"savanahrae","time_zone":"","msg":"RT fang_irling Cheers to the happy couple  TheBachelorFinale https//tco/E5zcAucH2l"}
{"tweet_id":841793708232187905,"created_unixtime":1489534234470,"created_time":"Tue Mar 14 23:30:34 +0000 2017","lang":"en","displayname":"_FerreroRoche_","time_zone":"Pacific Time (US & Canada)","msg":"RT D_Deji28 Do you guys know why he was killed A girl lied that he raped her and her brother shot him dead https//tco/IWDVDZp3rz"}
{"tweet_id":841793709133852672,"created_unixtime":1489534234685,"created_time":"Tue Mar 14 23:30:34 +0000 2017","lang":"en","displayname":"newjoons","time_zone":"Pacific Time (US & Canada)","msg":"i love gfriend but they literallt whitewash themselves in their vlives and it makes me so sad"}
{"tweet_id":841793709163307008,"created_unixtime":1489534234692,"created_time":"Tue Mar 14 23:30:34 +0000 2017","lang":"en","displayname":"thebestzorro","time_zone":"Moscow","msg":"RT fsf Happy PiDay We ordered a pie for the office but a late winter storm prevented a timely deliverywell share the… "}
{"tweet_id":841793709544947712,"created_unixtime":1489534234783,"created_time":"Tue Mar 14 23:30:34 +0000 2017","lang":"en","displayname":"YNOHTHNA","time_zone":"Mazatlan","msg":"RT blackprints_  WeslehW has a special place in my heart for being the first friend I ever made in LA one of my fave people ever… "}
{"tweet_id":841793709511401473,"created_unixtime":1489534234775,"created_time":"Tue Mar 14 23:30:34 +0000 2017","lang":"en","displayname":"TheNowNewspaper","time_zone":"Pacific Time (US & Canada)","msg":"Happy Pi Day The irrational but delicious holiday is celebrated today https//tco/PGKinFY4Tr https//tco/jWjZKzcnWr"}
{"tweet_id":841793709599543297,"created_unixtime":1489534234796,"created_time":"Tue Mar 14 23:30:34 +0000 2017","lang":"en","displayname":"LastBoheme","time_zone":"","msg":"Happy Tuesday handmade madeinla Interiordesign interiors bedroom livingroom  designer… https//tco/Zr5snPlrqM"}
{"tweet_id":841793709997973505,"created_unixtime":1489534234891,"created_time":"Tue Mar 14 23:30:34 +0000 2017","lang":"en","displayname":"GouldFarm","time_zone":"Eastern Time (US & Canada)","msg":"Happy Pi Day  The kitchen whipped up some blueberry slab pies for tea snack go kitchen team https//tco/fB8aZNzq7t"}
{"tweet_id":841793710211899393,"created_unixtime":1489534234942,"created_time":"Tue Mar 14 23:30:34 +0000 2017","lang":"en","displayname":"Tylerisabanana5","time_zone":"","msg":"RT VeganXboxGirl Its kinda sad how often I use this gif 😂 https//tco/6AMWgN3IBo"}
{"tweet_id":841793710346117121,"created_unixtime":1489534234974,"created_time":"Tue Mar 14 23:30:34 +0000 2017","lang":"en","displayname":"ccs_rshb","time_zone":"Pacific Time (US & Canada)","msg":"Watch https//tco/CZofDvE9xr https//tco/FMK3Gjjx5H “Ukelele” Bensound royaltyfree music soundtrack happy light upbeat nice"}
{"tweet_id":841793710945910786,"created_unixtime":1489534235117,"created_time":"Tue Mar 14 23:30:35 +0000 2017","lang":"en","displayname":"Mero_mony30","time_zone":"Cairo","msg":"RT ranafahdd the saddest people try their best to make people happy they know what it’s like to feel worthless they don’t want anyone t…"}
{"tweet_id":841793710627160065,"created_unixtime":1489534235041,"created_time":"Tue Mar 14 23:30:35 +0000 2017","lang":"en","displayname":"MRKENNYGARDNER","time_zone":"","msg":"RT samkalidi Happy Pi Day https//tco/nrfirnHPXQ"}
{"tweet_id":841793711071715328,"created_unixtime":1489534235147,"created_time":"Tue Mar 14 23:30:35 +0000 2017","lang":"en","displayname":"oldyellsr","time_zone":"London","msg":"RT three17AM Joji really is an edgy asshole Im so sad but so happy https//tco/OVlvQW1Fmz"}
{"tweet_id":841793711486959617,"created_unixtime":1489534235246,"created_time":"Tue Mar 14 23:30:35 +0000 2017","lang":"en","displayname":"tblucas51","time_zone":"","msg":"RT RedFiveResist realDonaldTrump Happy 55 disapproval rating theresistance  https//tco/wjI2CMfleO"}
{"tweet_id":841793711084204032,"created_unixtime":1489534235150,"created_time":"Tue Mar 14 23:30:35 +0000 2017","lang":"en","displayname":"TheProgress","time_zone":"","msg":"Happy Pi Day The irrational but delicious holiday is celebrated today https//tco/1WM0S2yEOR https//tco/RANv2fgenq"}
{"tweet_id":841793711210168320,"created_unixtime":1489534235180,"created_time":"Tue Mar 14 23:30:35 +0000 2017","lang":"en","displayname":"randaroorooroo","time_zone":"","msg":"RT Retread03 Think about for a moment https//tco/rxRNqYSqAE"}
{"tweet_id":841793711663005696,"created_unixtime":1489534235288,"created_time":"Tue Mar 14 23:30:35 +0000 2017","lang":"ja","displayname":"hayashi77310","time_zone":"","msg":"RT KAMOME2521 ラブアローシュート！！！海未ちゃんHAPPY BIRTHDAY🎉🎉🎉🎉🎉園田海未生誕祭2017 園田海未生誕祭 3月15日は園田海未の誕生日 RTした人全員フォローする lovelive 園田海未 https//t…"}
{"tweet_id":841793711755411458,"created_unixtime":1489534235310,"created_time":"Tue Mar 14 23:30:35 +0000 2017","lang":"en","displayname":"b_savery17","time_zone":"London","msg":"LDNDskimmed DontBeSaad20 ChuBoi they arent better tho lets be honest because they arent fast enough the sad reality of FIFA pace OP"}
{"tweet_id":841793711243591680,"created_unixtime":1489534235188,"created_time":"Tue Mar 14 23:30:35 +0000 2017","lang":"pt","displayname":"ruifqmarinho","time_zone":"","msg":"RT SOMOSPORTOCRL Obrigado Benfica por te lembrares com carinho o 92 💙💙 https//tco/bEhjUC2vXc"}
{"tweet_id":841793711025590273,"created_unixtime":1489534235136,"created_time":"Tue Mar 14 23:30:35 +0000 2017","lang":"en","displayname":"roberthalf_anz","time_zone":"Sydney","msg":"Happy employees work hard for the job they love WorkHappy https//tco/WBhZDd35KW https//tco/Cz0ZYbueQu"}
{"tweet_id":841793711872847874,"created_unixtime":1489534235338,"created_time":"Tue Mar 14 23:30:35 +0000 2017","lang":"en","displayname":"DaynaHerrera11","time_zone":"","msg":"RT RickyPDillon Happy pi day https//tco/PyJRimk7d3"}
{"tweet_id":841793712048996352,"created_unixtime":1489534235380,"created_time":"Tue Mar 14 23:30:35 +0000 2017","lang":"en","displayname":"raqueelLlorente","time_zone":"Amsterdam","msg":"RT ilovefIowers if ur sad https//tco/cwXvLBIWEu"}
{"tweet_id":841793712581709825,"created_unixtime":1489534235507,"created_time":"Tue Mar 14 23:30:35 +0000 2017","lang":"en","displayname":"jamezwest","time_zone":"","msg":"RT jamezwest i lost my mind when you left meamp i didnt have much of thatbut you were so quick to reject meso ill take my time being s…"}
{"tweet_id":841793713151991809,"created_unixtime":1489534235643,"created_time":"Tue Mar 14 23:30:35 +0000 2017","lang":"en","displayname":"hasanah_hmd","time_zone":"","msg":"NisaaJimmy wow its been 10 years how time flies Happy 10 years babe 😃"}
{"tweet_id":841793711705079809,"created_unixtime":1489534235298,"created_time":"Tue Mar 14 23:30:35 +0000 2017","lang":"en","displayname":"byulxycelle","time_zone":"Asia/Manila","msg":"RT PainfulText saying im tired when youre actually sad"}
{"tweet_id":841793712896266241,"created_unixtime":1489534235582,"created_time":"Tue Mar 14 23:30:35 +0000 2017","lang":"en","displayname":"EccentricKookee","time_zone":"Pacific Time (US & Canada)","msg":"RT Nineteen1319 gtsad piano musiclt https//tco/omYdkajfGf"}
{"tweet_id":841793712803856386,"created_unixtime":1489534235560,"created_time":"Tue Mar 14 23:30:35 +0000 2017","lang":"en","displayname":"MissionRecord","time_zone":"Pacific Time (US & Canada)","msg":"Happy Pi Day The irrational but delicious holiday is celebrated today https//tco/Zgnad1yDgw https//tco/AVMr3R5GTb"}
{"tweet_id":841793713231794176,"created_unixtime":1489534235662,"created_time":"Tue Mar 14 23:30:35 +0000 2017","lang":"en","displayname":"Jamesssss_ha","time_zone":"","msg":"IM SO HAPPY NO SCHOOL👏👏👏😭"}
{"tweet_id":841793712996868097,"created_unixtime":1489534235606,"created_time":"Tue Mar 14 23:30:35 +0000 2017","lang":"en","displayname":"LangleyAdvance","time_zone":"Pacific Time (US & Canada)","msg":"Happy Pi Day The irrational but delicious holiday is celebrated today https//tco/W9tz0A1pwV https//tco/u4FRmBqUMU"}
{"tweet_id":841793713416355842,"created_unixtime":1489534235706,"created_time":"Tue Mar 14 23:30:35 +0000 2017","lang":"en","displayname":"1970poet","time_zone":"Central Time (US & Canada)","msg":"Love this Hope you had a super Tuesday Kim https//tco/jIrf92QqpG"}
{"tweet_id":841793713923846144,"created_unixtime":1489534235827,"created_time":"Tue Mar 14 23:30:35 +0000 2017","lang":"en","displayname":"moonkay_","time_zone":"Alaska","msg":"RT emofucc when i show people a list of reasons why im so sad https//tco/c986HezrtS"}
{"tweet_id":841793714196480000,"created_unixtime":1489534235892,"created_time":"Tue Mar 14 23:30:35 +0000 2017","lang":"en","displayname":"BlackBlackeable","time_zone":"","msg":"Simone_Biles happy bday Simone joyeux anniversaire from france"}
{"tweet_id":841793714217455616,"created_unixtime":1489534235897,"created_time":"Tue Mar 14 23:30:35 +0000 2017","lang":"en","displayname":"Desmond_N85","time_zone":"Eastern Time (US & Canada)","msg":"Welp Blaze Pizza is packed with high school kids Theres no way Ill get inside Sad pi face EatHereIndy more__reese"}
{"tweet_id":841793714313940992,"created_unixtime":1489534235920,"created_time":"Tue Mar 14 23:30:35 +0000 2017","lang":"nl","displayname":"yugyeommiie","time_zone":"Pacific Time (US & Canada)","msg":"RT defsouIbeom EMILYKXJDJDB https//tco/wvAuBM9zz1"}
{"tweet_id":841793714238435328,"created_unixtime":1489534235902,"created_time":"Tue Mar 14 23:30:35 +0000 2017","lang":"en","displayname":"bethplusbecca25","time_zone":"","msg":"RT RickyPDillon Happy pi day https//tco/PyJRimk7d3"}
{"tweet_id":841793714791968768,"created_unixtime":1489534236034,"created_time":"Tue Mar 14 23:30:36 +0000 2017","lang":"en","displayname":"BCholly","time_zone":"Pacific Time (US & Canada)","msg":"RT AllotmentBecs Happy strawberries 🍓 thought I had lost them They have sprung back to life allotment gyo growyourown https//tco/g…"}
{"tweet_id":841793714641031168,"created_unixtime":1489534235998,"created_time":"Tue Mar 14 23:30:35 +0000 2017","lang":"en","displayname":"Ayyyyitsmarioo","time_zone":"","msg":"Happy Birthday Jelanibob0314 ✊🏻🎉🎊"}
{"tweet_id":841793714347425792,"created_unixtime":1489534235928,"created_time":"Tue Mar 14 23:30:35 +0000 2017","lang":"en","displayname":"NorDelReporter","time_zone":"","msg":"Happy Pi Day The irrational but delicious holiday is celebrated today https//tco/hhfDiw5g9I https//tco/WuKvl7XYd5"}
{"tweet_id":841793714976620545,"created_unixtime":1489534236078,"created_time":"Tue Mar 14 23:30:36 +0000 2017","lang":"en","displayname":"maleikb713","time_zone":"","msg":"Damn thats sad Im surprise Im single but I need someone like her we both can share our feelings 😭😏 https//tco/iXUfKfl2s5"}
{"tweet_id":841793715370885124,"created_unixtime":1489534236172,"created_time":"Tue Mar 14 23:30:36 +0000 2017","lang":"en","displayname":"flawlessbuzolic","time_zone":"Pacific Time (US & Canada)","msg":"RT EthanDolan happy tuesday todays vid is gonna be super different 😬"}
{"tweet_id":841793715681218560,"created_unixtime":1489534236246,"created_time":"Tue Mar 14 23:30:36 +0000 2017","lang":"en","displayname":"mydarlinglei_","time_zone":"Arizona","msg":"Im beyond happy to be working in LA the drive is worth it🙏🏼"}
{"tweet_id":841793715475738624,"created_unixtime":1489534236197,"created_time":"Tue Mar 14 23:30:36 +0000 2017","lang":"en","displayname":"100per_Global","time_zone":"Seoul","msg":"RT real100per [FANCAM] 170314 백퍼센트 White Love at Billboard Live Tokyo Rockhyun solo  Happy End by back number https//tco/tbW1BQVcQ2"}
{"tweet_id":841793715026849793,"created_unixtime":1489534236090,"created_time":"Tue Mar 14 23:30:36 +0000 2017","lang":"en","displayname":"MariaKatleba","time_zone":"Pacific Time (US & Canada)","msg":"So sad   Hope she is safe 😐 https//tco/WhRC5cLXAp"}
{"tweet_id":841793715853119488,"created_unixtime":1489534236287,"created_time":"Tue Mar 14 23:30:36 +0000 2017","lang":"en","displayname":"goodfellazbarb","time_zone":"","msg":"Happy to be on the front page of the GC Suns 50th Anniversary Special Edition australia… https//tco/w16HFxiv76"}
{"tweet_id":841793715391873024,"created_unixtime":1489534236177,"created_time":"Tue Mar 14 23:30:36 +0000 2017","lang":"en","displayname":"chicjisoo","time_zone":"Amsterdam","msg":"An a drama with great acting hsjshdj I hope we get a s2 with the same cast https//tco/mx47slHl9O"}
{"tweet_id":841793715362500609,"created_unixtime":1489534236170,"created_time":"Tue Mar 14 23:30:36 +0000 2017","lang":"en","displayname":"alyjesionowski","time_zone":"","msg":"RT alexburrell9 happy birthday alyjesionowski  youre amazingly smart beautiful and hilarious i love your snaps and you of cou… "}
{"tweet_id":841793715937124352,"created_unixtime":1489534236307,"created_time":"Tue Mar 14 23:30:36 +0000 2017","lang":"en","displayname":"Mkarti_Official","time_zone":"New Delhi","msg":"Nivetxxx____ Happy Birthday 🎂🎂🎂💐💐💐"}
{"tweet_id":841793716343967746,"created_unixtime":1489534236404,"created_time":"Tue Mar 14 23:30:36 +0000 2017","lang":"und","displayname":"Samo_Indicije","time_zone":"Pacific Time (US & Canada)","msg":"RT JohnnyOlla1 Jel Agrokor sad ide pod ministarstvo državne imovine"}
{"tweet_id":841793714380922881,"created_unixtime":1489534235936,"created_time":"Tue Mar 14 23:30:35 +0000 2017","lang":"en","displayname":"MapleRidgeNews","time_zone":"Pacific Time (US & Canada)","msg":"Happy Pi Day The irrational but delicious holiday is celebrated today https//tco/CVn8rQWNu1 https//tco/rn1P6WxqHt"}
{"tweet_id":841793716276862976,"created_unixtime":1489534236388,"created_time":"Tue Mar 14 23:30:36 +0000 2017","lang":"en","displayname":"MsNikkyy","time_zone":"Eastern Time (US & Canada)","msg":"AntzWan1 7kClique Ettni7k emotionalenan nice thats good Happy to hear your doing good "}
{"tweet_id":841793713814835202,"created_unixtime":1489534235801,"created_time":"Tue Mar 14 23:30:35 +0000 2017","lang":"en","displayname":"meredithbernau","time_zone":"Eastern Time (US & Canada)","msg":"Happy 18th Birthday to my truck driving Stella loving friend ❤️🤑atlindner https//tco/5G9Sv4Lkq7"}
{"tweet_id":841793715802890240,"created_unixtime":1489534236275,"created_time":"Tue Mar 14 23:30:36 +0000 2017","lang":"en","displayname":"SusannahSmithh","time_zone":"Pacific Time (US & Canada)","msg":"RT laynerychelle the quesadilla group chat makes me so happy"}
{"tweet_id":841793716817936385,"created_unixtime":1489534236517,"created_time":"Tue Mar 14 23:30:36 +0000 2017","lang":"en","displayname":"GoodmanDena","time_zone":"Atlantic Time (Canada)","msg":"Never been so nervous about being so sad ThisIsUs SeasonFinale tissuesplease keepthemcoming 😩😢😭 NBCThisisUs"}
{"tweet_id":841793717207945216,"created_unixtime":1489534236610,"created_time":"Tue Mar 14 23:30:36 +0000 2017","lang":"en","displayname":"Ant_nav6","time_zone":"","msg":"RT RustlerBaseball Rustlers beat the Lasers 21 improve to 22 in OEC play tfranny29 picks up the win and adammoses16 gets the save…"}
{"tweet_id":841793717015089155,"created_unixtime":1489534236564,"created_time":"Tue Mar 14 23:30:36 +0000 2017","lang":"en","displayname":"leggoomyEGO","time_zone":"Pacific Time (US & Canada)","msg":"Not only did I get my bathing suit Charlie got his waterfall hes a happy chameleon now with a happy mama 🙂🤗"}
{"tweet_id":841793716885065728,"created_unixtime":1489534236533,"created_time":"Tue Mar 14 23:30:36 +0000 2017","lang":"en","displayname":"ArquetteSisters","time_zone":"International Date Line West","msg":"Happy PiDay indeed https//tco/HJ3G6j0eDl"}
{"tweet_id":841793715064700928,"created_unixtime":1489534236099,"created_time":"Tue Mar 14 23:30:36 +0000 2017","lang":"en","displayname":"megannnblackkkk","time_zone":"","msg":"happy birthday luke have a good day love you❤️❤️ https//tco/87sdJM6yx1"}
{"tweet_id":841793716687855616,"created_unixtime":1489534236486,"created_time":"Tue Mar 14 23:30:36 +0000 2017","lang":"en","displayname":"PeaceArchNews","time_zone":"Pacific Time (US & Canada)","msg":"Happy Pi Day The irrational but delicious holiday is celebrated today https//tco/uFAn2Mmod0 https//tco/VXl4bYp77s"}
{"tweet_id":841793717396688896,"created_unixtime":1489534236655,"created_time":"Tue Mar 14 23:30:36 +0000 2017","lang":"en","displayname":"HobgoodGlendon","time_zone":"Pacific Time (US & Canada)","msg":"RT DailyFlickNY Happy PiDayPi  1998LifeOfPi 2012MagnumPI 19801988PiDay2017 PiDayStorm DarrenAronofsky AngLee… "}
{"tweet_id":841793717262536704,"created_unixtime":1489534236623,"created_time":"Tue Mar 14 23:30:36 +0000 2017","lang":"en","displayname":"kidzucm","time_zone":"Eastern Time (US & Canada)","msg":"Happy Pi Day We hope it was a great one"}
{"tweet_id":841793717690232832,"created_unixtime":1489534236725,"created_time":"Tue Mar 14 23:30:36 +0000 2017","lang":"tl","displayname":"philipohyeah","time_zone":"Hong Kong","msg":"So ganun pala yun Sad life Always https//tco/b9g17jwpH5"}
{"tweet_id":841793717522456576,"created_unixtime":1489534236685,"created_time":"Tue Mar 14 23:30:36 +0000 2017","lang":"en","displayname":"jinpig_twt","time_zone":"Pacific Time (US & Canada)","msg":"RT kthjjg remember when jeongguk looked so so happy just tying taehyungs hair yes never forget this important moment  https//tco/x6ZJ…"}
{"tweet_id":841793717677789185,"created_unixtime":1489534236722,"created_time":"Tue Mar 14 23:30:36 +0000 2017","lang":"en","displayname":"ViaraDanielle","time_zone":"Eastern Time (US & Canada)","msg":"RT DejaJ___ Its not often you come across a person that is genuinely for YOU do whatever to make you happy So if you find them keep t…"}
{"tweet_id":841793717736480770,"created_unixtime":1489534236736,"created_time":"Tue Mar 14 23:30:36 +0000 2017","lang":"en","displayname":"elitheblackone","time_zone":"","msg":"RT SN_Ohio Happy birthday StephenCurry30 heres a compilation video https//tco/JmYjJXLt65"}
{"tweet_id":841793717723906048,"created_unixtime":1489534236733,"created_time":"Tue Mar 14 23:30:36 +0000 2017","lang":"en","displayname":"dolandillon","time_zone":"Pacific Time (US & Canada)","msg":"RT RickyPDillon Happy pi day https//tco/PyJRimk7d3"}
{"tweet_id":841793717673562113,"created_unixtime":1489534236721,"created_time":"Tue Mar 14 23:30:36 +0000 2017","lang":"en","displayname":"ladybug028","time_zone":"","msg":"RT Disneyland Happy Thanksgiving from our family to yours Fill your hearts todayand your plate https//tco/DoOMYsoUVb"}
{"tweet_id":841793715899383808,"created_unixtime":1489534236298,"created_time":"Tue Mar 14 23:30:36 +0000 2017","lang":"en","displayname":"Naomoonz","time_zone":"","msg":"Happy Birthday Umi💓💗 https//tco/cxDO4qnfiM"}
{"tweet_id":841793718634049536,"created_unixtime":1489534236950,"created_time":"Tue Mar 14 23:30:36 +0000 2017","lang":"en","displayname":"luvmahoneanyway","time_zone":"","msg":"RT RickyPDillon Happy pi day https//tco/PyJRimk7d3"}
{"tweet_id":841793718634074112,"created_unixtime":1489534236950,"created_time":"Tue Mar 14 23:30:36 +0000 2017","lang":"en","displayname":"Justcivility","time_zone":"","msg":"RT MrSpock2017 Please support Get rid of racist Steve King TheResistance Starfleet rosie https//tco/OVQLQqhCUz"}
{"tweet_id":841793719561031681,"created_unixtime":1489534237171,"created_time":"Tue Mar 14 23:30:37 +0000 2017","lang":"en","displayname":"DemingsPurpose","time_zone":"","msg":"RT RickyPDillon Happy pi day https//tco/PyJRimk7d3"}
{"tweet_id":841793719674249218,"created_unixtime":1489534237198,"created_time":"Tue Mar 14 23:30:37 +0000 2017","lang":"en","displayname":"cydniecole123","time_zone":"","msg":"RT ellzdotcom do what you gotta do to be happy"}
{"tweet_id":841793719590371329,"created_unixtime":1489534237178,"created_time":"Tue Mar 14 23:30:37 +0000 2017","lang":"en","displayname":"Scarpenter2_22","time_zone":"","msg":"RT CoupIesPosts Yall could easily get ur girl one of these for under 100 and shell be so happy https//tco/ExnOSAW9TD"}
{"tweet_id":841793720274038784,"created_unixtime":1489534237341,"created_time":"Tue Mar 14 23:30:37 +0000 2017","lang":"en","displayname":"wowpll__","time_zone":"Brasilia","msg":"RT SleepintheGardn Happy Monday everyone I am so proud to be a part of the work that thisbar is doing And I… https//tco/cKDboQd1w9"}
{"tweet_id":841793720668307458,"created_unixtime":1489534237435,"created_time":"Tue Mar 14 23:30:37 +0000 2017","lang":"en","displayname":"eludesswalker","time_zone":"","msg":"PiperNunley no you sad"}
{"tweet_id":841793720177573888,"created_unixtime":1489534237318,"created_time":"Tue Mar 14 23:30:37 +0000 2017","lang":"en","displayname":"cartoonistgroup","time_zone":"Arizona","msg":"Happy National Pi Day pi applepie pieday thebrilliantmindofedisonlee JDHambrock https//tco/K819BnUDs3 https//tco/hlqaoHL2JS"}
{"tweet_id":841793721540603904,"created_unixtime":1489534237643,"created_time":"Tue Mar 14 23:30:37 +0000 2017","lang":"en","displayname":"aleeexxxiis","time_zone":"","msg":"RT tesssthemesss Happy boy 😭😍 https//tco/brgoyygRQn"}
{"tweet_id":841793721741930496,"created_unixtime":1489534237691,"created_time":"Tue Mar 14 23:30:37 +0000 2017","lang":"en","displayname":"AbbyNews","time_zone":"Pacific Time (US & Canada)","msg":"Happy Pi Day The irrational but delicious holiday is celebrated today https//tco/TNQnCdkC3A https//tco/UmyemuHORd"}
{"tweet_id":841793722681565184,"created_unixtime":1489534237915,"created_time":"Tue Mar 14 23:30:37 +0000 2017","lang":"en","displayname":"alliegrreco","time_zone":"Atlantic Time (Canada)","msg":"RT reIates im so happy i grew up in a time where we played hide and seek amp played on the street with friends rather than playing on an i…"}
{"tweet_id":841793722996129792,"created_unixtime":1489534237990,"created_time":"Tue Mar 14 23:30:37 +0000 2017","lang":"en","displayname":"Guerrerocxcx","time_zone":"","msg":"RT bIess sometimes the best way to be happy is to learn to let go of things you tried hard to hold on to that are no longer good for you"}
{"tweet_id":841793718994763776,"created_unixtime":1489534237036,"created_time":"Tue Mar 14 23:30:37 +0000 2017","lang":"en","displayname":"lotp1D","time_zone":"Pacific Time (US & Canada)","msg":"ShawnMendes so happy and excited for you to be acting in this movie musical you must be pumped for this❤"}
{"tweet_id":841793719250653184,"created_unixtime":1489534237097,"created_time":"Tue Mar 14 23:30:37 +0000 2017","lang":"en","displayname":"ApgMurda","time_zone":"","msg":"RT JordanKeyera happy bday bae  headache  lifeline ❤️😘 ApgMurda  MagicNumber2️⃣4️⃣"}
{"tweet_id":841793718659174400,"created_unixtime":1489534236956,"created_time":"Tue Mar 14 23:30:36 +0000 2017","lang":"en","displayname":"AgassizObserver","time_zone":"Pacific Time (US & Canada)","msg":"Happy Pi Day The irrational but delicious holiday is celebrated today https//tco/XD1E5eQU4c https//tco/nTzNBK0QYu"}
{"tweet_id":841793718864773120,"created_unixtime":1489534237005,"created_time":"Tue Mar 14 23:30:37 +0000 2017","lang":"en","displayname":"snazzy_djh","time_zone":"Pacific Time (US & Canada)","msg":"RT RickyPDillon Happy pi day https//tco/PyJRimk7d3"}
{"tweet_id":841793717610676224,"created_unixtime":1489534236706,"created_time":"Tue Mar 14 23:30:36 +0000 2017","lang":"pt","displayname":"famfirstchiro","time_zone":"Arizona","msg":"A happy diagram https//tco/95jcsIq37P"}
{"tweet_id":841793719380525056,"created_unixtime":1489534237128,"created_time":"Tue Mar 14 23:30:37 +0000 2017","lang":"en","displayname":"AldergroveStar","time_zone":"","msg":"Happy Pi Day The irrational but delicious holiday is celebrated today https//tco/YFtqKfOrkX https//tco/UdgjpCJTg9"}
{"tweet_id":841793719556796418,"created_unixtime":1489534237170,"created_time":"Tue Mar 14 23:30:37 +0000 2017","lang":"en","displayname":"La_Belleza15","time_zone":"Central Time (US & Canada)","msg":"cuz them hoes ugly https//tco/j8VSW0mcQr"}
{"tweet_id":841793720441806853,"created_unixtime":1489534237381,"created_time":"Tue Mar 14 23:30:37 +0000 2017","lang":"en","displayname":"wysnizzle","time_zone":"","msg":"RT TOASTOTHEGOD Its Sad When Ur Own Friends Hate On You"}
{"tweet_id":841793720362057729,"created_unixtime":1489534237362,"created_time":"Tue Mar 14 23:30:37 +0000 2017","lang":"ja","displayname":"taman233","time_zone":"Beijing","msg":"RT tsukiuta1 ☆Happy White Day③☆恋「俺たちにプランを任せて頂ければ、笑いの耐えないデートをご提供してみせます！」駆「そして体重１kgはかたい」恋「フラれるヤツ…！」※DLOK※壁紙などマナーを守って使ってくださいね https/…"}
{"tweet_id":841793720676671488,"created_unixtime":1489534237437,"created_time":"Tue Mar 14 23:30:37 +0000 2017","lang":"en","displayname":"aeracnls","time_zone":"Beijing","msg":"voldemost antipatikath happy birthday tita 💓"}
{"tweet_id":841793721066692609,"created_unixtime":1489534237530,"created_time":"Tue Mar 14 23:30:37 +0000 2017","lang":"en","displayname":"mwpnx","time_zone":"Novosibirsk","msg":"RT whiterose_ww17 140314 SEVENTEENs Happy White Day 세븐틴 원우https//tco/coYvoq5vJW https//tco/VnCS6zUu6T"}
{"tweet_id":841793721301590016,"created_unixtime":1489534237586,"created_time":"Tue Mar 14 23:30:37 +0000 2017","lang":"en","displayname":"Caelum17svt","time_zone":"Pacific Time (US & Canada)","msg":"RT miinghao look at how happy chan got when he saw the lollipops https//tco/mQdgm0cTXD"}
{"tweet_id":841793721439944704,"created_unixtime":1489534237619,"created_time":"Tue Mar 14 23:30:37 +0000 2017","lang":"en","displayname":"andreanietooo","time_zone":"","msg":"RT teenagehumors ugly but can make u happy"}
{"tweet_id":841793720882192386,"created_unixtime":1489534237486,"created_time":"Tue Mar 14 23:30:37 +0000 2017","lang":"en","displayname":"EmilyMcEwen4","time_zone":"","msg":"RT todderic_ i had a dream david dobrik required me to shave my happy trail for the vlogs"}
{"tweet_id":841793719623856129,"created_unixtime":1489534237186,"created_time":"Tue Mar 14 23:30:37 +0000 2017","lang":"ja","displayname":"makityuneri","time_zone":"","msg":"海未ちゃんHappy Birthday✨✨大和撫子で恥ずかしがり屋の海未ちゃんが大大大好きーこれからもラブライバー皆で応援してるね☺︎︎💓園田海未生誕祭2017 ラブアローシュート https//tco/XwSjYzZonJ"}
{"tweet_id":841793721922330624,"created_unixtime":1489534237734,"created_time":"Tue Mar 14 23:30:37 +0000 2017","lang":"en","displayname":"jesslyn_andrea","time_zone":"Pacific Time (US & Canada)","msg":"Happy birthday Joe I love you josephsucks_"}
{"tweet_id":841793722492813312,"created_unixtime":1489534237870,"created_time":"Tue Mar 14 23:30:37 +0000 2017","lang":"en","displayname":"aDnKosich","time_zone":"","msg":"RT ANNIEMOHO Happy tunesday https//tco/1OQRiFtMOb https//tco/LS5OTbB37Y"}
{"tweet_id":841793723172306944,"created_unixtime":1489534238032,"created_time":"Tue Mar 14 23:30:38 +0000 2017","lang":"en","displayname":"bloodytargaryen","time_zone":"Brasilia","msg":"RT GameOfThrones Happy GameofThrones PiDay https//tco/N1spcVNHuw"}
{"tweet_id":841793723172302848,"created_unixtime":1489534238032,"created_time":"Tue Mar 14 23:30:38 +0000 2017","lang":"en","displayname":"llxmilkyxll","time_zone":"Central Time (US & Canada)","msg":"Ive been watching shameless since its debut and Im sooooo happy everyone is on board with the shits now"}
{"tweet_id":841793723180691459,"created_unixtime":1489534238034,"created_time":"Tue Mar 14 23:30:38 +0000 2017","lang":"en","displayname":"wurzburgerm","time_zone":"Pacific Time (US & Canada)","msg":"RT SBNationNBA Darko admitted his troubling issues while in the NBA but now he says hes happy as a farmer and that is great news 🙂https…"}
{"tweet_id":841793723621027840,"created_unixtime":1489534238139,"created_time":"Tue Mar 14 23:30:38 +0000 2017","lang":"ja","displayname":"anmitu_01","time_zone":"Tokyo","msg":"RT mugi_ happy birthday ユウくん https//tco/Avx2OtCufE"}
{"tweet_id":841793723696521216,"created_unixtime":1489534238157,"created_time":"Tue Mar 14 23:30:38 +0000 2017","lang":"en","displayname":"gracious1977","time_zone":"","msg":"RT encantoraine super happy sa outcome ng Mcdos National Breakfast day😊He got all the special attention even without really… "}
{"tweet_id":841793720697643010,"created_unixtime":1489534237442,"created_time":"Tue Mar 14 23:30:37 +0000 2017","lang":"en","displayname":"bruhhitsjen","time_zone":"","msg":"happy birthday qween CatSelman1 https//tco/4dTZKbhSZf"}
{"tweet_id":841793722908000256,"created_unixtime":1489534237969,"created_time":"Tue Mar 14 23:30:37 +0000 2017","lang":"en","displayname":"mrbabyboogaloo","time_zone":"Pacific Time (US & Canada)","msg":"Happy Birthday StephenCurry30 ChaChaCha StephenCurry MilesBrown jrnba NBA Blackish https//tco/wfLvDVZ3kE"}
{"tweet_id":841793724233453568,"created_unixtime":1489534238285,"created_time":"Tue Mar 14 23:30:38 +0000 2017","lang":"en","displayname":"mordy425","time_zone":"Eastern Time (US & Canada)","msg":"DennisCeeTv Happy 22nd birthday"}
{"tweet_id":841793723801452544,"created_unixtime":1489534238182,"created_time":"Tue Mar 14 23:30:38 +0000 2017","lang":"en","displayname":"HeleneCastaneda","time_zone":"","msg":"Hellooo find new girl and be happy  https//tco/nfunEllWnm https//tco/V1WJfAGsGv"}
{"tweet_id":841793724346732544,"created_unixtime":1489534238312,"created_time":"Tue Mar 14 23:30:38 +0000 2017","lang":"en","displayname":"lovearisz","time_zone":"Pacific Time (US & Canada)","msg":"RT LittleMix NoMoreSadSongs for REAL❌❤️ weve made a SpotifyUK playlist with some happy songs☺️ what should we add X the girl… "}
{"tweet_id":841793724589981697,"created_unixtime":1489534238370,"created_time":"Tue Mar 14 23:30:38 +0000 2017","lang":"en","displayname":"veronn_agostino","time_zone":"","msg":"RT airlifted its sad how so many friendships end with we just stopped talking"}
{"tweet_id":841793724669693953,"created_unixtime":1489534238389,"created_time":"Tue Mar 14 23:30:38 +0000 2017","lang":"en","displayname":"WolfgramAlpha","time_zone":"Eastern Time (US & Canada)","msg":"immmm tired of being a sad girl"}
{"tweet_id":841793725072343041,"created_unixtime":1489534238485,"created_time":"Tue Mar 14 23:30:38 +0000 2017","lang":"ja","displayname":"LlamadoVe","time_zone":"","msg":"RT Miho55Nishida Happy 7th Birthday AIMI❤️😊❤️生まれてきてくれてありがとう…ままの人生大きく変わりました☺️ https//tco/9APDHzg5eV"}
{"tweet_id":841793724887797760,"created_unixtime":1489534238441,"created_time":"Tue Mar 14 23:30:38 +0000 2017","lang":"en","displayname":"arklilli","time_zone":"","msg":"RT backwithuagain julieplec kevwilliamson  happy birthday Stelena King https//tco/hwLL8t5IYw"}
{"tweet_id":841793724996816896,"created_unixtime":1489534238467,"created_time":"Tue Mar 14 23:30:38 +0000 2017","lang":"en","displayname":"DonegalDaniel","time_zone":"","msg":"JohnMurphy51 Probably because there are enough people out there happy to do it for them Just my guess"}
{"tweet_id":841793725806305280,"created_unixtime":1489534238660,"created_time":"Tue Mar 14 23:30:38 +0000 2017","lang":"en","displayname":"MarcBoff","time_zone":"Central Time (US & Canada)","msg":"happy pi day https//tco/01zqDW86Dk"}
{"tweet_id":841793725609185280,"created_unixtime":1489534238613,"created_time":"Tue Mar 14 23:30:38 +0000 2017","lang":"en","displayname":"reddirtred","time_zone":"Central Time (US & Canada)","msg":"BolandDrummer Im very happy for buddy"}
{"tweet_id":841793726003449856,"created_unixtime":1489534238707,"created_time":"Tue Mar 14 23:30:38 +0000 2017","lang":"en","displayname":"GNHS_ModFoods","time_zone":"","msg":"RT North_LBC Happy Pi Day Knights_of_Math https//tco/Nkq5OA61P9"}
{"tweet_id":841793724845760512,"created_unixtime":1489534238431,"created_time":"Tue Mar 14 23:30:38 +0000 2017","lang":"en","displayname":"olive2281","time_zone":"","msg":"happy birthday to my bbg i love you so much💓 we look so off guard in this pic lmao f varsity views https//tco/jqdUSGPqQ2"}
{"tweet_id":841793725147709440,"created_unixtime":1489534238503,"created_time":"Tue Mar 14 23:30:38 +0000 2017","lang":"en","displayname":"surreyleader","time_zone":"Alaska","msg":"Happy Pi Day The irrational but delicious holiday is celebrated today https//tco/ngG4N3ZKuM https//tco/6gT6eHZ2HD"}
{"tweet_id":841793726192205824,"created_unixtime":1489534238752,"created_time":"Tue Mar 14 23:30:38 +0000 2017","lang":"en","displayname":"jonpeee","time_zone":"Eastern Time (US & Canada)","msg":"Thank my G https//tco/WNEVuzInMy"}
{"tweet_id":841793726817087488,"created_unixtime":1489534238901,"created_time":"Tue Mar 14 23:30:38 +0000 2017","lang":"ja","displayname":"Rina38Mcz","time_zone":"","msg":"waifudo ゆうー🎁Happy🎉Birthday🎂またみんなであそぼーね☺️"}
{"tweet_id":841793723788742656,"created_unixtime":1489534238179,"created_time":"Tue Mar 14 23:30:38 +0000 2017","lang":"ja","displayname":"yuu5638","time_zone":"","msg":"おはようございます今日は🏫合格発表の為在校生は二時間で終了！お弁当無し😉昨日はﾎﾜｲﾄﾃﾞｰたくさん貰ってきました♡今どきのDK…手作りですか😳 ｵﾗﾝｼﾞｪｯﾄ🍊にｽｺｰﾝ🍪ｸｯｷｰ👍今日もhappyに🍀 https//tco/WiZuWOd1K3"}
{"tweet_id":841793726150201344,"created_unixtime":1489534238742,"created_time":"Tue Mar 14 23:30:38 +0000 2017","lang":"en","displayname":"KIRASARA","time_zone":"Irkutsk","msg":"RT AnaHyunecia ❤김현중❤ Good Morning My Happiness💕 Happy Hyunday All🍀🌸ヾ〃∇ﾉ🌸 crtotheowner https//tco/Cnblj5yL23"}
{"tweet_id":841793726510977025,"created_unixtime":1489534238828,"created_time":"Tue Mar 14 23:30:38 +0000 2017","lang":"en","displayname":"BiboGhareb","time_zone":"","msg":"Happy BirthDay 🎉AsmAA_qandilL"}
{"tweet_id":841793726192209920,"created_unixtime":1489534238752,"created_time":"Tue Mar 14 23:30:38 +0000 2017","lang":"en","displayname":"SleepyGradLady","time_zone":"","msg":"Honestly the whole soundtrack makes me cry happy tears such an ode to female friendship 💚"}
{"tweet_id":841793726691303424,"created_unixtime":1489534238871,"created_time":"Tue Mar 14 23:30:38 +0000 2017","lang":"en","displayname":"wahid_nabi14","time_zone":"Eastern Time (US & Canada)","msg":"Happy Birthday❤ Zachcomolli_"}
{"tweet_id":841793726548713472,"created_unixtime":1489534238837,"created_time":"Tue Mar 14 23:30:38 +0000 2017","lang":"en","displayname":"KlinkhamerSue","time_zone":"","msg":"Matt_Fox10 Very sad"}
{"tweet_id":841793727127408640,"created_unixtime":1489534238975,"created_time":"Tue Mar 14 23:30:38 +0000 2017","lang":"en","displayname":"blissfulmin","time_zone":"Pacific Time (US & Canada)","msg":"happy birthday asshole 😏👀"}
{"tweet_id":841793727140102145,"created_unixtime":1489534238978,"created_time":"Tue Mar 14 23:30:38 +0000 2017","lang":"en","displayname":"with_luvey","time_zone":"Eastern Time (US & Canada)","msg":"ninjapirate902 im happy that people these days are more willing to call things out like Iron Fist on Netflix"}
{"tweet_id":841793727077220352,"created_unixtime":1489534238963,"created_time":"Tue Mar 14 23:30:38 +0000 2017","lang":"en","displayname":"arredcarlos10","time_zone":"","msg":"Happy Brother Turbooo Hope youve been having a great day ✊💪turboo35"}
{"tweet_id":841793727274328064,"created_unixtime":1489534239010,"created_time":"Tue Mar 14 23:30:39 +0000 2017","lang":"en","displayname":"pttychvz","time_zone":"","msg":"RT slaystr Why does he look so sad https//tco/zBqpF972pj"}
{"tweet_id":841793729602117632,"created_unixtime":1489534239565,"created_time":"Tue Mar 14 23:30:39 +0000 2017","lang":"en","displayname":"stackeedoo","time_zone":"Hong Kong","msg":"RT MillennialOfMNL This is your reminder that its okay to not be okay No one is constantly happy Your emotions are yours No one can t…"}
{"tweet_id":841793729711247360,"created_unixtime":1489534239591,"created_time":"Tue Mar 14 23:30:39 +0000 2017","lang":"en","displayname":"KSP_Libs","time_zone":"Central Time (US & Canada)","msg":"RT Luminato Happy PiDay to all of our math friends out there https//tco/SF9d7FU3C8"}
{"tweet_id":841793729832865794,"created_unixtime":1489534239620,"created_time":"Tue Mar 14 23:30:39 +0000 2017","lang":"en","displayname":"tiffbrown06","time_zone":"","msg":"RT OfficialVibing My only goal in life right now is to be genuinely happy"}
{"tweet_id":841793730298355712,"created_unixtime":1489534239731,"created_time":"Tue Mar 14 23:30:39 +0000 2017","lang":"ja","displayname":"mikio2441","time_zone":"","msg":"RT anilove_you ♡Happy うみちゃん Birthday♡今日はしっかり者の海未ちゃんの誕生日！！皆でお祝いしましょー！！うっみうみうー〃gtωlt★園田海未生誕祭2017 3月15日は園田海未の誕生日  祝う人RT… "}
{"tweet_id":841793730130649089,"created_unixtime":1489534239691,"created_time":"Tue Mar 14 23:30:39 +0000 2017","lang":"en","displayname":"p0isonpenletter","time_zone":"Pacific Time (US & Canada)","msg":"RT RickyPDillon Happy pi day https//tco/PyJRimk7d3"}
{"tweet_id":841793730528997376,"created_unixtime":1489534239786,"created_time":"Tue Mar 14 23:30:39 +0000 2017","lang":"tl","displayname":"ImGeGeGeGe","time_zone":"","msg":"RT lado_graceSteph Kung gusto lage masaya umaga manuod lang kayo ng MB dahil anjan si Melai lage happy at comedy MBMayWard https//tco…"}
{"tweet_id":841793730466086913,"created_unixtime":1489534239771,"created_time":"Tue Mar 14 23:30:39 +0000 2017","lang":"en","displayname":"boshuajiggs","time_zone":"Central Time (US & Canada)","msg":"Happy birthday Jonathan_JRose cant wait for the next four years brotha🤘🏻🤘🏻goutes"}
{"tweet_id":841793731380445185,"created_unixtime":1489534239989,"created_time":"Tue Mar 14 23:30:39 +0000 2017","lang":"en","displayname":"aqctina","time_zone":"Pacific Time (US & Canada)","msg":"RT MillennialOfMNL This is your reminder that its okay to not be okay No one is constantly happy Your emotions are yours No one can t…"}
{"tweet_id":841793731061788672,"created_unixtime":1489534239913,"created_time":"Tue Mar 14 23:30:39 +0000 2017","lang":"en","displayname":"stmarkslionspbg","time_zone":"Eastern Time (US & Canada)","msg":"Birthday girl celebrates with giving a pie to the face of her teacher Mr Grossmayer Happy Birthday and Happy https//tco/nfEiM27SIZ"}
{"tweet_id":841793731271499776,"created_unixtime":1489534239963,"created_time":"Tue Mar 14 23:30:39 +0000 2017","lang":"en","displayname":"stiaguinhosilv","time_zone":"Pacific Time (US & Canada)","msg":"RT ChampionsLeague Sad to see you go Porto amp Sevilla Best of luck for the rest of the season amp hope to see you back soon 👏 UCL https/…"}
{"tweet_id":841793731250511872,"created_unixtime":1489534239958,"created_time":"Tue Mar 14 23:30:39 +0000 2017","lang":"en","displayname":"OddGirlSophie","time_zone":"Mountain Time (US & Canada)","msg":"same happy 314159268 day https//tco/VwcBkq7wE9"}
{"tweet_id":841793726968139779,"created_unixtime":1489534238937,"created_time":"Tue Mar 14 23:30:38 +0000 2017","lang":"en","displayname":"Turtle_Girl_11","time_zone":"","msg":"RT RickyPDillon Happy pi day https//tco/PyJRimk7d3"}
{"tweet_id":841793727425351680,"created_unixtime":1489534239046,"created_time":"Tue Mar 14 23:30:39 +0000 2017","lang":"en","displayname":"BookPimping","time_zone":"","msg":"RT momwifebusylife Check out this PiDay video Who will you share your pie with today gtgt https//tco/6ku25QRWaFHappy Pi… "}
{"tweet_id":841793726150258689,"created_unixtime":1489534238742,"created_time":"Tue Mar 14 23:30:38 +0000 2017","lang":"en","displayname":"athen_hayes","time_zone":"","msg":"Happy birthday BAE 😍 Arleesiaa https//tco/lCKuG919Uk"}
{"tweet_id":841793727622483968,"created_unixtime":1489534239093,"created_time":"Tue Mar 14 23:30:39 +0000 2017","lang":"en","displayname":"coachgood5510","time_zone":"","msg":"Happy Birthday Frank"}
{"tweet_id":841793727878316033,"created_unixtime":1489534239154,"created_time":"Tue Mar 14 23:30:39 +0000 2017","lang":"en","displayname":"rafaelroballo","time_zone":"Brasilia","msg":"RT NASA Its PiDay It may be irrational but pi plays an important role in the work of scientists at NASA… "}
{"tweet_id":841793728209551360,"created_unixtime":1489534239233,"created_time":"Tue Mar 14 23:30:39 +0000 2017","lang":"en","displayname":"Aaliyah37465609","time_zone":"","msg":"RT RickyPDillon Happy pi day https//tco/PyJRimk7d3"}
{"tweet_id":841793728314400768,"created_unixtime":1489534239258,"created_time":"Tue Mar 14 23:30:39 +0000 2017","lang":"en","displayname":"tfranny29","time_zone":"","msg":"RT RustlerBaseball Rustlers beat the Lasers 21 improve to 22 in OEC play tfranny29 picks up the win and adammoses16 gets the save…"}
{"tweet_id":841793728322789376,"created_unixtime":1489534239260,"created_time":"Tue Mar 14 23:30:39 +0000 2017","lang":"ja","displayname":"12natsumi20","time_zone":"Pacific Time (US & Canada)","msg":"【連載マンガ】「ほしとくずDont worry Be happy CHAPTER01」を読みました！人気マンガが無料で読める！LINEマンガ今スグ読む→ https//tco/nfsDEqjQlx LINEマンガ"}
{"tweet_id":841793728339709952,"created_unixtime":1489534239264,"created_time":"Tue Mar 14 23:30:39 +0000 2017","lang":"en","displayname":"gulker5w69t","time_zone":"","msg":"RT realDonaldTrump HAPPY PRESIDENTS DAY  MAKE AMERICA GREAT AGAIN"}
{"tweet_id":841793728272560128,"created_unixtime":1489534239248,"created_time":"Tue Mar 14 23:30:39 +0000 2017","lang":"en","displayname":"shotwell_sarah","time_zone":"","msg":"Im trying to be happy for you I really am"}
{"tweet_id":841793727203028992,"created_unixtime":1489534238993,"created_time":"Tue Mar 14 23:30:38 +0000 2017","lang":"en","displayname":"jiggleighpuff","time_zone":"","msg":"Ran for the first time in SA And Im so happy 😊❤ https//tco/uIYas6x1Ll"}
{"tweet_id":841793728608100352,"created_unixtime":1489534239328,"created_time":"Tue Mar 14 23:30:39 +0000 2017","lang":"en","displayname":"wiredtruce","time_zone":"","msg":"RT pastelfooIs now this i agree with https//tco/ZR9076DIs0"}
{"tweet_id":841793728712978432,"created_unixtime":1489534239353,"created_time":"Tue Mar 14 23:30:39 +0000 2017","lang":"en","displayname":"leighsmanix","time_zone":"","msg":"RT USAGym Happy birthday to the most decorated American gymnast fourtime Olympic gold medalist 10time world champion… "}
{"tweet_id":841793728784261120,"created_unixtime":1489534239370,"created_time":"Tue Mar 14 23:30:39 +0000 2017","lang":"en","displayname":"radio_format","time_zone":"Eastern Time (US & Canada)","msg":"RT kalebhorton Saying America is optimistic because CEOs are optimistic is like saying prisoners are happy because you heard the w… "}
{"tweet_id":841793728994000897,"created_unixtime":1489534239420,"created_time":"Tue Mar 14 23:30:39 +0000 2017","lang":"en","displayname":"JasonWi46237078","time_zone":"","msg":"RT ElegantlySlutty Its been a while so happy titty Tuesday tittytuesday milf alwayshorny https//tco/caypTx90SB"}
{"tweet_id":841793728826232832,"created_unixtime":1489534239380,"created_time":"Tue Mar 14 23:30:39 +0000 2017","lang":"en","displayname":"haleysdanielle","time_zone":"Pacific Time (US & Canada)","msg":"fuck being sad  and fuck oomf"}
{"tweet_id":841793729539133440,"created_unixtime":1489534239550,"created_time":"Tue Mar 14 23:30:39 +0000 2017","lang":"ja","displayname":"Kyosuke3310","time_zone":"","msg":"RT anilove_you ♡Happy うみちゃん Birthday♡今日はしっかり者の海未ちゃんの誕生日！！皆でお祝いしましょー！！うっみうみうー〃gtωlt★園田海未生誕祭2017 3月15日は園田海未の誕生日  祝う人RT… "}
