{"tweet_id":841810445707096064,"created_unixtime":1489538224995,"created_time":"Wed Mar 15 00:37:04 +0000 2017","lang":"en","displayname":"jazelabellaxo","time_zone":"Pacific Time (US & Canada)","msg":"looking back at these old pictures and memories makes me miss how happy i used to be"}
{"tweet_id":841810445413564418,"created_unixtime":1489538224925,"created_time":"Wed Mar 15 00:37:04 +0000 2017","lang":"en","displayname":"bbyneezus","time_zone":"","msg":"RT justjeana24 I love seeing my friends happy"}
{"tweet_id":841810445409390592,"created_unixtime":1489538224924,"created_time":"Wed Mar 15 00:37:04 +0000 2017","lang":"en","displayname":"HobbesQ","time_zone":"America/Chicago","msg":"RT ESP_MTG Widget is going to lose despite earning the 3rd most votes in the entire field I know I should be happy but its b… "}
{"tweet_id":841810446441046016,"created_unixtime":1489538225170,"created_time":"Wed Mar 15 00:37:05 +0000 2017","lang":"ja","displayname":"wagHanamaru","time_zone":"","msg":"RT HQ2as 海未ちゃんHappy Birthday🎉🎉🎉園田海未生誕祭2017 3月15日は園田海未の誕生日 ラブライバーと繋がりたい RTした人全員フォローする https//tco/PRk8XRzeae"}
{"tweet_id":841810446067879937,"created_unixtime":1489538225081,"created_time":"Wed Mar 15 00:37:05 +0000 2017","lang":"en","displayname":"dreamerjas28","time_zone":"Atlantic Time (Canada)","msg":"RT troytheblackguy All she wanted to do was say happy birthday to her friend but twitter just couldnt let her live lmaooo https//tco/X…"}
{"tweet_id":841810446550220807,"created_unixtime":1489538225196,"created_time":"Wed Mar 15 00:37:05 +0000 2017","lang":"en","displayname":"thatCSAguy","time_zone":"Eastern Time (US & Canada)","msg":"RT DashaFuentesWWE Happy Pi Day everyone Im super excited that this year it falls on WWE SDLive day… https//tco/aNxlJoGaIa"}
{"tweet_id":841810446738968576,"created_unixtime":1489538225241,"created_time":"Wed Mar 15 00:37:05 +0000 2017","lang":"en","displayname":"lexceegrant_","time_zone":"Pacific Time (US & Canada)","msg":"To be completely honest i dont really care about ppl or things that arent benefiting me Im more than happy to grind by myself"}
{"tweet_id":841810447007277057,"created_unixtime":1489538225305,"created_time":"Wed Mar 15 00:37:05 +0000 2017","lang":"en","displayname":"whatyonameizz","time_zone":"","msg":"RT ari_coronado01 Happy birthday fea❤️🎉 whatyonameizz"}
{"tweet_id":841810446814478339,"created_unixtime":1489538225259,"created_time":"Wed Mar 15 00:37:05 +0000 2017","lang":"en","displayname":"JuniorBrokerBae","time_zone":"Arizona","msg":"EdgeDaDon718 I see smh  this is just sad"}
{"tweet_id":841810446915145728,"created_unixtime":1489538225283,"created_time":"Wed Mar 15 00:37:05 +0000 2017","lang":"en","displayname":"hannah_tharp","time_zone":"","msg":"happy bday 😊 ryleygrauu"}
{"tweet_id":841810446885761026,"created_unixtime":1489538225276,"created_time":"Wed Mar 15 00:37:05 +0000 2017","lang":"en","displayname":"PIYUSHINSAN7","time_zone":"","msg":"RT Gurmeetramrahim MSGwishesToArmedForces Jai Hind amp Happy Holi to the courageous Armed Forces who valiantly defend the honor of our… "}
{"tweet_id":841810447175176192,"created_unixtime":1489538225345,"created_time":"Wed Mar 15 00:37:05 +0000 2017","lang":"en","displayname":"imabxnxna","time_zone":"Madrid","msg":"RT lqjjk a happy bunny https//tco/BDODvRcYT1"}
{"tweet_id":841810446806077441,"created_unixtime":1489538225257,"created_time":"Wed Mar 15 00:37:05 +0000 2017","lang":"en","displayname":"Countrypoohbear","time_zone":"Eastern Time (US & Canada)","msg":"MomItForward gno A6 yogurt covered raisins make me happy AVOhappiness"}
{"tweet_id":841810447338680321,"created_unixtime":1489538225384,"created_time":"Wed Mar 15 00:37:05 +0000 2017","lang":"en","displayname":"LibraryECiM","time_zone":"Pacific Time (US & Canada)","msg":"dearECiM The Library is full really full of happy reading pairs Years 7 10 11 reading to each other and enjoying books"}
{"tweet_id":841810447565225984,"created_unixtime":1489538225438,"created_time":"Wed Mar 15 00:37:05 +0000 2017","lang":"en","displayname":"bwallss_","time_zone":"","msg":"RT karina_hefner i get so sad for no reason its so annoying"}
{"tweet_id":841810447686873089,"created_unixtime":1489538225467,"created_time":"Wed Mar 15 00:37:05 +0000 2017","lang":"en","displayname":"lexbabiex33","time_zone":"","msg":"RT Cyn_Santana Hmmm think I wanna eat ice cream watch sad movies and cry all night Send those movies in guys ☺"}
{"tweet_id":841810444469837824,"created_unixtime":1489538224700,"created_time":"Wed Mar 15 00:37:04 +0000 2017","lang":"en","displayname":"catarina_34","time_zone":"","msg":"happy dayzzzz🌞👅 https//tco/lg6WZ3wM2i"}
{"tweet_id":841810447523274752,"created_unixtime":1489538225428,"created_time":"Wed Mar 15 00:37:05 +0000 2017","lang":"en","displayname":"Craz3r18","time_zone":"Eastern Time (US & Canada)","msg":"RT Micko9 Happy Pi Day Thanks penguins amp pensfoundation for the Great bag Loved the extra surprise instead Kessel jers… "}
{"tweet_id":841810447812706304,"created_unixtime":1489538225497,"created_time":"Wed Mar 15 00:37:05 +0000 2017","lang":"en","displayname":"kathyarvis","time_zone":"Eastern Time (US & Canada)","msg":"RT DineAcadiana Theres still an hour left to get happy 5 HappyHour drinks til 7 Try the RiverTea with FireflySpirits Sweet T… "}
{"tweet_id":841810447913385985,"created_unixtime":1489538225521,"created_time":"Wed Mar 15 00:37:05 +0000 2017","lang":"en","displayname":"MakeItStack_Mel","time_zone":"Alaska","msg":"RT SpicyBajanRoll MakeItStack_Mel Happy birthday bro"}
{"tweet_id":841810448261378048,"created_unixtime":1489538225604,"created_time":"Wed Mar 15 00:37:05 +0000 2017","lang":"en","displayname":"jron21","time_zone":"","msg":"RT OFCALDubKoTo WE DEFINE OUR SET OF EXPECTATIONS AND OUR STANDARDS TO REACH HAPPINESS WHICH WE ALL CALL CONTENTMENT 😊… "}
{"tweet_id":841810447934332929,"created_unixtime":1489538225526,"created_time":"Wed Mar 15 00:37:05 +0000 2017","lang":"en","displayname":"ZoeEdwards12","time_zone":"","msg":"Hay find new girl and be happy  https//tco/kUiwoywpxa https//tco/hfds8XOrJr"}
{"tweet_id":841810448815165440,"created_unixtime":1489538225736,"created_time":"Wed Mar 15 00:37:05 +0000 2017","lang":"en","displayname":"MOMOTHISISHER","time_zone":"Quito","msg":"Life without sex and all the extra that comes along with  a happy life"}
{"tweet_id":841810448441872384,"created_unixtime":1489538225647,"created_time":"Wed Mar 15 00:37:05 +0000 2017","lang":"en","displayname":"Iukcyone","time_zone":"Eastern Time (US & Canada)","msg":"hailey is restanning bts I AM SO HAPPY https//tco/1quFBNfVND"}
{"tweet_id":841810449385558017,"created_unixtime":1489538225872,"created_time":"Wed Mar 15 00:37:05 +0000 2017","lang":"en","displayname":"fidgets2widgets","time_zone":"Pacific Time (US & Canada)","msg":"RT neiltyson 314  Happy Piday to Gregorian calendar users who reckon dates with month followed by day separated by period omitting year"}
{"tweet_id":841810449297469440,"created_unixtime":1489538225851,"created_time":"Wed Mar 15 00:37:05 +0000 2017","lang":"en","displayname":"dualkoondog","time_zone":"","msg":"RT RichardBSpencer ThaRightStuff It was at their second party after CPAC Someone defended me and Cerno turned into a Gorilla Had to…"}
{"tweet_id":841810449188421633,"created_unixtime":1489538225825,"created_time":"Wed Mar 15 00:37:05 +0000 2017","lang":"en","displayname":"hwrcrux","time_zone":"Brasilia","msg":"danieljgillies happy bday mozao"}
{"tweet_id":841810449951793152,"created_unixtime":1489538226007,"created_time":"Wed Mar 15 00:37:06 +0000 2017","lang":"en","displayname":"bethgingerhogg","time_zone":"","msg":"RT itsGirICode THIS DOGS REACTION TO GETTING ADOPTED MAKES ME SO HAPPY 😭❤️ https//tco/KA5Ipv0PUM"}
{"tweet_id":841810450086023174,"created_unixtime":1489538226039,"created_time":"Wed Mar 15 00:37:06 +0000 2017","lang":"en","displayname":"rb5252552","time_zone":"","msg":"RT singhcharu157 Good eve amp happy holi https//tco/bc9JqCGFAv"}
{"tweet_id":841810450354458625,"created_unixtime":1489538226103,"created_time":"Wed Mar 15 00:37:06 +0000 2017","lang":"en","displayname":"ghara_hara","time_zone":"","msg":"RT irmaroxas3 Ratio ALDUBxDTBYTugOfHearts https//tco/Yo0mOijOJS"}
{"tweet_id":841810450513854465,"created_unixtime":1489538226141,"created_time":"Wed Mar 15 00:37:06 +0000 2017","lang":"en","displayname":"scampbellgray","time_zone":"","msg":"RT medic914 My thoughts are with the crew families and those colleagues involved in the sad recovery operation https//tco/LYYQ0YnHjO"}
{"tweet_id":841810449754648576,"created_unixtime":1489538225960,"created_time":"Wed Mar 15 00:37:05 +0000 2017","lang":"en","displayname":"DURGESHG7","time_zone":"New Delhi","msg":"Be happy Its one way of being wise Sidonie Gabrielle Colette"}
{"tweet_id":841810451092668417,"created_unixtime":1489538226279,"created_time":"Wed Mar 15 00:37:06 +0000 2017","lang":"en","displayname":"lifetimefitness","time_zone":"Central Time (US & Canada)","msg":"katieswart Great Were happy to have you Feel free to share this pass with a friend CR"}
{"tweet_id":841810450476072960,"created_unixtime":1489538226132,"created_time":"Wed Mar 15 00:37:06 +0000 2017","lang":"en","displayname":"DegrelleIgnace","time_zone":"","msg":"What a horrible specimen the mask slips when the bomber gets angry  share space with that  I rather stick pi… https//tco/ebpwHMdNK7"}
{"tweet_id":841810450761244672,"created_unixtime":1489538226200,"created_time":"Wed Mar 15 00:37:06 +0000 2017","lang":"en","displayname":"lorri1956","time_zone":"Pacific Time (US & Canada)","msg":"RT MomItForward Q6 DOES FOOD MAKE YOU HAPPY WHAT DISHES MAKE YOU THE HAPPIEST AvoHappiness GNO PLS RT"}
{"tweet_id":841810450761306113,"created_unixtime":1489538226200,"created_time":"Wed Mar 15 00:37:06 +0000 2017","lang":"en","displayname":"alarconpablo10","time_zone":"","msg":"RT SabrinaG2011 usjen1 Thank you dear Jij 🌷🌸Happy Sunday my dear friend ❄️🍂❄️🍂❄️🍂❄️🍂❄️🍂 https//tco/5oKrDsYzZG"}
{"tweet_id":841810450291466240,"created_unixtime":1489538226088,"created_time":"Wed Mar 15 00:37:06 +0000 2017","lang":"en","displayname":"miirusz","time_zone":"Asia/Kuala_Lumpur","msg":"RT yuyunadaa miirusz happy birthday kak mirah stay pretty"}
{"tweet_id":841810451017154560,"created_unixtime":1489538226261,"created_time":"Wed Mar 15 00:37:06 +0000 2017","lang":"en","displayname":"eliball15","time_zone":"","msg":"DanHaynesProd happy birthday man Hopefully I get to see you again this year"}
{"tweet_id":841810449934893056,"created_unixtime":1489538226003,"created_time":"Wed Mar 15 00:37:06 +0000 2017","lang":"ja","displayname":"yashiro_loser02","time_zone":"Pacific Time (US & Canada)","msg":"RT lizmgukk 海未ちゃん誕生日おめでとう！！園田海未生誕祭2017 まとめあげました↓【μs】Happy Birthday「H２８」  トマー pixiv https//tco/2W66OhiEMI https//tco/s2fYsA…"}
{"tweet_id":841810450857762819,"created_unixtime":1489538226223,"created_time":"Wed Mar 15 00:37:06 +0000 2017","lang":"en","displayname":"smcpherson_tx","time_zone":"Central Time (US & Canada)","msg":"A beautiful love story very sadhttps//tco/qsmQ0kJqxd"}
{"tweet_id":841810451423981568,"created_unixtime":1489538226358,"created_time":"Wed Mar 15 00:37:06 +0000 2017","lang":"en","displayname":"writer79","time_zone":"Eastern Time (US & Canada)","msg":"RT BillNye Happy 314 Day peoples"}
{"tweet_id":841810451654684673,"created_unixtime":1489538226413,"created_time":"Wed Mar 15 00:37:06 +0000 2017","lang":"und","displayname":"MechWarriorNY","time_zone":"Eastern Time (US & Canada)","msg":"RT vxrbxl happy π day🍴💖 https//tco/HzFW5nCfiA"}
{"tweet_id":841810451784642560,"created_unixtime":1489538226444,"created_time":"Wed Mar 15 00:37:06 +0000 2017","lang":"en","displayname":"HeginioT","time_zone":"","msg":"RT camillekbasa Happy Pi📐📈Day Homie😂😂😂Id Never🙅🚫Subtract➖U From My Life💯 U☝️Add ➕ Good Times🍻🍸amp I Wish The Fun 👯 Would Multiply✖️Send To…"}
{"tweet_id":841810451453366274,"created_unixtime":1489538226365,"created_time":"Wed Mar 15 00:37:06 +0000 2017","lang":"en","displayname":"elkz__","time_zone":"Pacific Time (US & Canada)","msg":"NightNightIko Happy Birthday"}
{"tweet_id":841810452082503680,"created_unixtime":1489538226515,"created_time":"Wed Mar 15 00:37:06 +0000 2017","lang":"en","displayname":"SUFSDCounseling","time_zone":"","msg":"Very powerful and incredibly sad  https//tco/nyLVNfW95j"}
{"tweet_id":841810452594192384,"created_unixtime":1489538226637,"created_time":"Wed Mar 15 00:37:06 +0000 2017","lang":"en","displayname":"LaymonHailey","time_zone":"","msg":"Happy Birthday Steffens00"}
{"tweet_id":841810452573175808,"created_unixtime":1489538226632,"created_time":"Wed Mar 15 00:37:06 +0000 2017","lang":"en","displayname":"nevaehtt_","time_zone":"","msg":"RT meanpIastic Someone When was the last time u were truly happyMe https//tco/ntTKfIwWx1"}
{"tweet_id":841810452845862912,"created_unixtime":1489538226697,"created_time":"Wed Mar 15 00:37:06 +0000 2017","lang":"en","displayname":"archicsvaleric","time_zone":"Pacific Time (US & Canada)","msg":"RT EmmaSlaterDance Happy 20th birthday sweet girl Im so happy we will be dancing along side each other this… https//tco/4kvEj8XPwI"}
{"tweet_id":841810453370101761,"created_unixtime":1489538226822,"created_time":"Wed Mar 15 00:37:06 +0000 2017","lang":"en","displayname":"AngelaSenecs","time_zone":"","msg":"Happy Birthday hydeeasuncion  Wishing you all the best Enjoy your day baby girl"}
{"tweet_id":841810452795527168,"created_unixtime":1489538226685,"created_time":"Wed Mar 15 00:37:06 +0000 2017","lang":"en","displayname":"FadalySara","time_zone":"","msg":"RT SincerelyTumblr So annoying when ppl are like ur always laughin U laugh at everything Its not that funny like OK sorry Im a hap…"}
{"tweet_id":841810453332430848,"created_unixtime":1489538226813,"created_time":"Wed Mar 15 00:37:06 +0000 2017","lang":"en","displayname":"KeithBarstow","time_zone":"","msg":"WhoopiGoldberg What did U say when Obama said the same thing in a speech in 2015 He said they were immigrants as well U said nothing SAD"}
{"tweet_id":841810452250263552,"created_unixtime":1489538226555,"created_time":"Wed Mar 15 00:37:06 +0000 2017","lang":"en","displayname":"CourtneyStano","time_zone":"","msg":"Happy birthday Breyonce thanks for always being so adventurous I cant wait to celebrate with you tn🎉🎊 https//tco/KXAf7Pam2f"}
{"tweet_id":841810452694876160,"created_unixtime":1489538226661,"created_time":"Wed Mar 15 00:37:06 +0000 2017","lang":"en","displayname":"pierrefenner","time_zone":"","msg":"Sad but https//tco/QafrvQmx49"}
{"tweet_id":841810452753575936,"created_unixtime":1489538226675,"created_time":"Wed Mar 15 00:37:06 +0000 2017","lang":"en","displayname":"rkkusner","time_zone":"","msg":"Happy to be part of the insanity with my NewGrowthGroup colleagues https//tco/qgw0G830Sd"}
{"tweet_id":841810453638479872,"created_unixtime":1489538226886,"created_time":"Wed Mar 15 00:37:06 +0000 2017","lang":"und","displayname":"sofiaomegle","time_zone":"","msg":"RT karliekloss 😱 https//tco/cLFx8OSj9e"}
{"tweet_id":841810453684613120,"created_unixtime":1489538226897,"created_time":"Wed Mar 15 00:37:06 +0000 2017","lang":"ja","displayname":"__0Knn","time_zone":"","msg":"RT 120505misaki Happy Birthday 可愛い可愛いひよりちゃんちょいちょい遊ばないと不足するよ見中戻れたら毎日会えてたのにね、、ダ イ ス キ💓💓 https//tco/zvzs37TgQB"}
{"tweet_id":841810453907025920,"created_unixtime":1489538226950,"created_time":"Wed Mar 15 00:37:06 +0000 2017","lang":"en","displayname":"AldiN_SB5","time_zone":"Pacific Time (US & Canada)","msg":"RT Rafaholics Nadal “I played a good match no Very aggressive with my serve serving well hitting good forehands good backha… "}
{"tweet_id":841810453328195585,"created_unixtime":1489538226812,"created_time":"Wed Mar 15 00:37:06 +0000 2017","lang":"en","displayname":"James_Voss327","time_zone":"","msg":"Happy Birthday smarold24 Hopefully one day you will be able to dunk on me😂🤞🏼"}
{"tweet_id":841810454972260352,"created_unixtime":1489538227204,"created_time":"Wed Mar 15 00:37:07 +0000 2017","lang":"en","displayname":"lilr_lilj12","time_zone":"Alaska","msg":"RT lucyliciousmith Edward So happy to be here MBMayWard"}
{"tweet_id":841810454833844225,"created_unixtime":1489538227171,"created_time":"Wed Mar 15 00:37:07 +0000 2017","lang":"en","displayname":"deepikachuuu_","time_zone":"Pacific Time (US & Canada)","msg":"RT cypherville i just want bts to be happy and healthy and i would give them a whole universe if i could"}
{"tweet_id":841810454653636608,"created_unixtime":1489538227128,"created_time":"Wed Mar 15 00:37:07 +0000 2017","lang":"en","displayname":"ItsmeEmily23","time_zone":"Pacific Time (US & Canada)","msg":"RT fictionaIs When you’re happy to just watch a show and avoid all of the fandom negativity and ship wars https//tco/wrssmMtdJn"}
{"tweet_id":841810454993358849,"created_unixtime":1489538227209,"created_time":"Wed Mar 15 00:37:07 +0000 2017","lang":"en","displayname":"fiftharmonia5","time_zone":"","msg":"RT 5HVotingStats Scared Of Happy FifthHarmony YouKnowYouLoveThem radiodisney"}
{"tweet_id":841810455010115585,"created_unixtime":1489538227213,"created_time":"Wed Mar 15 00:37:07 +0000 2017","lang":"en","displayname":"liseve91","time_zone":"","msg":"rj4gui4r could you wish my best friend AlonaDanger a very happy birthday"}
{"tweet_id":841810455404273664,"created_unixtime":1489538227307,"created_time":"Wed Mar 15 00:37:07 +0000 2017","lang":"en","displayname":"HafizHoho8","time_zone":"Kuala Lumpur","msg":"RT StoryInPicture Happy vs Unhappy https//tco/RtxpzaqTG6"}
{"tweet_id":841810455140147204,"created_unixtime":1489538227244,"created_time":"Wed Mar 15 00:37:07 +0000 2017","lang":"en","displayname":"gyebi59","time_zone":"Amsterdam","msg":"RT LombeBNgandu Happy Birthday to Paul Pogba born March 15 1993      PaulPogba    ManchesterUnited"}
{"tweet_id":841810455576338433,"created_unixtime":1489538227348,"created_time":"Wed Mar 15 00:37:07 +0000 2017","lang":"en","displayname":"rumcakesbybetty","time_zone":"Eastern Time (US & Canada)","msg":"HAPPY PI DAY from https//tco/bWel2Pn2Uq https//tco/DRXgLiSwER"}
{"tweet_id":841810455932821505,"created_unixtime":1489538227433,"created_time":"Wed Mar 15 00:37:07 +0000 2017","lang":"en","displayname":"AshrenOlarte","time_zone":"","msg":"Its been 2 years since I started dating such a lovely guy ❤ Happy 2 year anniversary love https//tco/hXapysI8UQ"}
{"tweet_id":841810456448708608,"created_unixtime":1489538227556,"created_time":"Wed Mar 15 00:37:07 +0000 2017","lang":"en","displayname":"sass1h","time_zone":"Pacific Time (US & Canada)","msg":"RT amynelss 0314 Happy Pie Day plus a quick tour of Block 16s expanded dining room Pi https//tco/IBUtfKRzMU"}
{"tweet_id":841810453936259073,"created_unixtime":1489538226957,"created_time":"Wed Mar 15 00:37:06 +0000 2017","lang":"en","displayname":"symone_natalia","time_zone":"","msg":"he wanted to send this to you raul_lievano happy birthday empanada 💙 LOVE YOU https//tco/qNH2fuf4iD"}
{"tweet_id":841810454540361732,"created_unixtime":1489538227101,"created_time":"Wed Mar 15 00:37:07 +0000 2017","lang":"en","displayname":"Aliyu_Ad","time_zone":"","msg":"Yasmeeen_ymb_ Happy Birthday🎂🎂🎂 https//tco/5YqNXBWcSI"}
{"tweet_id":841810456146792454,"created_unixtime":1489538227484,"created_time":"Wed Mar 15 00:37:07 +0000 2017","lang":"en","displayname":"minghaochwe","time_zone":"Brasilia","msg":"RT monxshownu [TRANS] Naver articleMonsta Xs THE CLAN 25 is the youths hurtful growth story it is both sad and beautiful"}
{"tweet_id":841810456167759872,"created_unixtime":1489538227489,"created_time":"Wed Mar 15 00:37:07 +0000 2017","lang":"en","displayname":"timaharon","time_zone":"Central Time (US & Canada)","msg":"RT girlposts so annoying when ppl are like ur always laughin u laugh at everything its not that funny like OK sorry im a happy per…"}
{"tweet_id":841810455660228609,"created_unixtime":1489538227368,"created_time":"Wed Mar 15 00:37:07 +0000 2017","lang":"en","displayname":"samaantharenee","time_zone":"Eastern Time (US & Canada)","msg":"RT PeachMeadows only miserable people are bullys amp thats a fact no one who is happy ever has the urge to bring others down remember t…"}
{"tweet_id":841810456478076929,"created_unixtime":1489538227563,"created_time":"Wed Mar 15 00:37:07 +0000 2017","lang":"en","displayname":"jack_son_five","time_zone":"Pacific Time (US & Canada)","msg":"RT amynelss 0314 Happy Pie Day plus a quick tour of Block 16s expanded dining room Pi https//tco/IBUtfKRzMU"}
{"tweet_id":841810456478019585,"created_unixtime":1489538227563,"created_time":"Wed Mar 15 00:37:07 +0000 2017","lang":"en","displayname":"germyap","time_zone":"Pacific Time (US & Canada)","msg":"RT TheJakeShort So happy I get to use this gif again HappyPiDay https//tco/rf2Os7IiAU"}
{"tweet_id":841810456394244097,"created_unixtime":1489538227543,"created_time":"Wed Mar 15 00:37:07 +0000 2017","lang":"es","displayname":"VelezMyPride","time_zone":"Pacific Time (US & Canada)","msg":"me voy  a dormir tengo clases que sad"}
{"tweet_id":841810455295332353,"created_unixtime":1489538227281,"created_time":"Wed Mar 15 00:37:07 +0000 2017","lang":"en","displayname":"kelseytaylah","time_zone":"Atlantic Time (Canada)","msg":"RT Joe_Gatto Happy birthday to the guy that puts the cool in Q  hope you had a great day my friend BQQuinn"}
{"tweet_id":841810456654282752,"created_unixtime":1489538227605,"created_time":"Wed Mar 15 00:37:07 +0000 2017","lang":"en","displayname":"98_radwa","time_zone":"Athens","msg":"RT Chams_Eldin 98_radwa Happy birthday 🎊🎂🎈🎁🎉 radwaaaaa"}
{"tweet_id":841810456348090369,"created_unixtime":1489538227532,"created_time":"Wed Mar 15 00:37:07 +0000 2017","lang":"en","displayname":"CelineJules","time_zone":"Eastern Time (US & Canada)","msg":"RT schoolidolu 🗺 Happy Birthday Umi 🏹🎂Get 5 free love gems 💝 in LLSIF EN now Vote for your favorite cards →… "}
{"tweet_id":841810455723155458,"created_unixtime":1489538227383,"created_time":"Wed Mar 15 00:37:07 +0000 2017","lang":"en","displayname":"riddleyashley","time_zone":"","msg":"RT soIute sometimes the best way to be happy is to learn to let go of things you tried hard to hold on to that are no longer good for you"}
{"tweet_id":841810457128181760,"created_unixtime":1489538227718,"created_time":"Wed Mar 15 00:37:07 +0000 2017","lang":"en","displayname":"CarmelitacDelu1","time_zone":"","msg":"RT mommy_dub Reminiscing d KS good old days 😊 jaysondmx ALDUBxDTBYTugOfHearts https//tco/0CreDofWbO"}
{"tweet_id":841810457434312704,"created_unixtime":1489538227791,"created_time":"Wed Mar 15 00:37:07 +0000 2017","lang":"en","displayname":"senkyosakki","time_zone":"Pacific Time (US & Canada)","msg":"RT amynelss 0314 Happy Pie Day plus a quick tour of Block 16s expanded dining room Pi https//tco/IBUtfKRzMU"}
{"tweet_id":841810457866326016,"created_unixtime":1489538227894,"created_time":"Wed Mar 15 00:37:07 +0000 2017","lang":"en","displayname":"sunsheryan","time_zone":"Pacific Time (US & Canada)","msg":"RT amynelss 0314 Happy Pie Day plus a quick tour of Block 16s expanded dining room Pi https//tco/IBUtfKRzMU"}
{"tweet_id":841810455723155458,"created_unixtime":1489538227383,"created_time":"Wed Mar 15 00:37:07 +0000 2017","lang":"en","displayname":"riddleyashley","time_zone":"","msg":"RT soIute sometimes the best way to be happy is to learn to let go of things you tried hard to hold on to that are no longer good for you"}
{"tweet_id":841810457564479490,"created_unixtime":1489538227822,"created_time":"Wed Mar 15 00:37:07 +0000 2017","lang":"en","displayname":"marrieddelenaa","time_zone":"","msg":"RT DEloveisundead Lowkey happy they didnt film the DE proposalKevin would write something cheesy like will you be my epic wife or s…"}
{"tweet_id":841810457065345024,"created_unixtime":1489538227703,"created_time":"Wed Mar 15 00:37:07 +0000 2017","lang":"en","displayname":"CeeMyBeatz","time_zone":"Pacific Time (US & Canada)","msg":"RT richthekid Focus on what makes you happy"}
{"tweet_id":841810457207873536,"created_unixtime":1489538227737,"created_time":"Wed Mar 15 00:37:07 +0000 2017","lang":"ja","displayname":"lin_yinpin","time_zone":"Taipei","msg":"RT tsukiuta1 ☆Happy White Day②☆新「もうすぐ春だよーあったかくなってきたから眠いよー君の愛に包まれて眠ります」葵「こらこら（苦笑）。いつもありがとうございます！」※DLOK※壁紙などマナーを守って使ってくださいね https//t…"}
{"tweet_id":841810457858060289,"created_unixtime":1489538227892,"created_time":"Wed Mar 15 00:37:07 +0000 2017","lang":"en","displayname":"Cody_Murdoch","time_zone":"Atlantic Time (Canada)","msg":"RT BillNye Happy 314 Day peoples"}
{"tweet_id":841810457816104960,"created_unixtime":1489538227882,"created_time":"Wed Mar 15 00:37:07 +0000 2017","lang":"en","displayname":"aggmh","time_zone":"Central Time (US & Canada)","msg":"RT NevaDyingBroke Essentially it cancels each other out and both could be aint shit together and happy https//tco/8pOCeWsh3V"}
{"tweet_id":841810458193481729,"created_unixtime":1489538227972,"created_time":"Wed Mar 15 00:37:07 +0000 2017","lang":"en","displayname":"RoundupNews","time_zone":"Pacific Time (US & Canada)","msg":"RT datzackrome Not only did my first article got published I have THREE in this paper alone So happy Thank you RoundupNews G… "}
{"tweet_id":841810457967108097,"created_unixtime":1489538227918,"created_time":"Wed Mar 15 00:37:07 +0000 2017","lang":"ko","displayname":"Jamong_Quartz","time_zone":"","msg":"RT FF14_TENSHIELD 파이널판타지14 패치 33 추가 지역소르 카이 Sohr Khai는 드래곤족 언어로so[h]r  apology / k[h]ai  sad 슬픈 사죄라는 뜻을 담고 있습니다소[호]르 크… "}
{"tweet_id":841810456872378368,"created_unixtime":1489538227657,"created_time":"Wed Mar 15 00:37:07 +0000 2017","lang":"en","displayname":"amirahrashidah","time_zone":"Eastern Time (US & Canada)","msg":"Happy birthday to my twin candiiboo Check out her work via the tweet below https//tco/83y9rfmd6W"}
{"tweet_id":841810458566840320,"created_unixtime":1489538228061,"created_time":"Wed Mar 15 00:37:08 +0000 2017","lang":"en","displayname":"gusxmark93","time_zone":"","msg":"RT GOT7_Thailand [JYP Entertainments IG] 170314  FromGOT7 ♥ ToI GOT7Happy White Day 💗💗GOT7  FLIGHTLOG ARRIVALNeverEver… "}
{"tweet_id":841810458055176192,"created_unixtime":1489538227939,"created_time":"Wed Mar 15 00:37:07 +0000 2017","lang":"en","displayname":"sally_duhon","time_zone":"Pacific Time (US & Canada)","msg":"RT SaraBareilles You look inside your heart and find a pizza and remember that pizza is ALL our best friends https//tco/G79BuhSpba"}
{"tweet_id":841810458600443904,"created_unixtime":1489538228069,"created_time":"Wed Mar 15 00:37:08 +0000 2017","lang":"en","displayname":"irelandpapa328","time_zone":"","msg":"Happy Birthday gableandrew love you so much                    PS we go wayyyy back 😘"}
{"tweet_id":841810459296591872,"created_unixtime":1489538228235,"created_time":"Wed Mar 15 00:37:08 +0000 2017","lang":"en","displayname":"KaylinOster","time_zone":"","msg":"Asks me why Im happy to see my period Because I didnt disappoint my mom thats why 🚼🚫"}
{"tweet_id":841810457795137536,"created_unixtime":1489538227877,"created_time":"Wed Mar 15 00:37:07 +0000 2017","lang":"en","displayname":"AerynShade","time_zone":"Central Time (US & Canada)","msg":"yall have no idea how happy this pizza is making me Im dancing around my kitchen right now making very pornoesque noises"}
{"tweet_id":841810459447590912,"created_unixtime":1489538228271,"created_time":"Wed Mar 15 00:37:08 +0000 2017","lang":"en","displayname":"ppocampos","time_zone":"Belgrade","msg":"RT amynelss 0314 Happy Pie Day plus a quick tour of Block 16s expanded dining room Pi https//tco/IBUtfKRzMU"}
{"tweet_id":841810459535663105,"created_unixtime":1489538228292,"created_time":"Wed Mar 15 00:37:08 +0000 2017","lang":"en","displayname":"nazj_","time_zone":"New Caledonia","msg":"So happy Leicester are through to the last 8 now over to you Monaco UCL"}
{"tweet_id":841810459548241920,"created_unixtime":1489538228295,"created_time":"Wed Mar 15 00:37:08 +0000 2017","lang":"en","displayname":"j3n11f","time_zone":"Pacific Time (US & Canada)","msg":"RT amynelss 0314 Happy Pie Day plus a quick tour of Block 16s expanded dining room Pi https//tco/IBUtfKRzMU"}
{"tweet_id":841810459527380992,"created_unixtime":1489538228290,"created_time":"Wed Mar 15 00:37:08 +0000 2017","lang":"en","displayname":"PrinceTylerRyan","time_zone":"Central Time (US & Canada)","msg":"RT BrandonMWare Why everybody so sad on twitter You good fam Cheer the fuck up"}
{"tweet_id":841810459506307072,"created_unixtime":1489538228285,"created_time":"Wed Mar 15 00:37:08 +0000 2017","lang":"en","displayname":"_deardeerr","time_zone":"Hanoi","msg":"RT wu_yi_fan 170314 KrisWu Mercury Household Textiles weibo updateAlright time to confess your loveHappy White Day🌹 https//tc…"}
{"tweet_id":841810459607093248,"created_unixtime":1489538228309,"created_time":"Wed Mar 15 00:37:08 +0000 2017","lang":"en","displayname":"x_gabrielaaa","time_zone":"","msg":"RT CallMe_PRETTYC x_gabrielaaa go shake that ass for a rich nigga  you wont be sad nomo"}
{"tweet_id":841810459133108224,"created_unixtime":1489538228196,"created_time":"Wed Mar 15 00:37:08 +0000 2017","lang":"en","displayname":"dave31_sam","time_zone":"Pacific Time (US & Canada)","msg":"RT EmekaGift Hebron Purim   Brussels   Belgium Happy Holi  Work From Home BIAFRA    Germany DonaldTrump UN   פורים https//tco/qD…"}
{"tweet_id":841810459837775876,"created_unixtime":1489538228364,"created_time":"Wed Mar 15 00:37:08 +0000 2017","lang":"en","displayname":"ash_haque1","time_zone":"Amsterdam","msg":"RT Stormzy1 Do what makes you happy mate"}
{"tweet_id":841810459825184769,"created_unixtime":1489538228361,"created_time":"Wed Mar 15 00:37:08 +0000 2017","lang":"en","displayname":"paigeeoo","time_zone":"Helsinki","msg":"RT Simone_Biles thank you pretty girl 😘 https//tco/GogKT0cire"}
{"tweet_id":841810460437495808,"created_unixtime":1489538228507,"created_time":"Wed Mar 15 00:37:08 +0000 2017","lang":"en","displayname":"sddoba","time_zone":"Mountain Time (US & Canada)","msg":"RT amynelss 0314 Happy Pie Day plus a quick tour of Block 16s expanded dining room Pi https//tco/IBUtfKRzMU"}
{"tweet_id":841810460496224256,"created_unixtime":1489538228521,"created_time":"Wed Mar 15 00:37:08 +0000 2017","lang":"en","displayname":"haileysecretary","time_zone":"Pacific Time (US & Canada)","msg":"RT amynelss 0314 Happy Pie Day plus a quick tour of Block 16s expanded dining room Pi https//tco/IBUtfKRzMU"}
{"tweet_id":841810460802347008,"created_unixtime":1489538228594,"created_time":"Wed Mar 15 00:37:08 +0000 2017","lang":"ja","displayname":"zeakun_sing","time_zone":"","msg":"RT lovelive_kot うみちゃーん♡Happy Birthdayヽ〃･ω･ﾉ☆ﾟ’･☆ラブアローシュート♡♡これからも大好きだよ♡園田海未生誕祭2017 園田海未好きな人RT RTした人全員フォローする… "}
{"tweet_id":841810460571783172,"created_unixtime":1489538228539,"created_time":"Wed Mar 15 00:37:08 +0000 2017","lang":"en","displayname":"leameh1","time_zone":"","msg":"RT bing_lemon Happy for you team live theYANAsaur pilyadodong dunkindeyna marizdorde ginalingan nyo very good MBMayWard"}
{"tweet_id":841810460852785152,"created_unixtime":1489538228606,"created_time":"Wed Mar 15 00:37:08 +0000 2017","lang":"en","displayname":"JP_1816","time_zone":"Eastern Time (US & Canada)","msg":"RT Fleeing so annoying when ppl are like ur always laughin u laugh at everything its not that funny like OK sorry im a happy perso…"}
{"tweet_id":841810459791659011,"created_unixtime":1489538228353,"created_time":"Wed Mar 15 00:37:08 +0000 2017","lang":"en","displayname":"OKCJacson","time_zone":"","msg":"Happy Bday🎂 Steph https//tco/8n6NmdRp7X"}
{"tweet_id":841810460513042432,"created_unixtime":1489538228525,"created_time":"Wed Mar 15 00:37:08 +0000 2017","lang":"en","displayname":"godricslauren","time_zone":"Madrid","msg":"i love suffering https//tco/Vcs1cYCBMs"}
{"tweet_id":841810461288943617,"created_unixtime":1489538228710,"created_time":"Wed Mar 15 00:37:08 +0000 2017","lang":"en","displayname":"ii1ssa","time_zone":"Mountain Time (US & Canada)","msg":"RT amynelss 0314 Happy Pie Day plus a quick tour of Block 16s expanded dining room Pi https//tco/IBUtfKRzMU"}
{"tweet_id":841810457635745793,"created_unixtime":1489538227839,"created_time":"Wed Mar 15 00:37:07 +0000 2017","lang":"en","displayname":"baileemoonhuber","time_zone":"Central Time (US & Canada)","msg":"happy bday shan wish u were here❤️ love and miss u more than ever crazy🎉🎉🎉💗💗💗shannonmm99 https//tco/OzuhkhDzAM"}
{"tweet_id":841810460953387008,"created_unixtime":1489538228630,"created_time":"Wed Mar 15 00:37:08 +0000 2017","lang":"en","displayname":"wtfmahea","time_zone":"Pacific Time (US & Canada)","msg":"RT myboycrush COLTON HAYNES AND HIS BOYFRIEND ARE ENGAGED THIS MAKES ME SO HAPPY 😭 https//tco/qMO5klLEvP"}
{"tweet_id":841810461171507201,"created_unixtime":1489538228682,"created_time":"Wed Mar 15 00:37:08 +0000 2017","lang":"en","displayname":"smiling_ly","time_zone":"Pacific Time (US & Canada)","msg":"RT amynelss 0314 Happy Pie Day plus a quick tour of Block 16s expanded dining room Pi https//tco/IBUtfKRzMU"}
{"tweet_id":841810460861161472,"created_unixtime":1489538228608,"created_time":"Wed Mar 15 00:37:08 +0000 2017","lang":"en","displayname":"InnocentJoe22","time_zone":"","msg":"Now I feel happy to just get back to my normal life and I dont hold a grudge against anyone happy2bfree"}
{"tweet_id":841810457207873536,"created_unixtime":1489538227737,"created_time":"Wed Mar 15 00:37:07 +0000 2017","lang":"ja","displayname":"lin_yinpin","time_zone":"Taipei","msg":"RT tsukiuta1 ☆Happy White Day②☆新「もうすぐ春だよーあったかくなってきたから眠いよー君の愛に包まれて眠ります」葵「こらこら（苦笑）。いつもありがとうございます！」※DLOK※壁紙などマナーを守って使ってくださいね https//t…"}
{"tweet_id":841810460949270533,"created_unixtime":1489538228629,"created_time":"Wed Mar 15 00:37:08 +0000 2017","lang":"en","displayname":"GildedClove","time_zone":"Eastern Time (US & Canada)","msg":"RT ringelrei please I want them to be happy https//tco/mMMS2L9zbw"}
{"tweet_id":841810461486141441,"created_unixtime":1489538228757,"created_time":"Wed Mar 15 00:37:08 +0000 2017","lang":"en","displayname":"byepryce","time_zone":"","msg":"RT byepryce the unhappiest people always try their best to make other people happy because they dont want anyone else to feel the way t…"}
{"tweet_id":841810461695848448,"created_unixtime":1489538228807,"created_time":"Wed Mar 15 00:37:08 +0000 2017","lang":"en","displayname":"EnderBlaze_VS","time_zone":"","msg":"I added a video to a YouTube playlist https//tco/4Uubcn2ku2 Shemian  Happy Swingin` Radio Edit"}
{"tweet_id":841810461175742468,"created_unixtime":1489538228683,"created_time":"Wed Mar 15 00:37:08 +0000 2017","lang":"en","displayname":"iCropOttawa","time_zone":"","msg":"Very happy with my day 2 keto macros  Just need to cut down on my snacks a little https//tco/cjtmToW5SU"}
{"tweet_id":841810461708451840,"created_unixtime":1489538228810,"created_time":"Wed Mar 15 00:37:08 +0000 2017","lang":"en","displayname":"PhylissMcGee","time_zone":"Central Time (US & Canada)","msg":"RT HillsboroughFL Happy PiDay DYK that HillsboroughFL harvests over 15000 acres of pieworthy produce🍓🍋😋 For more yum visit… "}
{"tweet_id":841810461972697089,"created_unixtime":1489538228873,"created_time":"Wed Mar 15 00:37:08 +0000 2017","lang":"en","displayname":"DHecei","time_zone":"Pacific Time (US & Canada)","msg":"RT seanhannity Obama holdovers So sad NRO is so ignorant amp has sunk this low Conservative review NRO IS now totally irrelevant   https…"}
{"tweet_id":841810461028950016,"created_unixtime":1489538228648,"created_time":"Wed Mar 15 00:37:08 +0000 2017","lang":"en","displayname":"maciestovall","time_zone":"","msg":"Thank you ains 💓 https//tco/Fs0NQI3QtU"}
{"tweet_id":841810462148722688,"created_unixtime":1489538228915,"created_time":"Wed Mar 15 00:37:08 +0000 2017","lang":"en","displayname":"skwrlz","time_zone":"","msg":"RT charles_shuler A sad story in two tweetsbyrdinator https//tco/3ucWrRknlP"}
{"tweet_id":841810462140452865,"created_unixtime":1489538228913,"created_time":"Wed Mar 15 00:37:08 +0000 2017","lang":"pt","displayname":"espiinosabaee","time_zone":"Amsterdam","msg":"RT baacon_and_eggs happy birthday to you 💖adorote tanto  és das melhores pessoas que tenho comigo nunca mudes 18 anos já és adul… "}
{"tweet_id":841810462387781632,"created_unixtime":1489538228972,"created_time":"Wed Mar 15 00:37:08 +0000 2017","lang":"en","displayname":"n0icx","time_zone":"Mountain Time (US & Canada)","msg":"RT amynelss 0314 Happy Pie Day plus a quick tour of Block 16s expanded dining room Pi https//tco/IBUtfKRzMU"}
{"tweet_id":841810461091876870,"created_unixtime":1489538228663,"created_time":"Wed Mar 15 00:37:08 +0000 2017","lang":"en","displayname":"IshitaNar","time_zone":"","msg":"Happy late birthday gage_fraser https//tco/pg5ljRuYg7"}
{"tweet_id":841810462811521024,"created_unixtime":1489538229073,"created_time":"Wed Mar 15 00:37:09 +0000 2017","lang":"en","displayname":"CodyMakaveli","time_zone":"","msg":"RT Fact Dogs cannot feel guilt They can only feel sad because their owner is yelling at them"}
{"tweet_id":841810462543106048,"created_unixtime":1489538229009,"created_time":"Wed Mar 15 00:37:09 +0000 2017","lang":"en","displayname":"cuban804","time_zone":"Pacific Time (US & Canada)","msg":"LordCodys happy birthday"}
{"tweet_id":841810462605901825,"created_unixtime":1489538229024,"created_time":"Wed Mar 15 00:37:09 +0000 2017","lang":"en","displayname":"shawnatrick","time_zone":"Pacific Time (US & Canada)","msg":"RT amynelss 0314 Happy Pie Day plus a quick tour of Block 16s expanded dining room Pi https//tco/IBUtfKRzMU"}
{"tweet_id":841810462245285889,"created_unixtime":1489538228938,"created_time":"Wed Mar 15 00:37:08 +0000 2017","lang":"en","displayname":"ivancabrera1014","time_zone":"","msg":"RT alex_pacheco_17 Happy Birthday papi gordo🤘🏽🤙🏽💯 richgang https//tco/wq8y5dLtca"}
{"tweet_id":841810462765404161,"created_unixtime":1489538229062,"created_time":"Wed Mar 15 00:37:09 +0000 2017","lang":"en","displayname":"_getlikebrit","time_zone":"Pacific Time (US & Canada)","msg":"RT kvngzeee IM TRYNNA B HAPPY ALL 2017‼️‼️‼️"}
{"tweet_id":841810463126085633,"created_unixtime":1489538229148,"created_time":"Wed Mar 15 00:37:09 +0000 2017","lang":"en","displayname":"WesDenson","time_zone":"","msg":"RT NathanEast QuincyDJones Happy Birthday Q https//tco/1j8uxVApTg"}
{"tweet_id":841810463516053508,"created_unixtime":1489538229241,"created_time":"Wed Mar 15 00:37:09 +0000 2017","lang":"en","displayname":"dilafebri98","time_zone":"","msg":"RT bts_bighit [Episode] HAPPY WHITE DAY FROM BTS 1 https//tco/Kk7XrnfG3x2 https//tco/dUxXeGBvhG"}
{"tweet_id":841810462866046978,"created_unixtime":1489538229086,"created_time":"Wed Mar 15 00:37:09 +0000 2017","lang":"en","displayname":"guijun_grillo","time_zone":"Pacific Time (US & Canada)","msg":"Happy PiDay"}
{"tweet_id":841810463239352325,"created_unixtime":1489538229175,"created_time":"Wed Mar 15 00:37:09 +0000 2017","lang":"und","displayname":"ghara_hara","time_zone":"","msg":"RT irmaroxas3 Aim ALDUBxDTBYTugOfHearts https//tco/Yo0mOijOJS"}
{"tweet_id":841810463553798144,"created_unixtime":1489538229250,"created_time":"Wed Mar 15 00:37:09 +0000 2017","lang":"en","displayname":"lovegunaheart","time_zone":"Pacific Time (US & Canada)","msg":"RT amynelss 0314 Happy Pie Day plus a quick tour of Block 16s expanded dining room Pi https//tco/IBUtfKRzMU"}
{"tweet_id":841810440405540864,"created_unixtime":1489538223731,"created_time":"Wed Mar 15 00:37:03 +0000 2017","lang":"en","displayname":"Madilason","time_zone":"Eastern Time (US & Canada)","msg":"RT hidden saying im tired when youre actually sad"}
{"tweet_id":841810464044638208,"created_unixtime":1489538229367,"created_time":"Wed Mar 15 00:37:09 +0000 2017","lang":"en","displayname":"CupCakeHolker","time_zone":"Pacific Time (US & Canada)","msg":"smileitskrista NBCTheVoice thank you so so much krista  Im so happy"}
{"tweet_id":841810464048861185,"created_unixtime":1489538229368,"created_time":"Wed Mar 15 00:37:09 +0000 2017","lang":"en","displayname":"EmilyReviewsCom","time_zone":"Quito","msg":"A6 Food makes me super happy I like appetizers best Onion rings guac breadsticks etc ad gno avohappiness https//tco/HPQvviOmk7"}
{"tweet_id":841810463713292291,"created_unixtime":1489538229288,"created_time":"Wed Mar 15 00:37:09 +0000 2017","lang":"en","displayname":"veracardoso137","time_zone":"Casablanca","msg":"RT soIute sometimes the best way to be happy is to learn to let go of things you tried hard to hold on to that are no longer good for you"}
{"tweet_id":841810464963198976,"created_unixtime":1489538229586,"created_time":"Wed Mar 15 00:37:09 +0000 2017","lang":"en","displayname":"lovedwtspros","time_zone":"Eastern Time (US & Canada)","msg":"RT EmmaSlaterDance Happy 20th birthday sweet girl Im so happy we will be dancing along side each other this… https//tco/4kvEj8XPwI"}
{"tweet_id":841810465206419457,"created_unixtime":1489538229644,"created_time":"Wed Mar 15 00:37:09 +0000 2017","lang":"en","displayname":"matz0208","time_zone":"","msg":"RT JaDinexWolves HAPPY 3RD ANNIVERSARY BEST FANS IN THE WORLD 💜 LetOurPurpleHeartsShineAt3 https//tco/9gL71MXt3x"}
{"tweet_id":841810465110003712,"created_unixtime":1489538229621,"created_time":"Wed Mar 15 00:37:09 +0000 2017","lang":"en","displayname":"pauleth_armenta","time_zone":"","msg":"Tez Can you make me more happy with answering my DMTAWA🔥❤️"}
{"tweet_id":841810465218953217,"created_unixtime":1489538229647,"created_time":"Wed Mar 15 00:37:09 +0000 2017","lang":"en","displayname":"dxcleofe17","time_zone":"Pacific Time (US & Canada)","msg":"RT PBBKAHOUSE I cried I was sad I was guilty I was everything Edward MBMayWard"}
{"tweet_id":841810465558740992,"created_unixtime":1489538229728,"created_time":"Wed Mar 15 00:37:09 +0000 2017","lang":"en","displayname":"RramonTrejo","time_zone":"Mountain Time (US & Canada)","msg":"RT rachelpage_ was going for botoxed actually https//tco/QoQiigqf0t"}
{"tweet_id":841810465743298561,"created_unixtime":1489538229772,"created_time":"Wed Mar 15 00:37:09 +0000 2017","lang":"en","displayname":"lluciz","time_zone":"Mountain Time (US & Canada)","msg":"RT amynelss 0314 Happy Pie Day plus a quick tour of Block 16s expanded dining room Pi https//tco/IBUtfKRzMU"}
{"tweet_id":841810463994351616,"created_unixtime":1489538229355,"created_time":"Wed Mar 15 00:37:09 +0000 2017","lang":"en","displayname":"BarronJovanna","time_zone":"","msg":"RT jessiepaege Happy Birthday to one of the most creative and funny people I know 🎉colliscool rare photo of us https//tco/vvh0qb7N3U"}
{"tweet_id":841810465948872704,"created_unixtime":1489538229821,"created_time":"Wed Mar 15 00:37:09 +0000 2017","lang":"en","displayname":"Breckin_S","time_zone":"","msg":"RT AIanHangover I just wanna make you happy because I care and love you"}
{"tweet_id":841810466141687808,"created_unixtime":1489538229867,"created_time":"Wed Mar 15 00:37:09 +0000 2017","lang":"en","displayname":"seagukk","time_zone":"Krasnoyarsk","msg":"RT bangtweeets kookmin looks so happy im emo https//tco/YmmXc9xA8Q"}
{"tweet_id":841810466901000192,"created_unixtime":1489538230048,"created_time":"Wed Mar 15 00:37:10 +0000 2017","lang":"en","displayname":"woolley_2001","time_zone":"","msg":"HAPPY 21ST BIRTHDAY CONDORA THE EXPLORA TheVampsCon I LOVE YOU SOOO FREAKING MUCH MAANN 💦👅💪😍❤ X"}
{"tweet_id":841810466594803712,"created_unixtime":1489538229975,"created_time":"Wed Mar 15 00:37:09 +0000 2017","lang":"en","displayname":"BTyliWellness","time_zone":"Pacific Time (US & Canada)","msg":"Oh yeah Happy Pi  Day  🤗😁happypiday Roasted Garlic Pear and Rosemary PizzaSpicy Garam… https//tco/VKgaUdNo8O"}
{"tweet_id":841810467345514500,"created_unixtime":1489538230154,"created_time":"Wed Mar 15 00:37:10 +0000 2017","lang":"en","displayname":"000000000001110","time_zone":"Mountain Time (US & Canada)","msg":"RT amynelss 0314 Happy Pie Day plus a quick tour of Block 16s expanded dining room Pi https//tco/IBUtfKRzMU"}
{"tweet_id":841810467379060736,"created_unixtime":1489538230162,"created_time":"Wed Mar 15 00:37:10 +0000 2017","lang":"en","displayname":"jingIsAGirl","time_zone":"Pacific Time (US & Canada)","msg":"RT JaDinexWolves HAPPY 3RD ANNIVERSARY BEST FANS IN THE WORLD 💜 LetOurPurpleHeartsShineAt3 https//tco/9gL71MXt3x"}
{"tweet_id":841810463998529536,"created_unixtime":1489538229356,"created_time":"Wed Mar 15 00:37:09 +0000 2017","lang":"en","displayname":"haleyy_hawkins","time_zone":"","msg":"happy birthday mairy  hope you had a fantastic day love ya ❤❤ https//tco/r5xKo44e52"}
{"tweet_id":841810464657047552,"created_unixtime":1489538229513,"created_time":"Wed Mar 15 00:37:09 +0000 2017","lang":"en","displayname":"naomi_rambo","time_zone":"","msg":"Happy birthday ratchel Love you so much ❤❤❤  Rachel_Resendes https//tco/tuq0lNG7Su"}
{"tweet_id":841810467542687744,"created_unixtime":1489538230201,"created_time":"Wed Mar 15 00:37:10 +0000 2017","lang":"en","displayname":"petersim","time_zone":"Central Time (US & Canada)","msg":"Happy birthday VNL"}
{"tweet_id":841810467886530561,"created_unixtime":1489538230283,"created_time":"Wed Mar 15 00:37:10 +0000 2017","lang":"en","displayname":"ykpmarh","time_zone":"Seoul","msg":"RT offclASTRO_6 [PIC] 170315 Fantagio Official Fancafe Update Happy Birthday 아스트로 JinJjn 1HappyJinJinDay https//tco/haLhyg86ds"}
{"tweet_id":841810467668520960,"created_unixtime":1489538230231,"created_time":"Wed Mar 15 00:37:10 +0000 2017","lang":"en","displayname":"THEYENVY_FATTS","time_zone":"Atlantic Time (Canada)","msg":"RT PhillyPharaoh_ happy birthday to my baby momma THEYENVY_FATTS 😍👅 https//tco/1YRtd60KQ4"}
{"tweet_id":841810468666720257,"created_unixtime":1489538230469,"created_time":"Wed Mar 15 00:37:10 +0000 2017","lang":"en","displayname":"todori3","time_zone":"Pacific Time (US & Canada)","msg":"RT amynelss 0314 Happy Pie Day plus a quick tour of Block 16s expanded dining room Pi https//tco/IBUtfKRzMU"}
{"tweet_id":841810468800888832,"created_unixtime":1489538230501,"created_time":"Wed Mar 15 00:37:10 +0000 2017","lang":"en","displayname":"olivierapa","time_zone":"Pacific Time (US & Canada)","msg":"RT amynelss 0314 Happy Pie Day plus a quick tour of Block 16s expanded dining room Pi https//tco/IBUtfKRzMU"}
{"tweet_id":841810468637368320,"created_unixtime":1489538230462,"created_time":"Wed Mar 15 00:37:10 +0000 2017","lang":"en","displayname":"TrishaTrishtish","time_zone":"Mountain Time (US & Canada)","msg":"RT amynelss 0314 Happy Pie Day plus a quick tour of Block 16s expanded dining room Pi https//tco/IBUtfKRzMU"}
{"tweet_id":841810468410949632,"created_unixtime":1489538230408,"created_time":"Wed Mar 15 00:37:10 +0000 2017","lang":"en","displayname":"Im_a_BELLiever","time_zone":"Atlantic Time (Canada)","msg":"RT preaching my main focus is to better myself be successful and be happy so if you arent contributing to that then i dont need you i…"}
{"tweet_id":841810468767440896,"created_unixtime":1489538230493,"created_time":"Wed Mar 15 00:37:10 +0000 2017","lang":"en","displayname":"April79436","time_zone":"Pacific Time (US & Canada)","msg":"all i do is sit around and eat and be sad im basically a more annoying version of a plant"}
{"tweet_id":841810468721188864,"created_unixtime":1489538230482,"created_time":"Wed Mar 15 00:37:10 +0000 2017","lang":"en","displayname":"FloTrine","time_zone":"Pacific Time (US & Canada)","msg":"RT amynelss 0314 Happy Pie Day plus a quick tour of Block 16s expanded dining room Pi https//tco/IBUtfKRzMU"}
{"tweet_id":841810468805128196,"created_unixtime":1489538230502,"created_time":"Wed Mar 15 00:37:10 +0000 2017","lang":"en","displayname":"milllenac","time_zone":"Pacific Time (US & Canada)","msg":"RT amynelss 0314 Happy Pie Day plus a quick tour of Block 16s expanded dining room Pi https//tco/IBUtfKRzMU"}
{"tweet_id":841810468582875136,"created_unixtime":1489538230449,"created_time":"Wed Mar 15 00:37:10 +0000 2017","lang":"en","displayname":"granolocks","time_zone":"","msg":"RT ANDnXOR Happy PiDay Want to reserve a badge amp help us get production rolling Support our Indie defcon badge… "}
{"tweet_id":841810469056856064,"created_unixtime":1489538230562,"created_time":"Wed Mar 15 00:37:10 +0000 2017","lang":"en","displayname":"hetalpillai","time_zone":"Hawaii","msg":"RT narendramodi Absolutely Happy to be the Pradhan Sevak for each and every Indian https//tco/BEreA1GNVJ"}
{"tweet_id":841810469258067968,"created_unixtime":1489538230610,"created_time":"Wed Mar 15 00:37:10 +0000 2017","lang":"en","displayname":"e1le2en","time_zone":"Pacific Time (US & Canada)","msg":"RT amynelss 0314 Happy Pie Day plus a quick tour of Block 16s expanded dining room Pi https//tco/IBUtfKRzMU"}
{"tweet_id":841810469518155777,"created_unixtime":1489538230672,"created_time":"Wed Mar 15 00:37:10 +0000 2017","lang":"en","displayname":"lissetttt_","time_zone":"","msg":"RT vivisantii Its the little stuff that make me soooo happy"}
{"tweet_id":841810469702705153,"created_unixtime":1489538230716,"created_time":"Wed Mar 15 00:37:10 +0000 2017","lang":"en","displayname":"sl1lm","time_zone":"Mountain Time (US & Canada)","msg":"RT amynelss 0314 Happy Pie Day plus a quick tour of Block 16s expanded dining room Pi https//tco/IBUtfKRzMU"}
{"tweet_id":841810470042402816,"created_unixtime":1489538230797,"created_time":"Wed Mar 15 00:37:10 +0000 2017","lang":"en","displayname":"emyplumb","time_zone":"Pacific Time (US & Canada)","msg":"RT amynelss 0314 Happy Pie Day plus a quick tour of Block 16s expanded dining room Pi https//tco/IBUtfKRzMU"}
{"tweet_id":841810469950222337,"created_unixtime":1489538230775,"created_time":"Wed Mar 15 00:37:10 +0000 2017","lang":"en","displayname":"MickNevin63","time_zone":"","msg":"RT IrelandEmbGB A very happy StPatricksDay gathering with the Irish community this evening with Ambassador DanMulhall amp Greta https//…"}
{"tweet_id":841810470407303173,"created_unixtime":1489538230884,"created_time":"Wed Mar 15 00:37:10 +0000 2017","lang":"en","displayname":"dbbmonica","time_zone":"Pacific Time (US & Canada)","msg":"RT amynelss 0314 Happy Pie Day plus a quick tour of Block 16s expanded dining room Pi https//tco/IBUtfKRzMU"}
{"tweet_id":841810467890814976,"created_unixtime":1489538230284,"created_time":"Wed Mar 15 00:37:10 +0000 2017","lang":"en","displayname":"CharlieCopley","time_zone":"","msg":"RT ohteenquotes Spend life with who makes you happy not with who you have to impress"}
{"tweet_id":841810470344507392,"created_unixtime":1489538230869,"created_time":"Wed Mar 15 00:37:10 +0000 2017","lang":"en","displayname":"AdaptiveLlama","time_zone":"","msg":"RT TheRealSoloPoke MazMHussain KyleKulinski peterdaou I wouldnt brag about being a corporate stooge but you do SAD https//tco/w…"}
{"tweet_id":841810470751375360,"created_unixtime":1489538230966,"created_time":"Wed Mar 15 00:37:10 +0000 2017","lang":"es","displayname":"crxbwbx","time_zone":"Bogota","msg":"Hora de ir a sentirme más sad"}
{"tweet_id":841810471564922880,"created_unixtime":1489538231160,"created_time":"Wed Mar 15 00:37:11 +0000 2017","lang":"en","displayname":"kaseynoriko","time_zone":"Pacific Time (US & Canada)","msg":"RT sophieeebee im very happy at where i am in life rn"}
{"tweet_id":841810471854325760,"created_unixtime":1489538231229,"created_time":"Wed Mar 15 00:37:11 +0000 2017","lang":"en","displayname":"9brez","time_zone":"Pacific Time (US & Canada)","msg":"RT amynelss 0314 Happy Pie Day plus a quick tour of Block 16s expanded dining room Pi https//tco/IBUtfKRzMU"}
{"tweet_id":841810471627964417,"created_unixtime":1489538231175,"created_time":"Wed Mar 15 00:37:11 +0000 2017","lang":"en","displayname":"_illumisadi","time_zone":"Arizona","msg":"RT CultureFUBU Happy Birthday Merlin SantanaRIP https//tco/0K4quO4M5g"}
{"tweet_id":841810472076759041,"created_unixtime":1489538231282,"created_time":"Wed Mar 15 00:37:11 +0000 2017","lang":"en","displayname":"bojak51","time_zone":"","msg":"RT unbibs its 3/14 happy Pi π 314159265359 day https//tco/QSMtQI9mXJ"}
{"tweet_id":841810472563224576,"created_unixtime":1489538231398,"created_time":"Wed Mar 15 00:37:11 +0000 2017","lang":"en","displayname":"hkumi1","time_zone":"Pacific Time (US & Canada)","msg":"RT amynelss 0314 Happy Pie Day plus a quick tour of Block 16s expanded dining room Pi https//tco/IBUtfKRzMU"}
{"tweet_id":841810472231878656,"created_unixtime":1489538231319,"created_time":"Wed Mar 15 00:37:11 +0000 2017","lang":"en","displayname":"BanhMiBandit","time_zone":"","msg":"Lotgrinder Happy to switch from an ICE car to an electric vehicle Not surprised to see u slinging the fat liberal pussy insults noclass"}
{"tweet_id":841810470994567169,"created_unixtime":1489538231024,"created_time":"Wed Mar 15 00:37:11 +0000 2017","lang":"en","displayname":"b_egona","time_zone":"","msg":"happy birthday abby💕 https//tco/xeLmCbkBR7"}
{"tweet_id":841810472567418880,"created_unixtime":1489538231399,"created_time":"Wed Mar 15 00:37:11 +0000 2017","lang":"en","displayname":"steve1ellen","time_zone":"Pacific Time (US & Canada)","msg":"RT amynelss 0314 Happy Pie Day plus a quick tour of Block 16s expanded dining room Pi https//tco/IBUtfKRzMU"}
{"tweet_id":841810472563236865,"created_unixtime":1489538231398,"created_time":"Wed Mar 15 00:37:11 +0000 2017","lang":"en","displayname":"krystinsurf","time_zone":"Pacific Time (US & Canada)","msg":"RT amynelss 0314 Happy Pie Day plus a quick tour of Block 16s expanded dining room Pi https//tco/IBUtfKRzMU"}
{"tweet_id":841810472873545732,"created_unixtime":1489538231472,"created_time":"Wed Mar 15 00:37:11 +0000 2017","lang":"en","displayname":"freshkaylee","time_zone":"Pacific Time (US & Canada)","msg":"RT amynelss 0314 Happy Pie Day plus a quick tour of Block 16s expanded dining room Pi https//tco/IBUtfKRzMU"}
{"tweet_id":841810472873553921,"created_unixtime":1489538231472,"created_time":"Wed Mar 15 00:37:11 +0000 2017","lang":"en","displayname":"TonyXavee","time_zone":"Pacific Time (US & Canada)","msg":"RT amynelss 0314 Happy Pie Day plus a quick tour of Block 16s expanded dining room Pi https//tco/IBUtfKRzMU"}
{"tweet_id":841810472672350209,"created_unixtime":1489538231424,"created_time":"Wed Mar 15 00:37:11 +0000 2017","lang":"en","displayname":"Traviijj","time_zone":"","msg":"OMG I DIDNT KNOW HE DIED💔 https//tco/ZtCUD9xgYI"}
{"tweet_id":841810473129402369,"created_unixtime":1489538231533,"created_time":"Wed Mar 15 00:37:11 +0000 2017","lang":"en","displayname":"de08b","time_zone":"Pacific Time (US & Canada)","msg":"RT amynelss 0314 Happy Pie Day plus a quick tour of Block 16s expanded dining room Pi https//tco/IBUtfKRzMU"}
{"tweet_id":841810472504590337,"created_unixtime":1489538231384,"created_time":"Wed Mar 15 00:37:11 +0000 2017","lang":"en","displayname":"RachelSteffan","time_zone":"","msg":"quinnbiscotto Happy Birthday Quinn miss you hope its a good one❤️🎉"}
{"tweet_id":841810472814948352,"created_unixtime":1489538231458,"created_time":"Wed Mar 15 00:37:11 +0000 2017","lang":"en","displayname":"JUMPINSOUNDS","time_zone":"London","msg":"l0veshan happy 21st Looking stunning birthday girl 🎁🎉🎈🎊"}
{"tweet_id":841810473230073856,"created_unixtime":1489538231557,"created_time":"Wed Mar 15 00:37:11 +0000 2017","lang":"en","displayname":"tikaudzu","time_zone":"Pacific Time (US & Canada)","msg":"RT amynelss 0314 Happy Pie Day plus a quick tour of Block 16s expanded dining room Pi https//tco/IBUtfKRzMU"}
{"tweet_id":841810472491974656,"created_unixtime":1489538231381,"created_time":"Wed Mar 15 00:37:11 +0000 2017","lang":"en","displayname":"Faye0226","time_zone":"Central Time (US & Canada)","msg":"You are not funny and your attitude is sad Your mom must be proud of you https//tco/WE6km7lf7L"}
{"tweet_id":841810473339179008,"created_unixtime":1489538231583,"created_time":"Wed Mar 15 00:37:11 +0000 2017","lang":"ja","displayname":"tm_jzx","time_zone":"","msg":"RT HQ2as 海未ちゃんHappy Birthday🎉🎉🎉園田海未生誕祭2017 3月15日は園田海未の誕生日 ラブライバーと繋がりたい RTした人全員フォローする https//tco/PRk8XRzeae"}
{"tweet_id":841810473116934144,"created_unixtime":1489538231530,"created_time":"Wed Mar 15 00:37:11 +0000 2017","lang":"en","displayname":"_nct17","time_zone":"Athens","msg":"RT waitkpksz Happy WhiteDay💝 https//tco/80Yo9nWdli"}
{"tweet_id":841810473536303105,"created_unixtime":1489538231630,"created_time":"Wed Mar 15 00:37:11 +0000 2017","lang":"en","displayname":"taylerhe","time_zone":"Pacific Time (US & Canada)","msg":"RT amynelss 0314 Happy Pie Day plus a quick tour of Block 16s expanded dining room Pi https//tco/IBUtfKRzMU"}
{"tweet_id":841810473276329984,"created_unixtime":1489538231568,"created_time":"Wed Mar 15 00:37:11 +0000 2017","lang":"en","displayname":"TheJCNetworks","time_zone":"Central Time (US & Canada)","msg":"When you from StLouis No matter Where We Go We Rep Hard Happy… https//tco/2RjSOwRldm"}
{"tweet_id":841810473993420800,"created_unixtime":1489538231739,"created_time":"Wed Mar 15 00:37:11 +0000 2017","lang":"en","displayname":"besnri","time_zone":"Pacific Time (US & Canada)","msg":"RT amynelss 0314 Happy Pie Day plus a quick tour of Block 16s expanded dining room Pi https//tco/IBUtfKRzMU"}
{"tweet_id":841810473460875264,"created_unixtime":1489538231612,"created_time":"Wed Mar 15 00:37:11 +0000 2017","lang":"en","displayname":"bluemxoon","time_zone":"Brasilia","msg":"stuckinhyungwon YOURE RIGHT They can unfollow mute or block just let others be happy"}
{"tweet_id":841810472286490625,"created_unixtime":1489538231332,"created_time":"Wed Mar 15 00:37:11 +0000 2017","lang":"en","displayname":"XKrystleAnnX","time_zone":"Pacific Time (US & Canada)","msg":"thank you girl  ✨💗✨💖💗💗 https//tco/odv2aBytuZ"}
{"tweet_id":841810474123452416,"created_unixtime":1489538231770,"created_time":"Wed Mar 15 00:37:11 +0000 2017","lang":"en","displayname":"lostkail","time_zone":"Mountain Time (US & Canada)","msg":"RT amynelss 0314 Happy Pie Day plus a quick tour of Block 16s expanded dining room Pi https//tco/IBUtfKRzMU"}
{"tweet_id":841810474249342976,"created_unixtime":1489538231800,"created_time":"Wed Mar 15 00:37:11 +0000 2017","lang":"en","displayname":"peggyarnol","time_zone":"Pacific Time (US & Canada)","msg":"RT amynelss 0314 Happy Pie Day plus a quick tour of Block 16s expanded dining room Pi https//tco/IBUtfKRzMU"}
{"tweet_id":841810473695772673,"created_unixtime":1489538231668,"created_time":"Wed Mar 15 00:37:11 +0000 2017","lang":"en","displayname":"colintrafferty","time_zone":"Eastern Time (US & Canada)","msg":"As a subscriber from the start I find this terribly sad https//tco/g3ieDPIjv7"}
{"tweet_id":841810473511211008,"created_unixtime":1489538231624,"created_time":"Wed Mar 15 00:37:11 +0000 2017","lang":"en","displayname":"sarahemily1319","time_zone":"","msg":"ive been so negative lately and i j want to be positive and happy amp music does that for me so here we go https//tco/HtHkkHjzv2"}
{"tweet_id":841810473993482240,"created_unixtime":1489538231739,"created_time":"Wed Mar 15 00:37:11 +0000 2017","lang":"en","displayname":"iardashe","time_zone":"Mountain Time (US & Canada)","msg":"RT amynelss 0314 Happy Pie Day plus a quick tour of Block 16s expanded dining room Pi https//tco/IBUtfKRzMU"}
{"tweet_id":841810474450673664,"created_unixtime":1489538231848,"created_time":"Wed Mar 15 00:37:11 +0000 2017","lang":"en","displayname":"tam1i","time_zone":"Pacific Time (US & Canada)","msg":"RT amynelss 0314 Happy Pie Day plus a quick tour of Block 16s expanded dining room Pi https//tco/IBUtfKRzMU"}
{"tweet_id":841810474563952640,"created_unixtime":1489538231875,"created_time":"Wed Mar 15 00:37:11 +0000 2017","lang":"en","displayname":"midkniteryder","time_zone":"","msg":"RT corinnec This is so sada true example of a gov with too much power and not enough sense Heartbreaking https//tco/4mysptNzxg"}
{"tweet_id":841810474584834048,"created_unixtime":1489538231880,"created_time":"Wed Mar 15 00:37:11 +0000 2017","lang":"en","displayname":"luci3322","time_zone":"Amsterdam","msg":"RT amynelss 0314 Happy Pie Day plus a quick tour of Block 16s expanded dining room Pi https//tco/IBUtfKRzMU"}
{"tweet_id":841810474765176832,"created_unixtime":1489538231923,"created_time":"Wed Mar 15 00:37:11 +0000 2017","lang":"ja","displayname":"Taka9Tin11","time_zone":"","msg":"RT umimarulove happy berth  day  海未一緒に喜びたいやつRT https//tco/FtbxmalSQz"}
{"tweet_id":841810472881930240,"created_unixtime":1489538231474,"created_time":"Wed Mar 15 00:37:11 +0000 2017","lang":"en","displayname":"Pain_Gain99","time_zone":"","msg":"A Brother whom I looked upon to a person who will always motivates with words of advice Happy birthday bro bles… https//tco/5MgDouOeqw"}
{"tweet_id":841810474685591552,"created_unixtime":1489538231904,"created_time":"Wed Mar 15 00:37:11 +0000 2017","lang":"en","displayname":"nrockofficial","time_zone":"Pacific Time (US & Canada)","msg":"Happy Birthday Yo Yo Honey Singh  Mumbai India https//tco/cPGJFbpxh2"}
{"tweet_id":841810474735931392,"created_unixtime":1489538231916,"created_time":"Wed Mar 15 00:37:11 +0000 2017","lang":"en","displayname":"bzipps","time_zone":"Eastern Time (US & Canada)","msg":"Happy national steak and blowjob day"}
{"tweet_id":841810475834793984,"created_unixtime":1489538232178,"created_time":"Wed Mar 15 00:37:12 +0000 2017","lang":"en","displayname":"mckenziesweety","time_zone":"Pacific Time (US & Canada)","msg":"RT amynelss 0314 Happy Pie Day plus a quick tour of Block 16s expanded dining room Pi https//tco/IBUtfKRzMU"}
{"tweet_id":841810473871937536,"created_unixtime":1489538231710,"created_time":"Wed Mar 15 00:37:11 +0000 2017","lang":"en","displayname":"HattieB3","time_zone":"","msg":"MKeinzley  FINALLY 17 🎉Youre going to hate me for these but what are best friends for 😜 love you lots and lots… https//tco/4Qi2BdztZI"}
{"tweet_id":841810476178653184,"created_unixtime":1489538232260,"created_time":"Wed Mar 15 00:37:12 +0000 2017","lang":"en","displayname":"YorchCalgarian","time_zone":"America/Edmonton","msg":"RT TheDoctorPuppet Happy piday doctorwho petercapaldi pearlmackie billpotts pie https//tco/2KayNRsZ8t"}
{"tweet_id":841810476111654916,"created_unixtime":1489538232244,"created_time":"Wed Mar 15 00:37:12 +0000 2017","lang":"pl","displayname":"_an_na_M","time_zone":"","msg":"Niemożliwe 😂😂😂😂😂 https//tco/cafC9yPc8x"}
{"tweet_id":841810476501618689,"created_unixtime":1489538232337,"created_time":"Wed Mar 15 00:37:12 +0000 2017","lang":"en","displayname":"crymear1v3r","time_zone":"Pacific Time (US & Canada)","msg":"RT amynelss 0314 Happy Pie Day plus a quick tour of Block 16s expanded dining room Pi https//tco/IBUtfKRzMU"}
{"tweet_id":841810476648415234,"created_unixtime":1489538232372,"created_time":"Wed Mar 15 00:37:12 +0000 2017","lang":"en","displayname":"chloeesu","time_zone":"Pacific Time (US & Canada)","msg":"RT amynelss 0314 Happy Pie Day plus a quick tour of Block 16s expanded dining room Pi https//tco/IBUtfKRzMU"}
{"tweet_id":841810476895895553,"created_unixtime":1489538232431,"created_time":"Wed Mar 15 00:37:12 +0000 2017","lang":"en","displayname":"fannyroosv","time_zone":"Pacific Time (US & Canada)","msg":"RT amynelss 0314 Happy Pie Day plus a quick tour of Block 16s expanded dining room Pi https//tco/IBUtfKRzMU"}
{"tweet_id":841810476514316288,"created_unixtime":1489538232340,"created_time":"Wed Mar 15 00:37:12 +0000 2017","lang":"pt","displayname":"gloredays","time_zone":"Brasilia","msg":"É ISSO QUE VOCES CHAMAM DE PROMO CARALHO https//tco/HRdhrGDFPN"}
{"tweet_id":841810476795342849,"created_unixtime":1489538232407,"created_time":"Wed Mar 15 00:37:12 +0000 2017","lang":"en","displayname":"thatgirlsonija","time_zone":"","msg":"RT idrownedafish Find someone whos so happy to have you"}
{"tweet_id":841810476849868800,"created_unixtime":1489538232420,"created_time":"Wed Mar 15 00:37:12 +0000 2017","lang":"en","displayname":"HamidouGbadama1","time_zone":"","msg":"thehill Everything is posible with this GOP group the party of IBRAHIM Lincoln very sad very sadjust like I was dreaming"}
{"tweet_id":841810474559799297,"created_unixtime":1489538231874,"created_time":"Wed Mar 15 00:37:11 +0000 2017","lang":"en","displayname":"daneIflawless","time_zone":"Central Time (US & Canada)","msg":"Look yahhh the Lou got the best man happy 314 day yahhhh 😛lets turn up https//tco/XYuIW6n7Ot"}
{"tweet_id":841810475729997825,"created_unixtime":1489538232153,"created_time":"Wed Mar 15 00:37:12 +0000 2017","lang":"en","displayname":"meg_howells98","time_zone":"","msg":"Happy birthday to my girlllll 🌷 hope you have the best day ever cant wait to celebrate with you tonight Love ya… https//tco/x7wrsQzogD"}
{"tweet_id":841810477126676481,"created_unixtime":1489538232486,"created_time":"Wed Mar 15 00:37:12 +0000 2017","lang":"en","displayname":"limpdickshit","time_zone":"","msg":"cant keep anyone happy man allow it"}
{"tweet_id":841810476942127105,"created_unixtime":1489538232442,"created_time":"Wed Mar 15 00:37:12 +0000 2017","lang":"en","displayname":"vesselkjellberg","time_zone":"","msg":"ArianaGrande HAPPY BIRTHDAY DANGEROUS WOMAN 💕"}
{"tweet_id":841810476812115968,"created_unixtime":1489538232411,"created_time":"Wed Mar 15 00:37:12 +0000 2017","lang":"en","displayname":"lostboysbarry","time_zone":"Eastern Time (US & Canada)","msg":"THAT MAKES ME SO SAD I MISS HIM GIYS I CANT"}
{"tweet_id":841810477206368257,"created_unixtime":1489538232505,"created_time":"Wed Mar 15 00:37:12 +0000 2017","lang":"en","displayname":"DaNameEli","time_zone":"Arizona","msg":"RT LorddHaveMercy someone who finally realizes this 👏🏽 https//tco/xk8ON76XgV"}
{"tweet_id":841810477663571969,"created_unixtime":1489538232614,"created_time":"Wed Mar 15 00:37:12 +0000 2017","lang":"en","displayname":"Bellarinas","time_zone":"Central Time (US & Canada)","msg":"Im not happy we have to get a divorce only just to keep our house TheFosters"}
{"tweet_id":841810477424422912,"created_unixtime":1489538232557,"created_time":"Wed Mar 15 00:37:12 +0000 2017","lang":"en","displayname":"bangtaddict","time_zone":"Pacific Time (US & Canada)","msg":"RT ProtectBTSBR 💜 Happy Withe Day 💜Taehyung 뷔 V 방탄소년단 BTS https//tco/iN2TsBMEpr"}
{"tweet_id":841810476883410944,"created_unixtime":1489538232428,"created_time":"Wed Mar 15 00:37:12 +0000 2017","lang":"en","displayname":"Adolfhibsta","time_zone":"Arizona","msg":"Never tell your friend theyre getting cheated on especially if they seem happy Stay in ya lane amp mind ur business"}
{"tweet_id":841810477776801793,"created_unixtime":1489538232641,"created_time":"Wed Mar 15 00:37:12 +0000 2017","lang":"en","displayname":"TracyKHilbun","time_zone":"America/New_York","msg":"RT tracyannehilbun I almost get iti think 🤔Happy Pi Day https//tco/bNWzURX3Lh"}
{"tweet_id":841810477843804160,"created_unixtime":1489538232657,"created_time":"Wed Mar 15 00:37:12 +0000 2017","lang":"en","displayname":"krstnjyjmnz","time_zone":"Beijing","msg":"Happy Birthday loldrewer 🎂🎉god bless sa quiz later ☺️"}
{"tweet_id":841810477596463104,"created_unixtime":1489538232598,"created_time":"Wed Mar 15 00:37:12 +0000 2017","lang":"en","displayname":"kaileighleclair","time_zone":"","msg":"mdrinkwater13 happy birthday walter💕💕 hope youre having a great day missing getting made fun of by palmy with you😓 love youuu❤️❤️"}
{"tweet_id":841810477898469376,"created_unixtime":1489538232670,"created_time":"Wed Mar 15 00:37:12 +0000 2017","lang":"en","displayname":"Jadoreme3","time_zone":"","msg":"RT dharmieKING This makes me way too happy  shes so cute 😭❤️ https//tco/CJI8xFGWFq"}
{"tweet_id":841810478447783936,"created_unixtime":1489538232801,"created_time":"Wed Mar 15 00:37:12 +0000 2017","lang":"en","displayname":"mrsb00b","time_zone":"Pacific Time (US & Canada)","msg":"RT amynelss 0314 Happy Pie Day plus a quick tour of Block 16s expanded dining room Pi https//tco/IBUtfKRzMU"}
{"tweet_id":841810478217191425,"created_unixtime":1489538232746,"created_time":"Wed Mar 15 00:37:12 +0000 2017","lang":"en","displayname":"lissie2428","time_zone":"","msg":"RT BabyAriel i know school is tough but keep pushing through amp working hard trust me youll be happy in the end 😼"}
{"tweet_id":841810478506508288,"created_unixtime":1489538232815,"created_time":"Wed Mar 15 00:37:12 +0000 2017","lang":"en","displayname":"FarrahBrig","time_zone":"Hanoi","msg":"Big Fails  That Kind Of Mother You Are Very Happy Its Not Yours https//tco/kBorlWvPOT"}
{"tweet_id":841810478523269120,"created_unixtime":1489538232819,"created_time":"Wed Mar 15 00:37:12 +0000 2017","lang":"en","displayname":"Yulie143","time_zone":"Eastern Time (US & Canada)","msg":"RT aliahmartinez I hate that I cry out of frustration 95  of the time its not even cause Im sad its that Im so angry I cant contro…"}
{"tweet_id":841810478456225792,"created_unixtime":1489538232803,"created_time":"Wed Mar 15 00:37:12 +0000 2017","lang":"en","displayname":"farhani_rahmat","time_zone":"Beijing","msg":"RT ohteenquotes Spend life with who makes you happy not with who you have to impress"}
{"tweet_id":841810475083997185,"created_unixtime":1489538231999,"created_time":"Wed Mar 15 00:37:11 +0000 2017","lang":"ja","displayname":"gorira_himacos","time_zone":"","msg":"RT x3LZuFXABJAJoef Happy Birthday 海未ちゃん！！遂に海未ちゃんの誕生日3月15日になったーq恥ずかしがってるシーンマジで可愛いです！園田海未園田海未生誕祭2017 祝う人RT 拡散希望… "}
{"tweet_id":841810474329083904,"created_unixtime":1489538231819,"created_time":"Wed Mar 15 00:37:11 +0000 2017","lang":"en","displayname":"josibracken","time_zone":"","msg":"RT omgitsjudie It’s sad when one has to paint a dark picture of another in order to paint a perfect picture of themselves"}
{"tweet_id":841810475000066048,"created_unixtime":1489538231979,"created_time":"Wed Mar 15 00:37:11 +0000 2017","lang":"en","displayname":"flavormia","time_zone":"Pacific Time (US & Canada)","msg":"RT amynelss 0314 Happy Pie Day plus a quick tour of Block 16s expanded dining room Pi https//tco/IBUtfKRzMU"}
{"tweet_id":841810475260215297,"created_unixtime":1489538232041,"created_time":"Wed Mar 15 00:37:12 +0000 2017","lang":"en","displayname":"judesterworld","time_zone":"","msg":"RT nastywoman4eva Freeyourmindkid How does someone exist w/ such venom amp hate all day every day Im exhausted just thinking about it…"}
{"tweet_id":841810475679600640,"created_unixtime":1489538232141,"created_time":"Wed Mar 15 00:37:12 +0000 2017","lang":"en","displayname":"Pattywaffle","time_zone":"Adelaide","msg":"RT natalietran I’m as happy as my online presence suggests"}
{"tweet_id":841810477478891520,"created_unixtime":1489538232570,"created_time":"Wed Mar 15 00:37:12 +0000 2017","lang":"en","displayname":"misita_m","time_zone":"Pacific Time (US & Canada)","msg":"Happy Birthday father serbianfather https//tco/ouqicVdBvt"}
{"tweet_id":841810478963736578,"created_unixtime":1489538232924,"created_time":"Wed Mar 15 00:37:12 +0000 2017","lang":"en","displayname":"hayasu34","time_zone":"Pacific Time (US & Canada)","msg":"RT amynelss 0314 Happy Pie Day plus a quick tour of Block 16s expanded dining room Pi https//tco/IBUtfKRzMU"}
{"tweet_id":841810479194431488,"created_unixtime":1489538232979,"created_time":"Wed Mar 15 00:37:12 +0000 2017","lang":"en","displayname":"wamysweet","time_zone":"Central America","msg":"RT amynelss 0314 Happy Pie Day plus a quick tour of Block 16s expanded dining room Pi https//tco/IBUtfKRzMU"}
{"tweet_id":841810478934462464,"created_unixtime":1489538232917,"created_time":"Wed Mar 15 00:37:12 +0000 2017","lang":"en","displayname":"jadenjona","time_zone":"","msg":"A thread that makes me sad and happy at the same time https//tco/YeXAHhnwre"}
{"tweet_id":841810479613861888,"created_unixtime":1489538233079,"created_time":"Wed Mar 15 00:37:13 +0000 2017","lang":"en","displayname":"justintimeOO","time_zone":"Pacific Time (US & Canada)","msg":"RT amynelss 0314 Happy Pie Day plus a quick tour of Block 16s expanded dining room Pi https//tco/IBUtfKRzMU"}
{"tweet_id":841810479735435264,"created_unixtime":1489538233108,"created_time":"Wed Mar 15 00:37:13 +0000 2017","lang":"en","displayname":"tanyaqiin","time_zone":"Pacific Time (US & Canada)","msg":"RT amynelss 0314 Happy Pie Day plus a quick tour of Block 16s expanded dining room Pi https//tco/IBUtfKRzMU"}
{"tweet_id":841810479316123653,"created_unixtime":1489538233008,"created_time":"Wed Mar 15 00:37:13 +0000 2017","lang":"en","displayname":"Ejg_1","time_zone":"","msg":"JordynRosier2 Happy Birthday"}
{"tweet_id":841810479936811008,"created_unixtime":1489538233156,"created_time":"Wed Mar 15 00:37:13 +0000 2017","lang":"en","displayname":"expertsmartass","time_zone":"","msg":"Sad that I missed GIBWK w/ kristinnoeline amp meyrude b/c of PT but made up for it by having a great chat about bi/trans issues w/ a tech"}
{"tweet_id":841810480159109121,"created_unixtime":1489538233209,"created_time":"Wed Mar 15 00:37:13 +0000 2017","lang":"en","displayname":"p8mes","time_zone":"Mountain Time (US & Canada)","msg":"RT amynelss 0314 Happy Pie Day plus a quick tour of Block 16s expanded dining room Pi https//tco/IBUtfKRzMU"}
{"tweet_id":841810479852920832,"created_unixtime":1489538233136,"created_time":"Wed Mar 15 00:37:13 +0000 2017","lang":"en","displayname":"t0koroten_","time_zone":"Beijing","msg":"RT kurodias happy birthday to my beautiful brave wonderful angel umi  ♡  ♡  ♡ 海未は私ですが2017園田海未生誕祭2017 https//tco/CYzgsbAZwY"}
{"tweet_id":841810480196853760,"created_unixtime":1489538233218,"created_time":"Wed Mar 15 00:37:13 +0000 2017","lang":"ja","displayname":"ninestar69","time_zone":"","msg":"RT poyopoyoLIVE 出遅れたけど海未ちゃんHappy Birthday！加工ｶｺｲｲ海未ちゃんとｾｸｼｰ海未ちゃんにしました！✨コラ画園田海未生誕祭 園田海未生誕祭2017祝う人RT  3月15日は園田海未の誕生日… "}
{"tweet_id":841810480167452674,"created_unixtime":1489538233211,"created_time":"Wed Mar 15 00:37:13 +0000 2017","lang":"en","displayname":"rowenasouriya","time_zone":"Pacific Time (US & Canada)","msg":"RT ImagineErotica Dating someone is so cool like hey I like you and you like me lets hangout and have inside jokes and kiss each other a…"}
{"tweet_id":841810480247185408,"created_unixtime":1489538233230,"created_time":"Wed Mar 15 00:37:13 +0000 2017","lang":"en","displayname":"lee2ah","time_zone":"Pacific Time (US & Canada)","msg":"RT amynelss 0314 Happy Pie Day plus a quick tour of Block 16s expanded dining room Pi https//tco/IBUtfKRzMU"}
{"tweet_id":841810480549130240,"created_unixtime":1489538233302,"created_time":"Wed Mar 15 00:37:13 +0000 2017","lang":"en","displayname":"ed1aniia","time_zone":"Mountain Time (US & Canada)","msg":"RT amynelss 0314 Happy Pie Day plus a quick tour of Block 16s expanded dining room Pi https//tco/IBUtfKRzMU"}
{"tweet_id":841810480310161409,"created_unixtime":1489538233245,"created_time":"Wed Mar 15 00:37:13 +0000 2017","lang":"en","displayname":"ayeitsoha","time_zone":"Eastern Time (US & Canada)","msg":"lowkey sad that micheal guiroosinan or whatever his name is never commented on my pics "}
{"tweet_id":841810480402444297,"created_unixtime":1489538233267,"created_time":"Wed Mar 15 00:37:13 +0000 2017","lang":"en","displayname":"_sxnchez_","time_zone":"","msg":"RT VisbalJonathan Do what you gotta do to be happy"}
{"tweet_id":841810480574291968,"created_unixtime":1489538233308,"created_time":"Wed Mar 15 00:37:13 +0000 2017","lang":"en","displayname":"2ddomca","time_zone":"Mountain Time (US & Canada)","msg":"RT amynelss 0314 Happy Pie Day plus a quick tour of Block 16s expanded dining room Pi https//tco/IBUtfKRzMU"}
{"tweet_id":841810480721141760,"created_unixtime":1489538233343,"created_time":"Wed Mar 15 00:37:13 +0000 2017","lang":"en","displayname":"joyvints","time_zone":"Pacific Time (US & Canada)","msg":"RT amynelss 0314 Happy Pie Day plus a quick tour of Block 16s expanded dining room Pi https//tco/IBUtfKRzMU"}
{"tweet_id":841810480532467713,"created_unixtime":1489538233298,"created_time":"Wed Mar 15 00:37:13 +0000 2017","lang":"en","displayname":"brian_sharrock","time_zone":"","msg":"RHingsbergen taylorwoood_ my apologies Happy now"}
{"tweet_id":841810480876277760,"created_unixtime":1489538233380,"created_time":"Wed Mar 15 00:37:13 +0000 2017","lang":"en","displayname":"euniae","time_zone":"Pacific Time (US & Canada)","msg":"tetrahydren nahh dont worry about making a cardim pretty happy that you would go out of your time to tweet me this"}
{"tweet_id":841810480888868864,"created_unixtime":1489538233383,"created_time":"Wed Mar 15 00:37:13 +0000 2017","lang":"en","displayname":"amyrightside","time_zone":"Mountain Time (US & Canada)","msg":"RT amynelss 0314 Happy Pie Day plus a quick tour of Block 16s expanded dining room Pi https//tco/IBUtfKRzMU"}
{"tweet_id":841810480595390464,"created_unixtime":1489538233313,"created_time":"Wed Mar 15 00:37:13 +0000 2017","lang":"en","displayname":"acklesfan4life","time_zone":"","msg":"RT oohbarista Happy J2Day everyone The smile on their faces are real Supernatural izzythekid96 https//tco/kGTnkx2wf0"}
{"tweet_id":841810481270599680,"created_unixtime":1489538233474,"created_time":"Wed Mar 15 00:37:13 +0000 2017","lang":"en","displayname":"hatsumno","time_zone":"Pacific Time (US & Canada)","msg":"RT amynelss 0314 Happy Pie Day plus a quick tour of Block 16s expanded dining room Pi https//tco/IBUtfKRzMU"}
{"tweet_id":841810478804414466,"created_unixtime":1489538232886,"created_time":"Wed Mar 15 00:37:12 +0000 2017","lang":"en","displayname":"sarah_terry434","time_zone":"Pacific Time (US & Canada)","msg":"RT FemaleTexts Someone When was the last time u were truly happyMe https//tco/XpsaVKmmfJ"}
{"tweet_id":841810481073528832,"created_unixtime":1489538233427,"created_time":"Wed Mar 15 00:37:13 +0000 2017","lang":"en","displayname":"savanna11r","time_zone":"","msg":"RT preaching my main focus is to better myself be successful and be happy so if you arent contributing to that then i dont need you i…"}
{"tweet_id":841810481169989632,"created_unixtime":1489538233450,"created_time":"Wed Mar 15 00:37:13 +0000 2017","lang":"en","displayname":"shaylajaline","time_zone":"","msg":"SAY IT FOR THE HOES IN THE BACK https//tco/DWedQfjgbC"}
{"tweet_id":841810481690120192,"created_unixtime":1489538233574,"created_time":"Wed Mar 15 00:37:13 +0000 2017","lang":"en","displayname":"caseyttha","time_zone":"Pacific Time (US & Canada)","msg":"RT amynelss 0314 Happy Pie Day plus a quick tour of Block 16s expanded dining room Pi https//tco/IBUtfKRzMU"}
{"tweet_id":841810482298208261,"created_unixtime":1489538233719,"created_time":"Wed Mar 15 00:37:13 +0000 2017","lang":"en","displayname":"kurokihiako","time_zone":"Mountain Time (US & Canada)","msg":"RT amynelss 0314 Happy Pie Day plus a quick tour of Block 16s expanded dining room Pi https//tco/IBUtfKRzMU"}
{"tweet_id":841810482503680000,"created_unixtime":1489538233768,"created_time":"Wed Mar 15 00:37:13 +0000 2017","lang":"en","displayname":"professorNerdMD","time_zone":"","msg":"RT fissionsurplus I dont know who drew this but whoever you are you made me happy https//tco/g5cvE56eCl"}
{"tweet_id":841810482591801345,"created_unixtime":1489538233789,"created_time":"Wed Mar 15 00:37:13 +0000 2017","lang":"en","displayname":"sofiawanderl","time_zone":"Pacific Time (US & Canada)","msg":"RT amynelss 0314 Happy Pie Day plus a quick tour of Block 16s expanded dining room Pi https//tco/IBUtfKRzMU"}
{"tweet_id":841810482327654400,"created_unixtime":1489538233726,"created_time":"Wed Mar 15 00:37:13 +0000 2017","lang":"en","displayname":"KatxziAna","time_zone":"","msg":"RT gentrymarley_ if youre happy with your life  no one elses opinion matters "}
{"tweet_id":841810482767917056,"created_unixtime":1489538233831,"created_time":"Wed Mar 15 00:37:13 +0000 2017","lang":"en","displayname":"kayadfi","time_zone":"Pacific Time (US & Canada)","msg":"RT amynelss 0314 Happy Pie Day plus a quick tour of Block 16s expanded dining room Pi https//tco/IBUtfKRzMU"}
{"tweet_id":841810481094524928,"created_unixtime":1489538233432,"created_time":"Wed Mar 15 00:37:13 +0000 2017","lang":"en","displayname":"_zymera","time_zone":"","msg":"RT sensuaIy Idk who these ppl are but IM SO HAPPY FOR THEM 😍😭👶🏻🍼 https//tco/5XaXEripGi"}
{"tweet_id":841810483350978560,"created_unixtime":1489538233970,"created_time":"Wed Mar 15 00:37:13 +0000 2017","lang":"en","displayname":"holly_farah","time_zone":"","msg":"RT reidhoffman Ive taken the LiveTogether challenge with hadip Happy Persian New Year Pass it on jeffweiner drewhouston… "}
{"tweet_id":841810483397115904,"created_unixtime":1489538233981,"created_time":"Wed Mar 15 00:37:13 +0000 2017","lang":"en","displayname":"shivanui","time_zone":"Pacific Time (US & Canada)","msg":"RT amynelss 0314 Happy Pie Day plus a quick tour of Block 16s expanded dining room Pi https//tco/IBUtfKRzMU"}
{"tweet_id":841810483422281730,"created_unixtime":1489538233987,"created_time":"Wed Mar 15 00:37:13 +0000 2017","lang":"en","displayname":"yvelastan","time_zone":"Pacific Time (US & Canada)","msg":"RT amynelss 0314 Happy Pie Day plus a quick tour of Block 16s expanded dining room Pi https//tco/IBUtfKRzMU"}
{"tweet_id":841810483598503936,"created_unixtime":1489538234029,"created_time":"Wed Mar 15 00:37:14 +0000 2017","lang":"en","displayname":"SecuteBieber95","time_zone":"Dublin","msg":"RT scooterbraun Happy birthday to the crazy guy in the middle thatrygood  Love you brother Special people are born on this day https/…"}
{"tweet_id":841810483774607360,"created_unixtime":1489538234071,"created_time":"Wed Mar 15 00:37:14 +0000 2017","lang":"en","displayname":"kalyeseryefan1","time_zone":"Beijing","msg":"RT mainearchive 03032017  FAN ART  paulranosa IG update  Happy Birthday mainedcm https//tco/F2uF7rEQ72"}
{"tweet_id":841810483581718528,"created_unixtime":1489538234025,"created_time":"Wed Mar 15 00:37:14 +0000 2017","lang":"en","displayname":"king_mystic","time_zone":"","msg":"RT kanyefeeI its sad to see a good person change"}
{"tweet_id":841810483384586240,"created_unixtime":1489538233978,"created_time":"Wed Mar 15 00:37:13 +0000 2017","lang":"en","displayname":"DoctorDizzyspin","time_zone":"Pacific Time (US & Canada)","msg":"RT bwecht Happy Birthday to a guy that forever changed my life Dan Avidan Audrey amp I recorded a little message to celebrate https//t…"}
{"tweet_id":841810484017938432,"created_unixtime":1489538234129,"created_time":"Wed Mar 15 00:37:14 +0000 2017","lang":"en","displayname":"_christmastime","time_zone":"Atlantic Time (Canada)","msg":"RT ilovefIowers happy dogs with flowers are the best thing to ever happen to me https//tco/BPD2xOm9XC"}
{"tweet_id":841810482042421248,"created_unixtime":1489538233658,"created_time":"Wed Mar 15 00:37:13 +0000 2017","lang":"en","displayname":"princesss_sade","time_zone":"","msg":"Happy Birthday Baby 🤤💗🙌🏾 I Hope It Goes Great ‼️kashdoll https//tco/2WbGyy1JUA"}
{"tweet_id":841810483950829568,"created_unixtime":1489538234113,"created_time":"Wed Mar 15 00:37:14 +0000 2017","lang":"en","displayname":"Lexxxhrry","time_zone":"Central Time (US & Canada)","msg":"ericmorris66 I feel like its totally an inside joke that Im not apart of but hey its your day Happy Eric Morris day🍾"}
{"tweet_id":841810484571590657,"created_unixtime":1489538234261,"created_time":"Wed Mar 15 00:37:14 +0000 2017","lang":"en","displayname":"jacob_wood21","time_zone":"","msg":"MYSTIC7 PokemonGoApp sad to say hyper beam wont work on gengar unless Pokemon go doesnt follow basic Pokemon rules"}
{"tweet_id":841810481924968452,"created_unixtime":1489538233630,"created_time":"Wed Mar 15 00:37:13 +0000 2017","lang":"en","displayname":"snpeterman","time_zone":"","msg":"Happy Birthday to my first bestfriend love and miss you sweet girl❤️❤️ whitley_cheer https//tco/e114vvtr43"}
{"tweet_id":841810484743434240,"created_unixtime":1489538234302,"created_time":"Wed Mar 15 00:37:14 +0000 2017","lang":"en","displayname":"igrace529","time_zone":"","msg":"RT mainedcm I am a one happy banana How about you https//tco/KKyl9dh6HO"}
{"tweet_id":841810484835803138,"created_unixtime":1489538234324,"created_time":"Wed Mar 15 00:37:14 +0000 2017","lang":"en","displayname":"driftingbyrm","time_zone":"Pacific Time (US & Canada)","msg":"RT yoongibts bts episode HAPPY WHITE DAY FROM BTS 1 namjoon https//tco/sUDppIFoht"}
{"tweet_id":841810485057998848,"created_unixtime":1489538234377,"created_time":"Wed Mar 15 00:37:14 +0000 2017","lang":"en","displayname":"kogila301177","time_zone":"","msg":"RT Anirudh_Online 4th Award It Is For Our RockstarBy 10thEdisonAwards ThisTime For Remo Happy ForYou As Always AnirudhCongrats… "}
{"tweet_id":841810484890238976,"created_unixtime":1489538234337,"created_time":"Wed Mar 15 00:37:14 +0000 2017","lang":"en","displayname":"tamekia_a","time_zone":"Pacific Time (US & Canada)","msg":"RT amynelss 0314 Happy Pie Day plus a quick tour of Block 16s expanded dining room Pi https//tco/IBUtfKRzMU"}
{"tweet_id":841810484953288705,"created_unixtime":1489538234352,"created_time":"Wed Mar 15 00:37:14 +0000 2017","lang":"en","displayname":"__xstephanieeee","time_zone":"Atlantic Time (Canada)","msg":"Im So Happy My Friend Got Her Daughter Today ❤"}
{"tweet_id":841810485351718912,"created_unixtime":1489538234447,"created_time":"Wed Mar 15 00:37:14 +0000 2017","lang":"en","displayname":"__DianeRenee__","time_zone":"","msg":"RT preaching my main focus is to better myself be successful and be happy so if you arent contributing to that then i dont need you i…"}
{"tweet_id":841810485473341441,"created_unixtime":1489538234476,"created_time":"Wed Mar 15 00:37:14 +0000 2017","lang":"en","displayname":"Kay__Cook","time_zone":"","msg":"RT ohteenquotes Spend life with who makes you happy not with who you have to impress"}
{"tweet_id":841810485582417921,"created_unixtime":1489538234502,"created_time":"Wed Mar 15 00:37:14 +0000 2017","lang":"en","displayname":"crieuan","time_zone":"Mountain Time (US & Canada)","msg":"sparkedfranta CONGRATS BABY IM SO HAPPY FOR YOU"}
{"tweet_id":841810485821419522,"created_unixtime":1489538234559,"created_time":"Wed Mar 15 00:37:14 +0000 2017","lang":"en","displayname":"pos11a","time_zone":"Pacific Time (US & Canada)","msg":"RT amynelss 0314 Happy Pie Day plus a quick tour of Block 16s expanded dining room Pi https//tco/IBUtfKRzMU"}
{"tweet_id":841810485733404673,"created_unixtime":1489538234538,"created_time":"Wed Mar 15 00:37:14 +0000 2017","lang":"en","displayname":"chiomegagmu","time_zone":"Eastern Time (US & Canada)","msg":"We would like to wish the wonderful men of kappasigma_gmu a happy founders day 💚"}
{"tweet_id":841810486479929344,"created_unixtime":1489538234716,"created_time":"Wed Mar 15 00:37:14 +0000 2017","lang":"en","displayname":"lilyhuj","time_zone":"Pacific Time (US & Canada)","msg":"RT amynelss 0314 Happy Pie Day plus a quick tour of Block 16s expanded dining room Pi https//tco/IBUtfKRzMU"}
{"tweet_id":841810486647648256,"created_unixtime":1489538234756,"created_time":"Wed Mar 15 00:37:14 +0000 2017","lang":"ja","displayname":"bee60558020","time_zone":"","msg":"【連載マンガ】「ほしとくずDont worry Be happy CHAPTER01」を読みました！人気マンガが無料で読める！LINEマンガ今スグ読む→ https//tco/SyASrZzoPV LINEマンガ"}
{"tweet_id":841810486802931712,"created_unixtime":1489538234793,"created_time":"Wed Mar 15 00:37:14 +0000 2017","lang":"en","displayname":"FireFishery","time_zone":"","msg":"RT RifleGaming thebutterbacca BodatiousBodey lt3 I feel good that we did that Im happy for you"}
