{"tweet_id":841810045557964800,"created_unixtime":1489538129592,"created_time":"Wed Mar 15 00:35:29 +0000 2017","lang":"en","displayname":"gabeten","time_zone":"Eastern Time (US & Canada)","msg":"RT RealJack Its sad but hilarious how the mainstream media thinks plastering antiTrump BS all over is going to stop him Every headline…"}
{"tweet_id":841810045931274240,"created_unixtime":1489538129681,"created_time":"Wed Mar 15 00:35:29 +0000 2017","lang":"en","displayname":"KateABlanco","time_zone":"Eastern Time (US & Canada)","msg":"Thinking about school tomorrow makes me so sad"}
{"tweet_id":841810046065491968,"created_unixtime":1489538129713,"created_time":"Wed Mar 15 00:35:29 +0000 2017","lang":"en","displayname":"x_gabrielaaa","time_zone":"","msg":"im sad af"}
{"tweet_id":841810046216491009,"created_unixtime":1489538129749,"created_time":"Wed Mar 15 00:35:29 +0000 2017","lang":"en","displayname":"CHS_Voice","time_zone":"Eastern Time (US & Canada)","msg":"ALERT School is closed tomorrow Wednesday Early notice b/c Mr Hoose wanted to allow time to plan Stay safe amp warm and Happy Snow Day"}
{"tweet_id":841810047038562305,"created_unixtime":1489538129945,"created_time":"Wed Mar 15 00:35:29 +0000 2017","lang":"en","displayname":"nemaaaaaaa","time_zone":"Eastern Time (US & Canada)","msg":"RT RoLashawn_wpck Yall mad at Keke Palmer for being happy carefree and dancing But half well most of yall cant dance either lmao"}
{"tweet_id":841810046950420480,"created_unixtime":1489538129924,"created_time":"Wed Mar 15 00:35:29 +0000 2017","lang":"ja","displayname":"raguna1192","time_zone":"Tokyo","msg":"RT poteto_rubyi 園田海未生誕祭2017 ぽっぴん加工海未ちゃん happy birthday‼️🎂🎂海未ちゃんアイコン配布です！ https//tco/BySEyTTCgE"}
{"tweet_id":841810047378313218,"created_unixtime":1489538130026,"created_time":"Wed Mar 15 00:35:30 +0000 2017","lang":"en","displayname":"Red_Reload","time_zone":"Eastern Time (US & Canada)","msg":"RT RosaBrighid Two more Happy Tuesday 💋🇬🇧photographer Gordon Terry https//tco/EJWjat38Y1"}
{"tweet_id":841810047957004289,"created_unixtime":1489538130164,"created_time":"Wed Mar 15 00:35:30 +0000 2017","lang":"en","displayname":"sibsty9","time_zone":"Singapore","msg":"Happy Birthday hydeeasuncion BENTE KA NA RIN YES HAHA miss you See you soon xoxo"}
{"tweet_id":841810047478972417,"created_unixtime":1489538130050,"created_time":"Wed Mar 15 00:35:30 +0000 2017","lang":"en","displayname":"monixamartinez","time_zone":"Eastern Time (US & Canada)","msg":"Preach https//tco/CzxGbfCkmc"}
{"tweet_id":841810047936139264,"created_unixtime":1489538130159,"created_time":"Wed Mar 15 00:35:30 +0000 2017","lang":"en","displayname":"2014bellyUp","time_zone":"Pacific Time (US & Canada)","msg":"Happy SXSW free live music this week See you see you soon foodtrailer south atx… https//tco/BxqRGLQLNK"}
{"tweet_id":841810048594530304,"created_unixtime":1489538130316,"created_time":"Wed Mar 15 00:35:30 +0000 2017","lang":"und","displayname":"tombowk3","time_zone":"","msg":"RT realDailyWire Sad https//tco/bMnXSjPGJX"}
{"tweet_id":841810048800051202,"created_unixtime":1489538130365,"created_time":"Wed Mar 15 00:35:30 +0000 2017","lang":"en","displayname":"Virgini56850121","time_zone":"","msg":"RT CSNWarriors Ayesha Curry closes happy birthday message to Steph with mic drop https//tco/wfY6ywbkKR https//tco/RZD394sXMF"}
{"tweet_id":841810048389128192,"created_unixtime":1489538130267,"created_time":"Wed Mar 15 00:35:30 +0000 2017","lang":"en","displayname":"angelaaawaaay","time_zone":"","msg":"RT De5tyn I love seeing people happy"}
{"tweet_id":841810048867164160,"created_unixtime":1489538130381,"created_time":"Wed Mar 15 00:35:30 +0000 2017","lang":"tl","displayname":"ShienCha2","time_zone":"","msg":"Waaaaa tama bessshappy lang tayo para sa pangarap n may2 waaaa basta ako alam ko kung saan ako pupunta bwahahahahahahaha"}
{"tweet_id":841810048514961409,"created_unixtime":1489538130297,"created_time":"Wed Mar 15 00:35:30 +0000 2017","lang":"en","displayname":"coreydavid11","time_zone":"Eastern Time (US & Canada)","msg":"delaroseeee happy for you Congratulations"}
{"tweet_id":841810049240596481,"created_unixtime":1489538130470,"created_time":"Wed Mar 15 00:35:30 +0000 2017","lang":"en","displayname":"vonniebtw","time_zone":"Pacific Time (US & Canada)","msg":"havent been genuinely happy since last year some time"}
{"tweet_id":841810049538359301,"created_unixtime":1489538130541,"created_time":"Wed Mar 15 00:35:30 +0000 2017","lang":"en","displayname":"Lady_janelle13","time_zone":"","msg":"RT sjohns1218 Happy 3rd Anniversary JaDinesLetOurPurpleHeartsShineAt3"}
{"tweet_id":841810049014104072,"created_unixtime":1489538130416,"created_time":"Wed Mar 15 00:35:30 +0000 2017","lang":"en","displayname":"emilycarle","time_zone":"Eastern Time (US & Canada)","msg":"I love that mikemeechin is featured on the FETC RFP page So deserving I really enjoy working with him as an… https//tco/teJTcqdJxt"}
{"tweet_id":841810049416613889,"created_unixtime":1489538130512,"created_time":"Wed Mar 15 00:35:30 +0000 2017","lang":"en","displayname":"renatalarico","time_zone":"Hawaii","msg":"Thank you Chloe ❤ https//tco/IrQG2d9oB9"}
{"tweet_id":841810049114742784,"created_unixtime":1489538130440,"created_time":"Wed Mar 15 00:35:30 +0000 2017","lang":"en","displayname":"Its_Muta","time_zone":"Quito","msg":"RT D_Deji28 Do you guys know why he was killed A girl lied that he raped her and her brother shot him dead https//tco/IWDVDZp3rz"}
{"tweet_id":841810049538363393,"created_unixtime":1489538130541,"created_time":"Wed Mar 15 00:35:30 +0000 2017","lang":"en","displayname":"j0shpears0n","time_zone":"","msg":"RT KentMurphy Sad but also an incredible pic https//tco/H5GpfW3BSx"}
{"tweet_id":841810049597095937,"created_unixtime":1489538130555,"created_time":"Wed Mar 15 00:35:30 +0000 2017","lang":"en","displayname":"SweetSweetHazza","time_zone":"Pacific Time (US & Canada)","msg":"Harry_Styles Youre the reason of my smile I love you and Im proud of you I would be very happy if you follow me one day ❤️  758"}
{"tweet_id":841810050188423168,"created_unixtime":1489538130696,"created_time":"Wed Mar 15 00:35:30 +0000 2017","lang":"en","displayname":"CandariMyrna","time_zone":"","msg":"RT rob7dagr At the end of the day the most important thing is that Miho is happy because Aimi is happy Who makes them happy Tommy LL…"}
{"tweet_id":841810050352009216,"created_unixtime":1489538130735,"created_time":"Wed Mar 15 00:35:30 +0000 2017","lang":"ja","displayname":"na88yy","time_zone":"JST","msg":"【連載マンガ】「ほしとくずDont worry Be happy CHAPTER01」を読みました！人気マンガが無料で読める！LINEマンガ今スグ読む→ https//tco/QjZDrOhEe3 LINEマンガ"}
{"tweet_id":841810050637152256,"created_unixtime":1489538130803,"created_time":"Wed Mar 15 00:35:30 +0000 2017","lang":"en","displayname":"rammanwani","time_zone":"Pacific Time (US & Canada)","msg":"RT swamignantej Wishing every one a very happy Holi SoManyReasonsToCelebrate Love Life Wisdom Gurudev Mother Siblings… "}
{"tweet_id":841810050435977216,"created_unixtime":1489538130755,"created_time":"Wed Mar 15 00:35:30 +0000 2017","lang":"und","displayname":"grashooperr","time_zone":"","msg":"RT CETONJAA Ovo je sad vec faza dje je izgorio sad ce da pocne da prijeti"}
{"tweet_id":841810050117173248,"created_unixtime":1489538130679,"created_time":"Wed Mar 15 00:35:30 +0000 2017","lang":"en","displayname":"wid_x3","time_zone":"Eastern Time (US & Canada)","msg":"RT D_Deji28 Do you guys know why he was killed A girl lied that he raped her and her brother shot him dead https//tco/IWDVDZp3rz"}
{"tweet_id":841810050289160192,"created_unixtime":1489538130720,"created_time":"Wed Mar 15 00:35:30 +0000 2017","lang":"en","displayname":"Tsumetaay","time_zone":"Pacific Time (US & Canada)","msg":"RT RapSpotlights RT if youre happy that Kodak Black is out and making new music 🔥 https//tco/8wyxkj92Su"}
{"tweet_id":841810051849375744,"created_unixtime":1489538131092,"created_time":"Wed Mar 15 00:35:31 +0000 2017","lang":"en","displayname":"AbdulaiSadik2","time_zone":"","msg":"Happy Birthday to Liverpool FC as we celebrate its 125 years of existence SuperSportNews LFC"}
{"tweet_id":841810051853508608,"created_unixtime":1489538131093,"created_time":"Wed Mar 15 00:35:31 +0000 2017","lang":"en","displayname":"FanaTour","time_zone":"","msg":"Good morning everyone Dont forget to be happy 😊 Open Trip karimunjawa More Info WA… https//tco/CKK43Sbirl"}
{"tweet_id":841810050557587458,"created_unixtime":1489538130784,"created_time":"Wed Mar 15 00:35:30 +0000 2017","lang":"en","displayname":"colourmoichic","time_zone":"Pacific Time (US & Canada)","msg":"I just realized that when I smile my face makes little happy whiskers from the laugh lines 😂😂😂 https//tco/edh8fAd1Gr"}
{"tweet_id":841810052130459650,"created_unixtime":1489538131159,"created_time":"Wed Mar 15 00:35:31 +0000 2017","lang":"en","displayname":"ThisMamas","time_zone":"Atlantic Time (Canada)","msg":"RT MomItForward Q6 DOES FOOD MAKE YOU HAPPY WHAT DISHES MAKE YOU THE HAPPIEST AvoHappiness GNO PLS RT"}
{"tweet_id":841810052142968832,"created_unixtime":1489538131162,"created_time":"Wed Mar 15 00:35:31 +0000 2017","lang":"en","displayname":"ernieysnda","time_zone":"Pacific Time (US & Canada)","msg":"RT ndiantsh Pretending to be happy when youre in pain is just an example of how strong you are as a person 😌"}
{"tweet_id":841810052134649857,"created_unixtime":1489538131160,"created_time":"Wed Mar 15 00:35:31 +0000 2017","lang":"en","displayname":"ashslaymua","time_zone":"","msg":"RT YUNGCHINITA sad but trueeee https//tco/VVX7sqTyWJ"}
{"tweet_id":841810052474404864,"created_unixtime":1489538131241,"created_time":"Wed Mar 15 00:35:31 +0000 2017","lang":"en","displayname":"liseve91","time_zone":"","msg":"ChristopherSean could you wish my best friend AlonaDanger a very happy birthday"}
{"tweet_id":841810052642144258,"created_unixtime":1489538131281,"created_time":"Wed Mar 15 00:35:31 +0000 2017","lang":"en","displayname":"mattywarner_","time_zone":"","msg":"RT FarwellAdele Happy 19th birthday to my best friend  🎈🎁 have the best day love u ❤️ X https//tco/R6s1Lbry97"}
{"tweet_id":841810052486991876,"created_unixtime":1489538131244,"created_time":"Wed Mar 15 00:35:31 +0000 2017","lang":"en","displayname":"ajperkins14","time_zone":"Eastern Time (US & Canada)","msg":"thanks https//tco/ReeCACELIs"}
{"tweet_id":841810049395744768,"created_unixtime":1489538130507,"created_time":"Wed Mar 15 00:35:30 +0000 2017","lang":"en","displayname":"marykromer","time_zone":"","msg":"Happy Birthday Cant wait for next FLOP season with you❤jessicacary14 https//tco/KW86iYK39c"}
{"tweet_id":841810053644582912,"created_unixtime":1489538131520,"created_time":"Wed Mar 15 00:35:31 +0000 2017","lang":"en","displayname":"Kasey_Krueger14","time_zone":"Eastern Time (US & Canada)","msg":"RT AIanHangover I just wanna make you happy because I care and love you"}
{"tweet_id":841810054508568576,"created_unixtime":1489538131726,"created_time":"Wed Mar 15 00:35:31 +0000 2017","lang":"en","displayname":"MheannMalicdem","time_zone":"","msg":"RT AlDubBigGirlz Happy Tweeting mga keneshenTC always😘👋 ALDUBxDTBYTugOfHearts AlDubBigBoyz ALDub_RTeam jophie30… "}
{"tweet_id":841810054630264832,"created_unixtime":1489538131755,"created_time":"Wed Mar 15 00:35:31 +0000 2017","lang":"en","displayname":"Marti_floyd3","time_zone":"Pacific Time (US & Canada)","msg":"RT Morg_Palm7 BIG HAPPY BIRTHDAY TO MY GIRL MART 🎉💖 enjoy ur day cutie ferris is lucky to gain such a bad ass 🤘🏼⚽️… "}
{"tweet_id":841810054693109760,"created_unixtime":1489538131770,"created_time":"Wed Mar 15 00:35:31 +0000 2017","lang":"en","displayname":"smile_lowks_702","time_zone":"Central Time (US & Canada)","msg":"RT DeAunteJenkins Cant rely on anyone other than yourself to make you happy I learned that the hard way💯"}
{"tweet_id":841810054735110148,"created_unixtime":1489538131780,"created_time":"Wed Mar 15 00:35:31 +0000 2017","lang":"en","displayname":"oh_snap_holly","time_zone":"America/Chicago","msg":"I GET SO SAD WHEN NO CHAIRS TURN  TheVoice"}
{"tweet_id":841810054810607616,"created_unixtime":1489538131798,"created_time":"Wed Mar 15 00:35:31 +0000 2017","lang":"en","displayname":"ASDsupportNC","time_zone":"Quito","msg":"RT MomItForward Q6 DOES FOOD MAKE YOU HAPPY WHAT DISHES MAKE YOU THE HAPPIEST AvoHappiness GNO PLS RT"}
{"tweet_id":841810055020314624,"created_unixtime":1489538131848,"created_time":"Wed Mar 15 00:35:31 +0000 2017","lang":"en","displayname":"jordanvsthe","time_zone":"","msg":"RT TRASH_MOBB not happy not sad kinda just floating"}
{"tweet_id":841810055104090112,"created_unixtime":1489538131868,"created_time":"Wed Mar 15 00:35:31 +0000 2017","lang":"en","displayname":"eboshihobbymovi","time_zone":"","msg":"McDonalds Happy Set Schroeder amp Snoopy from The Peanuts Movie https//tco/x8gq9N40dE youtube snoopy peanuts schroeder"}
{"tweet_id":841810054818938880,"created_unixtime":1489538131800,"created_time":"Wed Mar 15 00:35:31 +0000 2017","lang":"en","displayname":"Jiyeonnii93","time_zone":"Pacific Time (US & Canada)","msg":"I kick you😂 https//tco/WU4rGfGcpd"}
{"tweet_id":841810055053905921,"created_unixtime":1489538131856,"created_time":"Wed Mar 15 00:35:31 +0000 2017","lang":"en","displayname":"alex_kyi","time_zone":"Eastern Time (US & Canada)","msg":"RT peachoveraIls alex_kyi hey happy birthday"}
{"tweet_id":841810055133573121,"created_unixtime":1489538131875,"created_time":"Wed Mar 15 00:35:31 +0000 2017","lang":"en","displayname":"babyygirldeja","time_zone":"Pacific Time (US & Canada)","msg":"RT MIAKHALlFA dating me is simple Just text me back fast make me happy amp dont lie to me amp there wont be any problems"}
{"tweet_id":841810055053905920,"created_unixtime":1489538131856,"created_time":"Wed Mar 15 00:35:31 +0000 2017","lang":"en","displayname":"KendylZ","time_zone":"","msg":"RT JustAGirIThing Someone When was the last time u were truly happy Me https//tco/YTSjNOreRU"}
{"tweet_id":841810054647021568,"created_unixtime":1489538131759,"created_time":"Wed Mar 15 00:35:31 +0000 2017","lang":"en","displayname":"coralrae21","time_zone":"","msg":"RT MomItForward Q6 DOES FOOD MAKE YOU HAPPY WHAT DISHES MAKE YOU THE HAPPIEST AvoHappiness GNO PLS RT"}
{"tweet_id":841810055129362432,"created_unixtime":1489538131874,"created_time":"Wed Mar 15 00:35:31 +0000 2017","lang":"en","displayname":"sydneyr_5","time_zone":"Pacific Time (US & Canada)","msg":"RT nbacares Happy Birthday StephenCurry30 A leader on and off the court https//tco/h9oZH0essv"}
{"tweet_id":841810055779504132,"created_unixtime":1489538132029,"created_time":"Wed Mar 15 00:35:32 +0000 2017","lang":"en","displayname":"LaliiVargass","time_zone":"Buenos Aires","msg":"RT karaagescans Happy White DayRelease So My Dream Kinda Went Crazy Last Night  Can I Tell You About It MiSawa NSFW… "}
{"tweet_id":841810056391806976,"created_unixtime":1489538132175,"created_time":"Wed Mar 15 00:35:32 +0000 2017","lang":"en","displayname":"lovejadapink","time_zone":"","msg":"RT principallopez Its ACTION week and this is the way the Tartans act Maybe we should rethink this activity Get your attitude right TA…"}
{"tweet_id":841810056085659648,"created_unixtime":1489538132102,"created_time":"Wed Mar 15 00:35:32 +0000 2017","lang":"en","displayname":"HnnwfdQkBKxStkV","time_zone":"","msg":"RT mommy_dub Reminiscing d KS good old days 😊 jaysondmx ALDUBxDTBYTugOfHearts https//tco/0CreDofWbO"}
{"tweet_id":841810056475631616,"created_unixtime":1489538132195,"created_time":"Wed Mar 15 00:35:32 +0000 2017","lang":"en","displayname":"wokezaps","time_zone":"Pacific Time (US & Canada)","msg":"im so happy to look back and be able to say that were still together a year later like jrjdjsn https//tco/nzPFRDjOYy"}
{"tweet_id":841810056513519617,"created_unixtime":1489538132204,"created_time":"Wed Mar 15 00:35:32 +0000 2017","lang":"en","displayname":"joyybrn","time_zone":"","msg":"RT tinluvsmaichard Makulay na umaga happy banana mainedcm Imagine this boy happy to see a banana you as ADN Love you https//tco/…"}
{"tweet_id":841810056597405696,"created_unixtime":1489538132224,"created_time":"Wed Mar 15 00:35:32 +0000 2017","lang":"en","displayname":"tattoorob40","time_zone":"Eastern Time (US & Canada)","msg":"Niiiiiiiice  Happy to see captaincold back TheFlash"}
{"tweet_id":841810056794525696,"created_unixtime":1489538132271,"created_time":"Wed Mar 15 00:35:32 +0000 2017","lang":"en","displayname":"ManiLove_","time_zone":"Central Time (US & Canada)","msg":"RT CUTEST_ANlMALS this makes me so happy  https//tco/4ebwUxo9Hg"}
{"tweet_id":841810056572203008,"created_unixtime":1489538132218,"created_time":"Wed Mar 15 00:35:32 +0000 2017","lang":"en","displayname":"qsprincesslaya","time_zone":"","msg":"KimClements1 cant believe u didnt say happy birthday to Q"}
{"tweet_id":841810056295415808,"created_unixtime":1489538132152,"created_time":"Wed Mar 15 00:35:32 +0000 2017","lang":"en","displayname":"leahpauls_","time_zone":"","msg":"happy birthday to my favourite co worker❤ without you i probably wouldve quit months ago have the best day gf love u tons Taayylor0"}
{"tweet_id":841810057230704641,"created_unixtime":1489538132375,"created_time":"Wed Mar 15 00:35:32 +0000 2017","lang":"en","displayname":"poetryinluv","time_zone":"Pacific Time (US & Canada)","msg":"RT hidden saying im tired when youre actually sad"}
{"tweet_id":841810055313948672,"created_unixtime":1489538131918,"created_time":"Wed Mar 15 00:35:31 +0000 2017","lang":"en","displayname":"MalikManning8","time_zone":"","msg":"A happy memories https//tco/Rdv6AB0qkE"}
{"tweet_id":841810057708875777,"created_unixtime":1489538132489,"created_time":"Wed Mar 15 00:35:32 +0000 2017","lang":"en","displayname":"brendake32","time_zone":"","msg":"RT ShadesUpdates miss_steele89 happy birthday 🎈🎁💕"}
{"tweet_id":841810057574637568,"created_unixtime":1489538132457,"created_time":"Wed Mar 15 00:35:32 +0000 2017","lang":"en","displayname":"ashley_sedlak","time_zone":"","msg":"AllieLerman HAPPY BIRTHDAY LERMAN Remember that one time we had to stay an awful week at umbc for camp 😂😂hope u had a good bday🎉🎉🎉"}
{"tweet_id":841810057994018816,"created_unixtime":1489538132557,"created_time":"Wed Mar 15 00:35:32 +0000 2017","lang":"en","displayname":"vandj4ever","time_zone":"Pacific Time (US & Canada)","msg":"seattlerams_nfl The sad thing is this isnt even a joke 😐"}
{"tweet_id":841810057805369344,"created_unixtime":1489538132512,"created_time":"Wed Mar 15 00:35:32 +0000 2017","lang":"en","displayname":"Luxusa2015","time_zone":"","msg":"Check out SCOTCH amp SODA DRAKE W32/L32 Jeans Happy Chap Destroyed Tabak Blend Wash https//tco/Acw0XhBfs8 eBay"}
{"tweet_id":841810058434371586,"created_unixtime":1489538132662,"created_time":"Wed Mar 15 00:35:32 +0000 2017","lang":"en","displayname":"shiroihime","time_zone":"Pacific Time (US & Canada)","msg":"RT chika___n Denego_ happy white day How are you Momochans doing great 9 maybe I should come and see you to thank you fo… "}
{"tweet_id":841810058660970496,"created_unixtime":1489538132716,"created_time":"Wed Mar 15 00:35:32 +0000 2017","lang":"en","displayname":"tonksrosa","time_zone":"Brasilia","msg":"RT CUTEST_ANlMALS this makes me so happy  https//tco/4ebwUxo9Hg"}
{"tweet_id":841810058786742272,"created_unixtime":1489538132746,"created_time":"Wed Mar 15 00:35:32 +0000 2017","lang":"tl","displayname":"GLESeulgiRV","time_zone":"","msg":"RT GLEOnewSH Happy 15 yang pertama sipit GLESeulgiRV   💋💖🔫  makin makin ya sama oppa 😂💜 https//tco/Tkpl88CNRw"}
{"tweet_id":841810058107355136,"created_unixtime":1489538132584,"created_time":"Wed Mar 15 00:35:32 +0000 2017","lang":"en","displayname":"origamiwizard28","time_zone":"Central Time (US & Canada)","msg":"RT JustinTrudeau Happy PiDay Our government is committed to supporting science amp innovation for a stronger Canada And pie for a tasti…"}
{"tweet_id":841810059160109058,"created_unixtime":1489538132835,"created_time":"Wed Mar 15 00:35:32 +0000 2017","lang":"en","displayname":"bmichelle32","time_zone":"","msg":"RT StarStuff_ivan Happy Birthday Albert Einstein born this day in 1879The important thing is not to stop questioningCuriosity has i… "}
{"tweet_id":841810059046862848,"created_unixtime":1489538132808,"created_time":"Wed Mar 15 00:35:32 +0000 2017","lang":"en","displayname":"craigkendall","time_zone":"America/Denver","msg":"Happy Taco Tuesday to me  NorthCounty https//tco/igSzlBPAq9"}
{"tweet_id":841810059789139968,"created_unixtime":1489538132985,"created_time":"Wed Mar 15 00:35:32 +0000 2017","lang":"en","displayname":"_minlatc_","time_zone":"","msg":"So sad 💔"}
{"tweet_id":841810059986268162,"created_unixtime":1489538133032,"created_time":"Wed Mar 15 00:35:33 +0000 2017","lang":"en","displayname":"haroldjkurt","time_zone":"","msg":"OjayRamirez MyVideoTalk is dead You still looking I am with the company MVT tried to copy Happy to share information if asked to do so"}
{"tweet_id":841810059919282176,"created_unixtime":1489538133016,"created_time":"Wed Mar 15 00:35:33 +0000 2017","lang":"en","displayname":"Geneva304","time_zone":"Central Time (US & Canada)","msg":"RT MrDJNorm Charity and Pies in teachers faces  happy Pi Day AshleyWeltler GMSNgr8sci MrsRinaldiLA sarahsroka tgates9er  https//…"}
{"tweet_id":841810059453693953,"created_unixtime":1489538132905,"created_time":"Wed Mar 15 00:35:32 +0000 2017","lang":"en","displayname":"HaleyRhodes1","time_zone":"","msg":"RT FielderHecoxASU Your fav presidential candidate just got 3 wisdom teeth out 💪🏼 happy spring break https//tco/KNBpfglTco"}
{"tweet_id":841810059986366465,"created_unixtime":1489538133032,"created_time":"Wed Mar 15 00:35:33 +0000 2017","lang":"en","displayname":"magdalenojuliet","time_zone":"Central Time (US & Canada)","msg":"RT smhphill magdalenojuliet HAPPY BIRTHDAY IMY I HOPE YOU HAD A GREAT DAY 💞😢"}
{"tweet_id":841810060179193856,"created_unixtime":1489538133078,"created_time":"Wed Mar 15 00:35:33 +0000 2017","lang":"en","displayname":"QashrinaaD","time_zone":"Beijing","msg":"RT honestkeegs i am a happy soul"}
{"tweet_id":841810059957018624,"created_unixtime":1489538133025,"created_time":"Wed Mar 15 00:35:33 +0000 2017","lang":"en","displayname":"_MorganCrawford","time_zone":"Eastern Time (US & Canada)","msg":"RT summmmer_x3 Thank you pretty💗😊 https//tco/kjn4aS6YgW"}
{"tweet_id":841810060200292352,"created_unixtime":1489538133083,"created_time":"Wed Mar 15 00:35:33 +0000 2017","lang":"en","displayname":"melissa3303","time_zone":"","msg":"RT BTSgoogling Happy birthday to the man who showed us that we have follow our dreams and be who we truly are no matter what… "}
{"tweet_id":841810060397408256,"created_unixtime":1489538133130,"created_time":"Wed Mar 15 00:35:33 +0000 2017","lang":"en","displayname":"TFaaborg","time_zone":"","msg":"Happy bday Sky make it great😈 miss ya skylarpierce18"}
{"tweet_id":841810060267425792,"created_unixtime":1489538133099,"created_time":"Wed Mar 15 00:35:33 +0000 2017","lang":"en","displayname":"YahBenGoHard","time_zone":"Eastern Time (US & Canada)","msg":"RT TFrid14 Happy bday YahBenGoHard 🎉🍾🍺 lets celebrate accordingly 🤙🏼 https//tco/pt2XlJodtz"}
{"tweet_id":841810060359663616,"created_unixtime":1489538133121,"created_time":"Wed Mar 15 00:35:33 +0000 2017","lang":"en","displayname":"HauntedWithTay","time_zone":"Quito","msg":"tsnmilieber also considering i sad on the lawn at his last tour this is gonna be nice 😂"}
{"tweet_id":841810060762308608,"created_unixtime":1489538133217,"created_time":"Wed Mar 15 00:35:33 +0000 2017","lang":"en","displayname":"123AndreaMG","time_zone":"Quito","msg":"Stopped by the studio today my heart is happy again💜"}
{"tweet_id":841810060896571392,"created_unixtime":1489538133249,"created_time":"Wed Mar 15 00:35:33 +0000 2017","lang":"en","displayname":"jarrod_owens11","time_zone":"Central Time (US & Canada)","msg":"JaiquanCrook happy birthday big dawg✊🏼"}
{"tweet_id":841810061135552512,"created_unixtime":1489538133306,"created_time":"Wed Mar 15 00:35:33 +0000 2017","lang":"en","displayname":"naddieootd","time_zone":"","msg":"RT OTWOLThailand Happy 3rd Anniversary We Love JaDine Official Fans Club    OTWOL ThailandLetOurPurpleHeartsShineAt3 https//tco/O…"}
{"tweet_id":841810060263198720,"created_unixtime":1489538133098,"created_time":"Wed Mar 15 00:35:33 +0000 2017","lang":"en","displayname":"j_ewelian","time_zone":"","msg":"cam  corey  whats the difference https//tco/RwlrPO9QhG"}
{"tweet_id":841810061185835008,"created_unixtime":1489538133318,"created_time":"Wed Mar 15 00:35:33 +0000 2017","lang":"en","displayname":"evilscootus","time_zone":"","msg":"Oh and New Zealand holds the Ashes https//tco/DWPBq2nXAt"}
{"tweet_id":841810061643079680,"created_unixtime":1489538133427,"created_time":"Wed Mar 15 00:35:33 +0000 2017","lang":"en","displayname":"JessCordola","time_zone":"","msg":"RT maya_alexis5 happy birthday jess youre the funniest person and i know and i hope your day is awesome💞😜🤑 https//tco/23sGRAMslt"}
{"tweet_id":841810061764653056,"created_unixtime":1489538133456,"created_time":"Wed Mar 15 00:35:33 +0000 2017","lang":"en","displayname":"Boomquiesha_J","time_zone":"Pacific Time (US & Canada)","msg":"RT NHLonNBCSports Happy PiDay https//tco/5tBccNsVo3"}
{"tweet_id":841810061945131008,"created_unixtime":1489538133499,"created_time":"Wed Mar 15 00:35:33 +0000 2017","lang":"en","displayname":"alainalopez_19","time_zone":"Central Time (US & Canada)","msg":"ive been really happy and enjoying life lately its cooool"}
{"tweet_id":841810061404065792,"created_unixtime":1489538133370,"created_time":"Wed Mar 15 00:35:33 +0000 2017","lang":"en","displayname":"Jasmine61401936","time_zone":"","msg":"Helloo find new girl and be happy  https//tco/pRUGYn4kAJ https//tco/V7vy7S35ZG"}
{"tweet_id":841810062058373120,"created_unixtime":1489538133526,"created_time":"Wed Mar 15 00:35:33 +0000 2017","lang":"en","displayname":"GregoryDTucker2","time_zone":"","msg":"RT VodacomSoccer A true leader and a Mzansi diski legend Wishing descaptain a happy birthday May it be a special one Enjoy Des 🎂 htt…"}
{"tweet_id":841810062393892864,"created_unixtime":1489538133606,"created_time":"Wed Mar 15 00:35:33 +0000 2017","lang":"en","displayname":"ReeceHemesath","time_zone":"","msg":"Happy bday 2 a girl whos always lookin good amp kills it with her cute ass ova the knee boots Have a fab day pretty Sierra_Rose_13 ❣️☺️"}
{"tweet_id":841810062427451392,"created_unixtime":1489538133614,"created_time":"Wed Mar 15 00:35:33 +0000 2017","lang":"en","displayname":"PBasteyns","time_zone":"","msg":"RT Buffy_Angel1630 Happy birthday MercedesMcNab I hope you have a wonderful week 🎊🎁🎈🎉🎂 Lots of love ☺️❤️ https//tco/Qu1DFgWfdC"}
{"tweet_id":841810063211687938,"created_unixtime":1489538133801,"created_time":"Wed Mar 15 00:35:33 +0000 2017","lang":"en","displayname":"sheshealvarez","time_zone":"","msg":"RT JadinePublicist Happy 3rd Year Anniversary JaDines Stay Strong 2014 • 2015 • 2016 • 2017 Salamat Ive learned a lot 😘LetOurPu…"}
{"tweet_id":841810063065001986,"created_unixtime":1489538133766,"created_time":"Wed Mar 15 00:35:33 +0000 2017","lang":"en","displayname":"NRK_the_dick","time_zone":"Central Time (US & Canada)","msg":"RT astros Happy birthday to Astros infielder/outfielder/utilityman/allaroundgreatguy marwinGF9 https//tco/t86SQvAdfn"}
{"tweet_id":841810062951702528,"created_unixtime":1489538133739,"created_time":"Wed Mar 15 00:35:33 +0000 2017","lang":"ja","displayname":"imura_adzuki","time_zone":"","msg":"RT chocomaaashu Happy Birthday 🍓💕🎂世界で一番かわいい女の子！ずっとずっと憧れで大好きです✨ 星宮いちご生誕祭 星宮いちご アイカツ https//tco/GlhzFZ6A1b"}
{"tweet_id":841810063115210752,"created_unixtime":1489538133778,"created_time":"Wed Mar 15 00:35:33 +0000 2017","lang":"en","displayname":"dmoneyyyy96","time_zone":"","msg":"Seeing people I went to middle school with doing good makes me so happy"}
{"tweet_id":841810062763012097,"created_unixtime":1489538133694,"created_time":"Wed Mar 15 00:35:33 +0000 2017","lang":"en","displayname":"elRo_x","time_zone":"Amsterdam","msg":"True words😊💖 https//tco/bvXm3jLnN7"}
{"tweet_id":841810062934974464,"created_unixtime":1489538133735,"created_time":"Wed Mar 15 00:35:33 +0000 2017","lang":"en","displayname":"be_savage30","time_zone":"","msg":"RT _lilsunnyyy Talk to god more aint nothing wrong with you dont know what youre sad for you got clothes on your back and… "}
{"tweet_id":841810063887065088,"created_unixtime":1489538133962,"created_time":"Wed Mar 15 00:35:33 +0000 2017","lang":"en","displayname":"jonestowne","time_zone":"Eastern Time (US & Canada)","msg":"RT HollyChessman gioperation TheLakeShOwKinG jonestowne Thx for the MT Happy Tuesday"}
{"tweet_id":841810063606013952,"created_unixtime":1489538133895,"created_time":"Wed Mar 15 00:35:33 +0000 2017","lang":"en","displayname":"monakulasa","time_zone":"Beijing","msg":"Great news to wake up to indeed a happy banana❤❤❤ https//tco/JdarC4i1Sb"}
{"tweet_id":841810063949987841,"created_unixtime":1489538133977,"created_time":"Wed Mar 15 00:35:33 +0000 2017","lang":"en","displayname":"TeachingTechEd","time_zone":"Eastern Time (US & Canada)","msg":"RT edutopia Happy Pi Day PiDay https//tco/YcoB88vApZ"}
{"tweet_id":841810064725884928,"created_unixtime":1489538134162,"created_time":"Wed Mar 15 00:35:34 +0000 2017","lang":"en","displayname":"microzoloft","time_zone":"Pacific Time (US & Canada)","msg":"RT SethariahK This makes me super happy https//tco/aewIZhjdoj"}
{"tweet_id":841810064973398018,"created_unixtime":1489538134221,"created_time":"Wed Mar 15 00:35:34 +0000 2017","lang":"en","displayname":"alyssaarlotta","time_zone":"Eastern Time (US & Canada)","msg":"RT SincerelyTumblr So annoying when ppl are like ur always laughin U laugh at everything Its not that funny like OK sorry Im a hap…"}
{"tweet_id":841810064667226113,"created_unixtime":1489538134148,"created_time":"Wed Mar 15 00:35:34 +0000 2017","lang":"en","displayname":"CourtneyMori","time_zone":"","msg":"Happy Birthday tysonleeb myfavouritehuman americanspelling footballcandles happybirthday… https//tco/tOil8TdkOy"}
{"tweet_id":841810064927268869,"created_unixtime":1489538134210,"created_time":"Wed Mar 15 00:35:34 +0000 2017","lang":"en","displayname":"markalek8","time_zone":"","msg":"VogsCaps Ovechkin didnt really look happy when he scored"}
{"tweet_id":841810064902115328,"created_unixtime":1489538134204,"created_time":"Wed Mar 15 00:35:34 +0000 2017","lang":"en","displayname":"ChenDynasty_","time_zone":"Alaska","msg":"RT richthekid Focus on what makes you happy"}
{"tweet_id":841810065229139968,"created_unixtime":1489538134282,"created_time":"Wed Mar 15 00:35:34 +0000 2017","lang":"en","displayname":"watermelanieb","time_zone":"","msg":"RT blankedsoul i love you but you make me so sad"}
{"tweet_id":841810062695923712,"created_unixtime":1489538133678,"created_time":"Wed Mar 15 00:35:33 +0000 2017","lang":"en","displayname":"AbbyHaislop","time_zone":"","msg":"Happy birthday to this sister of mine called MereMckaylen 😍 glad were sisses sis 👯 https//tco/n5huhhFpH9"}
{"tweet_id":841810064725946368,"created_unixtime":1489538134162,"created_time":"Wed Mar 15 00:35:34 +0000 2017","lang":"en","displayname":"PsychineM1","time_zone":"","msg":"RT halleberry As we approach the new year I am reminded of the miracle of this thing we call life God bless you all and heres t… "}
{"tweet_id":841810065740845056,"created_unixtime":1489538134404,"created_time":"Wed Mar 15 00:35:34 +0000 2017","lang":"en","displayname":"AliasidvarunFan","time_zone":"","msg":"RT S1dharthM Happy holi everyone  All the love laughter n colours but be safe and considerate  love n respect"}
{"tweet_id":841810065652772864,"created_unixtime":1489538134383,"created_time":"Wed Mar 15 00:35:34 +0000 2017","lang":"en","displayname":"NAZALART","time_zone":"","msg":"RT BdotAdot5 Happy Birthday Brudder ✊🏽💯 StephenCurry30 https//tco/fxunT808HC"}
{"tweet_id":841810064277037056,"created_unixtime":1489538134055,"created_time":"Wed Mar 15 00:35:34 +0000 2017","lang":"en","displayname":"whenisayriri","time_zone":"Urumqi","msg":"Happy to see you guys 💗 eileilllllllll dcvncgrld beatrizsariego https//tco/tj51HSkQJF"}
{"tweet_id":841810066114195456,"created_unixtime":1489538134493,"created_time":"Wed Mar 15 00:35:34 +0000 2017","lang":"in","displayname":"DianaSahani","time_zone":"","msg":"Tq mimi 😊 https//tco/j7FcmKUdD4"}
{"tweet_id":841810066328059904,"created_unixtime":1489538134544,"created_time":"Wed Mar 15 00:35:34 +0000 2017","lang":"en","displayname":"itzelescamillam","time_zone":"","msg":"RT SincerelyTumblr So annoying when ppl are like ur always laughin U laugh at everything Its not that funny like OK sorry Im a hap…"}
{"tweet_id":841810066403557376,"created_unixtime":1489538134562,"created_time":"Wed Mar 15 00:35:34 +0000 2017","lang":"en","displayname":"hambakerdil07","time_zone":"","msg":"RT ohteenquotes Spend life with who makes you happy not with who you have to impress"}
{"tweet_id":841810065799708672,"created_unixtime":1489538134418,"created_time":"Wed Mar 15 00:35:34 +0000 2017","lang":"en","displayname":"EmicAcademic","time_zone":"Quito","msg":"DrMRFrancis It almost makes me sad that Maddow cant enjoy her own segment https//tco/b2iN6zfYGp"}
{"tweet_id":841810067263488000,"created_unixtime":1489538134767,"created_time":"Wed Mar 15 00:35:34 +0000 2017","lang":"en","displayname":"catherine_mcf_","time_zone":"","msg":"markseggie Happy Bday mark hope you have a gd day 💛🎉"}
{"tweet_id":841810067645054976,"created_unixtime":1489538134858,"created_time":"Wed Mar 15 00:35:34 +0000 2017","lang":"en","displayname":"JannahSide","time_zone":"","msg":"Beauty and the beast has been my happy pill since I was a kid and my companion this whole internship Haaay excited na akooo❤❤❤"}
{"tweet_id":841810067041193984,"created_unixtime":1489538134714,"created_time":"Wed Mar 15 00:35:34 +0000 2017","lang":"en","displayname":"nolbol","time_zone":"Eastern Time (US & Canada)","msg":"RT WayneDupreeShow THIS WAS SAD Cuomo Just Lost It Just Because Fergusons Michael Brown Sold Drugs Doesnt Make Him A Drug Dealer ht…"}
{"tweet_id":841810067745787904,"created_unixtime":1489538134882,"created_time":"Wed Mar 15 00:35:34 +0000 2017","lang":"en","displayname":"joar_mane","time_zone":"","msg":"RT MayWardDVO_Thai Trust yourself Create the kind of self that you will be happy to live with all your lifeMBMayWard"}
{"tweet_id":841810068072878080,"created_unixtime":1489538134960,"created_time":"Wed Mar 15 00:35:34 +0000 2017","lang":"en","displayname":"xjiayanx","time_zone":"Beijing","msg":"RT theseoulstory Happy Birthday to ASTRO JinJin Have a great celebration amp we wish you many more happy days 🎂🎉 HappyJinJinDay… "}
{"tweet_id":841810068043649024,"created_unixtime":1489538134953,"created_time":"Wed Mar 15 00:35:34 +0000 2017","lang":"en","displayname":"cecconee","time_zone":"","msg":"RT RealPostMaIone If it makes you happy do it"}
{"tweet_id":841810068395950081,"created_unixtime":1489538135037,"created_time":"Wed Mar 15 00:35:35 +0000 2017","lang":"en","displayname":"Lady_janelle13","time_zone":"","msg":"RT WeLoveJaDine Happy third Anniversary JaDineLand 💜LetOurPurpleHeartsShineAt3 EL"}
{"tweet_id":841810068341321728,"created_unixtime":1489538135024,"created_time":"Wed Mar 15 00:35:35 +0000 2017","lang":"en","displayname":"broooklyynnnn","time_zone":"Arizona","msg":"RT JE55ICAFANT sad what you sad for you have a roof over your head and food on the table please talk to your children https//tc…"}
{"tweet_id":841810068517593088,"created_unixtime":1489538135066,"created_time":"Wed Mar 15 00:35:35 +0000 2017","lang":"en","displayname":"_TheDailyBitch_","time_zone":"","msg":"Pres Pooch continues with the cruel treatment of bitches by continuing policy of spaying Really sad this still happens in 2017 NotMyPooch"}
{"tweet_id":841810069318651905,"created_unixtime":1489538135257,"created_time":"Wed Mar 15 00:35:35 +0000 2017","lang":"en","displayname":"berniceb99","time_zone":"","msg":"RT preaching my main focus is to better myself be successful and be happy so if you arent contributing to that then i dont need you i…"}
{"tweet_id":841810069264207873,"created_unixtime":1489538135244,"created_time":"Wed Mar 15 00:35:35 +0000 2017","lang":"ja","displayname":"soulakes","time_zone":"Pacific Time (US & Canada)","msg":"RT poosan1125 海未ちゃんお誕生日ｵﾒﾃﾞﾄ ヽ｀･ω･´ﾉ ｲｪｲHappy Birthday☆｡ﾟ園田海未生誕祭2017 園田海未生誕祭 3月15日は園田海未の誕生日 RTした人全員フォローする https//tco…"}
{"tweet_id":841810069239001089,"created_unixtime":1489538135238,"created_time":"Wed Mar 15 00:35:35 +0000 2017","lang":"en","displayname":"Mallon_8","time_zone":"Casablanca","msg":"Mikyhasty1 controversial list not happy about it at all https//tco/Glz2wvCIMW"}
{"tweet_id":841810068924428288,"created_unixtime":1489538135163,"created_time":"Wed Mar 15 00:35:35 +0000 2017","lang":"en","displayname":"HijackedCat","time_zone":"Lisbon","msg":"RT chika___n Riku Your feelings made me so happy and it was delicious I wonder if I made you smile too https//tco/bkCsHGLPDe"}
{"tweet_id":841810070006464512,"created_unixtime":1489538135421,"created_time":"Wed Mar 15 00:35:35 +0000 2017","lang":"en","displayname":"T_Mandic","time_zone":"","msg":"RT Stormzy1 Do what makes you happy mate"}
{"tweet_id":841810069490667522,"created_unixtime":1489538135298,"created_time":"Wed Mar 15 00:35:35 +0000 2017","lang":"en","displayname":"GlenOfSteel","time_zone":"Eastern Time (US & Canada)","msg":"RT D_Deji28 Do you guys know why he was killed A girl lied that he raped her and her brother shot him dead https//tco/IWDVDZp3rz"}
{"tweet_id":841810069645848577,"created_unixtime":1489538135335,"created_time":"Wed Mar 15 00:35:35 +0000 2017","lang":"und","displayname":"madi_browning","time_zone":"","msg":" https//tco/COHtKr6TSd"}
{"tweet_id":841810069935263744,"created_unixtime":1489538135404,"created_time":"Wed Mar 15 00:35:35 +0000 2017","lang":"en","displayname":"Ty1erDMV","time_zone":"Pacific Time (US & Canada)","msg":"Happy Bday brah you know we fucking w you over here 🖖🏾 YoungFloat"}
{"tweet_id":841810069893328904,"created_unixtime":1489538135394,"created_time":"Wed Mar 15 00:35:35 +0000 2017","lang":"en","displayname":"OfficialPlugged","time_zone":"","msg":"RT heyma____ Got to admit girl youre the shit girl https//tco/xC47uKPtFb"}
{"tweet_id":841810069561974784,"created_unixtime":1489538135315,"created_time":"Wed Mar 15 00:35:35 +0000 2017","lang":"en","displayname":"jfkguy44","time_zone":"","msg":"RT Joe_Gatto Happy birthday to the guy that puts the cool in Q  hope you had a great day my friend BQQuinn"}
{"tweet_id":841810069176090625,"created_unixtime":1489538135223,"created_time":"Wed Mar 15 00:35:35 +0000 2017","lang":"en","displayname":"wistfulVulpine","time_zone":"Eastern Time (US & Canada)","msg":"happy birthday to me https//tco/vhuympxOMv"}
{"tweet_id":841810070375555072,"created_unixtime":1489538135509,"created_time":"Wed Mar 15 00:35:35 +0000 2017","lang":"en","displayname":"sntfb","time_zone":"Arizona","msg":"RT hidden saying im tired when youre actually sad"}
{"tweet_id":841810070300180480,"created_unixtime":1489538135491,"created_time":"Wed Mar 15 00:35:35 +0000 2017","lang":"en","displayname":"Jtravaille","time_zone":"Hawaii","msg":"LynnieMaddie14 Happy Birthday Maddie 🎊🎊🎉🎉🎊🎊"}
{"tweet_id":841810070191124481,"created_unixtime":1489538135465,"created_time":"Wed Mar 15 00:35:35 +0000 2017","lang":"en","displayname":"jatikajean","time_zone":"Eastern Time (US & Canada)","msg":"RT just1fool Happy is the man that knows when to shut up"}
{"tweet_id":841810070254063616,"created_unixtime":1489538135480,"created_time":"Wed Mar 15 00:35:35 +0000 2017","lang":"en","displayname":"DKorbach","time_zone":"","msg":"RT RWPUSA Another White House ethics complaint from our team at CREW  Sad https//tco/jm2kvIUMhH"}
{"tweet_id":841810070799228928,"created_unixtime":1489538135610,"created_time":"Wed Mar 15 00:35:35 +0000 2017","lang":"en","displayname":"starlessnite06","time_zone":"","msg":"RT ferriol_gale Trees love to toss and sway they make such happy noises~ Emily Carr LLWaves"}
{"tweet_id":841810069247393792,"created_unixtime":1489538135240,"created_time":"Wed Mar 15 00:35:35 +0000 2017","lang":"en","displayname":"NicoleJoh18","time_zone":"Pacific Time (US & Canada)","msg":"RhodeIsland teen pussy happy flashing whore companions asian swinging tugjob https//tco/70zg4LIikU"}
{"tweet_id":841810071260553216,"created_unixtime":1489538135720,"created_time":"Wed Mar 15 00:35:35 +0000 2017","lang":"en","displayname":"ThereHeGo5","time_zone":"Arizona","msg":"RT _octaviom ThereHeGo5 happy bday bro I wish I was there to drink a few with ya🍻 have a good one 😎 https//tco/J59SCQ5PQI"}
{"tweet_id":841810071407456256,"created_unixtime":1489538135755,"created_time":"Wed Mar 15 00:35:35 +0000 2017","lang":"en","displayname":"Jxssicant","time_zone":"Eastern Time (US & Canada)","msg":"RT PeachMeadows only miserable people are bullys amp thats a fact no one who is happy ever has the urge to bring others down remember t…"}
{"tweet_id":841810071050948608,"created_unixtime":1489538135670,"created_time":"Wed Mar 15 00:35:35 +0000 2017","lang":"en","displayname":"MaddClawson","time_zone":"","msg":"RT JustAGirIThing Someone When was the last time u were truly happy Me https//tco/YTSjNOreRU"}
{"tweet_id":841810071776456705,"created_unixtime":1489538135843,"created_time":"Wed Mar 15 00:35:35 +0000 2017","lang":"en","displayname":"jessiemaegan","time_zone":"","msg":"RT HeavenThornton the SMALLLLLLLEST things make me happy ya dont even know"}
{"tweet_id":841810072195948544,"created_unixtime":1489538135943,"created_time":"Wed Mar 15 00:35:35 +0000 2017","lang":"ja","displayname":"lin_yinpin","time_zone":"Taipei","msg":"RT tsukiuta1 ☆Happy White Day⑥☆涙「愛よ届け、ばびゅーん」郁「………涙さん？え、ええと…いつもありがとうございます！俺たちからの愛と感謝も届け！……ばびゅーん（笑）」※DLOK※壁紙などマナーを守って使ってくださいね https//…"}
{"tweet_id":841810072011476992,"created_unixtime":1489538135899,"created_time":"Wed Mar 15 00:35:35 +0000 2017","lang":"en","displayname":"issydarcey","time_zone":"Amsterdam","msg":"I can die happy now Ive seen the weeknd xo"}
{"tweet_id":841810071906590720,"created_unixtime":1489538135874,"created_time":"Wed Mar 15 00:35:35 +0000 2017","lang":"en","displayname":"tcjennings","time_zone":"Central Time (US & Canada)","msg":"RT totc Happy TikiTuesday Check out this spooktacular creation from deathandconyc Fun Fact Celtic… https//tco/IkA6UqErbV"}
{"tweet_id":841810072191795201,"created_unixtime":1489538135942,"created_time":"Wed Mar 15 00:35:35 +0000 2017","lang":"en","displayname":"aTrishaYonce","time_zone":"Atlantic Time (Canada)","msg":"RT LovelySeven_ I got so use to pain Im afraid of being happy"}
{"tweet_id":841810072225386496,"created_unixtime":1489538135950,"created_time":"Wed Mar 15 00:35:35 +0000 2017","lang":"en","displayname":"Zeteticus","time_zone":"Eastern Time (US & Canada)","msg":"RT ActualFlatticus Its my sad duty to announce that there is no line item for bribes from Russian oligarchs on a 1040 form https//t…"}
{"tweet_id":841810072460247045,"created_unixtime":1489538136006,"created_time":"Wed Mar 15 00:35:36 +0000 2017","lang":"en","displayname":"AskPlayStation","time_zone":"Pacific Time (US & Canada)","msg":"kellyshet Happy to help What seems to be the issue"}
{"tweet_id":841810072871284736,"created_unixtime":1489538136104,"created_time":"Wed Mar 15 00:35:36 +0000 2017","lang":"en","displayname":"addiecatsmith","time_zone":"","msg":"RT MomItForward Q6 DOES FOOD MAKE YOU HAPPY WHAT DISHES MAKE YOU THE HAPPIEST AvoHappiness GNO PLS RT"}
{"tweet_id":841810073051574272,"created_unixtime":1489538136147,"created_time":"Wed Mar 15 00:35:36 +0000 2017","lang":"en","displayname":"carchibald50","time_zone":"Pacific Time (US & Canada)","msg":"tinomafi happy birthday brotha have a good one"}
{"tweet_id":841810072770621440,"created_unixtime":1489538136080,"created_time":"Wed Mar 15 00:35:36 +0000 2017","lang":"en","displayname":"Single_Cinco","time_zone":"Quito","msg":"RT CaseyPollardd Happy bday Single_Cinco miss u https//tco/aXK9x5aDpB"}
{"tweet_id":841810072988598272,"created_unixtime":1489538136132,"created_time":"Wed Mar 15 00:35:36 +0000 2017","lang":"en","displayname":"ByJohnNicholson","time_zone":"Arizona","msg":"RT ANordqvist Happy to be back in the desert again Taggad att spela igen 🌵 https//tco/XR8p992LOi"}
{"tweet_id":841810072854380546,"created_unixtime":1489538136100,"created_time":"Wed Mar 15 00:35:36 +0000 2017","lang":"en","displayname":"mgcedge","time_zone":"Pacific Time (US & Canada)","msg":"feliciaday some people really cant handle the truth its sad truly"}
{"tweet_id":841810073248653312,"created_unixtime":1489538136194,"created_time":"Wed Mar 15 00:35:36 +0000 2017","lang":"en","displayname":"chebasilan2015","time_zone":"","msg":"RT TeamRangerOFC I want someone to look at me and think Shes my happy endingMBMayWard https//tco/0JSTGYYZXU"}
{"tweet_id":841810073106153472,"created_unixtime":1489538136160,"created_time":"Wed Mar 15 00:35:36 +0000 2017","lang":"en","displayname":"Ellen_Rosee","time_zone":"Casablanca","msg":"RT SincerelyTumblr So annoying when ppl are like ur always laughin U laugh at everything Its not that funny like OK sorry Im a hap…"}
{"tweet_id":841810073223589888,"created_unixtime":1489538136188,"created_time":"Wed Mar 15 00:35:36 +0000 2017","lang":"en","displayname":"magicapplier","time_zone":"","msg":"improvebot Let us make Sad magicalIt is now deus ex"}
{"tweet_id":841810073580113920,"created_unixtime":1489538136273,"created_time":"Wed Mar 15 00:35:36 +0000 2017","lang":"en","displayname":"CivSilasShrine","time_zone":"","msg":"RT mtranquilnight maddow sad trombone"}
{"tweet_id":841810073110339584,"created_unixtime":1489538136161,"created_time":"Wed Mar 15 00:35:36 +0000 2017","lang":"en","displayname":"improvebot","time_zone":"","msg":"magicapplier Whirrr click Whirrr click Sad has been reassembled into richly ironic"}
{"tweet_id":841810073487839232,"created_unixtime":1489538136251,"created_time":"Wed Mar 15 00:35:36 +0000 2017","lang":"en","displayname":"madkendell","time_zone":"","msg":"RT PaigeHyland1 Happy birthday Simone_Biles Miss you pretty💗💗"}
{"tweet_id":841810070577008644,"created_unixtime":1489538135557,"created_time":"Wed Mar 15 00:35:35 +0000 2017","lang":"en","displayname":"DrakeSigEp","time_zone":"Central Time (US & Canada)","msg":"Join us in wishing our brother Krishn Patel KingKrishnn a happy birthday https//tco/wKHhC3yieo"}
{"tweet_id":841810073462665216,"created_unixtime":1489538136245,"created_time":"Wed Mar 15 00:35:36 +0000 2017","lang":"en","displayname":"__nancyball","time_zone":"Casablanca","msg":"RT ALouiseHoward Happy birthday Nanc I hope you have a good daysorry these are such old photos 💕 __nancyball https//tco/in1iC139SG"}
{"tweet_id":841810074041430017,"created_unixtime":1489538136383,"created_time":"Wed Mar 15 00:35:36 +0000 2017","lang":"en","displayname":"AlyzaMayy","time_zone":"Pacific Time (US & Canada)","msg":"March 15 2017 💖Happy 3 years my favorite OTPLetOurPurpleHeartsShineAt3"}
{"tweet_id":841810074133643264,"created_unixtime":1489538136405,"created_time":"Wed Mar 15 00:35:36 +0000 2017","lang":"en","displayname":"Rugers_R_Sweet","time_zone":"","msg":"RT RMConservative Very sad to listen to VP mislead marklevinshows audience talks about free market nothing about it gets rid of it"}
{"tweet_id":841810073714339841,"created_unixtime":1489538136305,"created_time":"Wed Mar 15 00:35:36 +0000 2017","lang":"en","displayname":"BigGoopySosa","time_zone":"Eastern Time (US & Canada)","msg":"RT Trilllc Black girls that hate to see a black dude happy with a race other than themltltltltltltltlt https//tco/GL5mIFXj9h"}
{"tweet_id":841810073945051136,"created_unixtime":1489538136360,"created_time":"Wed Mar 15 00:35:36 +0000 2017","lang":"pt","displayname":"Arouckita","time_zone":"Mid-Atlantic","msg":"xgioc _alangc_ foi oq aconteceu comigo ai agr eu tenho esse pé atras de não confiar 100 em ninguem sad but true"}
{"tweet_id":841810074444025858,"created_unixtime":1489538136479,"created_time":"Wed Mar 15 00:35:36 +0000 2017","lang":"en","displayname":"jenahjacobs","time_zone":"Pacific Time (US & Canada)","msg":"RT BrianRoemmele At this moment today March 14th 1879 Albert Einstein was born He would have been 138 years old Happy Birthday… "}
{"tweet_id":841810072829325314,"created_unixtime":1489538136094,"created_time":"Wed Mar 15 00:35:36 +0000 2017","lang":"en","displayname":"EmilyBliss6","time_zone":"","msg":"Happy Jon can deal with my crazy emotional roller coaster "}
{"tweet_id":841810074351812608,"created_unixtime":1489538136457,"created_time":"Wed Mar 15 00:35:36 +0000 2017","lang":"en","displayname":"camyers75","time_zone":"","msg":"RT missy226 Happy Birthday Mr HarkinHope you have a special one Filled w/ lovehappinessamplaughter ☺💚☘ XO ShivonSoap… "}
{"tweet_id":841810074142138375,"created_unixtime":1489538136407,"created_time":"Wed Mar 15 00:35:36 +0000 2017","lang":"en","displayname":"lmfaoaldo","time_zone":"","msg":"RT EthanDolan happy tuesday todays vid is gonna be super different 😬"}
{"tweet_id":841810074523774977,"created_unixtime":1489538136498,"created_time":"Wed Mar 15 00:35:36 +0000 2017","lang":"en","displayname":"summahbrooke","time_zone":"","msg":"Happy Pi Day"}
{"tweet_id":841810074419003392,"created_unixtime":1489538136473,"created_time":"Wed Mar 15 00:35:36 +0000 2017","lang":"en","displayname":"TheMelonMan","time_zone":"","msg":"happy hardcore cd blow up movie sex scene https//tco/wuCxJ3vrJ4"}
{"tweet_id":841810074288889861,"created_unixtime":1489538136442,"created_time":"Wed Mar 15 00:35:36 +0000 2017","lang":"en","displayname":"pendre_merlyn","time_zone":"","msg":"Because of u mainedcm I am one of those happy banana😂😂😂 ALDUBxDTBYTugOfHearts https//tco/EWicmG8eRv"}
{"tweet_id":841810074779627520,"created_unixtime":1489538136559,"created_time":"Wed Mar 15 00:35:36 +0000 2017","lang":"en","displayname":"DianaSahani","time_zone":"","msg":"RT Kimiemii Happy birthday to u sweetheart ☺️😘🎈 DianaSahani"}
{"tweet_id":841810075488460800,"created_unixtime":1489538136728,"created_time":"Wed Mar 15 00:35:36 +0000 2017","lang":"en","displayname":"patch_sha","time_zone":"","msg":"RT lucyliciousmith Edward So happy to be here MBMayWard"}
{"tweet_id":841810075366887424,"created_unixtime":1489538136699,"created_time":"Wed Mar 15 00:35:36 +0000 2017","lang":"en","displayname":"BlazePizza","time_zone":"Pacific Time (US & Canada)","msg":"JimHarris Happy PiDay Thanks for celebrating with us 🍕 HowDoYouBlaze BlazePiDay"}
{"tweet_id":841810075580690433,"created_unixtime":1489538136750,"created_time":"Wed Mar 15 00:35:36 +0000 2017","lang":"en","displayname":"SoohwaL","time_zone":"","msg":"RT lqjjk a happy bunny https//tco/BDODvRcYT1"}
{"tweet_id":841810075408838657,"created_unixtime":1489538136709,"created_time":"Wed Mar 15 00:35:36 +0000 2017","lang":"en","displayname":"saifan_","time_zone":"Abu Dhabi","msg":"RT preaching my main focus is to better myself be successful and be happy so if you arent contributing to that then i dont need you i…"}
{"tweet_id":841810075421417472,"created_unixtime":1489538136712,"created_time":"Wed Mar 15 00:35:36 +0000 2017","lang":"en","displayname":"KiaraMistisses","time_zone":"Central Time (US & Canada)","msg":"RT sinamonnroII Plants make me v happy https//tco/43NEx0iXVx"}
{"tweet_id":841810075740180481,"created_unixtime":1489538136788,"created_time":"Wed Mar 15 00:35:36 +0000 2017","lang":"en","displayname":"victoria_mouton","time_zone":"","msg":"RT soIute sometimes the best way to be happy is to learn to let go of things you tried hard to hold on to that are no longer good for you"}
{"tweet_id":841810076146978816,"created_unixtime":1489538136885,"created_time":"Wed Mar 15 00:35:36 +0000 2017","lang":"en","displayname":"Smelly_Flowers","time_zone":"","msg":"842540 Yet but three Come one moreTwo of both kinds makes up fourHere she comes curst and sadCupid is a knavish ladAMNDBots"}
{"tweet_id":841810075811483648,"created_unixtime":1489538136805,"created_time":"Wed Mar 15 00:35:36 +0000 2017","lang":"ja","displayname":"XX_R_xx05","time_zone":"","msg":"RT REBOON5927 ランラン♪白蘭♪夢心地～♪はい（笑）ていう事で、本日3月14日は白蘭さんの誕生日です！Happy Birthday✨ ホワイトデーですな！マシマロをプレゼントしてあげてください（笑）白蘭生誕祭2017… "}
{"tweet_id":841810075694059520,"created_unixtime":1489538136777,"created_time":"Wed Mar 15 00:35:36 +0000 2017","lang":"und","displayname":"anniemos","time_zone":"Eastern Time (US & Canada)","msg":"ksmalltn https//tco/dKRKbTPOmr"}
{"tweet_id":841810076067368962,"created_unixtime":1489538136866,"created_time":"Wed Mar 15 00:35:36 +0000 2017","lang":"en","displayname":"According2Jon","time_zone":"London","msg":"RT Foxtrot_Cop A very sad loss To the fallen crew of Rescue116  Thankyou for your service Fly High https//tco/yHAAgmezco"}
{"tweet_id":841810074536370176,"created_unixtime":1489538136501,"created_time":"Wed Mar 15 00:35:36 +0000 2017","lang":"en","displayname":"slick__rik","time_zone":"","msg":"Happy 21st Birthday to me 😘🎉 https//tco/KIODV21SoL"}
{"tweet_id":841810076490977280,"created_unixtime":1489538136967,"created_time":"Wed Mar 15 00:35:36 +0000 2017","lang":"en","displayname":"battlekayla99","time_zone":"","msg":"RT 5HVotingStats Scared Of Happy FifthHarmony YouKnowYouLoveThem radiodisney"}
{"tweet_id":841810076079923201,"created_unixtime":1489538136869,"created_time":"Wed Mar 15 00:35:36 +0000 2017","lang":"en","displayname":"brokedrizzy","time_zone":"","msg":"RT codamilroy Happy birth U a real Bitch ❤️ https//tco/PtKqIL6YQL"}
{"tweet_id":841810076885114880,"created_unixtime":1489538137061,"created_time":"Wed Mar 15 00:35:37 +0000 2017","lang":"en","displayname":"Jess_is_mess","time_zone":"","msg":"RT dpanabaker Happy pi day"}
{"tweet_id":841810076662943746,"created_unixtime":1489538137008,"created_time":"Wed Mar 15 00:35:37 +0000 2017","lang":"en","displayname":"VioletM88","time_zone":"","msg":"urbandoll so happy that youre feeling a little bit better 💓"}
{"tweet_id":841810075895377920,"created_unixtime":1489538136825,"created_time":"Wed Mar 15 00:35:36 +0000 2017","lang":"en","displayname":"JAY_PUNG","time_zone":"Quito","msg":"I literally am only happy when I know somethings on its way  https//tco/6R13nEtFce"}
{"tweet_id":841810076864286721,"created_unixtime":1489538137056,"created_time":"Wed Mar 15 00:35:37 +0000 2017","lang":"en","displayname":"Signal1Official","time_zone":"London","msg":"Happy Wednesday You know were officially half way towards the weekend now right Sam x LateShow"}
{"tweet_id":841810076918779909,"created_unixtime":1489538137069,"created_time":"Wed Mar 15 00:35:37 +0000 2017","lang":"en","displayname":"Luliiguerrero","time_zone":"Buenos Aires","msg":"RT hidden saying im tired when youre actually sad"}
{"tweet_id":841810077145169920,"created_unixtime":1489538137123,"created_time":"Wed Mar 15 00:35:37 +0000 2017","lang":"en","displayname":"noonitlim","time_zone":"","msg":"RT CUTEST_ANlMALS this makes me so happy  https//tco/4ebwUxo9Hg"}
{"tweet_id":841810077120106496,"created_unixtime":1489538137117,"created_time":"Wed Mar 15 00:35:37 +0000 2017","lang":"en","displayname":"maaadiiiescott","time_zone":"","msg":"happy one month to to the person that never fails to make me smile you are truly a blessing one down many more to go 💖💖 NoahWehner"}
{"tweet_id":841810076952338436,"created_unixtime":1489538137077,"created_time":"Wed Mar 15 00:35:37 +0000 2017","lang":"en","displayname":"playboipay","time_zone":"Pacific Time (US & Canada)","msg":"RT EiramAydni Ill always care about my character more than my reputation i have to live with myselfI have to be happy with myself in…"}
{"tweet_id":841810077149470722,"created_unixtime":1489538137124,"created_time":"Wed Mar 15 00:35:37 +0000 2017","lang":"en","displayname":"Trey_Dawson10","time_zone":"","msg":"Happy Birthday to that dude A_Droflow04"}
{"tweet_id":841810077036224513,"created_unixtime":1489538137097,"created_time":"Wed Mar 15 00:35:37 +0000 2017","lang":"en","displayname":"Ashley_Soto_","time_zone":"","msg":"elegantannaa HAPPY BDAY IK YOURE HAVING A SHITTY 1 RN BUT GIRL YOURE THICK AF amp YOUR HAIR/MAKEUP/NAILS ALWAYS LOOK GOOD AF ❤️ U R BOMB ❤️"}
{"tweet_id":841810077011042304,"created_unixtime":1489538137091,"created_time":"Wed Mar 15 00:35:37 +0000 2017","lang":"en","displayname":"_MariaPetrova","time_zone":"Eastern Time (US & Canada)","msg":"hilarygp Racked that was AMAZING 👏🏼👏🏼 Crazy amp sad how badly we need good female CEOs Similar from morninggloria https//tco/9N3WnfCZl8"}
{"tweet_id":841810077224964097,"created_unixtime":1489538137142,"created_time":"Wed Mar 15 00:35:37 +0000 2017","lang":"en","displayname":"clairepern","time_zone":"","msg":"happy bday FlemingYoung vibes dude vibes all around 🤘🏻🤘🏻🎉"}
{"tweet_id":841810075916357635,"created_unixtime":1489538136830,"created_time":"Wed Mar 15 00:35:36 +0000 2017","lang":"en","displayname":"kriistenmegahan","time_zone":"","msg":"happy 18th to my long lost best friend hope youre having fun in Vegas love ya always 💖😋 magdaeche https//tco/vQGKfR5aw4"}
{"tweet_id":841810077094969345,"created_unixtime":1489538137111,"created_time":"Wed Mar 15 00:35:37 +0000 2017","lang":"en","displayname":"cambrrghinihigh","time_zone":"Eastern Time (US & Canada)","msg":"RT kalynpryor happy bday to my child 🎂 https//tco/CLTec4uaoV"}
{"tweet_id":841810077094940672,"created_unixtime":1489538137111,"created_time":"Wed Mar 15 00:35:37 +0000 2017","lang":"en","displayname":"Isabel__ivey","time_zone":"","msg":"RT taylor_doering i luv being happy and having my life together wowwowoow"}
{"tweet_id":841810077631754241,"created_unixtime":1489538137239,"created_time":"Wed Mar 15 00:35:37 +0000 2017","lang":"en","displayname":"Kylesmooth_","time_zone":"","msg":"RT NumbThePain This supposed to be a sad song and the bitch in the back jammin 💀💀 https//tco/2d6D9N2rcC"}
{"tweet_id":841810077048811520,"created_unixtime":1489538137100,"created_time":"Wed Mar 15 00:35:37 +0000 2017","lang":"en","displayname":"refecalaw","time_zone":"Eastern Time (US & Canada)","msg":"RT NASA Its PiDay It may be irrational but pi plays an important role in the work of scientists at NASA… "}
{"tweet_id":841810077954711552,"created_unixtime":1489538137316,"created_time":"Wed Mar 15 00:35:37 +0000 2017","lang":"en","displayname":"silvia18amaro","time_zone":"","msg":"RT beautybybrayxo Yay we made Lisa_Opie s instagram story🤗🤗🤗❤ silvia18amaro allisonpbaker Michk1080 it makes me so happy😄 https//…"}
{"tweet_id":841810077870895104,"created_unixtime":1489538137296,"created_time":"Wed Mar 15 00:35:37 +0000 2017","lang":"und","displayname":"NevarezJaz","time_zone":"Eastern Time (US & Canada)","msg":"😂😂😂😂 https//tco/XB8xyVgD4C"}
{"tweet_id":841810078298722304,"created_unixtime":1489538137398,"created_time":"Wed Mar 15 00:35:37 +0000 2017","lang":"en","displayname":"frankpallotta","time_zone":"Eastern Time (US & Canada)","msg":"Whatever happens I’m just happy someone reminded me that I still need to file my taxes"}
{"tweet_id":841810078168682496,"created_unixtime":1489538137367,"created_time":"Wed Mar 15 00:35:37 +0000 2017","lang":"en","displayname":"ToolsTeachers","time_zone":"Central Time (US & Canada)","msg":"Pi Day 2017 5 Fast Facts You Need to Know – https//tco/AJ89hwyhI2 https//tco/qBqsEeP25m"}
{"tweet_id":841810078676226049,"created_unixtime":1489538137488,"created_time":"Wed Mar 15 00:35:37 +0000 2017","lang":"en","displayname":"natalie_brant","time_zone":"","msg":"RT kanyefeeI its sad to see a good person change"}
{"tweet_id":841810079271796737,"created_unixtime":1489538137630,"created_time":"Wed Mar 15 00:35:37 +0000 2017","lang":"en","displayname":"jbwell77","time_zone":"","msg":"RT ElsaMc1878 jbwell77 ribkamaria1 RosaTrunk ROMACARY Sussy72 Christy__Anne EternalDahlia be1t2h Happy Friday to all https//tc…"}
{"tweet_id":841810079670231040,"created_unixtime":1489538137725,"created_time":"Wed Mar 15 00:35:37 +0000 2017","lang":"en","displayname":"domo_fb","time_zone":"","msg":"tvu006 Happy birthday bro I got you your cards as a present 🎁"}
{"tweet_id":841810079879946240,"created_unixtime":1489538137775,"created_time":"Wed Mar 15 00:35:37 +0000 2017","lang":"en","displayname":"alyssa_steinke","time_zone":"","msg":"RT soIute sometimes the best way to be happy is to learn to let go of things you tried hard to hold on to that are no longer good for you"}
{"tweet_id":841810077078163456,"created_unixtime":1489538137107,"created_time":"Wed Mar 15 00:35:37 +0000 2017","lang":"en","displayname":"RickeyShanePage","time_zone":"Pacific Time (US & Canada)","msg":"Im legit stoked and happy for ClintMargera he deserves this and I cant wait to see what he does at TOD16 https//tco/8A2vNe1PHR"}
{"tweet_id":841810079833829376,"created_unixtime":1489538137764,"created_time":"Wed Mar 15 00:35:37 +0000 2017","lang":"en","displayname":"neellybish","time_zone":"Arizona","msg":"hating hoes aint happy amp happy hoes aint hatin"}
{"tweet_id":841810078210658305,"created_unixtime":1489538137377,"created_time":"Wed Mar 15 00:35:37 +0000 2017","lang":"en","displayname":"MrsJohnsonJbd","time_zone":"","msg":"Happy 314 JbdElem https//tco/e924NEFRKm"}
{"tweet_id":841810079947100161,"created_unixtime":1489538137791,"created_time":"Wed Mar 15 00:35:37 +0000 2017","lang":"en","displayname":"CuriousDiversio","time_zone":"Eastern Time (US & Canada)","msg":"RT propriator lt3 Nammers is waiting for you Go see her and wish her a happy birthday too Sewing and crafting just for you https//tco…"}
{"tweet_id":841810079821230081,"created_unixtime":1489538137761,"created_time":"Wed Mar 15 00:35:37 +0000 2017","lang":"en","displayname":"MURen1821","time_zone":"","msg":"RT colbysharp Happy book birthday A Boy Called BAT Im giving away a copy RT by 10 PM EDT to enter 🦇 https//tco/XimxFBHFMg https//…"}
{"tweet_id":841810080429416448,"created_unixtime":1489538137906,"created_time":"Wed Mar 15 00:35:37 +0000 2017","lang":"en","displayname":"jiggyjassx","time_zone":"Atlantic Time (Canada)","msg":"RT _tariahhh happy birthday🎉♥️🤘🏾 _NE_Tillman https//tco/BrBJVm3dap"}
{"tweet_id":841810080085471232,"created_unixtime":1489538137824,"created_time":"Wed Mar 15 00:35:37 +0000 2017","lang":"en","displayname":"gloriiadavis","time_zone":"Eastern Time (US & Canada)","msg":"___jesssica happy birthday Jess ❤ ur a super baddie get fucked tn"}
{"tweet_id":841810081100533760,"created_unixtime":1489538138066,"created_time":"Wed Mar 15 00:35:38 +0000 2017","lang":"en","displayname":"fredman99","time_zone":"","msg":"RT ThePervCity Happy PiDay πCum watch AlyssaXCole get her anal creampie from JohnnStrong ONLY ON PERVCITY… "}
{"tweet_id":841810080588828677,"created_unixtime":1489538137944,"created_time":"Wed Mar 15 00:35:37 +0000 2017","lang":"en","displayname":"tyahnaa","time_zone":"","msg":"RT SoDamnTrue This makes me so happy https//tco/Iq16VTlWV0"}
{"tweet_id":841810081649844224,"created_unixtime":1489538138197,"created_time":"Wed Mar 15 00:35:38 +0000 2017","lang":"en","displayname":"Angelperez1812","time_zone":"","msg":"RT jazzicalnes _Aphmau_ dollastic  Its sad the lengths that you have to go to to get people to act decently to others It should be co…"}
{"tweet_id":841810081494798336,"created_unixtime":1489538138160,"created_time":"Wed Mar 15 00:35:38 +0000 2017","lang":"en","displayname":"DarianWorksLLC","time_zone":"Eastern Time (US & Canada)","msg":"I pass on that road often Sad to see this https//tco/XkMQfan5uC"}
{"tweet_id":841810081415069696,"created_unixtime":1489538138141,"created_time":"Wed Mar 15 00:35:38 +0000 2017","lang":"en","displayname":"KatieRoups","time_zone":"Arizona","msg":"Im sorry I couldnt be with you today but HAPPY BIRTHDAY patty… https//tco/k0k0rJP9hU"}
{"tweet_id":841810081624797184,"created_unixtime":1489538138191,"created_time":"Wed Mar 15 00:35:38 +0000 2017","lang":"en","displayname":"amcafee","time_zone":"Quito","msg":"RT LaszloBock2718 Happy Pi Day  colorgenomics https//tco/TYIkdUgc83"}
{"tweet_id":841810081830305793,"created_unixtime":1489538138240,"created_time":"Wed Mar 15 00:35:38 +0000 2017","lang":"en","displayname":"nmiazg","time_zone":"","msg":"RT kanyefeeI its sad to see a good person change"}
{"tweet_id":841810081851277313,"created_unixtime":1489538138245,"created_time":"Wed Mar 15 00:35:38 +0000 2017","lang":"en","displayname":"snowshoehare","time_zone":"Central Time (US & Canada)","msg":"Damn sad https//tco/vfe85OUktm"}
{"tweet_id":841810082228764673,"created_unixtime":1489538138335,"created_time":"Wed Mar 15 00:35:38 +0000 2017","lang":"en","displayname":"LouisScottBooks","time_zone":"Pacific Time (US & Canada)","msg":"RT FBIMostWanted Happy 67th Birthday to the FBI Ten Most Wanted Fugitives List created on March 14 1950 https//tco/EpiTSx2Pcl"}
{"tweet_id":841810082425929728,"created_unixtime":1489538138382,"created_time":"Wed Mar 15 00:35:38 +0000 2017","lang":"en","displayname":"max_baumann5","time_zone":"","msg":"addie_applegate happy birthday 😀"}
{"tweet_id":841810082132312064,"created_unixtime":1489538138312,"created_time":"Wed Mar 15 00:35:38 +0000 2017","lang":"en","displayname":"_loyolah","time_zone":"Atlantic Time (Canada)","msg":"RT Lin_Manuel Me no math but happy you like all these numbers in this order https//tco/pU9iT5XbpV"}
{"tweet_id":841810082606272513,"created_unixtime":1489538138425,"created_time":"Wed Mar 15 00:35:38 +0000 2017","lang":"en","displayname":"xKitten_Fluffx","time_zone":"Eastern Time (US & Canada)","msg":"RT hidden saying im tired when youre actually sad"}
{"tweet_id":841810073085136896,"created_unixtime":1489538136155,"created_time":"Wed Mar 15 00:35:36 +0000 2017","lang":"tl","displayname":"mosquedachemae","time_zone":"","msg":"RT mclisseemoji Sad po si ElisseJoson nasaan ka daw pi hashtag_mccoydl  Hehe https//tco/QMbANBQsAB"}
{"tweet_id":841810083168305154,"created_unixtime":1489538138559,"created_time":"Wed Mar 15 00:35:38 +0000 2017","lang":"en","displayname":"Sccherbatsky","time_zone":"Eastern Time (US & Canada)","msg":"RT robinthede Really Some are disappointed that maddow only has 2005 Like you would only be happy w/ 20 yrs of indepth tax analysis…"}
{"tweet_id":841810082992123905,"created_unixtime":1489538138517,"created_time":"Wed Mar 15 00:35:38 +0000 2017","lang":"en","displayname":"WholianS","time_zone":"Atlantic Time (Canada)","msg":"RT ohteenquotes Spend life with who makes you happy not with who you have to impress"}
{"tweet_id":841810083554054145,"created_unixtime":1489538138651,"created_time":"Wed Mar 15 00:35:38 +0000 2017","lang":"en","displayname":"m_jup","time_zone":"Singapore","msg":"RT transforbap 170314 Daehyun [IG]Each day everyday Im happy thanks to you all Thank you from the bottom of my heart🌹 baby… "}
{"tweet_id":841810081327022080,"created_unixtime":1489538138120,"created_time":"Wed Mar 15 00:35:38 +0000 2017","lang":"en","displayname":"QBTucker","time_zone":"Eastern Time (US & Canada)","msg":"cameron13117 happy birthday homie Keep working lil bro TGTF"}
{"tweet_id":841810083508027392,"created_unixtime":1489538138640,"created_time":"Wed Mar 15 00:35:38 +0000 2017","lang":"en","displayname":"wooddeming","time_zone":"Central Time (US & Canada)","msg":"Sad story https//tco/qwrt49Sayj"}
{"tweet_id":841810084028133376,"created_unixtime":1489538138764,"created_time":"Wed Mar 15 00:35:38 +0000 2017","lang":"en","displayname":"megan_carlton","time_zone":"","msg":"Monica went on a road trip without me and Im so sad I feel empty"}
{"tweet_id":841810084011237377,"created_unixtime":1489538138760,"created_time":"Wed Mar 15 00:35:38 +0000 2017","lang":"en","displayname":"ii_l00rey","time_zone":"","msg":"RT ii_l00rey every day every hourevery minuteevery secondi love youhappy dashain to oll moh Twitter frnz 🙌🙌"}
{"tweet_id":841810084392972289,"created_unixtime":1489538138851,"created_time":"Wed Mar 15 00:35:38 +0000 2017","lang":"en","displayname":"chimchimslay","time_zone":"","msg":"RT SM0LBEANJIMIN I love yoongis reaction to hoseok please protect them both at all costs seeing him happy makes me so happy 😭👏💓 https…"}
{"tweet_id":841810084237856768,"created_unixtime":1489538138814,"created_time":"Wed Mar 15 00:35:38 +0000 2017","lang":"tl","displayname":"sonalip65996354","time_zone":"","msg":"RT Abhishekinsa89 Celebrations4HKNKJ Gurmeetramrahim isak Hai mera msg papa Happy holi msg sabhe ko aap himmat AUR takat do… "}
{"tweet_id":841810084791443456,"created_unixtime":1489538138946,"created_time":"Wed Mar 15 00:35:38 +0000 2017","lang":"en","displayname":"honky_man44","time_zone":"Pacific Time (US & Canada)","msg":"RT lkeane Happy to learn TitosVodka is now supporting a different animal welfare group Not antihunting HSUS which only give… "}
{"tweet_id":841810083851952128,"created_unixtime":1489538138722,"created_time":"Wed Mar 15 00:35:38 +0000 2017","lang":"en","displayname":"Lyve_Wire","time_zone":"Mountain Time (US & Canada)","msg":"⬇️ This is how a leader tweets to his country and the world ⬇️ https//tco/hn1DBzxYw2"}
{"tweet_id":841810084703424516,"created_unixtime":1489538138925,"created_time":"Wed Mar 15 00:35:38 +0000 2017","lang":"en","displayname":"iBustMagnums","time_zone":"Central Time (US & Canada)","msg":"RT MeninistTweet Happy pi dayThe Falcons blew a 283 lead314283  31the warriors blew a 31 lead in the NBA Finals"}
{"tweet_id":841810085475151873,"created_unixtime":1489538139109,"created_time":"Wed Mar 15 00:35:39 +0000 2017","lang":"en","displayname":"PonteHeather","time_zone":"","msg":"RT preaching my main focus is to better myself be successful and be happy so if you arent contributing to that then i dont need you i…"}
{"tweet_id":841810084967636993,"created_unixtime":1489538138988,"created_time":"Wed Mar 15 00:35:38 +0000 2017","lang":"en","displayname":"Babygurlie73","time_zone":"Central Time (US & Canada)","msg":"RT MomItForward Q6 DOES FOOD MAKE YOU HAPPY WHAT DISHES MAKE YOU THE HAPPIEST AvoHappiness GNO PLS RT"}
{"tweet_id":841810085529624576,"created_unixtime":1489538139122,"created_time":"Wed Mar 15 00:35:39 +0000 2017","lang":"en","displayname":"wongwayguy","time_zone":"Pacific Time (US & Canada)","msg":"RT CUTEST_ANlMALS this makes me so happy  https//tco/4ebwUxo9Hg"}
{"tweet_id":841810085252755457,"created_unixtime":1489538139056,"created_time":"Wed Mar 15 00:35:39 +0000 2017","lang":"en","displayname":"lovocholate","time_zone":"Jakarta","msg":"Happy birthday to the first man ever in my life Daddy 😄💕"}
{"tweet_id":841810085257048064,"created_unixtime":1489538139057,"created_time":"Wed Mar 15 00:35:39 +0000 2017","lang":"en","displayname":"kgfella","time_zone":"Quito","msg":"IM SO HAPPY https//tco/EJR8aJgewI"}
{"tweet_id":841810085609394180,"created_unixtime":1489538139141,"created_time":"Wed Mar 15 00:35:39 +0000 2017","lang":"en","displayname":"TruVisionToday","time_zone":"Central Time (US & Canada)","msg":"If love is all you goodits good for the soul and makes you happy  What else could a person need  Share the https//tco/94Eqmo1UzI"}
{"tweet_id":841810085215100928,"created_unixtime":1489538139047,"created_time":"Wed Mar 15 00:35:39 +0000 2017","lang":"en","displayname":"Hi_Gorgeouss","time_zone":"Central Time (US & Canada)","msg":"I just need that happy weight from the relationship not the actual relationship 😂 lbvs"}
{"tweet_id":841810086259507200,"created_unixtime":1489538139296,"created_time":"Wed Mar 15 00:35:39 +0000 2017","lang":"en","displayname":"TheTicTacGoal","time_zone":"","msg":"pfholden played once Got really sad when they didnt include a full game option of 3v3"}
{"tweet_id":841810086859177984,"created_unixtime":1489538139439,"created_time":"Wed Mar 15 00:35:39 +0000 2017","lang":"ko","displayname":"hyun_matsu14","time_zone":"","msg":"RT tsukiss_k ☆Happy White Day②☆아라타「이제 곧 봄이야ㅡ 따뜻해졌으니까 졸려ㅡ 너의 사랑에 감싸여서 잘래요」아오이「이봐이봐쓴웃음 항상 감사합니다」※DLOK※벽지등_매너를_지켜서_써주세요 https//tc…"}
{"tweet_id":841810087287111680,"created_unixtime":1489538139541,"created_time":"Wed Mar 15 00:35:39 +0000 2017","lang":"en","displayname":"Deeair_","time_zone":"Atlantic Time (Canada)","msg":"RT r_osess my Twitter may have you thinking Im single taken alone happy sad all that stuff dont come looking for answers 😂😂"}
{"tweet_id":841810087358410753,"created_unixtime":1489538139558,"created_time":"Wed Mar 15 00:35:39 +0000 2017","lang":"en","displayname":"lastnamegirl","time_zone":"Eastern Time (US & Canada)","msg":"Bunzaroo and Im happy to make those dreams come true to be on a boat"}
{"tweet_id":841810087844937728,"created_unixtime":1489538139674,"created_time":"Wed Mar 15 00:35:39 +0000 2017","lang":"en","displayname":"AlysonP7","time_zone":"Eastern Time (US & Canada)","msg":"Where are you this summer I need a tennis coach Ill pay you Whaaaaaaat 😂 Playing tennis makes me happy I need nothing else 🙈"}
{"tweet_id":841810088054657024,"created_unixtime":1489538139724,"created_time":"Wed Mar 15 00:35:39 +0000 2017","lang":"en","displayname":"wooddeming","time_zone":"Central Time (US & Canada)","msg":"Sad story https//tco/A8ykykUOXS"}
{"tweet_id":841810088654454784,"created_unixtime":1489538139867,"created_time":"Wed Mar 15 00:35:39 +0000 2017","lang":"en","displayname":"MichaelAnt3","time_zone":"Hawaii","msg":"Still sad that Im gonna miss the Lil Wayne concert tonight 😢😢"}
{"tweet_id":841810088809623552,"created_unixtime":1489538139904,"created_time":"Wed Mar 15 00:35:39 +0000 2017","lang":"en","displayname":"2936Jordan","time_zone":"","msg":"RT SoReIatable I hate that I cry out of frustration 95  of the time its not even cause Im sad its that Im so angry I cant control…"}
{"tweet_id":841810088503336961,"created_unixtime":1489538139831,"created_time":"Wed Mar 15 00:35:39 +0000 2017","lang":"en","displayname":"zeldax19","time_zone":"Baghdad","msg":"The music hes playing is so beautiful and sad BreathoftheWild NintendoSwitch https//tco/jrEOplTLtZ"}
{"tweet_id":841810085781299200,"created_unixtime":1489538139182,"created_time":"Wed Mar 15 00:35:39 +0000 2017","lang":"en","displayname":"kvvssy","time_zone":"","msg":"Yall dont understand how happy I am right now skin glistening n shit Im just enjoying my own company n water… https//tco/sRe2MAjeTF"}
{"tweet_id":841810090025926656,"created_unixtime":1489538140194,"created_time":"Wed Mar 15 00:35:40 +0000 2017","lang":"en","displayname":"immensummusic","time_zone":"","msg":"RT islandrecordsuk Happy birthday 🎂🎂🎂QuincyDJones what a life what an enormous contribution to music and the culture https//tco/BVO…"}
{"tweet_id":841810088973209600,"created_unixtime":1489538139943,"created_time":"Wed Mar 15 00:35:39 +0000 2017","lang":"en","displayname":"FlareChanGamez","time_zone":"Pacific Time (US & Canada)","msg":"RT Waifu_Master Happy PiDay more like Happy OppaiDay 閃乱カグラ https//tco/DS1RjkYoLb"}
{"tweet_id":841810090105667586,"created_unixtime":1489538140213,"created_time":"Wed Mar 15 00:35:40 +0000 2017","lang":"en","displayname":"demi_leech","time_zone":"Eastern Time (US & Canada)","msg":"RT katie_stein16 happy birthday to my dem💓 so thankful for our friendship and your crazy self👭❤️ ps Im still depressed about Ne… "}
{"tweet_id":841810090298613760,"created_unixtime":1489538140259,"created_time":"Wed Mar 15 00:35:40 +0000 2017","lang":"en","displayname":"Jeremiahharris_","time_zone":"Central Time (US & Canada)","msg":"RT RonaGarcia13 Happy birthday little brother 🎉🎈🎊Jeremiahharris_ https//tco/9K07H0ATV5"}
{"tweet_id":841810090453794820,"created_unixtime":1489538140296,"created_time":"Wed Mar 15 00:35:40 +0000 2017","lang":"en","displayname":"Nyett3","time_zone":"","msg":"RT __StayHumbled Be with who makes you happy amp teach you something different  its never about what they have 😌"}
{"tweet_id":841810090491555841,"created_unixtime":1489538140305,"created_time":"Wed Mar 15 00:35:40 +0000 2017","lang":"en","displayname":"Amanda39725","time_zone":"Pacific Time (US & Canada)","msg":"My love life is a sad joke lol"}
{"tweet_id":841810090743099392,"created_unixtime":1489538140365,"created_time":"Wed Mar 15 00:35:40 +0000 2017","lang":"en","displayname":"Nilam_inc","time_zone":"Kuala Lumpur","msg":"RT Calvinn_Hobbes Happy 🍕 PiDay https//tco/UpLBGER3ZF"}
{"tweet_id":841810090860638209,"created_unixtime":1489538140393,"created_time":"Wed Mar 15 00:35:40 +0000 2017","lang":"en","displayname":"Oye_fijju","time_zone":"Karachi","msg":"RT Hiraliciouss Happy Anniversary baby SirHamzaAbbasi  😸💕😘"}
{"tweet_id":841810091124879360,"created_unixtime":1489538140456,"created_time":"Wed Mar 15 00:35:40 +0000 2017","lang":"en","displayname":"DefLiva123","time_zone":"","msg":"medusainclouds im actually happy look at my last retweet lol im dead officially"}
{"tweet_id":841810091351265281,"created_unixtime":1489538140510,"created_time":"Wed Mar 15 00:35:40 +0000 2017","lang":"en","displayname":"Cecil_Hoglund","time_zone":"Brussels","msg":"All Parents Happy Because These Cartoons S3x Scene Were Not Broadcasted https//tco/JTBuRX79Im"}
{"tweet_id":841810091431104513,"created_unixtime":1489538140529,"created_time":"Wed Mar 15 00:35:40 +0000 2017","lang":"en","displayname":"audrey_kinng","time_zone":"Quito","msg":"jadeconwayy_ happy bday pretttty babe ❤💘😊"}
{"tweet_id":841810091535884288,"created_unixtime":1489538140554,"created_time":"Wed Mar 15 00:35:40 +0000 2017","lang":"en","displayname":"LDDNY","time_zone":"Eastern Time (US & Canada)","msg":"Beyond happy to share that we have been asked to be a part of the Grace Ormonde wedding_style… https//tco/yvGViiO8bQ"}
{"tweet_id":841810091540074496,"created_unixtime":1489538140555,"created_time":"Wed Mar 15 00:35:40 +0000 2017","lang":"en","displayname":"aonliiz","time_zone":"Pacific Time (US & Canada)","msg":"RT peachcream_jh 170314 happy white day🍬 재현https//tco/z1tasMTVEd https//tco/2UzzcKA6yn"}
{"tweet_id":841810091468828672,"created_unixtime":1489538140538,"created_time":"Wed Mar 15 00:35:40 +0000 2017","lang":"en","displayname":"STXNNINGYUGYEOM","time_zone":"Pacific Time (US & Canada)","msg":"RT unbleachedkpop Happy Birthday to Astros precious leader 💕😭 HappyJinJinDay 별들의_리더_박진우_생일축하해 https//tco/d7VZsCTtGr"}
{"tweet_id":841810091326242816,"created_unixtime":1489538140504,"created_time":"Wed Mar 15 00:35:40 +0000 2017","lang":"en","displayname":"LuisamoragiM","time_zone":"","msg":"RT ItsFoodPorn Happy Pi Day https//tco/SUJCzAvha9"}
{"tweet_id":841810092009897985,"created_unixtime":1489538140667,"created_time":"Wed Mar 15 00:35:40 +0000 2017","lang":"en","displayname":"deplorablejjb","time_zone":"","msg":"RT charliekirk11 Even if today is a terrible day just remember it could be worse Hillary could be President Happy Sunday"}
{"tweet_id":841810092114685952,"created_unixtime":1489538140692,"created_time":"Wed Mar 15 00:35:40 +0000 2017","lang":"en","displayname":"SzamMalik","time_zone":"Central Time (US & Canada)","msg":"RT camilacabello97 GUYS DONT BE SAD BECAUSE THE BEST PRIZE WE COULD HAVE IS HAVING FANS AS LOVELY AND DEDICATED AND AS LOYAL AS U GUYS T…"}
{"tweet_id":841810092227989505,"created_unixtime":1489538140719,"created_time":"Wed Mar 15 00:35:40 +0000 2017","lang":"en","displayname":"ltuck_23","time_zone":"","msg":"RT SN_Ohio Happy birthday StephenCurry30 heres a compilation video https//tco/JmYjJXLt65"}
{"tweet_id":841810091993116672,"created_unixtime":1489538140663,"created_time":"Wed Mar 15 00:35:40 +0000 2017","lang":"en","displayname":"gxnxsiis","time_zone":"Pacific Time (US & Canada)","msg":"The saying is stay away from things that arent yours but —Was he really /yours/ if he wanted to be with me  Sad that both of you "}
{"tweet_id":841810092676677632,"created_unixtime":1489538140826,"created_time":"Wed Mar 15 00:35:40 +0000 2017","lang":"ja","displayname":"megurisio","time_zone":"Tokyo","msg":"RT AoPBUG 森岡賢さんHappy Birthday💐50歳は献杯…賢杯で良いですかね？！🍷安らかに。 https//tco/BAKjmCsHze"}
{"tweet_id":841810092798406656,"created_unixtime":1489538140855,"created_time":"Wed Mar 15 00:35:40 +0000 2017","lang":"en","displayname":"Oc1013","time_zone":"","msg":"RT rrbchoir Happy birthday to this guy Hands down one of the coolest around bismeaux https//tco/s6J4t9R2ac"}
{"tweet_id":841810092555177984,"created_unixtime":1489538140797,"created_time":"Wed Mar 15 00:35:40 +0000 2017","lang":"en","displayname":"amandaalguire2","time_zone":"","msg":"WeatherLandG 😢 Very sad"}
{"tweet_id":841810092752265217,"created_unixtime":1489538140844,"created_time":"Wed Mar 15 00:35:40 +0000 2017","lang":"en","displayname":"DestiGrace1","time_zone":"Mountain Time (US & Canada)","msg":"RT EducatingForUs Did you lie to craigmelvin about TrumpCare amp ACA  savemycare by being for ppl rather than TrumpDontCare https//t…"}
{"tweet_id":841810093003927552,"created_unixtime":1489538140904,"created_time":"Wed Mar 15 00:35:40 +0000 2017","lang":"en","displayname":"hey__na","time_zone":"Eastern Time (US & Canada)","msg":"RT D_Deji28 Do you guys know why he was killed A girl lied that he raped her and her brother shot him dead https//tco/IWDVDZp3rz"}
{"tweet_id":841810093423362053,"created_unixtime":1489538141004,"created_time":"Wed Mar 15 00:35:41 +0000 2017","lang":"en","displayname":"ChristieMacFad","time_zone":"Quito","msg":"RT JustinTrudeau Happy PiDay Our government is committed to supporting science amp innovation for a stronger Canada And pie for a tasti…"}
{"tweet_id":841810093863776256,"created_unixtime":1489538141109,"created_time":"Wed Mar 15 00:35:41 +0000 2017","lang":"en","displayname":"masumarahman4","time_zone":"London","msg":"RT Alhamdhulillaah Dont be sad Allah is with us"}
{"tweet_id":841810093574393858,"created_unixtime":1489538141040,"created_time":"Wed Mar 15 00:35:41 +0000 2017","lang":"en","displayname":"undefinedkingz1","time_zone":"Pacific Time (US & Canada)","msg":"leighosa u will make a guy happy 😊thank god Im taken 💍"}
{"tweet_id":841810092383076353,"created_unixtime":1489538140756,"created_time":"Wed Mar 15 00:35:40 +0000 2017","lang":"en","displayname":"xdanaaa_","time_zone":"Hawaii","msg":"Happy Birthday _nagemm hottie The glo up is real 😍😘 https//tco/KsHJ90vqRt"}
{"tweet_id":841810093263978497,"created_unixtime":1489538140966,"created_time":"Wed Mar 15 00:35:40 +0000 2017","lang":"en","displayname":"outofthenorm6","time_zone":"","msg":"happy birthday dad chrisconsiders https//tco/9K68aLThpP"}
{"tweet_id":841810094396395521,"created_unixtime":1489538141236,"created_time":"Wed Mar 15 00:35:41 +0000 2017","lang":"en","displayname":"jayekolustre","time_zone":"Krasnoyarsk","msg":"RT JadinePublicist Happy 3rd Year Anniversary JaDines Stay Strong 2014 • 2015 • 2016 • 2017 Salamat Ive learned a lot 😘LetOurPu…"}
{"tweet_id":841810091854696449,"created_unixtime":1489538140630,"created_time":"Wed Mar 15 00:35:40 +0000 2017","lang":"en","displayname":"Slytherimpala","time_zone":"Paris","msg":"RT fictionaIs When you’re happy to just watch a show and avoid all of the fandom negativity and ship wars https//tco/wrssmMtdJn"}
{"tweet_id":841810094438420480,"created_unixtime":1489538141246,"created_time":"Wed Mar 15 00:35:41 +0000 2017","lang":"en","displayname":"krt0413","time_zone":"Pacific Time (US & Canada)","msg":"RT SuburbanHurt If you go to bed early you dont have to worry about being sad https//tco/OkK3We6L0y"}
{"tweet_id":841810094203539456,"created_unixtime":1489538141190,"created_time":"Wed Mar 15 00:35:41 +0000 2017","lang":"en","displayname":"marsabella2917","time_zone":"Pacific Time (US & Canada)","msg":"RT MayWardDVO_Thai Trust yourself Create the kind of self that you will be happy to live with all your lifeMBMayWard"}
{"tweet_id":841810094740258816,"created_unixtime":1489538141318,"created_time":"Wed Mar 15 00:35:41 +0000 2017","lang":"en","displayname":"tack129","time_zone":"Wellington","msg":"No seriously this is exactly what I wanted from ME MP Im happy"}
{"tweet_id":841810094371274753,"created_unixtime":1489538141230,"created_time":"Wed Mar 15 00:35:41 +0000 2017","lang":"en","displayname":"SeanieEireMufc","time_zone":"Dublin","msg":"RT linds4fins Happy NationalPiDay Did you know that you can use Pi to calculate waves ocean tides ebb flow and the shapes o… "}
{"tweet_id":841810094857703424,"created_unixtime":1489538141346,"created_time":"Wed Mar 15 00:35:41 +0000 2017","lang":"en","displayname":"goawayhooligans","time_zone":"Arizona","msg":"Super happy I was able to get the days off for my Cali trip next weekend 🖤"}
{"tweet_id":841810094434201600,"created_unixtime":1489538141245,"created_time":"Wed Mar 15 00:35:41 +0000 2017","lang":"en","displayname":"puckinghabs","time_zone":"Pacific Time (US & Canada)","msg":"RT Patrick_Dunlop puckinghabs Hey happy birthday 🎁🎈🎈🎈"}
{"tweet_id":841810092445986816,"created_unixtime":1489538140771,"created_time":"Wed Mar 15 00:35:40 +0000 2017","lang":"en","displayname":"jjudy__","time_zone":"Pacific Time (US & Canada)","msg":"HAPPY BIRTHDAY TO MY BIG blowjobshots4dayz twentyfun 💘🥂😛 I love you with all my heart hope you survive Twosdays… https//tco/f30VuxPPK3"}
{"tweet_id":841810094824255488,"created_unixtime":1489538141338,"created_time":"Wed Mar 15 00:35:41 +0000 2017","lang":"en","displayname":"jmdavid750","time_zone":"","msg":"RT CNN Sen Schumer on CBO report Do facts matter anymore to our colleagues to the President Does truth matter Sad a… "}
{"tweet_id":841810095352733696,"created_unixtime":1489538141464,"created_time":"Wed Mar 15 00:35:41 +0000 2017","lang":"en","displayname":"brainninjastpt","time_zone":"Mountain Time (US & Canada)","msg":"Happy Pi Day Did you celebrate We read this played some games and found the circumference of… https//tco/0cbRSG5A63"}
{"tweet_id":841810095877050369,"created_unixtime":1489538141589,"created_time":"Wed Mar 15 00:35:41 +0000 2017","lang":"en","displayname":"1025thebull","time_zone":"Central Time (US & Canada)","msg":"Sad Diagnosis for Creator of SpongeBob https//tco/CQgj2gDQvl"}
