{"tweet_id":841810689094225920,"created_unixtime":1489538283023,"created_time":"Wed Mar 15 00:38:03 +0000 2017","lang":"en","displayname":"Buccaneers03","time_zone":"","msg":"RT Realtimtezzy Happy bday to me So blessed to see 22 🎈🍾💞 https//tco/qNrRerkgGX"}
{"tweet_id":841810686279864320,"created_unixtime":1489538282352,"created_time":"Wed Mar 15 00:38:02 +0000 2017","lang":"en","displayname":"nmaio78","time_zone":"","msg":"Happy birthday Pete petelikestriangles https//tco/SjRuImAwIn"}
{"tweet_id":841810688951648257,"created_unixtime":1489538282989,"created_time":"Wed Mar 15 00:38:02 +0000 2017","lang":"en","displayname":"Simply_Diyavian","time_zone":"Eastern Time (US & Canada)","msg":"RT _queenliv__ the sad truth😕 https//tco/Jsq2dijWmZ"}
{"tweet_id":841810689505255425,"created_unixtime":1489538283121,"created_time":"Wed Mar 15 00:38:03 +0000 2017","lang":"en","displayname":"skepticalIy","time_zone":"Central Time (US & Canada)","msg":"RT sobbed i hate getting so sad to the point where my body completely shuts down and all i can do is just lay there and think about all…"}
{"tweet_id":841810689513549824,"created_unixtime":1489538283123,"created_time":"Wed Mar 15 00:38:03 +0000 2017","lang":"en","displayname":"tipsy_writer","time_zone":"Pacific Time (US & Canada)","msg":"RT PatchworkNerd tipsy_writer A1 Their hope and ability to see the world for its possibilities It helps keep me out of my sad cloud…"}
{"tweet_id":841810688817418244,"created_unixtime":1489538282957,"created_time":"Wed Mar 15 00:38:02 +0000 2017","lang":"en","displayname":"MakaylaScott4","time_zone":"","msg":"Hiiii find new girl and be happy  https//tco/OG19GEnQtf https//tco/HmtFa4sxtI"}
{"tweet_id":841810689857622018,"created_unixtime":1489538283205,"created_time":"Wed Mar 15 00:38:03 +0000 2017","lang":"en","displayname":"tayher10","time_zone":"","msg":"RT warriors DubNation please join us in wishing StephenCurry30 a very Happy Birthday 🎈 https//tco/cByjiIEk25"}
{"tweet_id":841810688293142528,"created_unixtime":1489538282832,"created_time":"Wed Mar 15 00:38:02 +0000 2017","lang":"en","displayname":"shadayuh","time_zone":"","msg":"RT D_Deji28 Do you guys know why he was killed A girl lied that he raped her and her brother shot him dead https//tco/IWDVDZp3rz"}
{"tweet_id":841810690381819904,"created_unixtime":1489538283330,"created_time":"Wed Mar 15 00:38:03 +0000 2017","lang":"ja","displayname":"nakkaji","time_zone":"Tokyo","msg":"RT hiha_official 【新曲MV発表】本日3/15水 夜9時に新アルバム「白暈」からMVが一曲公開となります。よろしくお願いします。We are happy to announce drop New Music Video today PM 900"}
{"tweet_id":841810690218311680,"created_unixtime":1489538283291,"created_time":"Wed Mar 15 00:38:03 +0000 2017","lang":"en","displayname":"TasteLuxury","time_zone":"Arizona","msg":"RT Vulnerable its so sad and frustrating when you try your hardest but people still dont find it good enough"}
{"tweet_id":841810688741933057,"created_unixtime":1489538282939,"created_time":"Wed Mar 15 00:38:02 +0000 2017","lang":"en","displayname":"sorrelsciana","time_zone":"Central Time (US & Canada)","msg":"hahahah happy birthday to this kind soul this picture totally describes us😚💖 love you https//tco/bfDh7dMicg"}
{"tweet_id":841810690251857921,"created_unixtime":1489538283299,"created_time":"Wed Mar 15 00:38:03 +0000 2017","lang":"en","displayname":"SweetDanger_Me","time_zone":"Eastern Time (US & Canada)","msg":"ShyThugg Birthday Behavior I see🙈🙈Happy Birthday 🎂🎂🎂"}
{"tweet_id":841810690507722752,"created_unixtime":1489538283360,"created_time":"Wed Mar 15 00:38:03 +0000 2017","lang":"en","displayname":"poIocap","time_zone":"Pacific Time (US & Canada)","msg":"RT sobbed i hate getting so sad to the point where my body completely shuts down and all i can do is just lay there and think about all…"}
{"tweet_id":841810690704781312,"created_unixtime":1489538283407,"created_time":"Wed Mar 15 00:38:03 +0000 2017","lang":"en","displayname":"djsveta","time_zone":"Sydney","msg":"Such an honour to be part of this list Thanks for including me 💥❤️🌈😍 https//tco/wFNDF0MVhx"}
{"tweet_id":841810690797101060,"created_unixtime":1489538283429,"created_time":"Wed Mar 15 00:38:03 +0000 2017","lang":"en","displayname":"Gabiiieee","time_zone":"Eastern Time (US & Canada)","msg":"Happy 21st birthday Zariaisbae get litty I miss you 💕"}
{"tweet_id":841810690427961344,"created_unixtime":1489538283341,"created_time":"Wed Mar 15 00:38:03 +0000 2017","lang":"ja","displayname":"Hs913Ne","time_zone":"","msg":"RT MONSTER3170 Happy Birthday 海未！園田海未生誕祭2017 RTした人全員フォローする https//tco/WsGIEWuLe2"}
{"tweet_id":841810690495115264,"created_unixtime":1489538283357,"created_time":"Wed Mar 15 00:38:03 +0000 2017","lang":"en","displayname":"_shaaay_slaays_","time_zone":"","msg":"RT RickyPDillon Happy pi day https//tco/PyJRimk7d3"}
{"tweet_id":841810690977472512,"created_unixtime":1489538283472,"created_time":"Wed Mar 15 00:38:03 +0000 2017","lang":"en","displayname":"Madii_Reed11","time_zone":"Atlantic Time (Canada)","msg":"RT taylorVcook Happy 100 booo Madii_Reed11 💞 i loveeeeee u😋"}
{"tweet_id":841810691287875584,"created_unixtime":1489538283546,"created_time":"Wed Mar 15 00:38:03 +0000 2017","lang":"en","displayname":"kanyefeeI","time_zone":"Pacific Time (US & Canada)","msg":"RT Vulnerable its so sad and frustrating when you try your hardest but people still dont find it good enough"}
{"tweet_id":841810691552100352,"created_unixtime":1489538283609,"created_time":"Wed Mar 15 00:38:03 +0000 2017","lang":"en","displayname":"Ari_brielle","time_zone":"Pacific Time (US & Canada)","msg":"RT ThatsJANE__ All that love and loyalty we try to give niggas just give it to yourself watch how happy you end up 😘"}
{"tweet_id":841810691241717761,"created_unixtime":1489538283535,"created_time":"Wed Mar 15 00:38:03 +0000 2017","lang":"en","displayname":"Logan12_logan","time_zone":"","msg":"Happy birthday bekah714 "}
{"tweet_id":841810691594027009,"created_unixtime":1489538283619,"created_time":"Wed Mar 15 00:38:03 +0000 2017","lang":"en","displayname":"phaariq","time_zone":"Pacific Time (US & Canada)","msg":"RT sobbed i hate getting so sad to the point where my body completely shuts down and all i can do is just lay there and think about all…"}
{"tweet_id":841810691677925376,"created_unixtime":1489538283639,"created_time":"Wed Mar 15 00:38:03 +0000 2017","lang":"en","displayname":"morgannharty","time_zone":"Pacific Time (US & Canada)","msg":"Happy birthday ajwilliams20001 🎉🎉"}
{"tweet_id":841810691833122816,"created_unixtime":1489538283676,"created_time":"Wed Mar 15 00:38:03 +0000 2017","lang":"en","displayname":"NerdsWithWords1","time_zone":"","msg":"RT DressedJalapeno Check out our newest episode where we talk about this happy guy Podcasts PodernFamily Skier HolyFace WDJ OUCH h…"}
{"tweet_id":841810692210479104,"created_unixtime":1489538283766,"created_time":"Wed Mar 15 00:38:03 +0000 2017","lang":"en","displayname":"HbTonio","time_zone":"","msg":"RT zacstaley11 Happy birthday to my brother 🎂💉 Keep grinding homie youre doing big things 🤘🏽⚽️ HbTonio https//tco/oTbglq5bOW"}
{"tweet_id":841810692248346628,"created_unixtime":1489538283775,"created_time":"Wed Mar 15 00:38:03 +0000 2017","lang":"en","displayname":"94SEXYDANCER","time_zone":"","msg":"RT BabyAnimalsPic Look how happy these camels are to see snow 😂😭 https//tco/OnmwCiAfZl"}
{"tweet_id":841810692319539200,"created_unixtime":1489538283792,"created_time":"Wed Mar 15 00:38:03 +0000 2017","lang":"en","displayname":"ssgadi","time_zone":"Eastern Time (US & Canada)","msg":"Happy Pi Day  Todays the day MIT notifies its freshmen that theyve been admitted NerdPride PiDay"}
{"tweet_id":841810692139294720,"created_unixtime":1489538283749,"created_time":"Wed Mar 15 00:38:03 +0000 2017","lang":"en","displayname":"itsonormally","time_zone":"Brasilia","msg":"RT AllyBrooke HAPPY BIRFDAY TO A WONDERFUL SWEET FABULOUS STUNNING INCREDIBLE WOMAN NAMED KAT 🎂🎈🎀 allytwerking"}
{"tweet_id":841810692286087168,"created_unixtime":1489538283784,"created_time":"Wed Mar 15 00:38:03 +0000 2017","lang":"en","displayname":"Giova0121","time_zone":"Athens","msg":"RT 5HVotingStats Scared Of Happy FifthHarmony YouKnowYouLoveThem radiodisney"}
{"tweet_id":841810692491554816,"created_unixtime":1489538283833,"created_time":"Wed Mar 15 00:38:03 +0000 2017","lang":"en","displayname":"AutoCrazeau","time_zone":"","msg":"ANOTHER HAPPY CUSTOMER FROM QLD // Audi Q7 by AutoCraze► Dub Shot Calla [Black and Machined with Dark Tint]SHOP https//tco/AHCc1TG1ob"}
{"tweet_id":841810692315467776,"created_unixtime":1489538283791,"created_time":"Wed Mar 15 00:38:03 +0000 2017","lang":"en","displayname":"untrapical","time_zone":"Central Time (US & Canada)","msg":"RT Vulnerable its so sad and frustrating when you try your hardest but people still dont find it good enough"}
{"tweet_id":841810680470724608,"created_unixtime":1489538280967,"created_time":"Wed Mar 15 00:38:00 +0000 2017","lang":"en","displayname":"farah_alzahawi","time_zone":"","msg":"RT enasjamal270yah Happy Holi 😊ashish30sharma ArchanaTaide ashish_sharmaFc yasmineKT2 hanna94881 farah_alzahawi iraqflowers… "}
{"tweet_id":841810693020033024,"created_unixtime":1489538283959,"created_time":"Wed Mar 15 00:38:03 +0000 2017","lang":"tl","displayname":"sweetjhoyceo8","time_zone":"","msg":"Happy lang wlang ending MBMayWard"}
{"tweet_id":841810693057798145,"created_unixtime":1489538283968,"created_time":"Wed Mar 15 00:38:03 +0000 2017","lang":"en","displayname":"susi079","time_zone":"Jakarta","msg":"RT Xuebai209 HappyHalloween Sharpe OLantern hahaha Happy Halloween everyone twhiddleston https//tco/LxbIvC2MxC"}
{"tweet_id":841810693103988736,"created_unixtime":1489538283979,"created_time":"Wed Mar 15 00:38:03 +0000 2017","lang":"en","displayname":"fernandodmr","time_zone":"Mexico City","msg":"diannadager Feliz Happy Birthday Cumpleaños 🎂🤡🤡🤡🤡🤡🤡"}
{"tweet_id":841810692789436416,"created_unixtime":1489538283904,"created_time":"Wed Mar 15 00:38:03 +0000 2017","lang":"en","displayname":"ymcacampdunord","time_zone":"","msg":"Happy Blueberry Pi Day from all of us at Camp du Nord https//tco/OP0senOBx7"}
{"tweet_id":841810692751667201,"created_unixtime":1489538283895,"created_time":"Wed Mar 15 00:38:03 +0000 2017","lang":"en","displayname":"srslyanxiety","time_zone":"Kuala Lumpur","msg":"RT sobbed i hate getting so sad to the point where my body completely shuts down and all i can do is just lay there and think about all…"}
{"tweet_id":841810693401722880,"created_unixtime":1489538284050,"created_time":"Wed Mar 15 00:38:04 +0000 2017","lang":"en","displayname":"Kelly6358633","time_zone":"","msg":"RT BeSeriousUSA We just freaking love ❤️ you JustinTrudeau Could you please come south and fix this shitshow too  America 🇺🇸 https/…"}
{"tweet_id":841810693393416192,"created_unixtime":1489538284048,"created_time":"Wed Mar 15 00:38:04 +0000 2017","lang":"en","displayname":"2121Savage","time_zone":"Central America","msg":"RT Vulnerable its so sad and frustrating when you try your hardest but people still dont find it good enough"}
{"tweet_id":841810693238198274,"created_unixtime":1489538284011,"created_time":"Wed Mar 15 00:38:04 +0000 2017","lang":"en","displayname":"allietimm4","time_zone":"","msg":"RT alisonnnn1115 one last happy bday to this beautiful soul😇💘 endless love for you Al you deserve the world🌎💚 xoxoxo https//tco/ohzU…"}
{"tweet_id":841810693632458754,"created_unixtime":1489538284105,"created_time":"Wed Mar 15 00:38:04 +0000 2017","lang":"en","displayname":"indefines","time_zone":"Pacific Time (US & Canada)","msg":"RT sobbed i hate getting so sad to the point where my body completely shuts down and all i can do is just lay there and think about all…"}
{"tweet_id":841810693888344064,"created_unixtime":1489538284166,"created_time":"Wed Mar 15 00:38:04 +0000 2017","lang":"in","displayname":"AliWonderland07","time_zone":"","msg":"RT taehyungboo Happy yoongi is my favorite yoongi https//tco/KW7pOv02x4"}
{"tweet_id":841810694030917633,"created_unixtime":1489538284200,"created_time":"Wed Mar 15 00:38:04 +0000 2017","lang":"en","displayname":"paigeeoo","time_zone":"Helsinki","msg":"RT sydneysierota Happy birthday beautiful girl Simone_Biles see you soon 💕💕💕"}
{"tweet_id":841810694009937920,"created_unixtime":1489538284195,"created_time":"Wed Mar 15 00:38:04 +0000 2017","lang":"en","displayname":"TadeIbrahim","time_zone":"","msg":"RT Stormzy1 Do what makes you happy mate"}
{"tweet_id":841810693405962240,"created_unixtime":1489538284051,"created_time":"Wed Mar 15 00:38:04 +0000 2017","lang":"en","displayname":"dave31_sam","time_zone":"Pacific Time (US & Canada)","msg":"RT BiafrXit Happy🍀Birthday🌹🌻Strong       Smart Rare           FerventGenius       Agile Biafran      DeterminedEmekaGift https//t…"}
{"tweet_id":841810693926072321,"created_unixtime":1489538284175,"created_time":"Wed Mar 15 00:38:04 +0000 2017","lang":"en","displayname":"Snickerdoo2","time_zone":"","msg":"BrooklynBeans1 Happy PiDay 40 delicious cups of coffee Perfect Stirers crossed to win 🍵"}
{"tweet_id":841810693921759232,"created_unixtime":1489538284174,"created_time":"Wed Mar 15 00:38:04 +0000 2017","lang":"en","displayname":"vaughanvoice","time_zone":"","msg":"RT alesa_burge vaughanvoice d_seaman Yes there are 2 Fantastic Just making sure ppl know😊 these make me so happy finall… "}
{"tweet_id":841810694110609408,"created_unixtime":1489538284219,"created_time":"Wed Mar 15 00:38:04 +0000 2017","lang":"es","displayname":"yolatop","time_zone":"","msg":"RT dreamoferick Por eso admiro tanto a vazbotdiel ahre https//tco/jUMdXbuum2"}
{"tweet_id":841810694416809984,"created_unixtime":1489538284292,"created_time":"Wed Mar 15 00:38:04 +0000 2017","lang":"en","displayname":"chooses","time_zone":"Eastern Time (US & Canada)","msg":"RT Vulnerable its so sad and frustrating when you try your hardest but people still dont find it good enough"}
{"tweet_id":841810694265700352,"created_unixtime":1489538284256,"created_time":"Wed Mar 15 00:38:04 +0000 2017","lang":"ja","displayname":"denimuuun","time_zone":"Pacific Time (US & Canada)","msg":"朝から とっても HAPPYな情報 💙💚💛💜❤"}
{"tweet_id":841810690906181633,"created_unixtime":1489538283455,"created_time":"Wed Mar 15 00:38:03 +0000 2017","lang":"en","displayname":"lumaqashou13","time_zone":"","msg":"Happy birthday Saveri🎉 I love you so much❤️ You are one of the best people I know💕  Thank you for being such a gr… https//tco/jptX14Kpui"}
{"tweet_id":841810694601351169,"created_unixtime":1489538284336,"created_time":"Wed Mar 15 00:38:04 +0000 2017","lang":"en","displayname":"theyunghassi","time_zone":"Pacific Time (US & Canada)","msg":"RT sobbed i hate getting so sad to the point where my body completely shuts down and all i can do is just lay there and think about all…"}
{"tweet_id":841810694697697282,"created_unixtime":1489538284359,"created_time":"Wed Mar 15 00:38:04 +0000 2017","lang":"ja","displayname":"nogizakaLOVEU","time_zone":"JST","msg":"RT gekokujo_tbs Happy  Whiteday❤️桜井家ampちゅうぼうメンバー男性陣から愛を込めて❤️Phot by 風間俊介📷風船もみんなで膨らませましたoo下剋上受験 TBS 阿部サダヲ 若旦那 皆川猿時… "}
{"tweet_id":841810694869815296,"created_unixtime":1489538284400,"created_time":"Wed Mar 15 00:38:04 +0000 2017","lang":"en","displayname":"TeenVogue","time_zone":"Eastern Time (US & Canada)","msg":"While we totally get the inclination to take a break were happy he didnt https//tco/rMwbevGjX7"}
{"tweet_id":841810695092088832,"created_unixtime":1489538284453,"created_time":"Wed Mar 15 00:38:04 +0000 2017","lang":"en","displayname":"moteonna_words","time_zone":"","msg":"A happy happening and a sad one happen at the same timeThen  you had better pay attention only to a happy one"}
{"tweet_id":841810695683477504,"created_unixtime":1489538284594,"created_time":"Wed Mar 15 00:38:04 +0000 2017","lang":"en","displayname":"teshaa___","time_zone":"","msg":"RT _vinevinee So happy Im naturally pretty amp dont need makeup😊"}
{"tweet_id":841810695939280896,"created_unixtime":1489538284655,"created_time":"Wed Mar 15 00:38:04 +0000 2017","lang":"en","displayname":"stxffxnxe","time_zone":"","msg":"RT IntricateNessa Happy Pi day guys😼 Pizza is 314 at Blaze today RT to save a life"}
{"tweet_id":841810695746408449,"created_unixtime":1489538284609,"created_time":"Wed Mar 15 00:38:04 +0000 2017","lang":"en","displayname":"Chvr_Rue","time_zone":"Eastern Time (US & Canada)","msg":"RT Stormzy1 Do what makes you happy mate"}
{"tweet_id":841810696258052096,"created_unixtime":1489538284731,"created_time":"Wed Mar 15 00:38:04 +0000 2017","lang":"en","displayname":"arichikamifu","time_zone":"","msg":"RT namjoonsunrise NAMJOON LOOKS SO HAPPY AND HE IS ENJOYING LIFE https//tco/b3T9ysWTFs"}
{"tweet_id":841810680470724608,"created_unixtime":1489538280967,"created_time":"Wed Mar 15 00:38:00 +0000 2017","lang":"en","displayname":"farah_alzahawi","time_zone":"","msg":"RT enasjamal270yah Happy Holi 😊ashish30sharma ArchanaTaide ashish_sharmaFc yasmineKT2 hanna94881 farah_alzahawi iraqflowers… "}
{"tweet_id":841810696279101440,"created_unixtime":1489538284736,"created_time":"Wed Mar 15 00:38:04 +0000 2017","lang":"en","displayname":"kevinszy16","time_zone":"","msg":"RT jvstinnnnn People lack originality its sad"}
{"tweet_id":841810696295874560,"created_unixtime":1489538284740,"created_time":"Wed Mar 15 00:38:04 +0000 2017","lang":"en","displayname":"sexpains","time_zone":"Central Time (US & Canada)","msg":"RT sobbed i hate getting so sad to the point where my body completely shuts down and all i can do is just lay there and think about all…"}
{"tweet_id":841810696446844929,"created_unixtime":1489538284776,"created_time":"Wed Mar 15 00:38:04 +0000 2017","lang":"en","displayname":"_trapical","time_zone":"Eastern Time (US & Canada)","msg":"RT Vulnerable its so sad and frustrating when you try your hardest but people still dont find it good enough"}
{"tweet_id":841810692919459841,"created_unixtime":1489538283935,"created_time":"Wed Mar 15 00:38:03 +0000 2017","lang":"und","displayname":"valen_sanmartin","time_zone":"","msg":"Sad"}
{"tweet_id":841810697138790400,"created_unixtime":1489538284941,"created_time":"Wed Mar 15 00:38:04 +0000 2017","lang":"en","displayname":"_tayyyyyyyyyyy","time_zone":"Pacific Time (US & Canada)","msg":"RT ashleyrydberg This beautiful weather makes me so happy 😊😊"}
{"tweet_id":841810697172443137,"created_unixtime":1489538284949,"created_time":"Wed Mar 15 00:38:04 +0000 2017","lang":"en","displayname":"dave31_sam","time_zone":"Pacific Time (US & Canada)","msg":"RT uchennaomulu1 EmekaGift nwa chineke Happy birthday"}
{"tweet_id":841810697336020992,"created_unixtime":1489538284988,"created_time":"Wed Mar 15 00:38:04 +0000 2017","lang":"en","displayname":"bestvibez","time_zone":"Pacific Time (US & Canada)","msg":"RT sobbed i hate getting so sad to the point where my body completely shuts down and all i can do is just lay there and think about all…"}
{"tweet_id":841810697247948800,"created_unixtime":1489538284967,"created_time":"Wed Mar 15 00:38:04 +0000 2017","lang":"und","displayname":"shaezanigan","time_zone":"Atlantic Time (Canada)","msg":"RT kennyfrmdablocc exposed https//tco/tzA1uYTZzN"}
{"tweet_id":841810697440788480,"created_unixtime":1489538285013,"created_time":"Wed Mar 15 00:38:05 +0000 2017","lang":"in","displayname":"barokah_widi","time_zone":"","msg":"RT informasi_123 Happy Birthday trendinaliaID 🎉Sukses selalu 😀Fromadmin https//tco/J4L42ep75v"}
{"tweet_id":841810696400736256,"created_unixtime":1489538284765,"created_time":"Wed Mar 15 00:38:04 +0000 2017","lang":"en","displayname":"raburgess2","time_zone":"","msg":"DerpyPeasant kateMctimmons77 ObamaMalik well obviously not look how the Dems are acting Sad☹️"}
{"tweet_id":841810697654697984,"created_unixtime":1489538285064,"created_time":"Wed Mar 15 00:38:05 +0000 2017","lang":"ja","displayname":"patissiere_gole","time_zone":"","msg":"RT mirema69 おは飯｡･ω･｡ピザampたまご乗せパンwith中国産キティちゃん海苔切り笑今日もhappyに♡今日もhappyままごはんお腹ペコリン部 https//tco/NWt3kW0MY2"}
{"tweet_id":841810697487028225,"created_unixtime":1489538285024,"created_time":"Wed Mar 15 00:38:05 +0000 2017","lang":"en","displayname":"BreMyselfAndIi","time_zone":"Central Time (US & Canada)","msg":"RT D_Deji28 Do you guys know why he was killed A girl lied that he raped her and her brother shot him dead https//tco/IWDVDZp3rz"}
{"tweet_id":841810697021448193,"created_unixtime":1489538284913,"created_time":"Wed Mar 15 00:38:04 +0000 2017","lang":"en","displayname":"AreuCathy","time_zone":"","msg":"laurie_r1961 TeamCavuto stuartvarney FoxNews Im sorry that happened to you I have friends who are happy with their Obamacare"}
{"tweet_id":841810698044813312,"created_unixtime":1489538285157,"created_time":"Wed Mar 15 00:38:05 +0000 2017","lang":"ja","displayname":"irisuandhuruura","time_zone":"","msg":"RT Sp80E 海未ちゃん、Happy Birthday🎉🎉勧誘もしたし、完璧と！園田海未生誕祭2017 3月15日は海未ちゃんの誕生日 海未推しはRT RTした人全員フォローする いいねした人全員フォロー https//tco/gBRev8u9…"}
{"tweet_id":841810697759649792,"created_unixtime":1489538285089,"created_time":"Wed Mar 15 00:38:05 +0000 2017","lang":"und","displayname":"lazelle_v","time_zone":"Eastern Time (US & Canada)","msg":"chriscorbo_714 https//tco/pALhHK4ZQc"}
{"tweet_id":841810698195861505,"created_unixtime":1489538285193,"created_time":"Wed Mar 15 00:38:05 +0000 2017","lang":"en","displayname":"Iovingsunsets","time_zone":"Pacific Time (US & Canada)","msg":"RT sobbed i hate getting so sad to the point where my body completely shuts down and all i can do is just lay there and think about all…"}
{"tweet_id":841810698107785217,"created_unixtime":1489538285172,"created_time":"Wed Mar 15 00:38:05 +0000 2017","lang":"en","displayname":"Desiree_Hayden","time_zone":"Central Time (US & Canada)","msg":"RT Uglypeopleunite THESE MAKE ME SO HAPPY https//tco/oTq0jg9Qy7"}
{"tweet_id":841810698132979712,"created_unixtime":1489538285178,"created_time":"Wed Mar 15 00:38:05 +0000 2017","lang":"en","displayname":"SecretErik","time_zone":"","msg":"Im so happy captain cold is back and Jesse come on girl but I have to admit that was a good punch tho TheFlash"}
{"tweet_id":841810698191687680,"created_unixtime":1489538285192,"created_time":"Wed Mar 15 00:38:05 +0000 2017","lang":"en","displayname":"vessoI","time_zone":"Pacific Time (US & Canada)","msg":"RT Vulnerable its so sad and frustrating when you try your hardest but people still dont find it good enough"}
{"tweet_id":841810698514628609,"created_unixtime":1489538285269,"created_time":"Wed Mar 15 00:38:05 +0000 2017","lang":"en","displayname":"bIueguitar","time_zone":"Brasilia","msg":" SherriSaum1 a thing about Stef that you love with all your heart thefosterschat THANK U FOR SAYING HI TO MY GIRL SHES SO HAPPY lt3"}
{"tweet_id":841810697419927552,"created_unixtime":1489538285008,"created_time":"Wed Mar 15 00:38:05 +0000 2017","lang":"en","displayname":"AttoMackenzie","time_zone":"","msg":"Happy Pie day to the best math prof around DrTKMiller 😜 https//tco/BVmytLZckw"}
{"tweet_id":841810698489495553,"created_unixtime":1489538285263,"created_time":"Wed Mar 15 00:38:05 +0000 2017","lang":"en","displayname":"MikhaylaLamb","time_zone":"","msg":"Big Fails  That Kind Of Mother You Are Very Happy Its Not Yours https//tco/nxRqvfYYqh"}
{"tweet_id":841810698653052928,"created_unixtime":1489538285302,"created_time":"Wed Mar 15 00:38:05 +0000 2017","lang":"en","displayname":"lyss_camille11","time_zone":"","msg":"RT JustAGirIThing Someone When was the last time u were truly happy Me https//tco/YTSjNOreRU"}
{"tweet_id":841810699336654848,"created_unixtime":1489538285465,"created_time":"Wed Mar 15 00:38:05 +0000 2017","lang":"en","displayname":"kayl4k","time_zone":"Pacific Time (US & Canada)","msg":"him so what do you like to do for fun me smoking in cars playing sad music at max volume crying walking"}
{"tweet_id":841810699177365506,"created_unixtime":1489538285427,"created_time":"Wed Mar 15 00:38:05 +0000 2017","lang":"en","displayname":"CalebColeman_","time_zone":"Eastern Time (US & Canada)","msg":"RT sobbed i hate getting so sad to the point where my body completely shuts down and all i can do is just lay there and think about all…"}
{"tweet_id":841810699059896320,"created_unixtime":1489538285399,"created_time":"Wed Mar 15 00:38:05 +0000 2017","lang":"en","displayname":"sydneyalfano","time_zone":"","msg":"RT Uglypeopleunite THESE MAKE ME SO HAPPY https//tco/oTq0jg9Qy7"}
{"tweet_id":841810699932192768,"created_unixtime":1489538285607,"created_time":"Wed Mar 15 00:38:05 +0000 2017","lang":"en","displayname":"denying","time_zone":"","msg":"RT Vulnerable its so sad and frustrating when you try your hardest but people still dont find it good enough"}
{"tweet_id":841810699751981057,"created_unixtime":1489538285564,"created_time":"Wed Mar 15 00:38:05 +0000 2017","lang":"en","displayname":"aroyalxx","time_zone":"Eastern Time (US & Canada)","msg":"RT __akiraaajoy I promote bad decisions lol If it makes you happy DO IT Fuck that"}
{"tweet_id":841810699856764930,"created_unixtime":1489538285589,"created_time":"Wed Mar 15 00:38:05 +0000 2017","lang":"ja","displayname":"muumidou","time_zone":"Osaka","msg":"NYKのクズミンスカスが故郷リトアニアの独立記念日を祝って、クーズが作ったビデオ。クーズのファーストネーム、ミンダウガスは初代国王の名前と同じ。人気の名前だそう。リトアニアおめでとう、いつか行ってみたいね。https//tco/tI5tZl7iHS"}
{"tweet_id":841810699655516161,"created_unixtime":1489538285541,"created_time":"Wed Mar 15 00:38:05 +0000 2017","lang":"en","displayname":"NoNameRetweeter","time_zone":"","msg":"ohcoreyprice  SatchellDrakes In the two days theyve had to clarify their information  its makin me sad man… https//tco/eAvogq68Tj"}
{"tweet_id":841810700003622912,"created_unixtime":1489538285624,"created_time":"Wed Mar 15 00:38:05 +0000 2017","lang":"en","displayname":"gnomewizard","time_zone":"Indiana (East)","msg":"RT _Snape_ Happy PiDay https//tco/cI8NnnwW7o"}
{"tweet_id":841810700255285248,"created_unixtime":1489538285684,"created_time":"Wed Mar 15 00:38:05 +0000 2017","lang":"en","displayname":"awreoh","time_zone":"Urumqi","msg":"RT sobbed i hate getting so sad to the point where my body completely shuts down and all i can do is just lay there and think about all…"}
{"tweet_id":841810700414640129,"created_unixtime":1489538285722,"created_time":"Wed Mar 15 00:38:05 +0000 2017","lang":"en","displayname":"ok_jjoslyn","time_zone":"","msg":"Who else just honestly doesnt remember the last time they were truly happy😔 truth"}
{"tweet_id":841810700100067328,"created_unixtime":1489538285647,"created_time":"Wed Mar 15 00:38:05 +0000 2017","lang":"en","displayname":"dxhty","time_zone":"London","msg":"RT Stormzy1 Do what makes you happy mate"}
{"tweet_id":841810700804661248,"created_unixtime":1489538285815,"created_time":"Wed Mar 15 00:38:05 +0000 2017","lang":"en","displayname":"draksbond","time_zone":"","msg":"RT LkoPrem Rt__babu_72 Many many happy returns of the day Ankit 🙌🍫🎂 Have a great day and a wonderful year ahead God bless yo… "}
{"tweet_id":841810700783742976,"created_unixtime":1489538285810,"created_time":"Wed Mar 15 00:38:05 +0000 2017","lang":"en","displayname":"slythuga","time_zone":"Eastern Time (US & Canada)","msg":"☝🏾😂 RT AlexisAyaana I see PR and DR drama down my TL and Im just watching on the sidelines happy Im Panamanian https//tco/ZSc1Q2iq83"}
{"tweet_id":841810701039611904,"created_unixtime":1489538285871,"created_time":"Wed Mar 15 00:38:05 +0000 2017","lang":"en","displayname":"pitifuII","time_zone":"Eastern Time (US & Canada)","msg":"RT Vulnerable its so sad and frustrating when you try your hardest but people still dont find it good enough"}
{"tweet_id":841810701081575427,"created_unixtime":1489538285881,"created_time":"Wed Mar 15 00:38:05 +0000 2017","lang":"en","displayname":"uncarefuIIy","time_zone":"Central Time (US & Canada)","msg":"RT sobbed i hate getting so sad to the point where my body completely shuts down and all i can do is just lay there and think about all…"}
{"tweet_id":841810701169659904,"created_unixtime":1489538285902,"created_time":"Wed Mar 15 00:38:05 +0000 2017","lang":"en","displayname":"michellemrolfe","time_zone":"","msg":"Most people would probably be really upset with how unsweet my sweet tea from McDonald’s is… but it’s amazing and I love it and I’m so happy"}
{"tweet_id":841810701375180801,"created_unixtime":1489538285951,"created_time":"Wed Mar 15 00:38:05 +0000 2017","lang":"en","displayname":"TPau2017","time_zone":"","msg":"RT Rosie KimWeaverIA SteveKingIA  DONATED HAPPY TO SUPPORT YOU KIM GO GET HIM  TIME FOR CHANGE  RESIST "}
{"tweet_id":841810701370896385,"created_unixtime":1489538285950,"created_time":"Wed Mar 15 00:38:05 +0000 2017","lang":"en","displayname":"norainaz","time_zone":"","msg":"RT Habeebinamdar I wish she was this happy about washing dishes 😍😂😊😂 Keep smiling its sunnah 😂 https//tco/jFZrgoWTXH"}
{"tweet_id":841810701446438913,"created_unixtime":1489538285968,"created_time":"Wed Mar 15 00:38:05 +0000 2017","lang":"en","displayname":"foxthegoddess","time_zone":"Eastern Time (US & Canada)","msg":"Honestly so happy Im a Sexworker  I love My life I love My beautiful talented and inspiring friends I love My subsSo happy ❤"}
{"tweet_id":841810702016872448,"created_unixtime":1489538286104,"created_time":"Wed Mar 15 00:38:06 +0000 2017","lang":"en","displayname":"bIessly","time_zone":"Pacific Time (US & Canada)","msg":"RT Vulnerable its so sad and frustrating when you try your hardest but people still dont find it good enough"}
{"tweet_id":841810701459025921,"created_unixtime":1489538285971,"created_time":"Wed Mar 15 00:38:05 +0000 2017","lang":"en","displayname":"lyuliawati22","time_zone":"Pacific Time (US & Canada)","msg":"RT fantagiogroup [아스트로] 20170315 HAPPY BIRTHDAY JINJIN♥https//tco/V5gCN4Og73ASTRO JINJIN 진진 HAPPYJINJINDAY💕 https//tco/wheN9y…"}
{"tweet_id":841810702197219329,"created_unixtime":1489538286147,"created_time":"Wed Mar 15 00:38:06 +0000 2017","lang":"en","displayname":"Vaderoid1","time_zone":"Pacific Time (US & Canada)","msg":"RT HarrietBaldwin I concur https//tco/IK59S5l176"}
{"tweet_id":841810702448877572,"created_unixtime":1489538286207,"created_time":"Wed Mar 15 00:38:06 +0000 2017","lang":"en","displayname":"SwaggBrinson","time_zone":"","msg":"RT lnYourThoughts A private life is a happy life  💯💯💯🙌🏾"}
{"tweet_id":841810702125821952,"created_unixtime":1489538286130,"created_time":"Wed Mar 15 00:38:06 +0000 2017","lang":"en","displayname":"enndc","time_zone":"Pacific Time (US & Canada)","msg":"RT iKyleDion music turns me into a child at a candy store i get so lostso happy"}
{"tweet_id":841810702629199872,"created_unixtime":1489538286250,"created_time":"Wed Mar 15 00:38:06 +0000 2017","lang":"en","displayname":"biggjazzy","time_zone":"","msg":"RT TOASTOTHEGOD Its Sad When Ur Own Friends Hate On You"}
{"tweet_id":841810702994141185,"created_unixtime":1489538286337,"created_time":"Wed Mar 15 00:38:06 +0000 2017","lang":"en","displayname":"arianachanelb","time_zone":"Pacific Time (US & Canada)","msg":"RT itsSarahKhan this time last year i was so unbelievably unhappy and now a year later im the happiest ive ever been and that in itself…"}
{"tweet_id":841810701727350784,"created_unixtime":1489538286035,"created_time":"Wed Mar 15 00:38:06 +0000 2017","lang":"en","displayname":"buckybears","time_zone":"Jakarta","msg":"RT lostpanda Happy Pi day https//tco/tMJq9uUeRk"}
{"tweet_id":841810702969016320,"created_unixtime":1489538286331,"created_time":"Wed Mar 15 00:38:06 +0000 2017","lang":"en","displayname":"KittensWHearts","time_zone":"Pacific Time (US & Canada)","msg":"RT Vulnerable its so sad and frustrating when you try your hardest but people still dont find it good enough"}
{"tweet_id":841810703027707911,"created_unixtime":1489538286345,"created_time":"Wed Mar 15 00:38:06 +0000 2017","lang":"en","displayname":"mrkodiofficial","time_zone":"","msg":"RT head_melted Mutant hd 51 getting ready for some wookie_wizardry lite Happy days deks1969 https//tco/nWuDW2zXFy"}
{"tweet_id":841810702427918342,"created_unixtime":1489538286202,"created_time":"Wed Mar 15 00:38:06 +0000 2017","lang":"en","displayname":"vanessacartes","time_zone":"Quito","msg":"RT michaelarchived look how incredibly happy he is i hope hes always smiling https//tco/wn2lZg1kbf"}
{"tweet_id":841810702243307520,"created_unixtime":1489538286158,"created_time":"Wed Mar 15 00:38:06 +0000 2017","lang":"en","displayname":"itsbloodypurple","time_zone":"Pacific Time (US & Canada)","msg":"RT LGLYNY Awwww What a happy birthday to me Just in time 😭💚4DaysTo AlwaysJaDineUSAFinalGrindForMYX https//tco/Ly3LmbbylD"}
{"tweet_id":841810702910271489,"created_unixtime":1489538286317,"created_time":"Wed Mar 15 00:38:06 +0000 2017","lang":"en","displayname":"loveamystery","time_zone":"Arizona","msg":"RT TXGirl523 loveamystery LOL Yes its fantastic So happy to have a couple to be excited about again Yay Friz"}
{"tweet_id":841810703073845248,"created_unixtime":1489538286356,"created_time":"Wed Mar 15 00:38:06 +0000 2017","lang":"en","displayname":"Joyce_Marie98","time_zone":"","msg":"RT GirlfriendNotes THIS MAKES MY HEART HAPPY https//tco/IZpkAYkC7I"}
{"tweet_id":841810702935441408,"created_unixtime":1489538286323,"created_time":"Wed Mar 15 00:38:06 +0000 2017","lang":"en","displayname":"amanndawilliams","time_zone":"Eastern Time (US & Canada)","msg":"RT preaching if youre happy with someone forget about what everyone else says"}
{"tweet_id":841810702868307968,"created_unixtime":1489538286307,"created_time":"Wed Mar 15 00:38:06 +0000 2017","lang":"en","displayname":"amandanorwig","time_zone":"Central Time (US & Canada)","msg":"So sad to hear about the passing of kohlthepenguin He was 28 years old and was one of the coolest ambassadors for penguins in the wild"}
{"tweet_id":841810703472287746,"created_unixtime":1489538286451,"created_time":"Wed Mar 15 00:38:06 +0000 2017","lang":"en","displayname":"MattLane1990","time_zone":"London","msg":"RT ChelseaChadder Happy birthday to FormerBlue Nicolas Anelka who turns 38 today CFC Chelsea https//tco/upPHJKp1Pb"}
{"tweet_id":841810702906097667,"created_unixtime":1489538286316,"created_time":"Wed Mar 15 00:38:06 +0000 2017","lang":"en","displayname":"nathisteffa","time_zone":"Mid-Atlantic","msg":"RT warriors DubNation please join us in wishing StephenCurry30 a very Happy Birthday 🎈 https//tco/cByjiIEk25"}
{"tweet_id":841810703149355010,"created_unixtime":1489538286374,"created_time":"Wed Mar 15 00:38:06 +0000 2017","lang":"en","displayname":"Raju8943","time_zone":"","msg":"RT Gurmeetramrahim MSGwishesToArmedForces Jai Hind amp Happy Holi to the courageous Armed Forces who valiantly defend the honor of http…"}
{"tweet_id":841810703405207553,"created_unixtime":1489538286435,"created_time":"Wed Mar 15 00:38:06 +0000 2017","lang":"en","displayname":"livelikedes","time_zone":"Pacific Time (US & Canada)","msg":"RT Parajae__ He knows just how to keep me happy ❤️ https//tco/g68jrAklVv"}
{"tweet_id":841810703912595456,"created_unixtime":1489538286556,"created_time":"Wed Mar 15 00:38:06 +0000 2017","lang":"en","displayname":"YungChedda88","time_zone":"","msg":"partikachu bolgnaslut I KNOW IM HELLA SAD AND ITS IRONIC CUS IM WEARIN MY FREE KARL SHIRT RN"}
{"tweet_id":841810702830579716,"created_unixtime":1489538286298,"created_time":"Wed Mar 15 00:38:06 +0000 2017","lang":"en","displayname":"zpaigev","time_zone":"","msg":"Im very happy and excited to announce that me and alexwalker99 are engaged💍👩‍❤️‍👩"}
{"tweet_id":841810704210526208,"created_unixtime":1489538286627,"created_time":"Wed Mar 15 00:38:06 +0000 2017","lang":"en","displayname":"jessdiaz0210","time_zone":"Pacific Time (US & Canada)","msg":"RT _queenliv__ the sad truth😕 https//tco/Jsq2dijWmZ"}
{"tweet_id":841810704189513728,"created_unixtime":1489538286622,"created_time":"Wed Mar 15 00:38:06 +0000 2017","lang":"es","displayname":"luisgermanotta_","time_zone":"Madrid","msg":"No tengo palabras https//tco/nXfCDKqxCw"}
{"tweet_id":841810702235009025,"created_unixtime":1489538286156,"created_time":"Wed Mar 15 00:38:06 +0000 2017","lang":"en","displayname":"Unimagined_Mind","time_zone":"","msg":"RT sobbed i hate getting so sad to the point where my body completely shuts down and all i can do is just lay there and think about all…"}
{"tweet_id":841810704805969920,"created_unixtime":1489538286769,"created_time":"Wed Mar 15 00:38:06 +0000 2017","lang":"en","displayname":"leahjoelly","time_zone":"","msg":"RT helengabiii Getting very sad about graduating in a month 😭"}
{"tweet_id":841810704998965248,"created_unixtime":1489538286815,"created_time":"Wed Mar 15 00:38:06 +0000 2017","lang":"en","displayname":"midnitedeluxe","time_zone":"Pacific Time (US & Canada)","msg":"RT Juggie_is_smal WriterRAS CW_Riverdale   Riverdale has made me so happy with the bughead relationship Showing a relationship th… "}
{"tweet_id":841810704713801729,"created_unixtime":1489538286747,"created_time":"Wed Mar 15 00:38:06 +0000 2017","lang":"en","displayname":"SchaefferZoe","time_zone":"","msg":"RT myacopelandd HAPPY 17th ZOE ily❤ SchaefferZoe https//tco/lEoFyUrFcb"}
{"tweet_id":841810704248242176,"created_unixtime":1489538286636,"created_time":"Wed Mar 15 00:38:06 +0000 2017","lang":"en","displayname":"peyxo_","time_zone":"","msg":"RT onhrperiod Someone When was the last time u were truly happyMe https//tco/X19DvShlfV"}
{"tweet_id":841810705129082880,"created_unixtime":1489538286846,"created_time":"Wed Mar 15 00:38:06 +0000 2017","lang":"en","displayname":"decia82","time_zone":"","msg":"RT thesecret The whole point of life is to have fun to seek happiness to be happy That is your one and only purpose in life"}
{"tweet_id":841810704801902593,"created_unixtime":1489538286768,"created_time":"Wed Mar 15 00:38:06 +0000 2017","lang":"en","displayname":"coIeactivity","time_zone":"","msg":"RT Vulnerable its so sad and frustrating when you try your hardest but people still dont find it good enough"}
{"tweet_id":841810705288441856,"created_unixtime":1489538286884,"created_time":"Wed Mar 15 00:38:06 +0000 2017","lang":"en","displayname":"Ditchful","time_zone":"Arizona","msg":"RT sobbed i hate getting so sad to the point where my body completely shuts down and all i can do is just lay there and think about all…"}
{"tweet_id":841810705657548800,"created_unixtime":1489538286972,"created_time":"Wed Mar 15 00:38:06 +0000 2017","lang":"en","displayname":"xochanceraps","time_zone":"Muscat","msg":"RT sobbed do you ever feel ok but your sad at the same time you just want to talk to someone and hug them but you feel annoying so you ju…"}
{"tweet_id":841810705422651392,"created_unixtime":1489538286916,"created_time":"Wed Mar 15 00:38:06 +0000 2017","lang":"en","displayname":"PettymusPrime","time_zone":"","msg":"RT FrenchE_Montana Free99 https//tco/5chnJSQ5vO"}
{"tweet_id":841810705833697280,"created_unixtime":1489538287014,"created_time":"Wed Mar 15 00:38:07 +0000 2017","lang":"en","displayname":"Lady_janelle13","time_zone":"","msg":"RT WLJD_Alabang Happy 3rd Anniversary JaDines💜💜💜LetOurPurpleHeartsShineAt3"}
{"tweet_id":841810706068578304,"created_unixtime":1489538287070,"created_time":"Wed Mar 15 00:38:07 +0000 2017","lang":"en","displayname":"miafiumaraa","time_zone":"","msg":"also today is March 14 aka my fake IDs birthday so wish me a happy 22nd please 😊 got it Alli"}
{"tweet_id":841810706014076928,"created_unixtime":1489538287057,"created_time":"Wed Mar 15 00:38:07 +0000 2017","lang":"en","displayname":"Jeremy_Toner","time_zone":"Central Time (US & Canada)","msg":"2005 Fake news Sad https//tco/hXCYlVPEnc"}
{"tweet_id":841810706332811264,"created_unixtime":1489538287133,"created_time":"Wed Mar 15 00:38:07 +0000 2017","lang":"en","displayname":"tbheasy","time_zone":"Pacific Time (US & Canada)","msg":"RT sobbed i hate getting so sad to the point where my body completely shuts down and all i can do is just lay there and think about all…"}
{"tweet_id":841810706525786112,"created_unixtime":1489538287179,"created_time":"Wed Mar 15 00:38:07 +0000 2017","lang":"en","displayname":"Pourful","time_zone":"","msg":"RT sobbed do you ever feel ok but your sad at the same time you just want to talk to someone and hug them but you feel annoying so you ju…"}
{"tweet_id":841810706425077760,"created_unixtime":1489538287155,"created_time":"Wed Mar 15 00:38:07 +0000 2017","lang":"en","displayname":"TropALDUBCAVITE","time_zone":"Pacific Time (US & Canada)","msg":"TropALDUB ALDUBHashtagSQ yodabuda AlDubBigBoyz OFCALDubKoTo imcr8d4u Happy tweetingALDUBxDTBYTugOfHearts"}
{"tweet_id":841810706911629312,"created_unixtime":1489538287271,"created_time":"Wed Mar 15 00:38:07 +0000 2017","lang":"en","displayname":"AltRightReport","time_zone":"Pacific Time (US & Canada)","msg":"RT RichardBSpencer ThaRightStuff It was at their second party after CPAC Someone defended me and Cerno turned into a Gorilla Had to…"}
{"tweet_id":841810706957754368,"created_unixtime":1489538287282,"created_time":"Wed Mar 15 00:38:07 +0000 2017","lang":"en","displayname":"MetrroBoomin","time_zone":"Pacific Time (US & Canada)","msg":"RT Vulnerable its so sad and frustrating when you try your hardest but people still dont find it good enough"}
{"tweet_id":841810706504736768,"created_unixtime":1489538287174,"created_time":"Wed Mar 15 00:38:07 +0000 2017","lang":"ja","displayname":"kaomama0619","time_zone":"","msg":"RT jsb3_official そして、JSB LOVEhttps//tco/74gDJ5N3KV三代目の歴史が詰まった映像配信中！！！ https//tco/JWW7oLoDnN"}
{"tweet_id":841810706794221569,"created_unixtime":1489538287243,"created_time":"Wed Mar 15 00:38:07 +0000 2017","lang":"en","displayname":"_nasx","time_zone":"London","msg":"RT Stormzy1 Do what makes you happy mate"}
{"tweet_id":841810707603570689,"created_unixtime":1489538287436,"created_time":"Wed Mar 15 00:38:07 +0000 2017","lang":"ja","displayname":"_Xx_093_tt","time_zone":"","msg":"RT __112761 ㅤ  EXO  Chinayeol           Happy Virus            君 にも 必要じゃない   RTしたbotとペンを迎えにいく   RTしたnrさんで気になった人お迎え… "}
{"tweet_id":841810707461083136,"created_unixtime":1489538287402,"created_time":"Wed Mar 15 00:38:07 +0000 2017","lang":"en","displayname":"MyRealVibes","time_zone":"Eastern Time (US & Canada)","msg":"RT sobbed do you ever feel ok but your sad at the same time you just want to talk to someone and hug them but you feel annoying so you ju…"}
{"tweet_id":841810707637137408,"created_unixtime":1489538287444,"created_time":"Wed Mar 15 00:38:07 +0000 2017","lang":"en","displayname":"lmstillvarado","time_zone":"","msg":"This man takes my breath away causes my heart to skip a happy beat If we had the chance to do… https//tco/z826AtQpZj"}
{"tweet_id":841810707876319233,"created_unixtime":1489538287501,"created_time":"Wed Mar 15 00:38:07 +0000 2017","lang":"en","displayname":"troyeactivity","time_zone":"","msg":"RT sobbed i hate getting so sad to the point where my body completely shuts down and all i can do is just lay there and think about all…"}
{"tweet_id":841810707960213504,"created_unixtime":1489538287521,"created_time":"Wed Mar 15 00:38:07 +0000 2017","lang":"en","displayname":"lmjsdainty","time_zone":"Pacific Time (US & Canada)","msg":"RT LaurenJauregui ConnorFranta so sad I missed you babe😭 youre amazing and thankyou❤️❤️"}
{"tweet_id":841810707733716992,"created_unixtime":1489538287467,"created_time":"Wed Mar 15 00:38:07 +0000 2017","lang":"en","displayname":"JeonSugaKookies","time_zone":"","msg":"RT jimindaisies his laugh is so freaking beautiful I just want to keep him happy yoongi deserves pure happiness https//tco/cRXV6BYWYw"}
{"tweet_id":841810707867934720,"created_unixtime":1489538287499,"created_time":"Wed Mar 15 00:38:07 +0000 2017","lang":"en","displayname":"LSDTribe","time_zone":"Eastern Time (US & Canada)","msg":"RT Vulnerable its so sad and frustrating when you try your hardest but people still dont find it good enough"}
{"tweet_id":841810707880411136,"created_unixtime":1489538287502,"created_time":"Wed Mar 15 00:38:07 +0000 2017","lang":"en","displayname":"virgalleg","time_zone":"","msg":"RT NASA Its PiDay It may be irrational but pi plays an important role in the work of scientists at NASA… "}
{"tweet_id":841810708232777728,"created_unixtime":1489538287586,"created_time":"Wed Mar 15 00:38:07 +0000 2017","lang":"ja","displayname":"ninestar69","time_zone":"","msg":"RT shige5131 Happy Birthday♡ うみちゃん！うみちゃんと出会えて本当に良かった園田海未生誕祭2017 3月15日は園田海未の誕生日  祝う人RT RTした人全員フォローする https//tco/1FBYETFK7O"}
{"tweet_id":841810708098506752,"created_unixtime":1489538287554,"created_time":"Wed Mar 15 00:38:07 +0000 2017","lang":"en","displayname":"vixxleokennn","time_zone":"","msg":"RT ViXXL0v3r 2016 amp 2017Happy White Day 🌟 VIXX neverendinglove 💕 https//tco/sKrTBm7VjZ"}
{"tweet_id":841810708392099840,"created_unixtime":1489538287624,"created_time":"Wed Mar 15 00:38:07 +0000 2017","lang":"en","displayname":"adeleyn2017","time_zone":"Central Time (US & Canada)","msg":"RT TheFemaIeBible Someone When was the last time u were truly happyMe https//tco/V5H4CHzDxs"}
{"tweet_id":841810708258013185,"created_unixtime":1489538287592,"created_time":"Wed Mar 15 00:38:07 +0000 2017","lang":"en","displayname":"Athlete_Dream_","time_zone":"Eastern Time (US & Canada)","msg":"RT sobbed do you ever feel ok but your sad at the same time you just want to talk to someone and hug them but you feel annoying so you ju…"}
{"tweet_id":841810708224450561,"created_unixtime":1489538287584,"created_time":"Wed Mar 15 00:38:07 +0000 2017","lang":"und","displayname":"dave31_sam","time_zone":"Pacific Time (US & Canada)","msg":"RT BiafrXit EmekaGift https//tco/B6doF7068P https//tco/leMafWUOjf"}
{"tweet_id":841810706714505216,"created_unixtime":1489538287224,"created_time":"Wed Mar 15 00:38:07 +0000 2017","lang":"en","displayname":"IamOFFDACHAIN","time_zone":"Eastern Time (US & Canada)","msg":"MoStacksBirdies Born2stack as a father of 4 girls we all wish you a happy birthday GirlPower https//tco/1r99z73eVw"}
{"tweet_id":841810708455124997,"created_unixtime":1489538287639,"created_time":"Wed Mar 15 00:38:07 +0000 2017","lang":"en","displayname":"lameliquor","time_zone":"Central Time (US & Canada)","msg":"RT pugmom4evr forever listening to sad music bc I love suffering"}
{"tweet_id":841810708367069185,"created_unixtime":1489538287618,"created_time":"Wed Mar 15 00:38:07 +0000 2017","lang":"en","displayname":"FlowzBoogy","time_zone":"","msg":"Im miserable but pretending to be happy"}
{"tweet_id":841810708799008769,"created_unixtime":1489538287721,"created_time":"Wed Mar 15 00:38:07 +0000 2017","lang":"und","displayname":"Miss_Adelyn","time_zone":"","msg":"RT stlrcmh Miss_Adelyn https//tco/gvnVXI0810"}
{"tweet_id":841810708887134210,"created_unixtime":1489538287742,"created_time":"Wed Mar 15 00:38:07 +0000 2017","lang":"fr","displayname":"ismaelyAnn","time_zone":"Casablanca","msg":"Cette année a happy run les gens qui vont faire les anciens avec des Lan passée la poudre était plus sucrésalé gnin gnin gnin mercon😒"}
{"tweet_id":841810708975243265,"created_unixtime":1489538287763,"created_time":"Wed Mar 15 00:38:07 +0000 2017","lang":"en","displayname":"pmendyyy","time_zone":"Central Time (US & Canada)","msg":"Happy birthday u perfect human Hope youve had a perfect day and have an even more perfect night💗🎉 GracWalker"}
{"tweet_id":841810708589379584,"created_unixtime":1489538287671,"created_time":"Wed Mar 15 00:38:07 +0000 2017","lang":"es","displayname":"Flo2814","time_zone":"Amsterdam","msg":"labueenavida si sad"}
{"tweet_id":841810708966866945,"created_unixtime":1489538287761,"created_time":"Wed Mar 15 00:38:07 +0000 2017","lang":"en","displayname":"shawtygirI","time_zone":"Eastern Time (US & Canada)","msg":"RT sobbed i hate getting so sad to the point where my body completely shuts down and all i can do is just lay there and think about all…"}
{"tweet_id":841810709310656512,"created_unixtime":1489538287843,"created_time":"Wed Mar 15 00:38:07 +0000 2017","lang":"en","displayname":"fonticulus","time_zone":"Pacific Time (US & Canada)","msg":"RT kashanacauley Weve all set a world record for how happy anyone can be when thinking about tax returns"}
{"tweet_id":841810709478535168,"created_unixtime":1489538287883,"created_time":"Wed Mar 15 00:38:07 +0000 2017","lang":"en","displayname":"chill4will","time_zone":"Eastern Time (US & Canada)","msg":"My 7 year old son just asked me Daddy why are the Knicks always losing Sad day when you have no answers to give your kids"}
{"tweet_id":841810709537251328,"created_unixtime":1489538287897,"created_time":"Wed Mar 15 00:38:07 +0000 2017","lang":"en","displayname":"nicolet2003","time_zone":"","msg":"RT FruitCup94 Happy PiDay D https//tco/BCF37TQXtw"}
{"tweet_id":841810709298196481,"created_unixtime":1489538287840,"created_time":"Wed Mar 15 00:38:07 +0000 2017","lang":"en","displayname":"_FatimahAliyyah","time_zone":"","msg":"RT D_Deji28 Do you guys know why he was killed A girl lied that he raped her and her brother shot him dead https//tco/IWDVDZp3rz"}
{"tweet_id":841810681951358976,"created_unixtime":1489538281320,"created_time":"Wed Mar 15 00:38:01 +0000 2017","lang":"en","displayname":"Coach_Amann","time_zone":"Eastern Time (US & Canada)","msg":"RT Simone_Biles happy birthday to all the march 14th babies  🖤"}
{"tweet_id":841810709033951232,"created_unixtime":1489538287777,"created_time":"Wed Mar 15 00:38:07 +0000 2017","lang":"en","displayname":"TheFBIife","time_zone":"Central Time (US & Canada)","msg":"RT sobbed do you ever feel ok but your sad at the same time you just want to talk to someone and hug them but you feel annoying so you ju…"}
{"tweet_id":841810709839282176,"created_unixtime":1489538287969,"created_time":"Wed Mar 15 00:38:07 +0000 2017","lang":"en","displayname":"soIute","time_zone":"Mazatlan","msg":"RT Vulnerable its so sad and frustrating when you try your hardest but people still dont find it good enough"}
{"tweet_id":841810710090792960,"created_unixtime":1489538288029,"created_time":"Wed Mar 15 00:38:08 +0000 2017","lang":"en","displayname":"Ploy_ZYX1007","time_zone":"Pacific Time (US & Canada)","msg":"RT layshands 170314 Happy Camp weibo updateNo shirt collar is safe from DIY master Zhang Yixing 😂 https//tco/2tyUEyOlP3"}
{"tweet_id":841810709851828225,"created_unixtime":1489538287972,"created_time":"Wed Mar 15 00:38:07 +0000 2017","lang":"en","displayname":"mrjamesmack","time_zone":"London","msg":"St_Anderson38 Im happy with where we are just not going to get too excited about day to day results in theory"}
{"tweet_id":841810709856038918,"created_unixtime":1489538287973,"created_time":"Wed Mar 15 00:38:07 +0000 2017","lang":"en","displayname":"sexuaItouch","time_zone":"Pacific Time (US & Canada)","msg":"RT sobbed i hate getting so sad to the point where my body completely shuts down and all i can do is just lay there and think about all…"}
{"tweet_id":841810710040567808,"created_unixtime":1489538288017,"created_time":"Wed Mar 15 00:38:08 +0000 2017","lang":"en","displayname":"thewealthie","time_zone":"Eastern Time (US & Canada)","msg":"RT sobbed do you ever feel ok but your sad at the same time you just want to talk to someone and hug them but you feel annoying so you ju…"}
{"tweet_id":841810710418006016,"created_unixtime":1489538288107,"created_time":"Wed Mar 15 00:38:08 +0000 2017","lang":"en","displayname":"kogila301177","time_zone":"","msg":"RT Anirudh_Online Happy Holi Day🎉🎉anirudhofficial AndAnirudhians 🙋🙋 https//tco/qvsdYpEtiA"}
{"tweet_id":841810710388703232,"created_unixtime":1489538288100,"created_time":"Wed Mar 15 00:38:08 +0000 2017","lang":"en","displayname":"Chloedilworth98","time_zone":"","msg":"RT ScottGShore Had about 10 steaks today already and my knobs sore Happy steak and blowjob day everyone"}
{"tweet_id":841810708987826176,"created_unixtime":1489538287766,"created_time":"Wed Mar 15 00:38:07 +0000 2017","lang":"en","displayname":"paigeeoo","time_zone":"Helsinki","msg":"RT Simone_Biles eeeeppppp yes 😘 thanks sydney https//tco/I8GH7SIs6k"}
{"tweet_id":841810710590042112,"created_unixtime":1489538288148,"created_time":"Wed Mar 15 00:38:08 +0000 2017","lang":"en","displayname":"LetemKnow_7","time_zone":"","msg":"Africa_is_fly maddow what if she has them but aint nothing we suspected in it haha then its sad"}
{"tweet_id":841810708169805824,"created_unixtime":1489538287571,"created_time":"Wed Mar 15 00:38:07 +0000 2017","lang":"en","displayname":"Lewsk_","time_zone":"","msg":"Happy birthday Kathy I love you hope you had a great day Youre18 and grown now kathayrina https//tco/zdrVRFQ8sU"}
{"tweet_id":841810710631976961,"created_unixtime":1489538288158,"created_time":"Wed Mar 15 00:38:08 +0000 2017","lang":"en","displayname":"Shawtyfeels","time_zone":"Pacific Time (US & Canada)","msg":"RT Vulnerable its so sad and frustrating when you try your hardest but people still dont find it good enough"}
{"tweet_id":841810710925570048,"created_unixtime":1489538288228,"created_time":"Wed Mar 15 00:38:08 +0000 2017","lang":"en","displayname":"Athleetes_","time_zone":"Tijuana","msg":"RT sobbed do you ever feel ok but your sad at the same time you just want to talk to someone and hug them but you feel annoying so you ju…"}
{"tweet_id":841810710812336128,"created_unixtime":1489538288201,"created_time":"Wed Mar 15 00:38:08 +0000 2017","lang":"en","displayname":"natforestky","time_zone":"","msg":"JackWess88 happy birthday ginger beard"}
{"tweet_id":841810710384504832,"created_unixtime":1489538288099,"created_time":"Wed Mar 15 00:38:08 +0000 2017","lang":"en","displayname":"MostHatedGent","time_zone":"Mountain Time (US & Canada)","msg":"RT a1fbgmn every girl just wanna be genuinely happy not confused not irritated not slept on not taken advantage of just happy my g "}
{"tweet_id":841810707427532801,"created_unixtime":1489538287394,"created_time":"Wed Mar 15 00:38:07 +0000 2017","lang":"en","displayname":"_sophiepollard","time_zone":"Pacific Time (US & Canada)","msg":"RT preaching my main focus is to better myself be successful and be happy so if you arent contributing to that then i dont need you i…"}
{"tweet_id":841810711852507137,"created_unixtime":1489538288449,"created_time":"Wed Mar 15 00:38:08 +0000 2017","lang":"en","displayname":"SIamBall","time_zone":"Central Time (US & Canada)","msg":"RT sobbed do you ever feel ok but your sad at the same time you just want to talk to someone and hug them but you feel annoying so you ju…"}
{"tweet_id":841810712037023744,"created_unixtime":1489538288493,"created_time":"Wed Mar 15 00:38:08 +0000 2017","lang":"en","displayname":"parisgodfrey","time_zone":"Arizona","msg":"RT CultureFUBU Happy Birthday Merlin SantanaRIP https//tco/0K4quO4M5g"}
{"tweet_id":841810711563100160,"created_unixtime":1489538288380,"created_time":"Wed Mar 15 00:38:08 +0000 2017","lang":"en","displayname":"MacBibIe","time_zone":"Pacific Time (US & Canada)","msg":"RT sobbed i hate getting so sad to the point where my body completely shuts down and all i can do is just lay there and think about all…"}
{"tweet_id":841810712234201088,"created_unixtime":1489538288540,"created_time":"Wed Mar 15 00:38:08 +0000 2017","lang":"en","displayname":"TadeIbrahim","time_zone":"","msg":"RT AllahGreatQuran May Allah keep you safe well and always happy May tears of sorrow never touch your eyes and may He never let a smile…"}
{"tweet_id":841810712070615040,"created_unixtime":1489538288501,"created_time":"Wed Mar 15 00:38:08 +0000 2017","lang":"en","displayname":"ericabgale","time_zone":"Eastern Time (US & Canada)","msg":"RT XLNB The corrupt media and failing Rachel Maddow desperate Anything to stop us from Making America Great Again Fake… "}
{"tweet_id":841810712754290688,"created_unixtime":1489538288664,"created_time":"Wed Mar 15 00:38:08 +0000 2017","lang":"en","displayname":"StvnningCars","time_zone":"Eastern Time (US & Canada)","msg":"RT sobbed do you ever feel ok but your sad at the same time you just want to talk to someone and hug them but you feel annoying so you ju…"}
{"tweet_id":841810712678682624,"created_unixtime":1489538288646,"created_time":"Wed Mar 15 00:38:08 +0000 2017","lang":"en","displayname":"taegukkei","time_zone":"Tokyo","msg":"RT talctic im happy if theyre happy https//tco/RCyHsLUc6q"}
{"tweet_id":841810713031012352,"created_unixtime":1489538288730,"created_time":"Wed Mar 15 00:38:08 +0000 2017","lang":"en","displayname":"toddferguson52","time_zone":"Mountain Time (US & Canada)","msg":"Happy Birthday babe wholedamncake chocoholic… https//tco/9pAnwruv0y"}
{"tweet_id":841810713131679744,"created_unixtime":1489538288754,"created_time":"Wed Mar 15 00:38:08 +0000 2017","lang":"en","displayname":"AlecTovar","time_zone":"","msg":"Happy Birthday 🍻 Bernierayz"}
{"tweet_id":841810713152765952,"created_unixtime":1489538288759,"created_time":"Wed Mar 15 00:38:08 +0000 2017","lang":"en","displayname":"PowellJames4","time_zone":"","msg":"RT sobbed why are you sadi dont knowno reasonoh no there are plenty of reasons im just not really sure which one it is thi…"}
{"tweet_id":841810713337253888,"created_unixtime":1489538288803,"created_time":"Wed Mar 15 00:38:08 +0000 2017","lang":"en","displayname":"chainIessly","time_zone":"Arizona","msg":"RT sobbed i hate getting so sad to the point where my body completely shuts down and all i can do is just lay there and think about all…"}
{"tweet_id":841810712951369729,"created_unixtime":1489538288711,"created_time":"Wed Mar 15 00:38:08 +0000 2017","lang":"en","displayname":"itschloepojas","time_zone":"Pacific Time (US & Canada)","msg":"HAPPY WEDNESDAY https//tco/vrA0rVISt7"}
{"tweet_id":841810712611680256,"created_unixtime":1489538288630,"created_time":"Wed Mar 15 00:38:08 +0000 2017","lang":"en","displayname":"SailorPink","time_zone":"Atlantic Time (Canada)","msg":"RT JustinTrudeau Happy PiDay Our government is committed to supporting science amp innovation for a stronger Canada And pie for a tasti…"}
{"tweet_id":841810713169534976,"created_unixtime":1489538288763,"created_time":"Wed Mar 15 00:38:08 +0000 2017","lang":"en","displayname":"sidebae","time_zone":"Eastern Time (US & Canada)","msg":"RT Vulnerable its so sad and frustrating when you try your hardest but people still dont find it good enough"}
{"tweet_id":841810712649424896,"created_unixtime":1489538288639,"created_time":"Wed Mar 15 00:38:08 +0000 2017","lang":"en","displayname":"dave31_sam","time_zone":"Pacific Time (US & Canada)","msg":"RT EgesimbaP EmekaGift happy birthday to you Chukwu Okike Abiama will answer all your prayers Iseeee"}
{"tweet_id":841810713324670976,"created_unixtime":1489538288800,"created_time":"Wed Mar 15 00:38:08 +0000 2017","lang":"en","displayname":"HCagampang","time_zone":"","msg":"RT anapinuela Good Morning LQ FandomTheLQHeraldLaunch no nega just positive to stay happy"}
{"tweet_id":841810713282764800,"created_unixtime":1489538288790,"created_time":"Wed Mar 15 00:38:08 +0000 2017","lang":"en","displayname":"clootch_CS","time_zone":"Pacific Time (US & Canada)","msg":"Happy to work with Dot Esports though its sad to move on from GAMURS who took me on inexperienced Good luck to all Ive met this journey"}
{"tweet_id":841810713110839297,"created_unixtime":1489538288749,"created_time":"Wed Mar 15 00:38:08 +0000 2017","lang":"en","displayname":"AlyssaDimauro","time_zone":"","msg":"RT _Cluxton Happy birthday Alyssa Hope your weekend is litttttt 🎊🎊🎉🎉🛀🏽 AlyssaDimauro https//tco/0SRUuL50XF"}
{"tweet_id":841810710489374720,"created_unixtime":1489538288124,"created_time":"Wed Mar 15 00:38:08 +0000 2017","lang":"en","displayname":"Pritioddfuture","time_zone":"Eastern Time (US & Canada)","msg":"RT itsSarahKhan this time last year i was so unbelievably unhappy and now a year later im the happiest ive ever been and that in itself…"}
{"tweet_id":841810713714778112,"created_unixtime":1489538288893,"created_time":"Wed Mar 15 00:38:08 +0000 2017","lang":"en","displayname":"ATHLlFE","time_zone":"Pacific Time (US & Canada)","msg":"RT sobbed do you ever feel ok but your sad at the same time you just want to talk to someone and hug them but you feel annoying so you ju…"}
{"tweet_id":841810713970642944,"created_unixtime":1489538288954,"created_time":"Wed Mar 15 00:38:08 +0000 2017","lang":"en","displayname":"bigpersonb","time_zone":"","msg":"RT MelsWardrobe I thank God that Im never too sad or angry about anything for too long"}
{"tweet_id":841810714335428608,"created_unixtime":1489538289041,"created_time":"Wed Mar 15 00:38:09 +0000 2017","lang":"en","displayname":"pplsummit","time_zone":"Pacific Time (US & Canada)","msg":"RT RoseAnnDeMoro Happy Pi Day PiDay resist https//tco/WtRwHPsSL2"}
{"tweet_id":841810714079690752,"created_unixtime":1489538288980,"created_time":"Wed Mar 15 00:38:08 +0000 2017","lang":"en","displayname":"ArtfuIist","time_zone":"","msg":"RT Vulnerable its so sad and frustrating when you try your hardest but people still dont find it good enough"}
{"tweet_id":841810714373304324,"created_unixtime":1489538289050,"created_time":"Wed Mar 15 00:38:09 +0000 2017","lang":"en","displayname":"vesselkjellberg","time_zone":"","msg":"RT ArianaGrande Happy birthday to two of the most ingeniously creative hilarious soulful and kind human beings… https//tco/thsphIQ3IQ"}
{"tweet_id":841810714339737602,"created_unixtime":1489538289042,"created_time":"Wed Mar 15 00:38:09 +0000 2017","lang":"en","displayname":"brysontillre","time_zone":"","msg":"RT sobbed i hate getting so sad to the point where my body completely shuts down and all i can do is just lay there and think about all…"}
{"tweet_id":841810714385874944,"created_unixtime":1489538289053,"created_time":"Wed Mar 15 00:38:09 +0000 2017","lang":"en","displayname":"MaryThereseM","time_zone":"","msg":"lmstroupe happy birthday💓"}
{"tweet_id":841810714461384705,"created_unixtime":1489538289071,"created_time":"Wed Mar 15 00:38:09 +0000 2017","lang":"en","displayname":"SuzanneVara","time_zone":"Eastern Time (US & Canada)","msg":"dtmfr good evening I am shoveled out Buddy is happy we live in NJ as no school again tomorrow Poor NYC kids  school"}
{"tweet_id":841810714654318592,"created_unixtime":1489538289117,"created_time":"Wed Mar 15 00:38:09 +0000 2017","lang":"en","displayname":"ImFakeSilentok","time_zone":"Pacific Time (US & Canada)","msg":"M4J_YT Im late happy birthday 🎂"}
{"tweet_id":841810714423656448,"created_unixtime":1489538289062,"created_time":"Wed Mar 15 00:38:09 +0000 2017","lang":"en","displayname":"itswendawg","time_zone":"Eastern Time (US & Canada)","msg":"RT thesmallperson_ Yall really happy about a two hour delay Im about to square up"}
{"tweet_id":841810714956292098,"created_unixtime":1489538289189,"created_time":"Wed Mar 15 00:38:09 +0000 2017","lang":"en","displayname":"AdidasGrid","time_zone":"Pacific Time (US & Canada)","msg":"RT sobbed do you ever feel ok but your sad at the same time you just want to talk to someone and hug them but you feel annoying so you ju…"}
{"tweet_id":841810715098898432,"created_unixtime":1489538289223,"created_time":"Wed Mar 15 00:38:09 +0000 2017","lang":"en","displayname":"_emma_kenny","time_zone":"","msg":"Happy 314"}
{"tweet_id":841810715576946688,"created_unixtime":1489538289337,"created_time":"Wed Mar 15 00:38:09 +0000 2017","lang":"en","displayname":"withLuv_MayWard","time_zone":"","msg":"RT lucyliciousmith Edward So happy to be here MBMayWard"}
{"tweet_id":841810715463712768,"created_unixtime":1489538289310,"created_time":"Wed Mar 15 00:38:09 +0000 2017","lang":"tl","displayname":"SuperGiannnn","time_zone":"Pacific Time (US & Canada)","msg":"RT MaichardManila kayo na kayo na talaga ang HAPPY BANANAS 😂😂😂  pati saging destiny rin 😂😂🍌🍌🍌🍌aldenrichards02 mainedcm… "}
{"tweet_id":841810715174440962,"created_unixtime":1489538289241,"created_time":"Wed Mar 15 00:38:09 +0000 2017","lang":"en","displayname":"KylaRowan1","time_zone":"Atlantic Time (Canada)","msg":"RT AmaziingPuppies Happy dog getting picked up at daycare  https//tco/VAKBpd8Yqi"}
{"tweet_id":841810715010830336,"created_unixtime":1489538289202,"created_time":"Wed Mar 15 00:38:09 +0000 2017","lang":"en","displayname":"simplyrachel17","time_zone":"Pacific Time (US & Canada)","msg":"RT markjackfordays Im rewatching the video so much and Mark plopping his head on my shoulder has me so shook makdnskbsis Im so happy ht…"}
{"tweet_id":841810715732246528,"created_unixtime":1489538289374,"created_time":"Wed Mar 15 00:38:09 +0000 2017","lang":"en","displayname":"kelticman46","time_zone":"Dublin","msg":"CheltenhamFestival 4 winners day one 33/1 7/2 16/1 and 11/1 not bad picking if i say so myself roll on day 2 happy with my picks"}
{"tweet_id":841810715610619905,"created_unixtime":1489538289345,"created_time":"Wed Mar 15 00:38:09 +0000 2017","lang":"en","displayname":"soliditary","time_zone":"Eastern Time (US & Canada)","msg":"RT Vulnerable its so sad and frustrating when you try your hardest but people still dont find it good enough"}
{"tweet_id":841810715958681600,"created_unixtime":1489538289428,"created_time":"Wed Mar 15 00:38:09 +0000 2017","lang":"en","displayname":"ffancyflowers","time_zone":"Pacific Time (US & Canada)","msg":"RT emofucc when i show people a list of reasons why im so sad https//tco/c986HezrtS"}
{"tweet_id":841810715891650561,"created_unixtime":1489538289412,"created_time":"Wed Mar 15 00:38:09 +0000 2017","lang":"en","displayname":"derfuslea","time_zone":"CST","msg":"Cece14Guzman happy bday homie Hope you have a great day amp be safe"}
{"tweet_id":841810716076064768,"created_unixtime":1489538289456,"created_time":"Wed Mar 15 00:38:09 +0000 2017","lang":"en","displayname":"EzzyKammy","time_zone":"Kuala Lumpur","msg":"RT StoryInPicture Happy vs Unhappy https//tco/RtxpzaqTG6"}
{"tweet_id":841810715992305664,"created_unixtime":1489538289436,"created_time":"Wed Mar 15 00:38:09 +0000 2017","lang":"en","displayname":"Lady_janelle13","time_zone":"","msg":"RT JDTeamSponsors Happy 3rd Anniversary JaDinesLetOurPurpleHeartsShineAt3"}
{"tweet_id":841810688293142528,"created_unixtime":1489538282832,"created_time":"Wed Mar 15 00:38:02 +0000 2017","lang":"en","displayname":"shadayuh","time_zone":"","msg":"RT D_Deji28 Do you guys know why he was killed A girl lied that he raped her and her brother shot him dead https//tco/IWDVDZp3rz"}
{"tweet_id":841810716625645570,"created_unixtime":1489538289587,"created_time":"Wed Mar 15 00:38:09 +0000 2017","lang":"en","displayname":"AAbbingtcn","time_zone":"","msg":"MFreemcn — day I die if I have to You deserve me You deserve me because youre the only person that can make me as happy as I am and —"}
{"tweet_id":841810716441079808,"created_unixtime":1489538289543,"created_time":"Wed Mar 15 00:38:09 +0000 2017","lang":"en","displayname":"brutally","time_zone":"Eastern Time (US & Canada)","msg":"RT Vulnerable its so sad and frustrating when you try your hardest but people still dont find it good enough"}
{"tweet_id":841810717040881665,"created_unixtime":1489538289686,"created_time":"Wed Mar 15 00:38:09 +0000 2017","lang":"en","displayname":"gerryc02","time_zone":"","msg":"RT sobbed why are you sadi dont knowno reasonoh no there are plenty of reasons im just not really sure which one it is thi…"}
{"tweet_id":841810717300928514,"created_unixtime":1489538289748,"created_time":"Wed Mar 15 00:38:09 +0000 2017","lang":"en","displayname":"capsize","time_zone":"Pacific Time (US & Canada)","msg":"RT Vulnerable its so sad and frustrating when you try your hardest but people still dont find it good enough"}
{"tweet_id":841810716503891968,"created_unixtime":1489538289558,"created_time":"Wed Mar 15 00:38:09 +0000 2017","lang":"tl","displayname":"zaiixyyy","time_zone":"Beijing","msg":"Happy birthday TommytoSauce 💜 Enjoy your day Luv u 😘basahin mo nalang text ko kagabi https//tco/lGlN0b9jzX"}
{"tweet_id":841810717728768000,"created_unixtime":1489538289850,"created_time":"Wed Mar 15 00:38:09 +0000 2017","lang":"en","displayname":"septicol","time_zone":"Eastern Time (US & Canada)","msg":"RT sobbed do you ever feel ok but your sad at the same time you just want to talk to someone and hug them but you feel annoying so you ju…"}
{"tweet_id":841810717548380164,"created_unixtime":1489538289807,"created_time":"Wed Mar 15 00:38:09 +0000 2017","lang":"en","displayname":"DinoGaming22","time_zone":"Pacific Time (US & Canada)","msg":"RT _Aphmau_ This happens with everyone in the public eye Its really sadAll my VAs have to deal with this as well as myself… "}
{"tweet_id":841810717439336453,"created_unixtime":1489538289781,"created_time":"Wed Mar 15 00:38:09 +0000 2017","lang":"en","displayname":"AuribelysP","time_zone":"Pacific Time (US & Canada)","msg":"RT manuriosfdez females are strong as hellhappy InternationalWomensDay"}
{"tweet_id":841810717942636544,"created_unixtime":1489538289901,"created_time":"Wed Mar 15 00:38:09 +0000 2017","lang":"en","displayname":"AsapSpeaks","time_zone":"Eastern Time (US & Canada)","msg":"RT sobbed why are you sadi dont knowno reasonoh no there are plenty of reasons im just not really sure which one it is thi…"}
{"tweet_id":841810718068363265,"created_unixtime":1489538289931,"created_time":"Wed Mar 15 00:38:09 +0000 2017","lang":"in","displayname":"lanylanylany","time_zone":"Jakarta","msg":"RT falla_adinda Untuk happy bersama satu poin penting adalah lo harus happy dulu saat sendirian Jadi ketika orang tersebut tidak ada l…"}
{"tweet_id":841810718211031041,"created_unixtime":1489538289965,"created_time":"Wed Mar 15 00:38:09 +0000 2017","lang":"en","displayname":"wbaymaxw","time_zone":"Beijing","msg":"GalGadot were so happy for you Wonder mama 💖"}
{"tweet_id":841810717397381120,"created_unixtime":1489538289771,"created_time":"Wed Mar 15 00:38:09 +0000 2017","lang":"en","displayname":"guillen_irving","time_zone":"","msg":"RT BdotAdot5 Happy Birthday Brudder ✊🏽💯 StephenCurry30 https//tco/fxunT808HC"}
{"tweet_id":841810718282272768,"created_unixtime":1489538289982,"created_time":"Wed Mar 15 00:38:09 +0000 2017","lang":"en","displayname":"IkmalDan","time_zone":"Kuala Lumpur","msg":"FazreeqFaiz happy birthday obama 🎉🎁🎂"}
{"tweet_id":841810718278201344,"created_unixtime":1489538289981,"created_time":"Wed Mar 15 00:38:09 +0000 2017","lang":"en","displayname":"lustandIove","time_zone":"Pacific Time (US & Canada)","msg":"RT Vulnerable its so sad and frustrating when you try your hardest but people still dont find it good enough"}
{"tweet_id":841810718462627840,"created_unixtime":1489538290025,"created_time":"Wed Mar 15 00:38:10 +0000 2017","lang":"en","displayname":"asxjinah","time_zone":"Jakarta","msg":"yebbingie happy white day too 삥 ~♡"}
{"tweet_id":841810718731177990,"created_unixtime":1489538290089,"created_time":"Wed Mar 15 00:38:10 +0000 2017","lang":"en","displayname":"RealLifeGoalss","time_zone":"Eastern Time (US & Canada)","msg":"RT sobbed do you ever feel ok but your sad at the same time you just want to talk to someone and hug them but you feel annoying so you ju…"}
{"tweet_id":841810718752141313,"created_unixtime":1489538290094,"created_time":"Wed Mar 15 00:38:10 +0000 2017","lang":"en","displayname":"akvinchrist","time_zone":"New Delhi","msg":"Thanks Planet Stoner for the follow I´m very happy about it"}
{"tweet_id":841810718789885953,"created_unixtime":1489538290103,"created_time":"Wed Mar 15 00:38:10 +0000 2017","lang":"en","displayname":"WWEdarrylsharma","time_zone":"","msg":"Happy birthday to milanmiracle  I have a great job in the WWE thanks to his battleartspw "}
{"tweet_id":841810719087636481,"created_unixtime":1489538290174,"created_time":"Wed Mar 15 00:38:10 +0000 2017","lang":"ja","displayname":"harrymegane1114","time_zone":"","msg":"RT HQ2as 海未ちゃんHappy Birthday🎉🎉🎉園田海未生誕祭2017 3月15日は園田海未の誕生日 ラブライバーと繋がりたい RTした人全員フォローする https//tco/PRk8XRzeae"}
{"tweet_id":841810718538231808,"created_unixtime":1489538290043,"created_time":"Wed Mar 15 00:38:10 +0000 2017","lang":"en","displayname":"caffedivano","time_zone":"Pacific Time (US & Canada)","msg":"Happy National Pi Day errr that counts as Pie Day right A good excuse for pie anywayshttps//tco/0ws64HxV1j https//tco/nwRFY9SyMI"}
{"tweet_id":841810719049949186,"created_unixtime":1489538290165,"created_time":"Wed Mar 15 00:38:10 +0000 2017","lang":"en","displayname":"MerleyKat","time_zone":"Central Time (US & Canada)","msg":"The best kind of pi is pizza pieHappy piday https//tco/KQJrsZQSFg"}
{"tweet_id":841810719444242432,"created_unixtime":1489538290259,"created_time":"Wed Mar 15 00:38:10 +0000 2017","lang":"en","displayname":"jasmynsamis2","time_zone":"","msg":"RT hidden saying im tired when youre actually sad"}
{"tweet_id":841810719259660288,"created_unixtime":1489538290215,"created_time":"Wed Mar 15 00:38:10 +0000 2017","lang":"en","displayname":"libtechGT","time_zone":"Pacific Time (US & Canada)","msg":"RT MackinMaker Happy PiDay  3point14 HappyBirthdayEinstein  mackinmaker Get your Raspberry_Pi on https//tco/k4SHKXbRo4 t… "}
{"tweet_id":841810719595098112,"created_unixtime":1489538290295,"created_time":"Wed Mar 15 00:38:10 +0000 2017","lang":"en","displayname":"Shunga21Jason","time_zone":"","msg":"Pontifex happy modern colorful"}
{"tweet_id":841810718152351744,"created_unixtime":1489538289951,"created_time":"Wed Mar 15 00:38:09 +0000 2017","lang":"en","displayname":"sarikaphatak","time_zone":"","msg":"Happy Pi Day https//tco/TMSGqhVNfj"}
{"tweet_id":841810719393878016,"created_unixtime":1489538290247,"created_time":"Wed Mar 15 00:38:10 +0000 2017","lang":"en","displayname":"Baddiefashion","time_zone":"Baghdad","msg":"RT sobbed why are you sadi dont knowno reasonoh no there are plenty of reasons im just not really sure which one it is thi…"}
{"tweet_id":841810719742005249,"created_unixtime":1489538290330,"created_time":"Wed Mar 15 00:38:10 +0000 2017","lang":"en","displayname":"TamiaSemone_","time_zone":"Hawaii","msg":"RT ___xpauline I want somebody to be geeked over me😍 who cant stand not talking to me who always miss me amp wanna make me happy 😩❤️"}
{"tweet_id":841810719813316613,"created_unixtime":1489538290347,"created_time":"Wed Mar 15 00:38:10 +0000 2017","lang":"en","displayname":"xenomorph9","time_zone":"","msg":"RT GameOfThrones Happy GameofThrones PiDay https//tco/N1spcVNHuw"}
{"tweet_id":841810719842656256,"created_unixtime":1489538290354,"created_time":"Wed Mar 15 00:38:10 +0000 2017","lang":"en","displayname":"AlexDimarino","time_zone":"","msg":"RT richthekid Focus on what makes you happy"}
{"tweet_id":841810719746215936,"created_unixtime":1489538290331,"created_time":"Wed Mar 15 00:38:10 +0000 2017","lang":"en","displayname":"theRICHvibes","time_zone":"","msg":"RT sobbed do you ever feel ok but your sad at the same time you just want to talk to someone and hug them but you feel annoying so you ju…"}
{"tweet_id":841810720035491840,"created_unixtime":1489538290400,"created_time":"Wed Mar 15 00:38:10 +0000 2017","lang":"en","displayname":"tracyuncensored","time_zone":"","msg":"RT AnahiPichardo happy birthday shawty tracyuncensored 🎈 xoxo 😘"}
{"tweet_id":841810720153038848,"created_unixtime":1489538290428,"created_time":"Wed Mar 15 00:38:10 +0000 2017","lang":"en","displayname":"deliclys","time_zone":"Eastern Time (US & Canada)","msg":"RT sobbed why are you sadi dont knowno reasonoh no there are plenty of reasons im just not really sure which one it is thi…"}
{"tweet_id":841810720123719680,"created_unixtime":1489538290421,"created_time":"Wed Mar 15 00:38:10 +0000 2017","lang":"en","displayname":"BIGGMOODY","time_zone":"Central Time (US & Canada)","msg":"Thank you😊 https//tco/8uwXd1wMYq"}
{"tweet_id":841810720606048256,"created_unixtime":1489538290536,"created_time":"Wed Mar 15 00:38:10 +0000 2017","lang":"en","displayname":"noi_us","time_zone":"Eastern Time (US & Canada)","msg":"RT sobbed do you ever feel ok but your sad at the same time you just want to talk to someone and hug them but you feel annoying so you ju…"}
{"tweet_id":841810720467648512,"created_unixtime":1489538290503,"created_time":"Wed Mar 15 00:38:10 +0000 2017","lang":"en","displayname":"AlexGrandison_","time_zone":"Madrid","msg":"RT robinthede Really Some are disappointed that maddow only has 2005 Like you would only be happy w/ 20 yrs of indepth tax analysis…"}
{"tweet_id":841810720304033794,"created_unixtime":1489538290464,"created_time":"Wed Mar 15 00:38:10 +0000 2017","lang":"en","displayname":"GeckoComms","time_zone":"","msg":"JessPals hope u had a happy gotcha day amp jessmum gave u loadsa sardines lotsa collie cuddles amp treats too luv theboard"}
{"tweet_id":841810720559898626,"created_unixtime":1489538290525,"created_time":"Wed Mar 15 00:38:10 +0000 2017","lang":"en","displayname":"hyunapots28","time_zone":"Beijing","msg":"Happy birtday to one of my best of friend Katrina Roxas  Have a blast and enjoy your day bes more blessings to https//tco/mdiEgkbheD"}
{"tweet_id":841810721340022786,"created_unixtime":1489538290711,"created_time":"Wed Mar 15 00:38:10 +0000 2017","lang":"en","displayname":"lmaolinds","time_zone":"","msg":"god knows i try to feel happy for you"}
{"tweet_id":841810721667194881,"created_unixtime":1489538290789,"created_time":"Wed Mar 15 00:38:10 +0000 2017","lang":"en","displayname":"bIueguitar","time_zone":"Brasilia","msg":"  SherriSaum1 a thing about Stef that you love with all your heart thefosterschat THANK U FOR SAYING HI TO MY GIRL SHES SO HAPPY lt3"}
{"tweet_id":841810721499406336,"created_unixtime":1489538290749,"created_time":"Wed Mar 15 00:38:10 +0000 2017","lang":"en","displayname":"dvh_esquire","time_zone":"","msg":"This Is Americas Savior And I Will Be Happy To Tell You Why Warning Contains Explicit Language https//tco/NIkHgsTJg6 via dvh_esquire"}
{"tweet_id":841810721700773888,"created_unixtime":1489538290797,"created_time":"Wed Mar 15 00:38:10 +0000 2017","lang":"en","displayname":"distant","time_zone":"Central Time (US & Canada)","msg":"RT Vulnerable its so sad and frustrating when you try your hardest but people still dont find it good enough"}
{"tweet_id":841810721642024961,"created_unixtime":1489538290783,"created_time":"Wed Mar 15 00:38:10 +0000 2017","lang":"en","displayname":"bradley_____b","time_zone":"","msg":"Song by newfoundglory Happy Being Miserable tunespeak https//tco/3vgoEXpjx8"}
{"tweet_id":841810722036178945,"created_unixtime":1489538290877,"created_time":"Wed Mar 15 00:38:10 +0000 2017","lang":"en","displayname":"Seri0us_Hat","time_zone":"Pacific Time (US & Canada)","msg":"RT neiltyson 314  Happy Piday to Gregorian calendar users who reckon dates with month followed by day separated by period omitting year"}
{"tweet_id":841810722040381441,"created_unixtime":1489538290878,"created_time":"Wed Mar 15 00:38:10 +0000 2017","lang":"en","displayname":"wificouple","time_zone":"","msg":"Maybe im just a fan that admired you Idol ba Kaya mo yan idol☝sana we meet someday with your happy smile😊"}
{"tweet_id":841810722178908160,"created_unixtime":1489538290911,"created_time":"Wed Mar 15 00:38:10 +0000 2017","lang":"en","displayname":"strongandwise","time_zone":"Pacific Time (US & Canada)","msg":"RT sobbed why are you sadi dont knowno reasonoh no there are plenty of reasons im just not really sure which one it is thi…"}
{"tweet_id":841810722262773760,"created_unixtime":1489538290931,"created_time":"Wed Mar 15 00:38:10 +0000 2017","lang":"en","displayname":"TanasArmyy","time_zone":"","msg":"arcticmongeau tanamongeau tell ari happy birthday pls ❤️💛its tomorrow"}
{"tweet_id":841810722669641728,"created_unixtime":1489538291028,"created_time":"Wed Mar 15 00:38:11 +0000 2017","lang":"en","displayname":"Keysean13","time_zone":"","msg":"RT richthekid Focus on what makes you happy"}
{"tweet_id":841810722430570501,"created_unixtime":1489538290971,"created_time":"Wed Mar 15 00:38:10 +0000 2017","lang":"en","displayname":"flee8250aolcom","time_zone":"","msg":"RT seanhannity Obama holdovers So sad NRO is so ignorant amp has sunk this low Conservative review NRO IS now totally irrelevant   https…"}
{"tweet_id":841810723110043649,"created_unixtime":1489538291133,"created_time":"Wed Mar 15 00:38:11 +0000 2017","lang":"en","displayname":"eilidh_h","time_zone":"","msg":"So so happy to see ell have transformed into the tanned cultured goddess of a woman she is now what a fuckin baaaaabe🌟🌟"}
{"tweet_id":841810723265253377,"created_unixtime":1489538291170,"created_time":"Wed Mar 15 00:38:11 +0000 2017","lang":"en","displayname":"DailyVibes_","time_zone":"Pacific Time (US & Canada)","msg":"RT Vulnerable its so sad and frustrating when you try your hardest but people still dont find it good enough"}
{"tweet_id":841810723282006016,"created_unixtime":1489538291174,"created_time":"Wed Mar 15 00:38:11 +0000 2017","lang":"en","displayname":"dave31_sam","time_zone":"Pacific Time (US & Canada)","msg":"RT Romejj Happy Birthday EmekaGift May Chukwu Okike Abiama protect amp guide u till Biafra is restored May your days be long https//tco…"}
{"tweet_id":841810723567099905,"created_unixtime":1489538291242,"created_time":"Wed Mar 15 00:38:11 +0000 2017","lang":"en","displayname":"deniseborbe","time_zone":"Pacific Time (US & Canada)","msg":"happy birthday Gbu and gl next sy FajardoIron 🎈"}
{"tweet_id":841810723223289856,"created_unixtime":1489538291160,"created_time":"Wed Mar 15 00:38:11 +0000 2017","lang":"en","displayname":"Bitterwhiteguy","time_zone":"Central Time (US & Canada)","msg":"Happy ReAdd TruTV To Your TV Guide For A Month Day everybody"}
{"tweet_id":841810721243516928,"created_unixtime":1489538290688,"created_time":"Wed Mar 15 00:38:10 +0000 2017","lang":"en","displayname":"radical_lesley","time_zone":"","msg":"Happy birthday to the person who always supports me 💓i was so little last year omg https//tco/HJnU78JCJa"}
{"tweet_id":841810723214893057,"created_unixtime":1489538291158,"created_time":"Wed Mar 15 00:38:11 +0000 2017","lang":"en","displayname":"Amanda_Bolden","time_zone":"Central Time (US & Canada)","msg":"Thanks shawty Ive had a blast all weekend Back to work tomorrow https//tco/otGchgEHGK"}
{"tweet_id":841810723550425088,"created_unixtime":1489538291238,"created_time":"Wed Mar 15 00:38:11 +0000 2017","lang":"en","displayname":"Unstoppable_Dhq","time_zone":"Mountain Time (US & Canada)","msg":"RT sobbed why are you sadi dont knowno reasonoh no there are plenty of reasons im just not really sure which one it is thi…"}
{"tweet_id":841810723751645184,"created_unixtime":1489538291286,"created_time":"Wed Mar 15 00:38:11 +0000 2017","lang":"en","displayname":"MadNile","time_zone":"","msg":"RT Nayelicz17 MadNile Happy Birthday Emad🎉"}
{"tweet_id":841810723684663296,"created_unixtime":1489538291270,"created_time":"Wed Mar 15 00:38:11 +0000 2017","lang":"en","displayname":"_conceitedtrin","time_zone":"","msg":"I just want JaydaAyanna to tell me happy birthday tomorrow on here and Snapchat 😩😩 is that too much "}
{"tweet_id":841810723512680449,"created_unixtime":1489538291229,"created_time":"Wed Mar 15 00:38:11 +0000 2017","lang":"en","displayname":"SWmaster101","time_zone":"","msg":"RT Layla_London_ Good morning studs Happy CumOnMyTittiesTuesday https//tco/RIm6K1iK8X"}
{"tweet_id":841810724225748993,"created_unixtime":1489538291399,"created_time":"Wed Mar 15 00:38:11 +0000 2017","lang":"en","displayname":"xocult","time_zone":"Pacific Time (US & Canada)","msg":"RT Vulnerable its so sad and frustrating when you try your hardest but people still dont find it good enough"}
{"tweet_id":841810723877621760,"created_unixtime":1489538291316,"created_time":"Wed Mar 15 00:38:11 +0000 2017","lang":"en","displayname":"Shanaiya6","time_zone":"","msg":"RT CoupIesPosts Yall could easily get ur girl one of these for under 100 and shell be so happy https//tco/ExnOSAW9TD"}
{"tweet_id":841810724590620673,"created_unixtime":1489538291486,"created_time":"Wed Mar 15 00:38:11 +0000 2017","lang":"en","displayname":"keepingupwith_A","time_zone":"Pacific Time (US & Canada)","msg":"RT MsThanksgiving8 😊 happy Im not a insecure female"}
{"tweet_id":841810724942839808,"created_unixtime":1489538291570,"created_time":"Wed Mar 15 00:38:11 +0000 2017","lang":"en","displayname":"xmorgenxx","time_zone":"","msg":"Its sad when tweeting is the only way you get get someone you love to talk to you"}
{"tweet_id":841810724569665537,"created_unixtime":1489538291481,"created_time":"Wed Mar 15 00:38:11 +0000 2017","lang":"en","displayname":"a_czarobski","time_zone":"","msg":"RT chicagobulls Happy PiDay https//tco/Kl7pkyDtbJ"}
{"tweet_id":841810723361685504,"created_unixtime":1489538291193,"created_time":"Wed Mar 15 00:38:11 +0000 2017","lang":"en","displayname":"_fxbfinessa","time_zone":"Quito","msg":"RT ZinaRIHyaDavis You people need to stop making unhealthy people happy to be unhealthy This is obesity and not body shaming fee… "}
{"tweet_id":841810724674539521,"created_unixtime":1489538291506,"created_time":"Wed Mar 15 00:38:11 +0000 2017","lang":"en","displayname":"charlee_buns","time_zone":"","msg":"RT ChefWaites Rest In Peace https//tco/WWIBBseVNo"}
{"tweet_id":841810725098024964,"created_unixtime":1489538291607,"created_time":"Wed Mar 15 00:38:11 +0000 2017","lang":"en","displayname":"belovedoyoung","time_zone":"Pacific Time (US & Canada)","msg":"RT waitkpksz Happy WhiteDay💝 https//tco/80Yo9nWdli"}
{"tweet_id":841810725446258688,"created_unixtime":1489538291690,"created_time":"Wed Mar 15 00:38:11 +0000 2017","lang":"en","displayname":"michaelchatman","time_zone":"Eastern Time (US & Canada)","msg":"RT GenerousWomen Dont worry be happy Join philanthropy leader michaelchatman Tuesdays at 8pmeastern for WHYiGIVE  weekly… "}
{"tweet_id":841810725458829312,"created_unixtime":1489538291693,"created_time":"Wed Mar 15 00:38:11 +0000 2017","lang":"en","displayname":"TXlCAB","time_zone":"","msg":"they cancelled school and im happy again anyone notice correlation"}
{"tweet_id":841810725660106752,"created_unixtime":1489538291741,"created_time":"Wed Mar 15 00:38:11 +0000 2017","lang":"en","displayname":"yandegay","time_zone":"Pacific Time (US & Canada)","msg":"RT Meelaffs squishy 😊also happy white day https//tco/HI01IusVAR"}
{"tweet_id":841810725752442880,"created_unixtime":1489538291763,"created_time":"Wed Mar 15 00:38:11 +0000 2017","lang":"en","displayname":"Ioudphone","time_zone":"Pacific Time (US & Canada)","msg":"RT sobbed why are you sadi dont knowno reasonoh no there are plenty of reasons im just not really sure which one it is thi…"}
{"tweet_id":841810725911855106,"created_unixtime":1489538291801,"created_time":"Wed Mar 15 00:38:11 +0000 2017","lang":"en","displayname":"nikkiliebowitz","time_zone":"Pacific Time (US & Canada)","msg":"RT TheTumblrPosts this just made me so sad 😭 https//tco/DtVltAKPez"}
{"tweet_id":841810726054436865,"created_unixtime":1489538291835,"created_time":"Wed Mar 15 00:38:11 +0000 2017","lang":"en","displayname":"NayrouzEltanani","time_zone":"Athens","msg":"RT lastvibes “You’ll be happy but before life will teach you to be strong”"}
{"tweet_id":841810725790203905,"created_unixtime":1489538291772,"created_time":"Wed Mar 15 00:38:11 +0000 2017","lang":"en","displayname":"samithelami","time_zone":"","msg":"ily boooo ❤❤ https//tco/sDGvNkmMGE"}
{"tweet_id":841810726079598592,"created_unixtime":1489538291841,"created_time":"Wed Mar 15 00:38:11 +0000 2017","lang":"en","displayname":"Think_Twyce","time_zone":"Atlantic Time (Canada)","msg":"Hating Hoes Aint Happy 💁🏽"}
{"tweet_id":841810726100586497,"created_unixtime":1489538291846,"created_time":"Wed Mar 15 00:38:11 +0000 2017","lang":"en","displayname":"0nlinebabe","time_zone":"Central Time (US & Canada)","msg":"Skineticc oh good Im glad youre going to her I think youll be so happy with the results shes amazing 😌"}
{"tweet_id":841810726536732672,"created_unixtime":1489538291950,"created_time":"Wed Mar 15 00:38:11 +0000 2017","lang":"en","displayname":"syah_redrose","time_zone":"","msg":"RT JinMarkVN Lowkey highfive has became a part of Hard Carrys choreo alrd 😂😂Mark looks so happy markjin 맠진 맠녕 JinMark https//tco/…"}
{"tweet_id":841810726293524480,"created_unixtime":1489538291892,"created_time":"Wed Mar 15 00:38:11 +0000 2017","lang":"und","displayname":"EvaBrooks16","time_zone":"","msg":"RT netanyahu אני גאה בחיילות שלנו יום האישה שמחI am proud of our soldiers Happy International Womens Dayצילום משה מילנ… "}
{"tweet_id":841810726624890880,"created_unixtime":1489538291971,"created_time":"Wed Mar 15 00:38:11 +0000 2017","lang":"en","displayname":"maky_don","time_zone":"","msg":"RT sobbed why are you sadi dont knowno reasonoh no there are plenty of reasons im just not really sure which one it is thi…"}
{"tweet_id":841810726687719424,"created_unixtime":1489538291986,"created_time":"Wed Mar 15 00:38:11 +0000 2017","lang":"ja","displayname":"satoshi_Love_26","time_zone":"","msg":"RT bluegreen_1112 Popcorn 〜 Are You Happy までの大野智のソロ曲をまとめてみました。どこまでも響く綺麗な歌声とキレキレのダンスに思わず見とれて息をするのも忘れる… https//tco/LcLjIOtfdD"}
{"tweet_id":841810726369038336,"created_unixtime":1489538291910,"created_time":"Wed Mar 15 00:38:11 +0000 2017","lang":"en","displayname":"angie_frich","time_zone":"Pacific Time (US & Canada)","msg":"KellieSundeen JaguarUSA Ya Happy for you"}
{"tweet_id":841810726310273024,"created_unixtime":1489538291896,"created_time":"Wed Mar 15 00:38:11 +0000 2017","lang":"en","displayname":"Baseball2Cruz","time_zone":"Eastern Time (US & Canada)","msg":"i swear Shaeleys laugh would make  me happy even on the worst days of my life"}
