{"tweet_id":841810197119082496,"created_unixtime":1489538165727,"created_time":"Wed Mar 15 00:36:05 +0000 2017","lang":"en","displayname":"VirginFessions","time_zone":"Eastern Time (US & Canada)","msg":"RT AdorabIeAnimal THIS JUST MADE ME SO HAPPY https//tco/AsV7FQnJoN"}
{"tweet_id":841810197274214400,"created_unixtime":1489538165764,"created_time":"Wed Mar 15 00:36:05 +0000 2017","lang":"en","displayname":"chimnmeri","time_zone":"Pacific Time (US & Canada)","msg":"I was so giggly when Yoongi called him Hobi I think this is my first time hearing him do so And not JHope or… https//tco/XCSxG1cUV8"}
{"tweet_id":841810197404254208,"created_unixtime":1489538165795,"created_time":"Wed Mar 15 00:36:05 +0000 2017","lang":"en","displayname":"llessurrR","time_zone":"","msg":"RT lucyliciousmith Edward So happy to be here MBMayWard"}
{"tweet_id":841810196922023936,"created_unixtime":1489538165680,"created_time":"Wed Mar 15 00:36:05 +0000 2017","lang":"en","displayname":"alfredcaulkin","time_zone":"Atlantic Time (Canada)","msg":"erikaandfrida Thanks Happy to see you two are together"}
{"tweet_id":841810196703936512,"created_unixtime":1489538165628,"created_time":"Wed Mar 15 00:36:05 +0000 2017","lang":"en","displayname":"NautikaC","time_zone":"","msg":"RT D_Deji28 Do you guys know why he was killed A girl lied that he raped her and her brother shot him dead https//tco/IWDVDZp3rz"}
{"tweet_id":841810197505007616,"created_unixtime":1489538165819,"created_time":"Wed Mar 15 00:36:05 +0000 2017","lang":"en","displayname":"antiplug","time_zone":"Atlantic Time (Canada)","msg":"THIS ME https//tco/oyjsvDnUss"}
{"tweet_id":841810197790171137,"created_unixtime":1489538165887,"created_time":"Wed Mar 15 00:36:05 +0000 2017","lang":"en","displayname":"evergreenlexis","time_zone":"Pacific Time (US & Canada)","msg":"RT anabellee27 17 Rene Y Rene make me sooo happy 💜💜💜 https//tco/8HgdX9nVei"}
{"tweet_id":841810197899288576,"created_unixtime":1489538165913,"created_time":"Wed Mar 15 00:36:05 +0000 2017","lang":"en","displayname":"luke_tulloch55","time_zone":"","msg":"I dont need anyone im happy as fuck❤️"}
{"tweet_id":841810197815336960,"created_unixtime":1489538165893,"created_time":"Wed Mar 15 00:36:05 +0000 2017","lang":"en","displayname":"ChuckVStheMovie","time_zone":"Pacific Time (US & Canada)","msg":"RT operationsmile We cant thank SmileAmbassadors RealRomaDowney amp MarkBurnettTV enough for all they do to healsmiles Happy to h… "}
{"tweet_id":841810197916049409,"created_unixtime":1489538165917,"created_time":"Wed Mar 15 00:36:05 +0000 2017","lang":"en","displayname":"Heather49733","time_zone":"Pacific Time (US & Canada)","msg":"why does everyone want to realize what they lost when theyre sad drunk or high"}
{"tweet_id":841810198129963008,"created_unixtime":1489538165968,"created_time":"Wed Mar 15 00:36:05 +0000 2017","lang":"en","displayname":"kyleshakusky","time_zone":"Eastern Time (US & Canada)","msg":"RT emofucc when i show people a list of reasons why im so sad https//tco/c986HezrtS"}
{"tweet_id":841810199077912576,"created_unixtime":1489538166194,"created_time":"Wed Mar 15 00:36:06 +0000 2017","lang":"en","displayname":"JokoyaMcLean","time_zone":"Eastern Time (US & Canada)","msg":"RT oh_snap_holly I GET SO SAD WHEN NO CHAIRS TURN  TheVoice"}
{"tweet_id":841810199589543936,"created_unixtime":1489538166316,"created_time":"Wed Mar 15 00:36:06 +0000 2017","lang":"en","displayname":"acm_vinicius","time_zone":"Pacific Time (US & Canada)","msg":"Sad Day"}
{"tweet_id":841810199228764161,"created_unixtime":1489538166230,"created_time":"Wed Mar 15 00:36:06 +0000 2017","lang":"en","displayname":"AndrewGisse","time_zone":"Hanoi","msg":"All Parents Happy Because These Cartoons S3x Scene Were Not Broadcasted https//tco/H7CCJQwcma"}
{"tweet_id":841810199077888002,"created_unixtime":1489538166194,"created_time":"Wed Mar 15 00:36:06 +0000 2017","lang":"en","displayname":"ashlen2244","time_zone":"","msg":"RT painintheassliz some puppy is happy https//tco/1d3jfSFWb0"}
{"tweet_id":841810199698640897,"created_unixtime":1489538166342,"created_time":"Wed Mar 15 00:36:06 +0000 2017","lang":"en","displayname":"BabyTeddypender","time_zone":"West Central Africa","msg":"Dear you the way you smile the way you make me feel the way you make me laugh and happy it melts me"}
{"tweet_id":841810200013160449,"created_unixtime":1489538166417,"created_time":"Wed Mar 15 00:36:06 +0000 2017","lang":"en","displayname":"WiStateJournal","time_zone":"Central Time (US & Canada)","msg":"Packers Lance Kendricks happy to be back home in Wisconsin https//tco/kNewCYmPCu"}
{"tweet_id":841810199660920832,"created_unixtime":1489538166333,"created_time":"Wed Mar 15 00:36:06 +0000 2017","lang":"en","displayname":"AlysaKhater","time_zone":"Eastern Time (US & Canada)","msg":"I feel this on a spiritual level I miss everything so much ☹️ https//tco/EXpERgczw3"}
{"tweet_id":841810200139071488,"created_unixtime":1489538166447,"created_time":"Wed Mar 15 00:36:06 +0000 2017","lang":"en","displayname":"ssgsteveh","time_zone":"","msg":"RT neiltyson 314  Happy Piday to Gregorian calendar users who reckon dates with month followed by day separated by period omitting year"}
{"tweet_id":841810200197754881,"created_unixtime":1489538166461,"created_time":"Wed Mar 15 00:36:06 +0000 2017","lang":"en","displayname":"_LittleJojoo","time_zone":"","msg":"RT zxire piscataway never wanna see kids happy"}
{"tweet_id":841810200243892225,"created_unixtime":1489538166472,"created_time":"Wed Mar 15 00:36:06 +0000 2017","lang":"en","displayname":"_nanysabr","time_zone":"","msg":"HAPPY BIRTHDAY TO THIS BAD BIHHHH ❤❤ https//tco/59kPEK7wB9"}
{"tweet_id":841810200810020864,"created_unixtime":1489538166607,"created_time":"Wed Mar 15 00:36:06 +0000 2017","lang":"en","displayname":"Ayi81035664","time_zone":"","msg":"RT bossyney Happy for you May Youre finally living your dreams  MBMayWard"}
{"tweet_id":841810200633982976,"created_unixtime":1489538166565,"created_time":"Wed Mar 15 00:36:06 +0000 2017","lang":"und","displayname":"breezy__briii","time_zone":"Eastern Time (US & Canada)","msg":"RT yourfavmichaela breezy__briii https//tco/9MTOXKS3Gx"}
{"tweet_id":841810200222920704,"created_unixtime":1489538166467,"created_time":"Wed Mar 15 00:36:06 +0000 2017","lang":"en","displayname":"mmarcomk_9","time_zone":"","msg":"RT CUTEST_ANlMALS this makes me so happy  https//tco/4ebwUxo9Hg"}
{"tweet_id":841810200948547585,"created_unixtime":1489538166640,"created_time":"Wed Mar 15 00:36:06 +0000 2017","lang":"en","displayname":"BeingTali","time_zone":"New Delhi","msg":"I just wanna make you happy because I care and love you"}
{"tweet_id":841810200843714561,"created_unixtime":1489538166615,"created_time":"Wed Mar 15 00:36:06 +0000 2017","lang":"en","displayname":"maarchtothesea","time_zone":"Pacific Time (US & Canada)","msg":"CrankThatFrank happy not haply"}
{"tweet_id":841810201346953218,"created_unixtime":1489538166735,"created_time":"Wed Mar 15 00:36:06 +0000 2017","lang":"tl","displayname":"amlivll","time_zone":"PDT","msg":"RT MaichardManila kayo na kayo na talaga ang HAPPY BANANAS 😂😂😂  pati saging destiny rin 😂😂🍌🍌🍌🍌aldenrichards02 mainedcm… "}
{"tweet_id":841810200596250624,"created_unixtime":1489538166556,"created_time":"Wed Mar 15 00:36:06 +0000 2017","lang":"en","displayname":"andy_ander28","time_zone":"","msg":"Happy birthday steph😂😂 Stephall24 https//tco/PUFfFIOUt5"}
{"tweet_id":841810202726940672,"created_unixtime":1489538167064,"created_time":"Wed Mar 15 00:36:07 +0000 2017","lang":"en","displayname":"SPellegrene","time_zone":"Eastern Time (US & Canada)","msg":"RT Vulnerable its so sad and frustrating when you try your hardest but people still dont find it good enough"}
{"tweet_id":841810202496196608,"created_unixtime":1489538167009,"created_time":"Wed Mar 15 00:36:07 +0000 2017","lang":"en","displayname":"milanovanessa73","time_zone":"","msg":"RT mainedcm I am a one happy banana How about you https//tco/KKyl9dh6HO"}
{"tweet_id":841810202710183936,"created_unixtime":1489538167060,"created_time":"Wed Mar 15 00:36:07 +0000 2017","lang":"en","displayname":"MyRegistryWed","time_zone":"","msg":"RT MOMITFORWARD Q6 DOES FOOD MAKE YOU HAPPY WHAT DISHES MAKE YOU THE HAPPIEST AvoHappiness GNO PLS RT"}
{"tweet_id":841810202781483009,"created_unixtime":1489538167077,"created_time":"Wed Mar 15 00:36:07 +0000 2017","lang":"en","displayname":"dev_nicolee","time_zone":"Quito","msg":"Kinda sad I will be missing the finale of This Is Us tonight 😭 also really sad that the season is about to be over"}
{"tweet_id":841810179574325248,"created_unixtime":1489538161544,"created_time":"Wed Mar 15 00:36:01 +0000 2017","lang":"en","displayname":"DoopieDoOver","time_zone":"","msg":"I am such a happy camper 😙"}
{"tweet_id":841810201099431936,"created_unixtime":1489538166676,"created_time":"Wed Mar 15 00:36:06 +0000 2017","lang":"en","displayname":"AymT1435","time_zone":"","msg":"0315yukiT Happy birthday yuki https//tco/aHy6SS4hHm"}
{"tweet_id":841810203087671296,"created_unixtime":1489538167150,"created_time":"Wed Mar 15 00:36:07 +0000 2017","lang":"en","displayname":"magdalenojuliet","time_zone":"Central Time (US & Canada)","msg":"RT lexxxxxxlooger magdalenojuliet happy birthday pretty girl i hope its been good to u"}
{"tweet_id":841810203578310656,"created_unixtime":1489538167267,"created_time":"Wed Mar 15 00:36:07 +0000 2017","lang":"ja","displayname":"gorira_himacos","time_zone":"","msg":"RT runrun0258 園田海未生誕祭2017 海未ちゃん生誕祭 RTした人全員フォローする 海未ちゃん🎉✨Happy Birthday🍰🍴海未ちゃんしっかりしてるところ、恥ずかしがり屋なところ全部好きだから２年生の中で一番推しになった… "}
{"tweet_id":841810203574063104,"created_unixtime":1489538167266,"created_time":"Wed Mar 15 00:36:07 +0000 2017","lang":"en","displayname":"Cap_Kaveman","time_zone":"Arizona","msg":"RebelTeachTK421 LONELINESS EMMA HOW FREAKING SAD IS THHHAAAAAAT"}
{"tweet_id":841810203339325441,"created_unixtime":1489538167210,"created_time":"Wed Mar 15 00:36:07 +0000 2017","lang":"en","displayname":"carmencleek_","time_zone":"Atlantic Time (Canada)","msg":"RT preaching my main focus is to better myself be successful and be happy so if you arent contributing to that then i dont need you i…"}
{"tweet_id":841810203356086272,"created_unixtime":1489538167214,"created_time":"Wed Mar 15 00:36:07 +0000 2017","lang":"en","displayname":"_tlake","time_zone":"","msg":"RT preaching if youre happy with someone forget about what everyone else says"}
{"tweet_id":841810203830018048,"created_unixtime":1489538167327,"created_time":"Wed Mar 15 00:36:07 +0000 2017","lang":"en","displayname":"alexisskessler","time_zone":"Eastern Time (US & Canada)","msg":"Why do I insist on watching sad movies I cry every time 😭💔"}
{"tweet_id":841810204199018496,"created_unixtime":1489538167415,"created_time":"Wed Mar 15 00:36:07 +0000 2017","lang":"en","displayname":"S_Schneider42","time_zone":"Pacific Time (US & Canada)","msg":"chrisruizx Happy Birthday bro We need to chill again soon Hope you had a lit ass day 🔥💥"}
{"tweet_id":841810204450676738,"created_unixtime":1489538167475,"created_time":"Wed Mar 15 00:36:07 +0000 2017","lang":"en","displayname":"jzt4gv","time_zone":"","msg":"happy 3rd"}
{"tweet_id":841810204903780352,"created_unixtime":1489538167583,"created_time":"Wed Mar 15 00:36:07 +0000 2017","lang":"en","displayname":"leon23jones","time_zone":"","msg":"Matter if someone says and shows they got u then shut up and be happy 👌🏾"}
{"tweet_id":841810204840755202,"created_unixtime":1489538167568,"created_time":"Wed Mar 15 00:36:07 +0000 2017","lang":"en","displayname":"Delenachronicle","time_zone":"","msg":"epic wife MY SCREAM JUST WOKE UP THE ENTIRE NEIGHBOURHOOD BYE https//tco/NOQisDghLy"}
{"tweet_id":841810204056416257,"created_unixtime":1489538167381,"created_time":"Wed Mar 15 00:36:07 +0000 2017","lang":"en","displayname":"GGidgetster","time_zone":"","msg":"Happy morning 💕 https//tco/yh0JCDy5kS"}
{"tweet_id":841810204568223744,"created_unixtime":1489538167503,"created_time":"Wed Mar 15 00:36:07 +0000 2017","lang":"en","displayname":"MaryAbrahams","time_zone":"","msg":"Im waiting Smile https//tco/Nzqx3Qfgqx"}
{"tweet_id":841810204987666434,"created_unixtime":1489538167603,"created_time":"Wed Mar 15 00:36:07 +0000 2017","lang":"en","displayname":"kalaanormannn","time_zone":"Pacific Time (US & Canada)","msg":"Happy Birthday BenBILLS9🎉🎉"}
{"tweet_id":841810205729947648,"created_unixtime":1489538167780,"created_time":"Wed Mar 15 00:36:07 +0000 2017","lang":"en","displayname":"diltrash16","time_zone":"","msg":"RT SincerelyTumblr So annoying when ppl are like ur always laughin U laugh at everything Its not that funny like OK sorry Im a hap…"}
{"tweet_id":841810205918806017,"created_unixtime":1489538167825,"created_time":"Wed Mar 15 00:36:07 +0000 2017","lang":"en","displayname":"Countrypoohbear","time_zone":"Eastern Time (US & Canada)","msg":"RT MomItForward Q6 DOES FOOD MAKE YOU HAPPY WHAT DISHES MAKE YOU THE HAPPIEST AvoHappiness GNO PLS RT"}
{"tweet_id":841810206086569984,"created_unixtime":1489538167865,"created_time":"Wed Mar 15 00:36:07 +0000 2017","lang":"en","displayname":"jordanmasaitis","time_zone":"","msg":"Happy birthday King_of_RI  Hope its a good one 🎉"}
{"tweet_id":841810205902049283,"created_unixtime":1489538167821,"created_time":"Wed Mar 15 00:36:07 +0000 2017","lang":"en","displayname":"_bossbossboss","time_zone":"Eastern Time (US & Canada)","msg":"RT CultureFUBU Happy Birthday Merlin SantanaRIP https//tco/0K4quO4M5g"}
{"tweet_id":841810206535352321,"created_unixtime":1489538167972,"created_time":"Wed Mar 15 00:36:07 +0000 2017","lang":"en","displayname":"macimckissack","time_zone":"","msg":"RT preaching if youre happy with someone forget about what everyone else says"}
{"tweet_id":841810206447271936,"created_unixtime":1489538167951,"created_time":"Wed Mar 15 00:36:07 +0000 2017","lang":"en","displayname":"amvnah","time_zone":"","msg":"RT D_Deji28 Do you guys know why he was killed A girl lied that he raped her and her brother shot him dead https//tco/IWDVDZp3rz"}
{"tweet_id":841810206233378816,"created_unixtime":1489538167900,"created_time":"Wed Mar 15 00:36:07 +0000 2017","lang":"en","displayname":"ranchor10","time_zone":"","msg":"RT narendramodi Absolutely Happy to be the Pradhan Sevak for each and every Indian https//tco/BEreA1GNVJ"}
{"tweet_id":841810206447284226,"created_unixtime":1489538167951,"created_time":"Wed Mar 15 00:36:07 +0000 2017","lang":"en","displayname":"JuliaJo01272371","time_zone":"","msg":"Hello find new girl and be happy  https//tco/JhBuNBqDem https//tco/HERPpp6YwU"}
{"tweet_id":841810206917042176,"created_unixtime":1489538168063,"created_time":"Wed Mar 15 00:36:08 +0000 2017","lang":"en","displayname":"jiiminiiebabo","time_zone":"Pacific Time (US & Canada)","msg":"RT soompi Happy Birthday to ASTROs JinJin HappyJinJinDay https//tco/re8aLKVIDL https//tco/oAcH44Finb"}
{"tweet_id":841810206937997312,"created_unixtime":1489538168068,"created_time":"Wed Mar 15 00:36:08 +0000 2017","lang":"en","displayname":"ana_monteiiiro","time_zone":"Casablanca","msg":"RT ChampionsLeague Sad to see you go Porto amp Sevilla Best of luck for the rest of the season amp hope to see you back soon 👏 UCL https/…"}
{"tweet_id":841810207495737344,"created_unixtime":1489538168201,"created_time":"Wed Mar 15 00:36:08 +0000 2017","lang":"en","displayname":"nicolegaleno","time_zone":"Alaska","msg":"Happy Birthday Connor TheVampsCon"}
{"tweet_id":841810207797727233,"created_unixtime":1489538168273,"created_time":"Wed Mar 15 00:36:08 +0000 2017","lang":"en","displayname":"andyfragen","time_zone":"Pacific Time (US & Canada)","msg":"RT tw2113 It’s easy to leave bad reviews of a plugin esp if frustrated Make it a point to go leave a good review for those that you’re h…"}
{"tweet_id":841810207776858112,"created_unixtime":1489538168268,"created_time":"Wed Mar 15 00:36:08 +0000 2017","lang":"en","displayname":"RanjithSharma29","time_zone":"","msg":"RT SunnyLeone Happy birthday aamir_khan hope you have a blast today Xo"}
{"tweet_id":841810207797854208,"created_unixtime":1489538168273,"created_time":"Wed Mar 15 00:36:08 +0000 2017","lang":"en","displayname":"MustacheDad","time_zone":"Eastern Time (US & Canada)","msg":"RT jonny_is_good Happy tugtuesday from me and my beautiful son https//tco/2XtA2YUahH"}
{"tweet_id":841810207965642752,"created_unixtime":1489538168313,"created_time":"Wed Mar 15 00:36:08 +0000 2017","lang":"en","displayname":"hznji","time_zone":"Casablanca","msg":"RT TomljanovicNews NickKyrgios just seeing her happy was the key for me but yeah seeing her back out there has been pretty impo… "}
{"tweet_id":841810207965605890,"created_unixtime":1489538168313,"created_time":"Wed Mar 15 00:36:08 +0000 2017","lang":"en","displayname":"BeeJustSaid","time_zone":"","msg":"RT beytrash its sad that were driven to this point because Beyoncé doesnt talk to us https//tco/Q2loQ1qYru"}
{"tweet_id":841810188009111554,"created_unixtime":1489538163555,"created_time":"Wed Mar 15 00:36:03 +0000 2017","lang":"en","displayname":"Babygurlie73","time_zone":"Central Time (US & Canada)","msg":"MomItForward A6 Yes it sure does I love a good Salad filled with protein and for dessert cheesecake makes me happy AvoHappiness gno"}
{"tweet_id":841810208447909888,"created_unixtime":1489538168428,"created_time":"Wed Mar 15 00:36:08 +0000 2017","lang":"en","displayname":"madisondotcom","time_zone":"Central Time (US & Canada)","msg":"Packers Lance Kendricks happy to be back home in Wisconsin https//tco/8mSXfFMEbN"}
{"tweet_id":841810208234041345,"created_unixtime":1489538168377,"created_time":"Wed Mar 15 00:36:08 +0000 2017","lang":"en","displayname":"spookyneighbor","time_zone":"Buenos Aires","msg":"RT SummerFontana Happy Birthday danieljgillies rocknroll 🎂🎉🎸 https//tco/phJV1H96IA"}
{"tweet_id":841810206552166400,"created_unixtime":1489538167976,"created_time":"Wed Mar 15 00:36:07 +0000 2017","lang":"en","displayname":"ChrisMarkules","time_zone":"","msg":"Happy BDay Leah Bologna😊 https//tco/dyatO36NXY"}
{"tweet_id":841810207223255041,"created_unixtime":1489538168136,"created_time":"Wed Mar 15 00:36:08 +0000 2017","lang":"en","displayname":"_aprilmayyjune","time_zone":"","msg":"this pic 😭😭 happy birthday Cheezman123 😂 i hope its great miss you tons 💗 https//tco/sx4zB36JbA"}
{"tweet_id":841810208716390401,"created_unixtime":1489538168492,"created_time":"Wed Mar 15 00:36:08 +0000 2017","lang":"en","displayname":"A_Droflow04","time_zone":"Quito","msg":"Mary this is unexpected but I love it Thank you so much https//tco/tkn8Hjepov"}
{"tweet_id":841810209244827648,"created_unixtime":1489538168618,"created_time":"Wed Mar 15 00:36:08 +0000 2017","lang":"en","displayname":"ShySexyBabe","time_zone":"Arizona","msg":"ShySexyBabe 《 dreading the heat that has been going on so early Happy to be in my brand new home when i do arrive back home Having my 》"}
{"tweet_id":841810209181855744,"created_unixtime":1489538168603,"created_time":"Wed Mar 15 00:36:08 +0000 2017","lang":"ja","displayname":"raguna1192","time_zone":"Tokyo","msg":"RT 1717frappuccino ✩海未ちゃんHappy Birthday✩いつも頑張り屋さんな海未ちゃん。頑張る人は素敵✨でしょ？加工もしてみました！どうかな？あなたに届け！ 園田海未生誕祭2017 3月15日は園田海未の誕生日… "}
{"tweet_id":841810208208891906,"created_unixtime":1489538168371,"created_time":"Wed Mar 15 00:36:08 +0000 2017","lang":"en","displayname":"mercedes_43211","time_zone":"","msg":"dude my dogs make me so happy ❤"}
{"tweet_id":841810209391710208,"created_unixtime":1489538168653,"created_time":"Wed Mar 15 00:36:08 +0000 2017","lang":"en","displayname":"TeachingBoi","time_zone":"","msg":"RT robinthede Really Some are disappointed that maddow only has 2005 Like you would only be happy w/ 20 yrs of indepth tax analysis…"}
{"tweet_id":841810209580408832,"created_unixtime":1489538168698,"created_time":"Wed Mar 15 00:36:08 +0000 2017","lang":"en","displayname":"heda_liv","time_zone":"","msg":"Twirl4meK EbonyStarr5 oh that was sad She looked like a kicked puppy when he left But it needed to happen"}
{"tweet_id":841810209995644929,"created_unixtime":1489538168797,"created_time":"Wed Mar 15 00:36:08 +0000 2017","lang":"en","displayname":"RealJustinBobby","time_zone":"Central Time (US & Canada)","msg":"Its not that theyre moving on its not that theyre happy its not any of that Its that theyre making the changes for someone else"}
{"tweet_id":841810209743941632,"created_unixtime":1489538168737,"created_time":"Wed Mar 15 00:36:08 +0000 2017","lang":"en","displayname":"basicbaka","time_zone":"Arizona","msg":"happy birthday to whatdiditdo"}
{"tweet_id":841810210201206785,"created_unixtime":1489538168846,"created_time":"Wed Mar 15 00:36:08 +0000 2017","lang":"en","displayname":"BigJesseFans","time_zone":"","msg":"RT jessejane Off to the next game ⚾️ kisses happy Friday everyone 💋💋💋 https//tco/uBXEWKZFqg"}
{"tweet_id":841810209974718464,"created_unixtime":1489538168792,"created_time":"Wed Mar 15 00:36:08 +0000 2017","lang":"en","displayname":"shum76179","time_zone":"Eastern Time (US & Canada)","msg":"Deathmaster780 I think were all a little happy to see more Captain Cold in any of the DCTV properties"}
{"tweet_id":841810196703936512,"created_unixtime":1489538165628,"created_time":"Wed Mar 15 00:36:05 +0000 2017","lang":"en","displayname":"NautikaC","time_zone":"","msg":"RT D_Deji28 Do you guys know why he was killed A girl lied that he raped her and her brother shot him dead https//tco/IWDVDZp3rz"}
{"tweet_id":841810210733883392,"created_unixtime":1489538168973,"created_time":"Wed Mar 15 00:36:08 +0000 2017","lang":"en","displayname":"thxsissam","time_zone":"Amsterdam","msg":"So happy to see so many male suicide awareness campaigns atm cant stress enough how important it is for boys to talk to each other"}
{"tweet_id":841810206862503936,"created_unixtime":1489538168050,"created_time":"Wed Mar 15 00:36:08 +0000 2017","lang":"en","displayname":"HBKCPAs","time_zone":"Central Time (US & Canada)","msg":"Happy Pi Day Our Foley office celebrated with pizza pies and pink margaritas 314 https//tco/MftwpZw9AO"}
{"tweet_id":841810210738040832,"created_unixtime":1489538168974,"created_time":"Wed Mar 15 00:36:08 +0000 2017","lang":"en","displayname":"oliviagladiiis_","time_zone":"EDT","msg":"RT jennie_lynn00 if going to school everyday by 925 was a thing  id look way more happy walking the halls"}
{"tweet_id":841810210926804992,"created_unixtime":1489538169019,"created_time":"Wed Mar 15 00:36:09 +0000 2017","lang":"en","displayname":"SMARKDOWNcast","time_zone":"","msg":"Cena marks will call MizTV fake newsSad SDLive"}
{"tweet_id":841810210759008256,"created_unixtime":1489538168979,"created_time":"Wed Mar 15 00:36:08 +0000 2017","lang":"en","displayname":"f_ABZ_ulous","time_zone":"Atlantic Time (Canada)","msg":"RT nmeade18 Happy birthday pretty girl Hope you enjoyed youre day and good luck on your test 💗💗💗🎉 f_ABZ_ulous"}
{"tweet_id":841810210956046336,"created_unixtime":1489538169026,"created_time":"Wed Mar 15 00:36:09 +0000 2017","lang":"en","displayname":"gonzales_gelly","time_zone":"","msg":"RT JaDinexWolves HAPPY 3RD ANNIVERSARY BEST FANS IN THE WORLD 💜 LetOurPurpleHeartsShineAt3 https//tco/9gL71MXt3x"}
{"tweet_id":841810210834522112,"created_unixtime":1489538168997,"created_time":"Wed Mar 15 00:36:08 +0000 2017","lang":"en","displayname":"Moore42Noah","time_zone":"","msg":"RT codaafool Moore42Noah happy birthday bum"}
{"tweet_id":841810210444464130,"created_unixtime":1489538168904,"created_time":"Wed Mar 15 00:36:08 +0000 2017","lang":"en","displayname":"whitelantmojo","time_zone":"Atlantic Time (Canada)","msg":"RT SaraBareilles You look inside your heart and find a pizza and remember that pizza is ALL our best friends https//tco/G79BuhSpba"}
{"tweet_id":841810210834505730,"created_unixtime":1489538168997,"created_time":"Wed Mar 15 00:36:08 +0000 2017","lang":"und","displayname":"AleexRako","time_zone":"Paris","msg":"RT Fxshion2Society No https//tco/rBiwWklCeb"}
{"tweet_id":841810210817769472,"created_unixtime":1489538168993,"created_time":"Wed Mar 15 00:36:08 +0000 2017","lang":"en","displayname":"Lanham_Lerner","time_zone":"Pacific Time (US & Canada)","msg":"RT neiltyson 314  Happy Piday to Gregorian calendar users who reckon dates with month followed by day separated by period omitting year"}
{"tweet_id":841810211316875269,"created_unixtime":1489538169112,"created_time":"Wed Mar 15 00:36:09 +0000 2017","lang":"en","displayname":"fayhart101","time_zone":"Mexico City","msg":"To be joyous is to be a madman in a world of sad ghosts ~ Henry Miller"}
{"tweet_id":841810211069390848,"created_unixtime":1489538169053,"created_time":"Wed Mar 15 00:36:09 +0000 2017","lang":"en","displayname":"T_Cook_1211","time_zone":"Pacific Time (US & Canada)","msg":"RT _BillM Sad reality for Steelers is that if they had the entire Patriots Defense Brady and Belichick would still own them"}
{"tweet_id":841810211937648641,"created_unixtime":1489538169260,"created_time":"Wed Mar 15 00:36:09 +0000 2017","lang":"en","displayname":"felipearuta","time_zone":"Santiago","msg":"RT neiltyson 314  Happy Piday to Gregorian calendar users who reckon dates with month followed by day separated by period omitting year"}
{"tweet_id":841810211782434816,"created_unixtime":1489538169223,"created_time":"Wed Mar 15 00:36:09 +0000 2017","lang":"en","displayname":"MyFavoriteFinds","time_zone":"Eastern Time (US & Canada)","msg":"MomItForward a good bowl of guac and quality tortilla chips makes me happy  Or anything Peanut Butter and chocolate AvoHappiness GNO"}
{"tweet_id":841810211887300609,"created_unixtime":1489538169248,"created_time":"Wed Mar 15 00:36:09 +0000 2017","lang":"en","displayname":"alexf9235","time_zone":"","msg":"RT pipesmalone there was a point in my life when i didnt think id be this happy ever again amp now i cant believe i ever let someone mak…"}
{"tweet_id":841810211912470530,"created_unixtime":1489538169254,"created_time":"Wed Mar 15 00:36:09 +0000 2017","lang":"en","displayname":"K_Marinacci","time_zone":"","msg":"RT bohdana_bo Happy birthday to my beautiful friend K_Marinacci  Hope you have a good day Sweet 18❤😍🍫🍬💝🎊🎉🎈"}
{"tweet_id":841810212617125888,"created_unixtime":1489538169422,"created_time":"Wed Mar 15 00:36:09 +0000 2017","lang":"en","displayname":"Kike_TCG","time_zone":"","msg":"RT meanpIastic Someone When was the last time u were truly happyMe https//tco/ntTKfIwWx1"}
{"tweet_id":841810212839284737,"created_unixtime":1489538169475,"created_time":"Wed Mar 15 00:36:09 +0000 2017","lang":"ja","displayname":"k_on19911127","time_zone":"Osaka","msg":"RT shizu_0426 Happy Birthday 海未ちゃん！おめでとう！海未ちゃんがラブライブを好きになるきっかけでした！！ラブアローシュート💕園田海未生誕祭 園田海未生誕祭2017 海未ちゃん推しはRT… "}
{"tweet_id":841810213212573696,"created_unixtime":1489538169564,"created_time":"Wed Mar 15 00:36:09 +0000 2017","lang":"en","displayname":"PBBKAHOUSE","time_zone":"Pacific Time (US & Canada)","msg":"I cried I was sad I was guilty I was everything Edward MBMayWard"}
{"tweet_id":841810212935860224,"created_unixtime":1489538169498,"created_time":"Wed Mar 15 00:36:09 +0000 2017","lang":"en","displayname":"kendallclod","time_zone":"","msg":"Happy birthday boyf StephenCurry30 ily"}
{"tweet_id":841810213447458817,"created_unixtime":1489538169620,"created_time":"Wed Mar 15 00:36:09 +0000 2017","lang":"en","displayname":"MadisonSport","time_zone":"Central Time (US & Canada)","msg":"Packers Lance Kendricks happy to be back home in Wisconsin https//tco/Z02qrmUDY4"}
{"tweet_id":841810213556625408,"created_unixtime":1489538169646,"created_time":"Wed Mar 15 00:36:09 +0000 2017","lang":"en","displayname":"AuthorTiffany","time_zone":"Central Time (US & Canada)","msg":"StuckInBooks jessbooklover Im so sad I wont be seeing you two Ash will be bummed shell be missing a chance to see Jessica "}
{"tweet_id":841810213854363648,"created_unixtime":1489538169717,"created_time":"Wed Mar 15 00:36:09 +0000 2017","lang":"en","displayname":"lexandralinares","time_zone":"","msg":"RT preaching my main focus is to better myself be successful and be happy so if you arent contributing to that then i dont need you i…"}
{"tweet_id":841810214307389440,"created_unixtime":1489538169825,"created_time":"Wed Mar 15 00:36:09 +0000 2017","lang":"en","displayname":"MadDannyWest","time_zone":"","msg":"TROY_alty Hey happy birthday dude 😁👍👍🎉🎊🎈🎁🎊🍻"}
{"tweet_id":841810214412148736,"created_unixtime":1489538169850,"created_time":"Wed Mar 15 00:36:09 +0000 2017","lang":"vi","displayname":"docmienphi","time_zone":"","msg":"Sách Miễn Phí Happy Reader – Cuộc Phiêu Lưu Của Alice Ở Xứ Sở Thần Tiên Kèm 1 CD https//tco/6lcyXznIUX https//tco/cdONzhlC7O"}
{"tweet_id":841810215896932352,"created_unixtime":1489538170204,"created_time":"Wed Mar 15 00:36:10 +0000 2017","lang":"en","displayname":"joedhan","time_zone":"","msg":"RT BoneyM30 StephenCurry30 Happy Birthday Steph 🏀🏀🎂😎 Go Warriors dubnation https//tco/GL0RcYVZqu"}
{"tweet_id":841810216056434690,"created_unixtime":1489538170242,"created_time":"Wed Mar 15 00:36:10 +0000 2017","lang":"en","displayname":"DEloveisundead","time_zone":"","msg":"And we would be forced to call this THE OFFICIAL DELENA PROPOSALNo thanxMaybe Id be sad if Brian amp Allowitz were the ones working on 8x16"}
{"tweet_id":841810216115175424,"created_unixtime":1489538170256,"created_time":"Wed Mar 15 00:36:10 +0000 2017","lang":"en","displayname":"breezy__briii","time_zone":"Eastern Time (US & Canada)","msg":"RT Simone_Biles happy birthday to all the march 14th babies  🖤"}
{"tweet_id":841810216689758210,"created_unixtime":1489538170393,"created_time":"Wed Mar 15 00:36:10 +0000 2017","lang":"en","displayname":"horcruxqueen","time_zone":"Brasilia","msg":"RT madelainepetsch Happy BARFday weirdo https//tco/S6A5AeYrJw"}
{"tweet_id":841810216748498945,"created_unixtime":1489538170407,"created_time":"Wed Mar 15 00:36:10 +0000 2017","lang":"en","displayname":"myeastbayhouses","time_zone":"Pacific Time (US & Canada)","msg":"Thanks Thumbtack Technology for the follow I´m very happy about it"}
{"tweet_id":841810216933027840,"created_unixtime":1489538170451,"created_time":"Wed Mar 15 00:36:10 +0000 2017","lang":"en","displayname":"jcostell03","time_zone":"","msg":"RT ReIatable DID YOU GUYS KNOW OTTERS WAG THEIR TAILS LIKE DOGS WHEN THEYRE HAPPY https//tco/OiUbH5BaSC"}
{"tweet_id":841810215402143745,"created_unixtime":1489538170086,"created_time":"Wed Mar 15 00:36:10 +0000 2017","lang":"en","displayname":"emsjwx","time_zone":"London","msg":"Happy 21st birthday i hope you have the best day love ya lots 😋💜 TheVampsCon"}
{"tweet_id":841810217759326208,"created_unixtime":1489538170648,"created_time":"Wed Mar 15 00:36:10 +0000 2017","lang":"en","displayname":"NoLeftTurn1","time_zone":"","msg":"RT FBIMostWanted Happy 67th Birthday to the FBI Ten Most Wanted Fugitives List created on March 14 1950 https//tco/aaf7lqVtLn"}
{"tweet_id":841810213539856386,"created_unixtime":1489538169642,"created_time":"Wed Mar 15 00:36:09 +0000 2017","lang":"en","displayname":"Tucc06","time_zone":"Eastern Time (US & Canada)","msg":"Happy pi day and happy anniversary to Patman_Forever Heres to many more  Roslindale Village https//tco/3zUcTmhYfD"}
{"tweet_id":841810213858562048,"created_unixtime":1489538169718,"created_time":"Wed Mar 15 00:36:09 +0000 2017","lang":"en","displayname":"ralcniv","time_zone":"Hong Kong","msg":"RT mainedcm I am a one happy banana How about you https//tco/KKyl9dh6HO"}
{"tweet_id":841810213430784001,"created_unixtime":1489538169616,"created_time":"Wed Mar 15 00:36:09 +0000 2017","lang":"en","displayname":"tyydollazz","time_zone":"Central Time (US & Canada)","msg":"RT TOASTOTHEGOD Its Sad When Ur Own Friends Hate On You"}
{"tweet_id":841810213976084480,"created_unixtime":1489538169746,"created_time":"Wed Mar 15 00:36:09 +0000 2017","lang":"en","displayname":"xtofallabout","time_zone":"London","msg":"Seanchuckle Happy whatever"}
{"tweet_id":841810213917364225,"created_unixtime":1489538169732,"created_time":"Wed Mar 15 00:36:09 +0000 2017","lang":"en","displayname":"garyftlaud","time_zone":"Eastern Time (US & Canada)","msg":"RT samkalidi Happy Pi Day https//tco/nrfirnHPXQ"}
{"tweet_id":841810213963464704,"created_unixtime":1489538169743,"created_time":"Wed Mar 15 00:36:09 +0000 2017","lang":"en","displayname":"VictorriahE","time_zone":"","msg":"RT jiulladee you really see things in a more positive way when youre happy"}
{"tweet_id":841810214332575744,"created_unixtime":1489538169831,"created_time":"Wed Mar 15 00:36:09 +0000 2017","lang":"en","displayname":"marksspatula","time_zone":"","msg":"I was sad and then I looked at Apocalypto_12 s tweets and I am happy again blessed by this awesome human being"}
{"tweet_id":841810214043164673,"created_unixtime":1489538169762,"created_time":"Wed Mar 15 00:36:09 +0000 2017","lang":"en","displayname":"GailYou72514463","time_zone":"","msg":"RT DCC_Tasha 7 years ago today this little angel was born🎀 No matter how old you get youll always be my baby💕 Happy Birthday M… "}
{"tweet_id":841810214491844608,"created_unixtime":1489538169869,"created_time":"Wed Mar 15 00:36:09 +0000 2017","lang":"en","displayname":"ajajanea","time_zone":"Pacific Time (US & Canada)","msg":"Anything that comes with avocado makes me happy https//tco/JNUwXQVc5T"}
{"tweet_id":841810215179829248,"created_unixtime":1489538170033,"created_time":"Wed Mar 15 00:36:10 +0000 2017","lang":"en","displayname":"k_turner29","time_zone":"","msg":"RT hidden saying im tired when youre actually sad"}
{"tweet_id":841810216245202944,"created_unixtime":1489538170287,"created_time":"Wed Mar 15 00:36:10 +0000 2017","lang":"en","displayname":"MecayaUnderwood","time_zone":"","msg":"RT preaching my main focus is to better myself be successful and be happy so if you arent contributing to that then i dont need you i…"}
{"tweet_id":841810215745933312,"created_unixtime":1489538170168,"created_time":"Wed Mar 15 00:36:10 +0000 2017","lang":"en","displayname":"Maddybaer","time_zone":"","msg":"Happy one year amigos ❤🇨🇷{victoriaapeddie hudsonbuuurrsch} https//tco/joeagFmrlO"}
{"tweet_id":841810216832253952,"created_unixtime":1489538170427,"created_time":"Wed Mar 15 00:36:10 +0000 2017","lang":"ja","displayname":"Fairys_Kitchen","time_zone":"","msg":"チャネリングHAPPYアドバイザーりさか☆きゃっきゃうふふチャネリングで対話 https//tco/fNq8h2SHd1 のんびり"}
{"tweet_id":841810216995848192,"created_unixtime":1489538170466,"created_time":"Wed Mar 15 00:36:10 +0000 2017","lang":"en","displayname":"jack_prior_","time_zone":"Pacific Time (US & Canada)","msg":"Thank you sydney https//tco/PunX4Fj9Pd"}
{"tweet_id":841810217071456256,"created_unixtime":1489538170484,"created_time":"Wed Mar 15 00:36:10 +0000 2017","lang":"en","displayname":"mumfro","time_zone":"","msg":"RT peachygabb happy BlackOutDay from your favorite mixed flower girl https//tco/UOQhoLcXXU"}
{"tweet_id":841810217063055362,"created_unixtime":1489538170482,"created_time":"Wed Mar 15 00:36:10 +0000 2017","lang":"en","displayname":"redrivergrl","time_zone":"Central Time (US & Canada)","msg":"RT RMConservative Very sad to listen to VP mislead marklevinshows audience talks about free market nothing about it gets rid of it"}
{"tweet_id":841810218019258371,"created_unixtime":1489538170710,"created_time":"Wed Mar 15 00:36:10 +0000 2017","lang":"en","displayname":"Taco_Pussy","time_zone":"","msg":"RT Nineteen1319 gtsad piano musiclt https//tco/omYdkajfGf"}
{"tweet_id":841810218325438464,"created_unixtime":1489538170783,"created_time":"Wed Mar 15 00:36:10 +0000 2017","lang":"en","displayname":"ohznapitznica","time_zone":"Arizona","msg":"RT hidden saying im tired when youre actually sad"}
{"tweet_id":841810217969020928,"created_unixtime":1489538170698,"created_time":"Wed Mar 15 00:36:10 +0000 2017","lang":"en","displayname":"pkell7","time_zone":"Eastern Time (US & Canada)","msg":"RT FBIMostWanted Happy 67th Birthday to the FBI Ten Most Wanted Fugitives List created on March 14 1950 https//tco/aaf7lqVtLn"}
{"tweet_id":841810218715627520,"created_unixtime":1489538170876,"created_time":"Wed Mar 15 00:36:10 +0000 2017","lang":"en","displayname":"Taylorsturgill_","time_zone":"","msg":"Harbor has to suffer for listening to my sappy sad music"}
{"tweet_id":841810219113959424,"created_unixtime":1489538170971,"created_time":"Wed Mar 15 00:36:10 +0000 2017","lang":"en","displayname":"cyperskits","time_zone":"Pacific Time (US & Canada)","msg":"“Puritanism The haunting fear that someone somewhere may be happy”"}
{"tweet_id":841810219332071424,"created_unixtime":1489538171023,"created_time":"Wed Mar 15 00:36:11 +0000 2017","lang":"en","displayname":"Tatu_77","time_zone":"","msg":"RT Symbioticdub Happy Pi day As in creampieCome and get one Big ups 😬😬😬😬☺️"}
{"tweet_id":841810218971455492,"created_unixtime":1489538170937,"created_time":"Wed Mar 15 00:36:10 +0000 2017","lang":"und","displayname":"narcicismo","time_zone":"","msg":" https//tco/fiBW2eMDrN"}
{"tweet_id":841810220170928128,"created_unixtime":1489538171223,"created_time":"Wed Mar 15 00:36:11 +0000 2017","lang":"en","displayname":"jenn_allyssa","time_zone":"","msg":"RT JadinePublicist Happy 3rd Year Anniversary JaDines Stay Strong 2014 • 2015 • 2016 • 2017 Salamat Ive learned a lot 😘LetOurPu…"}
{"tweet_id":841810220280082434,"created_unixtime":1489538171249,"created_time":"Wed Mar 15 00:36:11 +0000 2017","lang":"en","displayname":"TheBrianest","time_zone":"Pacific Time (US & Canada)","msg":"DailyJulianne sad that its so long ago"}
{"tweet_id":841810220137422848,"created_unixtime":1489538171215,"created_time":"Wed Mar 15 00:36:11 +0000 2017","lang":"en","displayname":"ucannotbesrrsrn","time_zone":"Pacific Time (US & Canada)","msg":"RT camillekbasa Happy Pi📐📈Day Homie😂😂😂Id Never🙅🚫Subtract➖U From My Life💯 U☝️Add ➕ Good Times🍻🍸amp I Wish The Fun 👯 Would Multiply✖️Send To…"}
{"tweet_id":841810221039206400,"created_unixtime":1489538171430,"created_time":"Wed Mar 15 00:36:11 +0000 2017","lang":"tl","displayname":"withelights_on","time_zone":"Taipei","msg":"Hahahaha thank you madam bacon Oo kakain ako ng cake 😁 https//tco/ocbhgQasPd"}
{"tweet_id":841810221190254592,"created_unixtime":1489538171466,"created_time":"Wed Mar 15 00:36:11 +0000 2017","lang":"en","displayname":"MyRegistryWed","time_zone":"","msg":"RT MyRegistryWed RT MOMITFORWARD Q6 DOES FOOD MAKE YOU HAPPY WHAT DISHES MAKE YOU THE HAPPIEST AvoHappiness GNO PLS RT"}
{"tweet_id":841810221261557761,"created_unixtime":1489538171483,"created_time":"Wed Mar 15 00:36:11 +0000 2017","lang":"en","displayname":"taylormckenziee","time_zone":"Pacific Time (US & Canada)","msg":"RT hidden saying im tired when youre actually sad"}
{"tweet_id":841810221098012672,"created_unixtime":1489538171444,"created_time":"Wed Mar 15 00:36:11 +0000 2017","lang":"en","displayname":"Jack1Kaltenbau9","time_zone":"Central Time (US & Canada)","msg":"Happy Birthday big guy trapperben"}
{"tweet_id":841810221257392128,"created_unixtime":1489538171482,"created_time":"Wed Mar 15 00:36:11 +0000 2017","lang":"en","displayname":"BabyTeddypender","time_zone":"West Central Africa","msg":"When I see your eyes staring at me when I see that smile on your face I cant help but smile and feel happy"}
{"tweet_id":841810221290913792,"created_unixtime":1489538171490,"created_time":"Wed Mar 15 00:36:11 +0000 2017","lang":"en","displayname":"CookingConquest","time_zone":"Eastern Time (US & Canada)","msg":"RT seanhannity The Economist on split Separating the “good co” as analysts are calling 21st Century Fox from the newspaper bus… "}
{"tweet_id":841810221437734912,"created_unixtime":1489538171525,"created_time":"Wed Mar 15 00:36:11 +0000 2017","lang":"en","displayname":"AlyssaDetone","time_zone":"","msg":"happy birthday gorgeous hope you had a great one 💗💗 jillianbeall_"}
{"tweet_id":841810220686929920,"created_unixtime":1489538171346,"created_time":"Wed Mar 15 00:36:11 +0000 2017","lang":"en","displayname":"FrenchE_Montana","time_zone":"Eastern Time (US & Canada)","msg":"Free99 https//tco/5chnJSQ5vO"}
{"tweet_id":841810222666534912,"created_unixtime":1489538171818,"created_time":"Wed Mar 15 00:36:11 +0000 2017","lang":"en","displayname":"adecke1","time_zone":"Pacific Time (US & Canada)","msg":"RT pizzahoIic Does anyone else just get super happy when they think about pizza or is it just me"}
{"tweet_id":841810222586949632,"created_unixtime":1489538171799,"created_time":"Wed Mar 15 00:36:11 +0000 2017","lang":"en","displayname":"ArtKour","time_zone":"Pacific Time (US & Canada)","msg":"Nhyworks himself to my boot  I guess I should be happy I was wearing thick boots uhg"}
{"tweet_id":841810222389817344,"created_unixtime":1489538171752,"created_time":"Wed Mar 15 00:36:11 +0000 2017","lang":"en","displayname":"ughxvenus","time_zone":"Eastern Time (US & Canada)","msg":"RT D_Deji28 Do you guys know why he was killed A girl lied that he raped her and her brother shot him dead https//tco/IWDVDZp3rz"}
{"tweet_id":841810222901518336,"created_unixtime":1489538171874,"created_time":"Wed Mar 15 00:36:11 +0000 2017","lang":"en","displayname":"lilashley3","time_zone":"Quito","msg":"RT aprrrril_ My attendance is sad"}
{"tweet_id":841810223446732801,"created_unixtime":1489538172004,"created_time":"Wed Mar 15 00:36:12 +0000 2017","lang":"en","displayname":"AngelVoice0506","time_zone":"Pacific Time (US & Canada)","msg":"RT hyoyeonsubs2 same day  BAEK white  HYUN blackHappy White Day💌💝https//tco/tpjr7bWuwR"}
{"tweet_id":841810223014768640,"created_unixtime":1489538171901,"created_time":"Wed Mar 15 00:36:11 +0000 2017","lang":"en","displayname":"jacksterjack99","time_zone":"","msg":"RT AKoritsas jacksterjack99 happy for ya big man ‼️"}
{"tweet_id":841810223874605056,"created_unixtime":1489538172106,"created_time":"Wed Mar 15 00:36:12 +0000 2017","lang":"en","displayname":"_JoeyMarple","time_zone":"Atlantic Time (Canada)","msg":"NGreenminute happy birthday bro"}
{"tweet_id":841810224155631617,"created_unixtime":1489538172173,"created_time":"Wed Mar 15 00:36:12 +0000 2017","lang":"en","displayname":"J_Agok","time_zone":"","msg":"RT JustAGirIThing Someone When was the last time u were truly happy Me https//tco/YTSjNOreRU"}
{"tweet_id":841810224637927424,"created_unixtime":1489538172288,"created_time":"Wed Mar 15 00:36:12 +0000 2017","lang":"en","displayname":"ItsMeJoyskie","time_zone":"","msg":"RT lucyliciousmith Edward So happy to be here MBMayWard"}
{"tweet_id":841810224805777408,"created_unixtime":1489538172328,"created_time":"Wed Mar 15 00:36:12 +0000 2017","lang":"en","displayname":"StacieTacopool","time_zone":"","msg":"feliciaday They cant handle the truth Sad"}
{"tweet_id":841810224809947136,"created_unixtime":1489538172329,"created_time":"Wed Mar 15 00:36:12 +0000 2017","lang":"en","displayname":"Cherylsway","time_zone":"","msg":"JoeRecessedpro Happy Birthday sweet Joe 🎂🎁🎉"}
{"tweet_id":841810224713486337,"created_unixtime":1489538172306,"created_time":"Wed Mar 15 00:36:12 +0000 2017","lang":"en","displayname":"__Back2Business","time_zone":"Central Time (US & Canada)","msg":"Once May hits omg Ill be so happy everyday Ill be smiling and counting down"}
{"tweet_id":841810224793165828,"created_unixtime":1489538172325,"created_time":"Wed Mar 15 00:36:12 +0000 2017","lang":"en","displayname":"okashinodango","time_zone":"","msg":"RT raenbou When everyone finally realizes how happy Hoseok makes Yoongi https//tco/IE7vJzBalf"}
{"tweet_id":841810225241907200,"created_unixtime":1489538172432,"created_time":"Wed Mar 15 00:36:12 +0000 2017","lang":"tl","displayname":"maichard161","time_zone":"","msg":"RT RichDeiFTW iambmc mainedcm May kurot talaga sa 💛 yung 4th goal no Yung sad feeling pero happy feeling din kasi we want her… "}
{"tweet_id":841810224927383552,"created_unixtime":1489538172357,"created_time":"Wed Mar 15 00:36:12 +0000 2017","lang":"en","displayname":"Charmmm__","time_zone":"Central Time (US & Canada)","msg":"I do that https//tco/IUuAMyu1Cc"}
{"tweet_id":841810224889634816,"created_unixtime":1489538172348,"created_time":"Wed Mar 15 00:36:12 +0000 2017","lang":"en","displayname":"DanORiley","time_zone":"Central Time (US & Canada)","msg":"RT alphasigs Happy PiDay from AlphaSig https//tco/OR1HOJnExY"}
{"tweet_id":841810225418051584,"created_unixtime":1489538172474,"created_time":"Wed Mar 15 00:36:12 +0000 2017","lang":"en","displayname":"Dorothy04521717","time_zone":"","msg":"RT OFCALDubKoTo WE DEFINE OUR SET OF EXPECTATIONS AND OUR STANDARDS TO REACH HAPPINESS WHICH WE ALL CALL CONTENTMENT 😊… "}
{"tweet_id":841810225124528128,"created_unixtime":1489538172404,"created_time":"Wed Mar 15 00:36:12 +0000 2017","lang":"en","displayname":"TomLancaster7","time_zone":"","msg":"RT Stormzy1 Do what makes you happy mate"}
{"tweet_id":841810225464135680,"created_unixtime":1489538172485,"created_time":"Wed Mar 15 00:36:12 +0000 2017","lang":"en","displayname":"Handraaa_","time_zone":"Pacific Time (US & Canada)","msg":"RT HYPEBEAST Happy Birthday Steph 🍾 https//tco/N0t5c1aSwY"}
{"tweet_id":841810225954922497,"created_unixtime":1489538172602,"created_time":"Wed Mar 15 00:36:12 +0000 2017","lang":"en","displayname":"hxeri_","time_zone":"Pacific Time (US & Canada)","msg":"WYS I just said Im happy to see you istg 😂 https//tco/DAGmc7TsJh"}
{"tweet_id":841810225804001281,"created_unixtime":1489538172566,"created_time":"Wed Mar 15 00:36:12 +0000 2017","lang":"en","displayname":"colewilliams_17","time_zone":"","msg":"RT seth_lyon happy birthday mom 🎈🌥 https//tco/S4oiKuptI2"}
{"tweet_id":841810225963372544,"created_unixtime":1489538172604,"created_time":"Wed Mar 15 00:36:12 +0000 2017","lang":"en","displayname":"backwoodsluva","time_zone":"","msg":"RT ayant__ seeing him makes me sooo happy  and he just dont understand😭"}
{"tweet_id":841810225216786432,"created_unixtime":1489538172426,"created_time":"Wed Mar 15 00:36:12 +0000 2017","lang":"en","displayname":"pj7_10","time_zone":"","msg":"RT Stormzy1 Do what makes you happy mate"}
{"tweet_id":841810226256928768,"created_unixtime":1489538172674,"created_time":"Wed Mar 15 00:36:12 +0000 2017","lang":"und","displayname":"Rojeena135","time_zone":"","msg":"RT abhimanyuth8585 Everyone has scars and everyone has storiesNEW_COVERबितेका तिम्रा यादहरुले by the seasons bandfeeling nostalg… "}
{"tweet_id":841810225938239489,"created_unixtime":1489538172598,"created_time":"Wed Mar 15 00:36:12 +0000 2017","lang":"en","displayname":"crspinxvr","time_zone":"Paris","msg":"Happy birthday 😍😍 LFC YNWA"}
{"tweet_id":841810226600787968,"created_unixtime":1489538172756,"created_time":"Wed Mar 15 00:36:12 +0000 2017","lang":"en","displayname":"carmela_pusa","time_zone":"Pacific Time (US & Canada)","msg":"RT hidden saying im tired when youre actually sad"}
{"tweet_id":841810226588352513,"created_unixtime":1489538172753,"created_time":"Wed Mar 15 00:36:12 +0000 2017","lang":"en","displayname":"somecanuckchick","time_zone":"Eastern Time (US & Canada)","msg":"RT 22_Minutes Happy Pi day The one day a year set aside for eating pie and having flashbacks of middle school math class"}
{"tweet_id":841810226529501185,"created_unixtime":1489538172739,"created_time":"Wed Mar 15 00:36:12 +0000 2017","lang":"ja","displayname":"k_on19911127","time_zone":"Osaka","msg":"RT ny213hskbst 海未ちゃんHAPPY BIRTHDAY🎉🎉🎉🎉🎉園田海未生誕祭2017 園田海未生誕祭 3月15日は園田海未の誕生日 RTした人全員フォローする いいねした人全員フォローする https//tco/Z9PL3Ff6Se"}
{"tweet_id":841810227305443329,"created_unixtime":1489538172924,"created_time":"Wed Mar 15 00:36:12 +0000 2017","lang":"en","displayname":"PhlTheGamer","time_zone":"","msg":"RT SilasSitri PhlTheGamer and won a giveaway held by FaZeStare excited but since the announcement there has been no communication hel…"}
{"tweet_id":841810227309776896,"created_unixtime":1489538172925,"created_time":"Wed Mar 15 00:36:12 +0000 2017","lang":"en","displayname":"xallie__","time_zone":"Central Time (US & Canada)","msg":"RT anairdahs_ You couldve told me you wasnt happy I know you didnt wanna hurt me but look what youve done to me now"}
{"tweet_id":841810227263606784,"created_unixtime":1489538172914,"created_time":"Wed Mar 15 00:36:12 +0000 2017","lang":"en","displayname":"mioyamanobes","time_zone":"","msg":"RT oneradishplease Happy White Day Can I interest you inone radish https//tco/CmHwt2ZfKy"}
{"tweet_id":841810227234258944,"created_unixtime":1489538172907,"created_time":"Wed Mar 15 00:36:12 +0000 2017","lang":"en","displayname":"HannaMaeWheeler","time_zone":"Quito","msg":"RT TheTumblrPosts this just made me so sad 😭 https//tco/DtVltAKPez"}
{"tweet_id":841810227347492866,"created_unixtime":1489538172934,"created_time":"Wed Mar 15 00:36:12 +0000 2017","lang":"en","displayname":"MrDariusCarter","time_zone":"Eastern Time (US & Canada)","msg":"Not the first amp wont be the last As long as he stays in his lane well have no issues Ive stated this publical… https//tco/o4dsCuMeJG"}
{"tweet_id":841810228236673025,"created_unixtime":1489538173146,"created_time":"Wed Mar 15 00:36:13 +0000 2017","lang":"en","displayname":"ThatoneJoy","time_zone":"","msg":"RT GameGrumps Happy Birthday Danny https//tco/Qc8I63RkPP"}
{"tweet_id":841810228010205184,"created_unixtime":1489538173092,"created_time":"Wed Mar 15 00:36:13 +0000 2017","lang":"en","displayname":"ddaeguni","time_zone":"","msg":"RT unbleachedkpop Happy Birthday to Astros precious leader 💕😭 HappyJinJinDay 별들의_리더_박진우_생일축하해 https//tco/d7VZsCTtGr"}
{"tweet_id":841810228098306049,"created_unixtime":1489538173113,"created_time":"Wed Mar 15 00:36:13 +0000 2017","lang":"en","displayname":"furianreseigh","time_zone":"London","msg":"Right if this films destruction gets fixed with a Doctor Who style ultimo fix I will not be happy"}
{"tweet_id":841810228362510336,"created_unixtime":1489538173176,"created_time":"Wed Mar 15 00:36:13 +0000 2017","lang":"en","displayname":"veracardoso137","time_zone":"Casablanca","msg":"RT soIute sometimes the best way to be happy is to learn to let go of things you tried hard to hold on to that are no longer good for you"}
{"tweet_id":841810228916158465,"created_unixtime":1489538173308,"created_time":"Wed Mar 15 00:36:13 +0000 2017","lang":"en","displayname":"sixfortheroad","time_zone":"Atlantic Time (Canada)","msg":"MomItForward A6 I love guac with chips it makes me very happy with margarita AvoHappiness GNO"}
{"tweet_id":841810228958003200,"created_unixtime":1489538173318,"created_time":"Wed Mar 15 00:36:13 +0000 2017","lang":"en","displayname":"burkhead_taylor","time_zone":"","msg":"skylarminden Happy Birthday Hope you had he best day love ya💜💜💜"}
{"tweet_id":841810228853256193,"created_unixtime":1489538173293,"created_time":"Wed Mar 15 00:36:13 +0000 2017","lang":"en","displayname":"smoothnchilled","time_zone":"Quito","msg":"So y the sad face https//tco/ymrHQazr3A"}
{"tweet_id":841810225422315520,"created_unixtime":1489538172475,"created_time":"Wed Mar 15 00:36:12 +0000 2017","lang":"en","displayname":"antavia_horne","time_zone":"","msg":"HAPPY BIRTHDAY KRISTYN I enjoy seeing u everyday after 1st Love u lots amp cant wait for more memories with u💗… https//tco/9IgC8gMU7x"}
{"tweet_id":841810229528424448,"created_unixtime":1489538173454,"created_time":"Wed Mar 15 00:36:13 +0000 2017","lang":"en","displayname":"IvannaOrtegaa","time_zone":"","msg":"Happy birthday love I hope you had an amazing day🎈❣️ s_wootten"}
{"tweet_id":841810229448720386,"created_unixtime":1489538173435,"created_time":"Wed Mar 15 00:36:13 +0000 2017","lang":"en","displayname":"rockegan","time_zone":"Pacific Time (US & Canada)","msg":"Happy Tuesday So glad to have the sublime as I leave the office today"}
{"tweet_id":841810229373345795,"created_unixtime":1489538173417,"created_time":"Wed Mar 15 00:36:13 +0000 2017","lang":"en","displayname":"DrBenTalei","time_zone":"Eastern Time (US & Canada)","msg":"A day early  happy WedNoseDay Quick easy happy non surgical nosejob with fillers… https//tco/jUK8j18BjK"}
{"tweet_id":841810229608230913,"created_unixtime":1489538173473,"created_time":"Wed Mar 15 00:36:13 +0000 2017","lang":"en","displayname":"SweetSweetHazza","time_zone":"Pacific Time (US & Canada)","msg":"Harry_Styles Youre the reason of my smile I love you and Im proud of you I would be very happy if you follow me one day ❤️  759"}
{"tweet_id":841810229830520834,"created_unixtime":1489538173526,"created_time":"Wed Mar 15 00:36:13 +0000 2017","lang":"en","displayname":"SecretHomeBaker","time_zone":"","msg":"Some more of these gluten free Chocchip Cookies on order Happy humpday mysecrethomebaker… https//tco/CVZFH1lEUK"}
{"tweet_id":841810230379970560,"created_unixtime":1489538173657,"created_time":"Wed Mar 15 00:36:13 +0000 2017","lang":"en","displayname":"scplusts","time_zone":"Central Time (US & Canada)","msg":"Happy White Day X"}
{"tweet_id":841810230497443843,"created_unixtime":1489538173685,"created_time":"Wed Mar 15 00:36:13 +0000 2017","lang":"en","displayname":"smolbeaniweeni","time_zone":"","msg":"IM CRYIN https//tco/4bG7c60HaS"}
{"tweet_id":841810230820372480,"created_unixtime":1489538173762,"created_time":"Wed Mar 15 00:36:13 +0000 2017","lang":"en","displayname":"lukewhorriskey","time_zone":"","msg":"RT Stormzy1 Do what makes you happy mate"}
{"tweet_id":841810230866526209,"created_unixtime":1489538173773,"created_time":"Wed Mar 15 00:36:13 +0000 2017","lang":"en","displayname":"manngurleen","time_zone":"Eastern Time (US & Canada)","msg":"RT Gurmeetramrahim MSGwishesToArmedForces Jai Hind amp Happy Holi to the courageous Armed Forces who valiantly defend the honor of http…"}
{"tweet_id":841810231168512000,"created_unixtime":1489538173845,"created_time":"Wed Mar 15 00:36:13 +0000 2017","lang":"en","displayname":"MonicaSheyenne1","time_zone":"","msg":"RT megan_carlton Monica went on a road trip without me and Im so sad I feel empty"}
{"tweet_id":841810230254141440,"created_unixtime":1489538173627,"created_time":"Wed Mar 15 00:36:13 +0000 2017","lang":"en","displayname":"ChaosSalon","time_zone":"Eastern Time (US & Canada)","msg":"Happy PiDay  https//tco/EETcej6zDT"}
{"tweet_id":841810231285956609,"created_unixtime":1489538173873,"created_time":"Wed Mar 15 00:36:13 +0000 2017","lang":"pt","displayname":"matheusdelimama","time_zone":"","msg":"Gostei de um vídeo YouTube https//tco/habeE8jKdr  Sad Black Kirby"}
{"tweet_id":841810232971935744,"created_unixtime":1489538174275,"created_time":"Wed Mar 15 00:36:14 +0000 2017","lang":"ja","displayname":"M2Yuuki","time_zone":"","msg":"【連載マンガ】「ほしとくずDont worry Be happy」を読みました！人気マンガが無料で読める！LINEマンガ今スグ読む→ https//tco/23WIPHC0g2 LINEマンガ"}
{"tweet_id":841810232799985664,"created_unixtime":1489538174234,"created_time":"Wed Mar 15 00:36:14 +0000 2017","lang":"en","displayname":"philsuniverse_","time_zone":"","msg":"trnturtle NicoleLizzyM PeteZahHutt happy birthday"}
{"tweet_id":841810233320132608,"created_unixtime":1489538174358,"created_time":"Wed Mar 15 00:36:14 +0000 2017","lang":"en","displayname":"JennyRose422","time_zone":"Eastern Time (US & Canada)","msg":"RT neiltyson 314  Happy Piday to Gregorian calendar users who reckon dates with month followed by day separated by period omitting year"}
{"tweet_id":841810232690925568,"created_unixtime":1489538174208,"created_time":"Wed Mar 15 00:36:14 +0000 2017","lang":"en","displayname":"naveeee30","time_zone":"","msg":"RT preaching my main focus is to better myself be successful and be happy so if you arent contributing to that then i dont need you i…"}
{"tweet_id":841810233932443648,"created_unixtime":1489538174504,"created_time":"Wed Mar 15 00:36:14 +0000 2017","lang":"en","displayname":"thosectylights","time_zone":"Pacific Time (US & Canada)","msg":"RT JadinePublicist Happy 3rd Year Anniversary JaDines Stay Strong 2014 • 2015 • 2016 • 2017 Salamat Ive learned a lot 😘LetOurPu…"}
{"tweet_id":841810233982914563,"created_unixtime":1489538174516,"created_time":"Wed Mar 15 00:36:14 +0000 2017","lang":"en","displayname":"BradFireborn","time_zone":"Bangkok","msg":"RT leonawrote RT BradFireborn RT DavidRoads I choose to be happy today https//tco/VZCuugl57i"}
{"tweet_id":841810233940942848,"created_unixtime":1489538174506,"created_time":"Wed Mar 15 00:36:14 +0000 2017","lang":"en","displayname":"mmmmmmmmmmmaj","time_zone":"Jakarta","msg":"RT preaching my main focus is to better myself be successful and be happy so if you arent contributing to that then i dont need you i…"}
{"tweet_id":841810234020638720,"created_unixtime":1489538174525,"created_time":"Wed Mar 15 00:36:14 +0000 2017","lang":"en","displayname":"EngleEthanengle","time_zone":"","msg":"RT RoastMeDaily Bob Barker and Adam Sandler did a Happy Gilmore reunion skit and it was great https//tco/LCtdsSqoeZ"}
{"tweet_id":841810234880413696,"created_unixtime":1489538174730,"created_time":"Wed Mar 15 00:36:14 +0000 2017","lang":"en","displayname":"ada_nac","time_zone":"","msg":"RT jonnywakefield Likely a safe Liberal seat but the BCL riding assn is not one big happy family right now amp vote splitting will affect…"}
{"tweet_id":841810234750328833,"created_unixtime":1489538174699,"created_time":"Wed Mar 15 00:36:14 +0000 2017","lang":"en","displayname":"jonadelosreyes2","time_zone":"","msg":"RT lucyliciousmith Edward So happy to be here MBMayWard"}
{"tweet_id":841810234620424192,"created_unixtime":1489538174668,"created_time":"Wed Mar 15 00:36:14 +0000 2017","lang":"en","displayname":"audreyfoowler","time_zone":"Pacific Time (US & Canada)","msg":"happy 314day yall I almost just witnessed a 3 on 1 fight right infront of pink in the mall"}
{"tweet_id":841810234775490560,"created_unixtime":1489538174705,"created_time":"Wed Mar 15 00:36:14 +0000 2017","lang":"en","displayname":"bidot_realtor","time_zone":"Pacific Time (US & Canada)","msg":"RT BoozDataScience Happy PiDay  datahumor https//tco/0ilUF6Z8IC"}
{"tweet_id":841810207592333312,"created_unixtime":1489538168224,"created_time":"Wed Mar 15 00:36:08 +0000 2017","lang":"en","displayname":"brinanerz_","time_zone":"Eastern Time (US & Canada)","msg":"RT PeachMeadows only miserable people are bullys amp thats a fact no one who is happy ever has the urge to bring others down remember t…"}
{"tweet_id":841810234477817861,"created_unixtime":1489538174634,"created_time":"Wed Mar 15 00:36:14 +0000 2017","lang":"ja","displayname":"Yuinozuki","time_zone":"Eastern Time (US & Canada)","msg":"RT NarusCosplay 【コス写真】Happy White Day Yuuri 💕yurionice https//tco/xbl56k5xbB"}
{"tweet_id":841810235203366912,"created_unixtime":1489538174807,"created_time":"Wed Mar 15 00:36:14 +0000 2017","lang":"ja","displayname":"kodai7871","time_zone":"","msg":"RT Maki_NsknMk 海未ちゃん！Happy Birthday🎉🎊今年もこうやって海未ちゃんをお祝いしてくれる人がたくさんいて、自分は嬉しいですこれからも変わらず大好きです👏これからも応援させてください🎌✨園田海未生誕祭2017 https//t…"}
{"tweet_id":841810235270422529,"created_unixtime":1489538174823,"created_time":"Wed Mar 15 00:36:14 +0000 2017","lang":"in","displayname":"Mutiarasari3796","time_zone":"","msg":"RT kinalJKT48 So Happy 88LoveLife buku fav aku dan tadi dapet bukunya langsung dr ka diana sama ka dinda bakal langsung bacaaa… "}
{"tweet_id":841810235668889600,"created_unixtime":1489538174918,"created_time":"Wed Mar 15 00:36:14 +0000 2017","lang":"en","displayname":"cgindico","time_zone":"","msg":"RT DirekJoey Happy Wednesday Find purpose for each day then you will realize the difference between having a life from dealing with exis…"}
{"tweet_id":841810235585044480,"created_unixtime":1489538174898,"created_time":"Wed Mar 15 00:36:14 +0000 2017","lang":"en","displayname":"jen_loescher","time_zone":"","msg":"RT SedwayRavens Happy Mathematical Pi Day  314 https//tco/OyeNt04M3c"}
{"tweet_id":841810235933188096,"created_unixtime":1489538174981,"created_time":"Wed Mar 15 00:36:14 +0000 2017","lang":"ko","displayname":"maknaeng2","time_zone":"","msg":"RT LaNoblesse_0522 Happy White Valentine Day 늦어지만 해피 회이트 데이💕 SUHO 수호 https//tco/utBmXc37Wb https//tco/2xJAJ0oc4S"}
{"tweet_id":841810236021194752,"created_unixtime":1489538175002,"created_time":"Wed Mar 15 00:36:15 +0000 2017","lang":"en","displayname":"ObeyyCollin","time_zone":"","msg":"RT streeter_jaden ObeyyCollin it makes me happy chills me out"}
{"tweet_id":841810234343579648,"created_unixtime":1489538174602,"created_time":"Wed Mar 15 00:36:14 +0000 2017","lang":"en","displayname":"vmontielarquero","time_zone":"","msg":"RT starlite71111 Happy Tuesday dear friends Have a fantastic day 🤗🤗☕️☕️❤️❤️❤️🌿🌺☀️🍄😘😘👋👋☀️ https//tco/aXSKglvRZq"}
{"tweet_id":841810233446006788,"created_unixtime":1489538174388,"created_time":"Wed Mar 15 00:36:14 +0000 2017","lang":"en","displayname":"oddballme","time_zone":"Eastern Time (US & Canada)","msg":"RT TheDoctorPuppet Happy piday doctorwho petercapaldi pearlmackie billpotts pie https//tco/2KayNRsZ8t"}
{"tweet_id":841810235144720384,"created_unixtime":1489538174793,"created_time":"Wed Mar 15 00:36:14 +0000 2017","lang":"en","displayname":"oliviasabin8","time_zone":"","msg":"happy bday elia miss you cutie hope today was good❤️❤️❤️eliaa_chavez https//tco/Gubb3pQRKp"}
{"tweet_id":841810232326119424,"created_unixtime":1489538174121,"created_time":"Wed Mar 15 00:36:14 +0000 2017","lang":"en","displayname":"EmpressMikaela","time_zone":"Central Time (US & Canada)","msg":"RT StoryInPicture Happy vs Unhappy https//tco/RtxpzaqTG6"}
{"tweet_id":841810235891294212,"created_unixtime":1489538174971,"created_time":"Wed Mar 15 00:36:14 +0000 2017","lang":"en","displayname":"bhairya","time_zone":"America/Chicago","msg":"ChaseSupport not offering custom account solutions amp forcing customers to pick one is not the way to make us happy /6"}
{"tweet_id":841810231403393024,"created_unixtime":1489538173901,"created_time":"Wed Mar 15 00:36:13 +0000 2017","lang":"en","displayname":"maciestovall","time_zone":"","msg":"Thank you sm syd Miss you tons 💘 https//tco/1sn287oM3l"}
{"tweet_id":841810236772102144,"created_unixtime":1489538175181,"created_time":"Wed Mar 15 00:36:15 +0000 2017","lang":"en","displayname":"peymosel","time_zone":"","msg":"gracegalentine happy birthday I love yaaaaaa 💕"}
{"tweet_id":841810236734341121,"created_unixtime":1489538175172,"created_time":"Wed Mar 15 00:36:15 +0000 2017","lang":"en","displayname":"bevermeadow","time_zone":"","msg":"If Rachel Maddow breaks twitter with this I will be forever happy "}
{"tweet_id":841810236809875457,"created_unixtime":1489538175190,"created_time":"Wed Mar 15 00:36:15 +0000 2017","lang":"en","displayname":"purdyleelee","time_zone":"Pacific Time (US & Canada)","msg":"RT rort91 Thats pretty sadand creepy https//tco/pDFnl31GPS"}
{"tweet_id":841810237170450432,"created_unixtime":1489538175276,"created_time":"Wed Mar 15 00:36:15 +0000 2017","lang":"ja","displayname":"ecstasy1998","time_zone":"","msg":"RT HQ2as 海未ちゃんHappy Birthday🎉🎉🎉園田海未生誕祭2017 3月15日は園田海未の誕生日 ラブライバーと繋がりたい RTした人全員フォローする https//tco/PRk8XRzeae"}
{"tweet_id":841810218891776001,"created_unixtime":1489538170918,"created_time":"Wed Mar 15 00:36:10 +0000 2017","lang":"en","displayname":"ColleaLauryn","time_zone":"Eastern Time (US & Canada)","msg":"Maddie_Cleary89 happy birthday pretty girl Hope you had the best day🤗"}
{"tweet_id":841810233206939649,"created_unixtime":1489538174331,"created_time":"Wed Mar 15 00:36:14 +0000 2017","lang":"en","displayname":"MHPisconfused","time_zone":"Eastern Time (US & Canada)","msg":"RickyVaughnX1 yashar Sad  Probably no Russia connection either"}
{"tweet_id":841810236537167873,"created_unixtime":1489538175125,"created_time":"Wed Mar 15 00:36:15 +0000 2017","lang":"en","displayname":"boundlssjrny","time_zone":"","msg":"Happy Pi Dayhttps//tco/HMKWdJHHhF…boundlessjourney pizza piday2017 piday pie yummy Ale8One… https//tco/k3L6g1y7Gb"}
{"tweet_id":841810235136331776,"created_unixtime":1489538174791,"created_time":"Wed Mar 15 00:36:14 +0000 2017","lang":"en","displayname":"brendake32","time_zone":"","msg":"RT ItsMandy_ish 50FanNikki and theyre playful and happy to see you and just a fucking joy Cats are freakin useless mate 😤"}
{"tweet_id":841810232963682304,"created_unixtime":1489538174273,"created_time":"Wed Mar 15 00:36:14 +0000 2017","lang":"en","displayname":"tayyhammel","time_zone":"","msg":"PAM RUNNING TO THE AIRPORT TO SAY GOODBYE TO MICHAEL IM SAD AS FUCK AGAIN"}
{"tweet_id":841810235991965700,"created_unixtime":1489538174995,"created_time":"Wed Mar 15 00:36:14 +0000 2017","lang":"en","displayname":"Taa_Bandssss","time_zone":"","msg":"RT hidden saying im tired when youre actually sad"}
{"tweet_id":841810237778612224,"created_unixtime":1489538175421,"created_time":"Wed Mar 15 00:36:15 +0000 2017","lang":"en","displayname":"DebHedani","time_zone":"","msg":"RT GarrisonBlue Im so happy these two are working to MAGA https//tco/xpO0LJILMx"}
{"tweet_id":841810225774645248,"created_unixtime":1489538172559,"created_time":"Wed Mar 15 00:36:12 +0000 2017","lang":"en","displayname":"bIueguitar","time_zone":"Brasilia","msg":"SherriSaum1 a thing about Stef that you love with all your heart thefosterschat THANK U FOR SAYING HI TO MY GIRL SHES SO HAPPY ily"}
{"tweet_id":841810235132133377,"created_unixtime":1489538174790,"created_time":"Wed Mar 15 00:36:14 +0000 2017","lang":"en","displayname":"KarenGomez132","time_zone":"Central Time (US & Canada)","msg":"RT EthanDolan happy tuesday todays vid is gonna be super different 😬"}
{"tweet_id":841810220674355200,"created_unixtime":1489538171343,"created_time":"Wed Mar 15 00:36:11 +0000 2017","lang":"en","displayname":"DeannaMc1","time_zone":"Eastern Time (US & Canada)","msg":"RT CUTEST_ANlMALS this makes me so happy  https//tco/4ebwUxo9Hg"}
{"tweet_id":841810238831386624,"created_unixtime":1489538175672,"created_time":"Wed Mar 15 00:36:15 +0000 2017","lang":"en","displayname":"JisselM2","time_zone":"","msg":"RT alexaiono My happy place☺ https//tco/pgetrNhVIp"}
{"tweet_id":841810238516924417,"created_unixtime":1489538175597,"created_time":"Wed Mar 15 00:36:15 +0000 2017","lang":"en","displayname":"emmywells999","time_zone":"","msg":"Happy birthday Han❤️ hope you have a great day  Miss you hannahsternisha"}
{"tweet_id":841810238923788291,"created_unixtime":1489538175694,"created_time":"Wed Mar 15 00:36:15 +0000 2017","lang":"en","displayname":"Rosabee6","time_zone":"","msg":"BBCWorld it was the baby bowling in like a happy Davros after too many E numbers that killed me best laugh of the year CutestFamilyEver"}
{"tweet_id":841810215821557760,"created_unixtime":1489538170186,"created_time":"Wed Mar 15 00:36:10 +0000 2017","lang":"en","displayname":"Noelleee14","time_zone":"","msg":"RT hidden saying im tired when youre actually sad"}
{"tweet_id":841810238860845059,"created_unixtime":1489538175679,"created_time":"Wed Mar 15 00:36:15 +0000 2017","lang":"en","displayname":"TallGlassManFTW","time_zone":"America/New_York","msg":"RT MeninistTweet Happy pi dayThe Falcons blew a 283 lead314283  31the warriors blew a 31 lead in the NBA Finals"}
{"tweet_id":841810239074795520,"created_unixtime":1489538175730,"created_time":"Wed Mar 15 00:36:15 +0000 2017","lang":"en","displayname":"LynRingor","time_zone":"","msg":"RT lorgie_solidad Happy Family MBMayWard"}
{"tweet_id":841810239364173828,"created_unixtime":1489538175799,"created_time":"Wed Mar 15 00:36:15 +0000 2017","lang":"en","displayname":"Lyve_Wire","time_zone":"Mountain Time (US & Canada)","msg":"RT BeSeriousUSA We just freaking love ❤️ you JustinTrudeau Could you please come south and fix this shitshow too  America 🇺🇸 https/…"}
{"tweet_id":841810239590682626,"created_unixtime":1489538175853,"created_time":"Wed Mar 15 00:36:15 +0000 2017","lang":"en","displayname":"_nicolemillerr_","time_zone":"Eastern Time (US & Canada)","msg":"RT oliviamakris Happy birthday _nicolemillerr_ 😍💘hope you had a great day love ya 🤗 https//tco/TGRL8PpNeQ"}
{"tweet_id":841810224793157632,"created_unixtime":1489538172325,"created_time":"Wed Mar 15 00:36:12 +0000 2017","lang":"en","displayname":"WillyGross2","time_zone":"","msg":"Real happy about having 2 snow days but sad bc Im bored af"}
{"tweet_id":841810239284510721,"created_unixtime":1489538175780,"created_time":"Wed Mar 15 00:36:15 +0000 2017","lang":"en","displayname":"gabyemdiaz","time_zone":"Atlantic Time (Canada)","msg":"RT preaching if youre happy with someone forget about what everyone else says"}
{"tweet_id":841810229482401792,"created_unixtime":1489538173443,"created_time":"Wed Mar 15 00:36:13 +0000 2017","lang":"en","displayname":"Iglex_Ts","time_zone":"","msg":"I am very happy in eSportsLUD  You could become my club broPipoooPene"}
{"tweet_id":841810228811321347,"created_unixtime":1489538173283,"created_time":"Wed Mar 15 00:36:13 +0000 2017","lang":"en","displayname":"J_J_Guero","time_zone":"","msg":"RT BillNye Happy 314 Day peoples"}
{"tweet_id":841810215821557760,"created_unixtime":1489538170186,"created_time":"Wed Mar 15 00:36:10 +0000 2017","lang":"en","displayname":"Noelleee14","time_zone":"","msg":"RT hidden saying im tired when youre actually sad"}
{"tweet_id":841810229830516737,"created_unixtime":1489538173526,"created_time":"Wed Mar 15 00:36:13 +0000 2017","lang":"en","displayname":"villiadamarr","time_zone":"Seoul","msg":"LifesandLove Be absolutely happy Focus on your own dreams Be creative"}
{"tweet_id":841810240219701248,"created_unixtime":1489538176003,"created_time":"Wed Mar 15 00:36:16 +0000 2017","lang":"en","displayname":"PacpacoBryce","time_zone":"","msg":"hannah_mateus Happy birthday meanie hope its been a good one 🤘🤗"}
{"tweet_id":841810240542720000,"created_unixtime":1489538176080,"created_time":"Wed Mar 15 00:36:16 +0000 2017","lang":"en","displayname":"eeveegun","time_zone":"Pacific Time (US & Canada)","msg":"RT kurodias happy birthday to my beautiful brave wonderful angel umi  ♡  ♡  ♡ 海未は私ですが2017園田海未生誕祭2017 https//tco/CYzgsbAZwY"}
{"tweet_id":841810240194662401,"created_unixtime":1489538175997,"created_time":"Wed Mar 15 00:36:15 +0000 2017","lang":"en","displayname":"brynngaenge","time_zone":"Quito","msg":"Happy Birthday batcho333 Sorry I didnt believe you and thanks for dedicating your shotgun to me 😘 youre almost to the big leagues 🍺🙌"}
{"tweet_id":841810220674355200,"created_unixtime":1489538171343,"created_time":"Wed Mar 15 00:36:11 +0000 2017","lang":"en","displayname":"DeannaMc1","time_zone":"Eastern Time (US & Canada)","msg":"RT CUTEST_ANlMALS this makes me so happy  https//tco/4ebwUxo9Hg"}
{"tweet_id":841810240576360448,"created_unixtime":1489538176088,"created_time":"Wed Mar 15 00:36:16 +0000 2017","lang":"en","displayname":"caitlin_skehill","time_zone":"Amsterdam","msg":"RT ell47__ I swear trying to please and keep everyone happy is the hardest thing in the world 😩"}
{"tweet_id":841810224793157632,"created_unixtime":1489538172325,"created_time":"Wed Mar 15 00:36:12 +0000 2017","lang":"en","displayname":"WillyGross2","time_zone":"","msg":"Real happy about having 2 snow days but sad bc Im bored af"}
{"tweet_id":841810228471595008,"created_unixtime":1489538173202,"created_time":"Wed Mar 15 00:36:13 +0000 2017","lang":"en","displayname":"thePhoGo","time_zone":"Mountain Time (US & Canada)","msg":"RT USFWSMtnPrairie Happy 114th birthday to the National Wildlife Refuge System https//tco/byx6e7ttvs https//tco/iV3MJcip7A"}
{"tweet_id":841810229830516737,"created_unixtime":1489538173526,"created_time":"Wed Mar 15 00:36:13 +0000 2017","lang":"en","displayname":"villiadamarr","time_zone":"Seoul","msg":"LifesandLove Be absolutely happy Focus on your own dreams Be creative"}
{"tweet_id":841810241113096193,"created_unixtime":1489538176216,"created_time":"Wed Mar 15 00:36:16 +0000 2017","lang":"en","displayname":"Prince_Mulawin","time_zone":"","msg":"RT aim0519 Being happy comes from within😍 HappyWednesbaeEveryJuan🤗ilybibi mainedcm 💛ALDUBxDTBYTugOfHearts https//tco/aZIemeJayo"}
{"tweet_id":841810207592333312,"created_unixtime":1489538168224,"created_time":"Wed Mar 15 00:36:08 +0000 2017","lang":"en","displayname":"brinanerz_","time_zone":"Eastern Time (US & Canada)","msg":"RT PeachMeadows only miserable people are bullys amp thats a fact no one who is happy ever has the urge to bring others down remember t…"}
{"tweet_id":841810239821352961,"created_unixtime":1489538175908,"created_time":"Wed Mar 15 00:36:15 +0000 2017","lang":"en","displayname":"sherripoIo1","time_zone":"","msg":"SherriSaum1 me about the happy stef and lenas scenes thefosterschat https//tco/Ykmy7FmJyt"}
{"tweet_id":841810218891776001,"created_unixtime":1489538170918,"created_time":"Wed Mar 15 00:36:10 +0000 2017","lang":"en","displayname":"ColleaLauryn","time_zone":"Eastern Time (US & Canada)","msg":"Maddie_Cleary89 happy birthday pretty girl Hope you had the best day🤗"}
{"tweet_id":841810241306132480,"created_unixtime":1489538176262,"created_time":"Wed Mar 15 00:36:16 +0000 2017","lang":"en","displayname":"julianarube","time_zone":"Atlantic Time (Canada)","msg":"RT SincerelyTumblr So annoying when ppl are like ur always laughin U laugh at everything Its not that funny like OK sorry Im a hap…"}
{"tweet_id":841810237497724928,"created_unixtime":1489538175354,"created_time":"Wed Mar 15 00:36:15 +0000 2017","lang":"und","displayname":"jhansman","time_zone":"Pacific Time (US & Canada)","msg":"openingprint SAD"}
{"tweet_id":841810240798629888,"created_unixtime":1489538176141,"created_time":"Wed Mar 15 00:36:16 +0000 2017","lang":"en","displayname":"elizabeth_suhay","time_zone":"","msg":"Happy birthday beccbrand 😊💕"}
{"tweet_id":841810228811321347,"created_unixtime":1489538173283,"created_time":"Wed Mar 15 00:36:13 +0000 2017","lang":"en","displayname":"J_J_Guero","time_zone":"","msg":"RT BillNye Happy 314 Day peoples"}
{"tweet_id":841810241478094848,"created_unixtime":1489538176303,"created_time":"Wed Mar 15 00:36:16 +0000 2017","lang":"en","displayname":"AnnaBBYE","time_zone":"Amsterdam","msg":"RT 9GAG Face Youre uglyBody Youre fatBrain Youre stupidLife You suckFood Come here babe youll be happy with me"}
{"tweet_id":841810241121484800,"created_unixtime":1489538176218,"created_time":"Wed Mar 15 00:36:16 +0000 2017","lang":"in","displayname":"Putriarumn","time_zone":"Bangkok","msg":"Happy Birthday 16 yo Cassie🎊🎉🎂 panjang umut sehat selalulong tanpa last sama Randysukses teruss🙏 CassandraaLees… https//tco/MqtD7FBHHl"}
{"tweet_id":841810242149138433,"created_unixtime":1489538176463,"created_time":"Wed Mar 15 00:36:16 +0000 2017","lang":"en","displayname":"systeph123","time_zone":"","msg":"RT Maichard162 Here  we were making fun about Banana in our GC yesterday  mainedcm 5pawn13 ALDUBxDTBYTugOfHearts https//tco/P2ujVt…"}
{"tweet_id":841810225774645248,"created_unixtime":1489538172559,"created_time":"Wed Mar 15 00:36:12 +0000 2017","lang":"en","displayname":"bIueguitar","time_zone":"Brasilia","msg":"SherriSaum1 a thing about Stef that you love with all your heart thefosterschat THANK U FOR SAYING HI TO MY GIRL SHES SO HAPPY ily"}
{"tweet_id":841810242358861825,"created_unixtime":1489538176513,"created_time":"Wed Mar 15 00:36:16 +0000 2017","lang":"en","displayname":"shrikex0r","time_zone":"Pacific Time (US & Canada)","msg":"goldengateblond Mikel_Jollett Amoney666 maddow Words cannot adequately express how happy this whole exchange has made me Seriously"}
{"tweet_id":841810242304413697,"created_unixtime":1489538176500,"created_time":"Wed Mar 15 00:36:16 +0000 2017","lang":"en","displayname":"LifeWithKathy","time_zone":"Central Time (US & Canada)","msg":"RT MomItForward Q6 DOES FOOD MAKE YOU HAPPY WHAT DISHES MAKE YOU THE HAPPIEST AvoHappiness GNO PLS RT"}
{"tweet_id":841810241465520128,"created_unixtime":1489538176300,"created_time":"Wed Mar 15 00:36:16 +0000 2017","lang":"en","displayname":"Mr_EhsanAli","time_zone":"Pacific Time (US & Canada)","msg":"Most German employers happy with refugees’ work https//tco/d68x7sfZsA https//tco/l2zUc6nQFj"}
{"tweet_id":841810242522497025,"created_unixtime":1489538176552,"created_time":"Wed Mar 15 00:36:16 +0000 2017","lang":"en","displayname":"JeffYcoy","time_zone":"","msg":"RT hrhpwdrblu Yung song na Cant Help Falling In Love bagay na bagay talaga sa KNs and KN Happy hump day everyone CHFILTeaserLaunch"}
{"tweet_id":841810242069450752,"created_unixtime":1489538176444,"created_time":"Wed Mar 15 00:36:16 +0000 2017","lang":"en","displayname":"QuennieKey","time_zone":"","msg":"RT lucyliciousmith Edward So happy to be here MBMayWard"}
{"tweet_id":841810242891591680,"created_unixtime":1489538176640,"created_time":"Wed Mar 15 00:36:16 +0000 2017","lang":"en","displayname":"JumeeRene_x3","time_zone":"Quito","msg":"RT _queenliv__ the sad truth😕 https//tco/Jsq2dijWmZ"}
{"tweet_id":841810243420094464,"created_unixtime":1489538176766,"created_time":"Wed Mar 15 00:36:16 +0000 2017","lang":"en","displayname":"ProjMotherhood","time_zone":"Eastern Time (US & Canada)","msg":"A6 Food definitely makes me happy Im a sucker for my grandmas Italian dishes but always trying to make healthy versions AvoHappiness"}
{"tweet_id":841810243118080001,"created_unixtime":1489538176694,"created_time":"Wed Mar 15 00:36:16 +0000 2017","lang":"en","displayname":"savon_tyler","time_zone":"","msg":"erindetuccio happy birthday"}
{"tweet_id":841810243403304960,"created_unixtime":1489538176762,"created_time":"Wed Mar 15 00:36:16 +0000 2017","lang":"en","displayname":"rosegoIdbea","time_zone":"","msg":"RT lovesickmair y dont my friends talk to me Im always sad https//tco/yO9OpuSDKs"}
{"tweet_id":841810243436728320,"created_unixtime":1489538176770,"created_time":"Wed Mar 15 00:36:16 +0000 2017","lang":"ja","displayname":"k8ru2","time_zone":"","msg":"RT aryoshka9 楽して上達する方法：骨格矯正してみる？  Happy Fancy Arts https//tco/GUum35YchC"}
{"tweet_id":841810243633864704,"created_unixtime":1489538176817,"created_time":"Wed Mar 15 00:36:16 +0000 2017","lang":"ja","displayname":"kodai7871","time_zone":"","msg":"RT animembty 海未ちゃんHappy Birthday大好きです園田海未生誕祭2017 園田海未生誕祭 3月15日は園田海未の誕生日 ラブライブ好きはRT RTした人全員フォローする lovelive… "}
{"tweet_id":841810243910791169,"created_unixtime":1489538176883,"created_time":"Wed Mar 15 00:36:16 +0000 2017","lang":"en","displayname":"M_McEvoy","time_zone":"Eastern Time (US & Canada)","msg":"RT SalVulcano Fake media outlets wanted us to believe this blizzard would be huge Sad"}
{"tweet_id":841810243705282560,"created_unixtime":1489538176834,"created_time":"Wed Mar 15 00:36:16 +0000 2017","lang":"en","displayname":"35aror","time_zone":"Pacific Time (US & Canada)","msg":"RT 7rowda ill not call you ex ill call u a happy memory and its gone"}
{"tweet_id":841810243881447424,"created_unixtime":1489538176876,"created_time":"Wed Mar 15 00:36:16 +0000 2017","lang":"en","displayname":"lisamazzariello","time_zone":"","msg":"I am extremely happy right now https//tco/e5to9VWpQD"}
{"tweet_id":841810243977916416,"created_unixtime":1489538176899,"created_time":"Wed Mar 15 00:36:16 +0000 2017","lang":"en","displayname":"RuizRazzo3","time_zone":"","msg":"RT soIute sometimes the best way to be happy is to learn to let go of things you tried hard to hold on to that are no longer good for you"}
{"tweet_id":841810243667533824,"created_unixtime":1489538176825,"created_time":"Wed Mar 15 00:36:16 +0000 2017","lang":"en","displayname":"racheeeel_04","time_zone":"","msg":"RT CHS_Voice ALERT School is closed tomorrow Wednesday Early notice b/c Mr Hoose wanted to allow time to plan Stay safe amp warm and…"}
{"tweet_id":841810244753747968,"created_unixtime":1489538177084,"created_time":"Wed Mar 15 00:36:17 +0000 2017","lang":"en","displayname":"nurnabihah_a","time_zone":"","msg":"Happy belated birthday Hadi amp Naim"}
{"tweet_id":841810244678238208,"created_unixtime":1489538177066,"created_time":"Wed Mar 15 00:36:17 +0000 2017","lang":"en","displayname":"wifiboybands","time_zone":"Pacific Time (US & Canada)","msg":"RT delenaerys Its great that Delenas endgame and they both lived long and happy lives but not getting a scene where they actually talke…"}
{"tweet_id":841810244674117633,"created_unixtime":1489538177065,"created_time":"Wed Mar 15 00:36:17 +0000 2017","lang":"in","displayname":"Fad3less","time_zone":"","msg":"Happy birthday mhmdzzt  Semoga panjang umur dan dimurahkan rezeki 🌸"}
{"tweet_id":841810244510576641,"created_unixtime":1489538177026,"created_time":"Wed Mar 15 00:36:17 +0000 2017","lang":"en","displayname":"Dsouza_RB","time_zone":"","msg":"RT Stormzy1 Do what makes you happy mate"}
{"tweet_id":841810244858703872,"created_unixtime":1489538177109,"created_time":"Wed Mar 15 00:36:17 +0000 2017","lang":"en","displayname":"jackjpilots","time_zone":"","msg":"BebeRexha im from brazil sad"}
{"tweet_id":841810245701767168,"created_unixtime":1489538177310,"created_time":"Wed Mar 15 00:36:17 +0000 2017","lang":"en","displayname":"kaeley_qualls","time_zone":"Arizona","msg":"maja_stolt Zack4679 this makes my heart so happy yes So cute"}
{"tweet_id":841810246129582082,"created_unixtime":1489538177412,"created_time":"Wed Mar 15 00:36:17 +0000 2017","lang":"en","displayname":"linnysprings","time_zone":"","msg":"RT tz_consyspark our SecureRiversCorpers may not have trended but I am happy to say all corps members there have been asked to go home…"}
{"tweet_id":841810246217678848,"created_unixtime":1489538177433,"created_time":"Wed Mar 15 00:36:17 +0000 2017","lang":"en","displayname":"addiecatsmith","time_zone":"","msg":"MomItForward A6 food makes me very happy Steamed crabs makes me happy AvoHappiness GNO"}
{"tweet_id":841810246167334912,"created_unixtime":1489538177421,"created_time":"Wed Mar 15 00:36:17 +0000 2017","lang":"en","displayname":"prncssalle","time_zone":"","msg":"Its sad when someone spend so much time thinking about a person that doesnt think of them at all"}
{"tweet_id":841810246066704384,"created_unixtime":1489538177397,"created_time":"Wed Mar 15 00:36:17 +0000 2017","lang":"en","displayname":"NiklasThomas16","time_zone":"","msg":"RT MeninistTweet Happy pi dayThe Falcons blew a 283 lead314283  31the warriors blew a 31 lead in the NBA Finals"}
{"tweet_id":841810246167334912,"created_unixtime":1489538177421,"created_time":"Wed Mar 15 00:36:17 +0000 2017","lang":"en","displayname":"prncssalle","time_zone":"","msg":"Its sad when someone spend so much time thinking about a person that doesnt think of them at all"}
{"tweet_id":841810245743726592,"created_unixtime":1489538177320,"created_time":"Wed Mar 15 00:36:17 +0000 2017","lang":"en","displayname":"starkov_alina","time_zone":"","msg":"RT RM_ARCHIVE they make me so happy 😊 i love best friends https//tco/DQszn1ARR8"}
{"tweet_id":841810246452543489,"created_unixtime":1489538177489,"created_time":"Wed Mar 15 00:36:17 +0000 2017","lang":"en","displayname":"cushtylifestyle","time_zone":"London","msg":"JayAndreas happy birthday babes have a good one justice 😘food is on me 🎉"}
{"tweet_id":841810246750339072,"created_unixtime":1489538177560,"created_time":"Wed Mar 15 00:36:17 +0000 2017","lang":"en","displayname":"grownarely","time_zone":"Pacific Time (US & Canada)","msg":"RT NotebookMsgs saying im tired when youre actually sad"}
{"tweet_id":841810246611918849,"created_unixtime":1489538177527,"created_time":"Wed Mar 15 00:36:17 +0000 2017","lang":"en","displayname":"ultyoojung","time_zone":"Dublin","msg":"goooodnight i love yoojung and hyejin and all my babies lots and lots and i hope theyre all happy and healthy 💞💞💞 https//tco/OLmu2SqhpX"}
{"tweet_id":841810247203278848,"created_unixtime":1489538177668,"created_time":"Wed Mar 15 00:36:17 +0000 2017","lang":"ko","displayname":"rlarajoy","time_zone":"","msg":"RT PC_960315 💘 HAPPY JINJINDAY 💘진우의 22번째 생일을 축하하기 위해 커스텀 인이어와 작은 선물을 준비해서 전달했습니다 진우야 생일 축하해💕태어나줘서 고마워💕 아스트로 진진… "}
{"tweet_id":841810247094169600,"created_unixtime":1489538177642,"created_time":"Wed Mar 15 00:36:17 +0000 2017","lang":"ja","displayname":"yuya_sao1","time_zone":"","msg":"RT zerozakiumisiki ユウキ大好きなのでやってみます！Happy Birthdayユウキ♪🎊5月23はユウキの誕生日ユウキ生誕祭2017 ソードアート・オンラインアニメ好きと繋がりたい アニメ連邦団… "}
{"tweet_id":841810247366856704,"created_unixtime":1489538177707,"created_time":"Wed Mar 15 00:36:17 +0000 2017","lang":"ja","displayname":"fuziwara_AE86","time_zone":"","msg":"RT NBAJPN 3月14日はステフィン・カリー（ウォリアーズ）の29歳の誕生日（1988年生まれ）Happy 29th Birthday StephenCurry30 warriors NBA NBAjp https//tco/zdCfda3POE"}
