{"tweet_id":841809751625232384,"created_unixtime":1489538059513,"created_time":"Wed Mar 15 00:34:19 +0000 2017","lang":"ja","displayname":"sato_sne","time_zone":"","msg":"RT otonokizaka0308 Happy Birthday dear 海未ちゃん！！！誕生日おめでとおおおおおおお！！！！！！園田海未生誕祭 園田海未生誕祭2017 3月15日は園田海未の誕生日 ラブアローシュート 海未ちゃん… "}
{"tweet_id":841809751960911872,"created_unixtime":1489538059593,"created_time":"Wed Mar 15 00:34:19 +0000 2017","lang":"en","displayname":"Clayswaney","time_zone":"Pacific Time (US & Canada)","msg":"RT 3amfeels fuck you for making me happy and then just leaving"}
{"tweet_id":841809751616954368,"created_unixtime":1489538059511,"created_time":"Wed Mar 15 00:34:19 +0000 2017","lang":"en","displayname":"WowCuteAnimal","time_zone":"","msg":"RT CUTEST_ANlMALS this makes me so happy  https//tco/T8cJuJaBpB cuteanimals cute cutepets"}
{"tweet_id":841809751952482304,"created_unixtime":1489538059591,"created_time":"Wed Mar 15 00:34:19 +0000 2017","lang":"en","displayname":"jayson_lynn","time_zone":"","msg":"RT barbiepink1177 Happy SteakampBj Day 🍆👅💋 😘  wolfdaddyspace CamDevilz burger_boogie FantasyMilf69 BoOtYGoD16 pussy_eater699… "}
{"tweet_id":841809752317394944,"created_unixtime":1489538059678,"created_time":"Wed Mar 15 00:34:19 +0000 2017","lang":"en","displayname":"tayda9_","time_zone":"Pacific Time (US & Canada)","msg":"RT troytheblackguy All she wanted to do was say happy birthday to her friend but twitter just couldnt let her live lmaooo https//tco/X…"}
{"tweet_id":841809752589926400,"created_unixtime":1489538059743,"created_time":"Wed Mar 15 00:34:19 +0000 2017","lang":"en","displayname":"czloading","time_zone":"Pacific Time (US & Canada)","msg":"RT sydelcurry Happy 29th Teppin Another year of playing name that movie and endless laughs Thank you for… https//tco/kVfQ12GEmD"}
{"tweet_id":841809752225140737,"created_unixtime":1489538059656,"created_time":"Wed Mar 15 00:34:19 +0000 2017","lang":"en","displayname":"brennalaverty","time_zone":"","msg":"RT TheTumblrPosts this just made me so sad 😭 https//tco/DtVltAKPez"}
{"tweet_id":841809752615190528,"created_unixtime":1489538059749,"created_time":"Wed Mar 15 00:34:19 +0000 2017","lang":"en","displayname":"lanoux_cameron","time_zone":"","msg":"RT SoReIatable I hate that I cry out of frustration 95  of the time its not even cause Im sad its that Im so angry I cant control…"}
{"tweet_id":841809752631971840,"created_unixtime":1489538059753,"created_time":"Wed Mar 15 00:34:19 +0000 2017","lang":"en","displayname":"BlerinaPano","time_zone":"","msg":"Im so happy my bf doesnt have a twitter I can talk shit when he pisses me off 😂😂😂"}
{"tweet_id":841809752648744960,"created_unixtime":1489538059757,"created_time":"Wed Mar 15 00:34:19 +0000 2017","lang":"en","displayname":"dani_pitter","time_zone":"Eastern Time (US & Canada)","msg":"Thanku for the third time bb ❤😍 https//tco/QFQXiPta5q"}
{"tweet_id":841809752887705600,"created_unixtime":1489538059814,"created_time":"Wed Mar 15 00:34:19 +0000 2017","lang":"en","displayname":"yj460","time_zone":"","msg":"RT fantagiogroup [아스트로] 20170315 HAPPY BIRTHDAY JINJIN♥https//tco/V5gCN4Og73ASTRO JINJIN 진진 HAPPYJINJINDAY💕 https//tco/wheN9y…"}
{"tweet_id":841809752564850688,"created_unixtime":1489538059737,"created_time":"Wed Mar 15 00:34:19 +0000 2017","lang":"en","displayname":"victoremmanuele","time_zone":"Pacific Time (US & Canada)","msg":"IndivisibleRadio See what I meanyou caller who wants people to pay more out of their pockets and go back 60 yrs… https//tco/9xzUMmD3oA"}
{"tweet_id":841809753244286977,"created_unixtime":1489538059899,"created_time":"Wed Mar 15 00:34:19 +0000 2017","lang":"en","displayname":"mamaspock","time_zone":"Pacific Time (US & Canada)","msg":"RT CNN Sen Schumer on CBO report Do facts matter anymore to our colleagues to the President Does truth matter Sad a… "}
{"tweet_id":841809753298882561,"created_unixtime":1489538059912,"created_time":"Wed Mar 15 00:34:19 +0000 2017","lang":"es","displayname":"lmaoidccc","time_zone":"","msg":"23 dias para a bea estar cá im so happy lt3333"}
{"tweet_id":841809752871034880,"created_unixtime":1489538059810,"created_time":"Wed Mar 15 00:34:19 +0000 2017","lang":"en","displayname":"ApopkaHS","time_zone":"Pacific Time (US & Canada)","msg":"Love our Math Teachers ApopkaHS ➕➖➗✖️ https//tco/L6tzrswU5S"}
{"tweet_id":841809753806266368,"created_unixtime":1489538060033,"created_time":"Wed Mar 15 00:34:20 +0000 2017","lang":"en","displayname":"dreamydxze","time_zone":"Pacific Time (US & Canada)","msg":"RT RM_ARCHIVE He is so soft I am sad and Im love https//tco/cEyokY7ZXG"}
{"tweet_id":841809753902743552,"created_unixtime":1489538060056,"created_time":"Wed Mar 15 00:34:20 +0000 2017","lang":"en","displayname":"SMOOCHMI","time_zone":"Singapore","msg":"RT SoReIatable I hate that I cry out of frustration 95  of the time its not even cause Im sad its that Im so angry I cant control…"}
{"tweet_id":841809752824901632,"created_unixtime":1489538059799,"created_time":"Wed Mar 15 00:34:19 +0000 2017","lang":"en","displayname":"kaywithcakess","time_zone":"","msg":"RT D_Deji28 Do you guys know why he was killed A girl lied that he raped her and her brother shot him dead https//tco/IWDVDZp3rz"}
{"tweet_id":841809754116706304,"created_unixtime":1489538060107,"created_time":"Wed Mar 15 00:34:20 +0000 2017","lang":"ko","displayname":"jenorality","time_zone":"","msg":"RT dadaaa0718 오늘의 마크 Would u like a cup of Americano？ㅋㅋㅋHappy White Valentines Day💕NCT MARK 마크 https//tco/tVEb75Ds6Y"}
{"tweet_id":841809754368299009,"created_unixtime":1489538060167,"created_time":"Wed Mar 15 00:34:20 +0000 2017","lang":"en","displayname":"VeranaJosefe","time_zone":"","msg":"Hi friend 😂 https//tco/sOb3HmeeA0"}
{"tweet_id":841809753651179520,"created_unixtime":1489538059996,"created_time":"Wed Mar 15 00:34:19 +0000 2017","lang":"und","displayname":"JohnMcardle_","time_zone":"","msg":"🙌🏻🙌🏻 https//tco/VyMUeKSjcL"}
{"tweet_id":841809754548719616,"created_unixtime":1489538060210,"created_time":"Wed Mar 15 00:34:20 +0000 2017","lang":"en","displayname":"Benortuno","time_zone":"Mexico City","msg":"RT Mothman113 DCEU Trinity Happy capes Friendshttps//tco/4ftZa29xF9 https//tco/StOGJ5BXjZ"}
{"tweet_id":841809752044802048,"created_unixtime":1489538059613,"created_time":"Wed Mar 15 00:34:19 +0000 2017","lang":"en","displayname":"PoliticalWilli","time_zone":"","msg":"Trying to bribe the dogs to watch maddow TrumpTaxes while I go for a walk  they are not too happy at the prosp… https//tco/5ZluI31PFB"}
{"tweet_id":841809754867425280,"created_unixtime":1489538060286,"created_time":"Wed Mar 15 00:34:20 +0000 2017","lang":"tl","displayname":"nino_beverly","time_zone":"","msg":"RT _MrsJackReid Huuuy happy 3rd year mga bakla Magdadrama sana ko kaso ang haba ng HT Wag nalang Chas HahaLetOurPurpleHeartsShineA…"}
{"tweet_id":841809754078994432,"created_unixtime":1489538060098,"created_time":"Wed Mar 15 00:34:20 +0000 2017","lang":"und","displayname":"MCole1008","time_zone":"Central Time (US & Canada)","msg":"johnlovell101 https//tco/7Fy9O7OQUc"}
{"tweet_id":841809755001638912,"created_unixtime":1489538060318,"created_time":"Wed Mar 15 00:34:20 +0000 2017","lang":"en","displayname":"KdramaAdmin","time_zone":"Krasnoyarsk","msg":"RT parksikarchive Happy Whites Day https//tco/gEIVJ27taT"}
{"tweet_id":841809754586546176,"created_unixtime":1489538060219,"created_time":"Wed Mar 15 00:34:20 +0000 2017","lang":"en","displayname":"agustinruggeri8","time_zone":"Brasilia","msg":"RT DoctorNBA Happy 29th Birthday StephenCurry30  https//tco/n6v5emfYFQ"}
{"tweet_id":841809754464911361,"created_unixtime":1489538060190,"created_time":"Wed Mar 15 00:34:20 +0000 2017","lang":"en","displayname":"ayogen23","time_zone":"","msg":"RT heybeybey14 Sad that were leaving but I had the best time with the best people ❤️ https//tco/by0A4JXSSb"}
{"tweet_id":841809755173609472,"created_unixtime":1489538060359,"created_time":"Wed Mar 15 00:34:20 +0000 2017","lang":"en","displayname":"allysoooooonn","time_zone":"","msg":"RT warriors DubNation please join us in wishing StephenCurry30 a very Happy Birthday 🎈 https//tco/cByjiIEk25"}
{"tweet_id":841809754993352704,"created_unixtime":1489538060316,"created_time":"Wed Mar 15 00:34:20 +0000 2017","lang":"en","displayname":"GBA50W","time_zone":"Eastern Time (US & Canada)","msg":"maddow who cares if you have a 2005 tax return Lets see your tax returns Quit crying and let the President work Loser Sad"}
{"tweet_id":841809755056279552,"created_unixtime":1489538060331,"created_time":"Wed Mar 15 00:34:20 +0000 2017","lang":"en","displayname":"GodIsHaeley","time_zone":"","msg":"RT GodIsHaeley Last year I weighed 115 This year battling with an eating disorder it makes Me realize how happy I should have b… "}
{"tweet_id":841809754750111744,"created_unixtime":1489538060258,"created_time":"Wed Mar 15 00:34:20 +0000 2017","lang":"en","displayname":"Outfifts2","time_zone":"","msg":"🔝 love instagood photooftheday toptags tbt cute me beautiful followme happy follow fashion selfie… https//tco/dBI4PIU6Za"}
{"tweet_id":841809755777728512,"created_unixtime":1489538060503,"created_time":"Wed Mar 15 00:34:20 +0000 2017","lang":"en","displayname":"thDigitalReader","time_zone":"Eastern Time (US & Canada)","msg":"RT MadeOfTeeth RuthanneReid courtcan And its her dad not a prince in one of those  Ol Willy Grimm got prince and stepmother happy…"}
{"tweet_id":841809756281024512,"created_unixtime":1489538060623,"created_time":"Wed Mar 15 00:34:20 +0000 2017","lang":"en","displayname":"CourtShane98","time_zone":"","msg":"Theres just something soothing about Imaginedragons music that lifts me up when Im sad 💜 just thank you"}
{"tweet_id":841809756708843520,"created_unixtime":1489538060725,"created_time":"Wed Mar 15 00:34:20 +0000 2017","lang":"en","displayname":"TdUp101","time_zone":"","msg":"RT OleePrince Happy Sunday https//tco/HvYFu0iTUh"}
{"tweet_id":841809756591386625,"created_unixtime":1489538060697,"created_time":"Wed Mar 15 00:34:20 +0000 2017","lang":"en","displayname":"Kylewitkowski","time_zone":"","msg":"RT squuiid_24 I dont see how people can be sad all the time Even on my worst days I try to stay positive"}
{"tweet_id":841809756792729600,"created_unixtime":1489538060745,"created_time":"Wed Mar 15 00:34:20 +0000 2017","lang":"en","displayname":"ZafiroEfimero","time_zone":"Pacific Time (US & Canada)","msg":"RT NekoKageGirl Happy birthday Umichan園田海未生誕祭2017 https//tco/IDEW1a58vR"}
{"tweet_id":841809756771782657,"created_unixtime":1489538060740,"created_time":"Wed Mar 15 00:34:20 +0000 2017","lang":"en","displayname":"SSGrich","time_zone":"","msg":"RT OleePrince Happy Sunday https//tco/HvYFu0iTUh"}
{"tweet_id":841809756805316608,"created_unixtime":1489538060748,"created_time":"Wed Mar 15 00:34:20 +0000 2017","lang":"en","displayname":"PaulWinninSSG","time_zone":"","msg":"RT OleePrince Happy Sunday https//tco/HvYFu0iTUh"}
{"tweet_id":841809756792717314,"created_unixtime":1489538060745,"created_time":"Wed Mar 15 00:34:20 +0000 2017","lang":"en","displayname":"Subramoni8","time_zone":"","msg":"RT narendramodi Absolutely Happy to be the Pradhan Sevak for each and every Indian https//tco/BEreA1GNVJ"}
{"tweet_id":841809757161766914,"created_unixtime":1489538060833,"created_time":"Wed Mar 15 00:34:20 +0000 2017","lang":"en","displayname":"PanDazDelight","time_zone":"","msg":"RT NutellaGlobal No matter how you do the math Nutella always measures up Happy PiDay https//tco/DfSQv39mjY"}
{"tweet_id":841809757501444096,"created_unixtime":1489538060914,"created_time":"Wed Mar 15 00:34:20 +0000 2017","lang":"en","displayname":"clarencecruz24","time_zone":"","msg":"lomongokristtee Awh sad man yan 😞 May point ka Pero of course youre important to your loved ones all the time ☺"}
{"tweet_id":841809757405085696,"created_unixtime":1489538060891,"created_time":"Wed Mar 15 00:34:20 +0000 2017","lang":"en","displayname":"hijabbti","time_zone":"Eastern Time (US & Canada)","msg":"ethereaIbitch wow i actually have been in love with u as well so happy its out in the open"}
{"tweet_id":841809757325393920,"created_unixtime":1489538060872,"created_time":"Wed Mar 15 00:34:20 +0000 2017","lang":"en","displayname":"We1Fell3Apart","time_zone":"Pacific Time (US & Canada)","msg":"RT snakebiebers my girl is 99 of the time sad during this performance and the fact that she can go through the song fine now makes… "}
{"tweet_id":841809756360716288,"created_unixtime":1489538060642,"created_time":"Wed Mar 15 00:34:20 +0000 2017","lang":"en","displayname":"ailen_gabela","time_zone":"","msg":"Happy 💕 https//tco/Wp6FKbiy9B"}
{"tweet_id":841809756738183168,"created_unixtime":1489538060732,"created_time":"Wed Mar 15 00:34:20 +0000 2017","lang":"en","displayname":"omgitsnoname","time_zone":"","msg":"RT OleePrince Happy Sunday https//tco/HvYFu0iTUh"}
{"tweet_id":841809757795147776,"created_unixtime":1489538060984,"created_time":"Wed Mar 15 00:34:20 +0000 2017","lang":"en","displayname":"mkvktm","time_zone":"","msg":"RT RWPUSA Another White House ethics complaint from our team at CREW  Sad https//tco/jm2kvIUMhH"}
{"tweet_id":841809757866455041,"created_unixtime":1489538061001,"created_time":"Wed Mar 15 00:34:21 +0000 2017","lang":"en","displayname":"yolundalindsey","time_zone":"","msg":"RT yvngcourt_ Seeing my bestfriend happy makes me happy 😭❤️"}
{"tweet_id":841809757673512960,"created_unixtime":1489538060955,"created_time":"Wed Mar 15 00:34:20 +0000 2017","lang":"en","displayname":"BattagliaGeena","time_zone":"","msg":"happy birthday again anthony hope its been the best one yet 😘😘 a_zabran2332"}
{"tweet_id":841809757618991104,"created_unixtime":1489538060942,"created_time":"Wed Mar 15 00:34:20 +0000 2017","lang":"en","displayname":"theyvette_","time_zone":"","msg":"RT deadhomosexual me an actual angel can confirm that yes we do feel sad https//tco/ulHoGS2BER"}
{"tweet_id":841809756905967625,"created_unixtime":1489538060772,"created_time":"Wed Mar 15 00:34:20 +0000 2017","lang":"en","displayname":"GemaenTaylor","time_zone":"London","msg":"Happy birthday ROXCizzle https//tco/brYO3WXRqK"}
{"tweet_id":841809758214606848,"created_unixtime":1489538061084,"created_time":"Wed Mar 15 00:34:21 +0000 2017","lang":"en","displayname":"victoriacamin","time_zone":"Atlantic Time (Canada)","msg":"happy birthday week to me though 🤗"}
{"tweet_id":841809758524858368,"created_unixtime":1489538061158,"created_time":"Wed Mar 15 00:34:21 +0000 2017","lang":"ja","displayname":"loveliveokuchan","time_zone":"","msg":"RT meimei_anime_ 今日は1番推している海未ちゃんの誕生日！！Happy Birthday！！海未ちゃんは天使のようにかわいい！最高すぎます！3月15日は園田海未の誕生日 園田海未生誕祭2017ラブライバーはRT 海未ちゃん生誕祭… "}
{"tweet_id":841809758566862849,"created_unixtime":1489538061168,"created_time":"Wed Mar 15 00:34:21 +0000 2017","lang":"en","displayname":"Holden_Guzman1","time_zone":"","msg":"RT hidden saying im tired when youre actually sad"}
{"tweet_id":841809758315257857,"created_unixtime":1489538061108,"created_time":"Wed Mar 15 00:34:21 +0000 2017","lang":"en","displayname":"NatsumeTaakashi","time_zone":"","msg":"RT fantagiogroup [아스트로] 20170315 HAPPY BIRTHDAY JINJIN♥https//tco/V5gCN4Og73ASTRO JINJIN 진진 HAPPYJINJINDAY💕 https//tco/wheN9y…"}
{"tweet_id":841809758822662144,"created_unixtime":1489538061229,"created_time":"Wed Mar 15 00:34:21 +0000 2017","lang":"en","displayname":"BlackeDress","time_zone":"Pacific Time (US & Canada)","msg":"RT lindsayell Happy Birthday kristianbush 🎉 So grateful to have you as my producer for your creativity… https//tco/m68QuU991T"}
{"tweet_id":841809758936039424,"created_unixtime":1489538061256,"created_time":"Wed Mar 15 00:34:21 +0000 2017","lang":"en","displayname":"Valerie59336749","time_zone":"","msg":"Happy Pi Day"}
{"tweet_id":841809756041945088,"created_unixtime":1489538060566,"created_time":"Wed Mar 15 00:34:20 +0000 2017","lang":"en","displayname":"AmericanGasSafe","time_zone":"","msg":"Happy Pie Day everybody 314 Florida Strawberries 🍓plantcity StrawberryFestival buylocal Organic https//tco/ou3pYtzenI"}
{"tweet_id":841809758998925312,"created_unixtime":1489538061271,"created_time":"Wed Mar 15 00:34:21 +0000 2017","lang":"en","displayname":"BeingNicoleee","time_zone":"","msg":"Pandora fucking me up🤦🏽‍♀️slow jams dont mean sad songs bitch Im tryna vibe"}
{"tweet_id":841809758835351554,"created_unixtime":1489538061232,"created_time":"Wed Mar 15 00:34:21 +0000 2017","lang":"en","displayname":"PettymusPrime","time_zone":"","msg":"How much does it cost to be happy 🤔"}
{"tweet_id":841809759233744896,"created_unixtime":1489538061327,"created_time":"Wed Mar 15 00:34:21 +0000 2017","lang":"en","displayname":"ParkerJex","time_zone":"","msg":"RT BretTheBear Happy Tuesday you lovable Bears Road to 500 lt3 love hype https//tco/DtzBCg2aOu destinythegame TwitchReTweets"}
{"tweet_id":841809759225421824,"created_unixtime":1489538061325,"created_time":"Wed Mar 15 00:34:21 +0000 2017","lang":"en","displayname":"letiyuka1611","time_zone":"","msg":"RT kanyefeeI its sad to see a good person change"}
{"tweet_id":841809758709510144,"created_unixtime":1489538061202,"created_time":"Wed Mar 15 00:34:21 +0000 2017","lang":"en","displayname":"jake_connis","time_zone":"Amsterdam","msg":"RT Stormzy1 Do what makes you happy mate"}
{"tweet_id":841809759309295620,"created_unixtime":1489538061345,"created_time":"Wed Mar 15 00:34:21 +0000 2017","lang":"en","displayname":"Dre_Suavee","time_zone":"","msg":"hayatmohh Happy birthday 🤘🏽🔥🎉"}
{"tweet_id":841809759670026240,"created_unixtime":1489538061431,"created_time":"Wed Mar 15 00:34:21 +0000 2017","lang":"en","displayname":"xLosingFaith","time_zone":"Eastern Time (US & Canada)","msg":"Emma really thinks Jesus knows Im so sad TheFosters"}
{"tweet_id":841809759468716033,"created_unixtime":1489538061383,"created_time":"Wed Mar 15 00:34:21 +0000 2017","lang":"en","displayname":"Krissylelai","time_zone":"Kuwait","msg":"vhipy happy 37th bebe Lovelots "}
{"tweet_id":841809759154114560,"created_unixtime":1489538061308,"created_time":"Wed Mar 15 00:34:21 +0000 2017","lang":"en","displayname":"MaddisonMarissa","time_zone":"","msg":"RT Hope_Nicholee Happy Birthday pretty lady💋 MaddisonMarissa"}
{"tweet_id":841809759925858304,"created_unixtime":1489538061492,"created_time":"Wed Mar 15 00:34:21 +0000 2017","lang":"es","displayname":"Jacksonathx","time_zone":"Buenos Aires","msg":"Entonces tendré que usar mi super poder Jacksonistico para que estés happy /le lanza un rayo happylador https//tco/YjnsRsWU7n"}
{"tweet_id":841809759854571520,"created_unixtime":1489538061475,"created_time":"Wed Mar 15 00:34:21 +0000 2017","lang":"tl","displayname":"TannerCookies","time_zone":"Pacific Time (US & Canada)","msg":"RT iAmLoFranxes Yepdaming nagbunyi at kinilig On d other hand dami ring nangailangan ng botox heheheHappy… https//tco/cW1gVJSDrk"}
{"tweet_id":841809760504619008,"created_unixtime":1489538061630,"created_time":"Wed Mar 15 00:34:21 +0000 2017","lang":"en","displayname":"tatzz_ling","time_zone":"","msg":"RT MsChiqlett so happy for VanBie Congratulations Newest endorsers of XcessSalon ❤️dealwithBARBIE ivandorschner… "}
{"tweet_id":841809760550813696,"created_unixtime":1489538061641,"created_time":"Wed Mar 15 00:34:21 +0000 2017","lang":"en","displayname":"supremexboi","time_zone":"","msg":"RT richthekid Focus on what makes you happy"}
{"tweet_id":841809760395526144,"created_unixtime":1489538061604,"created_time":"Wed Mar 15 00:34:21 +0000 2017","lang":"en","displayname":"TheBiggestBigZ","time_zone":"Pacific Time (US & Canada)","msg":"RT Djermengandre NSFW Happy MacroMarch  https//tco/Q66lDLdZbP"}
{"tweet_id":841809760580210690,"created_unixtime":1489538061648,"created_time":"Wed Mar 15 00:34:21 +0000 2017","lang":"en","displayname":"Kaitkid7","time_zone":"","msg":"Simone_Biles HAPPY BIRTHDAY 🎈 thanks for inspiring me everyday you are the best ❤️️"}
{"tweet_id":841809760940900352,"created_unixtime":1489538061734,"created_time":"Wed Mar 15 00:34:21 +0000 2017","lang":"en","displayname":"itss_chloeee","time_zone":"","msg":"RT pai_alexandria sometimes u have to step back amp stop bein so sad abt the ppl who have done u wrong amp appreciate the ones whod do anyth…"}
{"tweet_id":841809760978628608,"created_unixtime":1489538061743,"created_time":"Wed Mar 15 00:34:21 +0000 2017","lang":"en","displayname":"AntoineAntos","time_zone":"Pacific Time (US & Canada)","msg":"RT hidden saying im tired when youre actually sad"}
{"tweet_id":841809760966004736,"created_unixtime":1489538061740,"created_time":"Wed Mar 15 00:34:21 +0000 2017","lang":"en","displayname":"jjoohi","time_zone":"Kuala Lumpur","msg":"RT TheEllenShow Happy birthday StephenCurry30 amp Simone_Biles Together you’re 11 ft of talent and adorableness"}
{"tweet_id":841809761515450369,"created_unixtime":1489538061871,"created_time":"Wed Mar 15 00:34:21 +0000 2017","lang":"en","displayname":"gentles14101972","time_zone":"","msg":"RT Kisses_Polls TeamK fam lets vote  Top 4 na Most Beautiful Female StarPunuin natin ng sad emoji 😞TYPunuin ng sad emoji… "}
{"tweet_id":841809761381179393,"created_unixtime":1489538061839,"created_time":"Wed Mar 15 00:34:21 +0000 2017","lang":"en","displayname":"kiwicabelIo","time_zone":"Wellington","msg":"babyfajita sad thing is i watched the whole thing ksksjdkdkjdjd"}
{"tweet_id":841809761230327808,"created_unixtime":1489538061803,"created_time":"Wed Mar 15 00:34:21 +0000 2017","lang":"en","displayname":"074JK","time_zone":"","msg":"RT O917YJ happy white day i love you♡ 074JK https//tco/Gc83fOuoAn"}
{"tweet_id":841809761863585792,"created_unixtime":1489538061954,"created_time":"Wed Mar 15 00:34:21 +0000 2017","lang":"en","displayname":"daisym408","time_zone":"","msg":"RT KailLowry Thank you 🖤 https//tco/1vvmm7WFdw"}
{"tweet_id":841809762106798080,"created_unixtime":1489538062012,"created_time":"Wed Mar 15 00:34:22 +0000 2017","lang":"en","displayname":"verbatimguy","time_zone":"Eastern Time (US & Canada)","msg":"RT AidenWolfe Saw ButtScience trending figured Rick Perry invented a scientific theory to refute climate change Add a few pissologists…"}
{"tweet_id":841809762131951616,"created_unixtime":1489538062018,"created_time":"Wed Mar 15 00:34:22 +0000 2017","lang":"en","displayname":"a_r_j_u_n","time_zone":"","msg":"RT davidfrawleyved Saffron is the most transformative of all colors reflects the highest light of the Universal Dharma Happy Holi"}
{"tweet_id":841809762308239362,"created_unixtime":1489538062060,"created_time":"Wed Mar 15 00:34:22 +0000 2017","lang":"en","displayname":"spillaneda","time_zone":"Dublin","msg":"Its quite sad to have to acknowledge that a sneeze is often these days ones most satisfying physical experience"}
{"tweet_id":841809762404646912,"created_unixtime":1489538062083,"created_time":"Wed Mar 15 00:34:22 +0000 2017","lang":"und","displayname":"skxiler","time_zone":"Pacific Time (US & Canada)","msg":"sad"}
{"tweet_id":841809762580799488,"created_unixtime":1489538062125,"created_time":"Wed Mar 15 00:34:22 +0000 2017","lang":"en","displayname":"_maarrss_","time_zone":"Pacific Time (US & Canada)","msg":"cori_wori Happy Birthday dude 😇😎 have a good day🎉✨"}
{"tweet_id":841809762765361152,"created_unixtime":1489538062169,"created_time":"Wed Mar 15 00:34:22 +0000 2017","lang":"ja","displayname":"200x41","time_zone":"","msg":"もしも　生まれ変わっても　また私に生まれたいこの体と　この色で　生き抜いてきたんだから（Yellow yellow Happy/ポケットビスケッツ）"}
{"tweet_id":841809763163824128,"created_unixtime":1489538062264,"created_time":"Wed Mar 15 00:34:22 +0000 2017","lang":"en","displayname":"goodgirlmarf","time_zone":"Pacific Time (US & Canada)","msg":"Happy 18th Nin💕 Msgr Ortega peps alam na"}
{"tweet_id":841809762803167233,"created_unixtime":1489538062178,"created_time":"Wed Mar 15 00:34:22 +0000 2017","lang":"en","displayname":"ohitsbieberx","time_zone":"London","msg":"RT SincerelyTumblr So annoying when ppl are like ur always laughin U laugh at everything Its not that funny like OK sorry Im a hap…"}
{"tweet_id":841809762475999233,"created_unixtime":1489538062100,"created_time":"Wed Mar 15 00:34:22 +0000 2017","lang":"en","displayname":"RaqhiRaqhs_28","time_zone":"Atlantic Time (Canada)","msg":"RT D_Deji28 Do you guys know why he was killed A girl lied that he raped her and her brother shot him dead https//tco/IWDVDZp3rz"}
{"tweet_id":841809763126132736,"created_unixtime":1489538062255,"created_time":"Wed Mar 15 00:34:22 +0000 2017","lang":"en","displayname":"upyourtelesales","time_zone":"Eastern Time (US & Canada)","msg":"via kellyriggs The Sad State of Sales Training https//tco/TQ8wsB9yNP"}
{"tweet_id":841809763361013760,"created_unixtime":1489538062311,"created_time":"Wed Mar 15 00:34:22 +0000 2017","lang":"en","displayname":"Naydrxw6","time_zone":"","msg":"RT JustAGirIThing Someone When was the last time u were truly happy Me https//tco/YTSjNOreRU"}
{"tweet_id":841809763642052608,"created_unixtime":1489538062378,"created_time":"Wed Mar 15 00:34:22 +0000 2017","lang":"en","displayname":"nazercarlos9","time_zone":"","msg":"RT Salvesayson You don’t need to know everything in life just the things that make you happy ALDUBxDTBYTugOfHearts"}
{"tweet_id":841809763784613889,"created_unixtime":1489538062412,"created_time":"Wed Mar 15 00:34:22 +0000 2017","lang":"en","displayname":"SilcottJessie","time_zone":"","msg":"RT riss_money im so happy with the way my mom raised me compared to these others moms its a shame"}
{"tweet_id":841809764157808640,"created_unixtime":1489538062501,"created_time":"Wed Mar 15 00:34:22 +0000 2017","lang":"en","displayname":"emotionalstress","time_zone":"Hawaii","msg":"RT LorenaSGonzalez Happy that my deported veterans bill got out of committee perplexed by how anyone who says they care about veterans c…"}
{"tweet_id":841809762752765956,"created_unixtime":1489538062166,"created_time":"Wed Mar 15 00:34:22 +0000 2017","lang":"en","displayname":"Meganhungate","time_zone":"","msg":"Happy birthday to my daughter I love you so much❤ I lost so many photos of us but thanks for all the memories I can… https//tco/KCj6LipBeB"}
{"tweet_id":841809764191469569,"created_unixtime":1489538062509,"created_time":"Wed Mar 15 00:34:22 +0000 2017","lang":"en","displayname":"deosame","time_zone":"Beijing","msg":"To the most amazing and strong person I know HAPPY HAPPY BIRTHDAY MA 🎉🎂🎈 I LOVE YOU WE LOVE YOU All the best for you ma"}
{"tweet_id":841809764292132865,"created_unixtime":1489538062533,"created_time":"Wed Mar 15 00:34:22 +0000 2017","lang":"en","displayname":"Izzwick","time_zone":"","msg":"RT SincerelyTumblr So annoying when ppl are like ur always laughin U laugh at everything Its not that funny like OK sorry Im a hap…"}
{"tweet_id":841809764615106560,"created_unixtime":1489538062610,"created_time":"Wed Mar 15 00:34:22 +0000 2017","lang":"en","displayname":"_karlaboheme","time_zone":"Eastern Time (US & Canada)","msg":"still sad that Khal Drogo died in GoT 😭 https//tco/ZRI9dthSij"}
{"tweet_id":841809765390938113,"created_unixtime":1489538062795,"created_time":"Wed Mar 15 00:34:22 +0000 2017","lang":"en","displayname":"11Jadineco","time_zone":"","msg":"RT sjohns1218 Happy 3rd Anniversary JaDinesLetOurPurpleHeartsShineAt3"}
{"tweet_id":841809765068091396,"created_unixtime":1489538062718,"created_time":"Wed Mar 15 00:34:22 +0000 2017","lang":"en","displayname":"idd1941","time_zone":"Pacific Time (US & Canada)","msg":"RT HarrisCorp HarrisCorp employees celebrate PiDay by donating pies to first responders Happy Pi Day https//tco/5TccfMWkmG… "}
{"tweet_id":841809765416222726,"created_unixtime":1489538062801,"created_time":"Wed Mar 15 00:34:22 +0000 2017","lang":"en","displayname":"tacihopee","time_zone":"","msg":"sad to admit that the highlight of my spring break is practice and we dont even have that after tomorrow"}
{"tweet_id":841809765542055938,"created_unixtime":1489538062831,"created_time":"Wed Mar 15 00:34:22 +0000 2017","lang":"en","displayname":"NRobelles","time_zone":"","msg":"RT TeamRangerOFC I want someone to look at me and think Shes my happy endingMBMayWard https//tco/0JSTGYYZXU"}
{"tweet_id":841809765814607872,"created_unixtime":1489538062896,"created_time":"Wed Mar 15 00:34:22 +0000 2017","lang":"en","displayname":"cahanding","time_zone":"Pacific Time (US & Canada)","msg":"i fuck around so much on snapchat im so happy when i run into people and they tell me they love it hahaha spread the fuckery everyone"}
{"tweet_id":841809765332324353,"created_unixtime":1489538062781,"created_time":"Wed Mar 15 00:34:22 +0000 2017","lang":"en","displayname":"lexikaner","time_zone":"","msg":"RT meredith_card Were all waiting for that special someone who will change everything and make us happy but happiness is a mood not a de…"}
{"tweet_id":841809765793689600,"created_unixtime":1489538062891,"created_time":"Wed Mar 15 00:34:22 +0000 2017","lang":"en","displayname":"reiter_brenda","time_zone":"","msg":"_debora_ very happy for you"}
{"tweet_id":841809766246637568,"created_unixtime":1489538062999,"created_time":"Wed Mar 15 00:34:22 +0000 2017","lang":"en","displayname":"_montana_sky","time_zone":"","msg":"RT gracebristow gotta learn to be kind and stay happy in even the worst of situations"}
{"tweet_id":841809766536093696,"created_unixtime":1489538063068,"created_time":"Wed Mar 15 00:34:23 +0000 2017","lang":"en","displayname":"Loopylouspurs","time_zone":"London","msg":"RT BestEarthPix Happy lizard https//tco/l6XW5YntJL"}
{"tweet_id":841809766724837376,"created_unixtime":1489538063113,"created_time":"Wed Mar 15 00:34:23 +0000 2017","lang":"en","displayname":"ColinHarkonen","time_zone":"","msg":"RT Matt_firth8 ColinHarkonen Happy Birthday man Hope its awesome and hope you catch a big fish today 🎉"}
{"tweet_id":841809766393487363,"created_unixtime":1489538063034,"created_time":"Wed Mar 15 00:34:23 +0000 2017","lang":"en","displayname":"vgabriellix","time_zone":"Eastern Time (US & Canada)","msg":"asia_mtl Happy Birthday hope you had a good one✨👼🏼💛"}
{"tweet_id":841809767735656449,"created_unixtime":1489538063354,"created_time":"Wed Mar 15 00:34:23 +0000 2017","lang":"en","displayname":"Grubhub_Care","time_zone":"","msg":"cayhannah Were sorry Please DM us the order number We are happy to help Thank you"}
{"tweet_id":841809767475560449,"created_unixtime":1489538063292,"created_time":"Wed Mar 15 00:34:23 +0000 2017","lang":"en","displayname":"youmakeme_randi","time_zone":"Quito","msg":"Happy Pi Day"}
{"tweet_id":841809767672696833,"created_unixtime":1489538063339,"created_time":"Wed Mar 15 00:34:23 +0000 2017","lang":"en","displayname":"Shhmictor","time_zone":"Pacific Time (US & Canada)","msg":"This is when Im afraid of being right Id rather be proven wrong at this point but youre only right when its w… https//tco/5idNtWp6JH"}
{"tweet_id":841809768037535744,"created_unixtime":1489538063426,"created_time":"Wed Mar 15 00:34:23 +0000 2017","lang":"en","displayname":"Ashokarose","time_zone":"Arizona","msg":"RT Lanipator Who is ready to get drunk and eat pie I am Happy PiDay DrinkingGame https//tco/H0lSjSCp8B"}
{"tweet_id":841809767001665536,"created_unixtime":1489538063179,"created_time":"Wed Mar 15 00:34:23 +0000 2017","lang":"en","displayname":"cordyxchase","time_zone":"Atlantic Time (Canada)","msg":"RT fantagiogroup [아스트로] 20170315 HAPPY BIRTHDAY JINJIN♥https//tco/V5gCN4Og73ASTRO JINJIN 진진 HAPPYJINJINDAY💕 https//tco/wheN9y…"}
{"tweet_id":841809768138309632,"created_unixtime":1489538063450,"created_time":"Wed Mar 15 00:34:23 +0000 2017","lang":"en","displayname":"gallanttamara","time_zone":"","msg":"Just want my dogs to be happy really"}
{"tweet_id":841809767890882561,"created_unixtime":1489538063391,"created_time":"Wed Mar 15 00:34:23 +0000 2017","lang":"en","displayname":"PegasusEugene","time_zone":"Pacific Time (US & Canada)","msg":"Happy March Madness  Fill out a bracket that costs you nothing but could reward you with the… https//tco/mynVITYz40"}
{"tweet_id":841809768020901888,"created_unixtime":1489538063422,"created_time":"Wed Mar 15 00:34:23 +0000 2017","lang":"en","displayname":"BlainePumpelly","time_zone":"","msg":"RT ohteenquotes Spend life with who makes you happy not with who you have to impress"}
{"tweet_id":841809768251555840,"created_unixtime":1489538063477,"created_time":"Wed Mar 15 00:34:23 +0000 2017","lang":"en","displayname":"Trudacious","time_zone":"Pacific Time (US & Canada)","msg":"RT Halbeerz Steak and BJ Day  I would be happy with a burger and a angry handjob"}
{"tweet_id":841809767903424513,"created_unixtime":1489538063394,"created_time":"Wed Mar 15 00:34:23 +0000 2017","lang":"en","displayname":"jmask1997","time_zone":"Eastern Time (US & Canada)","msg":"RT richthekid Focus on what makes you happy"}
{"tweet_id":841809768624844800,"created_unixtime":1489538063566,"created_time":"Wed Mar 15 00:34:23 +0000 2017","lang":"en","displayname":"WadeNeverFades","time_zone":"","msg":"Facts https//tco/hzPfokmTaJ"}
{"tweet_id":841809769220435968,"created_unixtime":1489538063708,"created_time":"Wed Mar 15 00:34:23 +0000 2017","lang":"es","displayname":"AviCamilizer","time_zone":"","msg":"RT HAPPYFMRADIO camilacabello97 nos abre su corazón en una de sus entrevistas más íntimas https//tco/L1ZuMsSvVe https//tco/QyY6WMD…"}
{"tweet_id":841809769514074112,"created_unixtime":1489538063778,"created_time":"Wed Mar 15 00:34:23 +0000 2017","lang":"en","displayname":"MadisonHill4","time_zone":"Pacific Time (US & Canada)","msg":"Happy birthday KirbyHun2n 😛🎉miss you lots💗"}
{"tweet_id":841809769895673857,"created_unixtime":1489538063869,"created_time":"Wed Mar 15 00:34:23 +0000 2017","lang":"en","displayname":"sangatlawakhar","time_zone":"","msg":"RT baisemoi_mr seeing men hating on womensmarchKL is sad but women themselves disagreeing with their own rights are the worst"}
{"tweet_id":841809769803452416,"created_unixtime":1489538063847,"created_time":"Wed Mar 15 00:34:23 +0000 2017","lang":"en","displayname":"doliva9107","time_zone":"","msg":"RT madmills5b Arrooòooo happy birthday daddy ❤❤luvs u ❤❤ https//tco/oiniKskHvu"}
{"tweet_id":841809769803464704,"created_unixtime":1489538063847,"created_time":"Wed Mar 15 00:34:23 +0000 2017","lang":"en","displayname":"Meganlendroth","time_zone":"","msg":"Happy birthday sun miss you ❤️❤️sunnyravert"}
{"tweet_id":841809768553496576,"created_unixtime":1489538063549,"created_time":"Wed Mar 15 00:34:23 +0000 2017","lang":"ja","displayname":"ys_Kolonnello","time_zone":"","msg":"紺ちゃん Happy birthday day❗おめでとう～🎵巽紺生誕祭2017 3月15日は巽紺の誕生日 うらら迷路帖 RTした人全員フォローする https//tco/D54P2IQfGm"}
{"tweet_id":841809769862119425,"created_unixtime":1489538063861,"created_time":"Wed Mar 15 00:34:23 +0000 2017","lang":"en","displayname":"gumdropwiz","time_zone":"","msg":"RT ryli_mclaughlin its sad seeing the people you love turn into the people you hate"}
{"tweet_id":841809769962729473,"created_unixtime":1489538063885,"created_time":"Wed Mar 15 00:34:23 +0000 2017","lang":"en","displayname":"MegaZinta07","time_zone":"","msg":"RT realpreityzinta Congrats karanjohar 😘❤️😘 Sooooo happy for you amp Hiroo Aunty Im sure Yash amp Roohi will bring light amp happiness to ur…"}
{"tweet_id":841809770373894150,"created_unixtime":1489538063983,"created_time":"Wed Mar 15 00:34:23 +0000 2017","lang":"en","displayname":"kaythe_queen","time_zone":"","msg":"RT que_tarantinoo The way these young niggas is dying in Baltimore is sad"}
{"tweet_id":841809768771686400,"created_unixtime":1489538063601,"created_time":"Wed Mar 15 00:34:23 +0000 2017","lang":"en","displayname":"lindseycboyle","time_zone":"Eastern Time (US & Canada)","msg":"Happy Birthday gwynneth17 🎉  https//tco/3zZkxWclp2"}
{"tweet_id":841809770260664321,"created_unixtime":1489538063956,"created_time":"Wed Mar 15 00:34:23 +0000 2017","lang":"en","displayname":"dihashley","time_zone":"Pacific Time (US & Canada)","msg":"tommy_wolves777 she do not want that mf frfr chris if she did she would be happy ash rn but she barely been eating get right"}
{"tweet_id":841809770818420736,"created_unixtime":1489538064089,"created_time":"Wed Mar 15 00:34:24 +0000 2017","lang":"en","displayname":"trisha_caguitla","time_zone":"","msg":"RT JaDinexWolves HAPPY 3RD ANNIVERSARY BEST FANS IN THE WORLD 💜 LetOurPurpleHeartsShineAt3 https//tco/9gL71MXt3x"}
{"tweet_id":841809770675871744,"created_unixtime":1489538064055,"created_time":"Wed Mar 15 00:34:24 +0000 2017","lang":"en","displayname":"alyssa_carroll1","time_zone":"Quito","msg":"LikeImTayha happy bday boo💕🎉"}
{"tweet_id":841809769434382336,"created_unixtime":1489538063759,"created_time":"Wed Mar 15 00:34:23 +0000 2017","lang":"en","displayname":"phillip_ur_cup","time_zone":"","msg":"Happy birthday  these are some of ur fav things  JoeMann39 https//tco/sJUhiZXLvV"}
{"tweet_id":841809771363725312,"created_unixtime":1489538064219,"created_time":"Wed Mar 15 00:34:24 +0000 2017","lang":"en","displayname":"SweetSweetHazza","time_zone":"Pacific Time (US & Canada)","msg":"Harry_Styles Youre the reason of my smile I love you and Im proud of you I would be very happy if you follow me one day ❤️  754"}
{"tweet_id":841809771317489664,"created_unixtime":1489538064208,"created_time":"Wed Mar 15 00:34:24 +0000 2017","lang":"en","displayname":"jennayy_","time_zone":"","msg":"RT herreraa_irenee Honestly its time to completely not give a fuck and enjoy a happy life "}
{"tweet_id":841809771451768832,"created_unixtime":1489538064240,"created_time":"Wed Mar 15 00:34:24 +0000 2017","lang":"en","displayname":"Douglas10738211","time_zone":"","msg":"RT comermd NancyPelosi The most disillusioned Dem in DC Raising Money for a Disillusioned Al Jazeera Puppet Sad GA06… "}
{"tweet_id":841809771904745472,"created_unixtime":1489538064348,"created_time":"Wed Mar 15 00:34:24 +0000 2017","lang":"en","displayname":"maggieskinder","time_zone":"Eastern Time (US & Canada)","msg":"TeacherFriends are so happy you are here MrsNoffy  Cold where you are https//tco/ubTsn4IKus"}
{"tweet_id":841809771690893312,"created_unixtime":1489538064297,"created_time":"Wed Mar 15 00:34:24 +0000 2017","lang":"en","displayname":"TaylorHensley_","time_zone":"","msg":"thanks sm carly 😊😊 https//tco/R6AIAVbm2J"}
{"tweet_id":841809772479426560,"created_unixtime":1489538064485,"created_time":"Wed Mar 15 00:34:24 +0000 2017","lang":"en","displayname":"___KAMARI","time_zone":"Quito","msg":"Get my hair done Sunday 😊 Im so happy"}
{"tweet_id":841809772668104704,"created_unixtime":1489538064530,"created_time":"Wed Mar 15 00:34:24 +0000 2017","lang":"en","displayname":"Mapins","time_zone":"","msg":"Going to be a long day but Im happy to end it with a gig See you later Pedicab n Sandwich over at Quarry Bar across SM Southmall"}
{"tweet_id":841809771795738624,"created_unixtime":1489538064322,"created_time":"Wed Mar 15 00:34:24 +0000 2017","lang":"en","displayname":"SERGYAKNOW","time_zone":"","msg":"Im just so happy that I have uploaded my first video on my channel I have 14 views and Im so thankful that people are actually watching"}
{"tweet_id":841809772252958720,"created_unixtime":1489538064431,"created_time":"Wed Mar 15 00:34:24 +0000 2017","lang":"en","displayname":"maucrews","time_zone":"","msg":"RT BruceVH Respect yourself enough to walk away from anything that no longer serves you grows you or makes you happy https//tco/a7US…"}
{"tweet_id":841809772978552832,"created_unixtime":1489538064604,"created_time":"Wed Mar 15 00:34:24 +0000 2017","lang":"en","displayname":"Noeller13","time_zone":"Eastern Time (US & Canada)","msg":"RT callmekarizma everyone in line was smiling and happy about tonight  doors just opened cant wait to sing songs w everyone tonight de…"}
{"tweet_id":841809772944924672,"created_unixtime":1489538064596,"created_time":"Wed Mar 15 00:34:24 +0000 2017","lang":"ja","displayname":"akmmn19st","time_zone":"","msg":"RT fukasawa_saki 紺ちゃんhappy birthday🎂💓早くうらら放送日になってほしい！urara https//tco/LxgieOj4Yb"}
{"tweet_id":841809772701609985,"created_unixtime":1489538064538,"created_time":"Wed Mar 15 00:34:24 +0000 2017","lang":"en","displayname":"aprilwensel","time_zone":"Pacific Time (US & Canada)","msg":"Sad music can actually make you feel better though 🎵  https//tco/Uun3bUwYPT https//tco/ZPv2mhsTki"}
{"tweet_id":841809773754380288,"created_unixtime":1489538064789,"created_time":"Wed Mar 15 00:34:24 +0000 2017","lang":"in","displayname":"ainhaz_","time_zone":"Kuala Lumpur","msg":"Screen saya bersemut nihhhhh 😂😂🐜🐜 https//tco/l4vMHzjGia"}
{"tweet_id":841809773305724929,"created_unixtime":1489538064682,"created_time":"Wed Mar 15 00:34:24 +0000 2017","lang":"en","displayname":"HilvertJack","time_zone":"","msg":"RT MeninistTweet Happy pi dayThe Falcons blew a 283 lead314283  31the warriors blew a 31 lead in the NBA Finals"}
{"tweet_id":841809773821476864,"created_unixtime":1489538064805,"created_time":"Wed Mar 15 00:34:24 +0000 2017","lang":"en","displayname":"hxeri_","time_zone":"Pacific Time (US & Canada)","msg":"KIDDING 😂💛 Im happy to see you p https//tco/FniGdO0Z8n"}
{"tweet_id":841809773590913024,"created_unixtime":1489538064750,"created_time":"Wed Mar 15 00:34:24 +0000 2017","lang":"und","displayname":"sebas_1_1","time_zone":"Eastern Time (US & Canada)","msg":"RT karliekloss 😱 https//tco/cLFx8OSj9e"}
{"tweet_id":841809773364412416,"created_unixtime":1489538064696,"created_time":"Wed Mar 15 00:34:24 +0000 2017","lang":"en","displayname":"andy_ander28","time_zone":"","msg":"Joshhravatic late cause i havent had a phone but happy birthday bud i miss you"}
{"tweet_id":841809774064812032,"created_unixtime":1489538064863,"created_time":"Wed Mar 15 00:34:24 +0000 2017","lang":"ja","displayname":"lin_yinpin","time_zone":"Taipei","msg":"RT tsukiuta1 春「Happy White Day」春「……滑り込み完了！ロωロゞ＜お付合い、ありがとうございました♪」"}
{"tweet_id":841809773544656896,"created_unixtime":1489538064739,"created_time":"Wed Mar 15 00:34:24 +0000 2017","lang":"tl","displayname":"systeph123","time_zone":"","msg":"RT Pandita0314 Hahaha aliw na aliw talaga tayo sa balloons lelz Thank you thank you Ninnabells See you real soon 😘😘😘 https//tco/Z…"}
{"tweet_id":841809773972594688,"created_unixtime":1489538064841,"created_time":"Wed Mar 15 00:34:24 +0000 2017","lang":"en","displayname":"courtdachille","time_zone":"","msg":"RT elijahandxtine THEY HAD A PUPPY BIRTHDAY PARTY AND GOT HIM A DOGGY CAKE HE LOOKS SO HAPPY 😭 https//tco/pAKp61UHeB"}
{"tweet_id":841809774085865472,"created_unixtime":1489538064868,"created_time":"Wed Mar 15 00:34:24 +0000 2017","lang":"en","displayname":"SanjayA32520675","time_zone":"","msg":"RT MaheshNBhatt Happy birthday princess  You are my masterpiece 🌈🍄🎈❤️🎶🎶🎶🎶🎶🎶🎶🎶🎶🎶🎶 https//tco/o7RTkSqGMk"}
{"tweet_id":841809774672982017,"created_unixtime":1489538065008,"created_time":"Wed Mar 15 00:34:25 +0000 2017","lang":"en","displayname":"kyraapacheco","time_zone":"","msg":"Kinda happy 😊"}
{"tweet_id":841809774400397312,"created_unixtime":1489538064943,"created_time":"Wed Mar 15 00:34:24 +0000 2017","lang":"en","displayname":"novaJ__","time_zone":"","msg":"Happy Birthday bro 💯 cfisher_6"}
{"tweet_id":841809774513688578,"created_unixtime":1489538064970,"created_time":"Wed Mar 15 00:34:24 +0000 2017","lang":"en","displayname":"DEpleinair","time_zone":"Eastern Time (US & Canada)","msg":"RT jimcramer Thank you Webigail https//tco/Hk4IjxlUSI"}
{"tweet_id":841809774932967424,"created_unixtime":1489538065070,"created_time":"Wed Mar 15 00:34:25 +0000 2017","lang":"en","displayname":"kellii_k","time_zone":"Central Time (US & Canada)","msg":"Happy to say Ive committed to NMSU to run track and cross country… https//tco/Fpz7Xdo43L"}
{"tweet_id":841809774815526912,"created_unixtime":1489538065042,"created_time":"Wed Mar 15 00:34:25 +0000 2017","lang":"en","displayname":"Castro624Castro","time_zone":"","msg":"Im happy asf this tattoo is clean 😊"}
{"tweet_id":841809774702288896,"created_unixtime":1489538065015,"created_time":"Wed Mar 15 00:34:25 +0000 2017","lang":"en","displayname":"_nataliecortezz","time_zone":"","msg":"RT rebeccariosss Happy Birthday to my day one girl Love u🌷🌷🌷 _nataliecortezz https//tco/o2xnx5D6ie"}
{"tweet_id":841809775075696640,"created_unixtime":1489538065104,"created_time":"Wed Mar 15 00:34:25 +0000 2017","lang":"en","displayname":"MalikaHamzaa","time_zone":"Casablanca","msg":"RT Stormzy1 Do what makes you happy mate"}
{"tweet_id":841809775230869509,"created_unixtime":1489538065141,"created_time":"Wed Mar 15 00:34:25 +0000 2017","lang":"en","displayname":"nishiplier","time_zone":"Pacific Time (US & Canada)","msg":"RT jumbledpixart Happy Birthday Danny ThankYouDan for the years of goofs and laughs brightening even my saddest days 💙💙 … "}
{"tweet_id":841809775415439364,"created_unixtime":1489538065185,"created_time":"Wed Mar 15 00:34:25 +0000 2017","lang":"en","displayname":"Giancarloyeah","time_zone":"Atlantic Time (Canada)","msg":"RT Elwood_Super Giancarloyeah funny Glad I made at least one person happy today"}
{"tweet_id":841809775931330560,"created_unixtime":1489538065308,"created_time":"Wed Mar 15 00:34:25 +0000 2017","lang":"en","displayname":"Fifi_Sweetheart","time_zone":"Eastern Time (US & Canada)","msg":"nxixkxeee happy birthday love 😘"}
{"tweet_id":841809776208097280,"created_unixtime":1489538065374,"created_time":"Wed Mar 15 00:34:25 +0000 2017","lang":"th","displayname":"chanotp_s","time_zone":"Pacific Time (US & Canada)","msg":"RT khuntoria_winn เยสสสส ได้แว้ววว happy TaraFanmeetinginBKK2017 https//tco/bL1PGShIBc"}
{"tweet_id":841809776237453313,"created_unixtime":1489538065381,"created_time":"Wed Mar 15 00:34:25 +0000 2017","lang":"en","displayname":"johnnygvmes","time_zone":"","msg":"Damn https//tco/YtZKTCqnbo"}
{"tweet_id":841809776501764098,"created_unixtime":1489538065444,"created_time":"Wed Mar 15 00:34:25 +0000 2017","lang":"en","displayname":"Potsy_70","time_zone":"","msg":"gohabsgo999 Monctonscout kevinjdonny13 ArponBasu when a player struggles followers shouldnt be happy"}
{"tweet_id":841809776409477120,"created_unixtime":1489538065422,"created_time":"Wed Mar 15 00:34:25 +0000 2017","lang":"en","displayname":"lovelaydays","time_zone":"Madrid","msg":"RT Changki_Trash Look how happy he is tormenting the others 😂😂👏 https//tco/CaGIbel7KO"}
{"tweet_id":841809776493367296,"created_unixtime":1489538065442,"created_time":"Wed Mar 15 00:34:25 +0000 2017","lang":"en","displayname":"MrSeverusSnape_","time_zone":"","msg":"SarahGranger16 at this dominate woman role have been laughs again well a sad attempt"}
{"tweet_id":841809776749109248,"created_unixtime":1489538065503,"created_time":"Wed Mar 15 00:34:25 +0000 2017","lang":"en","displayname":"wowvalle","time_zone":"","msg":"RT antoniodelotero me trying to maintain a social life go to school work drink water exercise text everyone back stay sane not… "}
{"tweet_id":841809776615006212,"created_unixtime":1489538065471,"created_time":"Wed Mar 15 00:34:25 +0000 2017","lang":"en","displayname":"Quady14","time_zone":"","msg":"I wasnt expecting to find this of all weapons by sewer fishing but I was so happy I didhttps//tco/gTYEbmxD82"}
{"tweet_id":841809776925265920,"created_unixtime":1489538065545,"created_time":"Wed Mar 15 00:34:25 +0000 2017","lang":"en","displayname":"razmeezy","time_zone":"","msg":"RT DeebaAmiri razmeezy Happy birthday gorgeous 💘 Hope its a perfect one"}
{"tweet_id":841809776405315585,"created_unixtime":1489538065421,"created_time":"Wed Mar 15 00:34:25 +0000 2017","lang":"en","displayname":"Quismoolah","time_zone":"","msg":"RT D_Deji28 Do you guys know why he was killed A girl lied that he raped her and her brother shot him dead https//tco/IWDVDZp3rz"}
{"tweet_id":841809776992497664,"created_unixtime":1489538065561,"created_time":"Wed Mar 15 00:34:25 +0000 2017","lang":"en","displayname":"zacharymanuel","time_zone":"","msg":"RT missy_nicol zacharymanuel happy birthday "}
{"tweet_id":841809775528689664,"created_unixtime":1489538065212,"created_time":"Wed Mar 15 00:34:25 +0000 2017","lang":"en","displayname":"kela_kiaraa","time_zone":"","msg":"happy birthday to my favorite person 🙂❤️ with the laid baby hairs 😂 thvgchrizzy https//tco/e8XmGSfb81"}
{"tweet_id":841809778133282816,"created_unixtime":1489538065833,"created_time":"Wed Mar 15 00:34:25 +0000 2017","lang":"en","displayname":"guineapig_lord","time_zone":"Pacific Time (US & Canada)","msg":"RT shadowadddict Good night Shadowhunters I am going to sleep thinking we might have another happy couple in our cast haha l love… "}
{"tweet_id":841809778288422912,"created_unixtime":1489538065870,"created_time":"Wed Mar 15 00:34:25 +0000 2017","lang":"en","displayname":"PeterAskin1","time_zone":"Pacific Time (US & Canada)","msg":"RT Maree71439592 🆘Sad New MomFETAVery Scared😿TBD 3/15/17💔 Adopt/Foster/Pledge/RTKilling at12PM🆘😿https//tco/HOn1dyztpF https/…"}
{"tweet_id":841809778607329280,"created_unixtime":1489538065946,"created_time":"Wed Mar 15 00:34:25 +0000 2017","lang":"en","displayname":"alizaalfaro","time_zone":"","msg":"RT richthekid Focus on what makes you happy"}
{"tweet_id":841809778561171456,"created_unixtime":1489538065935,"created_time":"Wed Mar 15 00:34:25 +0000 2017","lang":"en","displayname":"AlternativeStr8","time_zone":"Eastern Time (US & Canada)","msg":"RT kashanacauley Weve all set a world record for how happy anyone can be when thinking about tax returns"}
{"tweet_id":841809778628268032,"created_unixtime":1489538065951,"created_time":"Wed Mar 15 00:34:25 +0000 2017","lang":"en","displayname":"Nerd_Patrol_","time_zone":"Pacific Time (US & Canada)","msg":"My lights are out SAD DukeEnergy"}
{"tweet_id":841809779106418688,"created_unixtime":1489538066065,"created_time":"Wed Mar 15 00:34:26 +0000 2017","lang":"en","displayname":"_germyy","time_zone":"Central Time (US & Canada)","msg":"RT poemsandthongs im beautiful and so worthy and its ok that im sad right now"}
{"tweet_id":841809779148374016,"created_unixtime":1489538066075,"created_time":"Wed Mar 15 00:34:26 +0000 2017","lang":"en","displayname":"Gooeyark","time_zone":"Mountain Time (US & Canada)","msg":"RT NintendoAmerica Poochy heard the word Pi and got excited Happy PiDay https//tco/qLVabwbqi8"}
{"tweet_id":841809778573742080,"created_unixtime":1489538065938,"created_time":"Wed Mar 15 00:34:25 +0000 2017","lang":"en","displayname":"baseballclay21","time_zone":"Hawaii","msg":"Happy 21st Birthday katiebyers1996 🍻🍻 https//tco/T3vlwCRzMg"}
{"tweet_id":841809779773345792,"created_unixtime":1489538066224,"created_time":"Wed Mar 15 00:34:26 +0000 2017","lang":"en","displayname":"Allovimo","time_zone":"Eastern Time (US & Canada)","msg":"mjc62278 Im actually not Thats the sad thing"}
{"tweet_id":841809779819479041,"created_unixtime":1489538066235,"created_time":"Wed Mar 15 00:34:26 +0000 2017","lang":"en","displayname":"alayna284","time_zone":"Eastern Time (US & Canada)","msg":"thanks dani miss you too https//tco/xmZr7NcRgN"}
{"tweet_id":841809780121448448,"created_unixtime":1489538066307,"created_time":"Wed Mar 15 00:34:26 +0000 2017","lang":"en","displayname":"kitikitikitt","time_zone":"Pacific Time (US & Canada)","msg":"RT PrayInFaith Happy moments Praise GodDifficult moments Seek GodQuiet moments Worship GodDifficult moments Trust GodEvery mo…"}
{"tweet_id":841809780016599041,"created_unixtime":1489538066282,"created_time":"Wed Mar 15 00:34:26 +0000 2017","lang":"en","displayname":"huniecam","time_zone":"","msg":"RT LL_Wikia March 15 Its the birthday of Sonoda Umi the lovely maiden of the sea Happy birthday Umichan 園田海未生誕祭2017 https//tco/…"}
{"tweet_id":841809780868022272,"created_unixtime":1489538066485,"created_time":"Wed Mar 15 00:34:26 +0000 2017","lang":"en","displayname":"BrianJasonFord","time_zone":"Eastern Time (US & Canada)","msg":"With all the driveway clearing I almost forgot to wish a happy π day to all"}
{"tweet_id":841809780943511553,"created_unixtime":1489538066503,"created_time":"Wed Mar 15 00:34:26 +0000 2017","lang":"en","displayname":"alexa_downing","time_zone":"","msg":"RachaelGrieco Happy Birthday love ❤️🎉"}
{"tweet_id":841809781182480384,"created_unixtime":1489538066560,"created_time":"Wed Mar 15 00:34:26 +0000 2017","lang":"ja","displayname":"5_fum3","time_zone":"","msg":"RT mato21010213 海未ちゃんHappy Birthday！！穂乃果とことりとずっと一緒にいられますよーに。園田海未生誕祭2017 RTした人全員フォローする 3月15日は園田海未の誕生日 ラブライバーと繋がりたい… "}
{"tweet_id":841809781367144448,"created_unixtime":1489538066604,"created_time":"Wed Mar 15 00:34:26 +0000 2017","lang":"en","displayname":"SamanthaZupko","time_zone":"Central Time (US & Canada)","msg":"its a sad thing when someone you were so close to becomes a stranger"}
{"tweet_id":841809781631336448,"created_unixtime":1489538066667,"created_time":"Wed Mar 15 00:34:26 +0000 2017","lang":"ja","displayname":"k_on19911127","time_zone":"Osaka","msg":"RT fukasaru1007 🎁Happy🎉Birthday🎂海未ちゃん！誕生日おめでとう♡可愛くて、友達想いでまっすぐ？な海未ちゃんが大好きです♡勧誘も何も出来なくてごめんなさい来年は絶対やるから！文字数が園田海未生誕祭… "}
{"tweet_id":841809781669146624,"created_unixtime":1489538066676,"created_time":"Wed Mar 15 00:34:26 +0000 2017","lang":"en","displayname":"thecapitalv","time_zone":"Central Time (US & Canada)","msg":"RT lingerie_addict In an industry thats all to happy to discard women once they reach the age of 25 campaigns like this are necessary… "}
{"tweet_id":841809781400719366,"created_unixtime":1489538066612,"created_time":"Wed Mar 15 00:34:26 +0000 2017","lang":"en","displayname":"HaliStamper","time_zone":"Pacific Time (US & Canada)","msg":"Happy bday to one of my fav girls lexi_forsee  I love you and cant wait to celebrate with ya this weekend hot stuff❤❤❤❤"}
{"tweet_id":841809780201082880,"created_unixtime":1489538066326,"created_time":"Wed Mar 15 00:34:26 +0000 2017","lang":"en","displayname":"theloveshaq","time_zone":"Sydney","msg":"Happy Birthday Mum 💐 love Nan and I and everyone 😋 https//tco/iO70rTDPDp"}
{"tweet_id":841809782424113152,"created_unixtime":1489538066856,"created_time":"Wed Mar 15 00:34:26 +0000 2017","lang":"en","displayname":"lolowhyte","time_zone":"","msg":"Never been so happy childhood dream come true finally at an… https//tco/pG6oX64Wca"}
{"tweet_id":841809783074168834,"created_unixtime":1489538067011,"created_time":"Wed Mar 15 00:34:27 +0000 2017","lang":"en","displayname":"subhi41","time_zone":"New Delhi","msg":"SinghNavdeep no doubt Parrikar was most accessible  and understanding Arms lobby is the one which is happy now"}
{"tweet_id":841809783091007488,"created_unixtime":1489538067015,"created_time":"Wed Mar 15 00:34:27 +0000 2017","lang":"en","displayname":"braaandon__","time_zone":"Central Time (US & Canada)","msg":"RT D_Deji28 Do you guys know why he was killed A girl lied that he raped her and her brother shot him dead https//tco/IWDVDZp3rz"}
{"tweet_id":841809783309103104,"created_unixtime":1489538067067,"created_time":"Wed Mar 15 00:34:27 +0000 2017","lang":"en","displayname":"ForeverTRAY","time_zone":"Quito","msg":"FK It Up If Its Your Birthday Btch 😜Happy Birthday To My Baby I Loveeee You Sista Girl 🤸🏽‍♀️🎉🎁🎈 https//tco/ljSn8bp90y"}
{"tweet_id":841809783560667136,"created_unixtime":1489538067127,"created_time":"Wed Mar 15 00:34:27 +0000 2017","lang":"en","displayname":"ashlynnnwallace","time_zone":"","msg":"Happy birthday Olivia I hope your day has been awesome ❤🎉 olivialyn4"}
{"tweet_id":841809783405477888,"created_unixtime":1489538067090,"created_time":"Wed Mar 15 00:34:27 +0000 2017","lang":"en","displayname":"OwenGmanOsborn1","time_zone":"","msg":"RT Indiegogo Celebrating piday at HQ today Happy 3/14 🍰 314159265359 https//tco/VerlYLhxbC"}
{"tweet_id":841809783732736000,"created_unixtime":1489538067168,"created_time":"Wed Mar 15 00:34:27 +0000 2017","lang":"en","displayname":"skamIife","time_zone":"Pacific Time (US & Canada)","msg":"RT PoeticalIylost Sometimes the best way to be happy is to learn to let go of things you tried hard to hold on to that are no longer good…"}
{"tweet_id":841809783825014784,"created_unixtime":1489538067190,"created_time":"Wed Mar 15 00:34:27 +0000 2017","lang":"en","displayname":"s_wootten","time_zone":"","msg":"Thank you love 💘😊 https//tco/HQume6fHYF"}
{"tweet_id":841809783711776768,"created_unixtime":1489538067163,"created_time":"Wed Mar 15 00:34:27 +0000 2017","lang":"en","displayname":"Lowkey173","time_zone":"","msg":"You were the best person I knew https//tco/E8Pup8KGAo"}
{"tweet_id":841809784248635392,"created_unixtime":1489538067291,"created_time":"Wed Mar 15 00:34:27 +0000 2017","lang":"en","displayname":"EmilyLitt1","time_zone":"","msg":"RT insecuring IF HE HAS A GIRLFRIEND THAT MEANS LEAVE HIM ALONE DONT TEXT HIM DONT CALL HIM  DONT HIT HIM UP GO GET YOUR OWN MAN AND L…"}
{"tweet_id":841809783879565314,"created_unixtime":1489538067203,"created_time":"Wed Mar 15 00:34:27 +0000 2017","lang":"en","displayname":"geebevly","time_zone":"","msg":"JenniferDeRoss GeekToMeRadio 993WCJC bigjohnmorgan HashtagRoundup Chillin IRL villians  Im so happy"}
{"tweet_id":841809784349245441,"created_unixtime":1489538067315,"created_time":"Wed Mar 15 00:34:27 +0000 2017","lang":"en","displayname":"sarangleejulie","time_zone":"","msg":"Happy birthday gimellemae15 i love you beri beri mats God bless you 😘❤"}
{"tweet_id":841809784571482112,"created_unixtime":1489538067368,"created_time":"Wed Mar 15 00:34:27 +0000 2017","lang":"ja","displayname":"loveliveokuchan","time_zone":"","msg":"RT piecespace1 海未ちゃんHappy Birthday恥ずかしがりながらもアイドルとして可愛く振る舞う姿や、勝負事に対して一笑（生）懸命になる姿などが最高！園田海未生誕祭2017 3月15日は園田海未の誕生日… "}
{"tweet_id":841809783107813376,"created_unixtime":1489538067019,"created_time":"Wed Mar 15 00:34:27 +0000 2017","lang":"en","displayname":"_Cluxton","time_zone":"","msg":"Happy birthday Alyssa Hope your weekend is litttttt 🎊🎊🎉🎉🛀🏽 AlyssaDimauro https//tco/0SRUuL50XF"}
{"tweet_id":841809785724985344,"created_unixtime":1489538067643,"created_time":"Wed Mar 15 00:34:27 +0000 2017","lang":"in","displayname":"nikitanatalia","time_zone":"Pacific Time (US & Canada)","msg":"Happy bday my best friend Temen galau yang udah ga galau lagi hahaha Panjang umur ya… w/ Decky [pic] — https//tco/eLcdaPckCp"}
{"tweet_id":841809785674694656,"created_unixtime":1489538067631,"created_time":"Wed Mar 15 00:34:27 +0000 2017","lang":"en","displayname":"___theonlytopic","time_zone":"","msg":"RT __StayHumbled Be with who makes you happy amp teach you something different  its never about what they have 😌"}
{"tweet_id":841809786194780160,"created_unixtime":1489538067755,"created_time":"Wed Mar 15 00:34:27 +0000 2017","lang":"en","displayname":"noiz1414","time_zone":"","msg":"RT melonami happy belated birthday to a wonderful friend lance tries his best lt3 completelycathy https//tco/5uKsSElRfo"}
{"tweet_id":841809786266099714,"created_unixtime":1489538067772,"created_time":"Wed Mar 15 00:34:27 +0000 2017","lang":"en","displayname":"jackburns_5","time_zone":"","msg":"NICK_inaBoX_ you happy now"}
{"tweet_id":841809786345820160,"created_unixtime":1489538067791,"created_time":"Wed Mar 15 00:34:27 +0000 2017","lang":"en","displayname":"kCalta_14","time_zone":"Quito","msg":"RT richthekid Focus on what makes you happy"}
{"tweet_id":841809787117490176,"created_unixtime":1489538067975,"created_time":"Wed Mar 15 00:34:27 +0000 2017","lang":"ko","displayname":"_apiinnya_","time_zone":"Pacific Time (US & Canada)","msg":"RT MDMB98 리더님~ 22번째 생일을 축하합니다👏태어나줘서 고맙고 그냥 박진우라는 존재가 있는것에 항상 감사해~ love u bro and happy bday💜아스트로 진진 JINJIN… "}
{"tweet_id":841809787306233856,"created_unixtime":1489538068020,"created_time":"Wed Mar 15 00:34:28 +0000 2017","lang":"en","displayname":"kluvsthebroncos","time_zone":"","msg":"maddow POTUS untalented ugly and gaynothing more pathetic Sad"}
{"tweet_id":841809787503415296,"created_unixtime":1489538068067,"created_time":"Wed Mar 15 00:34:28 +0000 2017","lang":"en","displayname":"AlAlexander0311","time_zone":"","msg":"Today was a happy day💙🎉"}
{"tweet_id":841809787809538049,"created_unixtime":1489538068140,"created_time":"Wed Mar 15 00:34:28 +0000 2017","lang":"en","displayname":"fernie_franks","time_zone":"Eastern Time (US & Canada)","msg":"RT 5HVotingStats Scared Of Happy FifthHarmony YouKnowYouLoveThem radiodisney"}
{"tweet_id":841809787616608260,"created_unixtime":1489538068094,"created_time":"Wed Mar 15 00:34:28 +0000 2017","lang":"en","displayname":"_joietan_","time_zone":"Pacific Time (US & Canada)","msg":"im happy for you Ben ❤️ https//tco/7SAnzqRQJ4"}
{"tweet_id":841809787440513024,"created_unixtime":1489538068052,"created_time":"Wed Mar 15 00:34:28 +0000 2017","lang":"en","displayname":"alecroy8","time_zone":"","msg":"9pm the phones will ring And all of NT will be happy"}
{"tweet_id":841809787692171268,"created_unixtime":1489538068112,"created_time":"Wed Mar 15 00:34:28 +0000 2017","lang":"en","displayname":"tx_claudita06","time_zone":"","msg":"RT CynthiaMX Simone_Biles Aye March babies are the best esp Pisces babies 👏🏼 Happy birthday Simone 🎉"}
{"tweet_id":841809787079786496,"created_unixtime":1489538067966,"created_time":"Wed Mar 15 00:34:27 +0000 2017","lang":"en","displayname":"treyodom4","time_zone":"","msg":"NicoleFindley1 Happy Birthday Nicole  I hope youve had a great day ❤️🎉"}
{"tweet_id":841809787935440896,"created_unixtime":1489538068170,"created_time":"Wed Mar 15 00:34:28 +0000 2017","lang":"en","displayname":"emroseleex","time_zone":"London","msg":"RT Stormzy1 Do what makes you happy mate"}
{"tweet_id":841809788531011584,"created_unixtime":1489538068312,"created_time":"Wed Mar 15 00:34:28 +0000 2017","lang":"en","displayname":"BrandyH_22","time_zone":"Eastern Time (US & Canada)","msg":"So sad Im not at Brett Young tonight he is my fav😍"}
{"tweet_id":841809788140937216,"created_unixtime":1489538068219,"created_time":"Wed Mar 15 00:34:28 +0000 2017","lang":"en","displayname":"LovelyBreaa_","time_zone":"","msg":"RT MsThanksgiving8 😊 happy Im not a insecure female"}
{"tweet_id":841809788803543040,"created_unixtime":1489538068377,"created_time":"Wed Mar 15 00:34:28 +0000 2017","lang":"en","displayname":"Crhstan","time_zone":"Pacific Time (US & Canada)","msg":"old people makes me so happy"}
{"tweet_id":841809785825705984,"created_unixtime":1489538067667,"created_time":"Wed Mar 15 00:34:27 +0000 2017","lang":"en","displayname":"Ben_Egenolf","time_zone":"","msg":"Happy bday Hailey4862 Live it up https//tco/nLoa0NXGtK"}
{"tweet_id":841809788686209024,"created_unixtime":1489538068349,"created_time":"Wed Mar 15 00:34:28 +0000 2017","lang":"in","displayname":"Constantinos_Dj","time_zone":"Pacific Time (US & Canada)","msg":"KATAN katan boardgames Love Photooftheday Beautiful Me Happy Fashion Selfie… https//tco/9dyzNC0nAm"}
{"tweet_id":841809787973132288,"created_unixtime":1489538068179,"created_time":"Wed Mar 15 00:34:28 +0000 2017","lang":"en","displayname":"zacstaley11","time_zone":"","msg":"Happy birthday to my brother 🎂💉 Keep grinding homie youre doing big things 🤘🏽⚽️ HbTonio https//tco/oTbglq5bOW"}
{"tweet_id":841809790468730880,"created_unixtime":1489538068774,"created_time":"Wed Mar 15 00:34:28 +0000 2017","lang":"en","displayname":"Lucette_C","time_zone":"Sydney","msg":"squizzy1961 no but happy belated birthday I dont often check tweeter Take care"}
{"tweet_id":841809790531735554,"created_unixtime":1489538068789,"created_time":"Wed Mar 15 00:34:28 +0000 2017","lang":"en","displayname":"hallllllleeeess","time_zone":"Central Time (US & Canada)","msg":"RT Jeannebugg Happy 21st birthday to the best dad in the world I love you for everything you are amp more sending lots of shots… "}
{"tweet_id":841809791500533760,"created_unixtime":1489538069020,"created_time":"Wed Mar 15 00:34:29 +0000 2017","lang":"en","displayname":"Eric_Da_Boss_23","time_zone":"","msg":"mikekorz tbh Im happy zubac needs more pt hes a beast"}
{"tweet_id":841809789378297857,"created_unixtime":1489538068514,"created_time":"Wed Mar 15 00:34:28 +0000 2017","lang":"en","displayname":"_AquaAshley","time_zone":"Central Time (US & Canada)","msg":"RT dopesitssiri Nappy lol happy same thing"}
{"tweet_id":841809791559315456,"created_unixtime":1489538069034,"created_time":"Wed Mar 15 00:34:29 +0000 2017","lang":"en","displayname":"shaniiiiaa","time_zone":"Central Time (US & Canada)","msg":"RT L1LDebbie You dont find the happy life  you make it"}
{"tweet_id":841809791160791040,"created_unixtime":1489538068939,"created_time":"Wed Mar 15 00:34:28 +0000 2017","lang":"en","displayname":"JeeesusO","time_zone":"Pacific Time (US & Canada)","msg":"RT Grisslyybear Happy birthday JeeesusO hope you have a good one 🎂🎉🎈🎁"}
{"tweet_id":841809791726968832,"created_unixtime":1489538069074,"created_time":"Wed Mar 15 00:34:29 +0000 2017","lang":"tl","displayname":"haab1621","time_zone":"","msg":"RT chie_chie26 Happy Tuesbae ebrewan👋 sagot na po pordalab😘 ALDUBxDTBYFalling aizzgiant zenkmm fleurs7754 mhellopez19… "}
{"tweet_id":841809791932588032,"created_unixtime":1489538069123,"created_time":"Wed Mar 15 00:34:29 +0000 2017","lang":"en","displayname":"_maralag_","time_zone":"Pacific Time (US & Canada)","msg":"happy birthday Caitlyn love you long time buddy❤️❤️RogersCaitlyn"}
{"tweet_id":841809791790002176,"created_unixtime":1489538069089,"created_time":"Wed Mar 15 00:34:29 +0000 2017","lang":"en","displayname":"makavellimw","time_zone":"Eastern Time (US & Canada)","msg":"RT RickeySmiley This is really sad and disturbing these things shouldnt happen https//tco/hK0JJtDOel"}
{"tweet_id":841809792549191685,"created_unixtime":1489538069270,"created_time":"Wed Mar 15 00:34:29 +0000 2017","lang":"en","displayname":"jmcags","time_zone":"","msg":"RT SincerelyTumblr So annoying when ppl are like ur always laughin U laugh at everything Its not that funny like OK sorry Im a hap…"}
{"tweet_id":841809789021757442,"created_unixtime":1489538068429,"created_time":"Wed Mar 15 00:34:28 +0000 2017","lang":"en","displayname":"SpartanShepard7","time_zone":"Eastern Time (US & Canada)","msg":"RT XLNB The corrupt media and failing Rachel Maddow desperate Anything to stop us from Making America Great Again Fake… "}
{"tweet_id":841809789436993537,"created_unixtime":1489538068528,"created_time":"Wed Mar 15 00:34:28 +0000 2017","lang":"en","displayname":"heartdisc","time_zone":"Eastern Time (US & Canada)","msg":"b2stIight i cant hes nice im jsut sad"}
{"tweet_id":841809790057738244,"created_unixtime":1489538068676,"created_time":"Wed Mar 15 00:34:28 +0000 2017","lang":"en","displayname":"Cricut365","time_zone":"Atlantic Time (Canada)","msg":"daysofreaction Im happy to hear that good men  breed more good men and there are far too few of you in the wor… https//tco/ApGcqbUbXD"}
{"tweet_id":841809790703554560,"created_unixtime":1489538068830,"created_time":"Wed Mar 15 00:34:28 +0000 2017","lang":"en","displayname":"JojiAshley","time_zone":"Kuala Lumpur","msg":"RT neiltyson 314  Happy Piday to Gregorian calendar users who reckon dates with month followed by day separated by period omitting year"}
{"tweet_id":841809790439313408,"created_unixtime":1489538068767,"created_time":"Wed Mar 15 00:34:28 +0000 2017","lang":"en","displayname":"bearic_","time_zone":"Pacific Time (US & Canada)","msg":"Im still happy about how I met the two people I wanted to at Dada Life"}
{"tweet_id":841809790963744768,"created_unixtime":1489538068892,"created_time":"Wed Mar 15 00:34:28 +0000 2017","lang":"en","displayname":"_xoatlanta_","time_zone":"","msg":"So happy I finally get to see yaz I missed that dumb girl ☹️💓"}
{"tweet_id":841809791378907136,"created_unixtime":1489538068991,"created_time":"Wed Mar 15 00:34:28 +0000 2017","lang":"en","displayname":"ukexpat19","time_zone":"","msg":"butters0252 maddow FoxNews Yet FOX was more than happy to use Wikileaks STOLEN emails"}
{"tweet_id":841809791538290688,"created_unixtime":1489538069029,"created_time":"Wed Mar 15 00:34:29 +0000 2017","lang":"ko","displayname":"moonrockwoo","time_zone":"Pacific Time (US & Canada)","msg":"RT offclASTRO Happy birthday to you~ 진진형 22번째 생일을진심으로 축하해요🎉🎉 착하고 장난도 잘받아주고 리더쉽있는ㅎㅎ진진형 귀염댕이 아스트로 잘부탁드려요생일선물 나 HappyJINJINDay https//…"}
{"tweet_id":841809791785689088,"created_unixtime":1489538069088,"created_time":"Wed Mar 15 00:34:29 +0000 2017","lang":"en","displayname":"mckay_thea","time_zone":"","msg":"RT ImagineErotica Dating someone is so cool like hey I like you and you like me lets hangout and have inside jokes and kiss each other a…"}
{"tweet_id":841809791102140416,"created_unixtime":1489538068925,"created_time":"Wed Mar 15 00:34:28 +0000 2017","lang":"en","displayname":"CourtneySaylorr","time_zone":"Pacific Time (US & Canada)","msg":"RT Joe_Gatto Happy birthday to the guy that puts the cool in Q  hope you had a great day my friend BQQuinn"}
{"tweet_id":841809791722881024,"created_unixtime":1489538069073,"created_time":"Wed Mar 15 00:34:29 +0000 2017","lang":"en","displayname":"stephenrodrick","time_zone":"Arizona","msg":"So weve gone from we have Trumps tax returns to we have his 1040 from twelve years ago Sad trombone https//tco/YpYOsYmoc2"}
{"tweet_id":841809792062631942,"created_unixtime":1489538069154,"created_time":"Wed Mar 15 00:34:29 +0000 2017","lang":"en","displayname":"LlKEPACIFIC","time_zone":"Central Time (US & Canada)","msg":"i like it when im happy"}
{"tweet_id":841809792712679424,"created_unixtime":1489538069309,"created_time":"Wed Mar 15 00:34:29 +0000 2017","lang":"tl","displayname":"VivianReyes23","time_zone":"","msg":"RT jbramos_29 jenasis818 Makulay na Umaga dn ☀️Happy Banana too 🍌ALDUBxDTBYTugOfHearts"}
{"tweet_id":841809793324998656,"created_unixtime":1489538069455,"created_time":"Wed Mar 15 00:34:29 +0000 2017","lang":"en","displayname":"ReeseTGray","time_zone":"","msg":"RT FarrisCarissa Can we just talk about how insanely beautiful this girl is Happy birthday caliejoanne ♥️♥️ https//tco/pL34K9VHFK"}
{"tweet_id":841809792935034880,"created_unixtime":1489538069362,"created_time":"Wed Mar 15 00:34:29 +0000 2017","lang":"en","displayname":"honeybelxkobi","time_zone":"","msg":"RT honeybelxkobi StephenCurry30 happy birthday 🎊🎈🎁🎉🎂 love you 😘"}
{"tweet_id":841809791857115137,"created_unixtime":1489538069105,"created_time":"Wed Mar 15 00:34:29 +0000 2017","lang":"en","displayname":"Its_Therrance","time_zone":"Central Time (US & Canada)","msg":"RT MarquiseCWhite Happy 314Day errrrbody https//tco/i3BO7Zzyv0"}
{"tweet_id":841809792901496832,"created_unixtime":1489538069354,"created_time":"Wed Mar 15 00:34:29 +0000 2017","lang":"en","displayname":"KurdieJenner","time_zone":"Pacific Time (US & Canada)","msg":"5 people said I look like a male version of KylieJenner today So happy"}
{"tweet_id":841809793790689280,"created_unixtime":1489538069566,"created_time":"Wed Mar 15 00:34:29 +0000 2017","lang":"en","displayname":"PrettyBlack_47","time_zone":"Mountain Time (US & Canada)","msg":"RT graciouswon Coach Crumedy bout to tie the knot So happy for coach_crumedy and Kimberly Crumedy doing life together GodBlessU… "}
{"tweet_id":841809794172252160,"created_unixtime":1489538069657,"created_time":"Wed Mar 15 00:34:29 +0000 2017","lang":"en","displayname":"Segpilosopo","time_zone":"Beijing","msg":"RT Inspire_Us Be happy not because everything is good but because you can see the good side of everything optimism"}
{"tweet_id":841809794616897536,"created_unixtime":1489538069763,"created_time":"Wed Mar 15 00:34:29 +0000 2017","lang":"en","displayname":"zurainnabila_","time_zone":"","msg":"HAPPY BIRTHDAY TO MY BEST BROTHER MY BEST FRIEND MY BEST GOSSIP PARTNER I PRAY NOTHING BUT THE BEST FOR YOU LOVE U💞 khairulidzhm"}
{"tweet_id":841809794155581440,"created_unixtime":1489538069653,"created_time":"Wed Mar 15 00:34:29 +0000 2017","lang":"en","displayname":"DOLANSTUCKERR","time_zone":"Pacific Time (US & Canada)","msg":"im so sad i miss so many people"}
{"tweet_id":841809794327539712,"created_unixtime":1489538069694,"created_time":"Wed Mar 15 00:34:29 +0000 2017","lang":"en","displayname":"ilianamir789","time_zone":"","msg":"Happy islthe soul that has something to look backward to with pride and something to look forward to with hope  Oliver G Wilson"}
{"tweet_id":841809794642001920,"created_unixtime":1489538069769,"created_time":"Wed Mar 15 00:34:29 +0000 2017","lang":"ja","displayname":"love_loveus","time_zone":"","msg":"・ラブライブ！サンシャイン！２期制作決定！2017年秋放送予定！Aqoursセカンドライブ！HAPPY PARTY TRAIN開催決定！/https//tco/IhhBGA7Aaf"}
{"tweet_id":841809794751053825,"created_unixtime":1489538069795,"created_time":"Wed Mar 15 00:34:29 +0000 2017","lang":"ja","displayname":"isolde_sab","time_zone":"Pacific Time (US & Canada)","msg":"昨日描いたよー https//tco/4xqFJtBr32"}
{"tweet_id":841809794579156992,"created_unixtime":1489538069754,"created_time":"Wed Mar 15 00:34:29 +0000 2017","lang":"en","displayname":"11Jadineco","time_zone":"","msg":"RT trendinaliaPI The tweet with the most impact of the LetOurPurpleHeartsShineAt3 Trend was published by sjohns1218 https//tco/dVEp…"}
{"tweet_id":841809795023802368,"created_unixtime":1489538069860,"created_time":"Wed Mar 15 00:34:29 +0000 2017","lang":"en","displayname":"carley_bond","time_zone":"","msg":"poppinmahle happy birthday🎈"}
{"tweet_id":841809795392798721,"created_unixtime":1489538069948,"created_time":"Wed Mar 15 00:34:29 +0000 2017","lang":"tl","displayname":"Amoneva2","time_zone":"Pacific Time (US & Canada)","msg":"RT dhang02_ Bloomingfreshhappy anu pa bahahahaMBMayWard Ctto https//tco/r7smeyo3RV"}
{"tweet_id":841809795199967232,"created_unixtime":1489538069902,"created_time":"Wed Mar 15 00:34:29 +0000 2017","lang":"und","displayname":"Young_Gifted5","time_zone":"Quito","msg":"RT __JB1 Wow https//tco/pzxgWHG07Z"}
{"tweet_id":841809794390458372,"created_unixtime":1489538069709,"created_time":"Wed Mar 15 00:34:29 +0000 2017","lang":"en","displayname":"robinthede","time_zone":"Pacific Time (US & Canada)","msg":"Really Some are disappointed that maddow only has 2005 Like you would only be happy w/ 20 yrs of indepth tax analysis THIS IS A START"}
{"tweet_id":841809794457587713,"created_unixtime":1489538069725,"created_time":"Wed Mar 15 00:34:29 +0000 2017","lang":"en","displayname":"cogafn","time_zone":"Pacific Time (US & Canada)","msg":"ohsehunph412  Happy Birthday to our Admin G Have a great day Sehundipity … https//tco/R08fA8yzBq https//tco/I3F7ua2TwX"}
{"tweet_id":841809795749408769,"created_unixtime":1489538070033,"created_time":"Wed Mar 15 00:34:30 +0000 2017","lang":"en","displayname":"ranchil_youtube","time_zone":"","msg":"I liked a YouTube video https//tco/XGvtJbr8e7 Happy pancake day"}
{"tweet_id":841809796051419137,"created_unixtime":1489538070105,"created_time":"Wed Mar 15 00:34:30 +0000 2017","lang":"en","displayname":"jwellsie","time_zone":"Eastern Time (US & Canada)","msg":"RT bessbell Happy Pi Day to all including to my many enemies and those who have fought me and lost so badly they just dont know what to…"}
{"tweet_id":841809796487507968,"created_unixtime":1489538070209,"created_time":"Wed Mar 15 00:34:30 +0000 2017","lang":"en","displayname":"shssws","time_zone":"Taipei","msg":"So /sir happy pi day 😂"}
{"tweet_id":841809796659589121,"created_unixtime":1489538070250,"created_time":"Wed Mar 15 00:34:30 +0000 2017","lang":"en","displayname":"Astrid_Dancer96","time_zone":"","msg":"RT HunterRowland Happy birthday to this crazy dude justinbieber 😊youre becoming a grandpa hahaha"}
{"tweet_id":841809796584030209,"created_unixtime":1489538070232,"created_time":"Wed Mar 15 00:34:30 +0000 2017","lang":"en","displayname":"jhynyxng","time_zone":"Singapore","msg":"RT peachcream_jh 170314 happy white day🍬 재현https//tco/z1tasMTVEd https//tco/2UzzcKA6yn"}
{"tweet_id":841809796475039744,"created_unixtime":1489538070206,"created_time":"Wed Mar 15 00:34:30 +0000 2017","lang":"en","displayname":"TheAlexTDB","time_zone":"","msg":"GraemePeacock HillyFoz d_personalized PrisonPlanet well congradulations Im happy for you Reaching over 500k though personally is nice"}
{"tweet_id":841809796621844489,"created_unixtime":1489538070241,"created_time":"Wed Mar 15 00:34:30 +0000 2017","lang":"en","displayname":"965RadioWave","time_zone":"London","msg":"Happy Wednesday You know were officially half way towards the weekend now right Sam x LateShow"}
{"tweet_id":841809794323341314,"created_unixtime":1489538069693,"created_time":"Wed Mar 15 00:34:29 +0000 2017","lang":"en","displayname":"ofhauntings","time_zone":"","msg":"YO HOLY SHIT Im so happy rn Im on cloud nine thanks you guys w https//tco/rPmdUimn94"}
{"tweet_id":841809796781223936,"created_unixtime":1489538070279,"created_time":"Wed Mar 15 00:34:30 +0000 2017","lang":"en","displayname":"Kmeyer0505","time_zone":"","msg":"RT kanyefeeI its sad to see a good person change"}
{"tweet_id":841809797024493568,"created_unixtime":1489538070337,"created_time":"Wed Mar 15 00:34:30 +0000 2017","lang":"en","displayname":"mckennanorton6","time_zone":"","msg":"RT FemaleTexts I hate that I cry out of frustration 95  of the time its not even cause Im sad its that Im so angry I cant control…"}
{"tweet_id":841809796357582848,"created_unixtime":1489538070178,"created_time":"Wed Mar 15 00:34:30 +0000 2017","lang":"et","displayname":"zaguruzemu","time_zone":"","msg":"RT TheGnomeChild tukamis bc im sad yeojah GIVE TAKUMI BIG POOFY 90s ANIME HAIR https//tco/DQrmOoPIAS"}
{"tweet_id":841809797481656320,"created_unixtime":1489538070446,"created_time":"Wed Mar 15 00:34:30 +0000 2017","lang":"en","displayname":"YoungJeffr3y22","time_zone":"","msg":"RT YunggScar Do what Makes you happy feel ME🙌🏾"}
{"tweet_id":841809798316322816,"created_unixtime":1489538070645,"created_time":"Wed Mar 15 00:34:30 +0000 2017","lang":"en","displayname":"s_wootten","time_zone":"","msg":"RT KennaRage happy birthday s_wootten I hope you had the best day beautiful 💝✨"}
{"tweet_id":841809797808848896,"created_unixtime":1489538070524,"created_time":"Wed Mar 15 00:34:30 +0000 2017","lang":"en","displayname":"xoAngelinaMarie","time_zone":"Atlantic Time (Canada)","msg":"Me when I remember who the fuck I am amp stop being sad over fuck boys who dont deserve me https//tco/MhAc37MEuM"}
{"tweet_id":841809799016726528,"created_unixtime":1489538070812,"created_time":"Wed Mar 15 00:34:30 +0000 2017","lang":"en","displayname":"syaaakira","time_zone":"Kuala Lumpur","msg":"Happy birthday boss HidayahSaiful 💖"}
{"tweet_id":841809798987317248,"created_unixtime":1489538070805,"created_time":"Wed Mar 15 00:34:30 +0000 2017","lang":"en","displayname":"SummySwan","time_zone":"","msg":"RT ThomasSanders Yayyyy More Derek https//tco/oBVRZa4O2L"}
{"tweet_id":841809798723166208,"created_unixtime":1489538070742,"created_time":"Wed Mar 15 00:34:30 +0000 2017","lang":"en","displayname":"Swim_Gymwear","time_zone":"London","msg":"RT MELLOWCELLO1 Do you know WHY I look so happy  They play Mellows music for us  We LOVE IT  https//tco/NgtbxfSe6n http…"}
{"tweet_id":841809799201320960,"created_unixtime":1489538070856,"created_time":"Wed Mar 15 00:34:30 +0000 2017","lang":"en","displayname":"sexC_LexxC","time_zone":"Quito","msg":"Im ready for bed already This is sad"}
{"tweet_id":841809798811267072,"created_unixtime":1489538070763,"created_time":"Wed Mar 15 00:34:30 +0000 2017","lang":"en","displayname":"MikeyVercetti","time_zone":"Eastern Time (US & Canada)","msg":"RT D_Deji28 Do you guys know why he was killed A girl lied that he raped her and her brother shot him dead https//tco/IWDVDZp3rz"}
{"tweet_id":841809799578697728,"created_unixtime":1489538070946,"created_time":"Wed Mar 15 00:34:30 +0000 2017","lang":"en","displayname":"Franterest26","time_zone":"Pacific Time (US & Canada)","msg":"RT NatureNPS This is what happens when you have a building full of scientists and a laser👨🏽‍🔬👩🏾‍🔬⚡️3️⃣1️⃣4️⃣ Happy PiDay https//tco…"}
{"tweet_id":841809799314591746,"created_unixtime":1489538070883,"created_time":"Wed Mar 15 00:34:30 +0000 2017","lang":"pt","displayname":"pudim_luana","time_zone":"","msg":"RT namjinct Dokyeom  happy virus n me segura q hoje eu to loca ri de tudo  cai bêbado  piada sem graça https//tco/tFb3dKzFWX"}
{"tweet_id":841809800182792193,"created_unixtime":1489538071090,"created_time":"Wed Mar 15 00:34:31 +0000 2017","lang":"en","displayname":"ainslee_10","time_zone":"","msg":"Happy Birthday Macie💘 maciestovall"}
{"tweet_id":841809800333778944,"created_unixtime":1489538071126,"created_time":"Wed Mar 15 00:34:31 +0000 2017","lang":"en","displayname":"IntrepidSnoop","time_zone":"","msg":"SupermanOfValor She gave him a sad face a puppy dog look of sadness"}
{"tweet_id":841809800442793985,"created_unixtime":1489538071152,"created_time":"Wed Mar 15 00:34:31 +0000 2017","lang":"en","displayname":"pimtha_nrtkk","time_zone":"","msg":"RT doityourself_th Happy Valentines Day นะคะ  Valentines วาเลนไทน์ https//tco/HYaOYApLVk"}
{"tweet_id":841809800765816832,"created_unixtime":1489538071229,"created_time":"Wed Mar 15 00:34:31 +0000 2017","lang":"en","displayname":"TatyianaG","time_zone":"Eastern Time (US & Canada)","msg":"RT nasheezus sad my brother isnt coming home for Spring Break but at least hes having fun in Miami Beach https//tco/3VTGAxo36L"}
{"tweet_id":841809800895709184,"created_unixtime":1489538071260,"created_time":"Wed Mar 15 00:34:31 +0000 2017","lang":"en","displayname":"superjheyla_","time_zone":"Pacific Time (US & Canada)","msg":"i miss you too  and the happy pips also https//tco/WDryOYh4YN"}
{"tweet_id":841809800698687490,"created_unixtime":1489538071213,"created_time":"Wed Mar 15 00:34:31 +0000 2017","lang":"en","displayname":"AhmadJArshad","time_zone":"","msg":"RT hidden saying im tired when youre actually sad"}
{"tweet_id":841809801197703168,"created_unixtime":1489538071332,"created_time":"Wed Mar 15 00:34:31 +0000 2017","lang":"en","displayname":"uuhlexuhs","time_zone":"","msg":"RT BenG_Solis Happy birthday babygirl _TiannaG 😍👅 https//tco/JZrSfFLmxR"}
{"tweet_id":841809801139109890,"created_unixtime":1489538071318,"created_time":"Wed Mar 15 00:34:31 +0000 2017","lang":"en","displayname":"MariaPetracca1","time_zone":"","msg":"some of these are horrifying 😂 but thankful for you amp all our years ☺️💞 https//tco/J2ddCQ2hhm"}
{"tweet_id":841809799947907072,"created_unixtime":1489538071034,"created_time":"Wed Mar 15 00:34:31 +0000 2017","lang":"en","displayname":"D_Shirima","time_zone":"Hawaii","msg":"RT XLNB The corrupt media and failing Rachel Maddow desperate Anything to stop us from Making America Great Again Fake… "}
{"tweet_id":841809801298513921,"created_unixtime":1489538071356,"created_time":"Wed Mar 15 00:34:31 +0000 2017","lang":"en","displayname":"M_DelBene_624","time_zone":"Pacific Time (US & Canada)","msg":"RT _frankkiee if DR loses tonight im gonna be so happy"}
{"tweet_id":841809801537445888,"created_unixtime":1489538071413,"created_time":"Wed Mar 15 00:34:31 +0000 2017","lang":"en","displayname":"erlindadecastro","time_zone":"","msg":"RT OFCALDubKoTo WE DEFINE OUR SET OF EXPECTATIONS AND OUR STANDARDS TO REACH HAPPINESS WHICH WE ALL CALL CONTENTMENT 😊… "}
{"tweet_id":841809801596264449,"created_unixtime":1489538071427,"created_time":"Wed Mar 15 00:34:31 +0000 2017","lang":"en","displayname":"msuWinters","time_zone":"Eastern Time (US & Canada)","msg":"Getting sad that Im not going to macul17 this year 😔"}
{"tweet_id":841809801554337792,"created_unixtime":1489538071417,"created_time":"Wed Mar 15 00:34:31 +0000 2017","lang":"en","displayname":"nixllcl0uds","time_zone":"Mountain Time (US & Canada)","msg":"RT edsheeran Staying positive and happy is the way forward too many negative people out there eat some chocolate Lindor is good Try t…"}
{"tweet_id":841809801717854208,"created_unixtime":1489538071456,"created_time":"Wed Mar 15 00:34:31 +0000 2017","lang":"en","displayname":"Syihan_Solomon","time_zone":"","msg":"RT CodiCarlson Nothing makes me happy like shopping"}
{"tweet_id":841809801537556480,"created_unixtime":1489538071413,"created_time":"Wed Mar 15 00:34:31 +0000 2017","lang":"en","displayname":"fortson_isaiah","time_zone":"","msg":"i love you and miss you so so much one day if Im lucky Ill see you again  Happy birthday… https//tco/uT2h9khdY1"}
