{"tweet_id":841793828281565184,"created_unixtime":1489534263092,"created_time":"Tue Mar 14 23:31:03 +0000 2017","lang":"en","displayname":"ImEricPitz","time_zone":"Central Time (US & Canada)","msg":"RT sesamestreet 314159265358979323846264338327950288419716939937510 it goes on forever Ah ah ah ⚡ ⚡ ⚡ Happy PiDay https//tco/uQ…"}
{"tweet_id":841793828289953792,"created_unixtime":1489534263094,"created_time":"Tue Mar 14 23:31:03 +0000 2017","lang":"en","displayname":"kat_tuneup","time_zone":"","msg":"RT pointe_magazine Happy WomensHistoryMonth  Were celebrating michdeprince who inspires us w/ her advocacy amp beautiful dancing … "}
{"tweet_id":841793828554174464,"created_unixtime":1489534263157,"created_time":"Tue Mar 14 23:31:03 +0000 2017","lang":"en","displayname":"voicefeed","time_zone":"Pacific Time (US & Canada)","msg":"RT HRCremembered In a min Ill start posting long thread abt Putins cyber invasion amp HRCs loss Will use pics like this so if ur… "}
{"tweet_id":841793828461912064,"created_unixtime":1489534263135,"created_time":"Tue Mar 14 23:31:03 +0000 2017","lang":"en","displayname":"Monkeyfister1","time_zone":"Central Time (US & Canada)","msg":"RT donttrythis Steve King’s Views are disgusting and repellant Im sad that this is being normalized  https//tco/2Uv1zpa77P"}
{"tweet_id":841793828654727168,"created_unixtime":1489534263181,"created_time":"Tue Mar 14 23:31:03 +0000 2017","lang":"en","displayname":"OBXSportEvents","time_zone":"","msg":"HAPPY PI DAY PIrates Day Race and WinBring yer crew to the Outer Banks to run with us https//tco/fvwA1THBPm"}
{"tweet_id":841793828638081024,"created_unixtime":1489534263177,"created_time":"Tue Mar 14 23:31:03 +0000 2017","lang":"en","displayname":"sdmnftladd","time_zone":"London","msg":"RT JeffreeStar Always baby https//tco/5NeOli5sAb"}
{"tweet_id":841793819825717248,"created_unixtime":1489534261076,"created_time":"Tue Mar 14 23:31:01 +0000 2017","lang":"en","displayname":"fxckbobby","time_zone":"Eastern Time (US & Canada)","msg":"RT sheswithmee IfYoureMyGirl I plan to give you the world and I will constantly strive to make you happy no matter what I have to do"}
{"tweet_id":841793828986208257,"created_unixtime":1489534263260,"created_time":"Tue Mar 14 23:31:03 +0000 2017","lang":"en","displayname":"JaclynF01","time_zone":"Pacific Time (US & Canada)","msg":"RT bri_renee2 happy birthday to my big sis  have the beST DAY EVER JaclynF01 ❤️"}
{"tweet_id":841793828847788034,"created_unixtime":1489534263227,"created_time":"Tue Mar 14 23:31:03 +0000 2017","lang":"en","displayname":"snowingdxst","time_zone":"Brasilia","msg":"RT meIissabenoist 92 if i can have a part in making her happy again thats all i wanna do thats all i wanna do for the rest of my… "}
{"tweet_id":841793828994600960,"created_unixtime":1489534263262,"created_time":"Tue Mar 14 23:31:03 +0000 2017","lang":"en","displayname":"srslylucid","time_zone":"Pacific Time (US & Canada)","msg":"RT 21savaggee all I want is a clear mind amp happy heart"}
{"tweet_id":841793827786641408,"created_unixtime":1489534262974,"created_time":"Tue Mar 14 23:31:02 +0000 2017","lang":"en","displayname":"theatlasheart","time_zone":"","msg":"Im sad to say that Im leaving Vietnam today this place always captures my heart and ima… https//tco/elLo5r6Tj3 https//tco/Raec2oZ3sG"}
{"tweet_id":841793829380411392,"created_unixtime":1489534263354,"created_time":"Tue Mar 14 23:31:03 +0000 2017","lang":"en","displayname":"jelaica17","time_zone":"","msg":"RT Kuh35340408 Happy Day poMBMayWard"}
{"tweet_id":841793829284007936,"created_unixtime":1489534263331,"created_time":"Tue Mar 14 23:31:03 +0000 2017","lang":"en","displayname":"advillion","time_zone":"","msg":"RT MissSnyderJFK Happy Snow Pi Day 🍴❤❄️ 314 PiDay mathteacher https//tco/v5HZuO3Gjl"}
{"tweet_id":841793828919095297,"created_unixtime":1489534263244,"created_time":"Tue Mar 14 23:31:03 +0000 2017","lang":"en","displayname":"hansolohvc","time_zone":"Eastern Time (US & Canada)","msg":"RT jackgyum GOT7  If You Do I GOT7 Select Ver they are all so cute if youre sad i promise watching this will cheer u up https//…"}
{"tweet_id":841793829112025088,"created_unixtime":1489534263290,"created_time":"Tue Mar 14 23:31:03 +0000 2017","lang":"en","displayname":"AlexiaSmith_","time_zone":"Eastern Time (US & Canada)","msg":"why can I only have one or the other why cant a just be happy"}
{"tweet_id":841793828600315904,"created_unixtime":1489534263168,"created_time":"Tue Mar 14 23:31:03 +0000 2017","lang":"en","displayname":"compIeted","time_zone":"Pacific Time (US & Canada)","msg":"RT Ioverthoughts Divorce is SO SCARY I pray to God that the person marry I am happy ampamp absolutely in love with for the rest of my li…"}
{"tweet_id":841793829162356736,"created_unixtime":1489534263302,"created_time":"Tue Mar 14 23:31:03 +0000 2017","lang":"en","displayname":"MahHest","time_zone":"Eastern Time (US & Canada)","msg":"Only happy when Im too busy to think"}
{"tweet_id":841793829703421952,"created_unixtime":1489534263431,"created_time":"Tue Mar 14 23:31:03 +0000 2017","lang":"en","displayname":"rice_rice_bby","time_zone":"Central Time (US & Canada)","msg":"RT donttrythis Steve King’s Views are disgusting and repellant Im sad that this is being normalized  https//tco/2Uv1zpa77P"}
{"tweet_id":841793829741174784,"created_unixtime":1489534263440,"created_time":"Tue Mar 14 23:31:03 +0000 2017","lang":"en","displayname":"pennyluvu1D","time_zone":"Athens","msg":"RT BarrettKays Thanks for the recent follow pennyluvu1D stan_stewart _ozgurkonur_ Happy to connect  have a great this week"}
{"tweet_id":841793830319992833,"created_unixtime":1489534263578,"created_time":"Tue Mar 14 23:31:03 +0000 2017","lang":"en","displayname":"niggahwhaat","time_zone":"Atlantic Time (Canada)","msg":"RT AnimalsOnIy Happy Cow https//tco/GLMCYfY1Wr"}
{"tweet_id":841793830257061888,"created_unixtime":1489534263563,"created_time":"Tue Mar 14 23:31:03 +0000 2017","lang":"en","displayname":"thereallabree","time_zone":"","msg":"I cant say 😴 https//tco/fH70L9TFQb"}
{"tweet_id":841793829992861696,"created_unixtime":1489534263500,"created_time":"Tue Mar 14 23:31:03 +0000 2017","lang":"en","displayname":"choosingchia","time_zone":"Pacific Time (US & Canada)","msg":"Here is the recipe for my lovely pecan granola tarts https//tco/qa3fdrg7xx Happy pieday piday2017 https//tco/d7qED68aut"}
{"tweet_id":841793830789738496,"created_unixtime":1489534263690,"created_time":"Tue Mar 14 23:31:03 +0000 2017","lang":"und","displayname":"FedeKika91","time_zone":"","msg":"https//tco/NuCZqETsoS👈 follow followme follow4follow like4like blogger blog kids family children happy love vip kikaonkids"}
{"tweet_id":841793831251075072,"created_unixtime":1489534263800,"created_time":"Tue Mar 14 23:31:03 +0000 2017","lang":"ja","displayname":"8j20TqtkwiAqJLl","time_zone":"","msg":"RT shiandaiski 海未ちゃん☆Happy Birthday✨3月15日は園田海未の誕生日 園田海未生誕祭2017 ラブライブ RTした人全員フォローする フォローした人全員フォローする https//tco/yYCcJ025Fb"}
{"tweet_id":841793831209189376,"created_unixtime":1489534263790,"created_time":"Tue Mar 14 23:31:03 +0000 2017","lang":"en","displayname":"NikitaKitty","time_zone":"Eastern Time (US & Canada)","msg":"RT ResistanceParty Problem is Monica Crowley is a happy warrior for Putin TrumpRussia TeamOfLiars https//tco/fTAtkDBMTi"}
{"tweet_id":841793831456649217,"created_unixtime":1489534263849,"created_time":"Tue Mar 14 23:31:03 +0000 2017","lang":"en","displayname":"KpopDontStop3","time_zone":"","msg":"RT namjoonsunrise NAMJOON LOOKS SO HAPPY AND HE IS ENJOYING LIFE https//tco/b3T9ysWTFs"}
{"tweet_id":841793831267913728,"created_unixtime":1489534263804,"created_time":"Tue Mar 14 23:31:03 +0000 2017","lang":"en","displayname":"cjay_clarke","time_zone":"Eastern Time (US & Canada)","msg":"As extra as I can be its validating to see a man who thrives from being even more extra https//tco/t3KSOUmxBQ"}
{"tweet_id":841793831800459264,"created_unixtime":1489534263931,"created_time":"Tue Mar 14 23:31:03 +0000 2017","lang":"en","displayname":"1313Lofts","time_zone":"Central Time (US & Canada)","msg":"Interested in finding a new destination for your weekly happy hour Check out City Winery Chicago and Bar Louie https//tco/sKnyaOU6LC"}
{"tweet_id":841793831087570945,"created_unixtime":1489534263761,"created_time":"Tue Mar 14 23:31:03 +0000 2017","lang":"und","displayname":"_imnotyourmate","time_zone":"","msg":"Ok https//tco/0Ygyq5GmZn"}
{"tweet_id":841793831674687488,"created_unixtime":1489534263901,"created_time":"Tue Mar 14 23:31:03 +0000 2017","lang":"en","displayname":"_hahahanis","time_zone":"","msg":"RT Koreaboo Happy Birthday to Lee Hwi Jae’s twins Lee Seo Eon and Lee Seo Jun 🎉🎂🤗 https//tco/xtjHommriu"}
{"tweet_id":841793831947403264,"created_unixtime":1489534263966,"created_time":"Tue Mar 14 23:31:03 +0000 2017","lang":"en","displayname":"__itssydneyy","time_zone":"","msg":"RT D_Deji28 Do you guys know why he was killed A girl lied that he raped her and her brother shot him dead https//tco/IWDVDZp3rz"}
{"tweet_id":841793831964147713,"created_unixtime":1489534263970,"created_time":"Tue Mar 14 23:31:03 +0000 2017","lang":"en","displayname":"marynicolee","time_zone":"","msg":"So sad this wont be happening this year  https//tco/eecQ0QaLBQ"}
{"tweet_id":841793832115179520,"created_unixtime":1489534264006,"created_time":"Tue Mar 14 23:31:04 +0000 2017","lang":"en","displayname":"21savaggee","time_zone":"","msg":"RT Ioverthoughts Divorce is SO SCARY I pray to God that the person marry I am happy ampamp absolutely in love with for the rest of my li…"}
{"tweet_id":841793832157089792,"created_unixtime":1489534264016,"created_time":"Tue Mar 14 23:31:04 +0000 2017","lang":"en","displayname":"sensuaIy","time_zone":"Eastern Time (US & Canada)","msg":"RT 21savaggee all I want is a clear mind amp happy heart"}
{"tweet_id":841793832656216066,"created_unixtime":1489534264135,"created_time":"Tue Mar 14 23:31:04 +0000 2017","lang":"en","displayname":"Marjori77680062","time_zone":"","msg":"RT WayneDupreeShow THIS WAS SAD Cuomo Just Lost It Just Because Fergusons Michael Brown Sold Drugs Doesnt Make Him A Drug Dealer ht…"}
{"tweet_id":841793832291319809,"created_unixtime":1489534264048,"created_time":"Tue Mar 14 23:31:04 +0000 2017","lang":"en","displayname":"Dr_Beer","time_zone":"","msg":"RT AlbertEinstein HAPPY BIRTHDAY EINSTEIN HappyBirthdayEinstein https//tco/6F6LmKrZde"}
{"tweet_id":841793833092304897,"created_unixtime":1489534264239,"created_time":"Tue Mar 14 23:31:04 +0000 2017","lang":"en","displayname":"eontwinlatias","time_zone":"Pacific Time (US & Canada)","msg":"RT GameGrumps Happy Birthday Danny https//tco/Qc8I63RkPP"}
{"tweet_id":841793833096605696,"created_unixtime":1489534264240,"created_time":"Tue Mar 14 23:31:04 +0000 2017","lang":"en","displayname":"jdeathmorgan","time_zone":"Pacific Time (US & Canada)","msg":"adelaidedkane IM SO HAPPY FOR YOU LAMA"}
{"tweet_id":841793832882696192,"created_unixtime":1489534264189,"created_time":"Tue Mar 14 23:31:04 +0000 2017","lang":"en","displayname":"clickedbigfoot","time_zone":"Pacific Time (US & Canada)","msg":"RT iqraaa_456 happy PI day https//tco/KrAta3I3PF"}
{"tweet_id":841793833423667201,"created_unixtime":1489534264318,"created_time":"Tue Mar 14 23:31:04 +0000 2017","lang":"en","displayname":"MsManiSai","time_zone":"Chennai","msg":"RT KeepCaImTweets Be happy Be who you wanna be If others dont like it then let them be Happiness is a choice Life isnt about pleas…"}
{"tweet_id":841793830890422276,"created_unixtime":1489534263714,"created_time":"Tue Mar 14 23:31:03 +0000 2017","lang":"en","displayname":"Sirreynolds6912","time_zone":"","msg":"notaxation sad to see you leaving kinda funny but proud that your chasing your dreams and living your life Best of luck in all things"}
{"tweet_id":841793833385914369,"created_unixtime":1489534264309,"created_time":"Tue Mar 14 23:31:04 +0000 2017","lang":"en","displayname":"Rasberry__Lover","time_zone":"","msg":"RT spazm Happy π Day Unboxing the raspberry pi 3 I won from linuxfoundation raffle at scale15x piday2017 PiDay https//tco/2uyaNkH…"}
{"tweet_id":841793833545420801,"created_unixtime":1489534264347,"created_time":"Tue Mar 14 23:31:04 +0000 2017","lang":"en","displayname":"ifeelglorious","time_zone":"Pacific Time (US & Canada)","msg":"RT Ioverthoughts Divorce is SO SCARY I pray to God that the person marry I am happy ampamp absolutely in love with for the rest of my li…"}
{"tweet_id":841793833633492994,"created_unixtime":1489534264368,"created_time":"Tue Mar 14 23:31:04 +0000 2017","lang":"en","displayname":"ifeelglorious","time_zone":"Pacific Time (US & Canada)","msg":"RT 21savaggee all I want is a clear mind amp happy heart"}
{"tweet_id":841793833553809408,"created_unixtime":1489534264349,"created_time":"Tue Mar 14 23:31:04 +0000 2017","lang":"en","displayname":"lunaaclaraa","time_zone":"","msg":"RT india_kate This photo makes me so happy ☺️✨ RitaOra ANTMVH1 antmvh1 https//tco/PsC5hOSlDs"}
{"tweet_id":841793834090557440,"created_unixtime":1489534264477,"created_time":"Tue Mar 14 23:31:04 +0000 2017","lang":"ja","displayname":"Asu54383141Asu","time_zone":"","msg":"RT tsukiuta1 ☆Happy White Day③☆恋「俺たちにプランを任せて頂ければ、笑いの耐えないデートをご提供してみせます！」駆「そして体重１kgはかたい」恋「フラれるヤツ…！」※DLOK※壁紙などマナーを守って使ってくださいね https/…"}
{"tweet_id":841793833239216128,"created_unixtime":1489534264274,"created_time":"Tue Mar 14 23:31:04 +0000 2017","lang":"en","displayname":"claytonskids","time_zone":"","msg":"RT MESSYMONDAY Jacksons supporters are fed up with the sad Energy https//tco/yfF8Z8fKdP"}
{"tweet_id":841793834233155584,"created_unixtime":1489534264511,"created_time":"Tue Mar 14 23:31:04 +0000 2017","lang":"en","displayname":"AbbiD53","time_zone":"","msg":"RT cooley_bridget Happy birthday pretty girl I love you ❤ Have the best day sis AbbiD53"}
{"tweet_id":841793834208120832,"created_unixtime":1489534264505,"created_time":"Tue Mar 14 23:31:04 +0000 2017","lang":"en","displayname":"solarboy_hex","time_zone":"Pacific Time (US & Canada)","msg":"🎧 Happy  From Despicable Me 2 by Pharrell Williams  https//tco/i735lzj5LR"}
{"tweet_id":841793834543603712,"created_unixtime":1489534264585,"created_time":"Tue Mar 14 23:31:04 +0000 2017","lang":"tl","displayname":"gmolina123456","time_zone":"Beijing","msg":"RT yooboo710 aldenrichards02 mainedcm Happy kayo HappyDTBYMahalNaNgaBa ang Saging😂 https//tco/g2GDPahjeO"}
{"tweet_id":841793834694533120,"created_unixtime":1489534264621,"created_time":"Tue Mar 14 23:31:04 +0000 2017","lang":"en","displayname":"DRUGTHOT","time_zone":"Pacific Time (US & Canada)","msg":"RT Nineteen1319 gtsad piano musiclt https//tco/omYdkajfGf"}
{"tweet_id":841793833708986369,"created_unixtime":1489534264386,"created_time":"Tue Mar 14 23:31:04 +0000 2017","lang":"en","displayname":"ThatBallerKru","time_zone":"","msg":"RT KingJames Happy Bday bro RealTristan13 Glad I got to spend some time with you on your day Enjoy MoreLife"}
{"tweet_id":841793834023587840,"created_unixtime":1489534264461,"created_time":"Tue Mar 14 23:31:04 +0000 2017","lang":"en","displayname":"Cromster83","time_zone":"","msg":"RT peter_watts Decline of Man United was striking last night basically happy to keep the score down have a sing song and pretend they l…"}
{"tweet_id":841793834543665152,"created_unixtime":1489534264585,"created_time":"Tue Mar 14 23:31:04 +0000 2017","lang":"en","displayname":"AbhishekJaySean","time_zone":"New Delhi","msg":"RT iambeckyg cosmopolitanmx cover is finally out 💙🙏🏽 so happy and blessed https//tco/IMntIV4GRu"}
{"tweet_id":841793834363301889,"created_unixtime":1489534264542,"created_time":"Tue Mar 14 23:31:04 +0000 2017","lang":"en","displayname":"KelKem","time_zone":"Central Time (US & Canada)","msg":"Lil_Eazy_Ana_42 so sad to see you go Will have to retire your jersey in a safe place Thanks for bringing the running game back to gb 😢"}
{"tweet_id":841793834715602944,"created_unixtime":1489534264626,"created_time":"Tue Mar 14 23:31:04 +0000 2017","lang":"en","displayname":"conniegalan","time_zone":"","msg":"RT roseconk tcm Im so sad My condolences to his family and friends"}
{"tweet_id":841793834774323204,"created_unixtime":1489534264640,"created_time":"Tue Mar 14 23:31:04 +0000 2017","lang":"en","displayname":"MoeHamdan34","time_zone":"Quito","msg":"RT DownWithDamon Happy Birthday StephenCurry30 Heres every time LeBron James blocked you in last years NBA Finals Memories https//t…"}
{"tweet_id":841793835176927233,"created_unixtime":1489534264736,"created_time":"Tue Mar 14 23:31:04 +0000 2017","lang":"en","displayname":"sheila_tormes","time_zone":"","msg":"RT sjohns1218 Happy 3rd Anniversary JaDinesLetOurPurpleHeartsShineAt3"}
{"tweet_id":841793835332132864,"created_unixtime":1489534264773,"created_time":"Tue Mar 14 23:31:04 +0000 2017","lang":"en","displayname":"EvertMcfadden","time_zone":"Hanoi","msg":"Big Fails  That Kind Of Mother You Are Very Happy Its Not Yours https//tco/les6PpPXR7"}
{"tweet_id":841793834933727234,"created_unixtime":1489534264678,"created_time":"Tue Mar 14 23:31:04 +0000 2017","lang":"en","displayname":"jeongyeon0602","time_zone":"","msg":"RT fantagiogroup [아스트로] 20170315 HAPPY BIRTHDAY JINJIN♥https//tco/V5gCN4Og73ASTRO JINJIN 진진 HAPPYJINJINDAY💕 https//tco/wheN9y…"}
{"tweet_id":841793835621531648,"created_unixtime":1489534264842,"created_time":"Tue Mar 14 23:31:04 +0000 2017","lang":"ja","displayname":"oshinahan4747","time_zone":"","msg":"mamywam うんうん♡♡年甲斐もなく、虹～⤴︎︎︎⤴︎︎ヽ´∀｀ノ🌈ってテンション上がったわ～半分まで消えかけてたから、写真撮る時も焦ったーʬʬʬ//ఠൠఠ//HYのhappyって歌が似合いそう～♪٩✿´ヮ`✿۶♪"}
{"tweet_id":841793835239903233,"created_unixtime":1489534264751,"created_time":"Tue Mar 14 23:31:04 +0000 2017","lang":"en","displayname":"osx_ail","time_zone":"London","msg":"RT SonOfA_Piano Its always beautiful when a girl bumps Travis https//tco/PVnZPLNTls"}
{"tweet_id":841793831515389952,"created_unixtime":1489534263863,"created_time":"Tue Mar 14 23:31:03 +0000 2017","lang":"tl","displayname":"jamilluh","time_zone":"Midway Island","msg":"dahil wala tayong pic ito nalang hahahaha happy birthday pasty wishing you all the best 😝 tama na pangdadarag… https//tco/1lpT1fdVng"}
{"tweet_id":841793835705487361,"created_unixtime":1489534264862,"created_time":"Tue Mar 14 23:31:04 +0000 2017","lang":"en","displayname":"thebIackbear","time_zone":"Pacific Time (US & Canada)","msg":"RT Ioverthoughts Divorce is SO SCARY I pray to God that the person marry I am happy ampamp absolutely in love with for the rest of my li…"}
{"tweet_id":841793836020043777,"created_unixtime":1489534264937,"created_time":"Tue Mar 14 23:31:04 +0000 2017","lang":"en","displayname":"syncprojectco","time_zone":"Eastern Time (US & Canada)","msg":"RT MusicMindHealth Happy PiDay Listen to this beautiful cover of pi from aSongScout musicscience https//tco/EpZ87yrR4C"}
{"tweet_id":841793836066189313,"created_unixtime":1489534264948,"created_time":"Tue Mar 14 23:31:04 +0000 2017","lang":"en","displayname":"AvosfromMexico","time_zone":"Pacific Time (US & Canada)","msg":"mommieoftwo There should be more people as happy as you Share your AvoHappiness https//tco/8px885pATe"}
{"tweet_id":841793835948769284,"created_unixtime":1489534264920,"created_time":"Tue Mar 14 23:31:04 +0000 2017","lang":"en","displayname":"Nolansalbrecht","time_zone":"","msg":"RT MeninistTweet Happy pi dayThe Falcons blew a 283 lead314283  31the warriors blew a 31 lead in the NBA Finals"}
{"tweet_id":841793819234447360,"created_unixtime":1489534260935,"created_time":"Tue Mar 14 23:31:00 +0000 2017","lang":"en","displayname":"KnowYourVideo","time_zone":"Pacific Time (US & Canada)","msg":"Good Doggies ↺RT❤️️ https//tco/C2Q1ivgakM sacks dogs bags happy good help"}
{"tweet_id":841793836384976896,"created_unixtime":1489534265024,"created_time":"Tue Mar 14 23:31:05 +0000 2017","lang":"en","displayname":"annaanicolas","time_zone":"","msg":"RT Uglypeopleunite THESE MAKE ME SO HAPPY https//tco/oTq0jg9Qy7"}
{"tweet_id":841793836514975744,"created_unixtime":1489534265055,"created_time":"Tue Mar 14 23:31:05 +0000 2017","lang":"en","displayname":"jenniferhorne_","time_zone":"","msg":"skyegordon_xo happy bday Skye Hope youve had a good day 💋xx"}
{"tweet_id":841793836355604480,"created_unixtime":1489534265017,"created_time":"Tue Mar 14 23:31:05 +0000 2017","lang":"en","displayname":"Xochitltovar16","time_zone":"","msg":"RT alexaiono My happy place☺ https//tco/pgetrNhVIp"}
{"tweet_id":841793831033044994,"created_unixtime":1489534263748,"created_time":"Tue Mar 14 23:31:03 +0000 2017","lang":"en","displayname":"KendallHeidt","time_zone":"","msg":"RT NBA_CentraI Happy birthday Steph  https//tco/1UgvCWfSF0"}
{"tweet_id":841793836980432896,"created_unixtime":1489534265166,"created_time":"Tue Mar 14 23:31:05 +0000 2017","lang":"en","displayname":"LowelJacobs7","time_zone":"","msg":"RT SXPAHS Happy 314day  DaBangaz https//tco/qRyt1GHvX2"}
{"tweet_id":841793836351397890,"created_unixtime":1489534265016,"created_time":"Tue Mar 14 23:31:05 +0000 2017","lang":"et","displayname":"maomuii","time_zone":"Central Time (US & Canada)","msg":"RT TheGnomeChild tukamis bc im sad yeojah GIVE TAKUMI BIG POOFY 90s ANIME HAIR https//tco/DQrmOoPIAS"}
{"tweet_id":841793837001515012,"created_unixtime":1489534265171,"created_time":"Tue Mar 14 23:31:05 +0000 2017","lang":"en","displayname":"__shortness","time_zone":"","msg":"Thanks cutes 😘😘 https//tco/GfIYlIXkzg"}
{"tweet_id":841793836552732672,"created_unixtime":1489534265064,"created_time":"Tue Mar 14 23:31:05 +0000 2017","lang":"en","displayname":"claireleanne18","time_zone":"","msg":"JordaanWaalker9 happy birthday ugly Have a good night x https//tco/h6nAgCUKEQ"}
{"tweet_id":841793837907427328,"created_unixtime":1489534265387,"created_time":"Tue Mar 14 23:31:05 +0000 2017","lang":"ja","displayname":"lovehawaiichika","time_zone":"","msg":"RT InsideScootJP 靴大好きな女性の皆さん！足を痛めないで最後まで思いっきり旅行を楽しみたいなら、こんな靴を履いていくのがおすすめ！歩きやすいけど、おしゃれも犠牲にしないから超HAPPY！❤️https//tco/rnmtedj1si https//t…"}
{"tweet_id":841793838117195777,"created_unixtime":1489534265437,"created_time":"Tue Mar 14 23:31:05 +0000 2017","lang":"es","displayname":"danielbernalb","time_zone":"Bogota","msg":"RT Cloquis Hoy pase una linda tarde con dos grandes VMallarino manuel_rodb hablando de temas ambientales Happy https//tco/E2EipVejtE"}
{"tweet_id":841793837924212736,"created_unixtime":1489534265391,"created_time":"Tue Mar 14 23:31:05 +0000 2017","lang":"en","displayname":"ErnaSommers","time_zone":"Hawaii","msg":"Big Fails  That Kind Of Mother You Are Very Happy Its Not Yours https//tco/Ojny0szVgY"}
{"tweet_id":841793838666657793,"created_unixtime":1489534265568,"created_time":"Tue Mar 14 23:31:05 +0000 2017","lang":"in","displayname":"seohowto45","time_zone":"","msg":"RT Masaki_XJPID Happy Anniversay 5 tahun FrieskaversINA  sehat selaludan jaga kekuatan dalam mendukung frieskaJKT48 di SenbatsuWis…"}
{"tweet_id":841793839010590720,"created_unixtime":1489534265650,"created_time":"Tue Mar 14 23:31:05 +0000 2017","lang":"en","displayname":"halfliamblood","time_zone":"Pacific Time (US & Canada)","msg":"RT NiallsintheAM Singing happy birthday to Liam https//tco/O3mpQIA0iT"}
{"tweet_id":841793839283105792,"created_unixtime":1489534265715,"created_time":"Tue Mar 14 23:31:05 +0000 2017","lang":"tl","displayname":"MWNinjas_AUS","time_zone":"","msg":"RT lado_graceSteph Kung gusto lage masaya umaga manuod lang kayo ng MB dahil anjan si Melai lage happy at comedy MBMayWard https//tco…"}
{"tweet_id":841793839392153602,"created_unixtime":1489534265741,"created_time":"Tue Mar 14 23:31:05 +0000 2017","lang":"ja","displayname":"clariskanan2_10","time_zone":"","msg":"RT cowengium 海未ちゃんHappy Birthday！！ 園田海未生誕祭2017 https//tco/BOrvt6LlXf"}
{"tweet_id":841793839232765953,"created_unixtime":1489534265703,"created_time":"Tue Mar 14 23:31:05 +0000 2017","lang":"en","displayname":"SaschaNaz","time_zone":"Seoul","msg":"RT donasarkar We are releasing build 15058 for PC to the Fast Ring today Happyhttps//tco/9e5d2Ntu9h WindowsInsiders"}
{"tweet_id":841793839497015296,"created_unixtime":1489534265766,"created_time":"Tue Mar 14 23:31:05 +0000 2017","lang":"tl","displayname":"BagunaGie","time_zone":"","msg":"RT maywardUn Happy graduation day sa lahat ng ga graduate Sa mga bagsak better luck next year MBMayWard"}
{"tweet_id":841793839065124866,"created_unixtime":1489534265663,"created_time":"Tue Mar 14 23:31:05 +0000 2017","lang":"en","displayname":"lqjeon","time_zone":"Copenhagen","msg":"RT peachblossomtae julie youre one of my favorite people if youre happy then thats the most important for me https//tco/Er2MirEqLU"}
{"tweet_id":841793840050802690,"created_unixtime":1489534265898,"created_time":"Tue Mar 14 23:31:05 +0000 2017","lang":"en","displayname":"Chernandez0126","time_zone":"Pacific Time (US & Canada)","msg":"edehnn happy birthday broski gainz😈😈😈gloup letsheadtomexico 💯😈🎈🎉🎊"}
{"tweet_id":841793840327532544,"created_unixtime":1489534265964,"created_time":"Tue Mar 14 23:31:05 +0000 2017","lang":"en","displayname":"johntpro","time_zone":"Pacific Time (US & Canada)","msg":"RT neiltyson 314  Happy Piday to Gregorian calendar users who reckon dates with month followed by day separated by period omitting year"}
{"tweet_id":841793840252104704,"created_unixtime":1489534265946,"created_time":"Tue Mar 14 23:31:05 +0000 2017","lang":"en","displayname":"InstrumentDaily","time_zone":"Eastern Time (US & Canada)","msg":"RT Ioverthoughts Divorce is SO SCARY I pray to God that the person marry I am happy ampamp absolutely in love with for the rest of my li…"}
{"tweet_id":841793839614595072,"created_unixtime":1489534265794,"created_time":"Tue Mar 14 23:31:05 +0000 2017","lang":"en","displayname":"champagne_lefty","time_zone":"Pacific Time (US & Canada)","msg":"Fascist love festBrexit https//tco/2mrej6yzI4"}
{"tweet_id":841793840176586754,"created_unixtime":1489534265928,"created_time":"Tue Mar 14 23:31:05 +0000 2017","lang":"en","displayname":"Blaze_Reddraw","time_zone":"Pacific Time (US & Canada)","msg":"lewdbunnyboy Pancake_AD ill be happy to"}
{"tweet_id":841793840667365377,"created_unixtime":1489534266045,"created_time":"Tue Mar 14 23:31:06 +0000 2017","lang":"en","displayname":"JustCallMeZhar","time_zone":"Pacific Time (US & Canada)","msg":"RT D_Deji28 Do you guys know why he was killed A girl lied that he raped her and her brother shot him dead https//tco/IWDVDZp3rz"}
{"tweet_id":841793840969322496,"created_unixtime":1489534266117,"created_time":"Tue Mar 14 23:31:06 +0000 2017","lang":"en","displayname":"townsendkyle03","time_zone":"Pacific Time (US & Canada)","msg":"thank you Lauren 🙌🏽 https//tco/9IuWdUUqb5"}
{"tweet_id":841793841149693953,"created_unixtime":1489534266160,"created_time":"Tue Mar 14 23:31:06 +0000 2017","lang":"en","displayname":"Gridiron_Goblin","time_zone":"Pacific Time (US & Canada)","msg":"RT preaching if youre happy with someone forget about what everyone else says"}
{"tweet_id":841793840847716352,"created_unixtime":1489534266088,"created_time":"Tue Mar 14 23:31:06 +0000 2017","lang":"en","displayname":"__bigbrowneyes","time_zone":"","msg":"Ninoguapo_ you telling your ex happy birthday 🤔"}
{"tweet_id":841793841229361152,"created_unixtime":1489534266179,"created_time":"Tue Mar 14 23:31:06 +0000 2017","lang":"en","displayname":"Jayruth06","time_zone":"","msg":"RT Salvesayson Life Is Short Dont Waste It Being Angry Or Sad Be Happy And Enjoy The Time You Spend With Your Loves Ones ALDUBxDTBYT…"}
{"tweet_id":841793841388752897,"created_unixtime":1489534266217,"created_time":"Tue Mar 14 23:31:06 +0000 2017","lang":"en","displayname":"kpop17pristin","time_zone":"","msg":"RT girlgroupzone [PIC] 170315 HelloVenus Nara Super Juniors Heechul amp more  KBS Happy Together 3 https//tco/4BU8Z6euUY"}
{"tweet_id":841793841359384576,"created_unixtime":1489534266210,"created_time":"Tue Mar 14 23:31:06 +0000 2017","lang":"en","displayname":"TrooperReals","time_zone":"Berlin","msg":"RT CloydRivers Some kid told me Happy Pi Day Dropkicked his calculator and said America is the land of thick thighs and apple pies 17…"}
{"tweet_id":841793841430704128,"created_unixtime":1489534266227,"created_time":"Tue Mar 14 23:31:06 +0000 2017","lang":"en","displayname":"mariieemo","time_zone":"","msg":"RT IsacElliot I am SO happy for the way Trondheim treated me❤🙏🏻"}
{"tweet_id":841793841661267969,"created_unixtime":1489534266282,"created_time":"Tue Mar 14 23:31:06 +0000 2017","lang":"ja","displayname":"klunaamgel","time_zone":"","msg":"RT klunaamgel 🌸🌸 3月15日 🌸🌸今日は園田海未ちゃんの誕生日です。🎂 海未ちゃん誕生日おめでとう 🎂🎂 Happy birthday 🎂名前のような広い心を持った海未ちゃん、誕生日おめでとう園田海未… "}
{"tweet_id":841793841183186945,"created_unixtime":1489534266168,"created_time":"Tue Mar 14 23:31:06 +0000 2017","lang":"en","displayname":"ThrottleShop","time_zone":"Sydney","msg":"Happy Mini Birthday https//tco/uFFXzkfamb"}
{"tweet_id":841793840663138305,"created_unixtime":1489534266044,"created_time":"Tue Mar 14 23:31:06 +0000 2017","lang":"und","displayname":"MarieCurieTwits","time_zone":"","msg":"family parents parenting kids love life mom dad happy friends travel sister g… https//tco/pfwwzjhpwg https//tco/HX4OJjvnzU"}
{"tweet_id":841793841552347137,"created_unixtime":1489534266256,"created_time":"Tue Mar 14 23:31:06 +0000 2017","lang":"en","displayname":"patricia_eddy","time_zone":"Pacific Time (US & Canada)","msg":"RT noveliciouss Nothing that happens to a writer – however happy however tragic – is ever wasted~PD Jamesamwriting amreading https…"}
{"tweet_id":841793841808138240,"created_unixtime":1489534266317,"created_time":"Tue Mar 14 23:31:06 +0000 2017","lang":"en","displayname":"Raspberry_Pi","time_zone":"London","msg":"RT mcmelectronics Happy Pi Day 314 off Raspberry Pi 3 limit 3 Also 15 off selected Pi accessories https//tco/oR5X1EirO9 raspberr…"}
{"tweet_id":841793841841737728,"created_unixtime":1489534266325,"created_time":"Tue Mar 14 23:31:06 +0000 2017","lang":"en","displayname":"jamaljennings_","time_zone":"Eastern Time (US & Canada)","msg":"Stay positive learn to make yourself happy again 😁"}
{"tweet_id":841793841472667648,"created_unixtime":1489534266237,"created_time":"Tue Mar 14 23:31:06 +0000 2017","lang":"en","displayname":"Krista_Abbott","time_zone":"Eastern Time (US & Canada)","msg":"Today Heaven is laughing A happy heart is like medicine to the soul Laugh today "}
{"tweet_id":841793842307297280,"created_unixtime":1489534266436,"created_time":"Tue Mar 14 23:31:06 +0000 2017","lang":"en","displayname":"thisaintmyland","time_zone":"","msg":"RT ShockerFlashCPI thisaintmyland Happy birthday"}
{"tweet_id":841793842198245376,"created_unixtime":1489534266410,"created_time":"Tue Mar 14 23:31:06 +0000 2017","lang":"en","displayname":"TsunTrap","time_zone":"Pacific Time (US & Canada)","msg":"AmbiguousInk Kana opened his mouth to moan he was more than happy he chose to be inside Kaname his anus was nice and tight and Kaname—"}
{"tweet_id":841793842529591297,"created_unixtime":1489534266489,"created_time":"Tue Mar 14 23:31:06 +0000 2017","lang":"en","displayname":"vilde12","time_zone":"","msg":"RT IsacElliot I am SO happy for the way Trondheim treated me❤🙏🏻"}
{"tweet_id":841793842546393088,"created_unixtime":1489534266493,"created_time":"Tue Mar 14 23:31:06 +0000 2017","lang":"en","displayname":"JacksonCarriero","time_zone":"","msg":"RT BillNye Happy 314 Day peoples"}
{"tweet_id":841793842332487681,"created_unixtime":1489534266442,"created_time":"Tue Mar 14 23:31:06 +0000 2017","lang":"en","displayname":"donnaduritza","time_zone":"Eastern Time (US & Canada)","msg":"RT LimeLightAlcone Happy Friday LimeLight Beauties What are your weekend plans LimeLightByAlcone BeAmazing https//tco/iFO7jDGTmx"}
{"tweet_id":841793842638651393,"created_unixtime":1489534266515,"created_time":"Tue Mar 14 23:31:06 +0000 2017","lang":"en","displayname":"replacingsugg","time_zone":"London","msg":"RT Morenayquee Im happy amp thats all you really need to know"}
{"tweet_id":841793842684809216,"created_unixtime":1489534266526,"created_time":"Tue Mar 14 23:31:06 +0000 2017","lang":"en","displayname":"_WhyzGuy_","time_zone":"Eastern Time (US & Canada)","msg":"Happy Pi Day 2017 5 Fast Facts https//tco/CZsdU0KW1K"}
{"tweet_id":841793843141922816,"created_unixtime":1489534266635,"created_time":"Tue Mar 14 23:31:06 +0000 2017","lang":"ko","displayname":"bagntanarmy","time_zone":"Jakarta","msg":"RT offclASTRO Happy birthday to you~ 진진형 22번째 생일을진심으로 축하해요🎉🎉 착하고 장난도 잘받아주고 리더쉽있는ㅎㅎ진진형 귀염댕이 아스트로 잘부탁드려요생일선물 나 HappyJINJINDay https//…"}
{"tweet_id":841793842995175424,"created_unixtime":1489534266600,"created_time":"Tue Mar 14 23:31:06 +0000 2017","lang":"en","displayname":"lyricsupply","time_zone":"Pacific Time (US & Canada)","msg":"RT Ioverthoughts Divorce is SO SCARY I pray to God that the person marry I am happy ampamp absolutely in love with for the rest of my li…"}
{"tweet_id":841793843234136064,"created_unixtime":1489534266657,"created_time":"Tue Mar 14 23:31:06 +0000 2017","lang":"th","displayname":"aumsonethailand","time_zone":"","msg":"RT yoonatheart วันนี้ ปีที่แล้ว ⏰ lt160314gtกาลาเดรียล ยุนอา อัดรายการ Happy Camp 💕 https//tco/9Hqy0BVGew ltออกอากาศ 160326gt https//tc…"}
{"tweet_id":841793842911297536,"created_unixtime":1489534266580,"created_time":"Tue Mar 14 23:31:06 +0000 2017","lang":"es","displayname":"_more_cuts","time_zone":"Buenos Aires","msg":"Que sad"}
{"tweet_id":841793842793848832,"created_unixtime":1489534266552,"created_time":"Tue Mar 14 23:31:06 +0000 2017","lang":"en","displayname":"ranigill7","time_zone":"Casablanca","msg":"Pankajcsk GOODMORNING PANKAJ LOVELY PIC OF HOLIWISHING YOU ALL  A BEAUTIFUL WEDNESDAYSTAY BLESSED AND HAPPY… https//tco/n9Qmg48cV6"}
{"tweet_id":841793843762724864,"created_unixtime":1489534266783,"created_time":"Tue Mar 14 23:31:06 +0000 2017","lang":"en","displayname":"Footballmoe54","time_zone":"Eastern Time (US & Canada)","msg":"RT J_Turboo Happy birthday my dude Footballmoe54 hope you enjoy it WeTakeTheBestPicsTogether https//tco/9SsVcpaXTe"}
{"tweet_id":841793844006002688,"created_unixtime":1489534266841,"created_time":"Tue Mar 14 23:31:06 +0000 2017","lang":"en","displayname":"XANMAN","time_zone":"Hawaii","msg":"RT Ioverthoughts Divorce is SO SCARY I pray to God that the person marry I am happy ampamp absolutely in love with for the rest of my li…"}
{"tweet_id":841793844257542144,"created_unixtime":1489534266901,"created_time":"Tue Mar 14 23:31:06 +0000 2017","lang":"en","displayname":"mwpnx","time_zone":"Novosibirsk","msg":"RT whiterose_ww17 140314 SEVENTEENs Happy White Day 세븐틴 원우https//tco/yekX4Wby0J https//tco/XrRy3U7oGK"}
{"tweet_id":841793844119236608,"created_unixtime":1489534266868,"created_time":"Tue Mar 14 23:31:06 +0000 2017","lang":"en","displayname":"blackenise","time_zone":"Bern","msg":"RT BillNye Happy 314 Day peoples"}
{"tweet_id":841793844429578241,"created_unixtime":1489534266942,"created_time":"Tue Mar 14 23:31:06 +0000 2017","lang":"en","displayname":"DeltaRichGreen","time_zone":"Arizona","msg":"RT KelLCBCGreens Our team wishes everyone a happy StPatricksDay this Friday  Come celebrate it with us Kelowna bcpoli… "}
{"tweet_id":841793842932289536,"created_unixtime":1489534266585,"created_time":"Tue Mar 14 23:31:06 +0000 2017","lang":"en","displayname":"KadijatS","time_zone":"Pacific Time (US & Canada)","msg":"Happy happy happy😚💞💍 https//tco/woZ6xbMVeK"}
{"tweet_id":841793844765110272,"created_unixtime":1489534267022,"created_time":"Tue Mar 14 23:31:07 +0000 2017","lang":"en","displayname":"shanaaaaang","time_zone":"Hawaii","msg":"RT SPORTalkDubs Happy birthday to the Chef https//tco/z0TFUaBRQi"}
{"tweet_id":841793844853260293,"created_unixtime":1489534267043,"created_time":"Tue Mar 14 23:31:07 +0000 2017","lang":"en","displayname":"eruditemeh","time_zone":"","msg":"RT DamnRealPosts Dont feel sad over someone who gave up on you feel sorry for them because they gave up on someone who would have never…"}
{"tweet_id":841793843171319808,"created_unixtime":1489534266642,"created_time":"Tue Mar 14 23:31:06 +0000 2017","lang":"en","displayname":"IStewart2121","time_zone":"","msg":"March 15 Happy Birthday to Alan and Ian 🎂Smile on https//tco/O06W1r001P"}
{"tweet_id":841793845427765248,"created_unixtime":1489534267180,"created_time":"Tue Mar 14 23:31:07 +0000 2017","lang":"en","displayname":"iAlrianneJake","time_zone":"Pacific Time (US & Canada)","msg":"RT MillennialOfMNL This is your reminder that its okay to not be okay No one is constantly happy Your emotions are yours No one can t…"}
{"tweet_id":841793845104898048,"created_unixtime":1489534267103,"created_time":"Tue Mar 14 23:31:07 +0000 2017","lang":"en","displayname":"damnireally","time_zone":"Eastern Time (US & Canada)","msg":"RT Ioverthoughts Divorce is SO SCARY I pray to God that the person marry I am happy ampamp absolutely in love with for the rest of my li…"}
{"tweet_id":841793845016772609,"created_unixtime":1489534267082,"created_time":"Tue Mar 14 23:31:07 +0000 2017","lang":"en","displayname":"namjachangguu","time_zone":"Pacific Time (US & Canada)","msg":"RT soompi Happy Birthday to ASTROs JinJin HappyJinJinDay https//tco/re8aLKVIDL https//tco/oAcH44Finb"}
{"tweet_id":841793844903526400,"created_unixtime":1489534267055,"created_time":"Tue Mar 14 23:31:07 +0000 2017","lang":"ja","displayname":"happy_pro","time_zone":"","msg":"【定期】コーチングが気になる人は、リプ飛ばすか、メールください！！https//tco/lkRkuICbBLprogmailcom happy"}
{"tweet_id":841793845746515968,"created_unixtime":1489534267256,"created_time":"Tue Mar 14 23:31:07 +0000 2017","lang":"ja","displayname":"sena__himeno","time_zone":"Pacific Time (US & Canada)","msg":"RT warotawww0722 海未ちゃん！お誕生日おめでとう！🎉🎉🎉🎉🎉🎉🎉🎉🎉🎉🎉🎉🎉🎉🎉🎉happy birthday‼園田海未生誕祭2017 園田海未生誕祭 https//tco/oz4kapgCBc"}
{"tweet_id":841793846145032192,"created_unixtime":1489534267351,"created_time":"Tue Mar 14 23:31:07 +0000 2017","lang":"en","displayname":"melanietacanjo1","time_zone":"","msg":"RT senyoramarisse Its sad when youre willing to do everything to be with someone and they do everything to be with somebody else MBMa…"}
{"tweet_id":841793845234941952,"created_unixtime":1489534267134,"created_time":"Tue Mar 14 23:31:07 +0000 2017","lang":"en","displayname":"Shan__Don","time_zone":"Mountain Time (US & Canada)","msg":"RT CultureFUBU Happy Birthday Merlin SantanaRIP https//tco/0K4quO4M5g"}
{"tweet_id":841793846291894272,"created_unixtime":1489534267386,"created_time":"Tue Mar 14 23:31:07 +0000 2017","lang":"en","displayname":"Nike_Mike7","time_zone":"Eastern Time (US & Canada)","msg":"RT haleeeeeeeeeeey Happy birthday dh 🙄🎉 Nike_Mike7"}
{"tweet_id":841793828600315904,"created_unixtime":1489534263168,"created_time":"Tue Mar 14 23:31:03 +0000 2017","lang":"en","displayname":"compIeted","time_zone":"Pacific Time (US & Canada)","msg":"RT Ioverthoughts Divorce is SO SCARY I pray to God that the person marry I am happy ampamp absolutely in love with for the rest of my li…"}
{"tweet_id":841793846392553472,"created_unixtime":1489534267410,"created_time":"Tue Mar 14 23:31:07 +0000 2017","lang":"en","displayname":"briae_","time_zone":"Central Time (US & Canada)","msg":"This man crazy😭😭😭😭😂 its so sad"}
{"tweet_id":841793846551941121,"created_unixtime":1489534267448,"created_time":"Tue Mar 14 23:31:07 +0000 2017","lang":"en","displayname":"kanyefeeI","time_zone":"Pacific Time (US & Canada)","msg":"RT Ioverthoughts Divorce is SO SCARY I pray to God that the person marry I am happy ampamp absolutely in love with for the rest of my li…"}
{"tweet_id":841793847164301313,"created_unixtime":1489534267594,"created_time":"Tue Mar 14 23:31:07 +0000 2017","lang":"pt","displayname":"pastebbins","time_zone":"","msg":"RT ChadDMBVOLS Precious 👇🏻 https//tco/ujgzarVipc"}
{"tweet_id":841793847671705600,"created_unixtime":1489534267715,"created_time":"Tue Mar 14 23:31:07 +0000 2017","lang":"en","displayname":"notsukisenpai","time_zone":"Pacific Time (US & Canada)","msg":"RT Fighter_C3 Happy Birthday this year too Umichan ！！！園田海未生誕祭2017 ラブライブ LoveLive 園田海未生誕祭 3月15日は園田海未の誕生日 https//tco/k5dO7XV66f"}
{"tweet_id":841793847646646273,"created_unixtime":1489534267709,"created_time":"Tue Mar 14 23:31:07 +0000 2017","lang":"en","displayname":"__shortness","time_zone":"","msg":"RT LoveeTimara __shortness happy birthday😍❤️❤️🎊🎊🎊🎊🎊"}
{"tweet_id":841793847520837634,"created_unixtime":1489534267679,"created_time":"Tue Mar 14 23:31:07 +0000 2017","lang":"en","displayname":"PamelaLynnClark","time_zone":"America/Bogota","msg":"These Faux turds just love to wrap themselves in the flag amp question Obamas patriotism then whore themselves out t… https//tco/1qhBGBhpZl"}
{"tweet_id":841793848128888832,"created_unixtime":1489534267824,"created_time":"Tue Mar 14 23:31:07 +0000 2017","lang":"en","displayname":"JudeAnita","time_zone":"","msg":"Happy St Patricks Day from aaronreckgiveaway https//tco/GNWzVlrM4A"}
{"tweet_id":841793847797604352,"created_unixtime":1489534267745,"created_time":"Tue Mar 14 23:31:07 +0000 2017","lang":"ja","displayname":"mikio2441","time_zone":"","msg":"RT poosan1125 海未ちゃんお誕生日ｵﾒﾃﾞﾄ ヽ｀･ω･´ﾉ ｲｪｲHappy Birthday☆｡ﾟ園田海未生誕祭2017 園田海未生誕祭 3月15日は園田海未の誕生日 RTした人全員フォローする https//tco…"}
{"tweet_id":841793848535842819,"created_unixtime":1489534267921,"created_time":"Tue Mar 14 23:31:07 +0000 2017","lang":"en","displayname":"BlazePizza","time_zone":"Pacific Time (US & Canada)","msg":"MrIfog99 Happy PiDay 🍕 HowDoYouBlaze BlazePiDay"}
{"tweet_id":841793819494440960,"created_unixtime":1489534260997,"created_time":"Tue Mar 14 23:31:00 +0000 2017","lang":"en","displayname":"blvckdanny","time_zone":"Central Time (US & Canada)","msg":"RT sheswithmee IfYoureMyGirl I plan to give you the world and I will constantly strive to make you happy no matter what I have to do"}
{"tweet_id":841793847856398336,"created_unixtime":1489534267759,"created_time":"Tue Mar 14 23:31:07 +0000 2017","lang":"und","displayname":"ARKFruskaGora","time_zone":"Belgrade","msg":"8 Noćni maraton Novi Sad Srbija  Najava https//tco/nkjL2u7RRV"}
{"tweet_id":841793848573628419,"created_unixtime":1489534267930,"created_time":"Tue Mar 14 23:31:07 +0000 2017","lang":"en","displayname":"BlackhillBhoy","time_zone":"","msg":"RT McNallyMirror Sad to see Caixinha put up to trash talk from the sort of boastful PR script that backfired on BartonLooks to be anothe…"}
{"tweet_id":841793848766525440,"created_unixtime":1489534267976,"created_time":"Tue Mar 14 23:31:07 +0000 2017","lang":"en","displayname":"zairejl","time_zone":"Eastern Time (US & Canada)","msg":"yall dont know how happy i am that i dont have to leave my apartment until 130pm tomorrow"}
{"tweet_id":841793848997158914,"created_unixtime":1489534268031,"created_time":"Tue Mar 14 23:31:08 +0000 2017","lang":"en","displayname":"sheila_tormes","time_zone":"","msg":"RT WeLoveJaDine Happy third Anniversary JaDineLand 💜LetOurPurpleHeartsShineAt3 EL"}
{"tweet_id":841793849169219584,"created_unixtime":1489534268072,"created_time":"Tue Mar 14 23:31:08 +0000 2017","lang":"en","displayname":"MrsPlugg","time_zone":"","msg":"RT ICE720WAMP THE FACTS OF LIFE 🤦🏽‍♂️ https//tco/yvl9mByj3H"}
{"tweet_id":841793849483747330,"created_unixtime":1489534268147,"created_time":"Tue Mar 14 23:31:08 +0000 2017","lang":"en","displayname":"batkaren","time_zone":"Pacific Time (US & Canada)","msg":"timothy_boothe thank you I dont do much word play these days cuz Twitter ruined it for me but I was happy with it "}
{"tweet_id":841793849471070208,"created_unixtime":1489534268144,"created_time":"Tue Mar 14 23:31:08 +0000 2017","lang":"en","displayname":"seateee","time_zone":"","msg":"RT OfficialKBB So happy to see you both together Take care always girls ❤️ bernardokath kristelfulgar © CHFILTeaserLaunch https//t…"}
{"tweet_id":841793849320189953,"created_unixtime":1489534268108,"created_time":"Tue Mar 14 23:31:08 +0000 2017","lang":"en","displayname":"vanitasnort","time_zone":"Pacific Time (US & Canada)","msg":"RT lostpanda Happy Pi day https//tco/tMJq9uUeRk"}
{"tweet_id":841793849857081344,"created_unixtime":1489534268236,"created_time":"Tue Mar 14 23:31:08 +0000 2017","lang":"en","displayname":"drunkwilly17","time_zone":"Pacific Time (US & Canada)","msg":"HAPPY BIRTHDAY IMAN iman_adepetu"}
{"tweet_id":841793849945133056,"created_unixtime":1489534268257,"created_time":"Tue Mar 14 23:31:08 +0000 2017","lang":"en","displayname":"dormans2006","time_zone":"","msg":"RT bing Search What You Love Infinitely Happy PiDay https//tco/cyP1SDmlSb"}
{"tweet_id":841793850331000832,"created_unixtime":1489534268349,"created_time":"Tue Mar 14 23:31:08 +0000 2017","lang":"en","displayname":"EricaBrecher","time_zone":"Eastern Time (US & Canada)","msg":"MMarchitteIII happy to chat "}
{"tweet_id":841793850255503360,"created_unixtime":1489534268331,"created_time":"Tue Mar 14 23:31:08 +0000 2017","lang":"in","displayname":"LeongYungyi","time_zone":"","msg":"Happy Birthday mamaku syggg💙💚💛💜 semoga Allah selalu melindungimu… https//tco/Tmsj4Q2vMY"}
{"tweet_id":841793850519744512,"created_unixtime":1489534268394,"created_time":"Tue Mar 14 23:31:08 +0000 2017","lang":"en","displayname":"justinfuckmep","time_zone":"Santiago","msg":"RT ganaconluisito rt for mini sponsor👀rt for free follows✋ rt for dms📲rt for  idols follow🎰rt for fback🎗️rt for shoutout🏆and rt fo…"}
{"tweet_id":841793850691735552,"created_unixtime":1489534268435,"created_time":"Tue Mar 14 23:31:08 +0000 2017","lang":"en","displayname":"jeammal","time_zone":"","msg":"RT Berti_and_Ernie Lets say it plain and simpleThese are two happy dogs https//tco/OtYeClXrVI"}
{"tweet_id":841793850968551427,"created_unixtime":1489534268501,"created_time":"Tue Mar 14 23:31:08 +0000 2017","lang":"en","displayname":"jbspecial10294","time_zone":"Eastern Time (US & Canada)","msg":"RT stephaanieeannn V accurate representation of me this week 🙃🙃 Happy Pi day from Kaplan piday kaplanSBA stress… "}
{"tweet_id":841793850192605185,"created_unixtime":1489534268316,"created_time":"Tue Mar 14 23:31:08 +0000 2017","lang":"en","displayname":"mparton70","time_zone":"","msg":"RT ResistanceParty Problem is Monica Crowley is a happy warrior for Putin TrumpRussia TeamOfLiars https//tco/fTAtkDBMTi"}
{"tweet_id":841793851027251200,"created_unixtime":1489534268515,"created_time":"Tue Mar 14 23:31:08 +0000 2017","lang":"en","displayname":"IamArieRose","time_zone":"Pacific Time (US & Canada)","msg":"Happy Tuesday Whats everyone up to Making sure yall still with me 😘 I love you teamarozay🌹… https//tco/hHmpZP2YyI"}
{"tweet_id":841793851253649408,"created_unixtime":1489534268569,"created_time":"Tue Mar 14 23:31:08 +0000 2017","lang":"en","displayname":"JudeAnita","time_zone":"","msg":"Happy St Patricks Day from aaronreckgiveaway https//tco/U3N7VlUh7W"}
{"tweet_id":841793851144712193,"created_unixtime":1489534268543,"created_time":"Tue Mar 14 23:31:08 +0000 2017","lang":"en","displayname":"pastafactoryuk","time_zone":"London","msg":"RT thelrm Another wonderful meal pastafactoryuk best vegan food in Manc amp special thanks for saving me singing happy birthday The_Jac…"}
{"tweet_id":841793850737844225,"created_unixtime":1489534268446,"created_time":"Tue Mar 14 23:31:08 +0000 2017","lang":"en","displayname":"litcaminah","time_zone":"Pacific Time (US & Canada)","msg":"RT dinahjane97 NeonLights wishin Karla Camila Cabello a HAPPY 17th BDAY 😬👑🎀💋✨ I love you sis mwahhh https//tco/Ra0fSgP29R"}
{"tweet_id":841793850930798594,"created_unixtime":1489534268492,"created_time":"Tue Mar 14 23:31:08 +0000 2017","lang":"und","displayname":"idhf_","time_zone":"Belgrade","msg":"Mrzim se sad jakoViše nego što se inače mrzim"}
{"tweet_id":841793851740295168,"created_unixtime":1489534268685,"created_time":"Tue Mar 14 23:31:08 +0000 2017","lang":"en","displayname":"haileycanyounot","time_zone":"Atlantic Time (Canada)","msg":"RT RickyPDillon Happy pi day https//tco/PyJRimk7d3"}
{"tweet_id":841793851987763200,"created_unixtime":1489534268744,"created_time":"Tue Mar 14 23:31:08 +0000 2017","lang":"en","displayname":"ambermilam99","time_zone":"","msg":"RickyPDillon happy birthday to me"}
{"tweet_id":841793851941625859,"created_unixtime":1489534268733,"created_time":"Tue Mar 14 23:31:08 +0000 2017","lang":"en","displayname":"maciemory","time_zone":"","msg":"RT HeartIessly I could literally lay up all day and chill with one person amp just be happy with that"}
{"tweet_id":841793851836780544,"created_unixtime":1489534268708,"created_time":"Tue Mar 14 23:31:08 +0000 2017","lang":"en","displayname":"taheerbrooklyn4","time_zone":"","msg":"So true https//tco/yzdQBMIfzC"}
{"tweet_id":841793852151336960,"created_unixtime":1489534268783,"created_time":"Tue Mar 14 23:31:08 +0000 2017","lang":"en","displayname":"nataliaaa1231","time_zone":"Pacific Time (US & Canada)","msg":"RT skkaragoz10 Black ice will pose a danger for those that operate a motor vehicle a closure is the best option to ensure the saf… "}
{"tweet_id":841793852524523522,"created_unixtime":1489534268872,"created_time":"Tue Mar 14 23:31:08 +0000 2017","lang":"en","displayname":"MOXYpro","time_zone":"Pacific Time (US & Canada)","msg":"RT Rinkydinkpink38 truTVjokers BQQuinn Happy birthday to my favourite joker Have a great day xxxx"}
{"tweet_id":841793851929055233,"created_unixtime":1489534268730,"created_time":"Tue Mar 14 23:31:08 +0000 2017","lang":"en","displayname":"___Lucilla__","time_zone":"","msg":"RT troytheblackguy All she wanted to do was say happy birthday to her friend but twitter just couldnt let her live lmaooo https//tco/X…"}
{"tweet_id":841793852663037953,"created_unixtime":1489534268905,"created_time":"Tue Mar 14 23:31:08 +0000 2017","lang":"und","displayname":"JohnPaulBunyan","time_zone":"Eastern Time (US & Canada)","msg":"danielradosh sad"}
{"tweet_id":841793852453343241,"created_unixtime":1489534268855,"created_time":"Tue Mar 14 23:31:08 +0000 2017","lang":"en","displayname":"townsendkyle03","time_zone":"Pacific Time (US & Canada)","msg":"RT lauren__taylor4 townsendkyle03  happy Birthday hope its a great one 🎉🎉"}
{"tweet_id":841793851903868929,"created_unixtime":1489534268724,"created_time":"Tue Mar 14 23:31:08 +0000 2017","lang":"en","displayname":"NSSEO_org","time_zone":"Pacific Time (US & Canada)","msg":"RT MissLsClassroom Happy Pi Day Yall https//tco/adwIk1dIC5"}
{"tweet_id":841793853107646464,"created_unixtime":1489534269011,"created_time":"Tue Mar 14 23:31:09 +0000 2017","lang":"en","displayname":"Ashley04385","time_zone":"Pacific Time (US & Canada)","msg":"RT RickyPDillon Happy pi day https//tco/PyJRimk7d3"}
{"tweet_id":841793852788887553,"created_unixtime":1489534268935,"created_time":"Tue Mar 14 23:31:08 +0000 2017","lang":"en","displayname":"MayaInTheSkyah","time_zone":"Pacific Time (US & Canada)","msg":"RT _lilsunnyyy Talk to god more aint nothing wrong with you dont know what youre sad for you got clothes on your back and… "}
{"tweet_id":841793853036322820,"created_unixtime":1489534268994,"created_time":"Tue Mar 14 23:31:08 +0000 2017","lang":"en","displayname":"RideorDie150","time_zone":"Eastern Time (US & Canada)","msg":"hes gay since when 😱 well there goes my heart 💔 https//tco/vnNxVYr7GE"}
{"tweet_id":841793853673820160,"created_unixtime":1489534269146,"created_time":"Tue Mar 14 23:31:09 +0000 2017","lang":"ja","displayname":"Wk9jrQqNNz6tCQU","time_zone":"","msg":"【連載マンガ】「ほしとくずDont worry Be happy CHAPTER01」を読みました！人気マンガが無料で読める！LINEマンガ今スグ読む→ https//tco/gu72moovwL LINEマンガ"}
{"tweet_id":841793825160888320,"created_unixtime":1489534262348,"created_time":"Tue Mar 14 23:31:02 +0000 2017","lang":"en","displayname":"Hopsterwannabe","time_zone":"Pacific Time (US & Canada)","msg":"RT Lions Happy PiDay https//tco/yy2536bhhY"}
{"tweet_id":841793854223351808,"created_unixtime":1489534269277,"created_time":"Tue Mar 14 23:31:09 +0000 2017","lang":"en","displayname":"ThatBallerKru","time_zone":"","msg":"RT kevinlove Happy birthday to my brother RealTristan13 Enjoy it"}
{"tweet_id":841793853988474880,"created_unixtime":1489534269221,"created_time":"Tue Mar 14 23:31:09 +0000 2017","lang":"en","displayname":"alygator93","time_zone":"","msg":"Happy Birthday grandma I love you ❤️💕  Fresno California https//tco/jxiJQ4EfvZ"}
{"tweet_id":841793853594177536,"created_unixtime":1489534269127,"created_time":"Tue Mar 14 23:31:09 +0000 2017","lang":"en","displayname":"KristaKrauter","time_zone":"","msg":"Woohoo What a fun day Thanks for organizing wtaege and JonathanJLees https//tco/Gb5VxHAdHL"}
{"tweet_id":841793854684692480,"created_unixtime":1489534269387,"created_time":"Tue Mar 14 23:31:09 +0000 2017","lang":"en","displayname":"stormyturner_","time_zone":"","msg":"cpsemscramlin happy birthday pretty 🎊💛"}
{"tweet_id":841793854936358912,"created_unixtime":1489534269447,"created_time":"Tue Mar 14 23:31:09 +0000 2017","lang":"en","displayname":"Mike___i","time_zone":"Eastern Time (US & Canada)","msg":"Im happy that it rained but this snow is Adele heavy Feel like Im shoveling cinder blocks"}
{"tweet_id":841793855133519873,"created_unixtime":1489534269494,"created_time":"Tue Mar 14 23:31:09 +0000 2017","lang":"en","displayname":"yullenss","time_zone":"Athens","msg":"sometimes im sad and i think about the fact school made my life a nightmare and crushed my dreams and i get suicidal"}
{"tweet_id":841793855288668160,"created_unixtime":1489534269531,"created_time":"Tue Mar 14 23:31:09 +0000 2017","lang":"en","displayname":"LivReinert","time_zone":"Hawaii","msg":"RT Nig_er Your girl mad Feed herYour girl sad Feed herYour girl happy Might as well feed her before she gets mad lol"}
{"tweet_id":841793855699599361,"created_unixtime":1489534269629,"created_time":"Tue Mar 14 23:31:09 +0000 2017","lang":"en","displayname":"jayleemcwhirt","time_zone":"Quito","msg":"Happy birthday to my favorite person Morgan_Shreve 💛 I hope your day is as wonderful as you are I love you amp miss you dearly 💗💗"}
{"tweet_id":841793855749931008,"created_unixtime":1489534269641,"created_time":"Tue Mar 14 23:31:09 +0000 2017","lang":"en","displayname":"tsiniee","time_zone":"Beijing","msg":"RT MillennialOfMNL This is your reminder that its okay to not be okay No one is constantly happy Your emotions are yours No one can t…"}
{"tweet_id":841793855968108544,"created_unixtime":1489534269693,"created_time":"Tue Mar 14 23:31:09 +0000 2017","lang":"en","displayname":"Outsetini","time_zone":"Pacific Time (US & Canada)","msg":"RT StudioAtma Tree14159265359 😊 Happy PiDay Behold new trees gamedev indiedev 2dart jrpg madewithunity gameart unity… "}
{"tweet_id":841793855984922624,"created_unixtime":1489534269697,"created_time":"Tue Mar 14 23:31:09 +0000 2017","lang":"en","displayname":"_callmei","time_zone":"Quito","msg":"RT thrasherhobi IM SAD I FUCKING HATE PEOPLE ALL U ASSHOLES DO IS FUCKINF DESTROY DIE https//tco/wPSZKdGRG5"}
{"tweet_id":841793855867478016,"created_unixtime":1489534269669,"created_time":"Tue Mar 14 23:31:09 +0000 2017","lang":"en","displayname":"stylespoetry","time_zone":"Santiago","msg":"dear Harry_Styles keep smiling cause your smile makes me smile Thank you for making me so happy mind following me Love you ♡ — 13154"}
{"tweet_id":841793856370761728,"created_unixtime":1489534269789,"created_time":"Tue Mar 14 23:31:09 +0000 2017","lang":"ko","displayname":"MDnq6fSRXsExx88","time_zone":"","msg":"RT offclASTRO Happy birthday to you~ 진진형 22번째 생일을진심으로 축하해요🎉🎉 착하고 장난도 잘받아주고 리더쉽있는ㅎㅎ진진형 귀염댕이 아스트로 잘부탁드려요생일선물 나 HappyJINJINDay https//…"}
{"tweet_id":841793856333053952,"created_unixtime":1489534269780,"created_time":"Tue Mar 14 23:31:09 +0000 2017","lang":"en","displayname":"souly","time_zone":"Eastern Time (US & Canada)","msg":"RT neiltyson 314  Happy Piday to Gregorian calendar users who reckon dates with month followed by day separated by period omitting year"}
{"tweet_id":841793855217401857,"created_unixtime":1489534269514,"created_time":"Tue Mar 14 23:31:09 +0000 2017","lang":"es","displayname":"mellis_101","time_zone":"Buenos Aires","msg":"Foto de Eric en Instagram ACEAdriaCallaEric ❤ Happy family 💞 https//tco/LNZSGERIdw"}
{"tweet_id":841793856525938688,"created_unixtime":1489534269826,"created_time":"Tue Mar 14 23:31:09 +0000 2017","lang":"en","displayname":"manibsy","time_zone":"","msg":"RT OFCALDubKoTo HAPPY WEDNESDAY 😘ALDUBxDTBYTugOfHearts https//tco/iUQrMDb2PN"}
{"tweet_id":841793855863287810,"created_unixtime":1489534269668,"created_time":"Tue Mar 14 23:31:09 +0000 2017","lang":"en","displayname":"Henndrixxx","time_zone":"Eastern Time (US & Canada)","msg":"RT _lilsunnyyy Talk to god more aint nothing wrong with you dont know what youre sad for you got clothes on your back and… "}
{"tweet_id":841793831515389952,"created_unixtime":1489534263863,"created_time":"Tue Mar 14 23:31:03 +0000 2017","lang":"tl","displayname":"jamilluh","time_zone":"Midway Island","msg":"dahil wala tayong pic ito nalang hahahaha happy birthday pasty wishing you all the best 😝 tama na pangdadarag… https//tco/1lpT1fdVng"}
{"tweet_id":841793856626601985,"created_unixtime":1489534269850,"created_time":"Tue Mar 14 23:31:09 +0000 2017","lang":"en","displayname":"Mp633","time_zone":"","msg":"Happy pi day all Ill see you on the stream tonight"}
{"tweet_id":841793856408547328,"created_unixtime":1489534269798,"created_time":"Tue Mar 14 23:31:09 +0000 2017","lang":"en","displayname":"emma_goldstein_","time_zone":"","msg":"Happy birthdayJozwiakJoe"}
{"tweet_id":841793856282759168,"created_unixtime":1489534269768,"created_time":"Tue Mar 14 23:31:09 +0000 2017","lang":"en","displayname":"Rebel_Rell43","time_zone":"Eastern Time (US & Canada)","msg":"Happy earlier bday luv 💫💥 https//tco/mhcbTQapoA"}
{"tweet_id":841793856807026688,"created_unixtime":1489534269893,"created_time":"Tue Mar 14 23:31:09 +0000 2017","lang":"en","displayname":"bugatti_zoe13","time_zone":"","msg":"Divorce is SO SCARY I pray to God that the person marry I am happy amp absolutely in love with for the rest of my life"}
{"tweet_id":841793856752484352,"created_unixtime":1489534269880,"created_time":"Tue Mar 14 23:31:09 +0000 2017","lang":"en","displayname":"Rachael_Lamothe","time_zone":"","msg":"natnat7 youre welcome The world needs to hear you Happy to try amp help promote it"}
{"tweet_id":841793856177758208,"created_unixtime":1489534269743,"created_time":"Tue Mar 14 23:31:09 +0000 2017","lang":"en","displayname":"dylan__waller","time_zone":"Central Time (US & Canada)","msg":"RT Tgodwin84 Happy birthday to my man dylan__waller Now we can do this legally https//tco/3FXjtoHiiK"}
{"tweet_id":841793857234776064,"created_unixtime":1489534269995,"created_time":"Tue Mar 14 23:31:09 +0000 2017","lang":"en","displayname":"mzbjjrose1","time_zone":"Pacific Time (US & Canada)","msg":"Dont change the way you are just to make somebody happyMBMayWard"}
{"tweet_id":841793857494818816,"created_unixtime":1489534270057,"created_time":"Tue Mar 14 23:31:10 +0000 2017","lang":"en","displayname":"TrentonEbersole","time_zone":"","msg":"RT OhioStateDaily Happy PiDay GoBucks https//tco/SW284iB5gy"}
{"tweet_id":841793857650081796,"created_unixtime":1489534270094,"created_time":"Tue Mar 14 23:31:10 +0000 2017","lang":"en","displayname":"starfishcarson","time_zone":"Central Time (US & Canada)","msg":"RowenKito super happy cutie 😜"}
{"tweet_id":841793857843015680,"created_unixtime":1489534270140,"created_time":"Tue Mar 14 23:31:10 +0000 2017","lang":"es","displayname":"LarubiusOMG33","time_zone":"","msg":"RT mellamanfredy NUEVO VÍDEO MATANDO A NIÑOS EN HAPPY WEELS ❤Si COMPARTES ESTE VÍDEO te menciono en el siguiente vídeo❤… "}
{"tweet_id":841793857658454016,"created_unixtime":1489534270096,"created_time":"Tue Mar 14 23:31:10 +0000 2017","lang":"en","displayname":"courtisexy","time_zone":"Mountain Time (US & Canada)","msg":"Happy birthday Jackson Hope its a good one 😝 JacksonKingwell"}
{"tweet_id":841793857998184448,"created_unixtime":1489534270177,"created_time":"Tue Mar 14 23:31:10 +0000 2017","lang":"en","displayname":"HarazGhanbari","time_zone":"Eastern Time (US & Canada)","msg":"RT LesterHoltNBC Happy birthday to Ray Chavez oldest living Pearl Harbor survivor Well take you to his 105th birthday party tonig… "}
{"tweet_id":841793858170155008,"created_unixtime":1489534270218,"created_time":"Tue Mar 14 23:31:10 +0000 2017","lang":"en","displayname":"BLMAN01","time_zone":"","msg":"RT MatPatGT A nerdy math joke for a nerdy holidayHappy Pi Day https//tco/jRxvuScUyn"}
{"tweet_id":841793858296004613,"created_unixtime":1489534270248,"created_time":"Tue Mar 14 23:31:10 +0000 2017","lang":"en","displayname":"AHS_MrBear","time_zone":"Pacific Time (US & Canada)","msg":"RT neiltyson 314  Happy Piday to Gregorian calendar users who reckon dates with month followed by day separated by period omitting year"}
{"tweet_id":841793837924212736,"created_unixtime":1489534265391,"created_time":"Tue Mar 14 23:31:05 +0000 2017","lang":"en","displayname":"ErnaSommers","time_zone":"Hawaii","msg":"Big Fails  That Kind Of Mother You Are Very Happy Its Not Yours https//tco/Ojny0szVgY"}
{"tweet_id":841793858023395328,"created_unixtime":1489534270183,"created_time":"Tue Mar 14 23:31:10 +0000 2017","lang":"en","displayname":"newyork1986x","time_zone":"Brasilia","msg":"RT GameOfThrones Happy GameofThrones PiDay https//tco/N1spcVNHuw"}
{"tweet_id":841793857159344128,"created_unixtime":1489534269977,"created_time":"Tue Mar 14 23:31:09 +0000 2017","lang":"de","displayname":"SuitablyManic","time_zone":"London","msg":"RT TheCinegogue Pi 1998 dir Darren AronofskyHappy PiDay  https//tco/uOte86W70p"}
{"tweet_id":841793856836403200,"created_unixtime":1489534269900,"created_time":"Tue Mar 14 23:31:09 +0000 2017","lang":"en","displayname":"dyanipezzelle","time_zone":"","msg":"My nails are done my eyebrows are waxed Ill be happy for the next 2 weeks"}
{"tweet_id":841793858463776769,"created_unixtime":1489534270288,"created_time":"Tue Mar 14 23:31:10 +0000 2017","lang":"en","displayname":"mommage8386","time_zone":"","msg":"So sad to read this about gordmans Our mom Esther worked for Mr Gordman for many years"}
{"tweet_id":841793858950307841,"created_unixtime":1489534270404,"created_time":"Tue Mar 14 23:31:10 +0000 2017","lang":"en","displayname":"CaasiEH","time_zone":"Amsterdam","msg":"RT HYPEBEAST Happy Birthday Steph 🍾 https//tco/N0t5c1aSwY"}
{"tweet_id":841793858509934593,"created_unixtime":1489534270299,"created_time":"Tue Mar 14 23:31:10 +0000 2017","lang":"en","displayname":"0xy6en","time_zone":"Pacific Time (US & Canada)","msg":"RT alexaiono My happy place☺ https//tco/pgetrNhVIp"}
{"tweet_id":841793859617095680,"created_unixtime":1489534270563,"created_time":"Tue Mar 14 23:31:10 +0000 2017","lang":"en","displayname":"SeeKrisstel","time_zone":"","msg":"so sad MSB had to end"}
{"tweet_id":841793859403296771,"created_unixtime":1489534270512,"created_time":"Tue Mar 14 23:31:10 +0000 2017","lang":"en","displayname":"swirlixes","time_zone":"London","msg":"swankisses im honestly so touched WHAT ON EARTH its such a beautiful thing so im so happy you like it more now really  "}
{"tweet_id":841793860103634944,"created_unixtime":1489534270679,"created_time":"Tue Mar 14 23:31:10 +0000 2017","lang":"en","displayname":"golden_byul","time_zone":"","msg":"RT lqjjk a happy bunny https//tco/BDODvRcYT1"}
{"tweet_id":841793859847880704,"created_unixtime":1489534270618,"created_time":"Tue Mar 14 23:31:10 +0000 2017","lang":"en","displayname":"FierceJasmine","time_zone":"","msg":"RT rebekahchantal no school makes me soo happy😭"}
{"tweet_id":841793858853720064,"created_unixtime":1489534270381,"created_time":"Tue Mar 14 23:31:10 +0000 2017","lang":"ja","displayname":"__manamiiii0515","time_zone":"","msg":"🌹mi315sa 🌹Happy Birthday！！最近会えてなくてとっても寂しい😢😢まじで遊ぼう！！！みさと仲良くなって4年経つとかはやすぎ🤘🏻あぁ、大好きだー笑 https//tco/OOlkvVTT5p"}
{"tweet_id":841793859906605056,"created_unixtime":1489534270632,"created_time":"Tue Mar 14 23:31:10 +0000 2017","lang":"en","displayname":"SadPianoMusic","time_zone":"Pacific Time (US & Canada)","msg":"Now playing    Yiruma   The Sunbeams They Scatter onhttps//tco/8LVDOL0B1jmelancholy sad melancholymusic"}
{"tweet_id":841793860208480256,"created_unixtime":1489534270704,"created_time":"Tue Mar 14 23:31:10 +0000 2017","lang":"en","displayname":"Raymond40918","time_zone":"","msg":"RT SunFootyShow Happy Birthday to one of the all time greats and our very own Lou Richards9AFLSFS https//tco/U8LbuwpXPU"}
{"tweet_id":841793860082716674,"created_unixtime":1489534270674,"created_time":"Tue Mar 14 23:31:10 +0000 2017","lang":"en","displayname":"SaiSlothh","time_zone":"Hawaii","msg":"RT Leau_Dhiver 170311 Oh Happy day 박보검 parkbogum BOGUMMY https//tco/vL18brc0UA"}
{"tweet_id":841793860359487490,"created_unixtime":1489534270740,"created_time":"Tue Mar 14 23:31:10 +0000 2017","lang":"en","displayname":"Scoopulaa","time_zone":"Pacific Time (US & Canada)","msg":"I lowkey feel like Subo did Happy and Chanyeol did let it go 😂😂 https//tco/9qxqHpiAL3"}
{"tweet_id":841793860070174720,"created_unixtime":1489534270671,"created_time":"Tue Mar 14 23:31:10 +0000 2017","lang":"en","displayname":"parkerkerker","time_zone":"","msg":"thanks https//tco/AVwRlK0jOp"}
{"tweet_id":841793860707610624,"created_unixtime":1489534270823,"created_time":"Tue Mar 14 23:31:10 +0000 2017","lang":"und","displayname":"katiehoffman512","time_zone":"Pacific Time (US & Canada)","msg":"RT melissaaduarte RT https//tco/tuCjsNMC9E"}
{"tweet_id":841793860825149443,"created_unixtime":1489534270851,"created_time":"Tue Mar 14 23:31:10 +0000 2017","lang":"en","displayname":"ChaseCarbon","time_zone":"Pacific Time (US & Canada)","msg":"RT TheLynnMelling https//tco/6pZUBBXKSc Happy to donate Harvey and Callie to local schools They love a good read"}
{"tweet_id":841793861043265536,"created_unixtime":1489534270903,"created_time":"Tue Mar 14 23:31:10 +0000 2017","lang":"en","displayname":"youssefElhajji3","time_zone":"","msg":"pour lwalida HAPPY 8MARS"}
{"tweet_id":841793861110374400,"created_unixtime":1489534270919,"created_time":"Tue Mar 14 23:31:10 +0000 2017","lang":"en","displayname":"KoleanMike","time_zone":"","msg":"RT kawalpeet The way you start ur daycan affect ur whole dayBegin it with a smilecalmness of mind amp coolness of emotions… "}
{"tweet_id":841793861567488000,"created_unixtime":1489534271028,"created_time":"Tue Mar 14 23:31:11 +0000 2017","lang":"en","displayname":"DapenaLorelyn","time_zone":"","msg":"Belated Happy Birthday 😊🎂"}
{"tweet_id":841793861655576579,"created_unixtime":1489534271049,"created_time":"Tue Mar 14 23:31:11 +0000 2017","lang":"en","displayname":"peechblossom1","time_zone":"","msg":"RT TheRealLizW nathanvarni valentinifrank PFossil I LOVE domestic Friz They are my happy place So excited to see where this Jake st…"}
{"tweet_id":841793861563383809,"created_unixtime":1489534271027,"created_time":"Tue Mar 14 23:31:11 +0000 2017","lang":"en","displayname":"swtnene","time_zone":"","msg":"RT a_ohjay EE_Cool_J  HED BE GCFR SOMEDAY HAPPY BIRTHDAY FAM 💪shot by yours truly☺ https//tco/NGk96TRNpa"}
{"tweet_id":841793861911515140,"created_unixtime":1489534271110,"created_time":"Tue Mar 14 23:31:11 +0000 2017","lang":"en","displayname":"BigTImeDreams_1","time_zone":"Central Time (US & Canada)","msg":"RT india_kate This photo makes me so happy ☺️✨ RitaOra ANTMVH1 antmvh1 https//tco/PsC5hOSlDs"}
{"tweet_id":841793861798240258,"created_unixtime":1489534271083,"created_time":"Tue Mar 14 23:31:11 +0000 2017","lang":"in","displayname":"megganmariie_","time_zone":"","msg":"Gah damn 😻😻 https//tco/JdCPhHTlYg"}
{"tweet_id":841793862096039936,"created_unixtime":1489534271154,"created_time":"Tue Mar 14 23:31:11 +0000 2017","lang":"en","displayname":"EndTheOligarch","time_zone":"Pacific Time (US & Canada)","msg":"Border wall should be an option you can opt out of on your preventative healthcare plan https//tco/OMCCs0Erdt"}
{"tweet_id":841793862582583296,"created_unixtime":1489534271270,"created_time":"Tue Mar 14 23:31:11 +0000 2017","lang":"en","displayname":"MajorJazzer","time_zone":"","msg":"I have 558 followers now Im sad but I havent been active"}
{"tweet_id":841793862645489666,"created_unixtime":1489534271285,"created_time":"Tue Mar 14 23:31:11 +0000 2017","lang":"en","displayname":"mellowspurr","time_zone":"Pacific Time (US & Canada)","msg":"RT Skirtzzz A Lilo and Stitch/Moana crossover These were all part of a really big piece but Im just not happy with any of it… "}
{"tweet_id":841793862771200000,"created_unixtime":1489534271315,"created_time":"Tue Mar 14 23:31:11 +0000 2017","lang":"en","displayname":"SelinKement","time_zone":"Sydney","msg":"Happy Pi Day for all you mathematicians out there https//tco/OO5XpGsSop"}
{"tweet_id":841793862825852929,"created_unixtime":1489534271328,"created_time":"Tue Mar 14 23:31:11 +0000 2017","lang":"en","displayname":"RobertBrookhart","time_zone":"Central Time (US & Canada)","msg":"Happy PI Day"}
{"tweet_id":841793862855233538,"created_unixtime":1489534271335,"created_time":"Tue Mar 14 23:31:11 +0000 2017","lang":"en","displayname":"michaelsharples","time_zone":"","msg":"RT danicamckellar Happy Pi Day  314 Watch me sing 139 digits in this nifty nerdist video https//tco/vpk5uw3ML6 hardwick… "}
{"tweet_id":841793863392079873,"created_unixtime":1489534271463,"created_time":"Tue Mar 14 23:31:11 +0000 2017","lang":"en","displayname":"natalieosnes","time_zone":"Amsterdam","msg":"RT IsacElliot I am SO happy for the way Trondheim treated me❤🙏🏻"}
{"tweet_id":841793863194939396,"created_unixtime":1489534271416,"created_time":"Tue Mar 14 23:31:11 +0000 2017","lang":"en","displayname":"NeverMyPresEver","time_zone":"","msg":"DonaldJTrumpJr she will be a piece of trash like the rest of her family Sad"}
{"tweet_id":841793864079937540,"created_unixtime":1489534271627,"created_time":"Tue Mar 14 23:31:11 +0000 2017","lang":"en","displayname":"_Jordyynnn","time_zone":"Pacific Time (US & Canada)","msg":"RT Queenphi_  with you 😕 https//tco/kXBF4lC0yn"}
{"tweet_id":841793863291412481,"created_unixtime":1489534271439,"created_time":"Tue Mar 14 23:31:11 +0000 2017","lang":"en","displayname":"idkataemin","time_zone":"Central Time (US & Canada)","msg":"RT Jinkisuschrist Man im so happy Im on spring break my skin is clearing up i bought cute stuff im seeing my menz next week https…"}
{"tweet_id":841793864369360896,"created_unixtime":1489534271696,"created_time":"Tue Mar 14 23:31:11 +0000 2017","lang":"en","displayname":"hyuu_hy97","time_zone":"Eastern Time (US & Canada)","msg":"n4391 OHMY GO D STOOOPPP YOURE MAKING ME BLUSHHHHHH💦💦💦💦 AS LONG AS YOURE HAPPY THEN I AM ALSO HAPPY"}
{"tweet_id":841793863513739264,"created_unixtime":1489534271492,"created_time":"Tue Mar 14 23:31:11 +0000 2017","lang":"en","displayname":"woodstripes","time_zone":"","msg":"Happy to see that my newest item the instax/photo display is doing great in the shop 👍🏻 https//tco/z1lPvD7IQ8"}
{"tweet_id":841793864650362880,"created_unixtime":1489534271763,"created_time":"Tue Mar 14 23:31:11 +0000 2017","lang":"en","displayname":"stevenenglish92","time_zone":"Amsterdam","msg":"RT tonymels92 stevenenglish92 happy birthday english steve 🎂"}
{"tweet_id":841793864700645377,"created_unixtime":1489534271775,"created_time":"Tue Mar 14 23:31:11 +0000 2017","lang":"en","displayname":"DenimDude501","time_zone":"","msg":"BENEDIVANESSA Happy Birthday Vanessa I hope its been a great day for you"}
{"tweet_id":841793864885231616,"created_unixtime":1489534271819,"created_time":"Tue Mar 14 23:31:11 +0000 2017","lang":"en","displayname":"carlypfeiffer","time_zone":"Eastern Time (US & Canada)","msg":"Are you my sad bitch"}
{"tweet_id":841793865401155585,"created_unixtime":1489534271942,"created_time":"Tue Mar 14 23:31:11 +0000 2017","lang":"en","displayname":"_anamaniac","time_zone":"Eastern Time (US & Canada)","msg":"Presinorks yea it was so sad in the end  "}
{"tweet_id":841793865476653056,"created_unixtime":1489534271960,"created_time":"Tue Mar 14 23:31:11 +0000 2017","lang":"en","displayname":"buckeyejay45","time_zone":"","msg":"Simone_Biles happy birthday"}
{"tweet_id":841793866231508993,"created_unixtime":1489534272140,"created_time":"Tue Mar 14 23:31:12 +0000 2017","lang":"en","displayname":"NIKEAIR_KB","time_zone":"","msg":"RT Tyfood_ Shit u look happy to me https//tco/vDUjZhNa9O"}
{"tweet_id":841793866474840064,"created_unixtime":1489534272198,"created_time":"Tue Mar 14 23:31:12 +0000 2017","lang":"en","displayname":"melanietacanjo1","time_zone":"","msg":"RT MaywardHongKong Happiness is to see this twoHAPPYBarber_Edward_ MarydaleEntrat5 MBMayWard https//tco/wKtjS6aXL0"}
{"tweet_id":841793866650988544,"created_unixtime":1489534272240,"created_time":"Tue Mar 14 23:31:12 +0000 2017","lang":"en","displayname":"mwpnx","time_zone":"Novosibirsk","msg":"RT whiterose_ww17 140314 SEVENTEENs Happy White Day 세븐틴 원우https//tco/pbVX88kv4G https//tco/pbC84SqwxD"}
{"tweet_id":841793866596536320,"created_unixtime":1489534272227,"created_time":"Tue Mar 14 23:31:12 +0000 2017","lang":"en","displayname":"sweet2xo","time_zone":"","msg":"RT RealJack Its sad but hilarious how the mainstream media thinks plastering antiTrump BS all over is going to stop him Every headline…"}
{"tweet_id":841793866432954368,"created_unixtime":1489534272188,"created_time":"Tue Mar 14 23:31:12 +0000 2017","lang":"en","displayname":"fivedollrbills","time_zone":"Atlantic Time (Canada)","msg":"PsyQoFH4D happy birthday fahhaahhaf"}
{"tweet_id":841793866646863872,"created_unixtime":1489534272239,"created_time":"Tue Mar 14 23:31:12 +0000 2017","lang":"en","displayname":"Phase_Duskclaw","time_zone":"Pacific Time (US & Canada)","msg":"aikii Happy birthday"}
{"tweet_id":841793866953048064,"created_unixtime":1489534272312,"created_time":"Tue Mar 14 23:31:12 +0000 2017","lang":"en","displayname":"steinhannah_","time_zone":"","msg":"but I want to be happy with YOU"}
{"tweet_id":841793866940395520,"created_unixtime":1489534272309,"created_time":"Tue Mar 14 23:31:12 +0000 2017","lang":"en","displayname":"alemap106","time_zone":"Pacific Time (US & Canada)","msg":"RT aim0519 Being happy comes from within😍 HappyWednesbaeEveryJuan🤗ilybibi mainedcm 💛ALDUBxDTBYTugOfHearts https//tco/aZIemeJayo"}
{"tweet_id":841793864277102593,"created_unixtime":1489534271674,"created_time":"Tue Mar 14 23:31:11 +0000 2017","lang":"en","displayname":"mattalexcamp","time_zone":"","msg":"HAPPY BIRTHDAY to this ray of sunshine you make everyones lives better you deserve an amazing day EmmaRae14 https//tco/wKsEzy3iJV"}
{"tweet_id":841793867708002304,"created_unixtime":1489534272492,"created_time":"Tue Mar 14 23:31:12 +0000 2017","lang":"en","displayname":"toniothe1st","time_zone":"Eastern Time (US & Canada)","msg":"Some people just dont want to be happy"}
{"tweet_id":841793867900981248,"created_unixtime":1489534272538,"created_time":"Tue Mar 14 23:31:12 +0000 2017","lang":"en","displayname":"simpleeatsRD","time_zone":"Central Time (US & Canada)","msg":"KUcumbers So happy to hear buildupCAREERS"}
{"tweet_id":841793868454486016,"created_unixtime":1489534272670,"created_time":"Tue Mar 14 23:31:12 +0000 2017","lang":"en","displayname":"iam_ginghs","time_zone":"","msg":"RT Salvesayson Life Is Short Dont Waste It Being Angry Or Sad Be Happy And Enjoy The Time You Spend With Your Loves Ones ALDUBxDTBYT…"}
{"tweet_id":841793868517466112,"created_unixtime":1489534272685,"created_time":"Tue Mar 14 23:31:12 +0000 2017","lang":"en","displayname":"manlapazliezl","time_zone":"","msg":"RT ADMDShippersOFC As long as ur happy  We follow ADMDShippersOFC ALDUBxDTBYTugOfHearts 🐼 https//tco/oZDRTxKI1K"}
{"tweet_id":841793868177764352,"created_unixtime":1489534272604,"created_time":"Tue Mar 14 23:31:12 +0000 2017","lang":"en","displayname":"TaylorCrowley96","time_zone":"","msg":"This show is truly the one thing that makes my heart happy https//tco/FgSSmkppjJ"}
{"tweet_id":841793868240703489,"created_unixtime":1489534272619,"created_time":"Tue Mar 14 23:31:12 +0000 2017","lang":"en","displayname":"imKeenaCuhh","time_zone":"Alaska","msg":"RT future_papi the SMALLLLLLLEST things make me happy ya dont even know"}
{"tweet_id":841793868538494980,"created_unixtime":1489534272690,"created_time":"Tue Mar 14 23:31:12 +0000 2017","lang":"en","displayname":"nancypeggy","time_zone":"","msg":"Amy_Siskind It would be comical if not so sad We can finally see Ryan under blaring bright lights Failure"}
{"tweet_id":841793868949405696,"created_unixtime":1489534272788,"created_time":"Tue Mar 14 23:31:12 +0000 2017","lang":"en","displayname":"a_mills12","time_zone":"","msg":"RT Simone_Biles happy birthday to all the march 14th babies  🖤"}
{"tweet_id":841793868840505346,"created_unixtime":1489534272762,"created_time":"Tue Mar 14 23:31:12 +0000 2017","lang":"en","displayname":"kung_paola","time_zone":"Eastern Time (US & Canada)","msg":"Why do ppl assume that because youre single you arent happy w/being single and must be set up with as many of their friends as possible"}
{"tweet_id":841793869092143105,"created_unixtime":1489534272822,"created_time":"Tue Mar 14 23:31:12 +0000 2017","lang":"en","displayname":"tianna__x3","time_zone":"Pacific Time (US & Canada)","msg":"youre a real life cornball shits sad but oh well 🤷🏽‍♀️"}
{"tweet_id":841793869129867264,"created_unixtime":1489534272831,"created_time":"Tue Mar 14 23:31:12 +0000 2017","lang":"en","displayname":"Kxndalll__","time_zone":"Pacific Time (US & Canada)","msg":"RT titijaee_ Kxndalll__ happy birthday boo 😘🎉"}
{"tweet_id":841793868924391424,"created_unixtime":1489534272782,"created_time":"Tue Mar 14 23:31:12 +0000 2017","lang":"en","displayname":"MARlSSAA","time_zone":"Pacific Time (US & Canada)","msg":"Happy birthday serge Miss you 🎉 sernasergio85"}
{"tweet_id":841793869205364738,"created_unixtime":1489534272849,"created_time":"Tue Mar 14 23:31:12 +0000 2017","lang":"en","displayname":"QueenieBird2ct","time_zone":"Eastern Time (US & Canada)","msg":"tamtamlpp Alntkno swiftieloveit Melinda_ak TheGINE3000 belladk1_dora YourInfoBabe lynnmcdoug SandyLeeClark Happy PI day"}
{"tweet_id":841793869134061568,"created_unixtime":1489534272832,"created_time":"Tue Mar 14 23:31:12 +0000 2017","lang":"en","displayname":"KristieNicole2","time_zone":"Hawaii","msg":"RT xbethhward so friggen happy"}
{"tweet_id":841793870048325632,"created_unixtime":1489534273050,"created_time":"Tue Mar 14 23:31:13 +0000 2017","lang":"en","displayname":"notblondegirl","time_zone":"","msg":"RT niallerftmendes Happy birthday kevwilliamson ☺️ https//tco/8mpoh3qatw"}
{"tweet_id":841793869704388609,"created_unixtime":1489534272968,"created_time":"Tue Mar 14 23:31:12 +0000 2017","lang":"en","displayname":"BamBS_N","time_zone":"Pacific Time (US & Canada)","msg":"RT nightwoof Marvelous commission by spaghettee I love it and it makes me very happy ❤️ https//tco/293TKEgbR7"}
{"tweet_id":841793869897326592,"created_unixtime":1489534273014,"created_time":"Tue Mar 14 23:31:13 +0000 2017","lang":"en","displayname":"aimee_laureta","time_zone":"Alaska","msg":"RT NashLenersOFC Closed na Myx polls Good job NashLeners 😊 Thank you sa lahat ng bumoto 😘💙 HAPPY NASHLENE DAY"}
{"tweet_id":841793869217841152,"created_unixtime":1489534272852,"created_time":"Tue Mar 14 23:31:12 +0000 2017","lang":"en","displayname":"BOLDlighting","time_zone":"Pacific Time (US & Canada)","msg":"Happy PiDay from BOLD LA https//tco/6GatILAQnR"}
{"tweet_id":841793869700313090,"created_unixtime":1489534272967,"created_time":"Tue Mar 14 23:31:12 +0000 2017","lang":"en","displayname":"DrFreckls","time_zone":"Pacific Time (US & Canada)","msg":"RT neiltyson 314  Happy Piday to Gregorian calendar users who reckon dates with month followed by day separated by period omitting year"}
{"tweet_id":841793870253838336,"created_unixtime":1489534273099,"created_time":"Tue Mar 14 23:31:13 +0000 2017","lang":"ja","displayname":"yuunagisetsuna","time_zone":"","msg":"RT tsukiuta1 ☆Happy White Day④☆隼「愛で溢れるイベントは大好きだよ♪ハッピーアルビオーン♪」海「夜にお店に駆け込むお父さんをたくさん見ました！頑張って！」隼「皆が愛で満たされますように…」※DLOK※壁紙などマナー… "}
{"tweet_id":841793870191042560,"created_unixtime":1489534273084,"created_time":"Tue Mar 14 23:31:13 +0000 2017","lang":"en","displayname":"vergil66","time_zone":"Eastern Time (US & Canada)","msg":"RT APforStudents Happy birthday Albert Einstein 1 year ago scientists confirmed his prediction of gravitational waves… "}
{"tweet_id":841793869968748544,"created_unixtime":1489534273031,"created_time":"Tue Mar 14 23:31:13 +0000 2017","lang":"en","displayname":"mn_espngirl99","time_zone":"Central Time (US & Canada)","msg":"RT HyVee Happy PiDay Today only buy one fruit or cream pie get one FREE Use code 17740 to get this deal 31417 ONLY https//tco/…"}
{"tweet_id":841793869960368133,"created_unixtime":1489534273029,"created_time":"Tue Mar 14 23:31:13 +0000 2017","lang":"en","displayname":"sholingfcsec","time_zone":"","msg":"RT sholingfc Belated Congratulations to chrishobbsboxer 👊 https//tco/TcpWAM5rG4"}
{"tweet_id":841793871055003648,"created_unixtime":1489534273290,"created_time":"Tue Mar 14 23:31:13 +0000 2017","lang":"en","displayname":"imnt7y","time_zone":"Hanoi","msg":"RT layshands 170314 Happy Camp weibo updateNo shirt collar is safe from DIY master Zhang Yixing 😂 https//tco/2tyUEyOlP3"}
{"tweet_id":841793869184397312,"created_unixtime":1489534272844,"created_time":"Tue Mar 14 23:31:12 +0000 2017","lang":"en","displayname":"gabsbeauclair","time_zone":"Brasilia","msg":"Happy Birthday to the cutest love you Simone_Biles ❤️😍🎉🎊 https//tco/hUUbdyXG2W"}
{"tweet_id":841793870455296001,"created_unixtime":1489534273147,"created_time":"Tue Mar 14 23:31:13 +0000 2017","lang":"en","displayname":"NasaLight1","time_zone":"Pacific Time (US & Canada)","msg":"RT gathara Again this is not in dispute But patients have bigger problems that just whether their doctors are happy Problem… "}
{"tweet_id":841793870186848256,"created_unixtime":1489534273083,"created_time":"Tue Mar 14 23:31:13 +0000 2017","lang":"en","displayname":"Cole_Gilley2","time_zone":"","msg":"elizbethh1010 happy 10 months cant wait for many more Love you"}
{"tweet_id":841793871688351744,"created_unixtime":1489534273441,"created_time":"Tue Mar 14 23:31:13 +0000 2017","lang":"ja","displayname":"sa7e0529","time_zone":"","msg":"RT wyverns_y 💜HAPPY WHITE DAY💜Bリーグバレンタイン に投票してくれた皆さん、そしてバレンタインのプレゼントをくれた皆さんに山形ワイヴァンズの全選手＋石川ACからお礼のメッセージをお届けします💕山形ワイヴァンズ… "}
{"tweet_id":841793870128119810,"created_unixtime":1489534273069,"created_time":"Tue Mar 14 23:31:13 +0000 2017","lang":"en","displayname":"BeverleyGlazer","time_zone":"Eastern Time (US & Canada)","msg":"Today is a perfect day to be happy happiness lifecoach reinventimpossible https//tco/kUGMkse3x8"}
{"tweet_id":841793871730343936,"created_unixtime":1489534273451,"created_time":"Tue Mar 14 23:31:13 +0000 2017","lang":"en","displayname":"jukilianna","time_zone":"","msg":"RT obxcurity it’s sad when you realize when you aren’t as important to someone as you thought you were"}
{"tweet_id":841793871335972864,"created_unixtime":1489534273357,"created_time":"Tue Mar 14 23:31:13 +0000 2017","lang":"en","displayname":"DorothyFahn","time_zone":"Pacific Time (US & Canada)","msg":"Thanks And cool pics too 😃👍🏽💖😊 https//tco/3ICkZ9c4fN"}
{"tweet_id":841793871931629569,"created_unixtime":1489534273499,"created_time":"Tue Mar 14 23:31:13 +0000 2017","lang":"ja","displayname":"ElAngelica1","time_zone":"Osaka","msg":"RT AreYouHappy_mag 「信じる力は、物理的な力を持って、道を妨げているものを打ち破る力があります。」https//tco/IocP6eEcL9 https//tco/Em8wrDlKqH"}
{"tweet_id":841793871843606528,"created_unixtime":1489534273478,"created_time":"Tue Mar 14 23:31:13 +0000 2017","lang":"en","displayname":"_millie_2713","time_zone":"","msg":"I LOVE YOU ALFIE YOUVE MADE ME WANT TO REACH OUT FOR MY DREAMS EVER MORE YOUVE HEPED ME THROUGH SO MUCH ❤❤❤ love… https//tco/IidSoLIfHW"}
{"tweet_id":841793872296583173,"created_unixtime":1489534273586,"created_time":"Tue Mar 14 23:31:13 +0000 2017","lang":"en","displayname":"Vetinari3","time_zone":"","msg":"RT BiglyPrez Happy WorldWildlifeDay from DonaldJTrumpJr and EricTrump https//tco/Xu78JzqAXy"}
{"tweet_id":841793872380461056,"created_unixtime":1489534273606,"created_time":"Tue Mar 14 23:31:13 +0000 2017","lang":"en","displayname":"giveawayzulx","time_zone":"Pacific Time (US & Canada)","msg":"A3 Very happy now  nonprofit cancer can be very creative community outreach amp more intimate relationships w/clients  buildupCAREERS"}
{"tweet_id":841793871847792640,"created_unixtime":1489534273479,"created_time":"Tue Mar 14 23:31:13 +0000 2017","lang":"en","displayname":"McDowel73685369","time_zone":"","msg":"Happy PiDay Get Yours Here gtgtgt https//tco/YM1vn36S1g https//tco/h8S1GmSzZa"}
{"tweet_id":841793872619548672,"created_unixtime":1489534273663,"created_time":"Tue Mar 14 23:31:13 +0000 2017","lang":"en","displayname":"emmab_51","time_zone":"","msg":"RT TheTumblrPosts this just made me so sad 😭 https//tco/DtVltAKPez"}
{"tweet_id":841793871428366337,"created_unixtime":1489534273379,"created_time":"Tue Mar 14 23:31:13 +0000 2017","lang":"en","displayname":"JuanCarlosAltas","time_zone":"Mountain Time (US & Canada)","msg":"Happy PiDay yall https//tco/09Gd1xyYyV"}
{"tweet_id":841793873169010688,"created_unixtime":1489534273794,"created_time":"Tue Mar 14 23:31:13 +0000 2017","lang":"en","displayname":"jcburcham","time_zone":"Pacific Time (US & Canada)","msg":"Still not entirely happy with it though I want to foreshadow the shadowy figure in the last panel better so I gotta rejig something yet"}
{"tweet_id":841793873496182787,"created_unixtime":1489534273872,"created_time":"Tue Mar 14 23:31:13 +0000 2017","lang":"en","displayname":"wishesdinah","time_zone":"Brasilia","msg":"RT KORDEIDISTRAIDA Nashgrier  Ill always appreciate you for make me happy when Im feeling down amp fill my life with happiness Mind… "}
{"tweet_id":841793873806413825,"created_unixtime":1489534273946,"created_time":"Tue Mar 14 23:31:13 +0000 2017","lang":"en","displayname":"chillissaaa","time_zone":"","msg":"RT SadBoysClub_Jay Same https//tco/AX7QO6l4JG"}
{"tweet_id":841793872728604683,"created_unixtime":1489534273689,"created_time":"Tue Mar 14 23:31:13 +0000 2017","lang":"en","displayname":"_CaribbeanGawd","time_zone":"Eastern Time (US & Canada)","msg":"RT _lilsunnyyy Talk to god more aint nothing wrong with you dont know what youre sad for you got clothes on your back and… "}
{"tweet_id":841793873877827585,"created_unixtime":1489534273963,"created_time":"Tue Mar 14 23:31:13 +0000 2017","lang":"en","displayname":"Rodfather73","time_zone":"","msg":"Jharrold1995 cheltenham like I really care what you think I dont have to convince you My account balance is healthy so Im happy 😀"}
{"tweet_id":841793873986772992,"created_unixtime":1489534273989,"created_time":"Tue Mar 14 23:31:13 +0000 2017","lang":"en","displayname":"c0eaa643fb4b40f","time_zone":"","msg":"RT CBSNews Happy Pi Day Math lovers worldwide rejoice as the symbolic date rolls around https//tco/BUSa2DauQs https//tco/iI8DVuL5Ln"}
{"tweet_id":841793874179854340,"created_unixtime":1489534274035,"created_time":"Tue Mar 14 23:31:14 +0000 2017","lang":"es","displayname":"FBGCuentos","time_zone":"","msg":"RT fbermudezg Feliz día del número Pi NúmeroPi https//tco/yyAnQAniYV"}
