{"tweet_id":841810347719839744,"created_unixtime":1489538201633,"created_time":"Wed Mar 15 00:36:41 +0000 2017","lang":"en","displayname":"maciestovall","time_zone":"","msg":"Thanks Quin https//tco/sdRy4Pq8OJ"}
{"tweet_id":841810348579549184,"created_unixtime":1489538201838,"created_time":"Wed Mar 15 00:36:41 +0000 2017","lang":"en","displayname":"lanylanylany","time_zone":"Jakarta","msg":"RT glrhn Treat yourself as you please Dye your hair Go to the salon Take a long walk inside malls you like Do whatever that makes you…"}
{"tweet_id":841810345652035584,"created_unixtime":1489538201140,"created_time":"Wed Mar 15 00:36:41 +0000 2017","lang":"en","displayname":"lantz_logan","time_zone":"","msg":"In honor of last years celebration HAPPY BDAY MAXI Much luv maxwellkeffer21 💸💯🤑 https//tco/uNhM94ZCK5"}
{"tweet_id":841810348265115648,"created_unixtime":1489538201763,"created_time":"Wed Mar 15 00:36:41 +0000 2017","lang":"en","displayname":"Geoppetto","time_zone":"Eastern Time (US & Canada)","msg":"H1Z1JustSurvive Logged in entered match played game no crates sad Geoppetto  "}
{"tweet_id":841810348856496128,"created_unixtime":1489538201904,"created_time":"Wed Mar 15 00:36:41 +0000 2017","lang":"en","displayname":"rachaelgulch","time_zone":"","msg":"looking at pictures from Florida last year is making me sad I just need warm weather"}
{"tweet_id":841810348730646530,"created_unixtime":1489538201874,"created_time":"Wed Mar 15 00:36:41 +0000 2017","lang":"en","displayname":"najjnijay","time_zone":"Pacific Time (US & Canada)","msg":"RT D_Deji28 Do you guys know why he was killed A girl lied that he raped her and her brother shot him dead https//tco/IWDVDZp3rz"}
{"tweet_id":841810349137395712,"created_unixtime":1489538201971,"created_time":"Wed Mar 15 00:36:41 +0000 2017","lang":"en","displayname":"LaurenAdamson__","time_zone":"","msg":"I was so sad I couldnt wear my Oregon cap today☹️"}
{"tweet_id":841810349229785090,"created_unixtime":1489538201993,"created_time":"Wed Mar 15 00:36:41 +0000 2017","lang":"en","displayname":"BrosiaSensei","time_zone":"","msg":"RT hidden saying im tired when youre actually sad"}
{"tweet_id":841810349510782976,"created_unixtime":1489538202060,"created_time":"Wed Mar 15 00:36:42 +0000 2017","lang":"en","displayname":"EazyFuego","time_zone":"Quito","msg":"NGreenminute bless up happy birthday my guy 🙏🏾💯🎉"}
{"tweet_id":841810349150068736,"created_unixtime":1489538201974,"created_time":"Wed Mar 15 00:36:41 +0000 2017","lang":"en","displayname":"TheDevilArrows","time_zone":"","msg":"Im actually excited and happy about this surprise This is making me sweat"}
{"tweet_id":841810349586317312,"created_unixtime":1489538202078,"created_time":"Wed Mar 15 00:36:42 +0000 2017","lang":"en","displayname":"JadedByPolitics","time_zone":"Central Time (US & Canada)","msg":"RT Lynxie63 usarubric blueskies6123 WmScottBlair lupash7 JadedByPolitics KoichicCheryl SavvyHuman wow it didnt take las… "}
{"tweet_id":841810346142756864,"created_unixtime":1489538201257,"created_time":"Wed Mar 15 00:36:41 +0000 2017","lang":"en","displayname":"jacobagley","time_zone":"","msg":"Happy birthday you sexy beast 😘😍 hayjoe14 youre an animal on the slopes 🎿 https//tco/WaxJXQrrXu"}
{"tweet_id":841810349452058627,"created_unixtime":1489538202046,"created_time":"Wed Mar 15 00:36:42 +0000 2017","lang":"en","displayname":"SearinglyAaron","time_zone":"Central Time (US & Canada)","msg":"RT RWPUSA Another White House ethics complaint from our team at CREW  Sad https//tco/jm2kvIUMhH"}
{"tweet_id":841810349363990528,"created_unixtime":1489538202025,"created_time":"Wed Mar 15 00:36:42 +0000 2017","lang":"en","displayname":"Iam_lekgetho","time_zone":"Eastern Time (US & Canada)","msg":"RT D_Deji28 Do you guys know why he was killed A girl lied that he raped her and her brother shot him dead https//tco/IWDVDZp3rz"}
{"tweet_id":841810349854740480,"created_unixtime":1489538202142,"created_time":"Wed Mar 15 00:36:42 +0000 2017","lang":"en","displayname":"qveenblxck___","time_zone":"London","msg":"RT whosdapps Some people give up on life at a young age uno its sad"}
{"tweet_id":841810349540151297,"created_unixtime":1489538202067,"created_time":"Wed Mar 15 00:36:42 +0000 2017","lang":"en","displayname":"WritePlay","time_zone":"Eastern Time (US & Canada)","msg":"RT AbrasiveGhost Folks ask why I have a therapy goose if all it does is shit everywhere amp attack people but the answer is simple thats…"}
{"tweet_id":841810350026702848,"created_unixtime":1489538202183,"created_time":"Wed Mar 15 00:36:42 +0000 2017","lang":"en","displayname":"Sam_Ashh","time_zone":"Atlantic Time (Canada)","msg":"really sad"}
{"tweet_id":841810350232240132,"created_unixtime":1489538202232,"created_time":"Wed Mar 15 00:36:42 +0000 2017","lang":"en","displayname":"idkwhyimheretho","time_zone":"Pacific Time (US & Canada)","msg":"GoddamnBatking I WAS SO HAPPY"}
{"tweet_id":841810350597013504,"created_unixtime":1489538202319,"created_time":"Wed Mar 15 00:36:42 +0000 2017","lang":"en","displayname":"BayofBengal888","time_zone":"","msg":"Happy 3rd Anniversary JadinelandLetOurPurpleHeartsShineAt3"}
{"tweet_id":841810350077018112,"created_unixtime":1489538202195,"created_time":"Wed Mar 15 00:36:42 +0000 2017","lang":"en","displayname":"SweetPotatoD531","time_zone":"","msg":"I liked a YouTube video https//tco/dcH9A8lG0X KOBAYASHISAN CHI NO MAID DRAGON  Sad loli is sad"}
{"tweet_id":841810350131556352,"created_unixtime":1489538202208,"created_time":"Wed Mar 15 00:36:42 +0000 2017","lang":"en","displayname":"_Cruel_Summer","time_zone":"Atlantic Time (Canada)","msg":"RT ZinaRIHyaDavis You people need to stop making unhealthy people happy to be unhealthy This is obesity and not body shaming fee… "}
{"tweet_id":841810350605385728,"created_unixtime":1489538202321,"created_time":"Wed Mar 15 00:36:42 +0000 2017","lang":"in","displayname":"Nadiah_RM","time_zone":"Kuala Lumpur","msg":"RT Uselessxhope_ Lepasan spm lepas ni jangan dok happy sangat Lepas ni kau akan merasa tak tidur sampai pagi tiap2 hari ngadap assignmen…"}
{"tweet_id":841810350508982272,"created_unixtime":1489538202298,"created_time":"Wed Mar 15 00:36:42 +0000 2017","lang":"en","displayname":"chelsey81643413","time_zone":"","msg":"Well its my dads birthday now  right after mine wish i could go visit him but cant   well happy birthday https//tco/9se4WMxntE"}
{"tweet_id":841810350827794432,"created_unixtime":1489538202374,"created_time":"Wed Mar 15 00:36:42 +0000 2017","lang":"en","displayname":"Mr_Putre","time_zone":"","msg":"RT jarmstrong03 Happy snowday to my LBPSB peeps Stay safe Enjoy shovelling out https//tco/qqY4uJwWzh"}
{"tweet_id":841810350790082561,"created_unixtime":1489538202365,"created_time":"Wed Mar 15 00:36:42 +0000 2017","lang":"en","displayname":"Jessica41966083","time_zone":"","msg":"Hiii find new girl and be happy  https//tco/Hvbvubng62 https//tco/EmfdcR7NQw"}
{"tweet_id":841810352132120576,"created_unixtime":1489538202685,"created_time":"Wed Mar 15 00:36:42 +0000 2017","lang":"en","displayname":"D_nastyyy_","time_zone":"Tijuana","msg":"If it makes you happy do you boo Fuq da haterz ✊🏻 https//tco/ny46LDGvpx"}
{"tweet_id":841810352228708352,"created_unixtime":1489538202708,"created_time":"Wed Mar 15 00:36:42 +0000 2017","lang":"in","displayname":"YuaXIII","time_zone":"Madrid","msg":"MI KOKORO https//tco/YYMRjI4s3X"}
{"tweet_id":841810352782299136,"created_unixtime":1489538202840,"created_time":"Wed Mar 15 00:36:42 +0000 2017","lang":"tl","displayname":"jayannbelmonte","time_zone":"","msg":"RT annesoon26 MaywardUpdate mukha na kong Panda Ang laki ng eye bags hahaha Hindi uso matulog pero super happy Full of positivity …"}
{"tweet_id":841810352765513728,"created_unixtime":1489538202836,"created_time":"Wed Mar 15 00:36:42 +0000 2017","lang":"en","displayname":"KthrnTrout","time_zone":"","msg":"Happy Pie Day To celebrate heres a snap of my birthday cake last night  chocolate peanut… https//tco/FemXZD0DHG"}
{"tweet_id":841810352778149888,"created_unixtime":1489538202839,"created_time":"Wed Mar 15 00:36:42 +0000 2017","lang":"en","displayname":"DepravedIntent","time_zone":"Budapest","msg":"RT troytheblackguy All she wanted to do was say happy birthday to her friend but twitter just couldnt let her live lmaooo https//tco/X…"}
{"tweet_id":841810353084334080,"created_unixtime":1489538202912,"created_time":"Wed Mar 15 00:36:42 +0000 2017","lang":"en","displayname":"lvnnyates","time_zone":"","msg":"RT MomItForward Q6 DOES FOOD MAKE YOU HAPPY WHAT DISHES MAKE YOU THE HAPPIEST AvoHappiness GNO PLS RT"}
{"tweet_id":841810353507971072,"created_unixtime":1489538203013,"created_time":"Wed Mar 15 00:36:43 +0000 2017","lang":"en","displayname":"BraydenSantos","time_zone":"","msg":"RT whatthe_beckk starting a new book makes me so happy"}
{"tweet_id":841810353583460352,"created_unixtime":1489538203031,"created_time":"Wed Mar 15 00:36:43 +0000 2017","lang":"en","displayname":"KikoMatias2000","time_zone":"","msg":"RT 9GAG Face Youre uglyBody Youre fatBrain Youre stupidLife You suckFood Come here babe youll be happy with me"}
{"tweet_id":841810353960894464,"created_unixtime":1489538203121,"created_time":"Wed Mar 15 00:36:43 +0000 2017","lang":"en","displayname":"TylerProbst10","time_zone":"","msg":"RT MeninistTweet Happy pi dayThe Falcons blew a 283 lead314283  31the warriors blew a 31 lead in the NBA Finals"}
{"tweet_id":841810354090909696,"created_unixtime":1489538203152,"created_time":"Wed Mar 15 00:36:43 +0000 2017","lang":"en","displayname":"garclevoir","time_zone":"","msg":"optionsfor piano songshow  regina spektorthe light  reginahappy  marina nd the diamondsthe gambler  fun impossible year  patd"}
{"tweet_id":841810354262835200,"created_unixtime":1489538203193,"created_time":"Wed Mar 15 00:36:43 +0000 2017","lang":"en","displayname":"StephanieArduo","time_zone":"Pacific Time (US & Canada)","msg":"RT MsFrugalMommy Spicy veggie bean chili topped w/ avocados makes me happy https//tco/R5lvOAR6oS MOMITFORWARD AvoHappiness GNO http…"}
{"tweet_id":841810354132811776,"created_unixtime":1489538203162,"created_time":"Wed Mar 15 00:36:43 +0000 2017","lang":"en","displayname":"Double0_o","time_zone":"Quito","msg":"Mfs dont wanna see you happy really"}
{"tweet_id":841810354363592704,"created_unixtime":1489538203217,"created_time":"Wed Mar 15 00:36:43 +0000 2017","lang":"en","displayname":"childish4lfe","time_zone":"","msg":"RT SincerelyTumblr So annoying when ppl are like ur always laughin U laugh at everything Its not that funny like OK sorry Im a hap…"}
{"tweet_id":841810354703327235,"created_unixtime":1489538203298,"created_time":"Wed Mar 15 00:36:43 +0000 2017","lang":"en","displayname":"muhamedabutaleb","time_zone":"","msg":"RT zachbraff Happy Birthday edsheeran  Too bad Kit was too worried about Winter coming to make out with us https//tco/n776VZhSTA"}
{"tweet_id":841810354757746688,"created_unixtime":1489538203311,"created_time":"Wed Mar 15 00:36:43 +0000 2017","lang":"en","displayname":"mrscrystalallen","time_zone":"","msg":"AshleyFrazer3 Happy birthday Hope its amazing"}
{"tweet_id":841810354753675264,"created_unixtime":1489538203310,"created_time":"Wed Mar 15 00:36:43 +0000 2017","lang":"en","displayname":"MrsAWiggins05","time_zone":"Central Time (US & Canada)","msg":"Happy Pi Day I got the apple pie I wanted for my birthday 💗 https//tco/vu44MjiMp4"}
{"tweet_id":841810355344957440,"created_unixtime":1489538203451,"created_time":"Wed Mar 15 00:36:43 +0000 2017","lang":"en","displayname":"wingerthgir","time_zone":"Ljubljana","msg":"lizTaS7 Sure pakistani whatever makes u happy Apply amla oil ur hair seems damaged"}
{"tweet_id":841810355194081281,"created_unixtime":1489538203415,"created_time":"Wed Mar 15 00:36:43 +0000 2017","lang":"en","displayname":"LiLopez432","time_zone":"","msg":"RT 21yonce I just wanna see bts im sad when that video cut off in the mid of everyone yelling and jumping it was like the doo… "}
{"tweet_id":841810356355903489,"created_unixtime":1489538203692,"created_time":"Wed Mar 15 00:36:43 +0000 2017","lang":"en","displayname":"Jordyn_Nichols","time_zone":"","msg":"RT _Snape_ Happy PiDay https//tco/cI8NnnwW7o"}
{"tweet_id":841810356057980928,"created_unixtime":1489538203621,"created_time":"Wed Mar 15 00:36:43 +0000 2017","lang":"en","displayname":"UenoryYoo","time_zone":"Hanoi","msg":"RT waitkpksz Happy WhiteDay💝 https//tco/80Yo9nWdli"}
{"tweet_id":841810356259368960,"created_unixtime":1489538203669,"created_time":"Wed Mar 15 00:36:43 +0000 2017","lang":"en","displayname":"duktoralecus","time_zone":"Pacific Time (US & Canada)","msg":"RT MatPatGT A nerdy math joke for a nerdy holidayHappy Pi Day https//tco/jRxvuScUyn"}
{"tweet_id":841810357459009536,"created_unixtime":1489538203955,"created_time":"Wed Mar 15 00:36:43 +0000 2017","lang":"en","displayname":"haiwhitney","time_zone":"Eastern Time (US & Canada)","msg":"RT CultureFUBU Happy Birthday Merlin SantanaRIP https//tco/0K4quO4M5g"}
{"tweet_id":841810358293561344,"created_unixtime":1489538204154,"created_time":"Wed Mar 15 00:36:44 +0000 2017","lang":"ja","displayname":"tokyo2020tokyo","time_zone":"Tokyo","msg":"RT a_iijimaa1 パイのパイ！ https//tco/JUpMA5OR2n"}
{"tweet_id":841810357819711490,"created_unixtime":1489538204041,"created_time":"Wed Mar 15 00:36:44 +0000 2017","lang":"en","displayname":"liamstephen_","time_zone":"London","msg":"I cry like every day I really hate being so sad "}
{"tweet_id":841810358755053568,"created_unixtime":1489538204264,"created_time":"Wed Mar 15 00:36:44 +0000 2017","lang":"en","displayname":"treyodom4","time_zone":"","msg":"RT AthleteAdvisory This is motivation Happy 29th birthday Steph Curry 💯🏀🔥https//tco/FhzKTqiD3f"}
{"tweet_id":841810359941914624,"created_unixtime":1489538204547,"created_time":"Wed Mar 15 00:36:44 +0000 2017","lang":"en","displayname":"_polynmagwho","time_zone":"Pacific Time (US & Canada)","msg":"HAPPY BIRTHDAY StephenCurry30 💕"}
{"tweet_id":841810360415932416,"created_unixtime":1489538204660,"created_time":"Wed Mar 15 00:36:44 +0000 2017","lang":"ja","displayname":"runa_tyomu72","time_zone":"","msg":"RT poyopoyoLIVE 出遅れたけど海未ちゃんHappy Birthday！加工ｶｺｲｲ海未ちゃんとｾｸｼｰ海未ちゃんにしました！✨コラ画園田海未生誕祭 園田海未生誕祭2017祝う人RT  3月15日は園田海未の誕生日… "}
{"tweet_id":841810359434530818,"created_unixtime":1489538204426,"created_time":"Wed Mar 15 00:36:44 +0000 2017","lang":"en","displayname":"hwrcrux","time_zone":"Brasilia","msg":"RT SummerFontana Happy Birthday danieljgillies rocknroll 🎂🎉🎸 https//tco/phJV1H96IA"}
{"tweet_id":841810357068955648,"created_unixtime":1489538203862,"created_time":"Wed Mar 15 00:36:43 +0000 2017","lang":"en","displayname":"Moore42Noah","time_zone":"","msg":"RT jack_dumoulin Happy birthday💪🏼🎉 Moore42Noah"}
{"tweet_id":841810357303836674,"created_unixtime":1489538203918,"created_time":"Wed Mar 15 00:36:43 +0000 2017","lang":"en","displayname":"bivkat","time_zone":"Central Time (US & Canada)","msg":"Excited to watch TheJohnnyHayes on thevoice but cant sit through VoiceBlinds because they make me sad when no one turns around 😭"}
{"tweet_id":841810357773561861,"created_unixtime":1489538204030,"created_time":"Wed Mar 15 00:36:44 +0000 2017","lang":"en","displayname":"laurenrose2595","time_zone":"Amsterdam","msg":"Nothing worse waking up in the middle feeling incredibly sad"}
{"tweet_id":841810358599786497,"created_unixtime":1489538204227,"created_time":"Wed Mar 15 00:36:44 +0000 2017","lang":"en","displayname":"stressicaaa","time_zone":"Pacific Time (US & Canada)","msg":"DISKOBUNNI HELLO IM HAPPY TO HAVE YOUUUUUlt33333333"}
{"tweet_id":841810358402605057,"created_unixtime":1489538204180,"created_time":"Wed Mar 15 00:36:44 +0000 2017","lang":"en","displayname":"kingkimbap","time_zone":"","msg":"RT FEATYONGGUK himchan always takes care of the members and makes sure that theyre happy and loved baps actual sunshine https//tco/b…"}
{"tweet_id":841810358922747904,"created_unixtime":1489538204304,"created_time":"Wed Mar 15 00:36:44 +0000 2017","lang":"en","displayname":"CatherinePaiz","time_zone":"Eastern Time (US & Canada)","msg":"RT MarieCheese_ They seriously make me so happy YESSSSS THIS IS FREAKING BEAUTIFUL CatherinePaiz AustinMcbroom ❤😭😭😭😭 https//tco/a5lRE…"}
{"tweet_id":841810358893461504,"created_unixtime":1489538204297,"created_time":"Wed Mar 15 00:36:44 +0000 2017","lang":"en","displayname":"treyonefour","time_zone":"Central Time (US & Canada)","msg":"Happy 314 day 👸🏽 Roisee__ 👨🏽‍🎨treyonefour 📸treyonefour sostlouis stl 314day stlouis… https//tco/56enwr50zE"}
{"tweet_id":841810359631638529,"created_unixtime":1489538204473,"created_time":"Wed Mar 15 00:36:44 +0000 2017","lang":"en","displayname":"Leonardmartiins","time_zone":"Pacific Time (US & Canada)","msg":"young sad poor"}
{"tweet_id":841810360189386752,"created_unixtime":1489538204606,"created_time":"Wed Mar 15 00:36:44 +0000 2017","lang":"en","displayname":"brunchfordays","time_zone":"","msg":"doomquasar How else are our dumb eyes supposed to know to be happy though"}
{"tweet_id":841810360076255233,"created_unixtime":1489538204579,"created_time":"Wed Mar 15 00:36:44 +0000 2017","lang":"en","displayname":"_PhoebeKay","time_zone":"Central Time (US & Canada)","msg":"RT Nelly_Mo Happy 314 DAY STL STAND UP"}
{"tweet_id":841810360139190273,"created_unixtime":1489538204594,"created_time":"Wed Mar 15 00:36:44 +0000 2017","lang":"en","displayname":"thessuperjay","time_zone":"","msg":"HeyI was there https//tco/JWZE4ddk1R"}
{"tweet_id":841810361238007808,"created_unixtime":1489538204856,"created_time":"Wed Mar 15 00:36:44 +0000 2017","lang":"en","displayname":"kimmy23pumpkin","time_zone":"","msg":"RT PBBKAHOUSE I cried I was sad I was guilty I was everything Edward MBMayWard"}
{"tweet_id":841810360688640000,"created_unixtime":1489538204725,"created_time":"Wed Mar 15 00:36:44 +0000 2017","lang":"en","displayname":"luke_tulloch55","time_zone":"","msg":"I dont need anyone im actually happy❤️"}
{"tweet_id":841810361493815297,"created_unixtime":1489538204917,"created_time":"Wed Mar 15 00:36:44 +0000 2017","lang":"en","displayname":"vonilufebia1","time_zone":"","msg":"RT bts_bighit [Episode] HAPPY WHITE DAY FROM BTS 1 https//tco/Kk7XrnfG3x2 https//tco/dUxXeGBvhG"}
{"tweet_id":841810361552666624,"created_unixtime":1489538204931,"created_time":"Wed Mar 15 00:36:44 +0000 2017","lang":"en","displayname":"littleftlou_","time_zone":"Pacific Time (US & Canada)","msg":"RT preaching my main focus is to better myself be successful and be happy so if you arent contributing to that then i dont need you i…"}
{"tweet_id":841810360755724288,"created_unixtime":1489538204741,"created_time":"Wed Mar 15 00:36:44 +0000 2017","lang":"en","displayname":"MechWarriorNY","time_zone":"Eastern Time (US & Canada)","msg":"demoisellecos Happy birthday https//tco/tEfWtXOrkG"}
{"tweet_id":841810361347112960,"created_unixtime":1489538204882,"created_time":"Wed Mar 15 00:36:44 +0000 2017","lang":"en","displayname":"rissazak30","time_zone":"Indiana (East)","msg":"Whenever i get sad i think about a few of my favorite memes and i suddenly feel better"}
{"tweet_id":841810361196134400,"created_unixtime":1489538204846,"created_time":"Wed Mar 15 00:36:44 +0000 2017","lang":"en","displayname":"allison_abella","time_zone":"Eastern Time (US & Canada)","msg":"Happy 🔞birthday to the guy thats twice my size😂Hope you had an amazing day loser💩🎉  epietschmann9 https//tco/VwnWK2JhWS"}
{"tweet_id":841810361758191622,"created_unixtime":1489538204980,"created_time":"Wed Mar 15 00:36:44 +0000 2017","lang":"en","displayname":"JessiSheron","time_zone":"Quito","msg":"I GOT MY BROTHER TO LISTEN TO THE ADVENTURE ZONE AND HE LOVES IT IM SO HAPPY"}
{"tweet_id":841810362366320640,"created_unixtime":1489538205125,"created_time":"Wed Mar 15 00:36:45 +0000 2017","lang":"en","displayname":"Jackspendiff2","time_zone":"","msg":"RT Stormzy1 Do what makes you happy mate"}
{"tweet_id":841810362743808000,"created_unixtime":1489538205215,"created_time":"Wed Mar 15 00:36:45 +0000 2017","lang":"en","displayname":"sweetmatcha","time_zone":"Quito","msg":"RT MomItForward Q6 DOES FOOD MAKE YOU HAPPY WHAT DISHES MAKE YOU THE HAPPIEST AvoHappiness GNO PLS RT"}
{"tweet_id":841810362919874560,"created_unixtime":1489538205257,"created_time":"Wed Mar 15 00:36:45 +0000 2017","lang":"en","displayname":"caldouno","time_zone":"Pacific Time (US & Canada)","msg":"CarolynSoSassy time to go to bed darlin we are 9 hours ahead of you deplorables heres to happy hour pussy grabbing in your country"}
{"tweet_id":841810363049951237,"created_unixtime":1489538205288,"created_time":"Wed Mar 15 00:36:45 +0000 2017","lang":"en","displayname":"Shauna4b","time_zone":"Pacific Time (US & Canada)","msg":"RT sunnylane Happy Happy Happy Birthday to the Best Lady I Know 💋🎉ninaland Thank You for being my friend mentor and… "}
{"tweet_id":841810363188305920,"created_unixtime":1489538205321,"created_time":"Wed Mar 15 00:36:45 +0000 2017","lang":"en","displayname":"Mariee_az","time_zone":"Pacific Time (US & Canada)","msg":"RT COCONUTOILBAE me i think Im going to be happy one daymy depression https//tco/yl6mv9ohIC"}
{"tweet_id":841810362932580355,"created_unixtime":1489538205260,"created_time":"Wed Mar 15 00:36:45 +0000 2017","lang":"en","displayname":"Trkr_Foodie","time_zone":"Atlantic Time (Canada)","msg":"Awe so sad RIP😭🌈 https//tco/64Flu8ehYU"}
{"tweet_id":841810363171655680,"created_unixtime":1489538205317,"created_time":"Wed Mar 15 00:36:45 +0000 2017","lang":"en","displayname":"Michelle__cx","time_zone":"","msg":"RT ____Valentin__ Lowkey sad as fuck I finished shameless"}
{"tweet_id":841810363486150656,"created_unixtime":1489538205392,"created_time":"Wed Mar 15 00:36:45 +0000 2017","lang":"en","displayname":"burkhead_taylor","time_zone":"","msg":"skylarminden Happy Birthday Sky Hope you had the best day love ya💜💜💜"}
{"tweet_id":841810363440078848,"created_unixtime":1489538205381,"created_time":"Wed Mar 15 00:36:45 +0000 2017","lang":"en","displayname":"ceejaaypineda","time_zone":"Central Time (US & Canada)","msg":"RT SincerelyTumblr So annoying when ppl are like ur always laughin U laugh at everything Its not that funny like OK sorry Im a hap…"}
{"tweet_id":841810364152995840,"created_unixtime":1489538205551,"created_time":"Wed Mar 15 00:36:45 +0000 2017","lang":"tl","displayname":"iamthenextCR7","time_zone":"Casablanca","msg":"Love bla mo Pakad2 nkme lasal 😙😙 happy kag love emoticons lng b anay pleaseee ❤❤💕💕💕"}
{"tweet_id":841810364576620545,"created_unixtime":1489538205652,"created_time":"Wed Mar 15 00:36:45 +0000 2017","lang":"en","displayname":"MheannMalicdem","time_zone":"","msg":"RT japple003 Happy morning👋😘 chie_chie26 cpjayloni amyagapito11 salvadortrish21 bean_stalker888 irmaroxas3… "}
{"tweet_id":841810364111171584,"created_unixtime":1489538205541,"created_time":"Wed Mar 15 00:36:45 +0000 2017","lang":"en","displayname":"s_wootten","time_zone":"","msg":"Thank you bb💘😘 https//tco/x4yXuTH5Oe"}
{"tweet_id":841810364757078016,"created_unixtime":1489538205695,"created_time":"Wed Mar 15 00:36:45 +0000 2017","lang":"en","displayname":"Avs_Chanel","time_zone":"London","msg":"I love this guy so much JayAndreas Happy Birthday hunnie even though Im sick we still gonna turn all the way up 💜😂😘💫✨"}
{"tweet_id":841810364580818945,"created_unixtime":1489538205653,"created_time":"Wed Mar 15 00:36:45 +0000 2017","lang":"en","displayname":"localbabygrl","time_zone":"Pacific Time (US & Canada)","msg":"im so sad this isnt my job https//tco/tTrJRgPsr7"}
{"tweet_id":841810364618665984,"created_unixtime":1489538205662,"created_time":"Wed Mar 15 00:36:45 +0000 2017","lang":"en","displayname":"gracceking","time_zone":"","msg":"RT miahamblin gracceking happy bday"}
{"tweet_id":841810365168078848,"created_unixtime":1489538205793,"created_time":"Wed Mar 15 00:36:45 +0000 2017","lang":"en","displayname":"NOZOMllS","time_zone":"","msg":"RT reIates im so happy i grew up in a time where we played hide and seek amp played on the street with friends rather than playing on an i…"}
{"tweet_id":841810362357956608,"created_unixtime":1489538205123,"created_time":"Wed Mar 15 00:36:45 +0000 2017","lang":"en","displayname":"ArmorForEnigma","time_zone":"Eastern Time (US & Canada)","msg":"Happy PiDay pudding pie courtesy of InklingWorks https//tco/AnSiEaX5zQ"}
{"tweet_id":841810365126127620,"created_unixtime":1489538205783,"created_time":"Wed Mar 15 00:36:45 +0000 2017","lang":"en","displayname":"nino_beverly","time_zone":"","msg":"RT JaDinexWolves HAPPY 3RD ANNIVERSARY BEST FANS IN THE WORLD 💜 LetOurPurpleHeartsShineAt3 https//tco/9gL71MXt3x"}
{"tweet_id":841810365012836352,"created_unixtime":1489538205756,"created_time":"Wed Mar 15 00:36:45 +0000 2017","lang":"en","displayname":"jelyncallo2","time_zone":"","msg":"RT lucyliciousmith Edward So happy to be here MBMayWard"}
{"tweet_id":841810364828385281,"created_unixtime":1489538205712,"created_time":"Wed Mar 15 00:36:45 +0000 2017","lang":"en","displayname":"LuciaKu1","time_zone":"Eastern Time (US & Canada)","msg":"RT yoongibts bts episode HAPPY WHITE DAY FROM BTS 1 taehyung https//tco/DZZZsEiW4U"}
{"tweet_id":841810365587451905,"created_unixtime":1489538205893,"created_time":"Wed Mar 15 00:36:45 +0000 2017","lang":"en","displayname":"nicoG4_","time_zone":"Hawaii","msg":"RT aaron_seabooty It honestly feels good to be happy finally"}
{"tweet_id":841810365981827072,"created_unixtime":1489538205987,"created_time":"Wed Mar 15 00:36:45 +0000 2017","lang":"en","displayname":"MCHeadmaster","time_zone":"","msg":"I was unaware the State of New Hampshire had a son but Im glad he goes to MC https//tco/PDv3MYrRd9"}
{"tweet_id":841810365516251141,"created_unixtime":1489538205876,"created_time":"Wed Mar 15 00:36:45 +0000 2017","lang":"en","displayname":"diab0licaldom","time_zone":"Central Time (US & Canada)","msg":"RT emofucc when i show people a list of reasons why im so sad https//tco/c986HezrtS"}
{"tweet_id":841810366204010496,"created_unixtime":1489538206040,"created_time":"Wed Mar 15 00:36:46 +0000 2017","lang":"en","displayname":"Jjlmio","time_zone":"","msg":"RT SelenaFanClub Celebrating an ANTHEM today fam Happy 6th Birthday Who Says 🎉🎈https//tco/MBr66Bxx5w https//tco/udg1slQzql"}
{"tweet_id":841810366518632449,"created_unixtime":1489538206115,"created_time":"Wed Mar 15 00:36:46 +0000 2017","lang":"en","displayname":"wawaruddyn","time_zone":"Beijing","msg":"15 March and nah today is your day so Happy Birthday Sister🎉💕 Thank… https//tco/UVcu8ValSt"}
{"tweet_id":841810366782824448,"created_unixtime":1489538206178,"created_time":"Wed Mar 15 00:36:46 +0000 2017","lang":"tl","displayname":"MccLissee","time_zone":"","msg":"RT Trulymclisse Ang goal naman naten dito maging happy sila palagi at maging successful sila ehh ☺"}
{"tweet_id":841810366732619777,"created_unixtime":1489538206166,"created_time":"Wed Mar 15 00:36:46 +0000 2017","lang":"en","displayname":"Moore42Noah","time_zone":"","msg":"RT BIGMACMIA happy birthday 🎈Moore42Noah"}
{"tweet_id":841810366925426688,"created_unixtime":1489538206212,"created_time":"Wed Mar 15 00:36:46 +0000 2017","lang":"en","displayname":"trishiedm","time_zone":"Hong Kong","msg":"laladnlgalang icajarine Ica Happy Birthday Miss you na 😘 Ingat lagi x 🎈🎉"}
{"tweet_id":841810366967500800,"created_unixtime":1489538206222,"created_time":"Wed Mar 15 00:36:46 +0000 2017","lang":"en","displayname":"KatherineL105","time_zone":"","msg":"Tato7126 Happy birthday"}
{"tweet_id":841810367168815104,"created_unixtime":1489538206270,"created_time":"Wed Mar 15 00:36:46 +0000 2017","lang":"en","displayname":"yafavbitchhhhh","time_zone":"","msg":"RT _vinevinee So happy Im naturally pretty amp dont need makeup😊"}
{"tweet_id":841810367185580032,"created_unixtime":1489538206274,"created_time":"Wed Mar 15 00:36:46 +0000 2017","lang":"en","displayname":"cams_symphony","time_zone":"","msg":"Even tho Im sad that I had to transfer Im super blessed that WSU has super awesome staff and policies for their disability services ❤"}
{"tweet_id":841810367311364096,"created_unixtime":1489538206304,"created_time":"Wed Mar 15 00:36:46 +0000 2017","lang":"en","displayname":"Soshigoddesses","time_zone":"Jakarta","msg":"RT offclASTRO_6 Here’s to you getting love joy and happiness on your special day Happy Birthday JinJin ❤🎉 별들의_리더_박진우_생일축하해… "}
{"tweet_id":841810367655350273,"created_unixtime":1489538206386,"created_time":"Wed Mar 15 00:36:46 +0000 2017","lang":"en","displayname":"JosmaryCibelli","time_zone":"Central America","msg":"RT SincerelyTumblr So annoying when ppl are like ur always laughin U laugh at everything Its not that funny like OK sorry Im a hap…"}
{"tweet_id":841810368066330624,"created_unixtime":1489538206484,"created_time":"Wed Mar 15 00:36:46 +0000 2017","lang":"ja","displayname":"shyvasick","time_zone":"","msg":"RT pvc_parfait ※ ギルオジ [R18]https//tco/YTVmuxz51ehappy white day ❤ https//tco/GpRcLW7gNY"}
{"tweet_id":841810368359886848,"created_unixtime":1489538206554,"created_time":"Wed Mar 15 00:36:46 +0000 2017","lang":"en","displayname":"VaneHuerta_","time_zone":"","msg":"Denuma8 well jeeez Andres It worked out so Im happy now lol"}
{"tweet_id":841810368200622081,"created_unixtime":1489538206516,"created_time":"Wed Mar 15 00:36:46 +0000 2017","lang":"en","displayname":"_Melophiliac","time_zone":"Eastern Time (US & Canada)","msg":"RT TheLaunchMag Happy Birthday Merlin SantanaRIP https//tco/fYP1Y7MxDi"}
{"tweet_id":841810368611590144,"created_unixtime":1489538206614,"created_time":"Wed Mar 15 00:36:46 +0000 2017","lang":"und","displayname":"PatriciaDote","time_zone":"Pacific Time (US & Canada)","msg":"sladerxhao https//tco/zPqzRsrhdq"}
{"tweet_id":841810368057995268,"created_unixtime":1489538206482,"created_time":"Wed Mar 15 00:36:46 +0000 2017","lang":"en","displayname":"paigholm","time_zone":"","msg":"RT richthekid Focus on what makes you happy"}
{"tweet_id":841810368074813440,"created_unixtime":1489538206486,"created_time":"Wed Mar 15 00:36:46 +0000 2017","lang":"en","displayname":"alexchalfant40","time_zone":"","msg":"Happy birthday bud scottmcdaniel25"}
{"tweet_id":841810368682893312,"created_unixtime":1489538206631,"created_time":"Wed Mar 15 00:36:46 +0000 2017","lang":"en","displayname":"blackcow80","time_zone":"Tokyo","msg":"RT alfredomusic Happy Birthday to my mentor producer and friend Quincy Jones Honored and humbled to learn from one of the greates… "}
{"tweet_id":841810369421164546,"created_unixtime":1489538206807,"created_time":"Wed Mar 15 00:36:46 +0000 2017","lang":"en","displayname":"LoganKent9","time_zone":"","msg":"RT qimmah_5 I would be so sad if I never get abducted by aliens in my lifetime"}
{"tweet_id":841810369333059584,"created_unixtime":1489538206786,"created_time":"Wed Mar 15 00:36:46 +0000 2017","lang":"en","displayname":"maddiehayse","time_zone":"","msg":"thank you https//tco/0GeaTnsN3H"}
{"tweet_id":841810369630756864,"created_unixtime":1489538206857,"created_time":"Wed Mar 15 00:36:46 +0000 2017","lang":"en","displayname":"Abzi_Official","time_zone":"Arizona","msg":"Collin is so good at making me happy wtf"}
{"tweet_id":841810369408598017,"created_unixtime":1489538206804,"created_time":"Wed Mar 15 00:36:46 +0000 2017","lang":"en","displayname":"ItsBrandyBish","time_zone":"Eastern Time (US & Canada)","msg":"i ordered wings from pizza hut and they didnt bring me ranch amp my wings barley had sauce on them im sad 😩"}
{"tweet_id":841810369446309888,"created_unixtime":1489538206813,"created_time":"Wed Mar 15 00:36:46 +0000 2017","lang":"en","displayname":"nauticaa_s","time_zone":"","msg":"RT preaching my main focus is to better myself be successful and be happy so if you arent contributing to that then i dont need you i…"}
{"tweet_id":841810368871690240,"created_unixtime":1489538206676,"created_time":"Wed Mar 15 00:36:46 +0000 2017","lang":"en","displayname":"MarionuottoMo","time_zone":"","msg":"time for hot stuffand to send u all a happy wednesday😉😘 https//tco/696ZnXKoxf https//tco/tWxWi0JFlb… https//tco/wno1ByTKiC"}
{"tweet_id":841810369962225669,"created_unixtime":1489538206936,"created_time":"Wed Mar 15 00:36:46 +0000 2017","lang":"en","displayname":"iloverascall","time_zone":"","msg":"It is so sad that I keep getting shown over and over and over again that NO ONE can be trusted"}
{"tweet_id":841810369517514752,"created_unixtime":1489538206830,"created_time":"Wed Mar 15 00:36:46 +0000 2017","lang":"en","displayname":"OldCityWes","time_zone":"Eastern Time (US & Canada)","msg":"Happy hour menu is 🔥🔥🔥🔥"}
{"tweet_id":841810369689587712,"created_unixtime":1489538206871,"created_time":"Wed Mar 15 00:36:46 +0000 2017","lang":"en","displayname":"MichaelJMcEvoy","time_zone":"London","msg":"HAPPY 84th BIRTHDAYTo one of the most inspiring musical giants on the 🌎🎶 QuincyDJones Music Soul Jazz https//tco/aW4YEBQEK8"}
{"tweet_id":841810370792583169,"created_unixtime":1489538207134,"created_time":"Wed Mar 15 00:36:47 +0000 2017","lang":"ja","displayname":"nWjENfD6CnwPlZ3","time_zone":"","msg":"RT bungosd_anime 【HAPPY WHITEDAY】3月14日はホワイトデー！敦君と芥川先輩がお返しを配る大役を任せられたみたいですね。誰がどの贈呈品を用意したんでしょうか？皆さまよいホワイトデーを❤︎　bungosd https//tco/3T6cK…"}
{"tweet_id":841810370448789504,"created_unixtime":1489538207052,"created_time":"Wed Mar 15 00:36:47 +0000 2017","lang":"en","displayname":"anmcdaniee","time_zone":"Central Time (US & Canada)","msg":"RT WhitePplQuote Wishing their parents a happy birthday on Instagram or Twitter when their parents dont have social media"}
{"tweet_id":841810371107201024,"created_unixtime":1489538207209,"created_time":"Wed Mar 15 00:36:47 +0000 2017","lang":"en","displayname":"bangtanjay","time_zone":"London","msg":"RT cypherville i just want bts to be happy and healthy and i would give them a whole universe if i could"}
{"tweet_id":841810371010793476,"created_unixtime":1489538207186,"created_time":"Wed Mar 15 00:36:47 +0000 2017","lang":"en","displayname":"ccoetz","time_zone":"Pacific Time (US & Canada)","msg":"RT MeninistTweet Happy pi dayThe Falcons blew a 283 lead314283  31the warriors blew a 31 lead in the NBA Finals"}
{"tweet_id":841810371316871168,"created_unixtime":1489538207259,"created_time":"Wed Mar 15 00:36:47 +0000 2017","lang":"en","displayname":"Janely123a","time_zone":"","msg":"RT jcksnpics Jacksons part gave me 20/20 vision A in all my classes Im suddenly happy and rich– GOT7_NeverEver_정오공개 https//tco/gB…"}
{"tweet_id":841810371350519808,"created_unixtime":1489538207267,"created_time":"Wed Mar 15 00:36:47 +0000 2017","lang":"en","displayname":"jeboston","time_zone":"Atlantic Time (Canada)","msg":"Never been so nervous excited anxious happy panicky scared or tense in my whole life Sooo much on the line tomorrow I need a 🍸 lol"}
{"tweet_id":841810371405090818,"created_unixtime":1489538207280,"created_time":"Wed Mar 15 00:36:47 +0000 2017","lang":"en","displayname":"AngelgirlD","time_zone":"Quito","msg":"RT CharFlorida AngelgirlD ilvolo So happy for you my friend 🙈🙈🙈❤😍"}
{"tweet_id":841810372004794368,"created_unixtime":1489538207423,"created_time":"Wed Mar 15 00:36:47 +0000 2017","lang":"ja","displayname":"_BxUxMxP_","time_zone":"","msg":"RT lucklife_info ʕ•͡•ʔHappy Birthdayʕ•͡•ʔ遂にキタ！2017315（水）！ラックライフ 9歳になりましたー！🎂めでたい誕生日にメジャー1st full Album『Life is beautiful』リリースー… "}
{"tweet_id":841810372302585858,"created_unixtime":1489538207494,"created_time":"Wed Mar 15 00:36:47 +0000 2017","lang":"en","displayname":"limtopan","time_zone":"","msg":"MMM is a wonderfull movement that has made many people happy as they pursue their dreams   a4  https//tco/SnOJOrdcug via YouTube"}
{"tweet_id":841810372013228033,"created_unixtime":1489538207425,"created_time":"Wed Mar 15 00:36:47 +0000 2017","lang":"en","displayname":"Jade51892","time_zone":"Pacific Time (US & Canada)","msg":"why does everyone want to realize what they lost when theyre sad drunk or high"}
{"tweet_id":841810372831059969,"created_unixtime":1489538207620,"created_time":"Wed Mar 15 00:36:47 +0000 2017","lang":"en","displayname":"leshiaaimee","time_zone":"Mountain Time (US & Canada)","msg":"RT KenJennings The Ugly Duckling is my favorite story about how if youre unpopular amp sad you might still turn it around if your look…"}
{"tweet_id":841810372965228546,"created_unixtime":1489538207652,"created_time":"Wed Mar 15 00:36:47 +0000 2017","lang":"en","displayname":"chanivee","time_zone":"","msg":"RT fantagiogroup [아스트로] 20170315 HAPPY BIRTHDAY JINJIN♥https//tco/V5gCN4Og73ASTRO JINJIN 진진 HAPPYJINJINDAY💕 https//tco/wheN9y…"}
{"tweet_id":841810372453646337,"created_unixtime":1489538207530,"created_time":"Wed Mar 15 00:36:47 +0000 2017","lang":"en","displayname":"StepVantGarde","time_zone":"Atlantic Time (Canada)","msg":"RT PrettyClichee I love when everyone around me is doing great or feeling great yall keep me happy"}
{"tweet_id":841810372654977024,"created_unixtime":1489538207578,"created_time":"Wed Mar 15 00:36:47 +0000 2017","lang":"en","displayname":"jjdavison12","time_zone":"","msg":"Happy birthday bro bro _rojayjay 🤘🏼 live it up and be safe"}
{"tweet_id":841810373674209280,"created_unixtime":1489538207821,"created_time":"Wed Mar 15 00:36:47 +0000 2017","lang":"en","displayname":"s_wootten","time_zone":"","msg":"RT IvannaOrtegaa Happy birthday love I hope you had an amazing day🎈❣️ s_wootten"}
{"tweet_id":841810374475292672,"created_unixtime":1489538208012,"created_time":"Wed Mar 15 00:36:48 +0000 2017","lang":"en","displayname":"mollytinker_","time_zone":"Casablanca","msg":"RT Stormzy1 Do what makes you happy mate"}
{"tweet_id":841810374261264384,"created_unixtime":1489538207961,"created_time":"Wed Mar 15 00:36:47 +0000 2017","lang":"ja","displayname":"glavity0","time_zone":"","msg":"某企業の二次選考と海未ちゃんの誕生日が被るなんてなんかすごい！海未ちゃん全力で祝って海未ちゃんのいつも大事な局面で自分を発揮できるパワーをもらおう！Happy Birthday海未ちゃん！園田海未生誕祭2017… https//tco/c4yiqM3BhN"}
{"tweet_id":841810374831685632,"created_unixtime":1489538208097,"created_time":"Wed Mar 15 00:36:48 +0000 2017","lang":"en","displayname":"schaapple","time_zone":"Kuala Lumpur","msg":"RT ohteenquotes Spend life with who makes you happy not with who you have to impress"}
{"tweet_id":841810374462717952,"created_unixtime":1489538208009,"created_time":"Wed Mar 15 00:36:48 +0000 2017","lang":"pt","displayname":"gloredays","time_zone":"Brasilia","msg":"PORRA PISOU NA CAPA DO SINGLE BICHO https//tco/HRdhrGDFPN"}
{"tweet_id":841810374919884800,"created_unixtime":1489538208118,"created_time":"Wed Mar 15 00:36:48 +0000 2017","lang":"en","displayname":"Yoonsxrrow","time_zone":"Eastern Time (US & Canada)","msg":"RT bts_bighit [Episode] HAPPY WHITE DAY FROM BTS 1 https//tco/Kk7XrnfG3x2 https//tco/dUxXeGBvhG"}
{"tweet_id":841810375192522752,"created_unixtime":1489538208183,"created_time":"Wed Mar 15 00:36:48 +0000 2017","lang":"en","displayname":"evilbunny","time_zone":"Eastern Time (US & Canada)","msg":"RT TopShelfContent Our very own Ava is now streaming some Early Content live Be sure to check it out https//tco/2OZdWGEN1x"}
{"tweet_id":841810375624482816,"created_unixtime":1489538208286,"created_time":"Wed Mar 15 00:36:48 +0000 2017","lang":"tl","displayname":"kindamich","time_zone":"Pacific Time (US & Canada)","msg":"ayaw nalang oy makoan man sad ta ani kay grabi najd raba ka koan HAHAHAHAHA"}
{"tweet_id":841810373791612928,"created_unixtime":1489538207849,"created_time":"Wed Mar 15 00:36:47 +0000 2017","lang":"en","displayname":"undeadfury80","time_zone":"","msg":"Happy Pi day https//tco/fuAIo9Rrqm"}
{"tweet_id":841810375981039621,"created_unixtime":1489538208371,"created_time":"Wed Mar 15 00:36:48 +0000 2017","lang":"en","displayname":"chrisclarke96","time_zone":"","msg":"RT Calvinn_Hobbes Happy 🍕 PiDay https//tco/UpLBGER3ZF"}
{"tweet_id":841810376211628032,"created_unixtime":1489538208426,"created_time":"Wed Mar 15 00:36:48 +0000 2017","lang":"en","displayname":"F1TZZ","time_zone":"Eastern Time (US & Canada)","msg":"am i the only one who finds absolutely no humor in trump voters losing their health insurance its just sad"}
{"tweet_id":841810376270340096,"created_unixtime":1489538208440,"created_time":"Wed Mar 15 00:36:48 +0000 2017","lang":"ja","displayname":"ninestar69","time_zone":"","msg":"RT HQ2as 海未ちゃんHappy Birthday🎉🎉🎉園田海未生誕祭2017 3月15日は園田海未の誕生日 ラブライバーと繋がりたい RTした人全員フォローする https//tco/PRk8XRzeae"}
{"tweet_id":841810375880396801,"created_unixtime":1489538208347,"created_time":"Wed Mar 15 00:36:48 +0000 2017","lang":"en","displayname":"Jessica21753","time_zone":"Pacific Time (US & Canada)","msg":"all i do is sit around and eat and be sad im basically a more annoying version of a plant"}
{"tweet_id":841810376853356545,"created_unixtime":1489538208579,"created_time":"Wed Mar 15 00:36:48 +0000 2017","lang":"en","displayname":"zaryyyIvory","time_zone":"","msg":"RT fantagiogroup [아스트로] 20170315 HAPPY BIRTHDAY JINJIN♥https//tco/V5gCN4Og73ASTRO JINJIN 진진 HAPPYJINJINDAY💕 https//tco/wheN9y…"}
{"tweet_id":841810377088372738,"created_unixtime":1489538208635,"created_time":"Wed Mar 15 00:36:48 +0000 2017","lang":"en","displayname":"iLoveBlackHoes","time_zone":"Eastern Time (US & Canada)","msg":"RT NicoleZizi not hi just happy https//tco/TNQDPHdzsc"}
{"tweet_id":841810377176453120,"created_unixtime":1489538208656,"created_time":"Wed Mar 15 00:36:48 +0000 2017","lang":"en","displayname":"_thatbooty","time_zone":"Eastern Time (US & Canada)","msg":"RT troytheblackguy All she wanted to do was say happy birthday to her friend but twitter just couldnt let her live lmaooo https//tco/X…"}
{"tweet_id":841810377084157952,"created_unixtime":1489538208634,"created_time":"Wed Mar 15 00:36:48 +0000 2017","lang":"en","displayname":"_DaeeMonique","time_zone":"Central Time (US & Canada)","msg":"T4TIFFTIFF happy birthday 😘🎈🎉"}
{"tweet_id":841810377876856834,"created_unixtime":1489538208823,"created_time":"Wed Mar 15 00:36:48 +0000 2017","lang":"en","displayname":"DonnaDiodato1","time_zone":"Atlantic Time (Canada)","msg":"Happy birthday al https//tco/uqeHj8wtnZ"}
{"tweet_id":841810378656894976,"created_unixtime":1489538209009,"created_time":"Wed Mar 15 00:36:49 +0000 2017","lang":"tl","displayname":"jmaisarah","time_zone":"Kuala Lumpur","msg":"Happy birthday mira syasyaaaaaaaaaaaaaaaaaa 😍😍😍😍😍🎉🎉🎉❤❤✨✨✨"}
{"tweet_id":841810378728316928,"created_unixtime":1489538209026,"created_time":"Wed Mar 15 00:36:49 +0000 2017","lang":"es","displayname":"ayelenoliva","time_zone":"Buenos Aires","msg":"Cuánto carpetazo en la campaña francesa y qué poca política Sad"}
{"tweet_id":841810379197972480,"created_unixtime":1489538209138,"created_time":"Wed Mar 15 00:36:49 +0000 2017","lang":"en","displayname":"fact59","time_zone":"","msg":"RT Rit_562 Happy morning 😊 dear friend Wishing you a Great Day 😘😘😘💕💗 https//tco/u3sfgJbLBS"}
{"tweet_id":841810378967375873,"created_unixtime":1489538209083,"created_time":"Wed Mar 15 00:36:49 +0000 2017","lang":"en","displayname":"ZoldanFabian","time_zone":"","msg":"RT CUTEST_ANlMALS this makes me so happy  https//tco/4ebwUxo9Hg"}
{"tweet_id":841810379743342592,"created_unixtime":1489538209268,"created_time":"Wed Mar 15 00:36:49 +0000 2017","lang":"en","displayname":"dunwithhowell","time_zone":"Atlantic Time (Canada)","msg":"RT GameGrumps Happy Birthday Danny https//tco/Qc8I63RkPP"}
{"tweet_id":841810379827212289,"created_unixtime":1489538209288,"created_time":"Wed Mar 15 00:36:49 +0000 2017","lang":"en","displayname":"asvpkenni","time_zone":"","msg":"RT itsREALLYMK Happy birthday kenni💖 https//tco/vbbNUIuQuO"}
{"tweet_id":841810379495870468,"created_unixtime":1489538209209,"created_time":"Wed Mar 15 00:36:49 +0000 2017","lang":"en","displayname":"samlal_shastri","time_zone":"Caracas","msg":"I just want this girl love me back so we could both be happy yk🙄"}
{"tweet_id":841810380485742592,"created_unixtime":1489538209445,"created_time":"Wed Mar 15 00:36:49 +0000 2017","lang":"en","displayname":"krystaliarxx","time_zone":"Eastern Time (US & Canada)","msg":"RT raabiahahmed786 Todays snow day and tomorrows 2 hour delay is making me so happy thanks Deptford😛✊"}
{"tweet_id":841810380884140032,"created_unixtime":1489538209540,"created_time":"Wed Mar 15 00:36:49 +0000 2017","lang":"en","displayname":"kenzzzruff","time_zone":"Arizona","msg":"miss you so much bff thank you bby💕💖💗💓💞 https//tco/CTFmsoC5dW"}
{"tweet_id":841810381114859520,"created_unixtime":1489538209595,"created_time":"Wed Mar 15 00:36:49 +0000 2017","lang":"en","displayname":"MaureenDe2","time_zone":"","msg":"RT The_Animal_Team Happy HATTIE is still looking for her elusive home She so deserves it 5yo BoxerX she loves human contact adopt… "}
{"tweet_id":841810381534253056,"created_unixtime":1489538209695,"created_time":"Wed Mar 15 00:36:49 +0000 2017","lang":"en","displayname":"DesiOh11","time_zone":"","msg":"RT RickyPDillon Happy pi day https//tco/PyJRimk7d3"}
{"tweet_id":841810380850626561,"created_unixtime":1489538209532,"created_time":"Wed Mar 15 00:36:49 +0000 2017","lang":"en","displayname":"GreeneKait","time_zone":"","msg":"Me to https//tco/dvenVfJJS7"}
{"tweet_id":841810381991419904,"created_unixtime":1489538209804,"created_time":"Wed Mar 15 00:36:49 +0000 2017","lang":"en","displayname":"cristabelxoxo","time_zone":"Arizona","msg":"RT JustyFBaby Greatest happy birthday wish Ive ever seen https//tco/UrlPQdhFpt"}
{"tweet_id":841810377872560128,"created_unixtime":1489538208822,"created_time":"Wed Mar 15 00:36:48 +0000 2017","lang":"en","displayname":"Sehundipity","time_zone":"Beijing","msg":"Thank you guysssss 😅💖💖 https//tco/rmJO5HCFrU"}
{"tweet_id":841810378598174721,"created_unixtime":1489538208995,"created_time":"Wed Mar 15 00:36:48 +0000 2017","lang":"ja","displayname":"ktatmtk0716","time_zone":"","msg":"【連載マンガ】「ほしとくずDont worry Be happy CHAPTER01」を読みました！人気マンガが無料で読める！LINEマンガ今スグ読む→ https//tco/Ir6Jn9gjwY LINEマンガ"}
{"tweet_id":841810378514395138,"created_unixtime":1489538208975,"created_time":"Wed Mar 15 00:36:48 +0000 2017","lang":"en","displayname":"erin_g4591","time_zone":"","msg":"RT Originals Happy birthday danieljgillies https//tco/tvgcNYDmYo"}
{"tweet_id":841810379072188416,"created_unixtime":1489538209108,"created_time":"Wed Mar 15 00:36:49 +0000 2017","lang":"en","displayname":"rocknzelsazon","time_zone":"","msg":"Me looking at the mirrorHappiness is a choiceI choose to be happyLORD ikaw na ang bahala sakin 😊STAY POSITIVE"}
{"tweet_id":841810378782793728,"created_unixtime":1489538209039,"created_time":"Wed Mar 15 00:36:49 +0000 2017","lang":"en","displayname":"ChloeJEdwards2","time_zone":"Pacific Time (US & Canada)","msg":"RT LittleMix NoMoreSadSongs for REAL❌❤️ weve made a SpotifyUK playlist with some happy songs☺️ what should we add X the girl… "}
{"tweet_id":841810379395153920,"created_unixtime":1489538209185,"created_time":"Wed Mar 15 00:36:49 +0000 2017","lang":"en","displayname":"Soshigoddesses","time_zone":"Jakarta","msg":"RT soompi Happy Birthday to ASTROs JinJin HappyJinJinDay https//tco/re8aLKVIDL https//tco/oAcH44Finb"}
{"tweet_id":841810379617521664,"created_unixtime":1489538209238,"created_time":"Wed Mar 15 00:36:49 +0000 2017","lang":"en","displayname":"Snickerdoo2","time_zone":"","msg":"RT BrooklynBeans1 Happy PiDay Its 314 which means were celebrating pi coffee style RT for a shot at a 40count variety pack… "}
{"tweet_id":841810380292775937,"created_unixtime":1489538209399,"created_time":"Wed Mar 15 00:36:49 +0000 2017","lang":"tl","displayname":"delenaerys","time_zone":"Brisbane","msg":"HAHAHAHAHAHAHAHAH OH MY GOD https//tco/rAvrZrG6h5"}
{"tweet_id":841810380355657729,"created_unixtime":1489538209414,"created_time":"Wed Mar 15 00:36:49 +0000 2017","lang":"en","displayname":"suishi666","time_zone":"Pacific Time (US & Canada)","msg":"RT chillalee Sanctity / Happy Birthday Kirei https//tco/TvZ8TzVodR"}
{"tweet_id":841810380284411905,"created_unixtime":1489538209397,"created_time":"Wed Mar 15 00:36:49 +0000 2017","lang":"en","displayname":"Jgotit_20","time_zone":"","msg":"RT D_Deji28 Do you guys know why he was killed A girl lied that he raped her and her brother shot him dead https//tco/IWDVDZp3rz"}
{"tweet_id":841810380619976704,"created_unixtime":1489538209477,"created_time":"Wed Mar 15 00:36:49 +0000 2017","lang":"en","displayname":"ludmilafranck","time_zone":"Buenos Aires","msg":"RT 5HVotingStats Scared Of Happy FifthHarmony YouKnowYouLoveThem radiodisney"}
{"tweet_id":841810380452200448,"created_unixtime":1489538209437,"created_time":"Wed Mar 15 00:36:49 +0000 2017","lang":"en","displayname":"DeeJ413","time_zone":"","msg":"RT FantomDynamics We are happy to announce that Linc has been chosen has one of the grand prize finalist for Motorolas Transform you… "}
{"tweet_id":841810380926119936,"created_unixtime":1489538209550,"created_time":"Wed Mar 15 00:36:49 +0000 2017","lang":"en","displayname":"etalampas_","time_zone":"","msg":"Happy birthday Sydney SydneyBruce314 hope your day was amazing ☺️"}
{"tweet_id":841810381106421760,"created_unixtime":1489538209593,"created_time":"Wed Mar 15 00:36:49 +0000 2017","lang":"en","displayname":"Wolf_Job_Lover","time_zone":"","msg":"RT bwecht Happy Birthday to a guy that forever changed my life Dan Avidan Audrey amp I recorded a little message to celebrate https//t…"}
{"tweet_id":841810381156827140,"created_unixtime":1489538209605,"created_time":"Wed Mar 15 00:36:49 +0000 2017","lang":"en","displayname":"Tgmj2Gisele","time_zone":"Eastern Time (US & Canada)","msg":"Steve King’s AntiImmigrant Comments Aren’t New But His Support In The White House Is so sad https//tco/44eZ7m3alP"}
{"tweet_id":841810381634965504,"created_unixtime":1489538209719,"created_time":"Wed Mar 15 00:36:49 +0000 2017","lang":"en","displayname":"soccerplayer_2","time_zone":"","msg":"Happy birthday ToneyGK hope you have a great day and I miss you ☹️"}
{"tweet_id":841810381743964165,"created_unixtime":1489538209745,"created_time":"Wed Mar 15 00:36:49 +0000 2017","lang":"en","displayname":"moonrockwoo","time_zone":"Pacific Time (US & Canada)","msg":"RT unbleachedkpop Happy Birthday to Astros precious leader 💕😭 HappyJinJinDay 별들의_리더_박진우_생일축하해 https//tco/d7VZsCTtGr"}
{"tweet_id":841810381463011332,"created_unixtime":1489538209678,"created_time":"Wed Mar 15 00:36:49 +0000 2017","lang":"en","displayname":"bIueguitar","time_zone":"Brasilia","msg":"SherriSaum1 a thing about Stef that you love with all your heart thefosterschat THANK U FOR SAYING HI TO MY GIRL lt3 SHES SO HAPPY"}
{"tweet_id":841810382285021184,"created_unixtime":1489538209874,"created_time":"Wed Mar 15 00:36:49 +0000 2017","lang":"en","displayname":"spr2541","time_zone":"","msg":"RT GymyG Happy White Day 14 March 💚💚💚GOT7💚🐦GOT7_NeverEver_정오공개 GOT7 NeverEver https//tco/BrDAuwgLKL"}
{"tweet_id":841810382343696389,"created_unixtime":1489538209888,"created_time":"Wed Mar 15 00:36:49 +0000 2017","lang":"en","displayname":"KeevinMunoz","time_zone":"Santiago","msg":"RT NBAcom Happy 29th Birthday StephenCurry30 Celebrate w/some of his best plays from this season… "}
{"tweet_id":841810382662569985,"created_unixtime":1489538209964,"created_time":"Wed Mar 15 00:36:49 +0000 2017","lang":"en","displayname":"Lookingforw0nka","time_zone":"Pacific Time (US & Canada)","msg":"RT Simone_Biles happy birthday to all the march 14th babies  🖤"}
{"tweet_id":841810381987291139,"created_unixtime":1489538209803,"created_time":"Wed Mar 15 00:36:49 +0000 2017","lang":"en","displayname":"AlleWallace","time_zone":"","msg":"RT allie989898 AlleWallace you make my heart so happy I love you ❤️❤️❤️❤️"}
{"tweet_id":841810382645788673,"created_unixtime":1489538209960,"created_time":"Wed Mar 15 00:36:49 +0000 2017","lang":"en","displayname":"DaveDekker2","time_zone":"","msg":"nitaporterfield melaniesrestall Despicable and ignorant Sad I dont want one dime of my taxes paying This pigs salary"}
{"tweet_id":841810383073628165,"created_unixtime":1489538210062,"created_time":"Wed Mar 15 00:36:50 +0000 2017","lang":"en","displayname":"AugustyniHannah","time_zone":"","msg":"RT MrOostindie Happy Pi Day Whatever that shall mean to you https//tco/YlJwyU3nR4"}
{"tweet_id":841810383304306688,"created_unixtime":1489538210117,"created_time":"Wed Mar 15 00:36:50 +0000 2017","lang":"en","displayname":"Kiss_able09","time_zone":"Central Time (US & Canada)","msg":"RT RockandBrewsOP Happy Pi Day Join us for some pizza pies 314 piday rockandbrewsOP  Rock amp Brews Overland… https//tco/LWsuLDIM…"}
{"tweet_id":841810383757271045,"created_unixtime":1489538210225,"created_time":"Wed Mar 15 00:36:50 +0000 2017","lang":"en","displayname":"rosirivera26","time_zone":"","msg":"RT AraiEij MarionSpekker              👑Congratulations 200K Followers 👑Good morning dear Marion 😸🎵💞 🎊Well done🎉Wishing you… "}
{"tweet_id":841810384122081280,"created_unixtime":1489538210312,"created_time":"Wed Mar 15 00:36:50 +0000 2017","lang":"en","displayname":"hndulset","time_zone":"","msg":"RT VinesGot7 Happy White Day 💗 https//tco/KU4o3Urzc2"}
{"tweet_id":841810383937667074,"created_unixtime":1489538210268,"created_time":"Wed Mar 15 00:36:50 +0000 2017","lang":"tr","displayname":"Sandra_nonato","time_zone":"Brasilia","msg":"RT LukaLuzelia Ben samimi ve sadık arkadaşımHep oldum Ben her zaman olacağım https//tco/u5FSx5SeAL"}
{"tweet_id":841810384608612353,"created_unixtime":1489538210428,"created_time":"Wed Mar 15 00:36:50 +0000 2017","lang":"ja","displayname":"CnJay331","time_zone":"","msg":"RT Apink__jp [Hayoung ]Happy ホワイトデーをすごして ください~！Apink ByeBye 3月29日リリース mini5月号掲載 https//tco/sEl1RkM2BX"}
{"tweet_id":841810384554143744,"created_unixtime":1489538210415,"created_time":"Wed Mar 15 00:36:50 +0000 2017","lang":"en","displayname":"shreyaapatell","time_zone":"","msg":"Happy birthday to the sweetest girl in the world have a great saunj💗🌻saundraa_"}
{"tweet_id":841810385162403842,"created_unixtime":1489538210560,"created_time":"Wed Mar 15 00:36:50 +0000 2017","lang":"en","displayname":"LynnShawProd","time_zone":"Eastern Time (US & Canada)","msg":"RT ClassicMovieHub Happy Birthday Sir Michael Caine Ive had such a great time Id like to come back as me  and do it all over aga… "}
{"tweet_id":841810385636212736,"created_unixtime":1489538210673,"created_time":"Wed Mar 15 00:36:50 +0000 2017","lang":"en","displayname":"slsandpet","time_zone":"New Caledonia","msg":"RT SNAICC 🎂 Happy 5th birthday to IndigenousX 🎂 A true leader in promoting the voices of our people IndigenousX"}
{"tweet_id":841810385749610496,"created_unixtime":1489538210700,"created_time":"Wed Mar 15 00:36:50 +0000 2017","lang":"en","displayname":"STARSEGS","time_zone":"Pacific Time (US & Canada)","msg":"seguinbaby and im sad im not this stunning gOD"}
{"tweet_id":841810385753776128,"created_unixtime":1489538210701,"created_time":"Wed Mar 15 00:36:50 +0000 2017","lang":"en","displayname":"venesicajohnson","time_zone":"","msg":"RT Stormzy1 Do what makes you happy mate"}
{"tweet_id":841810385791520774,"created_unixtime":1489538210710,"created_time":"Wed Mar 15 00:36:50 +0000 2017","lang":"en","displayname":"brooklynmonea","time_zone":"","msg":"Happy birthday boo 🎉🎊🎈🎁 Mimiiiiiii123 hope your day was great ❤❤"}
{"tweet_id":841810386068287488,"created_unixtime":1489538210776,"created_time":"Wed Mar 15 00:36:50 +0000 2017","lang":"ja","displayname":"lin_yinpin","time_zone":"Taipei","msg":"RT tsukiuta1 ☆Happy White Day④☆隼「愛で溢れるイベントは大好きだよ♪ハッピーアルビオーン♪」海「夜にお店に駆け込むお父さんをたくさん見ました！頑張って！」隼「皆が愛で満たされますように…」※DLOK※壁紙などマナー… "}
{"tweet_id":841810385913044993,"created_unixtime":1489538210739,"created_time":"Wed Mar 15 00:36:50 +0000 2017","lang":"in","displayname":"dheayuliani97","time_zone":"Greenland","msg":"Selamat pagi juga eonni ku 🌞😄yeaah Happy White day 🍭🍬💋💘😆 https//tco/BqEZejxNos"}
{"tweet_id":841810386601009152,"created_unixtime":1489538210903,"created_time":"Wed Mar 15 00:36:50 +0000 2017","lang":"en","displayname":"taylor_leffel","time_zone":"","msg":"RT Simone_Biles thanks Zac☺️ xoxo https//tco/TQxYv1mJmJ"}
{"tweet_id":841810386735230976,"created_unixtime":1489538210935,"created_time":"Wed Mar 15 00:36:50 +0000 2017","lang":"en","displayname":"Brimastroianni","time_zone":"Pacific Time (US & Canada)","msg":"RT kashanacauley Weve all set a world record for how happy anyone can be when thinking about tax returns"}
{"tweet_id":841810386995228673,"created_unixtime":1489538210997,"created_time":"Wed Mar 15 00:36:50 +0000 2017","lang":"en","displayname":"euniae","time_zone":"Pacific Time (US & Canada)","msg":"RT tetrahydren Dear euniae I appreciate your kermitment to memesHappy White DayI would have made a card but tfw work today https/…"}
{"tweet_id":841810387083382785,"created_unixtime":1489538211018,"created_time":"Wed Mar 15 00:36:51 +0000 2017","lang":"en","displayname":"hallicooper","time_zone":"Pacific Time (US & Canada)","msg":"Happy 16th to the sweetest girl olivia_bonin54  Love you to pieces amp I hope your bday was awesome💘💘"}
{"tweet_id":841810386768822273,"created_unixtime":1489538210943,"created_time":"Wed Mar 15 00:36:50 +0000 2017","lang":"es","displayname":"EvelynGleez","time_zone":"London","msg":"RT elalynx Estoy sad"}
{"tweet_id":841810386479394816,"created_unixtime":1489538210874,"created_time":"Wed Mar 15 00:36:50 +0000 2017","lang":"en","displayname":"carelessbws","time_zone":"Pacific Time (US & Canada)","msg":"TheVampsTristan TRISTAAAAAN TELL CONNOR HAPPY BIRTHDAY FROM HIS DEAR LOVE"}
{"tweet_id":841810387209191425,"created_unixtime":1489538211048,"created_time":"Wed Mar 15 00:36:51 +0000 2017","lang":"en","displayname":"DeanSealey","time_zone":"","msg":"RT Stormzy1 Do what makes you happy mate"}
{"tweet_id":841810386634579968,"created_unixtime":1489538210911,"created_time":"Wed Mar 15 00:36:50 +0000 2017","lang":"en","displayname":"gingerbrad_man","time_zone":"Central Time (US & Canada)","msg":"RT mattredmond22 if youre from STL you know what March 14th is really about HAPPY 314 https//tco/1gWWTaVI7v"}
{"tweet_id":841810387850809346,"created_unixtime":1489538211201,"created_time":"Wed Mar 15 00:36:51 +0000 2017","lang":"en","displayname":"d_derra","time_zone":"Pacific Time (US & Canada)","msg":"RT 9GAG Face Youre uglyBody Youre fatBrain Youre stupidLife You suckFood Come here babe youll be happy with me"}
{"tweet_id":841810387603492864,"created_unixtime":1489538211142,"created_time":"Wed Mar 15 00:36:51 +0000 2017","lang":"en","displayname":"FirthHarmony727","time_zone":"","msg":"RT 5HVotingStats Scared Of Happy FifthHarmony YouKnowYouLoveThem radiodisney"}
{"tweet_id":841810387909529604,"created_unixtime":1489538211215,"created_time":"Wed Mar 15 00:36:51 +0000 2017","lang":"en","displayname":"smilingbluedog","time_zone":"Pacific Time (US & Canada)","msg":"RT knittingtopia RT LandofFayelon RT aubreymade Happy Birthday Babushka Doll Felt Pincushion Handmade Matrioska Decorati… … https…"}
{"tweet_id":841810387901259778,"created_unixtime":1489538211213,"created_time":"Wed Mar 15 00:36:51 +0000 2017","lang":"en","displayname":"BabyFaceTheDon","time_zone":"Quito","msg":"RT ILLUMlNATI Sad reality https//tco/MdEMXJQbN8"}
{"tweet_id":841810388043857920,"created_unixtime":1489538211247,"created_time":"Wed Mar 15 00:36:51 +0000 2017","lang":"en","displayname":"gaby_is_queen","time_zone":"","msg":"RT RyanLMcElveen FCPS will be closed tomorrow Tuesday March 14 Happy Pi Day"}
{"tweet_id":841810388211666944,"created_unixtime":1489538211287,"created_time":"Wed Mar 15 00:36:51 +0000 2017","lang":"en","displayname":"Vania_Di_Monash","time_zone":"Santiago","msg":"RT bts_bighit [Episode] HAPPY WHITE DAY FROM BTS 1 https//tco/Kk7XrnfG3x2 https//tco/dUxXeGBvhG"}
{"tweet_id":841810388316495873,"created_unixtime":1489538211312,"created_time":"Wed Mar 15 00:36:51 +0000 2017","lang":"en","displayname":"_jaymel_","time_zone":"Eastern Time (US & Canada)","msg":"RT Cyn_Santana Hmmm think I wanna eat ice cream watch sad movies and cry all night Send those movies in guys ☺"}
{"tweet_id":841810388928802816,"created_unixtime":1489538211458,"created_time":"Wed Mar 15 00:36:51 +0000 2017","lang":"ko","displayname":"ARUIsilverworld","time_zone":"Seoul","msg":"RT FF14_TENSHIELD 파이널판타지14 패치 33 추가 지역소르 카이 Sohr Khai는 드래곤족 언어로so[h]r  apology / k[h]ai  sad 슬픈 사죄라는 뜻을 담고 있습니다소[호]르 크… "}
{"tweet_id":841810388748509184,"created_unixtime":1489538211415,"created_time":"Wed Mar 15 00:36:51 +0000 2017","lang":"en","displayname":"lauzphillips","time_zone":"","msg":"Wooooooo❤❤🚗🚗 Massive happy birthday 2 tha most beautiful gal inside amp out Luv u ya nutter Xx AimeeWilliamso2  https//tco/UOwu4fKiYR"}
{"tweet_id":841810389176356864,"created_unixtime":1489538211517,"created_time":"Wed Mar 15 00:36:51 +0000 2017","lang":"en","displayname":"yifansolo","time_zone":"Atlantic Time (Canada)","msg":"the fact that no one is talking about how iron beat and stabbed his girlfriend is sad"}
{"tweet_id":841810389277003776,"created_unixtime":1489538211541,"created_time":"Wed Mar 15 00:36:51 +0000 2017","lang":"en","displayname":"ReadingIsOurPas","time_zone":"","msg":"RT TerriGauthor More 5 🌟 reviews for Gods Gift 1 on AmazonUS  one very happy indie author https//tco/uR0P2lxqoW RomHero… "}
{"tweet_id":841810389750824960,"created_unixtime":1489538211654,"created_time":"Wed Mar 15 00:36:51 +0000 2017","lang":"en","displayname":"minnaqueena","time_zone":"Eastern Time (US & Canada)","msg":"RT alexaiono My happy place☺ https//tco/pgetrNhVIp"}
{"tweet_id":841810389461540866,"created_unixtime":1489538211585,"created_time":"Wed Mar 15 00:36:51 +0000 2017","lang":"en","displayname":"STXNNINGYUGYEOM","time_zone":"Pacific Time (US & Canada)","msg":"HAPPY BIRTHDAY COCO Im a bit latter but doesnt matter"}
{"tweet_id":841810389746741248,"created_unixtime":1489538211653,"created_time":"Wed Mar 15 00:36:51 +0000 2017","lang":"en","displayname":"BiigxDerii","time_zone":"","msg":"RT OmggRhi DO NOT PURPOSELY DO SHIT TO MAKE ME MAD THEN GET MAD THAT IM MAD FUCK U THOUGHT I WAS GONNA BE AFTER PISSING ME OFF HAPPY"}
{"tweet_id":841810389969047552,"created_unixtime":1489538211706,"created_time":"Wed Mar 15 00:36:51 +0000 2017","lang":"en","displayname":"mchilcoatbb1","time_zone":"","msg":"cameronmonaghan The sad thing isthose of us that can never travel to see you can no longer talk to you I will miss your intellect 💔"}
{"tweet_id":841810389851635712,"created_unixtime":1489538211678,"created_time":"Wed Mar 15 00:36:51 +0000 2017","lang":"de","displayname":"topcu30_ask","time_zone":"","msg":"pforzheim polizei 911 terooooooooooor pf gzt terooooooooof https//tco/gJ0q43XasL"}
{"tweet_id":841810390073892865,"created_unixtime":1489538211731,"created_time":"Wed Mar 15 00:36:51 +0000 2017","lang":"en","displayname":"holdupdolan","time_zone":"Central Time (US & Canada)","msg":"ive dead for months dear student athlete dont rub ur youth and will to live in my face when u that im not happy an… https//tco/rA2QjIj15d"}
{"tweet_id":841810390308802560,"created_unixtime":1489538211787,"created_time":"Wed Mar 15 00:36:51 +0000 2017","lang":"en","displayname":"_Pkilla_","time_zone":"Central Time (US & Canada)","msg":"RT _pkilla Out of the hospital and happy😇 thanks for yall prayers🙏🏾 hes feeling better https//tco/yzFlVpDItQ"}
{"tweet_id":841810390598201345,"created_unixtime":1489538211856,"created_time":"Wed Mar 15 00:36:51 +0000 2017","lang":"en","displayname":"TonyChen05","time_zone":"Eastern Time (US & Canada)","msg":"GameGrumps happy birthday"}
{"tweet_id":841810391122423808,"created_unixtime":1489538211981,"created_time":"Wed Mar 15 00:36:51 +0000 2017","lang":"en","displayname":"sitimariamsaha","time_zone":"","msg":"RT yourgurljordan whenever i get sad i remember that i literally took this picture with no zoom https//tco/UtzNqoF8SQ"}
{"tweet_id":841810391189585920,"created_unixtime":1489538211997,"created_time":"Wed Mar 15 00:36:51 +0000 2017","lang":"en","displayname":"TheSunsetYoshi","time_zone":"Eastern Time (US & Canada)","msg":"RT NISAmerica Happy PiDay dood Are you going to celebrate with some pie Retweet and share with us your delicious pies if you… "}
{"tweet_id":841810391613108225,"created_unixtime":1489538212098,"created_time":"Wed Mar 15 00:36:52 +0000 2017","lang":"ja","displayname":"aDjIpyG91rOF8V2","time_zone":"","msg":"【連載マンガ】「ほしとくずDont worry Be happy CHAPTER01」を読みました！人気マンガが無料で読める！LINEマンガ今スグ読む→ https//tco/W5WuTOwMPN LINEマンガ"}
{"tweet_id":841810391545999363,"created_unixtime":1489538212082,"created_time":"Wed Mar 15 00:36:52 +0000 2017","lang":"en","displayname":"thebitterbitchh","time_zone":"","msg":"RT ManCanddyPics COLTON HAYNES AND HIS BOYFRIEND ARE ENGAGED THIS MAKES ME SO HAPPY 😭 https//tco/dihGKd2CEI"}
{"tweet_id":841810391348973569,"created_unixtime":1489538212035,"created_time":"Wed Mar 15 00:36:52 +0000 2017","lang":"en","displayname":"c0ldasstee","time_zone":"Atlantic Time (Canada)","msg":"RT D_Deji28 Do you guys know why he was killed A girl lied that he raped her and her brother shot him dead https//tco/IWDVDZp3rz"}
{"tweet_id":841810391747325952,"created_unixtime":1489538212130,"created_time":"Wed Mar 15 00:36:52 +0000 2017","lang":"en","displayname":"supaweenn","time_zone":"","msg":"RT BLACKPINK_PH [21st LISA Day Project]Hey BLINKs 170327 is our Lisas Birthday With everyones effort lets make our Lisa… "}
{"tweet_id":841810391546138625,"created_unixtime":1489538212082,"created_time":"Wed Mar 15 00:36:52 +0000 2017","lang":"en","displayname":"SouthFlaVet","time_zone":"Atlantic Time (Canada)","msg":"Heres an analogy for your peabrain 99 of pollsters thought the Warriors would win championship last year… https//tco/sToo2Y8Ocm"}
{"tweet_id":841810391642574849,"created_unixtime":1489538212105,"created_time":"Wed Mar 15 00:36:52 +0000 2017","lang":"en","displayname":"GracWalker","time_zone":"","msg":"RT juliamayes99 happy birthday to such a beautiful human being u make me laugh harder than anyone I knowI love u grace Walkerhap… "}
{"tweet_id":841810392263274496,"created_unixtime":1489538212253,"created_time":"Wed Mar 15 00:36:52 +0000 2017","lang":"en","displayname":"Bat26man","time_zone":"Urumqi","msg":"RT warriors DubNation please join us in wishing StephenCurry30 a very Happy Birthday 🎈 https//tco/cByjiIEk25"}
{"tweet_id":841810392326144000,"created_unixtime":1489538212268,"created_time":"Wed Mar 15 00:36:52 +0000 2017","lang":"ja","displayname":"k_on19911127","time_zone":"Osaka","msg":"RT sala_direction 海未ちゃん🎉Happy Birthday🎂💗園田海未生誕祭2017 RTした人全員フォローする お祝いする人RT ラブライバーはRT https//tco/Qwkyo6IhQ4"}
{"tweet_id":841810392577900545,"created_unixtime":1489538212328,"created_time":"Wed Mar 15 00:36:52 +0000 2017","lang":"en","displayname":"astridnimzay_","time_zone":"Arizona","msg":"trashysb_ sad story"}
{"tweet_id":841810392611454976,"created_unixtime":1489538212336,"created_time":"Wed Mar 15 00:36:52 +0000 2017","lang":"en","displayname":"angelaaseverino","time_zone":"","msg":"happy birthday kid 🤙🏽🤙🏽 fildawg22"}
{"tweet_id":841810385938325504,"created_unixtime":1489538210745,"created_time":"Wed Mar 15 00:36:50 +0000 2017","lang":"en","displayname":"PhotonVPS","time_zone":"Pacific Time (US & Canada)","msg":"Happy Pi Day https//tco/U6bMc1Bt3a"}
{"tweet_id":841810386475192321,"created_unixtime":1489538210873,"created_time":"Wed Mar 15 00:36:50 +0000 2017","lang":"en","displayname":"YardVPS","time_zone":"Pacific Time (US & Canada)","msg":"Happy Pi Day https//tco/BmZ5CnbySC"}
{"tweet_id":841810392145903616,"created_unixtime":1489538212225,"created_time":"Wed Mar 15 00:36:52 +0000 2017","lang":"und","displayname":"KenYeBlessed","time_zone":"Pacific Time (US & Canada)","msg":"🎉🎊🎉 https//tco/Obfbm0169V"}
{"tweet_id":841810392494034944,"created_unixtime":1489538212308,"created_time":"Wed Mar 15 00:36:52 +0000 2017","lang":"en","displayname":"punkeebwoozer","time_zone":"","msg":"RT Fleeing so annoying when ppl are like ur always laughin u laugh at everything its not that funny like OK sorry im a happy perso…"}
{"tweet_id":841810386450042882,"created_unixtime":1489538210867,"created_time":"Wed Mar 15 00:36:50 +0000 2017","lang":"en","displayname":"PsychzNetworks","time_zone":"","msg":"Happy Pi Day https//tco/DPozwJar2K"}
{"tweet_id":841810392619859969,"created_unixtime":1489538212338,"created_time":"Wed Mar 15 00:36:52 +0000 2017","lang":"en","displayname":"anidalaa","time_zone":"Pacific Time (US & Canada)","msg":"Aww thank you☺️💕 https//tco/MXctdQyj79"}
{"tweet_id":841810392867299329,"created_unixtime":1489538212397,"created_time":"Wed Mar 15 00:36:52 +0000 2017","lang":"en","displayname":"bcastiglia44","time_zone":"Eastern Time (US & Canada)","msg":"RT dhmeyer Thank you NewYorker We are happy to be backhttps//tco/B9aamHZrsy"}
{"tweet_id":841810392867307523,"created_unixtime":1489538212397,"created_time":"Wed Mar 15 00:36:52 +0000 2017","lang":"en","displayname":"laurenpileggi","time_zone":"Eastern Time (US & Canada)","msg":"laurenpileggi didnt get pics because Im a bitch line hopper who had to leave but that made my heart very happy "}
{"tweet_id":841810392598908928,"created_unixtime":1489538212333,"created_time":"Wed Mar 15 00:36:52 +0000 2017","lang":"en","displayname":"firas_sofyan","time_zone":"Indiana (East)","msg":"RT _Snape_ Happy PiDay https//tco/cI8NnnwW7o"}
{"tweet_id":841810393416704000,"created_unixtime":1489538212528,"created_time":"Wed Mar 15 00:36:52 +0000 2017","lang":"en","displayname":"LouLa_Bon","time_zone":"Central Time (US & Canada)","msg":"kevinolearytv Its really sad actually Hes behaving like he hates this country"}
{"tweet_id":841810393295138818,"created_unixtime":1489538212499,"created_time":"Wed Mar 15 00:36:52 +0000 2017","lang":"en","displayname":"Fricat","time_zone":"Dublin","msg":"Kris_Sacrebleu thehill yes and tomorrow Comey will have to make the decision to go public on FBIs inquiries Happy days"}
{"tweet_id":841810393437745155,"created_unixtime":1489538212533,"created_time":"Wed Mar 15 00:36:52 +0000 2017","lang":"en","displayname":"recKless1_","time_zone":"Pacific Time (US & Canada)","msg":"RT hmlnani 🤦🏾‍♀️ i just wanna be happy with someone for a really long time but its just not happening"}
{"tweet_id":841810393362231296,"created_unixtime":1489538212515,"created_time":"Wed Mar 15 00:36:52 +0000 2017","lang":"en","displayname":"Seanchuckle","time_zone":"Dublin","msg":"Words to live by https//tco/c9oIehJ4VX"}
{"tweet_id":841810393869705217,"created_unixtime":1489538212636,"created_time":"Wed Mar 15 00:36:52 +0000 2017","lang":"en","displayname":"gamma_mr","time_zone":"","msg":"happy PI day to Piemation"}
{"tweet_id":841810393945260033,"created_unixtime":1489538212654,"created_time":"Wed Mar 15 00:36:52 +0000 2017","lang":"en","displayname":"Rimzzzeee","time_zone":"Mountain Time (US & Canada)","msg":"RT robinthede Really Some are disappointed that maddow only has 2005 Like you would only be happy w/ 20 yrs of indepth tax analysis…"}
{"tweet_id":841810393706172417,"created_unixtime":1489538212597,"created_time":"Wed Mar 15 00:36:52 +0000 2017","lang":"en","displayname":"_xxoharmonyyy","time_zone":"","msg":"RT amourkierra_ I done spent my entire life trying to make other people happy shit cut"}
{"tweet_id":841810394716954624,"created_unixtime":1489538212838,"created_time":"Wed Mar 15 00:36:52 +0000 2017","lang":"en","displayname":"roniquexxxposh","time_zone":"","msg":"RT AnneRiceAuthor AnneRiceAuthor Happy is the mother who can tweet to her son"}
{"tweet_id":841810394368876544,"created_unixtime":1489538212755,"created_time":"Wed Mar 15 00:36:52 +0000 2017","lang":"en","displayname":"LindsaySkorny","time_zone":"Eastern Time (US & Canada)","msg":"RT CiaraaCameron Happy birthhday bby hope you enjoy these throwbacks Love you 💘🎁🎈🎉 https//tco/H69AYuvnxl"}
{"tweet_id":841810394834468864,"created_unixtime":1489538212866,"created_time":"Wed Mar 15 00:36:52 +0000 2017","lang":"en","displayname":"haalleeyy","time_zone":"","msg":"RT AnimalsOnIy look how happy dad is https//tco/gxfHZ1hnzK"}
{"tweet_id":841810394524012545,"created_unixtime":1489538212792,"created_time":"Wed Mar 15 00:36:52 +0000 2017","lang":"en","displayname":"drewsmaichard","time_zone":"","msg":"RT mommy_dub Reminiscing d KS good old days 😊 jaysondmx ALDUBxDTBYTugOfHearts https//tco/0CreDofWbO"}
{"tweet_id":841810395140517888,"created_unixtime":1489538212939,"created_time":"Wed Mar 15 00:36:52 +0000 2017","lang":"de","displayname":"yeseungnim","time_zone":"Pacific Time (US & Canada)","msg":"Im so soft dont touch mhe https//tco/qOHKNAt4gy"}
{"tweet_id":841810395350355969,"created_unixtime":1489538212989,"created_time":"Wed Mar 15 00:36:52 +0000 2017","lang":"en","displayname":"incased757","time_zone":"","msg":"RT preaching if youre happy with someone forget about what everyone else says"}
{"tweet_id":841810395643883520,"created_unixtime":1489538213059,"created_time":"Wed Mar 15 00:36:53 +0000 2017","lang":"en","displayname":"aicsthetic","time_zone":"Beijing","msg":"RT MillennialOfMNL This is your reminder that its okay to not be okay No one is constantly happy Your emotions are yours No one can t…"}
{"tweet_id":841810395476168706,"created_unixtime":1489538213019,"created_time":"Wed Mar 15 00:36:53 +0000 2017","lang":"en","displayname":"TyanneLee_","time_zone":"Quito","msg":"RT mayormillz_ Dam I didnt know he was dead https//tco/rexgzwqWOY"}
{"tweet_id":841810395690094592,"created_unixtime":1489538213070,"created_time":"Wed Mar 15 00:36:53 +0000 2017","lang":"en","displayname":"RHDrum","time_zone":"Eastern Time (US & Canada)","msg":"RT XLNB The corrupt media and failing Rachel Maddow desperate Anything to stop us from Making America Great Again Fake… "}
{"tweet_id":841810396063371266,"created_unixtime":1489538213159,"created_time":"Wed Mar 15 00:36:53 +0000 2017","lang":"en","displayname":"TwistedFateCB","time_zone":"","msg":"FadooBobcat good for us Canadians to keep hidden but also sad the world does not get to see the beauty Canada has to offer"}
{"tweet_id":841810396088524800,"created_unixtime":1489538213165,"created_time":"Wed Mar 15 00:36:53 +0000 2017","lang":"en","displayname":"GQMANOFTHEYEAR_","time_zone":"Eastern Time (US & Canada)","msg":"RT D_Deji28 Do you guys know why he was killed A girl lied that he raped her and her brother shot him dead https//tco/IWDVDZp3rz"}
{"tweet_id":841810389172133888,"created_unixtime":1489538211516,"created_time":"Wed Mar 15 00:36:51 +0000 2017","lang":"en","displayname":"Gigepipe","time_zone":"Pacific Time (US & Canada)","msg":"Happy Pi Day https//tco/ceXjTx8Sn3"}
{"tweet_id":841810396289863680,"created_unixtime":1489538213213,"created_time":"Wed Mar 15 00:36:53 +0000 2017","lang":"en","displayname":"djrabsrun5","time_zone":"Eastern Time (US & Canada)","msg":"SethHasty sad you didnt post any pictures of grills covered in snow"}
{"tweet_id":841810397166419969,"created_unixtime":1489538213422,"created_time":"Wed Mar 15 00:36:53 +0000 2017","lang":"en","displayname":"Soshigoddesses","time_zone":"Jakarta","msg":"RT kville_ent [HAPPY BIRTHDAY] to ASTROs Leader JinJin ♡HAPPYJINJINDAY https//tco/7T3cPY1pJx"}
{"tweet_id":841810397107748864,"created_unixtime":1489538213408,"created_time":"Wed Mar 15 00:36:53 +0000 2017","lang":"en","displayname":"Neuergasm","time_zone":"New Delhi","msg":"RT FCBayernUS Happy Pi Day everyone 🤓😁 https//tco/mRpUyieSDZ"}
{"tweet_id":841810397501898752,"created_unixtime":1489538213502,"created_time":"Wed Mar 15 00:36:53 +0000 2017","lang":"ja","displayname":"kuro2_kaori","time_zone":"","msg":"RT tsukiuta1 ☆Happy White Day④☆隼「愛で溢れるイベントは大好きだよ♪ハッピーアルビオーン♪」海「夜にお店に駆け込むお父さんをたくさん見ました！頑張って！」隼「皆が愛で満たされますように…」※DLOK※壁紙などマナー… "}
{"tweet_id":841810397489426433,"created_unixtime":1489538213499,"created_time":"Wed Mar 15 00:36:53 +0000 2017","lang":"en","displayname":"mjmattsui","time_zone":"Central Time (US & Canada)","msg":"RT GopherHockey Happy PiDay Gophers 〽🏒 https//tco/0W5YSMxdvc"}
{"tweet_id":841810398168793088,"created_unixtime":1489538213661,"created_time":"Wed Mar 15 00:36:53 +0000 2017","lang":"en","displayname":"mxrriahh","time_zone":"","msg":"RT chxrlizze i try so hard to make everyone around me happy and im not even happy myself i need to take a nap"}
{"tweet_id":841810397657214981,"created_unixtime":1489538213539,"created_time":"Wed Mar 15 00:36:53 +0000 2017","lang":"en","displayname":"kourtneelynne","time_zone":"Eastern Time (US & Canada)","msg":"A6 ~ haha I blog mostly foodsafe to say food makes me happySteak is my favoriteSteak Fajitas make me pretty happy too AvoHappiness GNO"}
{"tweet_id":841810397686566912,"created_unixtime":1489538213546,"created_time":"Wed Mar 15 00:36:53 +0000 2017","lang":"en","displayname":"_christinechaos","time_zone":"Eastern Time (US & Canada)","msg":"Really happy you guys finally showed up NYIslanders  nicetoseeyou"}
{"tweet_id":841810398332432386,"created_unixtime":1489538213700,"created_time":"Wed Mar 15 00:36:53 +0000 2017","lang":"en","displayname":"Chasinguitarist","time_zone":"Pacific Time (US & Canada)","msg":"but i would accept the advance happy birthday jk"}
{"tweet_id":841810397732708352,"created_unixtime":1489538213557,"created_time":"Wed Mar 15 00:36:53 +0000 2017","lang":"en","displayname":"hatty0085","time_zone":"Pacific Time (US & Canada)","msg":"Happy birthday to the old roomie Zachegber14 love ya buddy See you soon"}
{"tweet_id":841810398651207680,"created_unixtime":1489538213776,"created_time":"Wed Mar 15 00:36:53 +0000 2017","lang":"en","displayname":"Mulhein","time_zone":"Kuala Lumpur","msg":"RT _hvjr If youre angry stay silent If youre sad stay silent If youre overwhelmed by emotions stay silent"}
{"tweet_id":841810398718259200,"created_unixtime":1489538213792,"created_time":"Wed Mar 15 00:36:53 +0000 2017","lang":"en","displayname":"OmkaraLife","time_zone":"Sydney","msg":"Very happy let you all know that these are back in stock https//tco/y8f0Bt6jkF"}
{"tweet_id":841810398697381892,"created_unixtime":1489538213787,"created_time":"Wed Mar 15 00:36:53 +0000 2017","lang":"en","displayname":"lucyjanewhyte","time_zone":"London","msg":"RT Stormzy1 Do what makes you happy mate"}
{"tweet_id":841810399020244992,"created_unixtime":1489538213864,"created_time":"Wed Mar 15 00:36:53 +0000 2017","lang":"en","displayname":"cristinaa_elena","time_zone":"","msg":"Super excited to go home to Cali but a little sad to leave everyone in Seattle Literally college is like living a double life 😢"}
{"tweet_id":841810398831599616,"created_unixtime":1489538213819,"created_time":"Wed Mar 15 00:36:53 +0000 2017","lang":"en","displayname":"kvmara","time_zone":"Central Time (US & Canada)","msg":"RT _lilsunnyyy Talk to god more aint nothing wrong with you dont know what youre sad for you got clothes on your back and… "}
{"tweet_id":841810399481716737,"created_unixtime":1489538213974,"created_time":"Wed Mar 15 00:36:53 +0000 2017","lang":"en","displayname":"PANASONICBUNNY","time_zone":"London","msg":"RT JuicyJules69me Happy Birthday to Me feel priviliged to treat me like a Queen all day 💷💳💷💳giftcards wishlist spoilme finsub… "}
{"tweet_id":841810399607590913,"created_unixtime":1489538214004,"created_time":"Wed Mar 15 00:36:54 +0000 2017","lang":"en","displayname":"skeng","time_zone":"London","msg":"RT Stormzy1 Do what makes you happy mate"}
{"tweet_id":841810399813070848,"created_unixtime":1489538214053,"created_time":"Wed Mar 15 00:36:54 +0000 2017","lang":"en","displayname":"YezxMarie","time_zone":"Central Time (US & Canada)","msg":"Sad its already the season finale of This Is Us 😭"}
{"tweet_id":841810399737581568,"created_unixtime":1489538214035,"created_time":"Wed Mar 15 00:36:54 +0000 2017","lang":"en","displayname":"sartoris1960","time_zone":"","msg":"Id agree with him ampDems will use it against GOP midterm Base will stay home He also says itd be a gift to Dems… https//tco/LZigoqr6Ou"}
{"tweet_id":841810399800487937,"created_unixtime":1489538214050,"created_time":"Wed Mar 15 00:36:54 +0000 2017","lang":"in","displayname":"King_Clout21","time_zone":"","msg":"RT OhMyRob_ Nah b 🇩🇴 https//tco/oqxdfcBjN6"}
{"tweet_id":841810399934726144,"created_unixtime":1489538214082,"created_time":"Wed Mar 15 00:36:54 +0000 2017","lang":"en","displayname":"SweetSweetHazza","time_zone":"Pacific Time (US & Canada)","msg":"Harry_Styles Youre the reason of my smile I love you and Im proud of you I would be very happy if you follow me one day ❤️  761"}
{"tweet_id":841810400312094720,"created_unixtime":1489538214172,"created_time":"Wed Mar 15 00:36:54 +0000 2017","lang":"en","displayname":"dedekmohmed","time_zone":"Pacific Time (US & Canada)","msg":"RT preaching if youre happy with someone forget about what everyone else says"}
{"tweet_id":841810400224129026,"created_unixtime":1489538214151,"created_time":"Wed Mar 15 00:36:54 +0000 2017","lang":"en","displayname":"savxnna","time_zone":"Atlantic Time (Canada)","msg":"RT Cyn_Santana Hmmm think I wanna eat ice cream watch sad movies and cry all night Send those movies in guys ☺"}
{"tweet_id":841810400739905536,"created_unixtime":1489538214274,"created_time":"Wed Mar 15 00:36:54 +0000 2017","lang":"en","displayname":"martysmiss","time_zone":"","msg":"RT TheAHL Happy PiDay hockey fans https//tco/hyA6CDVI5T"}
{"tweet_id":841810400685481985,"created_unixtime":1489538214261,"created_time":"Wed Mar 15 00:36:54 +0000 2017","lang":"en","displayname":"uhmyeahla","time_zone":"Midway Island","msg":"RT alshipley what if Lorde Lana Del Rey and Halsey all drop their albums at once and the sad teens become so powerful they overthrow the…"}
{"tweet_id":841810401125847040,"created_unixtime":1489538214366,"created_time":"Wed Mar 15 00:36:54 +0000 2017","lang":"en","displayname":"dheayuliani97","time_zone":"Greenland","msg":"RT sjhsjh0628 Selamat pagi🌞Happy happy White day🍭🍬👀👅💋💘 https//tco/tf4ZMHBRmA"}
{"tweet_id":841810399913750528,"created_unixtime":1489538214077,"created_time":"Wed Mar 15 00:36:54 +0000 2017","lang":"in","displayname":"eugeneedelro","time_zone":"Central Time (US & Canada)","msg":"Thanks raqi💖💖💖 https//tco/OOBF3DyBaz"}
{"tweet_id":841810400802942980,"created_unixtime":1489538214289,"created_time":"Wed Mar 15 00:36:54 +0000 2017","lang":"en","displayname":"MuhammadFTrump","time_zone":"","msg":"Low rating lesbian want her viewership to increase  Sad amp Pathetic Rachel Maddow https//tco/3v0WtBTzHk"}
{"tweet_id":841810401071374336,"created_unixtime":1489538214353,"created_time":"Wed Mar 15 00:36:54 +0000 2017","lang":"en","displayname":"wavyvinyl","time_zone":"Pacific Time (US & Canada)","msg":"RT __Tinyytonii This makes me so happy https//tco/D6auRenIMG"}
{"tweet_id":841810401062998016,"created_unixtime":1489538214351,"created_time":"Wed Mar 15 00:36:54 +0000 2017","lang":"en","displayname":"TsukinoWaltz","time_zone":"Pacific Time (US & Canada)","msg":"oorieus are you ready to make your family sad"}
{"tweet_id":841810401260052481,"created_unixtime":1489538214398,"created_time":"Wed Mar 15 00:36:54 +0000 2017","lang":"ja","displayname":"HSJ_Yuri_11_30","time_zone":"","msg":"弥生ちゃん･♥ﾟHappy Birthday ♬°･♥今迄ライバルやったのがもう少しでチームになるねこれからいっしょに東海ばど部でがんばろっ🏸毒舌なやよいちゃんだいすきよっ😍k_poping315"}
{"tweet_id":841810401776017408,"created_unixtime":1489538214521,"created_time":"Wed Mar 15 00:36:54 +0000 2017","lang":"en","displayname":"_xonaee","time_zone":"","msg":"Im happy they actually didnt pull that petty shit when they be bold as fuck to the new girl BGC17"}
{"tweet_id":841810401872510977,"created_unixtime":1489538214544,"created_time":"Wed Mar 15 00:36:54 +0000 2017","lang":"en","displayname":"ahmedeath","time_zone":"Riyadh","msg":"RT ahmedeath I love her so much i love her smile her touch when she call when she look and when she’s happy i’m the king of the wor…"}
{"tweet_id":841810401817989120,"created_unixtime":1489538214531,"created_time":"Wed Mar 15 00:36:54 +0000 2017","lang":"en","displayname":"THECHAMPION005","time_zone":"","msg":"RT ThinkPositive66 This is your yearKeep your mind happyKeep your dreams aliveKeep the faithKeep believing in your abilitiesKee…"}
{"tweet_id":841810401876619265,"created_unixtime":1489538214545,"created_time":"Wed Mar 15 00:36:54 +0000 2017","lang":"ja","displayname":"Sena86902725","time_zone":"","msg":"RT lovelive_kot うみちゃーん♡Happy Birthdayヽ〃･ω･ﾉ☆ﾟ’･☆ラブアローシュート♡♡これからも大好きだよ♡園田海未生誕祭2017 園田海未好きな人RT RTした人全員フォローする… "}
{"tweet_id":841810402006712321,"created_unixtime":1489538214576,"created_time":"Wed Mar 15 00:36:54 +0000 2017","lang":"en","displayname":"myredcar","time_zone":"","msg":"WhoopiGoldberg Whats sad is Ive liked you until you started attacking the President but because of who youve BECOME I believed it"}
{"tweet_id":841810401918648320,"created_unixtime":1489538214555,"created_time":"Wed Mar 15 00:36:54 +0000 2017","lang":"en","displayname":"Tiffanitaughtya","time_zone":"Central Time (US & Canada)","msg":"My niece makes me so happy"}
{"tweet_id":841810401943777280,"created_unixtime":1489538214561,"created_time":"Wed Mar 15 00:36:54 +0000 2017","lang":"en","displayname":"anidalaa","time_zone":"Pacific Time (US & Canada)","msg":"RT ladydurinx anidalaa Happy Birthday https//tco/zzcRlkhK5U"}
{"tweet_id":841810401939623941,"created_unixtime":1489538214560,"created_time":"Wed Mar 15 00:36:54 +0000 2017","lang":"en","displayname":"celestev24","time_zone":"","msg":"Happy birthday twin💕I hope you had an amazing day😻u are truly one of a kind and Im so lucky to have u in my life💛love u bby jackierice42"}
{"tweet_id":841810402535170049,"created_unixtime":1489538214702,"created_time":"Wed Mar 15 00:36:54 +0000 2017","lang":"en","displayname":"mariasaenzmejia","time_zone":"Eastern Time (US & Canada)","msg":"RT bts_bighit [Episode] HAPPY WHITE DAY FROM BTS 1 https//tco/Kk7XrnfG3x2 https//tco/dUxXeGBvhG"}
{"tweet_id":841810402237390849,"created_unixtime":1489538214631,"created_time":"Wed Mar 15 00:36:54 +0000 2017","lang":"en","displayname":"LaurenFoad","time_zone":"Amsterdam","msg":"RT Stormzy1 Do what makes you happy mate"}
