{"tweet_id":841810823580401664,"created_unixtime":1489538315087,"created_time":"Wed Mar 15 00:38:35 +0000 2017","lang":"en","displayname":"merrinator","time_zone":"Eastern Time (US & Canada)","msg":"RT GameGrumps Happy Birthday Danny https//tco/Qc8I63RkPP"}
{"tweet_id":841810823878201348,"created_unixtime":1489538315158,"created_time":"Wed Mar 15 00:38:35 +0000 2017","lang":"sl","displayname":"KyleNeff12","time_zone":"Arizona","msg":"RT FCBayernUS Happy PiDay from FCBayern π https//tco/JXKv6z95WV"}
{"tweet_id":841810823353929730,"created_unixtime":1489538315033,"created_time":"Wed Mar 15 00:38:35 +0000 2017","lang":"en","displayname":"TedStarkey","time_zone":"Eastern Time (US & Canada)","msg":"Bruce Not happy https//tco/9rZk1MOIRU"}
{"tweet_id":841810822582136833,"created_unixtime":1489538314849,"created_time":"Wed Mar 15 00:38:34 +0000 2017","lang":"en","displayname":"EliElilliot","time_zone":"","msg":"happy dancing crazy celebrate happy dance smosh shimmy crazy dance shayne topp dad dance giphy twitter https//tco/zkHygDurqx"}
{"tweet_id":841810824033374213,"created_unixtime":1489538315195,"created_time":"Wed Mar 15 00:38:35 +0000 2017","lang":"en","displayname":"Mvskoke_Lady","time_zone":"Central Time (US & Canada)","msg":"And now the visit is officially over and I cry with big fat tears rolling down  but am happy to have such https//tco/DFSYBqu7cW"}
{"tweet_id":841810820946362369,"created_unixtime":1489538314459,"created_time":"Wed Mar 15 00:38:34 +0000 2017","lang":"en","displayname":"alliebarke","time_zone":"Arizona","msg":"Happy TuesdayShoesday Shop these guys on the blog https//tco/o3FqiYozKa https//tco/7NAf9P7YAx"}
{"tweet_id":841810824129835008,"created_unixtime":1489538315218,"created_time":"Wed Mar 15 00:38:35 +0000 2017","lang":"en","displayname":"wendy__serrano","time_zone":"","msg":"RT WG6__ Happy birthday wendy__serrano  https//tco/sD1vB3Ucsa"}
{"tweet_id":841810824641540097,"created_unixtime":1489538315340,"created_time":"Wed Mar 15 00:38:35 +0000 2017","lang":"en","displayname":"dave31_sam","time_zone":"Pacific Time (US & Canada)","msg":"RT Frank25980226 EmekaGift happy birthday bro may chukwuokike abiama bless you with more healthy years ahead remain bless iseee"}
{"tweet_id":841810824582815744,"created_unixtime":1489538315326,"created_time":"Wed Mar 15 00:38:35 +0000 2017","lang":"en","displayname":"queen_zekia","time_zone":"","msg":"RT ashley_mccannnn Just want to be genuinely and consistently happy"}
{"tweet_id":841810824700297216,"created_unixtime":1489538315354,"created_time":"Wed Mar 15 00:38:35 +0000 2017","lang":"en","displayname":"DevilryFun","time_zone":"Central Time (US & Canada)","msg":"RT FknNo1 I put on a happy face but inside Im giving the world my middle finger"}
{"tweet_id":841810824884703232,"created_unixtime":1489538315398,"created_time":"Wed Mar 15 00:38:35 +0000 2017","lang":"en","displayname":"GoddessAlexa20","time_zone":"","msg":"RT GoddessAlexa20 It takes only 1 minute to make me happyBuy my Are you Lucky 🍀 clip for 799 on iWantClips… "}
{"tweet_id":841810824880631809,"created_unixtime":1489538315397,"created_time":"Wed Mar 15 00:38:35 +0000 2017","lang":"en","displayname":"tobar_fer","time_zone":"Central Time (US & Canada)","msg":"ColtonLHaynes is gonna get married and its not with me 😩 Im sorry I love you sweetheart ♥️ Im so so so happy for you"}
{"tweet_id":841810824436056070,"created_unixtime":1489538315291,"created_time":"Wed Mar 15 00:38:35 +0000 2017","lang":"en","displayname":"myrahbrn","time_zone":"Pacific Time (US & Canada)","msg":"THIS MAKES ME SAD https//tco/z90ezcO99b"}
{"tweet_id":841810824607932416,"created_unixtime":1489538315332,"created_time":"Wed Mar 15 00:38:35 +0000 2017","lang":"en","displayname":"bry_xe","time_zone":"Pacific Time (US & Canada)","msg":"RT D_Deji28 Do you guys know why he was killed A girl lied that he raped her and her brother shot him dead https//tco/IWDVDZp3rz"}
{"tweet_id":841810824981315585,"created_unixtime":1489538315421,"created_time":"Wed Mar 15 00:38:35 +0000 2017","lang":"en","displayname":"Jessa21509","time_zone":"","msg":"Happy Pi Day happypiday https//tco/zHVfHMtXo1"}
{"tweet_id":841810825367109632,"created_unixtime":1489538315513,"created_time":"Wed Mar 15 00:38:35 +0000 2017","lang":"en","displayname":"ecacrlo","time_zone":"","msg":"so sad they took Bring It On and Dirty Dancing off of netflix 🙄"}
{"tweet_id":841810825073573888,"created_unixtime":1489538315443,"created_time":"Wed Mar 15 00:38:35 +0000 2017","lang":"en","displayname":"lottieAustin","time_zone":"","msg":"RT Stormzy1 Do what makes you happy mate"}
{"tweet_id":841810825740451840,"created_unixtime":1489538315602,"created_time":"Wed Mar 15 00:38:35 +0000 2017","lang":"nl","displayname":"wonderfulcafe","time_zone":"","msg":"infowars SNL is funnier than Alex Jones sad"}
{"tweet_id":841810825602048002,"created_unixtime":1489538315569,"created_time":"Wed Mar 15 00:38:35 +0000 2017","lang":"en","displayname":"diamond_idk","time_zone":"","msg":"RT GirlfriendNotes THIS MAKES MY HEART HAPPY https//tco/IZpkAYkC7I"}
{"tweet_id":841810825660755973,"created_unixtime":1489538315583,"created_time":"Wed Mar 15 00:38:35 +0000 2017","lang":"en","displayname":"blvckhearts_","time_zone":"","msg":"RT PeachMeadows only miserable people are bullys amp thats a fact no one who is happy ever has the urge to bring others down remember t…"}
{"tweet_id":841810825258119168,"created_unixtime":1489538315487,"created_time":"Wed Mar 15 00:38:35 +0000 2017","lang":"en","displayname":"kimberlynguyenx","time_zone":"Central Time (US & Canada)","msg":"YahBenGoHard HAPPY BIRTHDAY Dont pass out this time 🥂🎉"}
{"tweet_id":841810825530732544,"created_unixtime":1489538315552,"created_time":"Wed Mar 15 00:38:35 +0000 2017","lang":"en","displayname":"mindofagenius1","time_zone":"Minsk","msg":"KaitlinWitcher well its over down here so Happy belated Pi day https//tco/VqH5lkfZzf"}
{"tweet_id":841810826289909760,"created_unixtime":1489538315733,"created_time":"Wed Mar 15 00:38:35 +0000 2017","lang":"en","displayname":"yoongislapdog","time_zone":"","msg":"RT bloominflowerss happy birthday to everyones favorite sunshine happyhopeday 홉생일ㅊㅋ https//tco/H3vbVtJTyj"}
{"tweet_id":841810826029850624,"created_unixtime":1489538315671,"created_time":"Wed Mar 15 00:38:35 +0000 2017","lang":"en","displayname":"alexisnnnicole","time_zone":"","msg":"RT kanyefeeI its sad to see a good person change"}
{"tweet_id":841810826415726592,"created_unixtime":1489538315763,"created_time":"Wed Mar 15 00:38:35 +0000 2017","lang":"tl","displayname":"imkumarsandy","time_zone":"","msg":"RT AnushkaSharma Yeh hamari matching skirt dekh rahe hain aap log Maine hi Aamir ji ko gift ki thi Gift se mujhe yaad aaya Happy… "}
{"tweet_id":841810826566615040,"created_unixtime":1489538315799,"created_time":"Wed Mar 15 00:38:35 +0000 2017","lang":"en","displayname":"aliciaghaider","time_zone":"","msg":"RT geraIdriggins if you cant focus on school drop his ass if you cant do the things that make you happy drop his ass"}
{"tweet_id":841810826398973952,"created_unixtime":1489538315759,"created_time":"Wed Mar 15 00:38:35 +0000 2017","lang":"en","displayname":"anahi_okok","time_zone":"","msg":"RT en_jajaja Im not depressed if I pretend Im happy https//tco/fbBMFqc5rV"}
{"tweet_id":841810826487070720,"created_unixtime":1489538315780,"created_time":"Wed Mar 15 00:38:35 +0000 2017","lang":"en","displayname":"elijahsmorris17","time_zone":"Eastern Time (US & Canada)","msg":"RT mtnviewdeca LAST WEEK TO SELL MDA SHAMROCKS 10 at least due by next Monday happy selling everyone 🍀"}
{"tweet_id":841810826503811072,"created_unixtime":1489538315784,"created_time":"Wed Mar 15 00:38:35 +0000 2017","lang":"en","displayname":"xo_jvo","time_zone":"","msg":"RT myahkwright Im so content with my family friends and man Im happy"}
{"tweet_id":841810827023806465,"created_unixtime":1489538315908,"created_time":"Wed Mar 15 00:38:35 +0000 2017","lang":"ja","displayname":"Nekodaifuku0802","time_zone":"","msg":"RT lucklife_info ʕ•͡•ʔHappy Birthdayʕ•͡•ʔ遂にキタ！2017315（水）！ラックライフ 9歳になりましたー！🎂めでたい誕生日にメジャー1st full Album『Life is beautiful』リリースー… "}
{"tweet_id":841810827124576256,"created_unixtime":1489538315932,"created_time":"Wed Mar 15 00:38:35 +0000 2017","lang":"en","displayname":"lanternlitniall","time_zone":"Atlantic Time (Canada)","msg":"today is such a good day i hope everyone is happy amp if not i hope it gets better"}
{"tweet_id":841810827132956672,"created_unixtime":1489538315934,"created_time":"Wed Mar 15 00:38:35 +0000 2017","lang":"en","displayname":"amcox1980","time_zone":"","msg":"RT comermd NancyPelosi The most disillusioned Dem in DC Raising Money for a Disillusioned Al Jazeera Puppet Sad GA06… "}
{"tweet_id":841810826810019840,"created_unixtime":1489538315857,"created_time":"Wed Mar 15 00:38:35 +0000 2017","lang":"en","displayname":"joelsagar0071","time_zone":"","msg":"RT KazeSkyz This stunt by Rachel Maddow is just a sad attempt to beat TuckerCarlson in the ratings  Im not falling for her clickbait…"}
{"tweet_id":841810827296546817,"created_unixtime":1489538315973,"created_time":"Wed Mar 15 00:38:35 +0000 2017","lang":"en","displayname":"Charfair","time_zone":"Quito","msg":"Mrs A W Boone is still alive I am so happy to hear her voice on her voicemail I met her at Rush Memorial near Clark Atlanta U"}
{"tweet_id":841810827611107328,"created_unixtime":1489538316048,"created_time":"Wed Mar 15 00:38:36 +0000 2017","lang":"en","displayname":"Jakeand18086377","time_zone":"","msg":"RT MistressOliviaP Go ahead and buy stuff for me on my new wishlist you know you want mistress to be happy RT4tat2 RTfeet  paypig htt…"}
{"tweet_id":841810827783086081,"created_unixtime":1489538316089,"created_time":"Wed Mar 15 00:38:36 +0000 2017","lang":"en","displayname":"andrebieberlady","time_zone":"Central Time (US & Canada)","msg":"Rock 👊🏽 Paper 👋🏽 Scissors ✌🏽 Happy Birthday Ry Good https//tco/QWGsT1s3Vr https//tco/oGw3QlglgQ"}
{"tweet_id":841810828328357888,"created_unixtime":1489538316219,"created_time":"Wed Mar 15 00:38:36 +0000 2017","lang":"en","displayname":"TaaayBlair","time_zone":"Atlantic Time (Canada)","msg":"Happy birthday ConnConn_ 🍻🍾😛"}
{"tweet_id":841810827963445249,"created_unixtime":1489538316132,"created_time":"Wed Mar 15 00:38:36 +0000 2017","lang":"en","displayname":"chundork","time_zone":"Jakarta","msg":"📷 991204 ♡ happy birthday mina https//tco/UrAQjo4SYh"}
{"tweet_id":841810828798115840,"created_unixtime":1489538316331,"created_time":"Wed Mar 15 00:38:36 +0000 2017","lang":"en","displayname":"omb972NLMB","time_zone":"","msg":"RT HornyFacts So annoying when ppl r like ur always laughing U laugh at everything Its not that funny like OK sorry Im a happy pe…"}
{"tweet_id":841810829855014912,"created_unixtime":1489538316583,"created_time":"Wed Mar 15 00:38:36 +0000 2017","lang":"en","displayname":"yuzutzuyu","time_zone":"","msg":"RT miinghao Please stan them theyre just a bunch of dorks that wants to keep making music and people happy https//tco/KLmhXIv4FT"}
{"tweet_id":841810830073159680,"created_unixtime":1489538316635,"created_time":"Wed Mar 15 00:38:36 +0000 2017","lang":"und","displayname":"njegovaboginja","time_zone":"Amsterdam","msg":"RT njegovaboginja Cale registrovao njegov auto na mene i sad svaki put kad treba nesto da se popravi ili sipa gorivo on ponavlja da to ni…"}
{"tweet_id":841810828424814593,"created_unixtime":1489538316242,"created_time":"Wed Mar 15 00:38:36 +0000 2017","lang":"en","displayname":"OKStateAOII","time_zone":"Quito","msg":"Happy Alpha Omicron Pi Day What better way to celebrate than with pie😋💕😄 https//tco/QWv0Z6zxrR"}
{"tweet_id":841810829997670400,"created_unixtime":1489538316617,"created_time":"Wed Mar 15 00:38:36 +0000 2017","lang":"en","displayname":"jacksonscafe","time_zone":"Central Time (US & Canada)","msg":"chrislhayes SongsofJBrowne wow sad reason 4 a jacksonbrowne song reference on msnbc   SteveKingsRacism   somebodyelsesbabies inners"}
{"tweet_id":841810830190604288,"created_unixtime":1489538316663,"created_time":"Wed Mar 15 00:38:36 +0000 2017","lang":"en","displayname":"haidenkreber","time_zone":"Eastern Time (US & Canada)","msg":"blakescott147 HAPPY 100"}
{"tweet_id":841810830391951360,"created_unixtime":1489538316711,"created_time":"Wed Mar 15 00:38:36 +0000 2017","lang":"en","displayname":"_blgonzalez","time_zone":"","msg":"RT 14_flaherty Not as happy as I seem"}
{"tweet_id":841810830400335874,"created_unixtime":1489538316713,"created_time":"Wed Mar 15 00:38:36 +0000 2017","lang":"en","displayname":"fastylos","time_zone":"","msg":"☏ RINGRING ☏  Is for you Harry_Styles ↲Hi dearwould you like to make happy a little girl today and follow mePlease ❥I Love uX2573"}
{"tweet_id":841810830819639296,"created_unixtime":1489538316813,"created_time":"Wed Mar 15 00:38:36 +0000 2017","lang":"en","displayname":"DrewBJones","time_zone":"Eastern Time (US & Canada)","msg":"RT samkalidi Happy Pi Day https//tco/nrfirnHPXQ"}
{"tweet_id":841810830593261568,"created_unixtime":1489538316759,"created_time":"Wed Mar 15 00:38:36 +0000 2017","lang":"en","displayname":"badgalerica","time_zone":"Lisbon","msg":"RT welcomedudes Happy birthday love ❤ badgalerica https//tco/FxesRFTgGb"}
{"tweet_id":841810831339859968,"created_unixtime":1489538316937,"created_time":"Wed Mar 15 00:38:36 +0000 2017","lang":"en","displayname":"TheScientistTES","time_zone":"","msg":"_Aphmau_ You can never be sad again now"}
{"tweet_id":841810829314002944,"created_unixtime":1489538316454,"created_time":"Wed Mar 15 00:38:36 +0000 2017","lang":"en","displayname":"maddiehayse","time_zone":"","msg":"happy bday to you toooooo😸 love ya💓 https//tco/k66ipQL3Lp"}
{"tweet_id":841810831524413441,"created_unixtime":1489538316981,"created_time":"Wed Mar 15 00:38:36 +0000 2017","lang":"en","displayname":"_kennedyandrews","time_zone":"Pacific Time (US & Canada)","msg":"tweet about me all you want Im happy and thats all that matters"}
{"tweet_id":841810831230816256,"created_unixtime":1489538316911,"created_time":"Wed Mar 15 00:38:36 +0000 2017","lang":"en","displayname":"Selenacelestee","time_zone":"Mountain Time (US & Canada)","msg":"Im so sad"}
{"tweet_id":841810832199581697,"created_unixtime":1489538317142,"created_time":"Wed Mar 15 00:38:37 +0000 2017","lang":"en","displayname":"Marykinglive","time_zone":"Pacific Time (US & Canada)","msg":"RT katefeetie Growing up heavy it was definitely my favorite thing that half of all ads are skinny people saying Im so happy Im not g…"}
{"tweet_id":841810831570538497,"created_unixtime":1489538316992,"created_time":"Wed Mar 15 00:38:36 +0000 2017","lang":"en","displayname":"Badger3k","time_zone":"Eastern Time (US & Canada)","msg":"RT rdfrs Happy Pi Day Enjoy some free math games https//tco/xcBtEZ4ZD2 https//tco/eNViqaBMZP"}
{"tweet_id":841810831927083008,"created_unixtime":1489538317077,"created_time":"Wed Mar 15 00:38:37 +0000 2017","lang":"en","displayname":"iHeenaSaleem","time_zone":"Casablanca","msg":"Happy Birthday to my favourite Khan HappyBirthdayAamirKhan https//tco/dEq7BQeVv3"}
{"tweet_id":841810832853884928,"created_unixtime":1489538317298,"created_time":"Wed Mar 15 00:38:37 +0000 2017","lang":"en","displayname":"jkmdiaz_","time_zone":"Beijing","msg":"StephenCurry30 Happy Birthday  🎈🎉🎂"}
{"tweet_id":841810832065495041,"created_unixtime":1489538317110,"created_time":"Wed Mar 15 00:38:37 +0000 2017","lang":"en","displayname":"pfanderson","time_zone":"Eastern Time (US & Canada)","msg":"RT RasuShrestha Happy PiDay Did you know that I prefer pi is a palindromehcldr SXSW https//tco/rVj3PQ2hrt"}
{"tweet_id":841810832912744448,"created_unixtime":1489538317312,"created_time":"Wed Mar 15 00:38:37 +0000 2017","lang":"en","displayname":"vivajosiah","time_zone":"Central Time (US & Canada)","msg":"RT lancegould Currently looking like well get 314 feet of snow this Snow DayPiDay StellaBlizzard Happy Pi"}
{"tweet_id":841810832816275457,"created_unixtime":1489538317289,"created_time":"Wed Mar 15 00:38:37 +0000 2017","lang":"en","displayname":"Marcel_OTW","time_zone":"Pacific Time (US & Canada)","msg":"THIS 👇🏾 https//tco/FL3lGeiuE1"}
{"tweet_id":841810833000828928,"created_unixtime":1489538317333,"created_time":"Wed Mar 15 00:38:37 +0000 2017","lang":"en","displayname":"332705a009ec42a","time_zone":"","msg":"MTVBelgium PBandJenelley_1 3 kids 3 different baby daddiessad"}
{"tweet_id":841810833181143041,"created_unixtime":1489538317376,"created_time":"Wed Mar 15 00:38:37 +0000 2017","lang":"en","displayname":"Rendy21","time_zone":"Eastern Time (US & Canada)","msg":"RT donnabrazile RT if you think GOP’s plan to kick 24 million off their health coverage is despicable Trump promised everyone would have…"}
{"tweet_id":841810833323765760,"created_unixtime":1489538317410,"created_time":"Wed Mar 15 00:38:37 +0000 2017","lang":"en","displayname":"blazedhoseok","time_zone":"Pacific Time (US & Canada)","msg":"RT relatablerapmon NamjoonKnowledge You were born as a hero why are you trying to become a slave  RAPMONSTER  Do YouIts sad…"}
{"tweet_id":841810832950480896,"created_unixtime":1489538317321,"created_time":"Wed Mar 15 00:38:37 +0000 2017","lang":"en","displayname":"talyhaxo","time_zone":"Quito","msg":"im so happy lol"}
{"tweet_id":841810833910964229,"created_unixtime":1489538317550,"created_time":"Wed Mar 15 00:38:37 +0000 2017","lang":"en","displayname":"isaiah_jenner","time_zone":"Pacific Time (US & Canada)","msg":"RT ILLUMlNATI Just be happy Be who you wanna be If others dont like it then let them be Happiness is a choice Life isnt about plea…"}
{"tweet_id":841810833902567426,"created_unixtime":1489538317548,"created_time":"Wed Mar 15 00:38:37 +0000 2017","lang":"en","displayname":"KateMiller57","time_zone":"","msg":"RT RWPUSA Another White House ethics complaint from our team at CREW  Sad https//tco/jm2kvIUMhH"}
{"tweet_id":841810834007445504,"created_unixtime":1489538317573,"created_time":"Wed Mar 15 00:38:37 +0000 2017","lang":"en","displayname":"LexxgotS0LE","time_zone":"Central Time (US & Canada)","msg":"RT JustAGirIThing Someone When was the last time u were truly happy Me https//tco/YTSjNOreRU"}
{"tweet_id":841810834674266112,"created_unixtime":1489538317732,"created_time":"Wed Mar 15 00:38:37 +0000 2017","lang":"en","displayname":"EternalYawn","time_zone":"Sydney","msg":"Didn’t realise Catastrophe is back Will be sad to watch the last thing Carrie Fisher did She was so good in the show too"}
{"tweet_id":841810834787463168,"created_unixtime":1489538317759,"created_time":"Wed Mar 15 00:38:37 +0000 2017","lang":"en","displayname":"toddmal","time_zone":"Pacific Time (US & Canada)","msg":"IfIHadSpringBreak  Id be in Tulum Surf sun sand and cervezas My happy place 🌊🌞🌴🍺"}
{"tweet_id":841810834913402881,"created_unixtime":1489538317789,"created_time":"Wed Mar 15 00:38:37 +0000 2017","lang":"en","displayname":"kelseyyamarall","time_zone":"","msg":"RT Cyn_Santana Hmmm think I wanna eat ice cream watch sad movies and cry all night Send those movies in guys ☺"}
{"tweet_id":841810833994846209,"created_unixtime":1489538317570,"created_time":"Wed Mar 15 00:38:37 +0000 2017","lang":"en","displayname":"Jessica86952326","time_zone":"","msg":"Hayyy find new girl and be happy  https//tco/CaYJ3Pm9QF https//tco/fF30vZRHXY"}
{"tweet_id":841810835265716224,"created_unixtime":1489538317873,"created_time":"Wed Mar 15 00:38:37 +0000 2017","lang":"en","displayname":"caminah_alren","time_zone":"Pacific Time (US & Canada)","msg":"RT naneaxb Hey CamilaYou changed my life😊You make me happy😀Please follow me little flowerEu te amo💕 camilacabello97 https//tco/a…"}
{"tweet_id":841810835420942336,"created_unixtime":1489538317910,"created_time":"Wed Mar 15 00:38:37 +0000 2017","lang":"en","displayname":"freyaheart","time_zone":"America/New_York","msg":"RT _Snape_ Happy PiDay https//tco/cI8NnnwW7o"}
{"tweet_id":841810835760644096,"created_unixtime":1489538317991,"created_time":"Wed Mar 15 00:38:37 +0000 2017","lang":"en","displayname":"jrepplinger5","time_zone":"","msg":"RT KimRoach5 Stopped at my local MarianosMarket amp picked up an apple pie for 314 to celebrate today  Happy Pi day everyon… "}
{"tweet_id":841810835655823360,"created_unixtime":1489538317966,"created_time":"Wed Mar 15 00:38:37 +0000 2017","lang":"es","displayname":"cuentistico","time_zone":"Lima","msg":"RT conciertosperu Mira aquí los horarios del festival que tendrá a SublimeWithRome caribouband bombaestereo y más ↓ https//tco/IbH…"}
{"tweet_id":841810835668389888,"created_unixtime":1489538317969,"created_time":"Wed Mar 15 00:38:37 +0000 2017","lang":"en","displayname":"nicolerussell21","time_zone":"Eastern Time (US & Canada)","msg":"Its amazing how something can make you so happy one day and the next day leaves you second guessing everything"}
{"tweet_id":841810835940995072,"created_unixtime":1489538318034,"created_time":"Wed Mar 15 00:38:38 +0000 2017","lang":"en","displayname":"anidalaa","time_zone":"Pacific Time (US & Canada)","msg":"Aww thank you Thomas💕 https//tco/NSQUj74o2p"}
{"tweet_id":841810836368814080,"created_unixtime":1489538318136,"created_time":"Wed Mar 15 00:38:38 +0000 2017","lang":"en","displayname":"hoesoverbrxs","time_zone":"","msg":"RT DEloveisundead Lowkey happy they didnt film the DE proposalKevin would write something cheesy like will you be my epic wife or s…"}
{"tweet_id":841810836247187456,"created_unixtime":1489538318107,"created_time":"Wed Mar 15 00:38:38 +0000 2017","lang":"en","displayname":"AydenMommmy","time_zone":"","msg":"Really Im happy for you but mad cas your always w him 😭 but thats how I use to be so 🤷‍♀️🤦‍♀️ https//tco/SKiSRZYzpz"}
{"tweet_id":841810837241180160,"created_unixtime":1489538318344,"created_time":"Wed Mar 15 00:38:38 +0000 2017","lang":"en","displayname":"BADFlSH","time_zone":"Arizona","msg":"RT BADFlSH when u smoke but u always sad https//tco/lTcNnN8rpI"}
{"tweet_id":841810837257904128,"created_unixtime":1489538318348,"created_time":"Wed Mar 15 00:38:38 +0000 2017","lang":"tl","displayname":"qaelbabe","time_zone":"","msg":"RT MaichardManila kayo na kayo na talaga ang HAPPY BANANAS 😂😂😂  pati saging destiny rin 😂😂🍌🍌🍌🍌aldenrichards02 mainedcm… "}
{"tweet_id":841810837027315712,"created_unixtime":1489538318293,"created_time":"Wed Mar 15 00:38:38 +0000 2017","lang":"en","displayname":"Kydee_McNeil","time_zone":"","msg":"RT MrsLeiAllen Happy females aint hatin and hatin females aint happy 👌🏽"}
{"tweet_id":841810837635452928,"created_unixtime":1489538318438,"created_time":"Wed Mar 15 00:38:38 +0000 2017","lang":"en","displayname":"Mrsklgarcia","time_zone":"","msg":"RT EdDennis1 Met many amazing students tonight as we hosted 4 US Senators in support of CTE  happy to be able to support… "}
{"tweet_id":841810837501272070,"created_unixtime":1489538318406,"created_time":"Wed Mar 15 00:38:38 +0000 2017","lang":"en","displayname":"harmovote270","time_zone":"","msg":"RT 5HVotingStats Scared Of Happy FifthHarmony YouKnowYouLoveThem radiodisney"}
{"tweet_id":841810837840920576,"created_unixtime":1489538318487,"created_time":"Wed Mar 15 00:38:38 +0000 2017","lang":"en","displayname":"Faerie_Dragon","time_zone":"Arizona","msg":"RT alexandraerin You can abate this sadness by taking a moment to quietly ask yourselfWhy is it even necessary that I1 Sa… "}
{"tweet_id":841810837232791552,"created_unixtime":1489538318342,"created_time":"Wed Mar 15 00:38:38 +0000 2017","lang":"en","displayname":"Takkukasityot","time_zone":"","msg":"Happy white day https//tco/Us3eCCA2kQ"}
{"tweet_id":841810838138703874,"created_unixtime":1489538318558,"created_time":"Wed Mar 15 00:38:38 +0000 2017","lang":"en","displayname":"amandaxvillegas","time_zone":"Pacific Time (US & Canada)","msg":"analisamankilla bc you sad you aint with me"}
{"tweet_id":841810838071738368,"created_unixtime":1489538318542,"created_time":"Wed Mar 15 00:38:38 +0000 2017","lang":"en","displayname":"bosborne17","time_zone":"Eastern Time (US & Canada)","msg":"RT Peter_M_Walsh Happy for my guy chibbs_1 https//tco/fxNbP9ZuPz"}
{"tweet_id":841810838356922369,"created_unixtime":1489538318610,"created_time":"Wed Mar 15 00:38:38 +0000 2017","lang":"en","displayname":"FromDowdyToYou_","time_zone":"Eastern Time (US & Canada)","msg":"RT StarLifeNick proud you bro told u it a happen great sad i ain there but bigger things to come FromDowdyToYou_"}
{"tweet_id":841810838436495360,"created_unixtime":1489538318629,"created_time":"Wed Mar 15 00:38:38 +0000 2017","lang":"en","displayname":"itsriyuh","time_zone":"Pacific Time (US & Canada)","msg":"a_coconutcrab Happy happy birthday Ash 🎈I hope you have an amazing one 😘 Love amp miss you ❤"}
{"tweet_id":841810838604398593,"created_unixtime":1489538318669,"created_time":"Wed Mar 15 00:38:38 +0000 2017","lang":"en","displayname":"l8dyice85","time_zone":"Atlantic Time (Canada)","msg":"Happy belated birthday to the wonderful dani_pitter Best to you always bb"}
{"tweet_id":841810838856048640,"created_unixtime":1489538318729,"created_time":"Wed Mar 15 00:38:38 +0000 2017","lang":"en","displayname":"heyyyitsjuli","time_zone":"","msg":"RT preaching my main focus is to better myself be successful and be happy so if you arent contributing to that then i dont need you i…"}
{"tweet_id":841810838734401536,"created_unixtime":1489538318700,"created_time":"Wed Mar 15 00:38:38 +0000 2017","lang":"en","displayname":"thetriggerqueen","time_zone":"","msg":"😭 this is not okay Theorossi https//tco/5DcWj257ZF"}
{"tweet_id":841810839149637635,"created_unixtime":1489538318799,"created_time":"Wed Mar 15 00:38:38 +0000 2017","lang":"en","displayname":"_ShameriaLewis","time_zone":"","msg":"my child is in his own room sleeping for the first time im so happy😊 now i can relax and have a drink"}
{"tweet_id":841810839061594112,"created_unixtime":1489538318778,"created_time":"Wed Mar 15 00:38:38 +0000 2017","lang":"en","displayname":"laceelovesyou","time_zone":"","msg":"RT Shashakay_ just be happy everything happens for a reason ✨"}
{"tweet_id":841810839531274240,"created_unixtime":1489538318890,"created_time":"Wed Mar 15 00:38:38 +0000 2017","lang":"en","displayname":"LauraRoseHilger","time_zone":"Central Time (US & Canada)","msg":"Im already getting very sad at the thought of leaving Australia I still have 4 months but I never want to leave"}
{"tweet_id":841810839623495680,"created_unixtime":1489538318912,"created_time":"Wed Mar 15 00:38:38 +0000 2017","lang":"en","displayname":"OxnardSmoots","time_zone":"","msg":"RT JustinTrudeau Happy PiDay Our government is committed to supporting science amp innovation for a stronger Canada And pie for a tasti…"}
{"tweet_id":841810839279673344,"created_unixtime":1489538318830,"created_time":"Wed Mar 15 00:38:38 +0000 2017","lang":"und","displayname":"KindEggplant","time_zone":"Pacific Time (US & Canada)","msg":"RT vxrbxl happy π day🍴💖 https//tco/HzFW5nCfiA"}
{"tweet_id":841810839300653056,"created_unixtime":1489538318835,"created_time":"Wed Mar 15 00:38:38 +0000 2017","lang":"en","displayname":"TaylorDunn4","time_zone":"","msg":"RT katiemackiee Its a sad truth that caring too much about someone will always leave you empty handed"}
{"tweet_id":841810839787212805,"created_unixtime":1489538318951,"created_time":"Wed Mar 15 00:38:38 +0000 2017","lang":"en","displayname":"cburesearch","time_zone":"Santiago","msg":"RT cbuniversity Its PiDay which also happens to be Albert Einsteins birthday Happy 314 everyone  https//tco/hvHTGxvMWg"}
{"tweet_id":841810838973501445,"created_unixtime":1489538318757,"created_time":"Wed Mar 15 00:38:38 +0000 2017","lang":"en","displayname":"SurfersRoom","time_zone":"Athens","msg":"RT RannveigInga FiaFiadiach happy day to you too https//tco/he7nMDQfW7"}
{"tweet_id":841810840034590720,"created_unixtime":1489538319010,"created_time":"Wed Mar 15 00:38:39 +0000 2017","lang":"en","displayname":"Jackgilbertson_","time_zone":"","msg":"cfisher_6 happy birthday fish love you buddy❤"}
{"tweet_id":841810839858475008,"created_unixtime":1489538318968,"created_time":"Wed Mar 15 00:38:38 +0000 2017","lang":"en","displayname":"novemberxvii__","time_zone":"","msg":"RT Cyn_Santana Hmmm think I wanna eat ice cream watch sad movies and cry all night Send those movies in guys ☺"}
{"tweet_id":841810839648796672,"created_unixtime":1489538318918,"created_time":"Wed Mar 15 00:38:38 +0000 2017","lang":"en","displayname":"blurrybf","time_zone":"","msg":"RT piercespears Someone When was the last time u were happyMe https//tco/LXxjOwGzXh"}
{"tweet_id":841810840277946368,"created_unixtime":1489538319068,"created_time":"Wed Mar 15 00:38:39 +0000 2017","lang":"en","displayname":"GreysonBenard","time_zone":"","msg":"RT starrrrr13 happy birthday GreysonBenard hope you have had a great day"}
{"tweet_id":841810840437325824,"created_unixtime":1489538319106,"created_time":"Wed Mar 15 00:38:39 +0000 2017","lang":"en","displayname":"ApothecaryJeri","time_zone":"Central Time (US & Canada)","msg":"RT AwardsDaily All Bernie bros should read Nixonland Know your history Know what trap you are walking into Its so sad to see it all r…"}
{"tweet_id":841810841708187648,"created_unixtime":1489538319409,"created_time":"Wed Mar 15 00:38:39 +0000 2017","lang":"en","displayname":"tummelisa221","time_zone":"","msg":"RT CloydRivers Some kid told me Happy Pi Day Dropkicked his calculator and said America is the land of thick thighs and apple pies 17…"}
{"tweet_id":841810842685337600,"created_unixtime":1489538319642,"created_time":"Wed Mar 15 00:38:39 +0000 2017","lang":"en","displayname":"TheFostersTV","time_zone":"Atlantic Time (Canada)","msg":"RT dani_pitter These poor kids have no guidance at home to come out to their parents Awwww sad  TheFosters"}
{"tweet_id":841810842760937473,"created_unixtime":1489538319660,"created_time":"Wed Mar 15 00:38:39 +0000 2017","lang":"und","displayname":"imn0good","time_zone":"Pacific Time (US & Canada)","msg":"Sad"}
{"tweet_id":841810844061130752,"created_unixtime":1489538319970,"created_time":"Wed Mar 15 00:38:39 +0000 2017","lang":"ja","displayname":"koikoi_kakeru12","time_zone":"Pacific Time (US & Canada)","msg":"RT tsukiuta1 ☆Happy White Day①☆始「いつも応援ありがとう」春「俺たちから胸いっぱいの愛と感謝を♪」※DLOK※壁紙などマナーを守って使ってくださいね https//tco/SEVeCueeuP"}
{"tweet_id":841810843440451585,"created_unixtime":1489538319822,"created_time":"Wed Mar 15 00:38:39 +0000 2017","lang":"en","displayname":"Lyrically_Leo","time_zone":"Quito","msg":"I thought about this today itsgreeeeeyy ✊🏾 https//tco/ANF7llTqgW"}
{"tweet_id":841810844036026368,"created_unixtime":1489538319964,"created_time":"Wed Mar 15 00:38:39 +0000 2017","lang":"en","displayname":"codysanto11","time_zone":"","msg":"justindebortoli happy bday debo"}
{"tweet_id":841810844027633664,"created_unixtime":1489538319962,"created_time":"Wed Mar 15 00:38:39 +0000 2017","lang":"en","displayname":"xdisenchantd","time_zone":"Pacific Time (US & Canada)","msg":"RT hidden saying im tired when youre actually sad"}
{"tweet_id":841810844329562113,"created_unixtime":1489538320034,"created_time":"Wed Mar 15 00:38:40 +0000 2017","lang":"en","displayname":"mhmddanialhafiz","time_zone":"","msg":"RT FlyFM958 Its all about the women today Happy InternationalWomensDay from themaggywang https//tco/w0Kejb8vFe"}
{"tweet_id":841810843390087169,"created_unixtime":1489538319810,"created_time":"Wed Mar 15 00:38:39 +0000 2017","lang":"en","displayname":"ImanMalek19","time_zone":"Eastern Time (US & Canada)","msg":"froynextdoor how happy Ill be if you DM me https//tco/oyANEL54HU"}
{"tweet_id":841810844119904256,"created_unixtime":1489538319984,"created_time":"Wed Mar 15 00:38:39 +0000 2017","lang":"en","displayname":"___sadeeee","time_zone":"","msg":"RT briannaa_ariel gaining happy weight slim thick here i come"}
{"tweet_id":841810843784245248,"created_unixtime":1489538319904,"created_time":"Wed Mar 15 00:38:39 +0000 2017","lang":"en","displayname":"lhmrsnz","time_zone":"","msg":"Happy Birthday Marcus 😘 Enjoy your day and please take care of yourself I miss you see you soon We love you so… https//tco/ZQ2jrMo2D0"}
{"tweet_id":841810843641774081,"created_unixtime":1489538319870,"created_time":"Wed Mar 15 00:38:39 +0000 2017","lang":"en","displayname":"BreezyStewart1","time_zone":"","msg":"RT AnimalsOnIy look how happy dad is https//tco/gxfHZ1hnzK"}
{"tweet_id":841810844543549440,"created_unixtime":1489538320085,"created_time":"Wed Mar 15 00:38:40 +0000 2017","lang":"en","displayname":"Vegesunshine","time_zone":"Tokyo","msg":"RT connectionlab_ Happy PiDay https//tco/k5gmow6o8B"}
{"tweet_id":841810848825913345,"created_unixtime":1489538321106,"created_time":"Wed Mar 15 00:38:41 +0000 2017","lang":"en","displayname":"S_houlahan","time_zone":"","msg":"RT richthekid Focus on what makes you happy"}
{"tweet_id":841810844589604864,"created_unixtime":1489538320096,"created_time":"Wed Mar 15 00:38:40 +0000 2017","lang":"tl","displayname":"ganoin1105","time_zone":"","msg":"RT MaichardManila kayo na kayo na talaga ang HAPPY BANANAS 😂😂😂  pati saging destiny rin 😂😂🍌🍌🍌🍌aldenrichards02 mainedcm… "}
{"tweet_id":841810844572876802,"created_unixtime":1489538320092,"created_time":"Wed Mar 15 00:38:40 +0000 2017","lang":"en","displayname":"MrSeanMSweeney","time_zone":"Atlantic Time (Canada)","msg":"RT GilletteStadium Happy Pi DayPiDay π πDay https//tco/u0zd0mlI8v"}
{"tweet_id":841810844799401985,"created_unixtime":1489538320146,"created_time":"Wed Mar 15 00:38:40 +0000 2017","lang":"en","displayname":"AVirus17","time_zone":"Pacific Time (US & Canada)","msg":"fpskrystal Same Dont eat GAIN ALL THE WEIGHT Sad Makes no sense but HERE WE FUCKING GO"}
{"tweet_id":841810844786778112,"created_unixtime":1489538320143,"created_time":"Wed Mar 15 00:38:40 +0000 2017","lang":"en","displayname":"anidalaa","time_zone":"Pacific Time (US & Canada)","msg":"RT ThomasStorai anidalaa Happy birthday https//tco/vIuiKO6DDp"}
{"tweet_id":841810844623216640,"created_unixtime":1489538320104,"created_time":"Wed Mar 15 00:38:40 +0000 2017","lang":"en","displayname":"twerkingmango","time_zone":"Pacific Time (US & Canada)","msg":"RT funnyordie Happy International Womens Day DaRealAmberRose takes the Walk Of No Shame after a night out https//tco/RejnnJYk2J"}
{"tweet_id":841810845105508354,"created_unixtime":1489538320219,"created_time":"Wed Mar 15 00:38:40 +0000 2017","lang":"ja","displayname":"Syaru_amaterasu","time_zone":"","msg":"RT ToHeart2next Happy Birthdayなのは誕生日おめでとう≧∇≦/Reflectionメッチャクチャ楽しみだァー早く見たい＼o／全力全開で公開を待っているぞง°̀ﾛ°́ง高町なのは生誕祭2017… "}
{"tweet_id":841810845176848384,"created_unixtime":1489538320236,"created_time":"Wed Mar 15 00:38:40 +0000 2017","lang":"en","displayname":"ACTIndivisible","time_zone":"Central Time (US & Canada)","msg":"RT robinthede Really Some are disappointed that maddow only has 2005 Like you would only be happy w/ 20 yrs of indepth tax analysis…"}
{"tweet_id":841810845831110656,"created_unixtime":1489538320392,"created_time":"Wed Mar 15 00:38:40 +0000 2017","lang":"en","displayname":"undercoverbun","time_zone":"Krasnoyarsk","msg":"RT minzeoc da only ugly thing on this account is the fact that petty fandom feuds over KPOP MUSIC have compelled u to attack s… "}
{"tweet_id":841810846032490496,"created_unixtime":1489538320440,"created_time":"Wed Mar 15 00:38:40 +0000 2017","lang":"en","displayname":"nomaniheart","time_zone":"","msg":"RT 5HVotingStats Scared Of Happy FifthHarmony YouKnowYouLoveThem radiodisney"}
{"tweet_id":841810846112075776,"created_unixtime":1489538320459,"created_time":"Wed Mar 15 00:38:40 +0000 2017","lang":"en","displayname":"People4Bernie","time_zone":"Eastern Time (US & Canada)","msg":"RT RoseAnnDeMoro Happy Pi Day PiDay resist https//tco/WtRwHPsSL2"}
{"tweet_id":841810846112178180,"created_unixtime":1489538320459,"created_time":"Wed Mar 15 00:38:40 +0000 2017","lang":"en","displayname":"yad___","time_zone":"Quito","msg":"RT tammyrich_ The littlest shit makes me so happy I swear"}
{"tweet_id":841810846028300288,"created_unixtime":1489538320439,"created_time":"Wed Mar 15 00:38:40 +0000 2017","lang":"en","displayname":"0XVII","time_zone":"Eastern Time (US & Canada)","msg":"this makes me happy 😍😍 https//tco/bjhAT7GYFL"}
{"tweet_id":841810845822787589,"created_unixtime":1489538320390,"created_time":"Wed Mar 15 00:38:40 +0000 2017","lang":"en","displayname":"Maize_blue75","time_zone":"Eastern Time (US & Canada)","msg":"Happy I started listening to Kyle before he got bigger"}
{"tweet_id":841810846716063745,"created_unixtime":1489538320603,"created_time":"Wed Mar 15 00:38:40 +0000 2017","lang":"en","displayname":"ArcXi","time_zone":"","msg":"RT bwecht Happy Birthday to a guy that forever changed my life Dan Avidan Audrey amp I recorded a little message to celebrate https//t…"}
{"tweet_id":841810846401585153,"created_unixtime":1489538320528,"created_time":"Wed Mar 15 00:38:40 +0000 2017","lang":"en","displayname":"Kylaaaa_k","time_zone":"","msg":"RT mikahh_alannaa I dont remember the last time ive been this happy ALL glory to GOD this is the biggest blessing I could EVER as… "}
{"tweet_id":841810846955143168,"created_unixtime":1489538320660,"created_time":"Wed Mar 15 00:38:40 +0000 2017","lang":"ko","displayname":"EUNWOxO","time_zone":"Hawaii","msg":"RT offclASTRO Happy birthday to you~ 진진형 22번째 생일을진심으로 축하해요🎉🎉 착하고 장난도 잘받아주고 리더쉽있는ㅎㅎ진진형 귀염댕이 아스트로 잘부탁드려요생일선물 나 HappyJINJINDay https//…"}
{"tweet_id":841810847139799043,"created_unixtime":1489538320704,"created_time":"Wed Mar 15 00:38:40 +0000 2017","lang":"en","displayname":"KatelynmKiser","time_zone":"","msg":"RT kanyefeeI its sad to see a good person change"}
{"tweet_id":841810847026536452,"created_unixtime":1489538320677,"created_time":"Wed Mar 15 00:38:40 +0000 2017","lang":"tl","displayname":"nabilahmokhtarr","time_zone":"Pacific Time (US & Canada)","msg":"FarieeshaIzzati HAPPY BIRTHDAYYY FESYA GEDIK HAHAHAH JKJK GUDLUCK ESOKK 😂😂"}
{"tweet_id":841810847248842753,"created_unixtime":1489538320730,"created_time":"Wed Mar 15 00:38:40 +0000 2017","lang":"en","displayname":"Taaassshhaa","time_zone":"Eastern Time (US & Canada)","msg":"RT cityt0city happy mind happy life"}
{"tweet_id":841810847865303040,"created_unixtime":1489538320877,"created_time":"Wed Mar 15 00:38:40 +0000 2017","lang":"en","displayname":"Jiji9491","time_zone":"Beijing","msg":"When you have everything that you wanted and still youre not that happy Its feel like theres an empty spotThen its time to get marriedno"}
{"tweet_id":841810846896525313,"created_unixtime":1489538320646,"created_time":"Wed Mar 15 00:38:40 +0000 2017","lang":"en","displayname":"john1gun","time_zone":"Central Time (US & Canada)","msg":"HowardK_Plop Sting used to rail on destruction of the rain forest He should be happy more CO2 more vegitation"}
{"tweet_id":841810847592771584,"created_unixtime":1489538320812,"created_time":"Wed Mar 15 00:38:40 +0000 2017","lang":"en","displayname":"Sammmmie357","time_zone":"","msg":"Im honestly soooooo happy I got to throw pie on krem today Probably the best day of my life"}
{"tweet_id":841810847668219906,"created_unixtime":1489538320830,"created_time":"Wed Mar 15 00:38:40 +0000 2017","lang":"en","displayname":"indigowr5","time_zone":"","msg":"RT lucyliciousmith Edward So happy to be here MBMayWard"}
{"tweet_id":841810847844376576,"created_unixtime":1489538320872,"created_time":"Wed Mar 15 00:38:40 +0000 2017","lang":"en","displayname":"RiteWithHeart","time_zone":"Pacific Time (US & Canada)","msg":"sdv92 PatriotGinger2 Yesit is very sad But its those like you  who on a wing and many prayers will help a… https//tco/lJojJRP9Oj"}
{"tweet_id":841810848142184456,"created_unixtime":1489538320943,"created_time":"Wed Mar 15 00:38:40 +0000 2017","lang":"th","displayname":"Pang_Goa","time_zone":"","msg":"RT 158notshort Sunny is Happy pillชอบอันนี้ กำลังเก็กสวยกันอยู่แล้วพอซันนี่เริ่มหลุดหัวเราะ ก็ขำกันหมดเหมือนโรคติดต่อ https//tco/XaMs…"}
{"tweet_id":841810848456695808,"created_unixtime":1489538321018,"created_time":"Wed Mar 15 00:38:41 +0000 2017","lang":"en","displayname":"maichard161","time_zone":"","msg":"RT aim0519 Being happy comes from within😍 HappyWednesbaeEveryJuan🤗ilybibi mainedcm 💛ALDUBxDTBYTugOfHearts https//tco/aZIemeJayo"}
{"tweet_id":841810848012214272,"created_unixtime":1489538320912,"created_time":"Wed Mar 15 00:38:40 +0000 2017","lang":"en","displayname":"NevarezJaz","time_zone":"Eastern Time (US & Canada)","msg":"RT _tiffanycuellar NevarezJaz happy birthday jaz  💘💘🎉🎈"}
{"tweet_id":841810848783908864,"created_unixtime":1489538321096,"created_time":"Wed Mar 15 00:38:41 +0000 2017","lang":"en","displayname":"nathalienorris","time_zone":"","msg":"Couldnt bring myself to be quite nerdy enough to draw a pi symbol through it but happy pi day… https//tco/8vQw3ZBQgX"}
{"tweet_id":841810848607834113,"created_unixtime":1489538321054,"created_time":"Wed Mar 15 00:38:41 +0000 2017","lang":"en","displayname":"_hayleyparker","time_zone":"","msg":"_nabeelrahman happy birthday nab have a good day xxxx"}
{"tweet_id":841810848549076993,"created_unixtime":1489538321040,"created_time":"Wed Mar 15 00:38:41 +0000 2017","lang":"en","displayname":"alexanderbrown","time_zone":"","msg":"Happy bday homie ava_salmaci"}
{"tweet_id":841810848918122498,"created_unixtime":1489538321128,"created_time":"Wed Mar 15 00:38:41 +0000 2017","lang":"en","displayname":"aarathiprasad","time_zone":"","msg":"Sad that our calendar wont allow us a UK Pi day I guess at the very least well always have May the forth https//tco/pnbfAu0UyH"}
{"tweet_id":841810848951730176,"created_unixtime":1489538321136,"created_time":"Wed Mar 15 00:38:41 +0000 2017","lang":"en","displayname":"sierraschempp","time_zone":"Atlantic Time (Canada)","msg":"Kyrie is such a happy man I love it"}
{"tweet_id":841810849312452614,"created_unixtime":1489538321222,"created_time":"Wed Mar 15 00:38:41 +0000 2017","lang":"en","displayname":"mariahcobble","time_zone":"Eastern Time (US & Canada)","msg":"RT sobbed i hate getting so sad to the point where my body completely shuts down and all i can do is just lay there and think about all…"}
{"tweet_id":841810849174024193,"created_unixtime":1489538321189,"created_time":"Wed Mar 15 00:38:41 +0000 2017","lang":"en","displayname":"HunterJordan13","time_zone":"Eastern Time (US & Canada)","msg":"Happy happy happy 😇☺️😍"}
{"tweet_id":841810849845108736,"created_unixtime":1489538321349,"created_time":"Wed Mar 15 00:38:41 +0000 2017","lang":"en","displayname":"zoe_bearx","time_zone":"Amsterdam","msg":"I will be so happy when I get a house and a puppy"}
{"tweet_id":841810849803194369,"created_unixtime":1489538321339,"created_time":"Wed Mar 15 00:38:41 +0000 2017","lang":"en","displayname":"cisdude","time_zone":"Pacific Time (US & Canada)","msg":"am so sad lad"}
{"tweet_id":841810850113568768,"created_unixtime":1489538321413,"created_time":"Wed Mar 15 00:38:41 +0000 2017","lang":"en","displayname":"Unifor195Women","time_zone":"","msg":"RT PattyHajdu Happy to join female Canadian labour leaders for a constructive conversation on women in the workforce csw61… "}
{"tweet_id":841810849970831360,"created_unixtime":1489538321379,"created_time":"Wed Mar 15 00:38:41 +0000 2017","lang":"tl","displayname":"AbellaGida","time_zone":"","msg":"Good Morning EsguerraTommy Miho55Nishida and aimid pa dn ako maka get overnangingiti happy sa inyoLLWaves https//tco/5U1sOxRe5z"}
{"tweet_id":841810849849196545,"created_unixtime":1489538321350,"created_time":"Wed Mar 15 00:38:41 +0000 2017","lang":"ja","displayname":"mizumizu2525","time_zone":"Tokyo","msg":"在宅で副業♪プチリッチ生活でハッピー！https//tco/RJKWpT3NFs  hukugyouzaitakuhappy"}
{"tweet_id":841810850339991552,"created_unixtime":1489538321467,"created_time":"Wed Mar 15 00:38:41 +0000 2017","lang":"pt","displayname":"GladisL_garcia","time_zone":"","msg":"RT ajudaravotar A gente não consegue ganhar nem em uma enquete feeling sad ONED SQUAD SteveAoki amp LouisTomlinson “Just Hold On”… "}
{"tweet_id":841810851325739012,"created_unixtime":1489538321702,"created_time":"Wed Mar 15 00:38:41 +0000 2017","lang":"en","displayname":"sugarandsoulco","time_zone":"Pacific Time (US & Canada)","msg":"RT aliyahbrody Happy StPatricksDay linky with TurnItUpTuesday bloggers join us https//tco/qBPXj9YM8r LovingBlogs… "}
{"tweet_id":841810851879366656,"created_unixtime":1489538321834,"created_time":"Wed Mar 15 00:38:41 +0000 2017","lang":"en","displayname":"Xochitltovar16","time_zone":"","msg":"RT EthanDolan happy tuesday todays vid is gonna be super different 😬"}
{"tweet_id":841810851606736896,"created_unixtime":1489538321769,"created_time":"Wed Mar 15 00:38:41 +0000 2017","lang":"tl","displayname":"wxckerybridge","time_zone":"","msg":"RT delenaerys HAHAHAHAHAHAHAHAH OH MY GOD https//tco/rAvrZrG6h5"}
{"tweet_id":841810851984113665,"created_unixtime":1489538321859,"created_time":"Wed Mar 15 00:38:41 +0000 2017","lang":"ja","displayname":"uepon_zephyr","time_zone":"Asia/Tokyo","msg":"RT shamakho_works 海未ちゃん描きました。happy birthday🎉lovelive園田海未生誕祭2017 3月15日は園田海未の誕生日 https//tco/haJCpEMlak"}
{"tweet_id":841810851996745728,"created_unixtime":1489538321862,"created_time":"Wed Mar 15 00:38:41 +0000 2017","lang":"en","displayname":"pooorfangirl","time_zone":"","msg":"RT offclASTRO_6 [PIC] 170315 Fantagio Official Fancafe Update Happy Birthday 아스트로 JinJjn 4HappyJinJinDay https//tco/GM8hLkYGbS"}
{"tweet_id":841810852009390080,"created_unixtime":1489538321865,"created_time":"Wed Mar 15 00:38:41 +0000 2017","lang":"en","displayname":"desiree_21409","time_zone":"","msg":"RT mickeysnoel mickey and ian are still in contact and trevor aint too happy 👀 https//tco/onTdHU9YQE"}
{"tweet_id":841810852055506949,"created_unixtime":1489538321876,"created_time":"Wed Mar 15 00:38:41 +0000 2017","lang":"en","displayname":"tcollz5","time_zone":"Eastern Time (US & Canada)","msg":"God is real https//tco/zPDg8l5VaA"}
{"tweet_id":841810852021964800,"created_unixtime":1489538321868,"created_time":"Wed Mar 15 00:38:41 +0000 2017","lang":"es","displayname":"fktiffhwang","time_zone":"","msg":"La hora sad le dicen https//tco/6UaQfkiWb5"}
{"tweet_id":841810852323958785,"created_unixtime":1489538321940,"created_time":"Wed Mar 15 00:38:41 +0000 2017","lang":"en","displayname":"natoftherose","time_zone":"Eastern Time (US & Canada)","msg":"Sophomore amp junior year were so good to me I was happy and getting lit everyday"}
{"tweet_id":841810848901406721,"created_unixtime":1489538321124,"created_time":"Wed Mar 15 00:38:41 +0000 2017","lang":"en","displayname":"jjgormley","time_zone":"Mountain Time (US & Canada)","msg":"Happy Pi Day https//tco/RG18absD7L"}
{"tweet_id":841810853041209344,"created_unixtime":1489538322111,"created_time":"Wed Mar 15 00:38:42 +0000 2017","lang":"en","displayname":"MissPearsonL","time_zone":"","msg":"I miss you all too Not long and Ill be back ❤👍🏻 https//tco/5mxu23iGoY"}
{"tweet_id":841810853234126850,"created_unixtime":1489538322157,"created_time":"Wed Mar 15 00:38:42 +0000 2017","lang":"en","displayname":"runningDog93","time_zone":"America/Bahia_Banderas","msg":"RT KenJennings The Ugly Duckling is my favorite story about how if youre unpopular amp sad you might still turn it around if your look…"}
{"tweet_id":841810853154459649,"created_unixtime":1489538322138,"created_time":"Wed Mar 15 00:38:42 +0000 2017","lang":"en","displayname":"HamzaLdn","time_zone":"","msg":"RT Stormzy1 Do what makes you happy mate"}
{"tweet_id":841810853670330368,"created_unixtime":1489538322261,"created_time":"Wed Mar 15 00:38:42 +0000 2017","lang":"en","displayname":"LtygerTyger","time_zone":"","msg":"RT messing_ryan LtygerTyger Happy birthday bro"}
{"tweet_id":841810854110683136,"created_unixtime":1489538322366,"created_time":"Wed Mar 15 00:38:42 +0000 2017","lang":"en","displayname":"wastedzone","time_zone":"","msg":"when im sad i usually shut people out and stay in my head Its not safe there id just rather be there than here"}
{"tweet_id":841810854052012032,"created_unixtime":1489538322352,"created_time":"Wed Mar 15 00:38:42 +0000 2017","lang":"en","displayname":"davidlamarrr","time_zone":"","msg":"RT kaylaxpursell Im happy I have crazy friends who wanna hype me up and do the crazy things I do but always make sure Im safe mentally…"}
{"tweet_id":841810854005870592,"created_unixtime":1489538322341,"created_time":"Wed Mar 15 00:38:42 +0000 2017","lang":"en","displayname":"ojim","time_zone":"Eastern Time (US & Canada)","msg":"Many think that all of this talk about Pi day is irrational  Happy PiDay"}
{"tweet_id":841810854702157825,"created_unixtime":1489538322507,"created_time":"Wed Mar 15 00:38:42 +0000 2017","lang":"en","displayname":"bigkuntry57","time_zone":"Mountain Time (US & Canada)","msg":"firesign1969 Were just happy if she really does have them"}
{"tweet_id":841810855285088256,"created_unixtime":1489538322646,"created_time":"Wed Mar 15 00:38:42 +0000 2017","lang":"en","displayname":"lisoRs1","time_zone":"Pacific Time (US & Canada)","msg":"RT Koreaboo Happy Birthday Youkyung 🎂🎊❣️HappyYouKyungDay https//tco/l6k1DGoHPt"}
{"tweet_id":841810854530158592,"created_unixtime":1489538322466,"created_time":"Wed Mar 15 00:38:42 +0000 2017","lang":"es","displayname":"forero_law98","time_zone":"Bogota","msg":"¡Por eso las detesto https//tco/QyvoWRjkQ5"}
{"tweet_id":841810855524151296,"created_unixtime":1489538322703,"created_time":"Wed Mar 15 00:38:42 +0000 2017","lang":"en","displayname":"Popular_Beatz","time_zone":"","msg":"RT richthekid Focus on what makes you happy"}
{"tweet_id":841810855830290432,"created_unixtime":1489538322776,"created_time":"Wed Mar 15 00:38:42 +0000 2017","lang":"ja","displayname":"koikisaragi0214","time_zone":"","msg":"RT tsukiuta1 ☆Happy White Day①☆始「いつも応援ありがとう」春「俺たちから胸いっぱいの愛と感謝を♪」※DLOK※壁紙などマナーを守って使ってくださいね https//tco/SEVeCueeuP"}
{"tweet_id":841810855570354177,"created_unixtime":1489538322714,"created_time":"Wed Mar 15 00:38:42 +0000 2017","lang":"hi","displayname":"mini_707070","time_zone":"","msg":"RT AAOLion HBD_GouravSharmaGauravsharma891Baar baar ye din aayebaar baar ye dil gaayetu jiye hazaro saalyehi hai mer… "}
{"tweet_id":841810856031752193,"created_unixtime":1489538322824,"created_time":"Wed Mar 15 00:38:42 +0000 2017","lang":"en","displayname":"fastylos","time_zone":"","msg":"☏ RINGRING ☏  Is for you Harry_Styles ↲Hi dearwould you like to make happy a little girl today and follow mePlease ❥I Love uX2574"}
{"tweet_id":841810856329519106,"created_unixtime":1489538322895,"created_time":"Wed Mar 15 00:38:42 +0000 2017","lang":"en","displayname":"GoldennStacks","time_zone":"Pacific Time (US & Canada)","msg":"RT BossTBillionx2 GoldennStacks happy birthday 🎂😘"}
{"tweet_id":841810856157581313,"created_unixtime":1489538322854,"created_time":"Wed Mar 15 00:38:42 +0000 2017","lang":"en","displayname":"PATzWORLD_","time_zone":"Alaska","msg":"RT richthekid Focus on what makes you happy"}
{"tweet_id":841810856472117248,"created_unixtime":1489538322929,"created_time":"Wed Mar 15 00:38:42 +0000 2017","lang":"en","displayname":"TiOdine","time_zone":"","msg":"CharlesMBlow Be still my heart  I will be one happy girl if this is true Expose corrupt Trump"}
{"tweet_id":841810856149172224,"created_unixtime":1489538322852,"created_time":"Wed Mar 15 00:38:42 +0000 2017","lang":"en","displayname":"bustypetitebabe","time_zone":"Pacific Time (US & Canada)","msg":"Happy blonde flashing https//tco/Nc2ykFDME0 busty petite nsfw https//tco/AJhexLzBVi"}
{"tweet_id":841810855079555072,"created_unixtime":1489538322597,"created_time":"Wed Mar 15 00:38:42 +0000 2017","lang":"en","displayname":"AnwarNoprizal","time_zone":"Jakarta","msg":"Good morning happy nice day 😀 https//tco/b7YrUwafrh"}
{"tweet_id":841810856442793984,"created_unixtime":1489538322922,"created_time":"Wed Mar 15 00:38:42 +0000 2017","lang":"en","displayname":"IAmAdiKaine","time_zone":"Alaska","msg":"😢😢😢 my childhood hurts https//tco/f68SpobhO2"}
{"tweet_id":841810856677650433,"created_unixtime":1489538322978,"created_time":"Wed Mar 15 00:38:42 +0000 2017","lang":"en","displayname":"Budda_Kriss","time_zone":"Arizona","msg":"RT D_Deji28 Do you guys know why he was killed A girl lied that he raped her and her brother shot him dead https//tco/IWDVDZp3rz"}
{"tweet_id":841810857017397248,"created_unixtime":1489538323059,"created_time":"Wed Mar 15 00:38:43 +0000 2017","lang":"en","displayname":"shinigami_mami","time_zone":"","msg":"fuck the happy baby pose that shit is S T R E S S F U L"}
{"tweet_id":841810857038344193,"created_unixtime":1489538323064,"created_time":"Wed Mar 15 00:38:43 +0000 2017","lang":"en","displayname":"CeleBreia","time_zone":"Quito","msg":"I need a good movie to cry to right about now https//tco/ahUpOhLEVF"}
{"tweet_id":841810856337899521,"created_unixtime":1489538322897,"created_time":"Wed Mar 15 00:38:42 +0000 2017","lang":"en","displayname":"cryallnight65","time_zone":"","msg":"RT ihateshinigami seeing all the kind things that people were saying made me so happy i dont care much about plays or followers to see…"}
{"tweet_id":841810857340289028,"created_unixtime":1489538323136,"created_time":"Wed Mar 15 00:38:43 +0000 2017","lang":"ja","displayname":"DDGTmj","time_zone":"","msg":"RT Sonoda_Umi_love 海未ちゃんHappy Birthday🎂🎉🎊大好きだーーーo/みんなも祝おな！俺は頑張って海未ちゃんにとって最高の１日にしたい！！！！w園田海未生誕祭園田海未生誕祭2017 ラブライバーはRT… "}
{"tweet_id":841810857235488768,"created_unixtime":1489538323111,"created_time":"Wed Mar 15 00:38:43 +0000 2017","lang":"en","displayname":"PrinsessKaren","time_zone":"","msg":"RT GameGrumps Happy Birthday Danny https//tco/Qc8I63RkPP"}
{"tweet_id":841810857508007937,"created_unixtime":1489538323176,"created_time":"Wed Mar 15 00:38:43 +0000 2017","lang":"en","displayname":"killlaswank","time_zone":"Hawaii","msg":"RT _lilsunnyyy Talk to god more aint nothing wrong with you dont know what youre sad for you got clothes on your back and… "}
{"tweet_id":841810857654919168,"created_unixtime":1489538323211,"created_time":"Wed Mar 15 00:38:43 +0000 2017","lang":"en","displayname":"godlikebee","time_zone":"","msg":"RT passionfuI I high key just wanna make sure you’re happy as fuck"}
{"tweet_id":841810857470308352,"created_unixtime":1489538323167,"created_time":"Wed Mar 15 00:38:43 +0000 2017","lang":"en","displayname":"GaryM","time_zone":"Mountain Time (US & Canada)","msg":"RT PaulMattSutter Happy Birthday Einstein https//tco/e8yj4HHkxY"}
{"tweet_id":841810856065261568,"created_unixtime":1489538322832,"created_time":"Wed Mar 15 00:38:42 +0000 2017","lang":"en","displayname":"allisonM2820","time_zone":"Eastern Time (US & Canada)","msg":"RT rev_david After that mistake God wasnt too happy gifbible https//tco/8nvOlBZa4T"}
{"tweet_id":841810857759789056,"created_unixtime":1489538323236,"created_time":"Wed Mar 15 00:38:43 +0000 2017","lang":"en","displayname":"KWQCEmma","time_zone":"Pacific Time (US & Canada)","msg":"Pecan Boston cream or French silk Hands down Whats your fav https//tco/jxEclBTd5Y"}
{"tweet_id":841810857680080896,"created_unixtime":1489538323217,"created_time":"Wed Mar 15 00:38:43 +0000 2017","lang":"en","displayname":"antiplug","time_zone":"Atlantic Time (Canada)","msg":"RT OmggRhi DO NOT PURPOSELY DO SHIT TO MAKE ME MAD THEN GET MAD THAT IM MAD FUCK U THOUGHT I WAS GONNA BE AFTER PISSING ME OFF HAPPY"}
{"tweet_id":841810857944317952,"created_unixtime":1489538323280,"created_time":"Wed Mar 15 00:38:43 +0000 2017","lang":"en","displayname":"WWEJedi7116","time_zone":"","msg":"Hey MaryseMizanin are you getting in the ring on April 2nd with your hubby SDLive WWERetweeting wwe https//tco/S6GWeiunvr"}
{"tweet_id":841810858103701504,"created_unixtime":1489538323318,"created_time":"Wed Mar 15 00:38:43 +0000 2017","lang":"en","displayname":"abbiembowdenx","time_zone":"","msg":"RT Stormzy1 Do what makes you happy mate"}
{"tweet_id":841810858699284480,"created_unixtime":1489538323460,"created_time":"Wed Mar 15 00:38:43 +0000 2017","lang":"en","displayname":"jcmalm17","time_zone":"","msg":"Gonna be some crazy ass tweets from the WH tonight SAD https//tco/bcLLUxuP7S"}
{"tweet_id":841810859018080257,"created_unixtime":1489538323536,"created_time":"Wed Mar 15 00:38:43 +0000 2017","lang":"und","displayname":"OnlyCes_","time_zone":"Pacific Time (US & Canada)","msg":"Moffetad SAD"}
{"tweet_id":841810859177459712,"created_unixtime":1489538323574,"created_time":"Wed Mar 15 00:38:43 +0000 2017","lang":"en","displayname":"taylorrsizedd","time_zone":"","msg":"RT EthanDolan happy tuesday todays vid is gonna be super different 😬"}
{"tweet_id":841810859651284992,"created_unixtime":1489538323687,"created_time":"Wed Mar 15 00:38:43 +0000 2017","lang":"en","displayname":"WoahLacy","time_zone":"Pacific Time (US & Canada)","msg":"RT DiyMakeupx I dont care how I look I dont care how I act as long as I can be happy with my life I enjoy it"}
{"tweet_id":841810859785564160,"created_unixtime":1489538323719,"created_time":"Wed Mar 15 00:38:43 +0000 2017","lang":"ja","displayname":"koikoi_kakeru12","time_zone":"Pacific Time (US & Canada)","msg":"RT tsukiuta1 ☆Happy White Day②☆新「もうすぐ春だよーあったかくなってきたから眠いよー君の愛に包まれて眠ります」葵「こらこら（苦笑）。いつもありがとうございます！」※DLOK※壁紙などマナーを守って使ってくださいね https//t…"}
{"tweet_id":841810860062449664,"created_unixtime":1489538323785,"created_time":"Wed Mar 15 00:38:43 +0000 2017","lang":"en","displayname":"K_Rog1121","time_zone":"Arizona","msg":"RT OhHaiCooleyK Pathetic Elmo is a puppet of Big Sesame Street money Serious loser Doesnt even want trash Sad visualfigurative"}
{"tweet_id":841810860477620224,"created_unixtime":1489538323884,"created_time":"Wed Mar 15 00:38:43 +0000 2017","lang":"en","displayname":"Lopezangie016","time_zone":"","msg":"happy bday  Supersayn_Manny 😇"}
{"tweet_id":841810860406272000,"created_unixtime":1489538323867,"created_time":"Wed Mar 15 00:38:43 +0000 2017","lang":"ja","displayname":"bocchijoto","time_zone":"","msg":"Super Scooter Happy　－capsule https//tco/woglMSNlhV youtubeさんから"}
{"tweet_id":841810860330897408,"created_unixtime":1489538323849,"created_time":"Wed Mar 15 00:38:43 +0000 2017","lang":"en","displayname":"Max_Pendery","time_zone":"Pacific Time (US & Canada)","msg":"Jon_E_Tee hasnt used twitter since 2014 Sad"}
{"tweet_id":841810860813176832,"created_unixtime":1489538323964,"created_time":"Wed Mar 15 00:38:43 +0000 2017","lang":"en","displayname":"thepizzapress","time_zone":"Pacific Time (US & Canada)","msg":"RT victorcab Looking for a 314 Pi Pizza BlazePizza pieology thepizzapress Happy PiDay 626food"}
{"tweet_id":841810861127811072,"created_unixtime":1489538324039,"created_time":"Wed Mar 15 00:38:44 +0000 2017","lang":"en","displayname":"chrisss522","time_zone":"","msg":"RT sammanthaxoxo Life is too damn short to be anything but happy"}
{"tweet_id":841810860611903488,"created_unixtime":1489538323916,"created_time":"Wed Mar 15 00:38:43 +0000 2017","lang":"en","displayname":"EricaPerfection","time_zone":"Central Time (US & Canada)","msg":"When you know Jessie Quick gonna die but you cant be sad cuz shes stupid TheFlash"}
{"tweet_id":841810861018742785,"created_unixtime":1489538324013,"created_time":"Wed Mar 15 00:38:44 +0000 2017","lang":"en","displayname":"Makayla13783511","time_zone":"","msg":"RT FIirtationship I hate that I cry out of frustration 95  of the time its not even cause Im sad its that Im so angry I cant contr…"}
{"tweet_id":841810860129542145,"created_unixtime":1489538323801,"created_time":"Wed Mar 15 00:38:43 +0000 2017","lang":"en","displayname":"laurheraty","time_zone":"","msg":"Happy birthday Chlo Hope its been everything amp more💕💕I love you chloebonke0014"}
{"tweet_id":841810861429784580,"created_unixtime":1489538324111,"created_time":"Wed Mar 15 00:38:44 +0000 2017","lang":"en","displayname":"LynneCampbell5","time_zone":"","msg":"RT Rachael_Swindon Tory MP Anne Main Happy to cut disability money and happy for you to cover her daughters lifestyle Shocking amp ve… "}
{"tweet_id":841810861291405313,"created_unixtime":1489538324078,"created_time":"Wed Mar 15 00:38:44 +0000 2017","lang":"en","displayname":"elysiaisalive","time_zone":"","msg":"RT iamwill Happy birthdaystay ButtonedUp https//tco/Bl2sXoKMoA"}
{"tweet_id":841810862360817664,"created_unixtime":1489538324333,"created_time":"Wed Mar 15 00:38:44 +0000 2017","lang":"ja","displayname":"Lion_101_111","time_zone":"","msg":"yukky140315 Happy Birthday🎉🎂あと、フォローありがとう☺︎"}
{"tweet_id":841810862113460228,"created_unixtime":1489538324274,"created_time":"Wed Mar 15 00:38:44 +0000 2017","lang":"en","displayname":"makhiktx","time_zone":"","msg":"promiselxnd I know foo its sad But imma be straight amp shit gon get better for me hopefully"}
{"tweet_id":841810862591504384,"created_unixtime":1489538324388,"created_time":"Wed Mar 15 00:38:44 +0000 2017","lang":"en","displayname":"izzatulrazak_","time_zone":"Pacific Time (US & Canada)","msg":"RT _hvjr If youre angry stay silent If youre sad stay silent If youre overwhelmed by emotions stay silent"}
{"tweet_id":841810862436425729,"created_unixtime":1489538324351,"created_time":"Wed Mar 15 00:38:44 +0000 2017","lang":"en","displayname":"anddyourpointis","time_zone":"Quito","msg":"RT brandonnembhard as long as youre happy ill be fine"}
{"tweet_id":841810862679719937,"created_unixtime":1489538324409,"created_time":"Wed Mar 15 00:38:44 +0000 2017","lang":"en","displayname":"NancyCubbins","time_zone":"Eastern Time (US & Canada)","msg":"RT Joe_Gatto Happy birthday to the guy that puts the cool in Q  hope you had a great day my friend BQQuinn"}
{"tweet_id":841810862696456193,"created_unixtime":1489538324413,"created_time":"Wed Mar 15 00:38:44 +0000 2017","lang":"en","displayname":"GianaManganaro","time_zone":"Atlantic Time (Canada)","msg":"RT SaraBareilles You look inside your heart and find a pizza and remember that pizza is ALL our best friends https//tco/G79BuhSpba"}
{"tweet_id":841810862927187968,"created_unixtime":1489538324468,"created_time":"Wed Mar 15 00:38:44 +0000 2017","lang":"en","displayname":"TomStelmar","time_zone":"","msg":"HAPPY BIRTHDAY tomsped FROM THE FUTURE"}
{"tweet_id":841810863254196224,"created_unixtime":1489538324546,"created_time":"Wed Mar 15 00:38:44 +0000 2017","lang":"en","displayname":"undercoverbun","time_zone":"Krasnoyarsk","msg":"RT minzeoc da only ugly thing on this account is the fact that petty fandom feuds over KPOP MUSIC have compelled u to attack s… "}
{"tweet_id":841810863279472640,"created_unixtime":1489538324552,"created_time":"Wed Mar 15 00:38:44 +0000 2017","lang":"ja","displayname":"gaaaaaaaaayyyy","time_zone":"","msg":"RT shamakho_works 海未ちゃん描きました。happy birthday🎉lovelive園田海未生誕祭2017 3月15日は園田海未の誕生日 https//tco/haJCpEMlak"}
{"tweet_id":841810863338209280,"created_unixtime":1489538324566,"created_time":"Wed Mar 15 00:38:44 +0000 2017","lang":"tl","displayname":"stela1227","time_zone":"","msg":"RT thisisRej Good morning mainedcmYou look happy and stressfree 😊 Okay na ko makita kang ganyan 😘 https//tco/QFIFoRNaOe"}
{"tweet_id":841810863388557312,"created_unixtime":1489538324578,"created_time":"Wed Mar 15 00:38:44 +0000 2017","lang":"en","displayname":"ShoeGawdKD","time_zone":"","msg":"RT MetroBoomin Happy 314 Day huSTLer https//tco/yiAp1DkLuO"}
{"tweet_id":841810862461595648,"created_unixtime":1489538324357,"created_time":"Wed Mar 15 00:38:44 +0000 2017","lang":"en","displayname":"brandonrich_10","time_zone":"Arizona","msg":"Thanks bro 🤙 https//tco/LcMzHJgQ5A"}
{"tweet_id":841810863816355842,"created_unixtime":1489538324680,"created_time":"Wed Mar 15 00:38:44 +0000 2017","lang":"en","displayname":"America1stTrump","time_zone":"Pacific Time (US & Canada)","msg":"RT truth_pray AshleyJudd Needs to stay away from BigBlue UKWildcats BBGamesKY loves Trump She is a Drama Queen With 0… "}
{"tweet_id":841810863803781120,"created_unixtime":1489538324677,"created_time":"Wed Mar 15 00:38:44 +0000 2017","lang":"en","displayname":"caseytweeeets","time_zone":"","msg":"realDonaldTrump most if not all od those cabinet seats were bought sad"}
{"tweet_id":841810864105635840,"created_unixtime":1489538324749,"created_time":"Wed Mar 15 00:38:44 +0000 2017","lang":"en","displayname":"JanieWray","time_zone":"Brisbane","msg":"RT NorthAges Happy Ides of March everyone https//tco/km5No4J1bW"}
{"tweet_id":841810863321362433,"created_unixtime":1489538324562,"created_time":"Wed Mar 15 00:38:44 +0000 2017","lang":"en","displayname":"_alphamx","time_zone":"Pacific Time (US & Canada)","msg":"โตไวกันจางงง TrForBOYS[ENG SUB] [TFBOYS] Heart [Happy Camp] https//tco/nAQKznA6IG via YouTube"}
{"tweet_id":841810864634224640,"created_unixtime":1489538324875,"created_time":"Wed Mar 15 00:38:44 +0000 2017","lang":"en","displayname":"burns__kat","time_zone":"","msg":"RT myajalmonte yes yes yes 😍 https//tco/TIWT2qztaW"}
{"tweet_id":841810862662905857,"created_unixtime":1489538324405,"created_time":"Wed Mar 15 00:38:44 +0000 2017","lang":"en","displayname":"Oplivv","time_zone":"","msg":"YungMattt Happy birthday to my dude matt🎉😎 love the throwbacks❣️ https//tco/LehvaqkGkV"}
{"tweet_id":841810865523462145,"created_unixtime":1489538325087,"created_time":"Wed Mar 15 00:38:45 +0000 2017","lang":"en","displayname":"jackierice42","time_zone":"","msg":"RT celestev24 Happy birthday twin💕I hope you had an amazing day😻u are truly one of a kind and Im so lucky to have u in my life💛love u bb…"}
{"tweet_id":841810865217245184,"created_unixtime":1489538325014,"created_time":"Wed Mar 15 00:38:45 +0000 2017","lang":"en","displayname":"therobberrobert","time_zone":"Pacific Time (US & Canada)","msg":"RT unbibs its 3/14 happy Pi π 314159265359 day https//tco/QSMtQI9mXJ"}
{"tweet_id":841810865376632837,"created_unixtime":1489538325052,"created_time":"Wed Mar 15 00:38:45 +0000 2017","lang":"en","displayname":"amaekennedy","time_zone":"","msg":"Literally lol https//tco/VtBA6uz1Kf"}
{"tweet_id":841810865649266688,"created_unixtime":1489538325117,"created_time":"Wed Mar 15 00:38:45 +0000 2017","lang":"en","displayname":"CecilTheLion99","time_zone":"Eastern Time (US & Canada)","msg":"lenanersesian Im so happy your not attracted to Blwck Guys RealTalk"}
{"tweet_id":841810865380851712,"created_unixtime":1489538325053,"created_time":"Wed Mar 15 00:38:45 +0000 2017","lang":"en","displayname":"_vanessacantu","time_zone":"Pacific Time (US & Canada)","msg":"RT BillNye Happy 314 Day peoples"}
{"tweet_id":841810864730656769,"created_unixtime":1489538324898,"created_time":"Wed Mar 15 00:38:44 +0000 2017","lang":"ja","displayname":"kokechan1","time_zone":"","msg":"たくさんホワイトデェーのお返しもらった🍫😘happy❤️今日も1日がんばろ🤞 https//tco/m2VoPU2c3H"}
{"tweet_id":841810866060197888,"created_unixtime":1489538325215,"created_time":"Wed Mar 15 00:38:45 +0000 2017","lang":"en","displayname":"sabrinaavv","time_zone":"Pacific Time (US & Canada)","msg":"RT JustyFBaby Greatest happy birthday wish Ive ever seen https//tco/UrlPQdhFpt"}
{"tweet_id":841810865959624704,"created_unixtime":1489538325191,"created_time":"Wed Mar 15 00:38:45 +0000 2017","lang":"und","displayname":"LXRD_JAY","time_zone":"Quito","msg":"🙂 https//tco/enVkxmOdzB"}
{"tweet_id":841810866190262272,"created_unixtime":1489538325246,"created_time":"Wed Mar 15 00:38:45 +0000 2017","lang":"en","displayname":"EastkilbrideAJ","time_zone":"","msg":"RT scotch_trooper You had me at pie and whiskey  Happy PiDay A glorious collaboration between MondayNight and… "}
{"tweet_id":841810866290978816,"created_unixtime":1489538325270,"created_time":"Wed Mar 15 00:38:45 +0000 2017","lang":"en","displayname":"LWill05","time_zone":"","msg":"RT richthekid Focus on what makes you happy"}
{"tweet_id":841810866181820416,"created_unixtime":1489538325244,"created_time":"Wed Mar 15 00:38:45 +0000 2017","lang":"ja","displayname":"juemarck","time_zone":"","msg":"RT Apink__jp [Hayoung ]Happy ホワイトデーをすごして ください~！Apink ByeBye 3月29日リリース mini5月号掲載 https//tco/sEl1RkM2BX"}
{"tweet_id":841810866941050881,"created_unixtime":1489538325425,"created_time":"Wed Mar 15 00:38:45 +0000 2017","lang":"en","displayname":"dahliadarlinggg","time_zone":"","msg":"Im getting sushi with mattmierkey8 and Im so happy 🍣💕"}
{"tweet_id":841810864315457540,"created_unixtime":1489538324799,"created_time":"Wed Mar 15 00:38:44 +0000 2017","lang":"en","displayname":"nick__stone","time_zone":"","msg":"Happy birthday to my sayre day 1  Rex_Farmer_  hope its a good one bro hail state https//tco/xsowKGjo3N"}
{"tweet_id":841810867364741120,"created_unixtime":1489538325526,"created_time":"Wed Mar 15 00:38:45 +0000 2017","lang":"en","displayname":"mmeganjones","time_zone":"","msg":"RT girlposts COLTON HAYNES AND HIS BOYFRIEND ARE ENGAGED THIS MAKES ME SO HAPPY 😭😭 https//tco/6tJHNM3db2"}
{"tweet_id":841810866857246720,"created_unixtime":1489538325405,"created_time":"Wed Mar 15 00:38:45 +0000 2017","lang":"en","displayname":"paigeeoo","time_zone":"Helsinki","msg":"RT Simone_Biles my heart  ❤️  thanks so much MISS YOU GUYS😭💋  our olympic aunts https//tco/o1CKyvBeyL"}
{"tweet_id":841810864231583744,"created_unixtime":1489538324779,"created_time":"Wed Mar 15 00:38:44 +0000 2017","lang":"en","displayname":"Brey_Cast_","time_zone":"","msg":"Wish to one day be as happy as baby miranda https//tco/YOoyWD9rmv"}
{"tweet_id":841810868128096256,"created_unixtime":1489538325708,"created_time":"Wed Mar 15 00:38:45 +0000 2017","lang":"en","displayname":"ghttofab","time_zone":"","msg":"I really hope youre happy and that it was worth losing a friend as great as me because this love and loyalty is hard to come by"}
{"tweet_id":841810868513976320,"created_unixtime":1489538325800,"created_time":"Wed Mar 15 00:38:45 +0000 2017","lang":"en","displayname":"jordyg0ld","time_zone":"","msg":"kayladevan happy birthday 😊"}
{"tweet_id":841810868673343493,"created_unixtime":1489538325838,"created_time":"Wed Mar 15 00:38:45 +0000 2017","lang":"en","displayname":"madisontbentley","time_zone":"","msg":"HOPIE THANK YOU BABY  💕💕💕😜😜 https//tco/js0Y5iX4yZ"}
{"tweet_id":841810868883066881,"created_unixtime":1489538325888,"created_time":"Wed Mar 15 00:38:45 +0000 2017","lang":"en","displayname":"AuyonnaP_","time_zone":"Eastern Time (US & Canada)","msg":"RT Vulnerable its so sad and frustrating when you try your hardest but people still dont find it good enough"}
{"tweet_id":841810869336055808,"created_unixtime":1489538325996,"created_time":"Wed Mar 15 00:38:45 +0000 2017","lang":"en","displayname":"p_ptmm","time_zone":"Pacific Time (US & Canada)","msg":"RT Gfriendology The fact that yerin still turning her back cs shes crying bcs she got criticized back then for fake crying by kn… "}
{"tweet_id":841810868191014912,"created_unixtime":1489538325723,"created_time":"Wed Mar 15 00:38:45 +0000 2017","lang":"en","displayname":"bIueguitar","time_zone":"Brasilia","msg":"SherriSaum1  a thing about Stef that you love with all your heart thefosterschat THANK U FOR SAYING HI TO MY GIRL SHES SO HAPPY lt3"}
{"tweet_id":841810869642223617,"created_unixtime":1489538326069,"created_time":"Wed Mar 15 00:38:46 +0000 2017","lang":"en","displayname":"KushSimba","time_zone":"Atlantic Time (Canada)","msg":"RT RodriguezJJohn 😭😖😓😫😞😧😟😲😳What sad is that this is me https//tco/Hx2q8L2qze"}
{"tweet_id":841810870145503232,"created_unixtime":1489538326189,"created_time":"Wed Mar 15 00:38:46 +0000 2017","lang":"en","displayname":"mhayelorin","time_zone":"","msg":"Can you be my happy ending 😉"}
{"tweet_id":841810869508026369,"created_unixtime":1489538326037,"created_time":"Wed Mar 15 00:38:46 +0000 2017","lang":"en","displayname":"aurelynmai","time_zone":"","msg":"Im very fast Im like Forrest Gump Michael Scott Keep this in ur mind when ur running amp GOOD JOB B‼️💘 https//tco/1rCSOnKAan"}
{"tweet_id":841810869952622592,"created_unixtime":1489538326143,"created_time":"Wed Mar 15 00:38:46 +0000 2017","lang":"en","displayname":"GabrielaZamone","time_zone":"Pacific Time (US & Canada)","msg":"12 Tricks To Make Your Girl Happy Are Revealed 3 Is So Obvious https//tco/8XtcagB1xc"}
{"tweet_id":841810869419941893,"created_unixtime":1489538326016,"created_time":"Wed Mar 15 00:38:46 +0000 2017","lang":"en","displayname":"Gracie_E_H","time_zone":"Eastern Time (US & Canada)","msg":"Im happy to go the the mall close to you Cuz you did that for me"}
{"tweet_id":841810869084282880,"created_unixtime":1489538325936,"created_time":"Wed Mar 15 00:38:45 +0000 2017","lang":"en","displayname":"celestcheol","time_zone":"Pacific Time (US & Canada)","msg":"Same Yoongi same Bear Jimin can take me anywhere and Ill be happy to be dragged by him https//tco/3bzEProXYb"}
{"tweet_id":841810870451748864,"created_unixtime":1489538326262,"created_time":"Wed Mar 15 00:38:46 +0000 2017","lang":"en","displayname":"DelawareCIN","time_zone":"Pacific Time (US & Canada)","msg":"RT YourDNREC Happy birthday to our National Wildlife Refuge System https//tco/17TiFCY8XL"}
{"tweet_id":841810870376230913,"created_unixtime":1489538326244,"created_time":"Wed Mar 15 00:38:46 +0000 2017","lang":"en","displayname":"Hervoice__","time_zone":"Central Time (US & Canada)","msg":"Thank you 💕 https//tco/JHgz6QpTO0"}
{"tweet_id":841810871093473280,"created_unixtime":1489538326415,"created_time":"Wed Mar 15 00:38:46 +0000 2017","lang":"en","displayname":"aequitas70","time_zone":"Central Time (US & Canada)","msg":"“To be happy we must not be too concerned with others” ALDUBxDTBYTugOfHearts"}
{"tweet_id":841810871387013120,"created_unixtime":1489538326485,"created_time":"Wed Mar 15 00:38:46 +0000 2017","lang":"en","displayname":"BagusChrist98","time_zone":"Pacific Time (US & Canada)","msg":"Happy Bday ABEL ARianiHardi 🎈"}
{"tweet_id":841810871730892800,"created_unixtime":1489538326567,"created_time":"Wed Mar 15 00:38:46 +0000 2017","lang":"en","displayname":"MWDVOLadies","time_zone":"","msg":"RT PBBKAHOUSE I cried I was sad I was guilty I was everything Edward MBMayWard"}
{"tweet_id":841810870158147589,"created_unixtime":1489538326192,"created_time":"Wed Mar 15 00:38:46 +0000 2017","lang":"en","displayname":"lexee4_","time_zone":"Eastern Time (US & Canada)","msg":"RT D_Deji28 Do you guys know why he was killed A girl lied that he raped her and her brother shot him dead https//tco/IWDVDZp3rz"}
{"tweet_id":841810871672270848,"created_unixtime":1489538326553,"created_time":"Wed Mar 15 00:38:46 +0000 2017","lang":"en","displayname":"snachalycia","time_zone":"Hawaii","msg":"RT sammycxsey happy valentines to the love of my life you make me the happiest i cant wait to spend the rest of my life loving… "}
{"tweet_id":841810871940665344,"created_unixtime":1489538326617,"created_time":"Wed Mar 15 00:38:46 +0000 2017","lang":"en","displayname":"jemalynofianga","time_zone":"","msg":"RT lucyliciousmith Edward So happy to be here MBMayWard"}
{"tweet_id":841810871793901569,"created_unixtime":1489538326582,"created_time":"Wed Mar 15 00:38:46 +0000 2017","lang":"en","displayname":"Hero_of_Rhyme","time_zone":"","msg":"RT unbibs its 3/14 happy Pi π 314159265359 day https//tco/QSMtQI9mXJ"}
{"tweet_id":841810871844237312,"created_unixtime":1489538326594,"created_time":"Wed Mar 15 00:38:46 +0000 2017","lang":"en","displayname":"ximenacastro02","time_zone":"Central Time (US & Canada)","msg":"RT SincerelyTumblr So annoying when ppl are like ur always laughin U laugh at everything Its not that funny like OK sorry Im a hap…"}
{"tweet_id":841810871827406849,"created_unixtime":1489538326590,"created_time":"Wed Mar 15 00:38:46 +0000 2017","lang":"en","displayname":"Maryfairyb","time_zone":"","msg":"andrewbogut Youre a class act Sorry you couldnt play for my Cavs 😢 Sad about your fracture God Bless"}
{"tweet_id":841810872297181186,"created_unixtime":1489538326702,"created_time":"Wed Mar 15 00:38:46 +0000 2017","lang":"ja","displayname":"ZionCreate02","time_zone":"","msg":"RT happyhappystamp 今日も誰かの誕生日＊＊Happy　Birthday＊＊LINEスタンプを送ってお祝いしませんか？LINEクリエーターズスタンプ『細長スタンプ』で検索☆https//tco/DLkXI3Jruq"}
{"tweet_id":841810870728552448,"created_unixtime":1489538326328,"created_time":"Wed Mar 15 00:38:46 +0000 2017","lang":"en","displayname":"BrickPalCP","time_zone":"Pacific Time (US & Canada)","msg":"thisaintmyland looks sad"}
{"tweet_id":841810871944921089,"created_unixtime":1489538326618,"created_time":"Wed Mar 15 00:38:46 +0000 2017","lang":"en","displayname":"patnspankme","time_zone":"Eastern Time (US & Canada)","msg":"RT FknNo1 I put on a happy face but inside Im giving the world my middle finger"}
{"tweet_id":841810871072481280,"created_unixtime":1489538326410,"created_time":"Wed Mar 15 00:38:46 +0000 2017","lang":"en","displayname":"MacewenNichole","time_zone":"","msg":"RT preaching if youre happy with someone forget about what everyone else says"}
{"tweet_id":841810872033001472,"created_unixtime":1489538326639,"created_time":"Wed Mar 15 00:38:46 +0000 2017","lang":"en","displayname":"kaylin_peacock","time_zone":"Mountain Time (US & Canada)","msg":"Happy birthday pretty 💕Hervoice__"}
{"tweet_id":841810871357702145,"created_unixtime":1489538326478,"created_time":"Wed Mar 15 00:38:46 +0000 2017","lang":"en","displayname":"CarelessLabs","time_zone":"London","msg":"So tired so many links something for th morning ☺ https//tco/8gJ2c9zCP5"}
{"tweet_id":841810872469086208,"created_unixtime":1489538326743,"created_time":"Wed Mar 15 00:38:46 +0000 2017","lang":"en","displayname":"zirinafeee","time_zone":"Hong Kong","msg":"RT MillennialOfMNL This is your reminder that its okay to not be okay No one is constantly happy Your emotions are yours No one can t…"}
{"tweet_id":841810872385298433,"created_unixtime":1489538326723,"created_time":"Wed Mar 15 00:38:46 +0000 2017","lang":"en","displayname":"goldeNance_9","time_zone":"Eastern Time (US & Canada)","msg":"RT iKNOWbestt My friends happiness is so important to me If theyre happy Im ecstatic So if its the other way around you know how…"}
{"tweet_id":841810871756152833,"created_unixtime":1489538326573,"created_time":"Wed Mar 15 00:38:46 +0000 2017","lang":"en","displayname":"Liasbeautylife","time_zone":"","msg":"usin_giri hey love i see ur following beth itd make me very happy if u took a moment amp checked my new video💗https//tco/sKZBdlvRDe"}
{"tweet_id":841810872611819520,"created_unixtime":1489538326777,"created_time":"Wed Mar 15 00:38:46 +0000 2017","lang":"en","displayname":"Domenico1oo777","time_zone":"Ljubljana","msg":"RT forumJuventus ChampionsLeague Happy happy happyyyyyyyy 😍 JuveFCP FinoAllaFine https//tco/sNmO8IGFo0"}
{"tweet_id":841810872469213184,"created_unixtime":1489538326743,"created_time":"Wed Mar 15 00:38:46 +0000 2017","lang":"en","displayname":"mimiisrapeny","time_zone":"","msg":"RT walidalhadad203 Happy mothers day 💑 Dew21Lana Romina07441152 AgTqs naoyann507 malemalefica valentbobrowa20 lazurit_plus… "}
{"tweet_id":841810872636973061,"created_unixtime":1489538326783,"created_time":"Wed Mar 15 00:38:46 +0000 2017","lang":"en","displayname":"Allison_mae00","time_zone":"Pacific Time (US & Canada)","msg":"RT carrieschle Allison_mae00 thank you Im so happy I got to know you last year Love you"}
{"tweet_id":841810869843574784,"created_unixtime":1489538326117,"created_time":"Wed Mar 15 00:38:46 +0000 2017","lang":"en","displayname":"OsOarrogantYts","time_zone":"","msg":"RT richthekid Focus on what makes you happy"}
{"tweet_id":841810872225959937,"created_unixtime":1489538326685,"created_time":"Wed Mar 15 00:38:46 +0000 2017","lang":"en","displayname":"WHITEDAYHANAYO","time_zone":"Pacific Time (US & Canada)","msg":"RT nyarasho Happy white dayyyyyy yohamaruuu jadii https//tco/FmnFNGq0s7"}
{"tweet_id":841810873048027136,"created_unixtime":1489538326881,"created_time":"Wed Mar 15 00:38:46 +0000 2017","lang":"en","displayname":"_guadalupee18","time_zone":"Quito","msg":"Its sad how most of the people in my pictures betrayed me"}
{"tweet_id":841810872460812288,"created_unixtime":1489538326741,"created_time":"Wed Mar 15 00:38:46 +0000 2017","lang":"en","displayname":"carolsinnecker","time_zone":"","msg":"RT FamousBirthdays Happy 15th Birthday to OscarOsenstroem https//tco/gQscUPsnfY"}
{"tweet_id":841810873677185024,"created_unixtime":1489538327031,"created_time":"Wed Mar 15 00:38:47 +0000 2017","lang":"en","displayname":"nataliealexxx","time_zone":"London","msg":"phoebealiceg im sad cos im leaving manchester 😞😞😞😞😞 i love u too but waaah its sad"}
{"tweet_id":841810873710714882,"created_unixtime":1489538327039,"created_time":"Wed Mar 15 00:38:47 +0000 2017","lang":"en","displayname":"giovigee","time_zone":"Athens","msg":"happy birthday to my actual got7 bias Coco"}
{"tweet_id":841810873861701632,"created_unixtime":1489538327075,"created_time":"Wed Mar 15 00:38:47 +0000 2017","lang":"en","displayname":"SurfersRoom","time_zone":"Athens","msg":"RT RannveigInga Sea_And_More PaulDav52131562 HBraga1 mais_velho TIINA1S thx so much have a fabulous week Uall stay safe be hap… "}
{"tweet_id":841810874172026880,"created_unixtime":1489538327149,"created_time":"Wed Mar 15 00:38:47 +0000 2017","lang":"en","displayname":"syzwni_hssn","time_zone":"Beijing","msg":"RT GirlfriendNotes THIS MAKES MY HEART HAPPY https//tco/IZpkAYkC7I"}
{"tweet_id":841810874050437120,"created_unixtime":1489538327120,"created_time":"Wed Mar 15 00:38:47 +0000 2017","lang":"en","displayname":"1490wmrn","time_zone":"Eastern Time (US & Canada)","msg":"Sad Diagnosis for Creator of SpongeBob https//tco/Pl9LVjh0Z9"}
{"tweet_id":841810873287102465,"created_unixtime":1489538326938,"created_time":"Wed Mar 15 00:38:46 +0000 2017","lang":"en","displayname":"DEFUNDCBC","time_zone":"Eastern Time (US & Canada)","msg":"RT DMillerYYC Perhaps if you dressed as a noncombatant and murdered some soldiers https//tco/Em8l9dZp5T"}
{"tweet_id":841810874373439489,"created_unixtime":1489538327197,"created_time":"Wed Mar 15 00:38:47 +0000 2017","lang":"en","displayname":"jamadeo13","time_zone":"Eastern Time (US & Canada)","msg":"jenna_martello happy birthday ❤️❤️"}
{"tweet_id":841810874406973440,"created_unixtime":1489538327205,"created_time":"Wed Mar 15 00:38:47 +0000 2017","lang":"en","displayname":"YooooZellyy","time_zone":"","msg":"🙄😂 This White Lul Bitch still poopin slick I see bff https//tco/AiV8fwCenL"}
{"tweet_id":841810874746736640,"created_unixtime":1489538327286,"created_time":"Wed Mar 15 00:38:47 +0000 2017","lang":"en","displayname":"Sam_Blazer","time_zone":"Central Time (US & Canada)","msg":"We have Sam Blazers tax returns20 minutes into epThis is very very sad He tried to write off 1000 Wendys 4 for 4s "}
{"tweet_id":841810874813825024,"created_unixtime":1489538327302,"created_time":"Wed Mar 15 00:38:47 +0000 2017","lang":"en","displayname":"Hba90","time_zone":"Athens","msg":"And be not sad of bringing them earlier to your stage spotlights for your play is about your own honestydignity and self respectnot theirs"}
{"tweet_id":841810874553720832,"created_unixtime":1489538327240,"created_time":"Wed Mar 15 00:38:47 +0000 2017","lang":"en","displayname":"mybesthelper","time_zone":"Pacific Time (US & Canada)","msg":"Happy Pie day PieDay2017  geeksrule  https//tco/LjaERIpxTt"}
{"tweet_id":841810875543572480,"created_unixtime":1489538327476,"created_time":"Wed Mar 15 00:38:47 +0000 2017","lang":"en","displayname":"commayyy","time_zone":"","msg":"RT kjdpics HAPPY BABY https//tco/9huZ4Bs8jy"}
{"tweet_id":841810875543654405,"created_unixtime":1489538327476,"created_time":"Wed Mar 15 00:38:47 +0000 2017","lang":"en","displayname":"Brooke_DeCarlo","time_zone":"","msg":"Happy birthday homie 🎉🎈💗 ColinHarkonen hope its as fantastic as you ✨"}
{"tweet_id":841810875845562368,"created_unixtime":1489538327548,"created_time":"Wed Mar 15 00:38:47 +0000 2017","lang":"en","displayname":"gillian_lomax","time_zone":"","msg":"RT warriors DubNation please join us in wishing StephenCurry30 a very Happy Birthday 🎈 https//tco/cByjiIEk25"}
{"tweet_id":841810876361449472,"created_unixtime":1489538327671,"created_time":"Wed Mar 15 00:38:47 +0000 2017","lang":"en","displayname":"alexmchiu","time_zone":"Central Time (US & Canada)","msg":"vicehii ohim sorry LOL I meant tears like happy tears HAHA"}
{"tweet_id":841810876420128770,"created_unixtime":1489538327685,"created_time":"Wed Mar 15 00:38:47 +0000 2017","lang":"en","displayname":"csuciani","time_zone":"Pacific Time (US & Canada)","msg":"LilyZahara2 yup I am just so happy where I am now Free from anything unimportant and clutters Friday nk breakfast sama"}
{"tweet_id":841810876621512704,"created_unixtime":1489538327733,"created_time":"Wed Mar 15 00:38:47 +0000 2017","lang":"en","displayname":"richreadingBU","time_zone":"Atlantic Time (Canada)","msg":"RT FBIMostWanted Happy 67th Birthday to the FBI Ten Most Wanted Fugitives List created on March 14 1950 https//tco/aaf7lqVtLn"}
{"tweet_id":841810876759863296,"created_unixtime":1489538327766,"created_time":"Wed Mar 15 00:38:47 +0000 2017","lang":"en","displayname":"TahWhoo","time_zone":"Pacific Time (US & Canada)","msg":"RT CultureFUBU Happy Birthday Merlin SantanaRIP https//tco/0K4quO4M5g"}
{"tweet_id":841810876852252673,"created_unixtime":1489538327788,"created_time":"Wed Mar 15 00:38:47 +0000 2017","lang":"en","displayname":"_kristikreme","time_zone":"","msg":"RT passionfuI I high key just wanna make sure you’re happy as fuck"}
{"tweet_id":841810877040975872,"created_unixtime":1489538327833,"created_time":"Wed Mar 15 00:38:47 +0000 2017","lang":"en","displayname":"madisontbentley","time_zone":"","msg":"RT hopejulian_ Happy 21st birthday madisonnn🎉 I hope you have a great day love you crazy💜🤗 https//tco/9HJDnTWu1g"}
{"tweet_id":841810877120692229,"created_unixtime":1489538327852,"created_time":"Wed Mar 15 00:38:47 +0000 2017","lang":"en","displayname":"SonOfBejita","time_zone":"Pacific Time (US & Canada)","msg":"Sad times https//tco/cq2SqLMVF2"}
{"tweet_id":841810877925990400,"created_unixtime":1489538328044,"created_time":"Wed Mar 15 00:38:48 +0000 2017","lang":"en","displayname":"connxr","time_zone":"London","msg":"RT Joeyturnerx Lifes way to short to be anything but happy make the choices that please you not the choices to please others"}
{"tweet_id":841810875195498496,"created_unixtime":1489538327393,"created_time":"Wed Mar 15 00:38:47 +0000 2017","lang":"en","displayname":"TheSydneyWoods","time_zone":"Eastern Time (US & Canada)","msg":"happy pi day  https//tco/9Kt55vm3ja"}
