{"tweet_id":841810292396941312,"created_unixtime":1489538188443,"created_time":"Wed Mar 15 00:36:28 +0000 2017","lang":"en","displayname":"ldd2407","time_zone":"Pacific Time (US & Canada)","msg":"RT emily1215225 a never ending circle of love😘😂😜kisses amp happy day xxx https//tco/sByqD2U2ri"}
{"tweet_id":841810293588127744,"created_unixtime":1489538188727,"created_time":"Wed Mar 15 00:36:28 +0000 2017","lang":"en","displayname":"BaggerVMcGuirk","time_zone":"","msg":"Happy Whiteday indeed Shame you can only say that in Asia tho https//tco/qVIf62QW4L"}
{"tweet_id":841810293160329216,"created_unixtime":1489538188625,"created_time":"Wed Mar 15 00:36:28 +0000 2017","lang":"en","displayname":"kayyolo_","time_zone":"Eastern Time (US & Canada)","msg":"jorden_young happy birthday"}
{"tweet_id":841810294104064000,"created_unixtime":1489538188850,"created_time":"Wed Mar 15 00:36:28 +0000 2017","lang":"en","displayname":"leeludallas99","time_zone":"","msg":"Im so happy for you D❤ https//tco/FxGEjOp2NC"}
{"tweet_id":841810294045343744,"created_unixtime":1489538188836,"created_time":"Wed Mar 15 00:36:28 +0000 2017","lang":"en","displayname":"vivajosiah","time_zone":"Central Time (US & Canada)","msg":"RT bigmacher I said Happy Pi Day to a very pretty lady today and that is why I dont talk to pretty ladies PiDay"}
{"tweet_id":841810294259216384,"created_unixtime":1489538188887,"created_time":"Wed Mar 15 00:36:28 +0000 2017","lang":"en","displayname":"steinbrick24","time_zone":"","msg":"Happy one year babe With you there is a new adventure everyday Thank you for all that you do… https//tco/4trlkBPw6s"}
{"tweet_id":841810294011764736,"created_unixtime":1489538188828,"created_time":"Wed Mar 15 00:36:28 +0000 2017","lang":"en","displayname":"DocSoutherland","time_zone":"Eastern Time (US & Canada)","msg":"RT HiddenFigures Look beyond the numbers Happy PiDay https//tco/7UiOTzd1qj"}
{"tweet_id":841810294372462593,"created_unixtime":1489538188914,"created_time":"Wed Mar 15 00:36:28 +0000 2017","lang":"en","displayname":"Eli_Le_Sandwich","time_zone":"","msg":"GameGrumps happy birthday"}
{"tweet_id":841810295358013440,"created_unixtime":1489538189149,"created_time":"Wed Mar 15 00:36:29 +0000 2017","lang":"en","displayname":"TiffanyCruz13","time_zone":"","msg":"RT hidden saying im tired when youre actually sad"}
{"tweet_id":841810294842236928,"created_unixtime":1489538189026,"created_time":"Wed Mar 15 00:36:29 +0000 2017","lang":"en","displayname":"morgyn_netsch","time_zone":"","msg":"When Im sad I just watch the_filia stories 😂😂😂😂"}
{"tweet_id":841810293739163649,"created_unixtime":1489538188763,"created_time":"Wed Mar 15 00:36:28 +0000 2017","lang":"en","displayname":"diane_morgan","time_zone":"Pacific Time (US & Canada)","msg":"Happy piday  mollymoblack badmoveeric laurahewittdudley thecaseyblack come home for more… https//tco/IW0sgA0EkE"}
{"tweet_id":841810295265865728,"created_unixtime":1489538189127,"created_time":"Wed Mar 15 00:36:29 +0000 2017","lang":"en","displayname":"voidjughead","time_zone":"","msg":"im sad gn"}
{"tweet_id":841810295672692737,"created_unixtime":1489538189224,"created_time":"Wed Mar 15 00:36:29 +0000 2017","lang":"en","displayname":"PiqueFansBR","time_zone":"Brasilia","msg":"RT PiqueFansBR HAPPY BIRTHDAY MARC PIQUÉ 🎉🎊🎂🎁🎈We wish you a happy life Enjoy your day ❤ https//tco/5qpcrdyOHb"}
{"tweet_id":841810295962054656,"created_unixtime":1489538189293,"created_time":"Wed Mar 15 00:36:29 +0000 2017","lang":"en","displayname":"heididaun","time_zone":"","msg":"RT AmaziingPuppies Happy dog getting picked up at daycare  https//tco/VAKBpd8Yqi"}
{"tweet_id":841810295982964736,"created_unixtime":1489538189298,"created_time":"Wed Mar 15 00:36:29 +0000 2017","lang":"en","displayname":"krazykalikueen","time_zone":"Greenland","msg":"Doing a happy dance oh how I pray this is true https//tco/DZmkKN793y"}
{"tweet_id":841810296066998276,"created_unixtime":1489538189318,"created_time":"Wed Mar 15 00:36:29 +0000 2017","lang":"en","displayname":"pimenov_lia","time_zone":"America/Los_Angeles","msg":"RT Sunny19592014 LunaBlair2 57 yrs old and PROUD to be a true HARRY GIRL Im loving my age and happy to know there are many more of us"}
{"tweet_id":841810296423366656,"created_unixtime":1489538189403,"created_time":"Wed Mar 15 00:36:29 +0000 2017","lang":"en","displayname":"ykpmarh","time_zone":"Seoul","msg":"RT offclASTRO_6 [PIC] 170315 Fantagio Official Fancafe Update Happy Birthday 아스트로 JinJjn 5HappyJinJinDay https//tco/ArunTEQ3NJ"}
{"tweet_id":841810296641540096,"created_unixtime":1489538189455,"created_time":"Wed Mar 15 00:36:29 +0000 2017","lang":"en","displayname":"kellyterrazas","time_zone":"Pacific Time (US & Canada)","msg":"RT devspiegs Happy Birthday jack_prior_ amp kellyterrazas ❣️❣️❣️"}
{"tweet_id":841810296578686977,"created_unixtime":1489538189440,"created_time":"Wed Mar 15 00:36:29 +0000 2017","lang":"en","displayname":"Monielysium","time_zone":"Eastern Time (US & Canada)","msg":"RT teefury Happy 314 The Inferior Pie by wotto76 available here https//tco/Al7JPtCW85 π PiDay PieDay https//tco/pHIAwzyr2c"}
{"tweet_id":841810296935141376,"created_unixtime":1489538189525,"created_time":"Wed Mar 15 00:36:29 +0000 2017","lang":"en","displayname":"jessalyntan_","time_zone":"Pacific Time (US & Canada)","msg":"happy birthday elementary bff 😂😘 may Godbless you always julzcajes 🎈 imy"}
{"tweet_id":841810296834531329,"created_unixtime":1489538189501,"created_time":"Wed Mar 15 00:36:29 +0000 2017","lang":"en","displayname":"meghanbaileyy","time_zone":"Eastern Time (US & Canada)","msg":"happy bday idkalexis 💕💕"}
{"tweet_id":841810297178492928,"created_unixtime":1489538189583,"created_time":"Wed Mar 15 00:36:29 +0000 2017","lang":"en","displayname":"_quashia_","time_zone":"","msg":"RT kvngzeee IM TRYNNA B HAPPY ALL 2017‼️‼️‼️"}
{"tweet_id":841810297304297478,"created_unixtime":1489538189613,"created_time":"Wed Mar 15 00:36:29 +0000 2017","lang":"en","displayname":"pkram_210","time_zone":"","msg":"RT alainalopez_19 ive been really happy and enjoying life lately its cooool"}
{"tweet_id":841810296167628802,"created_unixtime":1489538189342,"created_time":"Wed Mar 15 00:36:29 +0000 2017","lang":"en","displayname":"WillieBeamen_34","time_zone":"Central Time (US & Canada)","msg":"Still 💯💯💯 https//tco/8BY4pjACUI"}
{"tweet_id":841810297476153344,"created_unixtime":1489538189654,"created_time":"Wed Mar 15 00:36:29 +0000 2017","lang":"ja","displayname":"okayun___","time_zone":"","msg":"RT qv7fjzro おかゆん❤happy birthday😳💕いつもリプ送ると優しく返してくれて幸せですよん😘バイトやら色々大変かもしんないけど、おかゆんなりに頑張ってね😳💕無理したらだめよ？？今日１日いい日になります様にこれからもず… "}
{"tweet_id":841810297539186688,"created_unixtime":1489538189669,"created_time":"Wed Mar 15 00:36:29 +0000 2017","lang":"en","displayname":"Crazycam7","time_zone":"","msg":"RT OleePrince Happy Sunday https//tco/HvYFu0iTUh"}
{"tweet_id":841810297790816256,"created_unixtime":1489538189729,"created_time":"Wed Mar 15 00:36:29 +0000 2017","lang":"en","displayname":"HeyDinormila","time_zone":"Pacific Time (US & Canada)","msg":"RT solocbeIIo solocbeIIo imagine spending ur days trying to make a 20 yr old feel bad about herself for doing what makes her happy"}
{"tweet_id":841810299246256128,"created_unixtime":1489538190076,"created_time":"Wed Mar 15 00:36:30 +0000 2017","lang":"en","displayname":"Queen_of_crows3","time_zone":"","msg":"RT nailogical Can you believe this Sad https//tco/9ZC6DZICVs"}
{"tweet_id":841810300051550208,"created_unixtime":1489538190268,"created_time":"Wed Mar 15 00:36:30 +0000 2017","lang":"en","displayname":"SSplocharski","time_zone":"","msg":"Jared padalecki makes me happy"}
{"tweet_id":841810300047364096,"created_unixtime":1489538190267,"created_time":"Wed Mar 15 00:36:30 +0000 2017","lang":"en","displayname":"madisonteacher","time_zone":"Central Time (US & Canada)","msg":"RT TodaysDocument Happy PiDay More pie recipes and pierelated records from the USNatArchives https//tco/uq2BS4bxqW https//tco/lL…"}
{"tweet_id":841810300248686594,"created_unixtime":1489538190315,"created_time":"Wed Mar 15 00:36:30 +0000 2017","lang":"en","displayname":"kiadk_","time_zone":"Arizona","msg":"NatAnglin its so sad 😭 youre the only one I like lol"}
{"tweet_id":841810300886163456,"created_unixtime":1489538190467,"created_time":"Wed Mar 15 00:36:30 +0000 2017","lang":"en","displayname":"dianner58016866","time_zone":"","msg":"RT lucyliciousmith Edward So happy to be here MBMayWard"}
{"tweet_id":841810300231901184,"created_unixtime":1489538190311,"created_time":"Wed Mar 15 00:36:30 +0000 2017","lang":"en","displayname":"roxyposis","time_zone":"Atlantic Time (Canada)","msg":"RT RogueNASA Happy Pi Day everyone In our opinion resisting is best when accompanied by pie https//tco/bAtAww7ig3"}
{"tweet_id":841810301276241920,"created_unixtime":1489538190560,"created_time":"Wed Mar 15 00:36:30 +0000 2017","lang":"en","displayname":"bruntofitall","time_zone":"Pacific Time (US & Canada)","msg":"RT RWPUSA Another White House ethics complaint from our team at CREW  Sad https//tco/jm2kvIUMhH"}
{"tweet_id":841810301276250112,"created_unixtime":1489538190560,"created_time":"Wed Mar 15 00:36:30 +0000 2017","lang":"en","displayname":"Hurt_Angle","time_zone":"Pacific Time (US & Canada)","msg":"RT WORLDSTAR Happy Birthday Merlin SantanaRIP 🙏 https//tco/bfajhHFb86"}
{"tweet_id":841810301397917700,"created_unixtime":1489538190589,"created_time":"Wed Mar 15 00:36:30 +0000 2017","lang":"en","displayname":"livmarie0124","time_zone":"","msg":"Happy birthday lovie miss youuuu 💜🎉 _autumnbrown"}
{"tweet_id":841810301657964544,"created_unixtime":1489538190651,"created_time":"Wed Mar 15 00:36:30 +0000 2017","lang":"en","displayname":"talynford","time_zone":"","msg":"mariiebizimana happy for you 😘"}
{"tweet_id":841810301876080640,"created_unixtime":1489538190703,"created_time":"Wed Mar 15 00:36:30 +0000 2017","lang":"en","displayname":"miska__mouse","time_zone":"Central Time (US & Canada)","msg":"RT SincerelyTumblr So annoying when ppl are like ur always laughin U laugh at everything Its not that funny like OK sorry Im a hap…"}
{"tweet_id":841810301129392129,"created_unixtime":1489538190525,"created_time":"Wed Mar 15 00:36:30 +0000 2017","lang":"en","displayname":"gazebohunter23","time_zone":"","msg":"RT GameGrumps Happy Birthday Danny https//tco/Qc8I63RkPP"}
{"tweet_id":841810297413353472,"created_unixtime":1489538189639,"created_time":"Wed Mar 15 00:36:29 +0000 2017","lang":"en","displayname":"Jose_P124","time_zone":"Buenos Aires","msg":"Lmao sad af and not funny at all"}
{"tweet_id":841810298105286656,"created_unixtime":1489538189804,"created_time":"Wed Mar 15 00:36:29 +0000 2017","lang":"en","displayname":"mora_alexis_","time_zone":"","msg":"RT BillNye Happy 314 Day peoples"}
{"tweet_id":841810297820184576,"created_unixtime":1489538189736,"created_time":"Wed Mar 15 00:36:29 +0000 2017","lang":"en","displayname":"Jether99_","time_zone":"","msg":"RT OleePrince Happy Sunday https//tco/HvYFu0iTUh"}
{"tweet_id":841810298176700416,"created_unixtime":1489538189821,"created_time":"Wed Mar 15 00:36:29 +0000 2017","lang":"en","displayname":"y0yaniel","time_zone":"","msg":"RT warriors DubNation please join us in wishing StephenCurry30 a very Happy Birthday 🎈 https//tco/cByjiIEk25"}
{"tweet_id":841810298176712704,"created_unixtime":1489538189821,"created_time":"Wed Mar 15 00:36:29 +0000 2017","lang":"en","displayname":"HarrietBaldwin","time_zone":"Eastern Time (US & Canada)","msg":"I concur https//tco/IK59S5l176"}
{"tweet_id":841810298935812096,"created_unixtime":1489538190002,"created_time":"Wed Mar 15 00:36:30 +0000 2017","lang":"en","displayname":"ciennaareyess","time_zone":"","msg":"RT preaching if youre happy with someone forget about what everyone else says"}
{"tweet_id":841810298751266817,"created_unixtime":1489538189958,"created_time":"Wed Mar 15 00:36:29 +0000 2017","lang":"en","displayname":"onlyforsocial07","time_zone":"","msg":"RT meghancurrrie the future is female happy electionday 🇺🇸 https//tco/XbjmmA3Ugx"}
{"tweet_id":841810299300720640,"created_unixtime":1489538190089,"created_time":"Wed Mar 15 00:36:30 +0000 2017","lang":"en","displayname":"m0chichim","time_zone":"","msg":"RT sprinkleseokjin SMILEY CHILDREN https//tco/b3sm1gIvFG"}
{"tweet_id":841810302316490752,"created_unixtime":1489538190808,"created_time":"Wed Mar 15 00:36:30 +0000 2017","lang":"en","displayname":"hayliejxde","time_zone":"Pacific Time (US & Canada)","msg":"RT soIute sometimes the best way to be happy is to learn to let go of things you tried hard to hold on to that are no longer good for you"}
{"tweet_id":841810302593249280,"created_unixtime":1489538190874,"created_time":"Wed Mar 15 00:36:30 +0000 2017","lang":"en","displayname":"AndaradaUsman","time_zone":"","msg":"RT lucyliciousmith Edward So happy to be here MBMayWard"}
{"tweet_id":841810302593302529,"created_unixtime":1489538190874,"created_time":"Wed Mar 15 00:36:30 +0000 2017","lang":"en","displayname":"LilBalloutOTG","time_zone":"Pacific Time (US & Canada)","msg":"Get rich or die tryin sad 2 say 💯"}
{"tweet_id":841810302614282240,"created_unixtime":1489538190879,"created_time":"Wed Mar 15 00:36:30 +0000 2017","lang":"ko","displayname":"seokjsm","time_zone":"","msg":"RT offclASTRO Happy birthday to you~ 진진형 22번째 생일을진심으로 축하해요🎉🎉 착하고 장난도 잘받아주고 리더쉽있는ㅎㅎ진진형 귀염댕이 아스트로 잘부탁드려요생일선물 나 HappyJINJINDay https//…"}
{"tweet_id":841810302639325184,"created_unixtime":1489538190885,"created_time":"Wed Mar 15 00:36:30 +0000 2017","lang":"en","displayname":"crstnclld","time_zone":"Pacific Time (US & Canada)","msg":"acegomez1234 happy birthday haha"}
{"tweet_id":841810302375219200,"created_unixtime":1489538190822,"created_time":"Wed Mar 15 00:36:30 +0000 2017","lang":"en","displayname":"yassers52220905","time_zone":"","msg":"RT rokaa98456 Happy birthdaaaaay 👏🎉🎉🎉🎈🎈🎈🎈🎁🎁🎁🎁❤️❤️ عيد_ميلاد_توت"}
{"tweet_id":841810302643671040,"created_unixtime":1489538190886,"created_time":"Wed Mar 15 00:36:30 +0000 2017","lang":"en","displayname":"KatherineThomp5","time_zone":"","msg":"Hayyyyy find new girl and be happy  https//tco/nXlPIJwUzp https//tco/AB5tuVXc2k"}
{"tweet_id":841810303511859201,"created_unixtime":1489538191093,"created_time":"Wed Mar 15 00:36:31 +0000 2017","lang":"en","displayname":"DjAWill","time_zone":"Eastern Time (US & Canada)","msg":"RT AlexisAyaana I see PR and DR drama down my TL and Im just watching on the sidelines happy Im Panamanian https//tco/Aq7foAIVyk"}
{"tweet_id":841810304149409792,"created_unixtime":1489538191245,"created_time":"Wed Mar 15 00:36:31 +0000 2017","lang":"en","displayname":"TiffanyLeeLewi1","time_zone":"","msg":"ZachSangShow I love u why Gotta spread the love it makes the world a happy place"}
{"tweet_id":841810304245850113,"created_unixtime":1489538191268,"created_time":"Wed Mar 15 00:36:31 +0000 2017","lang":"en","displayname":"Phendricks","time_zone":"","msg":"DavidArnoldMI I agree Its sad"}
{"tweet_id":841810303805448193,"created_unixtime":1489538191163,"created_time":"Wed Mar 15 00:36:31 +0000 2017","lang":"en","displayname":"kaitlynKaz","time_zone":"Eastern Time (US & Canada)","msg":"tramosss we can happy and sad cry to both so it all works out"}
{"tweet_id":841810304212324352,"created_unixtime":1489538191260,"created_time":"Wed Mar 15 00:36:31 +0000 2017","lang":"en","displayname":"__polomarco","time_zone":"Central Time (US & Canada)","msg":"RT D_Deji28 Do you guys know why he was killed A girl lied that he raped her and her brother shot him dead https//tco/IWDVDZp3rz"}
{"tweet_id":841810304489078784,"created_unixtime":1489538191326,"created_time":"Wed Mar 15 00:36:31 +0000 2017","lang":"ja","displayname":"ninestar69","time_zone":"","msg":"RT lovelive_kot うみちゃーん♡Happy Birthdayヽ〃･ω･ﾉ☆ﾟ’･☆ラブアローシュート♡♡これからも大好きだよ♡園田海未生誕祭2017 園田海未好きな人RT RTした人全員フォローする… "}
{"tweet_id":841810304866615297,"created_unixtime":1489538191416,"created_time":"Wed Mar 15 00:36:31 +0000 2017","lang":"en","displayname":"NsomniaksDream","time_zone":"","msg":"Daily dose of happy https//tco/kM6kYZRoxU"}
{"tweet_id":841810305936056320,"created_unixtime":1489538191671,"created_time":"Wed Mar 15 00:36:31 +0000 2017","lang":"en","displayname":"alizaevargas","time_zone":"","msg":"RT TotalProSports Steph Curry turns 29 today29 years old  2 MVPs  31Warriors blew a 31 lead 🤔Happy birthday Steph🎉🎉🎉"}
{"tweet_id":841810306015887362,"created_unixtime":1489538191690,"created_time":"Wed Mar 15 00:36:31 +0000 2017","lang":"en","displayname":"MikaDinino","time_zone":"","msg":"RT burns__kat Im in such a happy place in my life right now Couldnt be more blessed"}
{"tweet_id":841810306120671233,"created_unixtime":1489538191715,"created_time":"Wed Mar 15 00:36:31 +0000 2017","lang":"en","displayname":"irlzelenamills","time_zone":"Pacific Time (US & Canada)","msg":"RT politeregal Raise your hand if you wish you were that pie 🙋🏼 https//tco/5E8S7imwwr"}
{"tweet_id":841810305789394944,"created_unixtime":1489538191636,"created_time":"Wed Mar 15 00:36:31 +0000 2017","lang":"en","displayname":"reaganalexa14","time_zone":"Pacific Time (US & Canada)","msg":"reaganalexa14 safe to say kimm and eric were NOT happy with me"}
{"tweet_id":841810306003267584,"created_unixtime":1489538191687,"created_time":"Wed Mar 15 00:36:31 +0000 2017","lang":"en","displayname":"liseve91","time_zone":"","msg":"mcgregor_ewan could you wish my best friend AlonaDanger a very happy birthday"}
{"tweet_id":841810306460393472,"created_unixtime":1489538191796,"created_time":"Wed Mar 15 00:36:31 +0000 2017","lang":"en","displayname":"CypressMoreno","time_zone":"Pacific Time (US & Canada)","msg":"RT RadioAktiveBBTS Happy bday CypressMoreno"}
{"tweet_id":841810306707865600,"created_unixtime":1489538191855,"created_time":"Wed Mar 15 00:36:31 +0000 2017","lang":"en","displayname":"Aerulo","time_zone":"Pacific Time (US & Canada)","msg":"RT ameerudy WHAT THE FUCK IS ON THE TV https//tco/SXOvTEytpf"}
{"tweet_id":841810307131432960,"created_unixtime":1489538191956,"created_time":"Wed Mar 15 00:36:31 +0000 2017","lang":"en","displayname":"MiriamBartolom9","time_zone":"","msg":"Happy maywardMBMayWard"}
{"tweet_id":841810306628120576,"created_unixtime":1489538191836,"created_time":"Wed Mar 15 00:36:31 +0000 2017","lang":"en","displayname":"StephanieArduo","time_zone":"Pacific Time (US & Canada)","msg":"RT dorkysdeals A6 Food totally makes me happy Nutritious and delicious recipes like salads and wraps are my fave 🥑 AvoHappiness GNO"}
{"tweet_id":841810306942787584,"created_unixtime":1489538191911,"created_time":"Wed Mar 15 00:36:31 +0000 2017","lang":"en","displayname":"marisamillz","time_zone":"Eastern Time (US & Canada)","msg":"I got so much done today Im so happy"}
{"tweet_id":841810306884034560,"created_unixtime":1489538191897,"created_time":"Wed Mar 15 00:36:31 +0000 2017","lang":"ja","displayname":"ecstasy1998","time_zone":"","msg":"RT piecespace1 海未ちゃんHappy Birthday恥ずかしがりながらもアイドルとして可愛く振る舞う姿や、勝負事に対して一笑（生）懸命になる姿などが最高！園田海未生誕祭2017 3月15日は園田海未の誕生日… "}
{"tweet_id":841810304937910272,"created_unixtime":1489538191433,"created_time":"Wed Mar 15 00:36:31 +0000 2017","lang":"en","displayname":"CamSAR999","time_zone":"London","msg":"Whoops missed out the happy faces photo bad social media mistake https//tco/mSbXI4SCnu"}
{"tweet_id":841810307236397056,"created_unixtime":1489538191981,"created_time":"Wed Mar 15 00:36:31 +0000 2017","lang":"en","displayname":"camilacoustics","time_zone":"Eastern Time (US & Canada)","msg":"SherriSaum1 why you never notice me im sad mom 😪 TheFostersChat"}
{"tweet_id":841810307274158081,"created_unixtime":1489538191990,"created_time":"Wed Mar 15 00:36:31 +0000 2017","lang":"en","displayname":"theHOTTmama","time_zone":"Mountain Time (US & Canada)","msg":"I think Im going to stay fat until I finish nursing school B/c food is the only thing that makes me happy right now"}
{"tweet_id":841810307198681088,"created_unixtime":1489538191972,"created_time":"Wed Mar 15 00:36:31 +0000 2017","lang":"en","displayname":"Blvck_Dynamite","time_zone":"Hawaii","msg":"RT D_Deji28 Do you guys know why he was killed A girl lied that he raped her and her brother shot him dead https//tco/IWDVDZp3rz"}
{"tweet_id":841810307362242560,"created_unixtime":1489538192011,"created_time":"Wed Mar 15 00:36:32 +0000 2017","lang":"en","displayname":"ipsyCare","time_zone":"Arizona","msg":"Cynthia777762 Id be happy to Please follow  DM me so I can help❥ ad"}
{"tweet_id":841810305948745728,"created_unixtime":1489538191674,"created_time":"Wed Mar 15 00:36:31 +0000 2017","lang":"en","displayname":"blvckparadiseee","time_zone":"Atlantic Time (Canada)","msg":"New avi bc Im finally happy 💕 https//tco/0DG6eChRgc"}
{"tweet_id":841810308029067264,"created_unixtime":1489538192170,"created_time":"Wed Mar 15 00:36:32 +0000 2017","lang":"en","displayname":"AxelRaymark","time_zone":"Pacific Time (US & Canada)","msg":"RT soompi Happy Birthday to ASTROs JinJin HappyJinJinDay https//tco/re8aLKVIDL https//tco/oAcH44Finb"}
{"tweet_id":841810307827810305,"created_unixtime":1489538192122,"created_time":"Wed Mar 15 00:36:32 +0000 2017","lang":"en","displayname":"MsLadyLawyer","time_zone":"Eastern Time (US & Canada)","msg":"The ThisIsUs season finale is tonight Im excited but sad that my Tuesday nights wont be the same until it returns"}
{"tweet_id":841810307840413696,"created_unixtime":1489538192125,"created_time":"Wed Mar 15 00:36:32 +0000 2017","lang":"en","displayname":"sparklepower22","time_zone":"Atlantic Time (Canada)","msg":"GTLive MatPatGT CordyPatrick I usually miss this to go to a swing dance lesson Im happy to keep swinging to get into shape"}
{"tweet_id":841810307878162432,"created_unixtime":1489538192134,"created_time":"Wed Mar 15 00:36:32 +0000 2017","lang":"en","displayname":"Tazmin98","time_zone":"London","msg":"RT JokerCritic This video is sad to watch now  https//tco/pektoC6eKW"}
{"tweet_id":841810307802664960,"created_unixtime":1489538192116,"created_time":"Wed Mar 15 00:36:32 +0000 2017","lang":"en","displayname":"CRB494","time_zone":"","msg":"RT Jared36swaller Im really happy with life and the people in it right now"}
{"tweet_id":841810308427575296,"created_unixtime":1489538192265,"created_time":"Wed Mar 15 00:36:32 +0000 2017","lang":"tl","displayname":"JeffYcoy","time_zone":"","msg":"RT tteya60 11 days to go Tander na talaga ang Nanay 21 ka na Advance Happy bday Saan ang escapade with Tangi Mas excited… "}
{"tweet_id":841810309253894144,"created_unixtime":1489538192462,"created_time":"Wed Mar 15 00:36:32 +0000 2017","lang":"el","displayname":"makris_g","time_zone":"Athens","msg":"Για ένα project έχω κάνει κάνει 2 meetings άλλο ένα την Κυριακή και δεν ξέρω εάν θα πληρωθω στο τέλος So sad 😞"}
{"tweet_id":841810309543276545,"created_unixtime":1489538192531,"created_time":"Wed Mar 15 00:36:32 +0000 2017","lang":"en","displayname":"laurenn_mcgrath","time_zone":"","msg":"RT lexlindamer laurenn_mcgrath happy birthday baby glad were spending all 3 sports together💦🎉 ily hope ur day was awesome❤️ https//t…"}
{"tweet_id":841810309270638593,"created_unixtime":1489538192466,"created_time":"Wed Mar 15 00:36:32 +0000 2017","lang":"und","displayname":"BritishSuite","time_zone":"","msg":"https//tco/NimhLLQ9Mu"}
{"tweet_id":841810309610405888,"created_unixtime":1489538192547,"created_time":"Wed Mar 15 00:36:32 +0000 2017","lang":"en","displayname":"BiltBooks","time_zone":"","msg":"SteveKingIA You are such a sad example of the human race Sad"}
{"tweet_id":841810310226956289,"created_unixtime":1489538192694,"created_time":"Wed Mar 15 00:36:32 +0000 2017","lang":"en","displayname":"indirectqs","time_zone":"","msg":"i love kwnsjiyong sm idk if she realizes that or if she knows how important our friendship is to me I hope shes always happy  healthyD"}
{"tweet_id":841810310243672064,"created_unixtime":1489538192698,"created_time":"Wed Mar 15 00:36:32 +0000 2017","lang":"en","displayname":"Seeeniaaaxoxo01","time_zone":"","msg":"HAPPY BIRTHDAAY MISS U MORE THAN MARIAH 💖💖💖 https//tco/2OrpznGQ4I"}
{"tweet_id":841810310390517760,"created_unixtime":1489538192733,"created_time":"Wed Mar 15 00:36:32 +0000 2017","lang":"en","displayname":"fen_niqu","time_zone":"","msg":"RT preaching my main focus is to better myself be successful and be happy so if you arent contributing to that then i dont need you i…"}
{"tweet_id":841810310315012096,"created_unixtime":1489538192715,"created_time":"Wed Mar 15 00:36:32 +0000 2017","lang":"en","displayname":"smspike","time_zone":"","msg":"RT SCDSB_Schools March 14 marks the Sikh new calendar year  Happy new year to those celebrating today https//tco/cDw882PS9P SCDSBequ…"}
{"tweet_id":841810310851846144,"created_unixtime":1489538192843,"created_time":"Wed Mar 15 00:36:32 +0000 2017","lang":"en","displayname":"ReytheProphet","time_zone":"","msg":"RT jennniibelly dont be sad 😨 cus its over‼️ be happy 😏 cus it happened BIH 😝😩🤑😈🤘🏻 ride or die goooo sissss ‼️😏💯💯💯 yambss https//tco…"}
{"tweet_id":841810310512144386,"created_unixtime":1489538192762,"created_time":"Wed Mar 15 00:36:32 +0000 2017","lang":"en","displayname":"toriiikelly_","time_zone":"","msg":"Thank you https//tco/5hVI9zfEwd"}
{"tweet_id":841810310675738625,"created_unixtime":1489538192801,"created_time":"Wed Mar 15 00:36:32 +0000 2017","lang":"en","displayname":"CakeSplat","time_zone":"","msg":"RT pastelgrump hes definitely from the stars happy birthday danny ThankYouDan https//tco/3FZaL18HsH"}
{"tweet_id":841810311330033664,"created_unixtime":1489538192957,"created_time":"Wed Mar 15 00:36:32 +0000 2017","lang":"en","displayname":"HollandSykes","time_zone":"","msg":"RT TheDoctorPuppet Happy piday doctorwho petercapaldi pearlmackie billpotts pie https//tco/2KayNRsZ8t"}
{"tweet_id":841810310910611456,"created_unixtime":1489538192857,"created_time":"Wed Mar 15 00:36:32 +0000 2017","lang":"en","displayname":"ChrisAyers_GHS","time_zone":"Hawaii","msg":"MissTRJohnson Happy Bday Time to party  💃"}
{"tweet_id":841810310784786432,"created_unixtime":1489538192827,"created_time":"Wed Mar 15 00:36:32 +0000 2017","lang":"en","displayname":"HnnwfdQkBKxStkV","time_zone":"","msg":"RT OFCALDubKoTo WE DEFINE OUR SET OF EXPECTATIONS AND OUR STANDARDS TO REACH HAPPINESS WHICH WE ALL CALL CONTENTMENT 😊… "}
{"tweet_id":841810311099383813,"created_unixtime":1489538192902,"created_time":"Wed Mar 15 00:36:32 +0000 2017","lang":"en","displayname":"___diona","time_zone":"Eastern Time (US & Canada)","msg":"RT EiramAydni Ill always care about my character more than my reputation i have to live with myselfI have to be happy with myself in…"}
{"tweet_id":841810311816597504,"created_unixtime":1489538193073,"created_time":"Wed Mar 15 00:36:33 +0000 2017","lang":"en","displayname":"BilalP_","time_zone":"London","msg":"RT Stormzy1 Do what makes you happy mate"}
{"tweet_id":841810311468466178,"created_unixtime":1489538192990,"created_time":"Wed Mar 15 00:36:32 +0000 2017","lang":"en","displayname":"linajwin","time_zone":"","msg":"Happy https//tco/RTKxO93oKu"}
{"tweet_id":841810311967608832,"created_unixtime":1489538193109,"created_time":"Wed Mar 15 00:36:33 +0000 2017","lang":"en","displayname":"BabySnowOwll","time_zone":"Quito","msg":"Im just a sad sad girl"}
{"tweet_id":841810311845945345,"created_unixtime":1489538193080,"created_time":"Wed Mar 15 00:36:33 +0000 2017","lang":"en","displayname":"fujimapple","time_zone":"","msg":"im glad theyre happy w/ the progress theyve made at least but that always confuses me LOL"}
{"tweet_id":841810312575700992,"created_unixtime":1489538193254,"created_time":"Wed Mar 15 00:36:33 +0000 2017","lang":"ja","displayname":"amaterasuv3","time_zone":"Pacific Time (US & Canada)","msg":"RT 1ove48 海未ちゃんhappy birthday🎈🎉園田海未生誕祭2017 https//tco/O21yuIYkj3"}
{"tweet_id":841810312529506304,"created_unixtime":1489538193243,"created_time":"Wed Mar 15 00:36:33 +0000 2017","lang":"en","displayname":"ykpmarh","time_zone":"Seoul","msg":"RT offclASTRO_6 [PIC] 170315 Fantagio Official Fancafe Update Happy Birthday 아스트로 JinJjn 4HappyJinJinDay https//tco/GM8hLkYGbS"}
{"tweet_id":841810312609255424,"created_unixtime":1489538193262,"created_time":"Wed Mar 15 00:36:33 +0000 2017","lang":"en","displayname":"FR0GBALL","time_zone":"","msg":"RT MayaPrice4 happy birthday to my friend since birth ❤🎉 FR0GBALL"}
{"tweet_id":841810312672219136,"created_unixtime":1489538193277,"created_time":"Wed Mar 15 00:36:33 +0000 2017","lang":"en","displayname":"MaureenDe2","time_zone":"","msg":"RT DogsRuleNC Drax is a happy 3 yr oldgreat family dogGets along w/kids amp dogshttps//tco/GXQZGgEfYE SGSRescue NC VA MD https/…"}
{"tweet_id":841810312819036162,"created_unixtime":1489538193312,"created_time":"Wed Mar 15 00:36:33 +0000 2017","lang":"en","displayname":"ThauaneBarrera","time_zone":"","msg":"RT LittleMix NoMoreSadSongs for REAL❌❤️ weve made a SpotifyUK playlist with some happy songs☺️ what should we add X the girl… "}
{"tweet_id":841810313108365312,"created_unixtime":1489538193381,"created_time":"Wed Mar 15 00:36:33 +0000 2017","lang":"en","displayname":"yunnrick","time_zone":"","msg":"RT SethariahK This makes me super happy https//tco/aewIZhjdoj"}
{"tweet_id":841810312764506112,"created_unixtime":1489538193299,"created_time":"Wed Mar 15 00:36:33 +0000 2017","lang":"en","displayname":"XxKricka54xX","time_zone":"Eastern Time (US & Canada)","msg":"Random peeps sending me happy msgs hmm  https//tco/s3t1mD0wuF"}
{"tweet_id":841810313091543041,"created_unixtime":1489538193377,"created_time":"Wed Mar 15 00:36:33 +0000 2017","lang":"en","displayname":"DitoSatrio_","time_zone":"Jakarta","msg":"RT iyad_elbaghdadi Minorities are the canaries in the coal mine How comfortable they are how healthy how happy is an indication for h…"}
{"tweet_id":841810313263607808,"created_unixtime":1489538193418,"created_time":"Wed Mar 15 00:36:33 +0000 2017","lang":"en","displayname":"LanaSolange","time_zone":"Eastern Time (US & Canada)","msg":"RT DigiRanma Last time he was here the Speed Force tried to guide Barry into a positive happy placehe said Fuck it and did Flashpoi…"}
{"tweet_id":841810313057992704,"created_unixtime":1489538193369,"created_time":"Wed Mar 15 00:36:33 +0000 2017","lang":"en","displayname":"SeanBasic","time_zone":"Eastern Time (US & Canada)","msg":"RT _Snape_ Happy PiDay https//tco/cI8NnnwW7o"}
{"tweet_id":841810313695576064,"created_unixtime":1489538193521,"created_time":"Wed Mar 15 00:36:33 +0000 2017","lang":"en","displayname":"Silentchardaine","time_zone":"","msg":"RT Dang72855009 menggalurks aldonstacy 😱 nice nmn happy to know that and tnx sa reply dearALDUBxDTBYTugOfHearts"}
{"tweet_id":841810313410404353,"created_unixtime":1489538193453,"created_time":"Wed Mar 15 00:36:33 +0000 2017","lang":"en","displayname":"uhzumakis","time_zone":"Atlantic Time (Canada)","msg":"RT babyfajita relationships arent for everyone this is so sad https//tco/s3PvZIgBYv"}
{"tweet_id":841810313334919168,"created_unixtime":1489538193435,"created_time":"Wed Mar 15 00:36:33 +0000 2017","lang":"en","displayname":"hayyyx","time_zone":"London","msg":"RT Stormzy1 Do what makes you happy mate"}
{"tweet_id":841810313460740096,"created_unixtime":1489538193465,"created_time":"Wed Mar 15 00:36:33 +0000 2017","lang":"en","displayname":"_Appearances","time_zone":"","msg":"This meeting wouldnt necessarily be a particular matter or that person personally and substantially participate… https//tco/3XapUp8YB3"}
{"tweet_id":841810313209077760,"created_unixtime":1489538193405,"created_time":"Wed Mar 15 00:36:33 +0000 2017","lang":"en","displayname":"Chams_Eldin","time_zone":"Athens","msg":"98_radwa Happy birthday 🎊🎂🎈🎁🎉 radwaaaaa"}
{"tweet_id":841810313859088384,"created_unixtime":1489538193560,"created_time":"Wed Mar 15 00:36:33 +0000 2017","lang":"en","displayname":"naddieootd","time_zone":"","msg":"RT JaDinexWolves HAPPY 3RD ANNIVERSARY BEST FANS IN THE WORLD 💜 LetOurPurpleHeartsShineAt3 https//tco/9gL71MXt3x"}
{"tweet_id":841810313745969153,"created_unixtime":1489538193533,"created_time":"Wed Mar 15 00:36:33 +0000 2017","lang":"en","displayname":"diane_morgan","time_zone":"Pacific Time (US & Canada)","msg":"Happy piday  mollymblack ericmallorymorgan laurahewittdudley thecaseyblack come home for more pie https//tco/I3U7MESw65"}
{"tweet_id":841810314043785216,"created_unixtime":1489538193604,"created_time":"Wed Mar 15 00:36:33 +0000 2017","lang":"en","displayname":"TheDudeFromToto","time_zone":"","msg":"My sister always calls Gerard cute and it makes me so happy that she likes him"}
{"tweet_id":841810314039595008,"created_unixtime":1489538193603,"created_time":"Wed Mar 15 00:36:33 +0000 2017","lang":"es","displayname":"ath_jyp","time_zone":"Pacific Time (US & Canada)","msg":"Tus rayos son sad https//tco/mK2L3tdc0v"}
{"tweet_id":841810314001698816,"created_unixtime":1489538193594,"created_time":"Wed Mar 15 00:36:33 +0000 2017","lang":"en","displayname":"shiva123mgr_ale","time_zone":"","msg":"RT lynn_nich carlosllanes28 koptseva1970y Bless You  CarlosHappy Weekend Xo💞💕 https//tco/nxya5Itf8k"}
{"tweet_id":841810314031202304,"created_unixtime":1489538193601,"created_time":"Wed Mar 15 00:36:33 +0000 2017","lang":"en","displayname":"lctinamami","time_zone":"Central Time (US & Canada)","msg":"badgalvicks BITCH MY GOAL IS TO MAKE YOU HAPPY"}
{"tweet_id":841810314073116672,"created_unixtime":1489538193611,"created_time":"Wed Mar 15 00:36:33 +0000 2017","lang":"en","displayname":"lmjnats","time_zone":"Pacific Time (US & Canada)","msg":"RT 5HVotingStats Scared Of Happy FifthHarmony YouKnowYouLoveThem radiodisney"}
{"tweet_id":841810314224111618,"created_unixtime":1489538193647,"created_time":"Wed Mar 15 00:36:33 +0000 2017","lang":"en","displayname":"taeringapart","time_zone":"","msg":"aigustds OU NY HFIDDF MALUUUUY IM SO HAPPY FOR YOU"}
{"tweet_id":841810314551275525,"created_unixtime":1489538193725,"created_time":"Wed Mar 15 00:36:33 +0000 2017","lang":"en","displayname":"HunterCichocki2","time_zone":"","msg":"RT ViraIThread His parents were not happy with his driving 😳😂 https//tco/hORTzqDdKN"}
{"tweet_id":841810314811342850,"created_unixtime":1489538193787,"created_time":"Wed Mar 15 00:36:33 +0000 2017","lang":"en","displayname":"LyndsayRennick","time_zone":"","msg":"RT barrybrianna49 Its so sad how the people u used to be best friends w ampshare ur entire life w dont even communicate w u anymore ampu act…"}
{"tweet_id":841810311422324736,"created_unixtime":1489538192979,"created_time":"Wed Mar 15 00:36:32 +0000 2017","lang":"en","displayname":"gringanovelera","time_zone":"","msg":"So happy to see my dear friend the great actor  RUBENMORALESM  in the telenovela that celebrates telenovelas… https//tco/AU9kAuDfIx"}
{"tweet_id":841810315415232513,"created_unixtime":1489538193931,"created_time":"Wed Mar 15 00:36:33 +0000 2017","lang":"en","displayname":"JennRose_04","time_zone":"","msg":"RT preaching my main focus is to better myself be successful and be happy so if you arent contributing to that then i dont need you i…"}
{"tweet_id":841810315364966401,"created_unixtime":1489538193919,"created_time":"Wed Mar 15 00:36:33 +0000 2017","lang":"en","displayname":"bae_is_missing","time_zone":"New Delhi","msg":"RT rawat_manbir bobbydeol0 happy holi bro Crazykanika anu_sweetuu Divyathoughts vishnu9966 IntolerantMano2 iSharmaAkshay… "}
{"tweet_id":841810315624996868,"created_unixtime":1489538193981,"created_time":"Wed Mar 15 00:36:33 +0000 2017","lang":"en","displayname":"Sierraaamist__","time_zone":"Pacific Time (US & Canada)","msg":"RT GhazzaouiDaniel I love making people happy"}
{"tweet_id":841810316014972928,"created_unixtime":1489538194074,"created_time":"Wed Mar 15 00:36:34 +0000 2017","lang":"en","displayname":"kfambudi","time_zone":"Abu Dhabi","msg":"RT neiltyson 314  Happy Piday to Gregorian calendar users who reckon dates with month followed by day separated by period omitting year"}
{"tweet_id":841810315855728641,"created_unixtime":1489538194036,"created_time":"Wed Mar 15 00:36:34 +0000 2017","lang":"en","displayname":"MaximoBaezaybar","time_zone":"Pacific Time (US & Canada)","msg":"RT FBIMostWanted Happy 67th Birthday to the FBI Ten Most Wanted Fugitives List created on March 14 1950 https//tco/aaf7lqVtLn"}
{"tweet_id":841810316388319233,"created_unixtime":1489538194163,"created_time":"Wed Mar 15 00:36:34 +0000 2017","lang":"en","displayname":"vidie_86","time_zone":"","msg":"RT TheShadeRoom Happy 29th Birthday to StephCurry TSRBirthDayz 🎈 https//tco/QXsnII2ye9"}
{"tweet_id":841810315931185152,"created_unixtime":1489538194054,"created_time":"Wed Mar 15 00:36:34 +0000 2017","lang":"en","displayname":"Bugraademirci","time_zone":"Istanbul","msg":"RT AnimalsOnIy look how happy dad is https//tco/gxfHZ1hnzK"}
{"tweet_id":841810316686184448,"created_unixtime":1489538194234,"created_time":"Wed Mar 15 00:36:34 +0000 2017","lang":"en","displayname":"BDouble_87","time_zone":"London","msg":"TWrestlingmag And that is very sad but she never raises an issue and it goes to show she is a team player"}
{"tweet_id":841810317176795136,"created_unixtime":1489538194351,"created_time":"Wed Mar 15 00:36:34 +0000 2017","lang":"en","displayname":"BruceBulacan","time_zone":"","msg":"RT ohteenquotes Spend life with who makes you happy not with who you have to impress"}
{"tweet_id":841810317055295492,"created_unixtime":1489538194322,"created_time":"Wed Mar 15 00:36:34 +0000 2017","lang":"en","displayname":"eddieb2","time_zone":"Central Time (US & Canada)","msg":"TWEET OF DAY gt https//tco/jApTJDIHfG"}
{"tweet_id":841810317030047744,"created_unixtime":1489538194316,"created_time":"Wed Mar 15 00:36:34 +0000 2017","lang":"en","displayname":"jingIsAGirl","time_zone":"Pacific Time (US & Canada)","msg":"JaDinesLetOurPurpleHeartsShineAt3Happy Anniversary I love you fanmily Group hug https//tco/IHQjCpnS78"}
{"tweet_id":841810317113995264,"created_unixtime":1489538194336,"created_time":"Wed Mar 15 00:36:34 +0000 2017","lang":"en","displayname":"ReginaMBrazil","time_zone":"Greenland","msg":"RT Tinapeg2 A person who never made a mistake never tried anything new🌹Happy Birthday AlbertEinstein amp happy PiDay… "}
{"tweet_id":841810316635836416,"created_unixtime":1489538194222,"created_time":"Wed Mar 15 00:36:34 +0000 2017","lang":"en","displayname":"ksnutwell","time_zone":"Eastern Time (US & Canada)","msg":"katecheater happy birthday 💕💕 https//tco/uCeBwnMwrl"}
{"tweet_id":841810317818527746,"created_unixtime":1489538194504,"created_time":"Wed Mar 15 00:36:34 +0000 2017","lang":"en","displayname":"ainulsparkles","time_zone":"Pacific Time (US & Canada)","msg":"FahmiFD you too Happy working 😎"}
{"tweet_id":841810317810253824,"created_unixtime":1489538194502,"created_time":"Wed Mar 15 00:36:34 +0000 2017","lang":"en","displayname":"BlessedByGod76","time_zone":"","msg":"RT KeepCaImTweets Be happy Be who you wanna be If others dont like it then let them be Happiness is a choice Life isnt about pleas…"}
{"tweet_id":841810317877297152,"created_unixtime":1489538194518,"created_time":"Wed Mar 15 00:36:34 +0000 2017","lang":"en","displayname":"nieAnSarad","time_zone":"","msg":"Good morning to allHappy watching MAYWARDMBMayWard"}
{"tweet_id":841810318040817664,"created_unixtime":1489538194557,"created_time":"Wed Mar 15 00:36:34 +0000 2017","lang":"en","displayname":"yaboynyp","time_zone":"","msg":"RT CNN Sen Schumer on CBO report Do facts matter anymore to our colleagues to the President Does truth matter Sad a… "}
{"tweet_id":841810317545996288,"created_unixtime":1489538194439,"created_time":"Wed Mar 15 00:36:34 +0000 2017","lang":"en","displayname":"Diewoof","time_zone":"Central Time (US & Canada)","msg":"RT GameOfThrones Happy GameofThrones PiDay https//tco/N1spcVNHuw"}
{"tweet_id":841810318271504384,"created_unixtime":1489538194612,"created_time":"Wed Mar 15 00:36:34 +0000 2017","lang":"en","displayname":"mikittydesu","time_zone":"Pacific Time (US & Canada)","msg":"the sad reality is that a huge chunk of design time is spent on physical design but that has 0 intellectual merit am i wasting my time"}
{"tweet_id":841810318087065601,"created_unixtime":1489538194568,"created_time":"Wed Mar 15 00:36:34 +0000 2017","lang":"en","displayname":"Cyn_Santana","time_zone":"Quito","msg":"Hmmm think I wanna eat ice cream watch sad movies and cry all night Send those movies in guys ☺"}
{"tweet_id":841810318246477824,"created_unixtime":1489538194606,"created_time":"Wed Mar 15 00:36:34 +0000 2017","lang":"en","displayname":"mahadevrdesai","time_zone":"New Delhi","msg":"RT narendramodi Absolutely Happy to be the Pradhan Sevak for each and every Indian https//tco/BEreA1GNVJ"}
{"tweet_id":841810318091264000,"created_unixtime":1489538194569,"created_time":"Wed Mar 15 00:36:34 +0000 2017","lang":"en","displayname":"connorrobert21","time_zone":"","msg":"RT RoastMeDaily Bob Barker and Adam Sandler did a Happy Gilmore reunion skit and it was great https//tco/LCtdsSqoeZ"}
{"tweet_id":841810317403385856,"created_unixtime":1489538194405,"created_time":"Wed Mar 15 00:36:34 +0000 2017","lang":"en","displayname":"eugeneedelro","time_zone":"Central Time (US & Canada)","msg":"Thank you janella Miss youuu💖❤️ https//tco/YTAji1GrkB"}
{"tweet_id":841810318804287488,"created_unixtime":1489538194739,"created_time":"Wed Mar 15 00:36:34 +0000 2017","lang":"en","displayname":"bfurgerson92","time_zone":"","msg":"RT HornyFacts i could chill at my boyfriends house amp he can spend 0 on me amp i would be happy asf yall girls crazy"}
{"tweet_id":841810318791725058,"created_unixtime":1489538194736,"created_time":"Wed Mar 15 00:36:34 +0000 2017","lang":"en","displayname":"TheTickleFox","time_zone":"","msg":"RT MarshallJulius Happy Birthday Michael Caine 84“Be like a duck Calm on the surface but always paddling like the dickens undern… "}
{"tweet_id":841810319047569410,"created_unixtime":1489538194797,"created_time":"Wed Mar 15 00:36:34 +0000 2017","lang":"en","displayname":"malejandraruizm","time_zone":"Quito","msg":"RT SincerelyTumblr So annoying when ppl are like ur always laughin U laugh at everything Its not that funny like OK sorry Im a hap…"}
{"tweet_id":841810319097921538,"created_unixtime":1489538194809,"created_time":"Wed Mar 15 00:36:34 +0000 2017","lang":"en","displayname":"Animaleyz","time_zone":"Eastern Time (US & Canada)","msg":"ValerieInsinna sad how Furlong let himself go"}
{"tweet_id":841810319374729216,"created_unixtime":1489538194875,"created_time":"Wed Mar 15 00:36:34 +0000 2017","lang":"en","displayname":"lainapete","time_zone":"Mountain Time (US & Canada)","msg":"RT kenziesmith96 Happy 21st gorgeous Plzzz visit soon❤🎉 https//tco/gJwqHSvB3x"}
{"tweet_id":841810319617974272,"created_unixtime":1489538194933,"created_time":"Wed Mar 15 00:36:34 +0000 2017","lang":"en","displayname":"choi_seunghyuns","time_zone":"Atlantic Time (Canada)","msg":"RT fxactivist the sad thing is this isnt the first time amber has talked about sm ignoring her https//tco/BHhopD2xFB"}
{"tweet_id":841810320184172547,"created_unixtime":1489538195068,"created_time":"Wed Mar 15 00:36:35 +0000 2017","lang":"en","displayname":"bjhulz08","time_zone":"","msg":"RT lucyliciousmith Edward So happy to be here MBMayWard"}
{"tweet_id":841810320121290752,"created_unixtime":1489538195053,"created_time":"Wed Mar 15 00:36:35 +0000 2017","lang":"en","displayname":"angus6571","time_zone":"Pacific Time (US & Canada)","msg":"RT MomItForward Q6 DOES FOOD MAKE YOU HAPPY WHAT DISHES MAKE YOU THE HAPPIEST AvoHappiness GNO PLS RT"}
{"tweet_id":841810320414916609,"created_unixtime":1489538195123,"created_time":"Wed Mar 15 00:36:35 +0000 2017","lang":"en","displayname":"ErinLea7","time_zone":"Eastern Time (US & Canada)","msg":"Its a sad day when Im trying to choose between watching The Bad Girls Club or Rachel Maddow"}
{"tweet_id":841810320146477056,"created_unixtime":1489538195059,"created_time":"Wed Mar 15 00:36:35 +0000 2017","lang":"en","displayname":"jailaalyanna","time_zone":"","msg":"RT gia__astacio I love people that ruin someone elses happiness just to make themselves happy like those are great people 🙄🙄"}
{"tweet_id":841810320645623810,"created_unixtime":1489538195178,"created_time":"Wed Mar 15 00:36:35 +0000 2017","lang":"en","displayname":"CassieLamonaca","time_zone":"","msg":"RT MomItForward Q6 DOES FOOD MAKE YOU HAPPY WHAT DISHES MAKE YOU THE HAPPIEST AvoHappiness GNO PLS RT"}
{"tweet_id":841810320922312704,"created_unixtime":1489538195244,"created_time":"Wed Mar 15 00:36:35 +0000 2017","lang":"en","displayname":"Soshigoddesses","time_zone":"Jakarta","msg":"RT theseoulstory Happy Birthday to ASTRO JinJin Have a great celebration amp we wish you many more happy days 🎂🎉 HappyJinJinDay… "}
{"tweet_id":841810320775622656,"created_unixtime":1489538195209,"created_time":"Wed Mar 15 00:36:35 +0000 2017","lang":"en","displayname":"ish0610","time_zone":"Eastern Time (US & Canada)","msg":"RT WhitePplQuote Wishing their parents a happy birthday on Instagram or Twitter when their parents dont have social media"}
{"tweet_id":841810321287270401,"created_unixtime":1489538195331,"created_time":"Wed Mar 15 00:36:35 +0000 2017","lang":"en","displayname":"afqhathra","time_zone":"Kuala Lumpur","msg":"RT dmtroll Without this guy we wont have little happy moments in the latest episodes of Defendant https//tco/Fkv4lRlNjQ"}
{"tweet_id":841810321329156096,"created_unixtime":1489538195341,"created_time":"Wed Mar 15 00:36:35 +0000 2017","lang":"en","displayname":"DrBharatSingh2","time_zone":"","msg":"RT ranigill7 DrBharatSingh2  GOODMORNING FRIENDSWISHING YOU ALL  A LOVELY WEDNESDAYSTAY BLESSED AND HAPPYKEEP SMILING… "}
{"tweet_id":841810318426832897,"created_unixtime":1489538194649,"created_time":"Wed Mar 15 00:36:34 +0000 2017","lang":"en","displayname":"abbeyberg7","time_zone":"","msg":"Happy Birthdaycdcdcd777 hope you had a great day🎉💕 https//tco/I6tvNz7K2y"}
{"tweet_id":841810321434009601,"created_unixtime":1489538195366,"created_time":"Wed Mar 15 00:36:35 +0000 2017","lang":"en","displayname":"alyssaarohrer","time_zone":"","msg":"Happy one year ❤🌴 https//tco/94ra3AFL9o"}
{"tweet_id":841810321350230016,"created_unixtime":1489538195346,"created_time":"Wed Mar 15 00:36:35 +0000 2017","lang":"en","displayname":"Cammie_Cochran","time_zone":"Quito","msg":"Happy Birthday mattiehogan03 😊🎈"}
{"tweet_id":841810321509560320,"created_unixtime":1489538195384,"created_time":"Wed Mar 15 00:36:35 +0000 2017","lang":"ja","displayname":"bat_shu2ys","time_zone":"","msg":"RT ShioriCcha Happy Birthday 杏果🎂1番ちっちゃいのに1番力強い杏果が大好きです。有安杏果誕生祭 https//tco/kHFY03XLNH"}
{"tweet_id":841810321715138562,"created_unixtime":1489538195433,"created_time":"Wed Mar 15 00:36:35 +0000 2017","lang":"en","displayname":"angeIhoshi","time_zone":"","msg":"angeIhoshi this is literally just putting Text on an Image but this song makes me so happy i get dizzy"}
{"tweet_id":841810321534779393,"created_unixtime":1489538195390,"created_time":"Wed Mar 15 00:36:35 +0000 2017","lang":"en","displayname":"DarelynnBassoon","time_zone":"","msg":"DarelynnBassoon Happy Pi Day"}
{"tweet_id":841810320146497536,"created_unixtime":1489538195059,"created_time":"Wed Mar 15 00:36:35 +0000 2017","lang":"en","displayname":"myacopelandd","time_zone":"","msg":"HAPPY 17th ZOE ily❤ SchaefferZoe https//tco/lEoFyUrFcb"}
{"tweet_id":841810321467662336,"created_unixtime":1489538195374,"created_time":"Wed Mar 15 00:36:35 +0000 2017","lang":"en","displayname":"TakeYouToRome","time_zone":"Central Time (US & Canada)","msg":"RT D_Deji28 Do you guys know why he was killed A girl lied that he raped her and her brother shot him dead https//tco/IWDVDZp3rz"}
{"tweet_id":841810323111723009,"created_unixtime":1489538195766,"created_time":"Wed Mar 15 00:36:35 +0000 2017","lang":"en","displayname":"LoudFanBoy","time_zone":"","msg":"RT lucyliciousmith Edward So happy to be here MBMayWard"}
{"tweet_id":841810323304734721,"created_unixtime":1489538195812,"created_time":"Wed Mar 15 00:36:35 +0000 2017","lang":"ja","displayname":"U_mY7777","time_zone":"","msg":"Happy Birthday 海未ちゃん♥♥♥  北原朋萌｡◆コミ1[し40a] pixiv https//tco/iTCu7n3XUD"}
{"tweet_id":841810322998628353,"created_unixtime":1489538195739,"created_time":"Wed Mar 15 00:36:35 +0000 2017","lang":"en","displayname":"NevaDyingBroke","time_zone":"","msg":"Essentially it cancels each other out and both could be aint shit together and happy https//tco/8pOCeWsh3V"}
{"tweet_id":841810322814042114,"created_unixtime":1489538195695,"created_time":"Wed Mar 15 00:36:35 +0000 2017","lang":"en","displayname":"kipwood13","time_zone":"Eastern Time (US & Canada)","msg":"RT RoseAnnDeMoro Happy Pi Day PiDay resist https//tco/WtRwHPsSL2"}
{"tweet_id":841810323229278212,"created_unixtime":1489538195794,"created_time":"Wed Mar 15 00:36:35 +0000 2017","lang":"en","displayname":"realityinbytes","time_zone":"Pacific Time (US & Canada)","msg":"RT RWPUSA Another White House ethics complaint from our team at CREW  Sad https//tco/jm2kvIUMhH"}
{"tweet_id":841810323086675968,"created_unixtime":1489538195760,"created_time":"Wed Mar 15 00:36:35 +0000 2017","lang":"en","displayname":"LanaSolange","time_zone":"Eastern Time (US & Canada)","msg":"RT DigiRanma Hey Bar Something tells me the Speed Force is pissed TheFlash https//tco/aQ0NpsYXZK"}
{"tweet_id":841810322780508161,"created_unixtime":1489538195687,"created_time":"Wed Mar 15 00:36:35 +0000 2017","lang":"en","displayname":"copyrightmariah","time_zone":"Eastern Time (US & Canada)","msg":"having time to bake when it isnt 2 am is such a nice feeling Im so happy"}
{"tweet_id":841810323984142337,"created_unixtime":1489538195974,"created_time":"Wed Mar 15 00:36:35 +0000 2017","lang":"en","displayname":"amynelss","time_zone":"Pacific Time (US & Canada)","msg":"0314 Happy Pie Day plus a quick tour of Block 16s expanded dining room Pi https//tco/IBUtfKRzMU"}
{"tweet_id":841810324239994881,"created_unixtime":1489538196035,"created_time":"Wed Mar 15 00:36:36 +0000 2017","lang":"en","displayname":"mwsp080616","time_zone":"","msg":"RT PBBKAHOUSE I cried I was sad I was guilty I was everything Edward MBMayWard"}
{"tweet_id":841810324303020034,"created_unixtime":1489538196050,"created_time":"Wed Mar 15 00:36:36 +0000 2017","lang":"en","displayname":"JaneIto07","time_zone":"Central Time (US & Canada)","msg":"RT CommScope Happy PIDay from everyone at CommScope https//tco/pnovKvvuaA"}
{"tweet_id":841810324948844544,"created_unixtime":1489538196204,"created_time":"Wed Mar 15 00:36:36 +0000 2017","lang":"en","displayname":"Kellerrlindsayy","time_zone":"Arizona","msg":"RT Maddybaer Happy one year amigos ❤🇨🇷{victoriaapeddie hudsonbuuurrsch} https//tco/joeagFmrlO"}
{"tweet_id":841810324705705984,"created_unixtime":1489538196146,"created_time":"Wed Mar 15 00:36:36 +0000 2017","lang":"en","displayname":"Ant_Himself","time_zone":"Atlantic Time (Canada)","msg":"Trynna keep everybody happy but I just end up hurt💯"}
{"tweet_id":841810324667944961,"created_unixtime":1489538196137,"created_time":"Wed Mar 15 00:36:36 +0000 2017","lang":"en","displayname":"PIYUSHINSAN7","time_zone":"","msg":"RT ManjuSetia Holi Celebration With MSG Happy Holi Dr MSG https//tco/qsiv8F3SCi"}
{"tweet_id":841810324701491200,"created_unixtime":1489538196145,"created_time":"Wed Mar 15 00:36:36 +0000 2017","lang":"und","displayname":"Milionerce3","time_zone":"","msg":"RT _veloociraptor_ Najviše mrzim kad nekog po drugi put sretnem u gradu prvi put sam se javio šta sad da radim da popričamo da iskulir…"}
{"tweet_id":841810325263462401,"created_unixtime":1489538196279,"created_time":"Wed Mar 15 00:36:36 +0000 2017","lang":"ko","displayname":"ppatterry","time_zone":"Bangkok","msg":"RT offclASTRO Happy birthday to you~ 진진형 22번째 생일을진심으로 축하해요🎉🎉 착하고 장난도 잘받아주고 리더쉽있는ㅎㅎ진진형 귀염댕이 아스트로 잘부탁드려요생일선물 나 HappyJINJINDay https//…"}
{"tweet_id":841810325313859584,"created_unixtime":1489538196291,"created_time":"Wed Mar 15 00:36:36 +0000 2017","lang":"en","displayname":"NerdsWithWords1","time_zone":"","msg":"RT TeamDBAH Its a happy Destiny snowday Talk of ageoftriumphand destiny figures switch review and more PodernFamily  https//tc…"}
{"tweet_id":841810325351596032,"created_unixtime":1489538196300,"created_time":"Wed Mar 15 00:36:36 +0000 2017","lang":"en","displayname":"Samflor23848619","time_zone":"","msg":"RT preaching my main focus is to better myself be successful and be happy so if you arent contributing to that then i dont need you i…"}
{"tweet_id":841810325913518080,"created_unixtime":1489538196434,"created_time":"Wed Mar 15 00:36:36 +0000 2017","lang":"en","displayname":"galaxymins","time_zone":"Pacific Time (US & Canada)","msg":"i am so happy  yall making friends sniff feel like a proud mom https//tco/rPkaaJa9RQ"}
{"tweet_id":841810326425227268,"created_unixtime":1489538196556,"created_time":"Wed Mar 15 00:36:36 +0000 2017","lang":"en","displayname":"starlessnite06","time_zone":"","msg":"RT rob7dagr At the end of the day the most important thing is that Miho is happy because Aimi is happy Who makes them happy Tommy LL…"}
{"tweet_id":841810326182064129,"created_unixtime":1489538196498,"created_time":"Wed Mar 15 00:36:36 +0000 2017","lang":"en","displayname":"pgh_princess","time_zone":"Eastern Time (US & Canada)","msg":"viallnicholas28 VanessaGrimaldi happy for both of you sending lots of love"}
{"tweet_id":841810326039478273,"created_unixtime":1489538196464,"created_time":"Wed Mar 15 00:36:36 +0000 2017","lang":"en","displayname":"thiswomanswords","time_zone":"Central Time (US & Canada)","msg":"Listening to music that makes me happy Making it a point to leave the house to complete small tasks Not beating m… https//tco/JW7WGKPGYQ"}
{"tweet_id":841810326676881408,"created_unixtime":1489538196616,"created_time":"Wed Mar 15 00:36:36 +0000 2017","lang":"en","displayname":"SchoolBoyCeesar","time_zone":"","msg":"RT ChampionsLeague Sad to see you go Porto amp Sevilla Best of luck for the rest of the season amp hope to see you back soon 👏 UCL https/…"}
{"tweet_id":841810327146704897,"created_unixtime":1489538196728,"created_time":"Wed Mar 15 00:36:36 +0000 2017","lang":"en","displayname":"tyyreeee","time_zone":"Pacific Time (US & Canada)","msg":"RT thats_d_ happy thanksgiving 😂😂😂😂 https//tco/Og43dsmdeX"}
{"tweet_id":841810326861582337,"created_unixtime":1489538196660,"created_time":"Wed Mar 15 00:36:36 +0000 2017","lang":"en","displayname":"D_cross100","time_zone":"","msg":"_meermaaaid happy birthday"}
{"tweet_id":841810326983184384,"created_unixtime":1489538196689,"created_time":"Wed Mar 15 00:36:36 +0000 2017","lang":"en","displayname":"HijackedCat","time_zone":"Lisbon","msg":"RT chika___n Denego_ happy white day How are you Momochans doing great 9 maybe I should come and see you to thank you fo… "}
{"tweet_id":841810326945439746,"created_unixtime":1489538196680,"created_time":"Wed Mar 15 00:36:36 +0000 2017","lang":"en","displayname":"Devins_World","time_zone":"Pacific Time (US & Canada)","msg":"RT lovable_Cute Devins_World I would have woke up happy she throwing me ones"}
{"tweet_id":841810327947886593,"created_unixtime":1489538196919,"created_time":"Wed Mar 15 00:36:36 +0000 2017","lang":"en","displayname":"JayYou_3","time_zone":"Eastern Time (US & Canada)","msg":"Neek twerksum 😂😂😂 preesh https//tco/W7HJ1Zj3sV"}
{"tweet_id":841810327385870336,"created_unixtime":1489538196785,"created_time":"Wed Mar 15 00:36:36 +0000 2017","lang":"en","displayname":"Summrluver","time_zone":"Quito","msg":"MomItForward A6 Yessss Too happy if you ask me  I love sweets and comfort food AvoHappiness GNO"}
{"tweet_id":841810328308617216,"created_unixtime":1489538197005,"created_time":"Wed Mar 15 00:36:37 +0000 2017","lang":"en","displayname":"bobz_25","time_zone":"","msg":"RT UnusualFactPage Remember the five simple rules to be happyFree your heart from hatredFree your mind from worriesLive simplyGi…"}
{"tweet_id":841810326618275840,"created_unixtime":1489538196602,"created_time":"Wed Mar 15 00:36:36 +0000 2017","lang":"en","displayname":"janemfairless","time_zone":"","msg":"Arthur_Strong Happy memories Wish I had enough money to come and see you again at Tyne Theatre https//tco/ldMATM7SIc"}
{"tweet_id":841810328342151168,"created_unixtime":1489538197013,"created_time":"Wed Mar 15 00:36:37 +0000 2017","lang":"en","displayname":"angelracqueal","time_zone":"","msg":"RT King_Bria23 Happy asf https//tco/vaauIU53py"}
{"tweet_id":841810328467996672,"created_unixtime":1489538197043,"created_time":"Wed Mar 15 00:36:37 +0000 2017","lang":"en","displayname":"jasmineroses9","time_zone":"","msg":"jacobsartorius you so hot that if you say oh i want to to date you i will be the happy person in the world😍😱🤣"}
{"tweet_id":841810328908361728,"created_unixtime":1489538197148,"created_time":"Wed Mar 15 00:36:37 +0000 2017","lang":"en","displayname":"lspanhake","time_zone":"","msg":"RT mathspace Happy PiDay everyone Check out this great clip about Pi edtech education math https//tco/SKRopG7e6R"}
{"tweet_id":841810329147383809,"created_unixtime":1489538197205,"created_time":"Wed Mar 15 00:36:37 +0000 2017","lang":"en","displayname":"StephanieArduo","time_zone":"Pacific Time (US & Canada)","msg":"RT thedomesticdiva RT MomItForward Q6 DOES FOOD MAKE YOU HAPPY WHAT DISHES MAKE YOU THE HAPPIEST AvoHappiness GNO PLS RT"}
{"tweet_id":841810329004830721,"created_unixtime":1489538197171,"created_time":"Wed Mar 15 00:36:37 +0000 2017","lang":"en","displayname":"MrCofCG","time_zone":"","msg":"RT colbysharp Happy book birthday A Boy Called BAT Im giving away a copy RT by 10 PM EDT to enter 🦇 https//tco/XimxFBHFMg https//…"}
{"tweet_id":841810328224714752,"created_unixtime":1489538196985,"created_time":"Wed Mar 15 00:36:36 +0000 2017","lang":"en","displayname":"grejeennews","time_zone":"","msg":"Punjab 2 Congress workers shot police say old rivalry led to clash https//tco/4nSYGCJkfi https//tco/kSZ5rUTtCu"}
{"tweet_id":841810329457836033,"created_unixtime":1489538197279,"created_time":"Wed Mar 15 00:36:37 +0000 2017","lang":"en","displayname":"emilyy_gordonn","time_zone":"","msg":"RT _santanaalvarez happy birthday emilyy_gordonn  Im so lucky to have a great friend like you ily💗 https//tco/4BhfA8eMz7"}
{"tweet_id":841810329684312064,"created_unixtime":1489538197333,"created_time":"Wed Mar 15 00:36:37 +0000 2017","lang":"en","displayname":"bertdasoul","time_zone":"Alaska","msg":"Ill be fine if you are happy sigh"}
{"tweet_id":841810329659138051,"created_unixtime":1489538197327,"created_time":"Wed Mar 15 00:36:37 +0000 2017","lang":"en","displayname":"Loganeblen","time_zone":"","msg":"RT MeninistTweet Happy pi dayThe Falcons blew a 283 lead314283  31the warriors blew a 31 lead in the NBA Finals"}
{"tweet_id":841810330170888192,"created_unixtime":1489538197449,"created_time":"Wed Mar 15 00:36:37 +0000 2017","lang":"en","displayname":"stylxstressed","time_zone":"","msg":"RT camilacabello97 GUYS DONT BE SAD BECAUSE THE BEST PRIZE WE COULD HAVE IS HAVING FANS AS LOVELY AND DEDICATED AND AS LOYAL AS U GUYS T…"}
{"tweet_id":841810330384658432,"created_unixtime":1489538197500,"created_time":"Wed Mar 15 00:36:37 +0000 2017","lang":"en","displayname":"UenoryYoo","time_zone":"Hanoi","msg":"RT peachcream_jh 170314 happy white day🍬 재현https//tco/z1tasMTVEd https//tco/2UzzcKA6yn"}
{"tweet_id":841810330414137344,"created_unixtime":1489538197507,"created_time":"Wed Mar 15 00:36:37 +0000 2017","lang":"en","displayname":"jacksterjack99","time_zone":"","msg":"AKoritsas thanks buddy Im happy for you on your commitment today too"}
{"tweet_id":841810330355392513,"created_unixtime":1489538197493,"created_time":"Wed Mar 15 00:36:37 +0000 2017","lang":"en","displayname":"xmrsgrint","time_zone":"Mid-Atlantic","msg":"RT EternalyDelena After a long and happy life togetherDelena https//tco/dLX0fwhQBP"}
{"tweet_id":841810330498039808,"created_unixtime":1489538197527,"created_time":"Wed Mar 15 00:36:37 +0000 2017","lang":"en","displayname":"mattywarner_","time_zone":"","msg":"RT KilohMurray mattywarner_ Happy birthday to one of my best mates hope you have a good day ma boy and Ill see you tonight ❤️🎉 https/…"}
{"tweet_id":841810330720198656,"created_unixtime":1489538197580,"created_time":"Wed Mar 15 00:36:37 +0000 2017","lang":"ja","displayname":"Aomaru924","time_zone":"","msg":"RT BELCORNO ラテアート【園田海未】＠ラブライブ！LatteArt【Umi Sonoda】＠ Love Live本日お誕生日で一杯。Happy Birthday作成動画：https//tco/M7aP8M7SKK… "}
{"tweet_id":841810330628042757,"created_unixtime":1489538197558,"created_time":"Wed Mar 15 00:36:37 +0000 2017","lang":"en","displayname":"cherryyeri","time_zone":"","msg":"RT shineeytcomment jinki can cure everyones selfishness bc after u see him you dont think about yourself anymore you think about whether…"}
{"tweet_id":841810330682552320,"created_unixtime":1489538197571,"created_time":"Wed Mar 15 00:36:37 +0000 2017","lang":"en","displayname":"m_delena","time_zone":"Eastern Time (US & Canada)","msg":"Today was such a long day I want my son and a margarita I know that sounds bad But those are the two things that make me happy so 🤗"}
{"tweet_id":841810330871332864,"created_unixtime":1489538197616,"created_time":"Wed Mar 15 00:36:37 +0000 2017","lang":"en","displayname":"MarcyRainhaVamp","time_zone":"","msg":"RT MabelPinesRp 🌈Mabel Pines 🐷Gravity Falls   🦄Love Sweater animals I said sweater 🍩How can you be happy if someone else… "}
{"tweet_id":841810330971856896,"created_unixtime":1489538197640,"created_time":"Wed Mar 15 00:36:37 +0000 2017","lang":"en","displayname":"IceGryphonX","time_zone":"Arizona","msg":"RT GolanMay Happy amp excited to be joining JewishLifeTV with ILTVNews with IsraeliFrememies Airing Tuesdays at 1030 PM ET/PT https//…"}
{"tweet_id":841810331047452672,"created_unixtime":1489538197658,"created_time":"Wed Mar 15 00:36:37 +0000 2017","lang":"en","displayname":"kendallbenton3","time_zone":"","msg":"RT heathersuezanne happy birthday kendallbenton3  so glad we have gotten close this year  you have such a sweet soul 💓💓 luv u bunch…"}
{"tweet_id":841810331492069377,"created_unixtime":1489538197764,"created_time":"Wed Mar 15 00:36:37 +0000 2017","lang":"en","displayname":"lvnnyates","time_zone":"","msg":"A6 Boiled eggs avacadosc and pb toast I love my breakfast AvoHappiness  gno https//tco/f10lrqSNEq"}
{"tweet_id":841810331684999168,"created_unixtime":1489538197810,"created_time":"Wed Mar 15 00:36:37 +0000 2017","lang":"en","displayname":"Iam_lekgetho","time_zone":"Eastern Time (US & Canada)","msg":"RT CultureFUBU Happy Birthday Merlin SantanaRIP https//tco/0K4quO4M5g"}
{"tweet_id":841810332439912450,"created_unixtime":1489538197990,"created_time":"Wed Mar 15 00:36:37 +0000 2017","lang":"en","displayname":"belarmino_d","time_zone":"","msg":"RT aim0519 Being happy comes from within😍 HappyWednesbaeEveryJuan🤗ilybibi mainedcm 💛ALDUBxDTBYTugOfHearts https//tco/aZIemeJayo"}
{"tweet_id":841810332251258881,"created_unixtime":1489538197945,"created_time":"Wed Mar 15 00:36:37 +0000 2017","lang":"en","displayname":"livier_danna","time_zone":"","msg":"RT Vegas mariobautista_ Happy birthday 🎉 Thanks for celebrating in Vegas🙌"}
{"tweet_id":841810332700049413,"created_unixtime":1489538198052,"created_time":"Wed Mar 15 00:36:38 +0000 2017","lang":"en","displayname":"IrishPotaytoe","time_zone":"","msg":"RT SneakersCorgi Happy PiDay Ill take 314 pizza pies please 🍕nationalpiday nationalpieday https//tco/JsI6v7s5hj"}
{"tweet_id":841810332939112449,"created_unixtime":1489538198109,"created_time":"Wed Mar 15 00:36:38 +0000 2017","lang":"ja","displayname":"Nana19971107","time_zone":"Tokyo","msg":"RT hstar_mu 【HAPPY BIRTHDAY】本日3月14日は第2期より新登場！アンシエント遥斗世代の華桜会双葉大我のお誕生日★アオキタレン先生描きおろし「誕生日アイコン」「スマホ壁紙」プレゼント♪おめでとうございます！ スタミュ https//tco/…"}
{"tweet_id":841810332980994048,"created_unixtime":1489538198119,"created_time":"Wed Mar 15 00:36:38 +0000 2017","lang":"ja","displayname":"orengeeye","time_zone":"","msg":"RT nekopro46 Happy Birthday海未ちゃんお誕生日おめでとう🎈🎊🎉🎂🎉🎊🎈ほんと美人だわ〜❁´ω`❁園田海未生誕祭2017 海未ちゃん好きな人はRT 3月15日は園田海未の誕生日 ラブライバーはRT… "}
{"tweet_id":841810332427378688,"created_unixtime":1489538197987,"created_time":"Wed Mar 15 00:36:37 +0000 2017","lang":"en","displayname":"fiendz21","time_zone":"","msg":"RT ohteenquotes Spend life with who makes you happy not with who you have to impress"}
{"tweet_id":841810333194833920,"created_unixtime":1489538198170,"created_time":"Wed Mar 15 00:36:38 +0000 2017","lang":"en","displayname":"msinform_ed","time_zone":"","msg":"RT ALDUBNATIONNCR Prayer is powerful its amazing what it can do Always stay happy at all timesRT amp spread love worldwide🌻🌻🌻… "}
{"tweet_id":841810334063181824,"created_unixtime":1489538198377,"created_time":"Wed Mar 15 00:36:38 +0000 2017","lang":"en","displayname":"WWERetweeting","time_zone":"Eastern Time (US & Canada)","msg":"If youre happy to see Maryse RT this SDLive WWERetweeting wwe"}
{"tweet_id":841810334163832832,"created_unixtime":1489538198401,"created_time":"Wed Mar 15 00:36:38 +0000 2017","lang":"en","displayname":"cameron_gragg11","time_zone":"","msg":"LaurenJohnson74 you go thats wonderful happy for you 😂😂😂"}
{"tweet_id":841810334209855488,"created_unixtime":1489538198412,"created_time":"Wed Mar 15 00:36:38 +0000 2017","lang":"en","displayname":"wokezaps","time_zone":"Pacific Time (US & Canada)","msg":"im so happy to be able to look back at this a year later and say that were still together dkhsj https//tco/nzPFRDjOYy"}
{"tweet_id":841810334201614337,"created_unixtime":1489538198410,"created_time":"Wed Mar 15 00:36:38 +0000 2017","lang":"en","displayname":"still_taylor","time_zone":"Eastern Time (US & Canada)","msg":"all i ever am is stressed out and sad"}
{"tweet_id":841810334985912320,"created_unixtime":1489538198597,"created_time":"Wed Mar 15 00:36:38 +0000 2017","lang":"en","displayname":"Kenzie_Ryan13","time_zone":"Atlantic Time (Canada)","msg":"Happy 21ST bday ConnConn_ 😊🍻"}
{"tweet_id":841810331940851712,"created_unixtime":1489538197871,"created_time":"Wed Mar 15 00:36:37 +0000 2017","lang":"en","displayname":"seokjsm","time_zone":"","msg":"RT fantagiogroup [아스트로] 20170315 HAPPY BIRTHDAY JINJIN♥https//tco/V5gCN4Og73ASTRO JINJIN 진진 HAPPYJINJINDAY💕 https//tco/wheN9y…"}
{"tweet_id":841810332129599488,"created_unixtime":1489538197916,"created_time":"Wed Mar 15 00:36:37 +0000 2017","lang":"en","displayname":"pureartmendes","time_zone":"Dublin","msg":"shawn singing barcelona made me so happy aw"}
{"tweet_id":841810332653830145,"created_unixtime":1489538198041,"created_time":"Wed Mar 15 00:36:38 +0000 2017","lang":"ja","displayname":"kuro2_kaori","time_zone":"","msg":"RT tsukiuta1 ☆Happy White Day③☆恋「俺たちにプランを任せて頂ければ、笑いの耐えないデートをご提供してみせます！」駆「そして体重１kgはかたい」恋「フラれるヤツ…！」※DLOK※壁紙などマナーを守って使ってくださいね https/…"}
{"tweet_id":841810332720996352,"created_unixtime":1489538198057,"created_time":"Wed Mar 15 00:36:38 +0000 2017","lang":"en","displayname":"bIueguitar","time_zone":"Brasilia","msg":"SherriSaum1 a thing about Stef that you love with all your heart thefosterschat THANK U FOR SAYING HI TO MY GIRLSHES SO HAPPY lt3"}
{"tweet_id":841810332855205889,"created_unixtime":1489538198089,"created_time":"Wed Mar 15 00:36:38 +0000 2017","lang":"en","displayname":"Moore42Noah","time_zone":"","msg":"RT K_englyy Happy Birthday Noah🎉🎉 Hope its a good one😋Moore42Noah"}
{"tweet_id":841810332976840704,"created_unixtime":1489538198118,"created_time":"Wed Mar 15 00:36:38 +0000 2017","lang":"en","displayname":"AintU_Mar","time_zone":"Eastern Time (US & Canada)","msg":"Long_LegLiteskn I feel like everyone deserves both and well all be happy lol"}
{"tweet_id":841810333153013760,"created_unixtime":1489538198160,"created_time":"Wed Mar 15 00:36:38 +0000 2017","lang":"en","displayname":"EmilyDahrsnin","time_zone":"","msg":"RT cyjinson HAPPY BIRTHDAY TO THE ONLY GOT7 MEMBER THAT MATTERS happycocoday https//tco/pkXyVDOGX7"}
{"tweet_id":841810333094170625,"created_unixtime":1489538198146,"created_time":"Wed Mar 15 00:36:38 +0000 2017","lang":"en","displayname":"HayVanHorn","time_zone":"Pacific Time (US & Canada)","msg":"My first set of Calvins Happy birthday to me love me https//tco/Kptv5m1kDK"}
{"tweet_id":841810333807329281,"created_unixtime":1489538198316,"created_time":"Wed Mar 15 00:36:38 +0000 2017","lang":"en","displayname":"MWCScouting","time_zone":"America/Chicago","msg":"RT MadisonSport Packers Lance Kendricks happy to be back home in Wisconsin https//tco/Z02qrmUDY4"}
{"tweet_id":841810333891231745,"created_unixtime":1489538198336,"created_time":"Wed Mar 15 00:36:38 +0000 2017","lang":"en","displayname":"AlexaaGrayyy","time_zone":"London","msg":"Im so so happy that they are brining out a to show about Sheldons childhood😭😭"}
{"tweet_id":841810334205775877,"created_unixtime":1489538198411,"created_time":"Wed Mar 15 00:36:38 +0000 2017","lang":"en","displayname":"britni_morgan","time_zone":"","msg":"RT ceciley_carina happy birthday good lookin  https//tco/9dUr4weMe7"}
{"tweet_id":841810334427955201,"created_unixtime":1489538198464,"created_time":"Wed Mar 15 00:36:38 +0000 2017","lang":"en","displayname":"drewsmaichard","time_zone":"","msg":"RT Fanghoul2 ALDUBxDTBYTugOfHearts Respect https//tco/BZlizl76NU"}
{"tweet_id":841810334801321984,"created_unixtime":1489538198553,"created_time":"Wed Mar 15 00:36:38 +0000 2017","lang":"en","displayname":"CashSupport","time_zone":"","msg":"Frostbite___ Happy to help Please get a case started at https//tco/45Ys0gn37e and DM us your case number Well go from there"}
{"tweet_id":841810335443124225,"created_unixtime":1489538198706,"created_time":"Wed Mar 15 00:36:38 +0000 2017","lang":"en","displayname":"1Naughty__Dog","time_zone":"","msg":"Do what makes you happy be with who makes you smile laugh as much as you breathe and love as long as you live"}
{"tweet_id":841810335585697795,"created_unixtime":1489538198740,"created_time":"Wed Mar 15 00:36:38 +0000 2017","lang":"en","displayname":"RunDaTad","time_zone":"","msg":"RT dwuori Happy PI Day https//tco/gaH8LzA61D"}
{"tweet_id":841810335921254400,"created_unixtime":1489538198820,"created_time":"Wed Mar 15 00:36:38 +0000 2017","lang":"en","displayname":"EarthAngel2b","time_zone":"Eastern Time (US & Canada)","msg":"RT MomItForward Q6 DOES FOOD MAKE YOU HAPPY WHAT DISHES MAKE YOU THE HAPPIEST AvoHappiness GNO PLS RT"}
{"tweet_id":841810335833194496,"created_unixtime":1489538198799,"created_time":"Wed Mar 15 00:36:38 +0000 2017","lang":"en","displayname":"grigory_rasput","time_zone":"","msg":"RT sammypolsen12 realDonaldTrump RandPaul The corrupt right always accusing everyone else of being compromised and dirty the iron… "}
{"tweet_id":841810336189677569,"created_unixtime":1489538198884,"created_time":"Wed Mar 15 00:36:38 +0000 2017","lang":"en","displayname":"tbootan","time_zone":"","msg":"RT dree2dree Keeping our brothers memory and legacy alivethe deadline is fast approaching so do your do https//tco/Jf2Wp3ypwN"}
{"tweet_id":841810336709767169,"created_unixtime":1489538199008,"created_time":"Wed Mar 15 00:36:39 +0000 2017","lang":"en","displayname":"_Lxce_","time_zone":"Amsterdam","msg":"RT JustAGirIThing Someone When was the last time u were truly happy Me https//tco/YTSjNOreRU"}
{"tweet_id":841810336944594945,"created_unixtime":1489538199064,"created_time":"Wed Mar 15 00:36:39 +0000 2017","lang":"en","displayname":"LoversMayward","time_zone":"","msg":"RT PBBKAHOUSE I cried I was sad I was guilty I was everything Edward MBMayWard"}
{"tweet_id":841810337368281089,"created_unixtime":1489538199165,"created_time":"Wed Mar 15 00:36:39 +0000 2017","lang":"en","displayname":"BigStevz","time_zone":"London","msg":"RT Stormzy1 Do what makes you happy mate"}
{"tweet_id":841810337376555008,"created_unixtime":1489538199167,"created_time":"Wed Mar 15 00:36:39 +0000 2017","lang":"ja","displayname":"ninestar69","time_zone":"","msg":"RT MONSTER3170 Happy Birthday 海未！園田海未生誕祭2017 RTした人全員フォローする https//tco/WsGIEWuLe2"}
{"tweet_id":841810337292668928,"created_unixtime":1489538199147,"created_time":"Wed Mar 15 00:36:39 +0000 2017","lang":"en","displayname":"datzackrome","time_zone":"Pacific Time (US & Canada)","msg":"Not only did my first article got published I have THREE in this paper alone So happy Thank you RoundupNews G… https//tco/DnFkEe8LES"}
{"tweet_id":841810337359888384,"created_unixtime":1489538199163,"created_time":"Wed Mar 15 00:36:39 +0000 2017","lang":"en","displayname":"scarboo","time_zone":"Eastern Time (US & Canada)","msg":"RT babycatnfriends Love mew guyses Happy tunatuesday Mama gonna be gone much of day but Ill tweet as able 💞💞💞 https//tco/ggYZFXY1…"}
{"tweet_id":841810337804374016,"created_unixtime":1489538199269,"created_time":"Wed Mar 15 00:36:39 +0000 2017","lang":"tl","displayname":"Jeniichan","time_zone":"Singapore","msg":"benanapple Oh I see Sana maging kayo para happy ka na ulit ♡"}
{"tweet_id":841810338488168448,"created_unixtime":1489538199432,"created_time":"Wed Mar 15 00:36:39 +0000 2017","lang":"en","displayname":"Search_Rip","time_zone":"Pacific Time (US & Canada)","msg":"HelloKitaMinx thank you 😇 Im really happy about how this piece healed 🙂 hopefully Ill have soon a beaver in the same tattoo style"}
{"tweet_id":841810338676793344,"created_unixtime":1489538199477,"created_time":"Wed Mar 15 00:36:39 +0000 2017","lang":"en","displayname":"MichelleMansou5","time_zone":"","msg":"kathcor GodofBalance1 fannicanelles  The sad part is they by cruel means mentally damaged people into believing it for too long"}
{"tweet_id":841810338848817153,"created_unixtime":1489538199518,"created_time":"Wed Mar 15 00:36:39 +0000 2017","lang":"en","displayname":"KingCalmette","time_zone":"Pacific Time (US & Canada)","msg":"RT Moviehole Happy Birthday to our late cofounder Beth We miss you so much Forever in our thoughts birthday… "}
{"tweet_id":841810338744012800,"created_unixtime":1489538199493,"created_time":"Wed Mar 15 00:36:39 +0000 2017","lang":"en","displayname":"kyliebayer","time_zone":"Atlantic Time (Canada)","msg":"EmmaEiserman HAPPY BIRTHDAY 💕💕💕💕 love and miss u"}
{"tweet_id":841810338626564096,"created_unixtime":1489538199465,"created_time":"Wed Mar 15 00:36:39 +0000 2017","lang":"en","displayname":"Ebizzzle_11","time_zone":"","msg":"RT SoReIatable I hate that I cry out of frustration 95  of the time its not even cause Im sad its that Im so angry I cant control…"}
{"tweet_id":841810338630766596,"created_unixtime":1489538199466,"created_time":"Wed Mar 15 00:36:39 +0000 2017","lang":"en","displayname":"unknowchilds","time_zone":"","msg":"RT hidden saying im tired when youre actually sad"}
{"tweet_id":841810338442055680,"created_unixtime":1489538199421,"created_time":"Wed Mar 15 00:36:39 +0000 2017","lang":"en","displayname":"donnastp","time_zone":"","msg":"RT Rhonda32853901 TeamSawyer  jen_burs lizonespirit shorttemper9 Sawyer Edit ScreenshotHappyVideo Credit SawyerFrdrx Hope… "}
{"tweet_id":841810339272523776,"created_unixtime":1489538199619,"created_time":"Wed Mar 15 00:36:39 +0000 2017","lang":"en","displayname":"IVanderhye","time_zone":"","msg":"BitnerdGX Tip if you turn it off then youre sad until you turn it back on"}
{"tweet_id":841810340421672960,"created_unixtime":1489538199893,"created_time":"Wed Mar 15 00:36:39 +0000 2017","lang":"en","displayname":"BruceBulacan","time_zone":"","msg":"RT PatamaPost Never let a girl sleep sad or mad"}
{"tweet_id":841810340300103680,"created_unixtime":1489538199864,"created_time":"Wed Mar 15 00:36:39 +0000 2017","lang":"en","displayname":"vmontielarquero","time_zone":"","msg":"RT naresh_zaveri Happy morning amp Tuesday AllWishing U all 4 A HAPPY tunatuesdayCat😸meow 😽Im so happy amp 🐈🐾Petting  me mom ❤🐈… "}
{"tweet_id":841810340300128256,"created_unixtime":1489538199864,"created_time":"Wed Mar 15 00:36:39 +0000 2017","lang":"en","displayname":"juliaanm1202","time_zone":"","msg":"RT hidden saying im tired when youre actually sad"}
{"tweet_id":841810340253954048,"created_unixtime":1489538199853,"created_time":"Wed Mar 15 00:36:39 +0000 2017","lang":"en","displayname":"kjzs_","time_zone":"Paris","msg":"RT sjhsjh0628 Selamat pagi🌞Happy happy White day🍭🍬👀👅💋💘 https//tco/tf4ZMHBRmA"}
{"tweet_id":841810340383936512,"created_unixtime":1489538199884,"created_time":"Wed Mar 15 00:36:39 +0000 2017","lang":"en","displayname":"PussySuckerguy6","time_zone":"","msg":"RT ColinObrienXXX 😜 Happy Friday pigs 🐷SeanBlackwellXX enjoying my cock for the third time today https//tco/57gpuM15QG"}
{"tweet_id":841810340660817920,"created_unixtime":1489538199950,"created_time":"Wed Mar 15 00:36:39 +0000 2017","lang":"en","displayname":"shell19xx","time_zone":"","msg":"GURL I am a child of god LOL I love you bad bitch 😎😘 https//tco/EmNbibSJfH"}
{"tweet_id":841810340048453632,"created_unixtime":1489538199804,"created_time":"Wed Mar 15 00:36:39 +0000 2017","lang":"en","displayname":"King_Gray30","time_zone":"","msg":"Happy bday goat 🐐❤🏀 https//tco/o0x994FADR"}
{"tweet_id":841810341503807488,"created_unixtime":1489538200151,"created_time":"Wed Mar 15 00:36:40 +0000 2017","lang":"en","displayname":"whatyonameizz","time_zone":"","msg":"RT rosiemgallegos HAPPY BIRTHDAY SANI I love you 💕💕💕 https//tco/wh5dP9nNgy"}
{"tweet_id":841810341503758336,"created_unixtime":1489538200151,"created_time":"Wed Mar 15 00:36:40 +0000 2017","lang":"en","displayname":"gabi_cush","time_zone":"Eastern Time (US & Canada)","msg":"RT synergex Its JodahVelopers favorite day of the year Wishing you all a happy PiDay 😉 https//tco/M13cThX3e8"}
{"tweet_id":841810341902319617,"created_unixtime":1489538200246,"created_time":"Wed Mar 15 00:36:40 +0000 2017","lang":"en","displayname":"lmjfake","time_zone":"Pacific Time (US & Canada)","msg":"RT 5HVotingStats Scared Of Happy FifthHarmony YouKnowYouLoveThem radiodisney"}
{"tweet_id":841810341755514880,"created_unixtime":1489538200211,"created_time":"Wed Mar 15 00:36:40 +0000 2017","lang":"en","displayname":"DrWh0189","time_zone":"","msg":"gmbygrl 😂😂😂 sad thing is some of my family support Trump"}
{"tweet_id":841810341965271041,"created_unixtime":1489538200261,"created_time":"Wed Mar 15 00:36:40 +0000 2017","lang":"en","displayname":"april_cs","time_zone":"Atlantic Time (Canada)","msg":"RT AllTrialsUSA Happy PiDay Our AllTrialsUSA team is committed to supporting science innovation amp Clinicaltrial transparency https/…"}
{"tweet_id":841810341784829952,"created_unixtime":1489538200218,"created_time":"Wed Mar 15 00:36:40 +0000 2017","lang":"ja","displayname":"Aomaru924","time_zone":"","msg":"RT poosan1125 海未ちゃんお誕生日ｵﾒﾃﾞﾄ ヽ｀･ω･´ﾉ ｲｪｲHappy Birthday☆｡ﾟ園田海未生誕祭2017 園田海未生誕祭 3月15日は園田海未の誕生日 RTした人全員フォローする https//tco…"}
{"tweet_id":841810341537423360,"created_unixtime":1489538200159,"created_time":"Wed Mar 15 00:36:40 +0000 2017","lang":"en","displayname":"__Tinyytonii","time_zone":"Eastern Time (US & Canada)","msg":"This makes me so happy https//tco/D6auRenIMG"}
{"tweet_id":841810341944258564,"created_unixtime":1489538200256,"created_time":"Wed Mar 15 00:36:40 +0000 2017","lang":"en","displayname":"DeportedDavid","time_zone":"","msg":"RT gabbynader listening to the front bottoms makes my heart so happy"}
{"tweet_id":841810339863789569,"created_unixtime":1489538199760,"created_time":"Wed Mar 15 00:36:39 +0000 2017","lang":"en","displayname":"camilasamanthaa","time_zone":"","msg":"I wish to be this happy every single day 💛 https//tco/U8LBF91dFt"}
{"tweet_id":841810342091067394,"created_unixtime":1489538200291,"created_time":"Wed Mar 15 00:36:40 +0000 2017","lang":"en","displayname":"Missmeldw","time_zone":"Eastern Time (US & Canada)","msg":"Khloé Kardashian Wishes Tristan Thompson Happy Birthday with Sweet Photo https//tco/47OiXe5mi6"}
{"tweet_id":841810343076671488,"created_unixtime":1489538200526,"created_time":"Wed Mar 15 00:36:40 +0000 2017","lang":"en","displayname":"hbkflaco","time_zone":"Pacific Time (US & Canada)","msg":"RT BdotAdot5 Happy Birthday Brudder ✊🏽💯 StephenCurry30 https//tco/fxunT808HC"}
{"tweet_id":841810342892183552,"created_unixtime":1489538200482,"created_time":"Wed Mar 15 00:36:40 +0000 2017","lang":"en","displayname":"zeroantibiotics","time_zone":"","msg":"RT zeroantibiotics IRLDeptFinance TaxInstituteIrl its sad to see your department ignoring people who artificially increase prices t… "}
{"tweet_id":841810343353540609,"created_unixtime":1489538200592,"created_time":"Wed Mar 15 00:36:40 +0000 2017","lang":"en","displayname":"donleii","time_zone":"","msg":"I been cooking a lot lately Makes me happy 🤗"}
{"tweet_id":841810343269683203,"created_unixtime":1489538200572,"created_time":"Wed Mar 15 00:36:40 +0000 2017","lang":"en","displayname":"peytonleighhh","time_zone":"Amsterdam","msg":"RT pipesmalone there was a point in my life when i didnt think id be this happy ever again amp now i cant believe i ever let someone mak…"}
{"tweet_id":841810344012001280,"created_unixtime":1489538200749,"created_time":"Wed Mar 15 00:36:40 +0000 2017","lang":"en","displayname":"BosYan2","time_zone":"","msg":"RT galleryproject2 Trailer Project 12 Happy watching 😘🙏 https//tco/WbBeV3vZdw"}
{"tweet_id":841810343517134848,"created_unixtime":1489538200631,"created_time":"Wed Mar 15 00:36:40 +0000 2017","lang":"en","displayname":"claudialauuu","time_zone":"","msg":"RT USAGym Happy birthday to the most decorated American gymnast fourtime Olympic gold medalist 10time world champion… "}
{"tweet_id":841810343672307712,"created_unixtime":1489538200668,"created_time":"Wed Mar 15 00:36:40 +0000 2017","lang":"en","displayname":"goshockersdance","time_zone":"","msg":"RT ShockerLIFE If you look closely you can see all the studentathletes who received a 314 GPA or higher in the Fall Semester H… "}
{"tweet_id":841810344192303105,"created_unixtime":1489538200792,"created_time":"Wed Mar 15 00:36:40 +0000 2017","lang":"ko","displayname":"FF14_Chatan","time_zone":"","msg":"RT FF14_TENSHIELD 파이널판타지14 패치 33 추가 지역소르 카이 Sohr Khai는 드래곤족 언어로so[h]r  apology / k[h]ai  sad 슬픈 사죄라는 뜻을 담고 있습니다소[호]르 크… "}
{"tweet_id":841810344020402176,"created_unixtime":1489538200751,"created_time":"Wed Mar 15 00:36:40 +0000 2017","lang":"en","displayname":"DanielRoy_PEng","time_zone":"Pacific Time (US & Canada)","msg":"th3j35t3r The sad trombone heard around the world 2005 taxes https//tco/S1QD0kbJpI"}
{"tweet_id":841810344309850112,"created_unixtime":1489538200820,"created_time":"Wed Mar 15 00:36:40 +0000 2017","lang":"en","displayname":"piscesdboy","time_zone":"Brasilia","msg":"RT RM_ARCHIVE He is so soft I am sad and Im love https//tco/cEyokY7ZXG"}
{"tweet_id":841810344381165568,"created_unixtime":1489538200837,"created_time":"Wed Mar 15 00:36:40 +0000 2017","lang":"en","displayname":"catgirl7771","time_zone":"Pacific Time (US & Canada)","msg":"RT CUTEST_ANlMALS this makes me so happy  https//tco/4ebwUxo9Hg"}
{"tweet_id":841810344607666177,"created_unixtime":1489538200891,"created_time":"Wed Mar 15 00:36:40 +0000 2017","lang":"en","displayname":"Ariani345Ari","time_zone":"","msg":"RT thesmallperson_ Yall really happy about a two hour delay Im about to square up"}
{"tweet_id":841810344855052288,"created_unixtime":1489538200950,"created_time":"Wed Mar 15 00:36:40 +0000 2017","lang":"ja","displayname":"Abc2007Y","time_zone":"Tokyo","msg":"RT happymaronn 照ちゃん🎉Happy Birthday🎉私も今日卒業式だったので一緒にお祝いごとができてうれしいです😄😄私の中で一番のヒロインは照ちゃんです！！これからも黒崎とお幸せに💗💗紅林照生誕祭2017 https//tco/GqyqcJo…"}
{"tweet_id":841810344997666816,"created_unixtime":1489538200984,"created_time":"Wed Mar 15 00:36:40 +0000 2017","lang":"tl","displayname":"ganoin1105","time_zone":"","msg":"RT sunghyenaul pati saging dume destiny na rin 😂😂ALDUBxDTBYTugOfHearts https//tco/3Qx88bHpkE"}
{"tweet_id":841810345542868992,"created_unixtime":1489538201114,"created_time":"Wed Mar 15 00:36:41 +0000 2017","lang":"en","displayname":"bangtaddict","time_zone":"Pacific Time (US & Canada)","msg":"RT ProtectBTSBR 💜 Happy Withe Day 💜JIMIN 지민 박지민 방탄소년단 BTS https//tco/TKGOByFYQS"}
{"tweet_id":841810345584918528,"created_unixtime":1489538201124,"created_time":"Wed Mar 15 00:36:41 +0000 2017","lang":"en","displayname":"dessstiny7","time_zone":"","msg":"RT _vinevinee So happy Im naturally pretty amp dont need makeup😊"}
{"tweet_id":841810345719128064,"created_unixtime":1489538201156,"created_time":"Wed Mar 15 00:36:41 +0000 2017","lang":"en","displayname":"songstellaa","time_zone":"Quito","msg":"Whos to say what happiness means to you But really are you happy"}
{"tweet_id":841810345874317313,"created_unixtime":1489538201193,"created_time":"Wed Mar 15 00:36:41 +0000 2017","lang":"en","displayname":"Moore42Noah","time_zone":"","msg":"RT SwanClifford Moore42Noah Happy Birthday bro🎉🎊"}
{"tweet_id":841810346054623232,"created_unixtime":1489538201236,"created_time":"Wed Mar 15 00:36:41 +0000 2017","lang":"en","displayname":"AspectMoon","time_zone":"","msg":"RT AspectMoon The goat has nothing and is happy Be the happy goat enlightenmentart aspectmoon https//tco/QTiyZkwA9n"}
{"tweet_id":841810345681379329,"created_unixtime":1489538201147,"created_time":"Wed Mar 15 00:36:41 +0000 2017","lang":"en","displayname":"donyabeeel_","time_zone":"","msg":"Happy 1462nd day my Love 💓I love you always 😘 https//tco/WT0mfMjuYi"}
{"tweet_id":841810345928810496,"created_unixtime":1489538201206,"created_time":"Wed Mar 15 00:36:41 +0000 2017","lang":"en","displayname":"theroamingexpat","time_zone":"","msg":"paulkrugman Mr Krugman its been a sad 2 months indeed Currently live in Asia hut follow the news amp your column religiously"}
{"tweet_id":841810345953959936,"created_unixtime":1489538201212,"created_time":"Wed Mar 15 00:36:41 +0000 2017","lang":"en","displayname":"Soshigoddesses","time_zone":"Jakarta","msg":"RT unbleachedkpop Happy Birthday to Astros precious leader 💕😭 HappyJinJinDay 별들의_리더_박진우_생일축하해 https//tco/d7VZsCTtGr"}
{"tweet_id":841810346302181377,"created_unixtime":1489538201295,"created_time":"Wed Mar 15 00:36:41 +0000 2017","lang":"en","displayname":"lainapete","time_zone":"Mountain Time (US & Canada)","msg":"RT taylortrout_ lainapete happy birthday pretty girl💗 hope your day is as sweet as you are Ily https//tco/XlB1orjoEy"}
{"tweet_id":841810346117541888,"created_unixtime":1489538201251,"created_time":"Wed Mar 15 00:36:41 +0000 2017","lang":"en","displayname":"SRubyor","time_zone":"","msg":"What makes you Happy Lets hear it Head on over to my blog and check out my list I may have written to much https//tco/wEZNJsoR72"}
{"tweet_id":841810346314727425,"created_unixtime":1489538201298,"created_time":"Wed Mar 15 00:36:41 +0000 2017","lang":"en","displayname":"iFOOLSwithjoon","time_zone":"America/Chicago","msg":"RT RM_ARCHIVE they make me so happy 😊 i love best friends https//tco/DQszn1ARR8"}
{"tweet_id":841810346411081728,"created_unixtime":1489538201321,"created_time":"Wed Mar 15 00:36:41 +0000 2017","lang":"en","displayname":"ayensrauhl","time_zone":"","msg":"RT JustAGirIThing Someone When was the last time u were truly happy Me https//tco/YTSjNOreRU"}
{"tweet_id":841810346423791618,"created_unixtime":1489538201324,"created_time":"Wed Mar 15 00:36:41 +0000 2017","lang":"en","displayname":"Laniveli_BIC","time_zone":"Quito","msg":"Its sad https//tco/oZ6W6KmYUW"}
{"tweet_id":841810346788569088,"created_unixtime":1489538201411,"created_time":"Wed Mar 15 00:36:41 +0000 2017","lang":"en","displayname":"Shadesofafenix","time_zone":"Pacific Time (US & Canada)","msg":"RT LLUpdates March 15th is Umi Sonadas birthday Happy birthday Umi 💙園田海未生誕祭2017 https//tco/fRdJUZyY8A"}
{"tweet_id":841810346826428418,"created_unixtime":1489538201420,"created_time":"Wed Mar 15 00:36:41 +0000 2017","lang":"en","displayname":"gringanovelera","time_zone":"","msg":"So happy to see my dear friend the great actor  RUBENMORALESM  in the telenovela that celebrates telenovelas https//tco/DgTt0QCFN3"}
{"tweet_id":841810347128315904,"created_unixtime":1489538201492,"created_time":"Wed Mar 15 00:36:41 +0000 2017","lang":"en","displayname":"jacklinlgarcia","time_zone":"Pacific Time (US & Canada)","msg":"RT synergex Its JodahVelopers favorite day of the year Wishing you all a happy PiDay 😉 https//tco/M13cThX3e8"}
{"tweet_id":841810347568779264,"created_unixtime":1489538201597,"created_time":"Wed Mar 15 00:36:41 +0000 2017","lang":"ja","displayname":"mll0325","time_zone":"","msg":"可愛い´꒳`お目目塗り方綺麗だなぁ https//tco/e8PlXxU9kb"}
{"tweet_id":841810347715616769,"created_unixtime":1489538201632,"created_time":"Wed Mar 15 00:36:41 +0000 2017","lang":"en","displayname":"samarafinn","time_zone":"Eastern Time (US & Canada)","msg":"Does anyone else get really sad when they dont spin their chairs around on The Voice  I cant handle it The rejection makes me sad"}
{"tweet_id":841810346398625792,"created_unixtime":1489538201318,"created_time":"Wed Mar 15 00:36:41 +0000 2017","lang":"en","displayname":"MrsJohnsonJbd","time_zone":"","msg":"Happy 314 https//tco/NvpSalmO6u"}
