{"tweet_id":841793731636293632,"created_unixtime":1489534240050,"created_time":"Tue Mar 14 23:30:40 +0000 2017","lang":"en","displayname":"KianaLance3","time_zone":"","msg":"RT samthemando Dudes who dont like rave girls are just bitter because they know rave girls dont need their fuckboy ass to be happy 💁🏻"}
{"tweet_id":841793731581861888,"created_unixtime":1489534240037,"created_time":"Tue Mar 14 23:30:40 +0000 2017","lang":"en","displayname":"yaylaney","time_zone":"Arizona","msg":"brennadurst thats mean you should be happy I want to tell you again"}
{"tweet_id":841793732143849472,"created_unixtime":1489534240171,"created_time":"Tue Mar 14 23:30:40 +0000 2017","lang":"en","displayname":"babybanginbri","time_zone":"","msg":"RT Magicjio Happy birthday to my duuuude right here Supersayn_Manny  many laughs and happy days with this guy around 😂👍🏽🎉 St… "}
{"tweet_id":841793729337864193,"created_unixtime":1489534239502,"created_time":"Tue Mar 14 23:30:39 +0000 2017","lang":"en","displayname":"TheOneUp","time_zone":"Pacific Time (US & Canada)","msg":"The More the Merrier TheOneUpLa tacotuesday Happy Hour Tacos and Tequila All Night ❤️👾 eat drink play behappy… https//tco/QuxNO4RQSz"}
{"tweet_id":841793729056915456,"created_unixtime":1489534239435,"created_time":"Tue Mar 14 23:30:39 +0000 2017","lang":"en","displayname":"breecacioppo","time_zone":"","msg":"happy happy happy birthday bb girl 😜😘❤️ https//tco/2SMVcnGmom"}
{"tweet_id":841793732513021956,"created_unixtime":1489534240259,"created_time":"Tue Mar 14 23:30:40 +0000 2017","lang":"ja","displayname":"preciouskimmy_","time_zone":"","msg":"RT Miho55Nishida Happy 7th Birthday AIMI❤️😊❤️生まれてきてくれてありがとう…ままの人生大きく変わりました☺️ https//tco/9APDHzg5eV"}
{"tweet_id":841793732454297601,"created_unixtime":1489534240245,"created_time":"Tue Mar 14 23:30:40 +0000 2017","lang":"en","displayname":"aileenad18","time_zone":"","msg":"RT OhDearOOMF u ever feel so sad ur heart hurts"}
{"tweet_id":841793732936577024,"created_unixtime":1489534240360,"created_time":"Tue Mar 14 23:30:40 +0000 2017","lang":"en","displayname":"vhiatheresa","time_zone":"","msg":"RT IntThings Do what you love and whatever makes you happy Be good to the people that are good to you Cut off negativity Dont settle…"}
{"tweet_id":841793732961742849,"created_unixtime":1489534240366,"created_time":"Tue Mar 14 23:30:40 +0000 2017","lang":"en","displayname":"normansregbo","time_zone":"Pacific Time (US & Canada)","msg":"RT slutmaze rt this if youre bisexual sad or just really love the maze runner"}
{"tweet_id":841793732785586176,"created_unixtime":1489534240324,"created_time":"Tue Mar 14 23:30:40 +0000 2017","lang":"ja","displayname":"mikurun_R","time_zone":"","msg":"RT mirino_st416 💙Happy Birthday Umi Sonoda💙海未ちゃんが大好きで、海未ちゃんに憧れて、海未ちゃんが私の原点。私に素敵な景色たくさん見せてくれてありがとう。今までもこれからも大好き。園田海未生誕祭2017… "}
{"tweet_id":841793731489628161,"created_unixtime":1489534240015,"created_time":"Tue Mar 14 23:30:40 +0000 2017","lang":"en","displayname":"brxkenthings","time_zone":"","msg":"im so happy https//tco/W51kkA9iYM"}
{"tweet_id":841793733456666625,"created_unixtime":1489534240484,"created_time":"Tue Mar 14 23:30:40 +0000 2017","lang":"ja","displayname":"takaos5","time_zone":"","msg":"RT Rock729Rose Good morning！🍀everyone๑˃̵ᴗ˂̵و Happy Tuesday To All  ༘ひと雨ごとに 『春が…』寒暖差に    気をつけよう☆♪🌸🌷🌸༄ Have a nice… "}
{"tweet_id":841793733620195328,"created_unixtime":1489534240523,"created_time":"Tue Mar 14 23:30:40 +0000 2017","lang":"ja","displayname":"waferchoco_","time_zone":"Jakarta","msg":"RT tsukiuta1 ☆Happy White Day⑤☆陽「いっつも、愛をありがとね☆ちゃ〜んと届いてるよ！大好き♪」夜「やれやれ…陽が調子に乗る日です（笑）。でも、皆さんの応援を感じているのは俺も同じです。ありがとうございます！」※DLOK… "}
{"tweet_id":841793734102638592,"created_unixtime":1489534240638,"created_time":"Tue Mar 14 23:30:40 +0000 2017","lang":"en","displayname":"semetzger","time_zone":"Pacific Time (US & Canada)","msg":"RT Nelly_Mo Happy 314 DAY STL STAND UP"}
{"tweet_id":841793734102638594,"created_unixtime":1489534240638,"created_time":"Tue Mar 14 23:30:40 +0000 2017","lang":"en","displayname":"yourjoking691","time_zone":"Pacific Time (US & Canada)","msg":"corinnec I WOULD LOVE TO BE 14 AGAINON 2ND THOUGHTNO IM HAPPY "}
{"tweet_id":841793734001868800,"created_unixtime":1489534240614,"created_time":"Tue Mar 14 23:30:40 +0000 2017","lang":"und","displayname":"meeerko","time_zone":"Sydney","msg":"ProRelforAUS https//tco/Blpga34GWC"}
{"tweet_id":841793734417113088,"created_unixtime":1489534240713,"created_time":"Tue Mar 14 23:30:40 +0000 2017","lang":"en","displayname":"queenofseahawks","time_zone":"","msg":"i wish i could still make people happy"}
{"tweet_id":841793730386489349,"created_unixtime":1489534239752,"created_time":"Tue Mar 14 23:30:39 +0000 2017","lang":"en","displayname":"50pies50states","time_zone":"","msg":"Happy PiDay  pieday infinite https//tco/djPFXRvPek"}
{"tweet_id":841793733481848832,"created_unixtime":1489534240490,"created_time":"Tue Mar 14 23:30:40 +0000 2017","lang":"en","displayname":"CloverdaleNews","time_zone":"Pacific Time (US & Canada)","msg":"Happy Pi Day The irrational but delicious holiday is celebrated today https//tco/cYK0KGZ0fc https//tco/CyKFw34bEe"}
{"tweet_id":841793734748569600,"created_unixtime":1489534240792,"created_time":"Tue Mar 14 23:30:40 +0000 2017","lang":"en","displayname":"nadianino_","time_zone":"","msg":"RT preaching my main focus is to better myself be successful and be happy so if you arent contributing to that then i dont need you i…"}
{"tweet_id":841793735331528705,"created_unixtime":1489534240931,"created_time":"Tue Mar 14 23:30:40 +0000 2017","lang":"en","displayname":"DamiaNorwin","time_zone":"Kuala Lumpur","msg":"RT FlyFM958 Dave Franco is officially off the market The actor amp Alison Brie have gotten hitched CONGRATULATIONS to the happy… "}
{"tweet_id":841793735071551489,"created_unixtime":1489534240869,"created_time":"Tue Mar 14 23:30:40 +0000 2017","lang":"en","displayname":"ashleydunn73","time_zone":"","msg":"RT DreadVelvet SteakandaBJDay the REAL Happy Meal https//tco/by6saWzff3"}
{"tweet_id":841793734966685697,"created_unixtime":1489534240844,"created_time":"Tue Mar 14 23:30:40 +0000 2017","lang":"en","displayname":"TRSOne_","time_zone":"Eastern Time (US & Canada)","msg":"Happy PiDay🤓 https//tco/4XO63D0eKj"}
{"tweet_id":841793735155412992,"created_unixtime":1489534240889,"created_time":"Tue Mar 14 23:30:40 +0000 2017","lang":"fr","displayname":"PaskoTheRascal","time_zone":"Amsterdam","msg":"Les femmes pensent Nous Les hommes pensent Je voire même JeuSad Relationship"}
{"tweet_id":841793734928941060,"created_unixtime":1489534240835,"created_time":"Tue Mar 14 23:30:40 +0000 2017","lang":"en","displayname":"faithvanruden","time_zone":"","msg":"RT ClayboShow5 Thank you Love you and your black heart 🖤 https//tco/dnGsc3n3zE"}
{"tweet_id":841793733876170760,"created_unixtime":1489534240584,"created_time":"Tue Mar 14 23:30:40 +0000 2017","lang":"en","displayname":"KingLavan_","time_zone":"Atlantic Time (Canada)","msg":"Happy Gday broskie ✊🏾💯 flexxin_87"}
{"tweet_id":841793735033794561,"created_unixtime":1489534240860,"created_time":"Tue Mar 14 23:30:40 +0000 2017","lang":"en","displayname":"chIobennet","time_zone":"Pacific Time (US & Canada)","msg":"RT selenasmodel 1 Selena admitted that she was completely happy with tabloids spreading rumors about her and Cara dating She “lov… "}
{"tweet_id":841793735201587205,"created_unixtime":1489534240900,"created_time":"Tue Mar 14 23:30:40 +0000 2017","lang":"en","displayname":"sisibisi_","time_zone":"","msg":"Pinterest is my happy place"}
{"tweet_id":841793735159623681,"created_unixtime":1489534240890,"created_time":"Tue Mar 14 23:30:40 +0000 2017","lang":"en","displayname":"andrewsiff","time_zone":"Atlantic Time (Canada)","msg":"RT andibeth012 YUNA BRETT PRECIOUS PERFECT HAPPY BOYS BACK ON GDM 💉LIST 3/15 MFKRS 😈NYCACC DMPD BY 😡😡😡FKDUP😈 POS OWNR FKU AHOLE… "}
{"tweet_id":841793735876796416,"created_unixtime":1489534241061,"created_time":"Tue Mar 14 23:30:41 +0000 2017","lang":"en","displayname":"JoRdAnVaNcE23","time_zone":"Alaska","msg":"RT MeninistTweet Happy pi dayThe Falcons blew a 283 lead314283  31the warriors blew a 31 lead in the NBA Finals"}
{"tweet_id":841793735612592128,"created_unixtime":1489534240998,"created_time":"Tue Mar 14 23:30:40 +0000 2017","lang":"en","displayname":"Dazie13","time_zone":"","msg":"RT JohnCronan1 foxandfriends Judgenap here comes the proof the democrats will refuse to believe Sad sorry people"}
{"tweet_id":841793735738421249,"created_unixtime":1489534241028,"created_time":"Tue Mar 14 23:30:41 +0000 2017","lang":"en","displayname":"kiansbeanies","time_zone":"Pacific Time (US & Canada)","msg":"RT RickyPDillon Happy pi day https//tco/PyJRimk7d3"}
{"tweet_id":841793735713275904,"created_unixtime":1489534241022,"created_time":"Tue Mar 14 23:30:41 +0000 2017","lang":"en","displayname":"clly_bibi","time_zone":"","msg":"RT annalouise_3 I feel like this is what people think about me https//tco/0sINLMcdFn"}
{"tweet_id":841793736560504833,"created_unixtime":1489534241224,"created_time":"Tue Mar 14 23:30:41 +0000 2017","lang":"en","displayname":"odetokayla","time_zone":"Atlantic Time (Canada)","msg":"The new managers son came in and was so excited to see his mom working and happy and my heart is melting"}
{"tweet_id":841793736506003460,"created_unixtime":1489534241211,"created_time":"Tue Mar 14 23:30:41 +0000 2017","lang":"ko","displayname":"jjamjae","time_zone":"Central Time (US & Canada)","msg":"RT offclASTRO Happy birthday to you~ 진진형 22번째 생일을진심으로 축하해요🎉🎉 착하고 장난도 잘받아주고 리더쉽있는ㅎㅎ진진형 귀염댕이 아스트로 잘부탁드려요생일선물 나 HappyJINJINDay https//…"}
{"tweet_id":841793736531169281,"created_unixtime":1489534241217,"created_time":"Tue Mar 14 23:30:41 +0000 2017","lang":"en","displayname":"ItzUrBoi_IDIA","time_zone":"Pacific Time (US & Canada)","msg":"Gheun  Happy womb escape to the Oracle of Music olamide_YBNL Legendary pepperdemgang🌶🔥 https//tco/JOevHCIYNy"}
{"tweet_id":841793736585678849,"created_unixtime":1489534241230,"created_time":"Tue Mar 14 23:30:41 +0000 2017","lang":"en","displayname":"paigeheadley","time_zone":"","msg":"happy birthday hope its a good one  madszietlow"}
{"tweet_id":841793737021886465,"created_unixtime":1489534241334,"created_time":"Tue Mar 14 23:30:41 +0000 2017","lang":"en","displayname":"KahliaNicole","time_zone":"","msg":"RT YouLoveNyia 3 years knowing you and 1 year with my bestfriend happy 1 year anniversary❤️💍F https//tco/RfahLoSab7"}
{"tweet_id":841793736967241728,"created_unixtime":1489534241321,"created_time":"Tue Mar 14 23:30:41 +0000 2017","lang":"ja","displayname":"kmireilovelove","time_zone":"Pacific Time (US & Canada)","msg":"【世界で最も】桐谷美玲 LOVE♡　　　　　【美しい顔？】  ☚【号外で～す！】[Happy Fun] しゃべくり007 110207 095 菅野 美穂amp桐谷 美玲 https//tco/2QXqzwuUXQ https//tco/xn0mh3X45h"}
{"tweet_id":841793737307107328,"created_unixtime":1489534241402,"created_time":"Tue Mar 14 23:30:41 +0000 2017","lang":"en","displayname":"YaRaaSayed","time_zone":"Pacific Time (US & Canada)","msg":"RT fullofwritings most of the saddest people always try to make people happy because they know how it feels like to be desperate to lose…"}
{"tweet_id":841793737621614593,"created_unixtime":1489534241477,"created_time":"Tue Mar 14 23:30:41 +0000 2017","lang":"en","displayname":"Caylensmunchkin","time_zone":"","msg":"RT RickyPDillon Happy pi day https//tco/PyJRimk7d3"}
{"tweet_id":841793737483268097,"created_unixtime":1489534241444,"created_time":"Tue Mar 14 23:30:41 +0000 2017","lang":"en","displayname":"LaurenLowe94","time_zone":"London","msg":"RT BillNye Happy 314 Day peoples"}
{"tweet_id":841793737701396480,"created_unixtime":1489534241496,"created_time":"Tue Mar 14 23:30:41 +0000 2017","lang":"en","displayname":"MacewenNichole","time_zone":"","msg":"RT KyleChiu07 thank god im back to my normal self and im happy again and for all these great people life is too good"}
{"tweet_id":841793738020159488,"created_unixtime":1489534241572,"created_time":"Tue Mar 14 23:30:41 +0000 2017","lang":"en","displayname":"kawaiiswagbaby","time_zone":"","msg":"RT LLUpdates March 15th is Umi Sonadas birthday Happy birthday Umi 💙園田海未生誕祭2017 https//tco/fRdJUZyY8A"}
{"tweet_id":841793737613291522,"created_unixtime":1489534241475,"created_time":"Tue Mar 14 23:30:41 +0000 2017","lang":"en","displayname":"Mac_ThisBeauty","time_zone":"Central Time (US & Canada)","msg":"Ty_FINAO1 Happy Birthday 🎈"}
{"tweet_id":841793737651019781,"created_unixtime":1489534241484,"created_time":"Tue Mar 14 23:30:41 +0000 2017","lang":"en","displayname":"hailey24duncan","time_zone":"","msg":"_Sophie_04 Mikalia_Shae22 MoarNoah This makes me sad because of how true it is sucks when you have a passion bu… https//tco/yi1HwzIe4V"}
{"tweet_id":841793738632491008,"created_unixtime":1489534241718,"created_time":"Tue Mar 14 23:30:41 +0000 2017","lang":"en","displayname":"AlexPease1515","time_zone":"","msg":"RT kellygieb so sad when a boy can never own up to what he does/says🙍🏼"}
{"tweet_id":841793735872643072,"created_unixtime":1489534241060,"created_time":"Tue Mar 14 23:30:41 +0000 2017","lang":"en","displayname":"jashton11","time_zone":"Eastern Time (US & Canada)","msg":"Happy Chocolate Pecan PiDay https//tco/6VyeXxFOBm"}
{"tweet_id":841793737219022849,"created_unixtime":1489534241381,"created_time":"Tue Mar 14 23:30:41 +0000 2017","lang":"und","displayname":"Hannahroseholl","time_zone":"","msg":"😭 https//tco/OLUVOPJzAQ"}
{"tweet_id":841793738695405568,"created_unixtime":1489534241733,"created_time":"Tue Mar 14 23:30:41 +0000 2017","lang":"it","displayname":"ManuCiao34","time_zone":"Rome","msg":"Maledetto https//tco/G74f7TwGrG"}
{"tweet_id":841793738527596545,"created_unixtime":1489534241693,"created_time":"Tue Mar 14 23:30:41 +0000 2017","lang":"en","displayname":"Yanie95999832","time_zone":"","msg":"Hugin me and also wipe my tearsLets keep happy couse today will become proud things where we oldAnd we will miss https//tco/UKYyk9GUva"}
{"tweet_id":841793739752370176,"created_unixtime":1489534241985,"created_time":"Tue Mar 14 23:30:41 +0000 2017","lang":"en","displayname":"NewksTylerTX","time_zone":"Central Time (US & Canada)","msg":"Some things just make the heart happy ❤️ SoupLoveOrder online https//tco/IPQWQidl5D https//tco/9KQnC95ME2"}
{"tweet_id":841793740108845056,"created_unixtime":1489534242070,"created_time":"Tue Mar 14 23:30:42 +0000 2017","lang":"en","displayname":"ArjGiese","time_zone":"Pacific Time (US & Canada)","msg":"RT GeelongCats Happy birthday to our rising star defender Tom Stewart We hope you have some fun in the sun on this ripper day https//t…"}
{"tweet_id":841793736598253572,"created_unixtime":1489534241233,"created_time":"Tue Mar 14 23:30:41 +0000 2017","lang":"en","displayname":"jennariccianix","time_zone":"","msg":"happy birthday madison ❤🎉 i miss you so much and i dont actually hate you 😀 https//tco/ae4xDpNHUc"}
{"tweet_id":841793740297527296,"created_unixtime":1489534242115,"created_time":"Tue Mar 14 23:30:42 +0000 2017","lang":"en","displayname":"tgterrigill8","time_zone":"Pacific Time (US & Canada)","msg":"RT RobertIrvine Happy Bitthday buddy and thank you for keeping us safe 😎💪🏻💯👏🏻 https//tco/fSOE8VFhZS"}
{"tweet_id":841793740536610816,"created_unixtime":1489534242172,"created_time":"Tue Mar 14 23:30:42 +0000 2017","lang":"en","displayname":"CharlotteGllms","time_zone":"Pacific Time (US & Canada)","msg":"CharlotteGllms and why you sounds so happy Eww plastic"}
{"tweet_id":841793740519890944,"created_unixtime":1489534242168,"created_time":"Tue Mar 14 23:30:42 +0000 2017","lang":"in","displayname":"ysmyajha","time_zone":"","msg":"RT detikhot Jatuh Sakit Prilly Latuconsina Harus Happy Terus https//tco/qjE4nGdf4a"}
{"tweet_id":841793740557692928,"created_unixtime":1489534242177,"created_time":"Tue Mar 14 23:30:42 +0000 2017","lang":"en","displayname":"aajc33","time_zone":"","msg":"RT rgay I missed my nap window sad face oh well"}
{"tweet_id":841793740532531200,"created_unixtime":1489534242171,"created_time":"Tue Mar 14 23:30:42 +0000 2017","lang":"en","displayname":"IsacElliot","time_zone":"","msg":"I am SO happy for the way Trondheim treated me❤🙏🏻"}
{"tweet_id":841793740251488257,"created_unixtime":1489534242104,"created_time":"Tue Mar 14 23:30:42 +0000 2017","lang":"en","displayname":"Daniella42599","time_zone":"Atlantic Time (Canada)","msg":"RT MeninistTweet Happy pi dayThe Falcons blew a 283 lead314283  31the warriors blew a 31 lead in the NBA Finals"}
{"tweet_id":841793740624822273,"created_unixtime":1489534242193,"created_time":"Tue Mar 14 23:30:42 +0000 2017","lang":"en","displayname":"ZhoreaMcAnuff","time_zone":"America/New_York","msg":"RT BillNye Happy 314 Day peoples"}
{"tweet_id":841793740607971329,"created_unixtime":1489534242189,"created_time":"Tue Mar 14 23:30:42 +0000 2017","lang":"en","displayname":"JessielDevida1","time_zone":"","msg":"Happy birthday to favorite NBA player  idol Stephen curry wish u all the best and stay humble love u step https//tco/7VYExyGB6F"}
{"tweet_id":841793740675125248,"created_unixtime":1489534242205,"created_time":"Tue Mar 14 23:30:42 +0000 2017","lang":"en","displayname":"immyownsquad21","time_zone":"","msg":"RT Love_Latrina People dont be wanting to see other people happy so people will make up shit talk do anything"}
{"tweet_id":841793741132242944,"created_unixtime":1489534242314,"created_time":"Tue Mar 14 23:30:42 +0000 2017","lang":"en","displayname":"_hhmia","time_zone":"","msg":"RT ManCanddyPics COLTON HAYNES AND HIS BOYFRIEND ARE ENGAGED THIS MAKES ME SO HAPPY 😭 https//tco/dihGKd2CEI"}
{"tweet_id":841793741186772992,"created_unixtime":1489534242327,"created_time":"Tue Mar 14 23:30:42 +0000 2017","lang":"en","displayname":"kneelandsan","time_zone":"Mountain Time (US & Canada)","msg":"RT RealJack Its sad but hilarious how the mainstream media thinks plastering antiTrump BS all over is going to stop him Every headline…"}
{"tweet_id":841793740624785408,"created_unixtime":1489534242193,"created_time":"Tue Mar 14 23:30:42 +0000 2017","lang":"en","displayname":"camsexposed","time_zone":"Eastern Time (US & Canada)","msg":"Happy Pi Day [Banner] Oh and Happy Birthday Mr Einsteinenjoy the pizza party [F] hot cam girl via … https//tco/E3VSrVdeNr"}
{"tweet_id":841793741358825473,"created_unixtime":1489534242368,"created_time":"Tue Mar 14 23:30:42 +0000 2017","lang":"en","displayname":"JuzJAD","time_zone":"Quito","msg":"RT missjia Oh hes the first actual boyfriend since 2006 Its been girlfriends or fuck buddies since I dunno how to operate… "}
{"tweet_id":841793741262331905,"created_unixtime":1489534242345,"created_time":"Tue Mar 14 23:30:42 +0000 2017","lang":"en","displayname":"pchanyehet","time_zone":"Pacific Time (US & Canada)","msg":"RT thrasherhobi IM SAD I FUCKING HATE PEOPLE ALL U ASSHOLES DO IS FUCKINF DESTROY DIE https//tco/wPSZKdGRG5"}
{"tweet_id":841793742075904001,"created_unixtime":1489534242539,"created_time":"Tue Mar 14 23:30:42 +0000 2017","lang":"en","displayname":"Khrisjeannave","time_zone":"Pacific Time (US & Canada)","msg":"HAPPY BIRTHDAY BEB UyLuther"}
{"tweet_id":841793742143086592,"created_unixtime":1489534242555,"created_time":"Tue Mar 14 23:30:42 +0000 2017","lang":"en","displayname":"kirstininnes","time_zone":"Edinburgh","msg":"RT RCorbettMEP farage nowadays happy to reveal his true colours https//tco/Rsm8k2QY5v"}
{"tweet_id":841793741933445120,"created_unixtime":1489534242505,"created_time":"Tue Mar 14 23:30:42 +0000 2017","lang":"en","displayname":"Jammahflyer","time_zone":"","msg":"RT NatureNPS This is what happens when you have a building full of scientists and a laser👨🏽‍🔬👩🏾‍🔬⚡️3️⃣1️⃣4️⃣ Happy PiDay https//tco…"}
{"tweet_id":841793742214373376,"created_unixtime":1489534242572,"created_time":"Tue Mar 14 23:30:42 +0000 2017","lang":"en","displayname":"SarahStubbe","time_zone":"Hawaii","msg":"She wasnt too happy about this 😂  Palmira Golf And Country Club https//tco/aQIY7Pnosh"}
{"tweet_id":841793743082598400,"created_unixtime":1489534242779,"created_time":"Tue Mar 14 23:30:42 +0000 2017","lang":"en","displayname":"itssjade","time_zone":"","msg":"RT farahdivaaaa Im the type of person whos down for any spontaneous adventure or I could completely be chill at home and be just as hap…"}
{"tweet_id":841793742961008640,"created_unixtime":1489534242750,"created_time":"Tue Mar 14 23:30:42 +0000 2017","lang":"en","displayname":"DwightLavallee1","time_zone":"Pacific Time (US & Canada)","msg":"tonyclementCPC New Canadians signed up today looking happy and proud just like a Canadian should be"}
{"tweet_id":841793743237844992,"created_unixtime":1489534242816,"created_time":"Tue Mar 14 23:30:42 +0000 2017","lang":"en","displayname":"itssqweylaa","time_zone":"Pacific Time (US & Canada)","msg":"RT ariilvv Im happy where im at rn 😌"}
{"tweet_id":841793743007158272,"created_unixtime":1489534242761,"created_time":"Tue Mar 14 23:30:42 +0000 2017","lang":"en","displayname":"donovan_reedy","time_zone":"","msg":"RT RickyPDillon Happy pi day https//tco/PyJRimk7d3"}
{"tweet_id":841793743032332288,"created_unixtime":1489534242767,"created_time":"Tue Mar 14 23:30:42 +0000 2017","lang":"en","displayname":"princessxxtori","time_zone":"Pacific Time (US & Canada)","msg":"RT ShredMonkey_ Sometimes you cant let go of whats making you sad Because it was the only thing that made you happy"}
{"tweet_id":841793743204286464,"created_unixtime":1489534242808,"created_time":"Tue Mar 14 23:30:42 +0000 2017","lang":"en","displayname":"mirr_shaun","time_zone":"","msg":"RT HoosierFootball 🎉 RT to wish CoachAllenIU a happy birthday https//tco/I40wGKJYFy"}
{"tweet_id":841793740972916737,"created_unixtime":1489534242276,"created_time":"Tue Mar 14 23:30:42 +0000 2017","lang":"en","displayname":"DouglasCountyNE","time_zone":"Eastern Time (US & Canada)","msg":"Happy Pi Day from Douglas County We celebrated with these beauties from Wheatfields3  PiDay douglascounty… https//tco/sU3sW9PG6F"}
{"tweet_id":841793743648878595,"created_unixtime":1489534242914,"created_time":"Tue Mar 14 23:30:42 +0000 2017","lang":"en","displayname":"OliviaWatkins5","time_zone":"","msg":"CaitlinWheadonn massive happy birthday pretty hope youve had a lush day xxx"}
{"tweet_id":841793743808262144,"created_unixtime":1489534242952,"created_time":"Tue Mar 14 23:30:42 +0000 2017","lang":"en","displayname":"vickchip","time_zone":"Atlantic Time (Canada)","msg":"In Europe they never have a pi day because the write the date day month and thats sad"}
{"tweet_id":841793743934091265,"created_unixtime":1489534242982,"created_time":"Tue Mar 14 23:30:42 +0000 2017","lang":"und","displayname":"ThiagoThyCP","time_zone":"Cape Verde Is.","msg":"RT vxrbxl happy π day🍴💖 https//tco/HzFW5nCfiA"}
{"tweet_id":841793744189833216,"created_unixtime":1489534243043,"created_time":"Tue Mar 14 23:30:43 +0000 2017","lang":"tl","displayname":"shanusdf","time_zone":"","msg":"feeling sad"}
{"tweet_id":841793743875375104,"created_unixtime":1489534242968,"created_time":"Tue Mar 14 23:30:42 +0000 2017","lang":"en","displayname":"Lynette__Bri","time_zone":"","msg":"Beyond happy"}
{"tweet_id":841793742843588610,"created_unixtime":1489534242722,"created_time":"Tue Mar 14 23:30:42 +0000 2017","lang":"en","displayname":"Jesswilson98x","time_zone":"","msg":"RT Ameliahenryy Do what makes u happy  fuck everyone else 🤷🏼‍♀️"}
{"tweet_id":841793743577587712,"created_unixtime":1489534242897,"created_time":"Tue Mar 14 23:30:42 +0000 2017","lang":"en","displayname":"arklilli","time_zone":"","msg":"RT laulrh julieplec kevwilliamson happy birthday stelena captain 🖤"}
{"tweet_id":841793743950909441,"created_unixtime":1489534242986,"created_time":"Tue Mar 14 23:30:42 +0000 2017","lang":"en","displayname":"an_cat_dubh","time_zone":"Eastern Time (US & Canada)","msg":"RT neiltyson 314  Happy Piday to Gregorian calendar users who reckon dates with month followed by day separated by period omitting year"}
{"tweet_id":841793744420651009,"created_unixtime":1489534243098,"created_time":"Tue Mar 14 23:30:43 +0000 2017","lang":"en","displayname":"vogue_milla","time_zone":"","msg":"I was so happy when my makeup came in I almost cried😂"}
{"tweet_id":841793744751869952,"created_unixtime":1489534243177,"created_time":"Tue Mar 14 23:30:43 +0000 2017","lang":"en","displayname":"smiler_france","time_zone":"Alaska","msg":"RT billyraycyrus Looks like its time to rock n roll MileyCyrus happy   Excited to hear more of the new stuff  Turn it loose  htt…"}
{"tweet_id":841793744336740353,"created_unixtime":1489534243078,"created_time":"Tue Mar 14 23:30:43 +0000 2017","lang":"en","displayname":"DaughenbaughJm","time_zone":"","msg":"RT HealingMB Exercise produces Endorphins  Happy Drug  and our pets have a calming effect Healing Dogs Cats Fitness… "}
{"tweet_id":841793745154580480,"created_unixtime":1489534243273,"created_time":"Tue Mar 14 23:30:43 +0000 2017","lang":"en","displayname":"ninadaelle","time_zone":"Alaska","msg":"You are always remembered Lola Happy birthday 🙏🏼"}
{"tweet_id":841793745104252928,"created_unixtime":1489534243261,"created_time":"Tue Mar 14 23:30:43 +0000 2017","lang":"en","displayname":"Hector_Chavez14","time_zone":"","msg":"This warm weather makes me happy"}
{"tweet_id":841793745188093952,"created_unixtime":1489534243281,"created_time":"Tue Mar 14 23:30:43 +0000 2017","lang":"en","displayname":"Scorpion20_1991","time_zone":"","msg":"RT OfficialKBB So happy to see you both together Take care always girls ❤️ bernardokath kristelfulgar © CHFILTeaserLaunch https//t…"}
{"tweet_id":841793744974299137,"created_unixtime":1489534243230,"created_time":"Tue Mar 14 23:30:43 +0000 2017","lang":"en","displayname":"chisaijimin","time_zone":"","msg":"RT JIKOOKDAILY youre my happy drug https//tco/v6jRUC4Kf8"}
{"tweet_id":841793745385218048,"created_unixtime":1489534243328,"created_time":"Tue Mar 14 23:30:43 +0000 2017","lang":"en","displayname":"NoemiAv06047744","time_zone":"","msg":"RT bectchay1126 RT Dont be sad Always smileMBMayWard"}
{"tweet_id":841793743330131969,"created_unixtime":1489534242838,"created_time":"Tue Mar 14 23:30:42 +0000 2017","lang":"en","displayname":"_JaCubanBabe","time_zone":"","msg":"` with EVERYTHING life has thrown my way Im beyond BLESSED to see 2️⃣0️⃣🎊 HAPPY BIRTHDAY TO ME 🎉🥃🎂🎈 https//tco/PzsxUdRZhw"}
{"tweet_id":841793744697495552,"created_unixtime":1489534243164,"created_time":"Tue Mar 14 23:30:43 +0000 2017","lang":"en","displayname":"macdemqrco","time_zone":"Hawaii","msg":"omg i know this was meant to uplifting and nostalgic but im sad as fuck https//tco/rDm3TKTY0x"}
{"tweet_id":841793745314041861,"created_unixtime":1489534243311,"created_time":"Tue Mar 14 23:30:43 +0000 2017","lang":"en","displayname":"Alex_Lou_Lou","time_zone":"","msg":"RT samkalidi Happy Pi Day https//tco/nrfirnHPXQ"}
{"tweet_id":841793745372737538,"created_unixtime":1489534243325,"created_time":"Tue Mar 14 23:30:43 +0000 2017","lang":"en","displayname":"adree_mayzell","time_zone":"Eastern Time (US & Canada)","msg":"RT snooki Can people just shut up and be happy for them https//tco/IYA2mfQu1v"}
{"tweet_id":841793745196576768,"created_unixtime":1489534243283,"created_time":"Tue Mar 14 23:30:43 +0000 2017","lang":"en","displayname":"Project_POH","time_zone":"","msg":"RT vloracitaku Happy Birthday genius  The important thing is not to stop questioning Curiosity has its own reason for existing… "}
{"tweet_id":841793745578205184,"created_unixtime":1489534243374,"created_time":"Tue Mar 14 23:30:43 +0000 2017","lang":"ja","displayname":"787_002_001","time_zone":"Pacific Time (US & Canada)","msg":"RT shamakho_works 海未ちゃん描きました。happy birthday🎉lovelive園田海未生誕祭2017 3月15日は園田海未の誕生日 https//tco/haJCpEMlak"}
{"tweet_id":841793745372749830,"created_unixtime":1489534243325,"created_time":"Tue Mar 14 23:30:43 +0000 2017","lang":"en","displayname":"Khaledrahman799","time_zone":"","msg":"RT alihaxxo so many girls these days dont understand this They pritoritize boys over their studies So sad https//tco/sF1OVgv3H0"}
{"tweet_id":841793745611833346,"created_unixtime":1489534243382,"created_time":"Tue Mar 14 23:30:43 +0000 2017","lang":"en","displayname":"avincenti12","time_zone":"","msg":"RT pleasuring do u ever lay in bed and get really sad about ur favorite person bc theyre not in the bed with u"}
{"tweet_id":841793745636876288,"created_unixtime":1489534243388,"created_time":"Tue Mar 14 23:30:43 +0000 2017","lang":"ja","displayname":"Asu54383141Asu","time_zone":"","msg":"RT tsukiuta1 ☆Happy White Day⑤☆陽「いっつも、愛をありがとね☆ちゃ〜んと届いてるよ！大好き♪」夜「やれやれ…陽が調子に乗る日です（笑）。でも、皆さんの応援を感じているのは俺も同じです。ありがとうございます！」※DLOK… "}
{"tweet_id":841793746144382976,"created_unixtime":1489534243509,"created_time":"Tue Mar 14 23:30:43 +0000 2017","lang":"en","displayname":"lijahsanjose_","time_zone":"Guam","msg":"RT ramhaeandrea u make me so happy and sad"}
{"tweet_id":841793745766998017,"created_unixtime":1489534243419,"created_time":"Tue Mar 14 23:30:43 +0000 2017","lang":"en","displayname":"Steven_barr60","time_zone":"","msg":"RT mphillips972 Happy Birthday to the little bro I love you and Im so very proud of the man you are becoming Enjoy your day 🎉🎊💓😘 https…"}
{"tweet_id":841793746236801024,"created_unixtime":1489534243531,"created_time":"Tue Mar 14 23:30:43 +0000 2017","lang":"en","displayname":"aj_sib","time_zone":"","msg":"RT therealmisskane Hey Raiders I hope youre enjoying the snow but dont forget to get your yearbook Chloe Rocio and Taylor would… "}
{"tweet_id":841793746131918848,"created_unixtime":1489534243506,"created_time":"Tue Mar 14 23:30:43 +0000 2017","lang":"en","displayname":"Buckschicken","time_zone":"","msg":"Happy Pi day We have rotating pies for just 6 Currently serving up coconut cream and pecan… https//tco/fMuFBHsOLP"}
{"tweet_id":841793746224181248,"created_unixtime":1489534243528,"created_time":"Tue Mar 14 23:30:43 +0000 2017","lang":"en","displayname":"wickedrydia","time_zone":"Madrid","msg":"this was supposed to be a happy day lmao but it feels so sad"}
{"tweet_id":841793745716711425,"created_unixtime":1489534243407,"created_time":"Tue Mar 14 23:30:43 +0000 2017","lang":"en","displayname":"Daleyaddiction_","time_zone":"Eastern Time (US & Canada)","msg":"RT CultureFUBU Happy Birthday Merlin SantanaRIP https//tco/0K4quO4M5g"}
{"tweet_id":841793745515364352,"created_unixtime":1489534243359,"created_time":"Tue Mar 14 23:30:43 +0000 2017","lang":"und","displayname":"SuccessHelping","time_zone":"","msg":"affordable streetstyle tshirt funny happy trending cheap amazon sale tee gt https//tco/T9ANqjSdwC https//tco/xbRVwBkBk0"}
{"tweet_id":841793746589097984,"created_unixtime":1489534243615,"created_time":"Tue Mar 14 23:30:43 +0000 2017","lang":"en","displayname":"Brooklyn_Chase","time_zone":"Pacific Time (US & Canada)","msg":"joelima3 thank you And happy birthday to you"}
{"tweet_id":841793746610065409,"created_unixtime":1489534243620,"created_time":"Tue Mar 14 23:30:43 +0000 2017","lang":"en","displayname":"Jessica_Stokes","time_zone":"Quito","msg":"RT mshagan_teaches Happy Pi Day UrsulineAcademy blizzard uacsw https//tco/hdNxC2twEm"}
{"tweet_id":841793747096621056,"created_unixtime":1489534243736,"created_time":"Tue Mar 14 23:30:43 +0000 2017","lang":"en","displayname":"issajennyy","time_zone":"Pacific Time (US & Canada)","msg":"Im At A Point Of My Life  Where I Just Want To Be Happy 👸🏽 Never Go Broke 💰And Live Life The Way I Want Too ✈️🏖🎆"}
{"tweet_id":841793746723315712,"created_unixtime":1489534243647,"created_time":"Tue Mar 14 23:30:43 +0000 2017","lang":"en","displayname":"http_freak","time_zone":"","msg":"RT blackxnoise Seen video of some happy ass cows They was jumping around having a good time and allat Im done eating hamburger meat y…"}
{"tweet_id":841793747272646656,"created_unixtime":1489534243778,"created_time":"Tue Mar 14 23:30:43 +0000 2017","lang":"en","displayname":"elclen52","time_zone":"","msg":"RT Salvesayson Life Is Short Dont Waste It Being Angry Or Sad Be Happy And Enjoy The Time You Spend With Your Loves Ones ALDUBxDTBYT…"}
{"tweet_id":841793747272708096,"created_unixtime":1489534243778,"created_time":"Tue Mar 14 23:30:43 +0000 2017","lang":"en","displayname":"ron_hines16","time_zone":"Eastern Time (US & Canada)","msg":"Yall wont ever let that go 😂😂 https//tco/GC7g0Gryhl"}
{"tweet_id":841793748086398976,"created_unixtime":1489534243972,"created_time":"Tue Mar 14 23:30:43 +0000 2017","lang":"en","displayname":"homarekon","time_zone":"Tokyo","msg":"happy☺"}
{"tweet_id":841793748312895488,"created_unixtime":1489534244026,"created_time":"Tue Mar 14 23:30:44 +0000 2017","lang":"en","displayname":"Rodrick_Pollitt","time_zone":"","msg":"12 Pictures That Will Make You Feel Stupid Happy on a Bad Day https//tco/iYxGusZGXT"}
{"tweet_id":841793748392652800,"created_unixtime":1489534244045,"created_time":"Tue Mar 14 23:30:44 +0000 2017","lang":"en","displayname":"kristenwayy","time_zone":"Atlantic Time (Canada)","msg":"callycarm CloydRivers happy 2 celebrate pi day "}
{"tweet_id":841793748325421056,"created_unixtime":1489534244029,"created_time":"Tue Mar 14 23:30:44 +0000 2017","lang":"en","displayname":"dante_dtby","time_zone":"Pacific Time (US & Canada)","msg":"RT LegionAbroad OHT ALDUBxDTBYTugOfHearts Happy Tweeting Legionofaldub  legion_ligaya8  LegionEditorSP https//tco/fkMtu8CCMJ"}
{"tweet_id":841793745595043841,"created_unixtime":1489534243378,"created_time":"Tue Mar 14 23:30:43 +0000 2017","lang":"en","displayname":"Wilkins508","time_zone":"Eastern Time (US & Canada)","msg":"Dessert first with tlenker now dinner Happy Pi Day to me  🍕314 https//tco/Heg4rHamaG"}
{"tweet_id":841793748589658112,"created_unixtime":1489534244092,"created_time":"Tue Mar 14 23:30:44 +0000 2017","lang":"en","displayname":"laurynandrewss_","time_zone":"","msg":"RT chloequijanoo HAHAHAH THANKS HOE https//tco/ARACSmaThJ"}
{"tweet_id":841793748845662209,"created_unixtime":1489534244153,"created_time":"Tue Mar 14 23:30:44 +0000 2017","lang":"en","displayname":"knorr_jacob","time_zone":"Central Time (US & Canada)","msg":"At a river w/ Monae and Serenas family Im happy and excited"}
{"tweet_id":841793747624984576,"created_unixtime":1489534243862,"created_time":"Tue Mar 14 23:30:43 +0000 2017","lang":"ja","displayname":"ywpd_mzr","time_zone":"","msg":"海未ちゃん HAPPY BIRTHDAY🎉可愛くてしっかり者の海未ちゃん✨これからもみんなと仲良くね✨園田海未生誕祭2017 ラブライブ https//tco/6d6S9StgyE"}
{"tweet_id":841793746853339136,"created_unixtime":1489534243678,"created_time":"Tue Mar 14 23:30:43 +0000 2017","lang":"en","displayname":"Mikeggxs","time_zone":"Pacific Time (US & Canada)","msg":"calebrmclaughl1 Im having really bad days but you interacting with some fans makes me so happy❤️💯"}
{"tweet_id":841793749080506369,"created_unixtime":1489534244209,"created_time":"Tue Mar 14 23:30:44 +0000 2017","lang":"en","displayname":"Leashyourdogg","time_zone":"Pacific Time (US & Canada)","msg":"RT obxcurity I high key just wanna make sure you’re happy as fuck"}
{"tweet_id":841793749118287872,"created_unixtime":1489534244218,"created_time":"Tue Mar 14 23:30:44 +0000 2017","lang":"en","displayname":"elezaveta5twsk1","time_zone":"","msg":"RT magicman0432 Happy new year hope everybody has a good tell me your new years resolution"}
{"tweet_id":841793749726384128,"created_unixtime":1489534244363,"created_time":"Tue Mar 14 23:30:44 +0000 2017","lang":"en","displayname":"400BlowJobs","time_zone":"","msg":"RT AmaziingPuppies Happy dog getting picked up at daycare https//tco/VAKBpd8Yqi"}
{"tweet_id":841793749860679680,"created_unixtime":1489534244395,"created_time":"Tue Mar 14 23:30:44 +0000 2017","lang":"en","displayname":"NBANewsWeekly","time_zone":"","msg":"RT NBATV 3️⃣1️⃣4️⃣ the possibilities are endless in the NBA 🏀Happy PiDay https//tco/O7mQdlyhbA"}
{"tweet_id":841793750145867777,"created_unixtime":1489534244463,"created_time":"Tue Mar 14 23:30:44 +0000 2017","lang":"en","displayname":"mikaylajone","time_zone":"Central Time (US & Canada)","msg":"RT RickyPDillon Happy pi day https//tco/PyJRimk7d3"}
{"tweet_id":841793750670163969,"created_unixtime":1489534244588,"created_time":"Tue Mar 14 23:30:44 +0000 2017","lang":"en","displayname":"coyb12","time_zone":"","msg":"st_helens_lass caligarciaX happy birthday lovely Enjoy your day tomorrow X"}
{"tweet_id":841793750644928513,"created_unixtime":1489534244582,"created_time":"Tue Mar 14 23:30:44 +0000 2017","lang":"tl","displayname":"jelaica17","time_zone":"","msg":"RT catherinesolay2 Go baby girl maymay Hayaan ang mga epal Happy lng wla ending HahahaMBMayWard"}
{"tweet_id":841793750502387712,"created_unixtime":1489534244548,"created_time":"Tue Mar 14 23:30:44 +0000 2017","lang":"en","displayname":"dkpixie","time_zone":"Central Time (US & Canada)","msg":"RT NatureNPS This is what happens when you have a building full of scientists and a laser👨🏽‍🔬👩🏾‍🔬⚡️3️⃣1️⃣4️⃣ Happy PiDay https//tco…"}
{"tweet_id":841793751085338626,"created_unixtime":1489534244687,"created_time":"Tue Mar 14 23:30:44 +0000 2017","lang":"ja","displayname":"kintore_rm2","time_zone":"","msg":"「ガリガリの自分が嫌だ！！」と思っているあなたにお勧めです！！ぜひ読んでください！https//tco/LuuXyI04xqですが、ある時「たった21日間○○をするだけで細マッチョになれる方法」を知りました。[限定10名様]にその"}
{"tweet_id":841793748719751168,"created_unixtime":1489534244123,"created_time":"Tue Mar 14 23:30:44 +0000 2017","lang":"en","displayname":"haydiebug15","time_zone":"","msg":"happy birthday julia😊i hope you have the best day💘 https//tco/tpx0YthW1S"}
{"tweet_id":841793750934388738,"created_unixtime":1489534244651,"created_time":"Tue Mar 14 23:30:44 +0000 2017","lang":"en","displayname":"AzzieBabyyyyyyy","time_zone":"Pacific Time (US & Canada)","msg":"RT MessiMinutes CostaBarça/Madrid are going to look at him Hazard is happy here but when a team like this knocks at the door y… "}
{"tweet_id":841793750552600578,"created_unixtime":1489534244560,"created_time":"Tue Mar 14 23:30:44 +0000 2017","lang":"tl","displayname":"_K_hatz","time_zone":"Pacific Time (US & Canada)","msg":"RT banyarogk HAPPY BIRTHDAY TSUBASA 🕺🕺🕺🕺🕺佐伯翼生誕祭2017 https//tco/zHkR5dS9k8"}
{"tweet_id":841793751219621889,"created_unixtime":1489534244719,"created_time":"Tue Mar 14 23:30:44 +0000 2017","lang":"en","displayname":"dforevermjlove","time_zone":"Bucharest","msg":"AshleyMercedes Happy Birthday Ashley 😗😗😗 Im sure you already got your present the Il Volo concert 😍⚘"}
{"tweet_id":841793749839568896,"created_unixtime":1489534244390,"created_time":"Tue Mar 14 23:30:44 +0000 2017","lang":"ja","displayname":"poteto_rubyi","time_zone":"","msg":"園田海未生誕祭2017 ぽっぴん加工海未ちゃん happy birthday‼️🎂🎂海未ちゃんアイコン配布です！ https//tco/BySEyTTCgE"}
{"tweet_id":841793750804377600,"created_unixtime":1489534244620,"created_time":"Tue Mar 14 23:30:44 +0000 2017","lang":"en","displayname":"abbygriffiin","time_zone":"Eastern Time (US & Canada)","msg":"try dat https//tco/qdfeEt4H9t"}
{"tweet_id":841793751982850048,"created_unixtime":1489534244901,"created_time":"Tue Mar 14 23:30:44 +0000 2017","lang":"ja","displayname":"zeronohobono","time_zone":"","msg":"RT yuga805882 海未ちゃんHappy Birthday🎊これからもよろしく！ みんなで祝いましょう◍˃̶ᗜ˂̶◍ﾉ拡散希望3月15日は園田海未の誕生日園田海未生誕祭2017ラブライバーと繋がりたいラブライバーはRT… "}
{"tweet_id":841793750447841280,"created_unixtime":1489534244535,"created_time":"Tue Mar 14 23:30:44 +0000 2017","lang":"en","displayname":"PreMedMayhem","time_zone":"","msg":"RT _lilsunnyyy Talk to god more aint nothing wrong with you dont know what youre sad for you got clothes on your back and… "}
{"tweet_id":841793751710367745,"created_unixtime":1489534244836,"created_time":"Tue Mar 14 23:30:44 +0000 2017","lang":"en","displayname":"AWildDwarf","time_zone":"Pacific Time (US & Canada)","msg":"Happy birthday to DrMcFunkyPants "}
{"tweet_id":841793751911682049,"created_unixtime":1489534244884,"created_time":"Tue Mar 14 23:30:44 +0000 2017","lang":"en","displayname":"__Alluringkayy","time_zone":"","msg":"RT peaches_monroee June 212014 Was day I made history and created a word that will never be forgotten Happy Fleek Day 💪🏾😂🙈 https//tco/…"}
{"tweet_id":841793751349661696,"created_unixtime":1489534244750,"created_time":"Tue Mar 14 23:30:44 +0000 2017","lang":"en","displayname":"kraftklubschen","time_zone":"","msg":"RT ilovefIowers if ur sad https//tco/cwXvLBIWEu"}
{"tweet_id":841793752066883584,"created_unixtime":1489534244921,"created_time":"Tue Mar 14 23:30:44 +0000 2017","lang":"en","displayname":"NJIT","time_zone":"Eastern Time (US & Canada)","msg":"RT BillNye Happy 314 Day peoples"}
{"tweet_id":841793752297541632,"created_unixtime":1489534244976,"created_time":"Tue Mar 14 23:30:44 +0000 2017","lang":"en","displayname":"105TenBarGrill","time_zone":"","msg":"Watch our Pastry Chef Valdirene Wasilewski on Chopped tonight at 1000 on the Food Network Were so happy you represented 105Ten"}
{"tweet_id":841793753165651968,"created_unixtime":1489534245183,"created_time":"Tue Mar 14 23:30:45 +0000 2017","lang":"en","displayname":"Shyreyes4","time_zone":"","msg":"RT ermiesagum Stay happy😊 bean_stalker888 annetsc64 TropALDUBSG ofcnewscaster tragedy_joan AldubThoughts Casiegurl ALDUBxDTBYTugO…"}
{"tweet_id":841793753543147521,"created_unixtime":1489534245273,"created_time":"Tue Mar 14 23:30:45 +0000 2017","lang":"tl","displayname":"charmainefaulks","time_zone":"Taipei","msg":"Huli man daw ang magaling huli pa rin 😜Happy birthday paullim0314 🎂🎈"}
{"tweet_id":841793753354514432,"created_unixtime":1489534245228,"created_time":"Tue Mar 14 23:30:45 +0000 2017","lang":"pt","displayname":"valerioo_14","time_zone":"","msg":"RT SOMOSPORTOCRL Obrigado Benfica por te lembrares com carinho o 92 💙💙 https//tco/bEhjUC2vXc"}
{"tweet_id":841793753916530688,"created_unixtime":1489534245362,"created_time":"Tue Mar 14 23:30:45 +0000 2017","lang":"en","displayname":"FCNewYork","time_zone":"Eastern Time (US & Canada)","msg":"Beth Kanter and Aliza Sherman on selfcare in nonprofit sector and The Happy Healthy Nonprofit https//tco/LY2MigZD4R wellness burnout"}
{"tweet_id":841793754130448387,"created_unixtime":1489534245413,"created_time":"Tue Mar 14 23:30:45 +0000 2017","lang":"en","displayname":"EBGCBacklog","time_zone":"Pacific Time (US & Canada)","msg":"RT TulsiGabbard As we celebrate new beginnings and reflect on the triumph of good over evil I wish all a safe and happy Holi festival…"}
{"tweet_id":841793754067492864,"created_unixtime":1489534245398,"created_time":"Tue Mar 14 23:30:45 +0000 2017","lang":"tl","displayname":"alemap106","time_zone":"Pacific Time (US & Canada)","msg":"RT jaysondmx Yung mga nag hahanap ng FAs ko Eto thread From 2015 to july 2016 reposted nung first Aniv 🙂… "}
{"tweet_id":841793754264682497,"created_unixtime":1489534245445,"created_time":"Tue Mar 14 23:30:45 +0000 2017","lang":"en","displayname":"abberdeen26","time_zone":"Pacific Time (US & Canada)","msg":"RT maggie_winslow4 Cant wait to see how happy Ill be with the right guy if I was able to be as happy as I was with the wrong one"}
{"tweet_id":841793754247888904,"created_unixtime":1489534245441,"created_time":"Tue Mar 14 23:30:45 +0000 2017","lang":"en","displayname":"sophiarose38","time_zone":"","msg":"So happy Im leaving soon this weather makes me feel really trapped"}
{"tweet_id":841793754377904128,"created_unixtime":1489534245472,"created_time":"Tue Mar 14 23:30:45 +0000 2017","lang":"en","displayname":"luisafdw","time_zone":"","msg":"RT ilovefIowers if ur sad https//tco/cwXvLBIWEu"}
{"tweet_id":841793754696716288,"created_unixtime":1489534245548,"created_time":"Tue Mar 14 23:30:45 +0000 2017","lang":"en","displayname":"Morgiee_06","time_zone":"Central Time (US & Canada)","msg":"happy 17th birthday to this 💩 I call my little sister hope your day is as mediocre as you… https//tco/P2toGGrdbj"}
{"tweet_id":841793755074166786,"created_unixtime":1489534245638,"created_time":"Tue Mar 14 23:30:45 +0000 2017","lang":"en","displayname":"Natalie_Tossell","time_zone":"London","msg":"RT amiebriggsx If someone puts you in a shit mood more than they make you happy it really aint worth it"}
{"tweet_id":841793754373738496,"created_unixtime":1489534245471,"created_time":"Tue Mar 14 23:30:45 +0000 2017","lang":"de","displayname":"jennifah2112","time_zone":"","msg":"RT PatiValpati Meine to go Lieder für emotionale ZusammenbrücheYvonne Catterfeld  Welt ohne dichLeona Lewis  HappyJamelia  Stop…"}
{"tweet_id":841793754222727173,"created_unixtime":1489534245435,"created_time":"Tue Mar 14 23:30:45 +0000 2017","lang":"en","displayname":"fullerverso","time_zone":"Brasilia","msg":"RT FreddyAmazin Someone When was the last time u were truly happyMe https//tco/0lG917uPtK"}
{"tweet_id":841793754713477126,"created_unixtime":1489534245552,"created_time":"Tue Mar 14 23:30:45 +0000 2017","lang":"und","displayname":"SuccessHelping","time_zone":"","msg":"affordable streetstyle tshirt funny happy trending cheap amazon sale tee gt https//tco/T9ANqjSdwC https//tco/Dv50V34fi4"}
{"tweet_id":841793755107753984,"created_unixtime":1489534245646,"created_time":"Tue Mar 14 23:30:45 +0000 2017","lang":"en","displayname":"SAMISCRAXY","time_zone":"Pacific Time (US & Canada)","msg":"RT RickyPDillon Happy pi day https//tco/PyJRimk7d3"}
{"tweet_id":841793754927382529,"created_unixtime":1489534245603,"created_time":"Tue Mar 14 23:30:45 +0000 2017","lang":"en","displayname":"sheroneee_","time_zone":"Eastern Time (US & Canada)","msg":"RT _queenliv__ the sad truth😕 https//tco/Jsq2dijWmZ"}
{"tweet_id":841793755703332865,"created_unixtime":1489534245788,"created_time":"Tue Mar 14 23:30:45 +0000 2017","lang":"en","displayname":"GoIdenState","time_zone":"Atlantic Time (Canada)","msg":"RT NBA Join us in wishing StephenCurry30 of the warriors a HAPPY 29th BIRTHDAY NBABDAY DubNation https//tco/cZfNy7sLh5"}
{"tweet_id":841793756059844610,"created_unixtime":1489534245873,"created_time":"Tue Mar 14 23:30:45 +0000 2017","lang":"en","displayname":"Gonza2Diana","time_zone":"","msg":"Taco Tuesday with a  Texas serving of fixerupper  Happy Tues evening everyone🌮🌮"}
{"tweet_id":841793756131131392,"created_unixtime":1489534245890,"created_time":"Tue Mar 14 23:30:45 +0000 2017","lang":"en","displayname":"rejecthrelec","time_zone":"Eastern Time (US & Canada)","msg":"RT RickyPDillon Happy pi day https//tco/PyJRimk7d3"}
{"tweet_id":841793756474949632,"created_unixtime":1489534245972,"created_time":"Tue Mar 14 23:30:45 +0000 2017","lang":"en","displayname":"lawrencegonzaga","time_zone":"Pacific Time (US & Canada)","msg":"RT matttcheeew genuinely happy ⭐️"}
{"tweet_id":841793755472642049,"created_unixtime":1489534245733,"created_time":"Tue Mar 14 23:30:45 +0000 2017","lang":"en","displayname":"trxyescabello","time_zone":"Caracas","msg":"RT camilacabello97 GUYS DONT BE SAD BECAUSE THE BEST PRIZE WE COULD HAVE IS HAVING FANS AS LOVELY AND DEDICATED AND AS LOYAL AS U GUYS T…"}
{"tweet_id":841793755665575936,"created_unixtime":1489534245779,"created_time":"Tue Mar 14 23:30:45 +0000 2017","lang":"und","displayname":"dylanbrinkley_1","time_zone":"","msg":"RT DannyDuncan69 😂😂 https//tco/e9HK292pDx"}
{"tweet_id":841793755787231233,"created_unixtime":1489534245808,"created_time":"Tue Mar 14 23:30:45 +0000 2017","lang":"en","displayname":"BRAZYBB","time_zone":"Central Time (US & Canada)","msg":"RT D_Deji28 Do you guys know why he was killed A girl lied that he raped her and her brother shot him dead https//tco/IWDVDZp3rz"}
{"tweet_id":841793755946573825,"created_unixtime":1489534245846,"created_time":"Tue Mar 14 23:30:45 +0000 2017","lang":"cy","displayname":"britneytejeda","time_zone":"","msg":"Awww Meg Ilysm💜💜 https//tco/028BiKDFKB"}
{"tweet_id":841793756638654464,"created_unixtime":1489534246011,"created_time":"Tue Mar 14 23:30:46 +0000 2017","lang":"es","displayname":"grisales_naiara","time_zone":"","msg":"Yo dizque hablandole para que me invite a los 15 y apenas tiene 13 Sad"}
{"tweet_id":841793756823224320,"created_unixtime":1489534246055,"created_time":"Tue Mar 14 23:30:46 +0000 2017","lang":"en","displayname":"thelrm","time_zone":"Casablanca","msg":"Another wonderful meal pastafactoryuk best vegan food in Manc amp special thanks for saving me singing happy birthday The_Jacket x"}
{"tweet_id":841793757091639299,"created_unixtime":1489534246119,"created_time":"Tue Mar 14 23:30:46 +0000 2017","lang":"en","displayname":"adamfreshhh","time_zone":"Eastern Time (US & Canada)","msg":"I can see the city Im happy to arrive Thunderbolts of love crash into my eyes"}
{"tweet_id":841793756688973824,"created_unixtime":1489534246023,"created_time":"Tue Mar 14 23:30:46 +0000 2017","lang":"en","displayname":"imjustalessa","time_zone":"Bogota","msg":"RT TheBucktList there are so many beautiful reasons to be happy https//tco/DQkyoN1SHW"}
{"tweet_id":841793757523595264,"created_unixtime":1489534246222,"created_time":"Tue Mar 14 23:30:46 +0000 2017","lang":"en","displayname":"_mistaaaay","time_zone":"","msg":"RT GirlNotes COLTON HAYNES AND HIS BOYFRIEND ARE ENGAGED THIS MAKES ME SO HAPPY 😭😭 https//tco/kJGSvbM7wf"}
{"tweet_id":841793754700865536,"created_unixtime":1489534245549,"created_time":"Tue Mar 14 23:30:45 +0000 2017","lang":"en","displayname":"CoolcatWon","time_zone":"","msg":"Happy  NationalPiDay 😻  Im going to enjoy ❤ mine for sure https//tco/QjXPAtGrO7"}
{"tweet_id":841793757104218119,"created_unixtime":1489534246122,"created_time":"Tue Mar 14 23:30:46 +0000 2017","lang":"en","displayname":"BlueRidgeBoxer","time_zone":"Eastern Time (US & Canada)","msg":"After almost 3 years in his foster homeRICHIE HAS BEEN ADOPTED  We are so very happy for Richie and the https//tco/8MsQmqyvIT"}
{"tweet_id":841793757309726724,"created_unixtime":1489534246171,"created_time":"Tue Mar 14 23:30:46 +0000 2017","lang":"en","displayname":"MannyAM_","time_zone":"Pacific Time (US & Canada)","msg":"RT D_Deji28 Do you guys know why he was killed A girl lied that he raped her and her brother shot him dead https//tco/IWDVDZp3rz"}
{"tweet_id":841793758031110144,"created_unixtime":1489534246343,"created_time":"Tue Mar 14 23:30:46 +0000 2017","lang":"en","displayname":"ASVPMagid","time_zone":"Arizona","msg":"Everyone had a video or picture with me Lol I dont remember any of these pictures lol but Thank you Tori I apprec… https//tco/qOBKGPTciB"}
{"tweet_id":841793758052130817,"created_unixtime":1489534246348,"created_time":"Tue Mar 14 23:30:46 +0000 2017","lang":"en","displayname":"alyssaxgarciaa","time_zone":"Central Time (US & Canada)","msg":"i promise ill die happy alone"}
{"tweet_id":841793758047944704,"created_unixtime":1489534246347,"created_time":"Tue Mar 14 23:30:46 +0000 2017","lang":"en","displayname":"HalamaPrime","time_zone":"Eastern Time (US & Canada)","msg":"RT BATCLAM Happy DungeonMini Monday Remember Friends dont let low charisma friends bluff Catch up on all our comics at… "}
{"tweet_id":841793757901123584,"created_unixtime":1489534246312,"created_time":"Tue Mar 14 23:30:46 +0000 2017","lang":"en","displayname":"_chrissssssss","time_zone":"Eastern Time (US & Canada)","msg":"Thanks Selena 😌😌 https//tco/rH3Xj53kpD"}
{"tweet_id":841793758270226432,"created_unixtime":1489534246400,"created_time":"Tue Mar 14 23:30:46 +0000 2017","lang":"en","displayname":"Emmie_31K","time_zone":"","msg":"RT RickyPDillon Happy pi day https//tco/PyJRimk7d3"}
{"tweet_id":841793758425436160,"created_unixtime":1489534246437,"created_time":"Tue Mar 14 23:30:46 +0000 2017","lang":"en","displayname":"hansolohvc","time_zone":"Eastern Time (US & Canada)","msg":"RT jackgyum his little high pitched laugh makes me so happy https//tco/HBRuVhRy0a"}
{"tweet_id":841793758878420992,"created_unixtime":1489534246545,"created_time":"Tue Mar 14 23:30:46 +0000 2017","lang":"es","displayname":"anmarienuhart","time_zone":"Eastern Time (US & Canada)","msg":"RT IngenieroDice Hoy es el Día de Pi y su día sería 3/14/1592 65358 que correspondería al valor de Pi expresado en doce dígitos… "}
{"tweet_id":841793758840643584,"created_unixtime":1489534246536,"created_time":"Tue Mar 14 23:30:46 +0000 2017","lang":"en","displayname":"JoeXpressauto","time_zone":"","msg":"RT big_dawg1199 Schumer you 🤡‼Read this You say nothing for the good of the American people amp we know why You stand for nothing🤡… "}
{"tweet_id":841793759163617280,"created_unixtime":1489534246613,"created_time":"Tue Mar 14 23:30:46 +0000 2017","lang":"en","displayname":"fitetothefinish","time_zone":"Central Time (US & Canada)","msg":"tay_slagh omg that makes my heart so happy 😆 I miss you too"}
{"tweet_id":841793759406886912,"created_unixtime":1489534246671,"created_time":"Tue Mar 14 23:30:46 +0000 2017","lang":"en","displayname":"carolas_23","time_zone":"Pacific Time (US & Canada)","msg":"🔝 love instagood photooftheday toptags tbt cute me beautiful followme happy follow… https//tco/nGhMRxKWvt"}
{"tweet_id":841793759415291904,"created_unixtime":1489534246673,"created_time":"Tue Mar 14 23:30:46 +0000 2017","lang":"en","displayname":"Neilstradamus","time_zone":"","msg":"Shes brain damaged https//tco/XnhNYzRNdB"}
{"tweet_id":841793759700516864,"created_unixtime":1489534246741,"created_time":"Tue Mar 14 23:30:46 +0000 2017","lang":"en","displayname":"M_Buzz51","time_zone":"Atlantic Time (Canada)","msg":"benbaird15 happy birthday big man"}
{"tweet_id":841793759578886144,"created_unixtime":1489534246712,"created_time":"Tue Mar 14 23:30:46 +0000 2017","lang":"en","displayname":"lover_tacobell","time_zone":"","msg":"RT RickyPDillon Happy pi day https//tco/PyJRimk7d3"}
{"tweet_id":841793760111484928,"created_unixtime":1489534246839,"created_time":"Tue Mar 14 23:30:46 +0000 2017","lang":"en","displayname":"BTSKE5","time_zone":"Pacific Time (US & Canada)","msg":"RT jimindaisies I really miss our beautiful happy jimin I love my sugar plum so much amp I promise to always love amp protect him n… "}
{"tweet_id":841793760111525888,"created_unixtime":1489534246839,"created_time":"Tue Mar 14 23:30:46 +0000 2017","lang":"en","displayname":"modeknit","time_zone":"Central Time (US & Canada)","msg":"knitmoregirls Damn Sad"}
{"tweet_id":841793760086360064,"created_unixtime":1489534246833,"created_time":"Tue Mar 14 23:30:46 +0000 2017","lang":"en","displayname":"No_Scuf","time_zone":"Eastern Time (US & Canada)","msg":"StephenCurry30 happy birthday 😁"}
{"tweet_id":841793760207896576,"created_unixtime":1489534246862,"created_time":"Tue Mar 14 23:30:46 +0000 2017","lang":"ja","displayname":"sumarfooo_15","time_zone":"","msg":"RT kate0530maki 海未ちゃんHappy Birthday🎊🎉園田海未生誕祭2017 3月15日は園田海未の誕生日 3月15日は海未ちゃんの誕生日 園田海未生誕祭 https//tco/z0aqGiJnJX"}
{"tweet_id":841793760019263488,"created_unixtime":1489534246817,"created_time":"Tue Mar 14 23:30:46 +0000 2017","lang":"pt","displayname":"Biihingrid","time_zone":"Brasilia","msg":"RT MyPinkPrincess1 Agora tô sad Meu caminah 💙 https//tco/LnirY2Rvwf"}
{"tweet_id":841793760975446016,"created_unixtime":1489534247045,"created_time":"Tue Mar 14 23:30:47 +0000 2017","lang":"en","displayname":"camping_gateway","time_zone":"Pacific Time (US & Canada)","msg":"RT HappyPhysio HAPPY DAY OF BIRTH to our rock climbing snicker loving Physio Alex Biffin Al from you… https//tco/1c8kyOuRne https…"}
{"tweet_id":841793760627462144,"created_unixtime":1489534246962,"created_time":"Tue Mar 14 23:30:46 +0000 2017","lang":"en","displayname":"Yurechika","time_zone":"Belgrade","msg":"RT Idol_Culture Happy Birthday Umi https//tco/3tIGicaZME https//tco/3XzrEmBnsL"}
{"tweet_id":841793759700484096,"created_unixtime":1489534246741,"created_time":"Tue Mar 14 23:30:46 +0000 2017","lang":"en","displayname":"appieclappie","time_zone":"Pacific Time (US & Canada)","msg":"Twitter can be so happy making when it wants to be https//tco/EVzzFPbJ4f"}
{"tweet_id":841793761441067009,"created_unixtime":1489534247156,"created_time":"Tue Mar 14 23:30:47 +0000 2017","lang":"en","displayname":"ZIHADALANSORI","time_zone":"Jakarta","msg":"RT thibautcourtois Happy with our win 👏🏻 CFC 💙 marcosalonso03 https//tco/bL9ps5DKAc"}
{"tweet_id":841793759796989953,"created_unixtime":1489534246764,"created_time":"Tue Mar 14 23:30:46 +0000 2017","lang":"en","displayname":"qveencarrie","time_zone":"","msg":"RT KissMyGritsx I just want a faithful chocolate nigga that will keep me happy and Ill return the favor🙄😩"}
{"tweet_id":841793762170920960,"created_unixtime":1489534247330,"created_time":"Tue Mar 14 23:30:47 +0000 2017","lang":"en","displayname":"tiara_woodard","time_zone":"","msg":"RT ChickSoPretty Call me crazy but I love to see people happy and succeeding Life is a journey not a competition"}
{"tweet_id":841793761982083072,"created_unixtime":1489534247285,"created_time":"Tue Mar 14 23:30:47 +0000 2017","lang":"en","displayname":"jen_a18","time_zone":"","msg":"natalie_eliseee those are so sad"}
{"tweet_id":841793762502291456,"created_unixtime":1489534247409,"created_time":"Tue Mar 14 23:30:47 +0000 2017","lang":"en","displayname":"_BTS_INFIRES","time_zone":"","msg":"RT RM_ARCHIVE they make me so happy 😊 i love best friends https//tco/DQszn1ARR8"}
{"tweet_id":841793762728771584,"created_unixtime":1489534247463,"created_time":"Tue Mar 14 23:30:47 +0000 2017","lang":"en","displayname":"AllAboutAlish","time_zone":"Atlantic Time (Canada)","msg":"Day 18 of AprilTheGiraffe babywatch This poor giraffe So sad to see her try to lie down amp rest AprilTheGiraffe GiraffeWatch"}
{"tweet_id":841793763034976257,"created_unixtime":1489534247536,"created_time":"Tue Mar 14 23:30:47 +0000 2017","lang":"en","displayname":"WEIRDAN_","time_zone":"Pacific Time (US & Canada)","msg":"RT WEIRDAN_ SMOKINGIs a CURE for sad souls🎈"}
{"tweet_id":841793763131441152,"created_unixtime":1489534247559,"created_time":"Tue Mar 14 23:30:47 +0000 2017","lang":"en","displayname":"Erika_cutie97","time_zone":"","msg":"RT RickyPDillon Happy pi day https//tco/PyJRimk7d3"}
{"tweet_id":841793762498088960,"created_unixtime":1489534247408,"created_time":"Tue Mar 14 23:30:47 +0000 2017","lang":"en","displayname":"drizzylenas","time_zone":"","msg":"TheFactsOfShade why cant yall be happy for them Im actually happy because I aint no rat so YAS QUEEN… https//tco/KWysLo4MhJ"}
{"tweet_id":841793763949260802,"created_unixtime":1489534247754,"created_time":"Tue Mar 14 23:30:47 +0000 2017","lang":"en","displayname":"aayas14","time_zone":"","msg":"Tomorrow is my day off🤗Happy🌸"}
{"tweet_id":841793762800074753,"created_unixtime":1489534247480,"created_time":"Tue Mar 14 23:30:47 +0000 2017","lang":"en","displayname":"altasmusica","time_zone":"Mountain Time (US & Canada)","msg":"Happy PiDay https//tco/hVWpkEe8er"}
{"tweet_id":841793764666548226,"created_unixtime":1489534247925,"created_time":"Tue Mar 14 23:30:47 +0000 2017","lang":"en","displayname":"_avacarbone_","time_zone":"Eastern Time (US & Canada)","msg":"Happy 16th bday hag💕hope u had a good day girl HagenMorris_"}
{"tweet_id":841793763022364675,"created_unixtime":1489534247533,"created_time":"Tue Mar 14 23:30:47 +0000 2017","lang":"en","displayname":"nicterry_xo","time_zone":"","msg":"directhanni05 they were amazing soo happy you had a great night 🙌❤❤"}
{"tweet_id":841793764842733568,"created_unixtime":1489534247967,"created_time":"Tue Mar 14 23:30:47 +0000 2017","lang":"en","displayname":"bylum15","time_zone":"","msg":"RT Nashgrier HAPPY 6th BIRTHDAY SKY Cant wait to see youbtw Youre still my bestfriend  http//tco/b9t9myp6YZ"}
{"tweet_id":841793764955963394,"created_unixtime":1489534247994,"created_time":"Tue Mar 14 23:30:47 +0000 2017","lang":"en","displayname":"loganalysem","time_zone":"Pacific Time (US & Canada)","msg":"RT law0125 Im so happy with the people I have in my life right now🙌🏾"}
{"tweet_id":841793765144641536,"created_unixtime":1489534248039,"created_time":"Tue Mar 14 23:30:48 +0000 2017","lang":"en","displayname":"DrBenBritton","time_zone":"Pacific Time (US & Canada)","msg":"RT WilliamShatner Happy Pie Day in about 7 minutes 🤗 https//tco/NSfLcDVuRD"}
{"tweet_id":841793765673115648,"created_unixtime":1489534248165,"created_time":"Tue Mar 14 23:30:48 +0000 2017","lang":"en","displayname":"DjQuangSter","time_zone":"Pacific Time (US & Canada)","msg":"RT MatPatGT A nerdy math joke for a nerdy holidayHappy Pi Day https//tco/jRxvuScUyn"}
{"tweet_id":841793764846931969,"created_unixtime":1489534247968,"created_time":"Tue Mar 14 23:30:47 +0000 2017","lang":"en","displayname":"Mishaal1010","time_zone":"Eastern Time (US & Canada)","msg":"Happy pi day yall 3 dollar pizookies  BJs today and every Tuesday YaWelcome https//tco/ufHPdwACdy"}
{"tweet_id":841793763466964992,"created_unixtime":1489534247639,"created_time":"Tue Mar 14 23:30:47 +0000 2017","lang":"en","displayname":"_girlchar","time_zone":"","msg":"RT KelliHisdream Im happy in whatever position Im in We all want more but if its not your time it isnt your time Make the best of R…"}
{"tweet_id":841793765039869952,"created_unixtime":1489534248014,"created_time":"Tue Mar 14 23:30:48 +0000 2017","lang":"en","displayname":"CoopElaine","time_zone":"London","msg":"DESCOLEMAN Happy birthday Des  and I know how old you are 😉"}
{"tweet_id":841793765387960325,"created_unixtime":1489534248097,"created_time":"Tue Mar 14 23:30:48 +0000 2017","lang":"en","displayname":"ProfOakenshield","time_zone":"Pacific Time (US & Canada)","msg":"Oh all right then That should make it happy You seem to be sure Goodbye If you win you have come of age BLUE and RED So your name"}
{"tweet_id":841793766209990656,"created_unixtime":1489534248293,"created_time":"Tue Mar 14 23:30:48 +0000 2017","lang":"en","displayname":"Laurazepeda_","time_zone":"","msg":"RT vivisantii Its the little stuff that make me soooo happy"}
{"tweet_id":841793766038081541,"created_unixtime":1489534248252,"created_time":"Tue Mar 14 23:30:48 +0000 2017","lang":"en","displayname":"martinaaa99","time_zone":"","msg":"RT RickyPDillon Happy pi day https//tco/PyJRimk7d3"}
{"tweet_id":841793765828395008,"created_unixtime":1489534248202,"created_time":"Tue Mar 14 23:30:48 +0000 2017","lang":"en","displayname":"townsendkyle03","time_zone":"Pacific Time (US & Canada)","msg":"thanks porkchop ✊🏽 https//tco/HxXQmz4gpO"}
{"tweet_id":841793766033899520,"created_unixtime":1489534248251,"created_time":"Tue Mar 14 23:30:48 +0000 2017","lang":"en","displayname":"SEOExpertVegas","time_zone":"Pacific Time (US & Canada)","msg":"RT CityOfLasVegas Happy PiDay from our Safekey kids Learn more about before/after school care at … https//tco/Olg5gEFTYJ"}
{"tweet_id":841793766331711488,"created_unixtime":1489534248322,"created_time":"Tue Mar 14 23:30:48 +0000 2017","lang":"en","displayname":"taytaythatdeal","time_zone":"","msg":"Im happy it dont get dark at 5 🙌 hated that shit"}
{"tweet_id":841793766390411264,"created_unixtime":1489534248336,"created_time":"Tue Mar 14 23:30:48 +0000 2017","lang":"en","displayname":"jonpeee","time_zone":"Eastern Time (US & Canada)","msg":"Thanks love https//tco/XnSAoloyIT"}
{"tweet_id":841793767271198721,"created_unixtime":1489534248546,"created_time":"Tue Mar 14 23:30:48 +0000 2017","lang":"en","displayname":"DavidJKelly_3","time_zone":"Pacific Time (US & Canada)","msg":"RT PaulKellyVet Even disabled dogs love a good runaround Daily exercise for dogs is key to a healthy and happy life Starbiz… "}
{"tweet_id":841793767468224512,"created_unixtime":1489534248593,"created_time":"Tue Mar 14 23:30:48 +0000 2017","lang":"en","displayname":"janer98","time_zone":"","msg":"RT handsomemurri Happy Birthday IndigenousX big ups to everyones twitterdad LukeLPearson for keeping it going for us https//tco/PK…"}
{"tweet_id":841793767766016001,"created_unixtime":1489534248664,"created_time":"Tue Mar 14 23:30:48 +0000 2017","lang":"ja","displayname":"doanobu117","time_zone":"","msg":"RT BELCORNO ラテアート【園田海未】＠ラブライブ！LatteArt【Umi Sonoda】＠ Love Live本日お誕生日で一杯。Happy Birthday作成動画：https//tco/M7aP8M7SKK… "}
{"tweet_id":841793767573086208,"created_unixtime":1489534248618,"created_time":"Tue Mar 14 23:30:48 +0000 2017","lang":"en","displayname":"Nikku_X","time_zone":"Singapore","msg":"RT mainedcm I am a one happy banana How about you https//tco/KKyl9dh6HO"}
{"tweet_id":841793766319112192,"created_unixtime":1489534248319,"created_time":"Tue Mar 14 23:30:48 +0000 2017","lang":"en","displayname":"Disgrazia4","time_zone":"Eastern Time (US & Canada)","msg":"karengeier 3cheeseburgers RealLastName PrisonPlanetIll tell you what these sad betas give good white men a b… https//tco/M2DeR8j3Cd"}
{"tweet_id":841793766679810050,"created_unixtime":1489534248405,"created_time":"Tue Mar 14 23:30:48 +0000 2017","lang":"en","displayname":"CemUlutash","time_zone":"","msg":"RT GeezyPeas Imagine using Leicester going through as a stick Youre sucking every last bit of joy from your relationship with Arsenal amp…"}
{"tweet_id":841793767464177664,"created_unixtime":1489534248592,"created_time":"Tue Mar 14 23:30:48 +0000 2017","lang":"en","displayname":"CheyenneMuffo15","time_zone":"","msg":"RT warriors DubNation please join us in wishing StephenCurry30 a very Happy Birthday 🎈 https//tco/cByjiIEk25"}
{"tweet_id":841793767858413568,"created_unixtime":1489534248686,"created_time":"Tue Mar 14 23:30:48 +0000 2017","lang":"en","displayname":"cloutgod__jay","time_zone":"","msg":"RT MoneyGirlK 💀 couldnt have said it any better https//tco/oU0cvTPXD9"}
{"tweet_id":841793767556411392,"created_unixtime":1489534248614,"created_time":"Tue Mar 14 23:30:48 +0000 2017","lang":"en","displayname":"aporosky","time_zone":"Eastern Time (US & Canada)","msg":"RT buzzforkids Happy TacoTuesday We are proud to fund such a popular yummy dinner on the oncology floor at BostonChildrens 🤗🌮… "}
{"tweet_id":841793768625958912,"created_unixtime":1489534248869,"created_time":"Tue Mar 14 23:30:48 +0000 2017","lang":"en","displayname":"srach0","time_zone":"London","msg":"Im saying this to show that you can go through tough times and be in the midst of those times and yet still be happy Theres hope Always"}
{"tweet_id":841793768693075968,"created_unixtime":1489534248885,"created_time":"Tue Mar 14 23:30:48 +0000 2017","lang":"en","displayname":"OsirisAvatarLol","time_zone":"","msg":"Ahmed_Afro187 America1rs mrbootherovski jupjup159 theintercept yup Its really sad But if thats all you want to talk about after"}
{"tweet_id":841793768693092353,"created_unixtime":1489534248885,"created_time":"Tue Mar 14 23:30:48 +0000 2017","lang":"en","displayname":"stevenswriting","time_zone":"","msg":"RT aharz7 My guy ❤💯 https//tco/JCE9ElZIVd"}
{"tweet_id":841793768663703552,"created_unixtime":1489534248878,"created_time":"Tue Mar 14 23:30:48 +0000 2017","lang":"en","displayname":"Indygrl76","time_zone":"","msg":"Our president US has no idea what pi is hes an idiot  Can I move to Canada please https//tco/l3yG59aO9W"}
{"tweet_id":841793769120784388,"created_unixtime":1489534248987,"created_time":"Tue Mar 14 23:30:48 +0000 2017","lang":"en","displayname":"dyanne515","time_zone":"","msg":"RT _foxylady82 I so love this picture ONE WHOLE HAPPY FAMILY 👪💞 https//tco/rIRRwh4VAc"}
{"tweet_id":841793768076509184,"created_unixtime":1489534248738,"created_time":"Tue Mar 14 23:30:48 +0000 2017","lang":"en","displayname":"walterparker11","time_zone":"","msg":"Happy 50th anniversary of your debut album GratefulDead  Forever grateful https//tco/NkuGkZiQml"}
{"tweet_id":841793769729101829,"created_unixtime":1489534249132,"created_time":"Tue Mar 14 23:30:49 +0000 2017","lang":"en","displayname":"mghockey23","time_zone":"","msg":"Happy 11 months to my biggest fan and the best girl A guy can ask for https//tco/UOQXBDHhvq"}
{"tweet_id":841793770123366402,"created_unixtime":1489534249226,"created_time":"Tue Mar 14 23:30:49 +0000 2017","lang":"en","displayname":"normoneyaf","time_zone":"","msg":"RT theIifeofpabIo This made me so sad  and even after all of this people still accuse her of having a surrogate https//tco/xhxt4px24S"}
{"tweet_id":841793769578078210,"created_unixtime":1489534249096,"created_time":"Tue Mar 14 23:30:49 +0000 2017","lang":"en","displayname":"jordanweller_","time_zone":"Amsterdam","msg":"RT westhamfootball Very touching amp sad story about Danny who passed away His good mate gtmills asks that we remember him on 25 mins htt…"}
{"tweet_id":841793770500763648,"created_unixtime":1489534249316,"created_time":"Tue Mar 14 23:30:49 +0000 2017","lang":"tl","displayname":"Crackett9","time_zone":"","msg":"RT maine77375044 mainedcm Always be happy ang importante wala kang inaapakang tao makikita naman nila na ikaw ang totoo at may mabuting…"}
{"tweet_id":841793770425356289,"created_unixtime":1489534249298,"created_time":"Tue Mar 14 23:30:49 +0000 2017","lang":"en","displayname":"Ze1s__","time_zone":"Eastern Time (US & Canada)","msg":"RT D_Deji28 Do you guys know why he was killed A girl lied that he raped her and her brother shot him dead https//tco/IWDVDZp3rz"}
{"tweet_id":841793770450382849,"created_unixtime":1489534249304,"created_time":"Tue Mar 14 23:30:49 +0000 2017","lang":"en","displayname":"SpazzyDavisJr","time_zone":"Pacific Time (US & Canada)","msg":"Something always tries to stop me from being happy But its my choice if it succeeds GlassAlwaysFull"}
{"tweet_id":841793770815283201,"created_unixtime":1489534249391,"created_time":"Tue Mar 14 23:30:49 +0000 2017","lang":"en","displayname":"pochoi8","time_zone":"Hong Kong","msg":"RT MillennialOfMNL This is your reminder that its okay to not be okay No one is constantly happy Your emotions are yours No one can t…"}
{"tweet_id":841793770710482945,"created_unixtime":1489534249366,"created_time":"Tue Mar 14 23:30:49 +0000 2017","lang":"en","displayname":"itsriian_","time_zone":"","msg":"RT TakeMeOutID FERDINAND ❤ SINAR on TakeMeOutID  Happy Relationship and Long Lasting yaaa  whatsonANTV https//tco/i6NHwvfRl5"}
{"tweet_id":841793770865758208,"created_unixtime":1489534249403,"created_time":"Tue Mar 14 23:30:49 +0000 2017","lang":"en","displayname":"_anitaa16","time_zone":"","msg":"I always saw her as my sister and were finally gonna see eachother more often again and that makes my heart happy ❤"}
{"tweet_id":841793769859121152,"created_unixtime":1489534249163,"created_time":"Tue Mar 14 23:30:49 +0000 2017","lang":"en","displayname":"radioguyderek","time_zone":"Pacific Time (US & Canada)","msg":"happy pie day 314 jerry gary https//tco/CER17xj7rA"}
{"tweet_id":841793770878316545,"created_unixtime":1489534249406,"created_time":"Tue Mar 14 23:30:49 +0000 2017","lang":"en","displayname":"xmxxrah","time_zone":"","msg":"RT NBA_Skits Happy Birthday to the 4Time NBA AllStar 2Time NBA MVP amp a 1Time NBA Champion Stephen Curry 🎊🎉 https//tco/rtGHIMkVzq"}
{"tweet_id":841793771113222144,"created_unixtime":1489534249462,"created_time":"Tue Mar 14 23:30:49 +0000 2017","lang":"en","displayname":"ipsyCare","time_zone":"Arizona","msg":"alisynbryan Super happy to hear youre loving this months bag Thanks for being an awesome part of ipsy xoxo❥ ad"}
{"tweet_id":841793771201298432,"created_unixtime":1489534249483,"created_time":"Tue Mar 14 23:30:49 +0000 2017","lang":"en","displayname":"PenPalRicky","time_zone":"Pacific Time (US & Canada)","msg":"RT RickyPDillon Happy pi day https//tco/PyJRimk7d3"}
{"tweet_id":841793771754856448,"created_unixtime":1489534249615,"created_time":"Tue Mar 14 23:30:49 +0000 2017","lang":"en","displayname":"MJoy1976","time_zone":"","msg":"Happy Birthday StephenCurry30  https//tco/cWJJnwWDGQ"}
{"tweet_id":841793771062870017,"created_unixtime":1489534249450,"created_time":"Tue Mar 14 23:30:49 +0000 2017","lang":"en","displayname":"AnnaDavis32","time_zone":"","msg":"Hayyy find new girl and be happy  https//tco/7gSC6R0zpY https//tco/jgv9FNgeo2"}
{"tweet_id":841793771947745280,"created_unixtime":1489534249661,"created_time":"Tue Mar 14 23:30:49 +0000 2017","lang":"en","displayname":"repackaqed","time_zone":"","msg":"RT fantagiogroup [아스트로] 20170315 HAPPY BIRTHDAY JINJIN♥https//tco/V5gCN4Og73ASTRO JINJIN 진진 HAPPYJINJINDAY💕 https//tco/wheN9y…"}
{"tweet_id":841793771922694145,"created_unixtime":1489534249655,"created_time":"Tue Mar 14 23:30:49 +0000 2017","lang":"tl","displayname":"monikawesome","time_zone":"","msg":"RT Buenomely27 chie_chie26 zenkmm mhellopez19 fleurs7754 xinempl emzsmf mecampo09 aizzgiant arenb72 betchieflores… "}
{"tweet_id":841793772337958914,"created_unixtime":1489534249754,"created_time":"Tue Mar 14 23:30:49 +0000 2017","lang":"en","displayname":"2771","time_zone":"","msg":"RT TheYBF Still our jam Happy birthday QuincyJones YBFBirthdays Tamia https//tco/9sEqgpd7hi https//tco/OrWOcUQp9H"}
{"tweet_id":841793772501495809,"created_unixtime":1489534249793,"created_time":"Tue Mar 14 23:30:49 +0000 2017","lang":"en","displayname":"texmex_tweets","time_zone":"","msg":"RT bwecht Happy Birthday to a guy that forever changed my life Dan Avidan Audrey amp I recorded a little message to celebrate https//t…"}
{"tweet_id":841793772774031360,"created_unixtime":1489534249858,"created_time":"Tue Mar 14 23:30:49 +0000 2017","lang":"ja","displayname":"8j20TqtkwiAqJLl","time_zone":"","msg":"RT shizu_0426 Happy Birthday 海未ちゃん！おめでとう！海未ちゃんがラブライブを好きになるきっかけでした！！ラブアローシュート💕園田海未生誕祭 園田海未生誕祭2017 海未ちゃん推しはRT… "}
{"tweet_id":841793772803526660,"created_unixtime":1489534249865,"created_time":"Tue Mar 14 23:30:49 +0000 2017","lang":"en","displayname":"DemingsPurpose","time_zone":"","msg":"RickyPDillon HAPPY PI DAY EVEN THOUGH I HATE MATH"}
{"tweet_id":841793772799303680,"created_unixtime":1489534249864,"created_time":"Tue Mar 14 23:30:49 +0000 2017","lang":"en","displayname":"seannerz__","time_zone":"","msg":"Its sad that people are fighting for a positive movement with nothing but hate and violence"}
{"tweet_id":841793772950294529,"created_unixtime":1489534249900,"created_time":"Tue Mar 14 23:30:49 +0000 2017","lang":"en","displayname":"crivstalized","time_zone":"Brasilia","msg":"RT RickyPDillon Happy pi day https//tco/PyJRimk7d3"}
{"tweet_id":841793773227061249,"created_unixtime":1489534249966,"created_time":"Tue Mar 14 23:30:49 +0000 2017","lang":"ja","displayname":"NFCEZzN9PTZg9sx","time_zone":"","msg":"RT qRxjWDAk0jmNPqj Happy Birthday！🎉👏おめでおおおお！園田海未生誕祭 園田海未生誕祭2017 3月15日は園田海未の誕生日 RTした人全員フォローする ラブライバーはRTラブライブ https//tco/Hca…"}
{"tweet_id":841793772795133952,"created_unixtime":1489534249863,"created_time":"Tue Mar 14 23:30:49 +0000 2017","lang":"en","displayname":"Janet6553254","time_zone":"","msg":"JolenesTrailer FoxNews SpeakerRyan Sad but true"}
{"tweet_id":841793773784965125,"created_unixtime":1489534250099,"created_time":"Tue Mar 14 23:30:50 +0000 2017","lang":"en","displayname":"mexicanman125","time_zone":"","msg":"StephenCurry30  u are my idol and if it would anybody in the world it would be u Happy birthday curry 29 u should retire at 50 PiDay"}
{"tweet_id":841793772908363780,"created_unixtime":1489534249890,"created_time":"Tue Mar 14 23:30:49 +0000 2017","lang":"tl","displayname":"bruvdele","time_zone":"","msg":"happy birthday clarkelexaheda  aka lily aka lil y aka book y ❤️️😘 https//tco/MofStfG4Oc"}
{"tweet_id":841793774577623040,"created_unixtime":1489534250288,"created_time":"Tue Mar 14 23:30:50 +0000 2017","lang":"ja","displayname":"waferchoco_","time_zone":"Jakarta","msg":"RT tsukiuta1 ☆Happy White Day⑥☆涙「愛よ届け、ばびゅーん」郁「………涙さん？え、ええと…いつもありがとうございます！俺たちからの愛と感謝も届け！……ばびゅーん（笑）」※DLOK※壁紙などマナーを守って使ってくださいね https//…"}
{"tweet_id":841793774279888896,"created_unixtime":1489534250217,"created_time":"Tue Mar 14 23:30:50 +0000 2017","lang":"en","displayname":"mikavellii_","time_zone":"","msg":"RT JustyFBaby Greatest happy birthday wish Ive ever seen https//tco/UrlPQdhFpt"}
{"tweet_id":841793774539825153,"created_unixtime":1489534250279,"created_time":"Tue Mar 14 23:30:50 +0000 2017","lang":"en","displayname":"ASVPMagid","time_zone":"Arizona","msg":"RT ToriDean29 I have no idea where this photo came from 😂 but it was either this or a video of you singing lol Happy Birthday… "}
{"tweet_id":841793774380539904,"created_unixtime":1489534250241,"created_time":"Tue Mar 14 23:30:50 +0000 2017","lang":"en","displayname":"cartooth","time_zone":"","msg":"RT RyanHorn11 Contrary to popular belief Im really happy with my life"}
{"tweet_id":841793774472835072,"created_unixtime":1489534250263,"created_time":"Tue Mar 14 23:30:50 +0000 2017","lang":"und","displayname":"Thickchicksteph","time_zone":"Atlantic Time (Canada)","msg":"Rt ⚡️ https//tco/oxEb77Wbwg"}
{"tweet_id":841793775018029056,"created_unixtime":1489534250393,"created_time":"Tue Mar 14 23:30:50 +0000 2017","lang":"ja","displayname":"hal_zzz","time_zone":"Tokyo","msg":"おはようございます。寒さ復活の水曜日、今日もhappyに行きましょう∇"}
{"tweet_id":841793774594457601,"created_unixtime":1489534250292,"created_time":"Tue Mar 14 23:30:50 +0000 2017","lang":"es","displayname":"eunhja","time_zone":"","msg":"podéis mencionarle en esta publicación es para intentar que lo vea https//tco/HiFd8VYWUG"}
{"tweet_id":841793774854496256,"created_unixtime":1489534250354,"created_time":"Tue Mar 14 23:30:50 +0000 2017","lang":"ko","displayname":"jeongyeon0602","time_zone":"","msg":"RT offclASTRO Happy birthday to you~ 진진형 22번째 생일을진심으로 축하해요🎉🎉 착하고 장난도 잘받아주고 리더쉽있는ㅎㅎ진진형 귀염댕이 아스트로 잘부탁드려요생일선물 나 HappyJINJINDay https//…"}
{"tweet_id":841793774200078336,"created_unixtime":1489534250198,"created_time":"Tue Mar 14 23:30:50 +0000 2017","lang":"en","displayname":"CAOutdoorPlay","time_zone":"Hawaii","msg":"RT PaliAdventures 314159Happy NationalPiDay or NationalPieDay if you prefer food over math Are you making pie our counting pi… "}
{"tweet_id":841793774569312257,"created_unixtime":1489534250286,"created_time":"Tue Mar 14 23:30:50 +0000 2017","lang":"en","displayname":"Camyyy__","time_zone":"Eastern Time (US & Canada)","msg":"RT D_Deji28 Do you guys know why he was killed A girl lied that he raped her and her brother shot him dead https//tco/IWDVDZp3rz"}
{"tweet_id":841793775299133440,"created_unixtime":1489534250460,"created_time":"Tue Mar 14 23:30:50 +0000 2017","lang":"en","displayname":"baron117","time_zone":"","msg":"RT moo2n reddogsusie So sad and what a lovely looking dog I hope he is on doggie heaven 😥"}
{"tweet_id":841793775106195456,"created_unixtime":1489534250414,"created_time":"Tue Mar 14 23:30:50 +0000 2017","lang":"en","displayname":"lakewhit","time_zone":"","msg":"happy PI DAY you nerds🤓🤓🍰🍰"}
{"tweet_id":841793775525601280,"created_unixtime":1489534250514,"created_time":"Tue Mar 14 23:30:50 +0000 2017","lang":"en","displayname":"josi_josefa","time_zone":"Atlantic Time (Canada)","msg":"RT bts_bighit [Episode] HAPPY WHITE DAY FROM BTS 1 https//tco/Kk7XrnfG3x2 https//tco/dUxXeGBvhG"}
{"tweet_id":841793775609438208,"created_unixtime":1489534250534,"created_time":"Tue Mar 14 23:30:50 +0000 2017","lang":"en","displayname":"dellavieraa","time_zone":"","msg":"Im so sad 😢"}
{"tweet_id":841793776725065728,"created_unixtime":1489534250800,"created_time":"Tue Mar 14 23:30:50 +0000 2017","lang":"en","displayname":"WhiteKencaw","time_zone":"","msg":"RT WhiteKencaw CBCNews sad to see  This community has had enough The real concern are the workers ok and safe  so they may go home to…"}
{"tweet_id":841793776423186433,"created_unixtime":1489534250728,"created_time":"Tue Mar 14 23:30:50 +0000 2017","lang":"en","displayname":"DannyOLeary1994","time_zone":"Eastern Time (US & Canada)","msg":"RT fivefifths damn wow much very sad https//tco/J7BT5O6WT8"}
{"tweet_id":841793772988035072,"created_unixtime":1489534249909,"created_time":"Tue Mar 14 23:30:49 +0000 2017","lang":"en","displayname":"ashleyannbarron","time_zone":"Atlantic Time (Canada)","msg":"Happy pi day 🍕 https//tco/NwiWiIqflV"}
{"tweet_id":841793776670642177,"created_unixtime":1489534250787,"created_time":"Tue Mar 14 23:30:50 +0000 2017","lang":"en","displayname":"emj148","time_zone":"Central Time (US & Canada)","msg":"RT L1LDebbie You dont find the happy life  you make it"}
{"tweet_id":841793776905527296,"created_unixtime":1489534250843,"created_time":"Tue Mar 14 23:30:50 +0000 2017","lang":"en","displayname":"Viktorialk","time_zone":"Amsterdam","msg":"RT IsacElliot I am SO happy for the way Trondheim treated me❤🙏🏻"}
{"tweet_id":841793776569933824,"created_unixtime":1489534250763,"created_time":"Tue Mar 14 23:30:50 +0000 2017","lang":"en","displayname":"pepperdarkly","time_zone":"Pacific Time (US & Canada)","msg":"IAmAClimateChangeDenier its so great to see people happy to be ignorant on Twitter Refreshing Thanks for making scientists jobs harder"}
{"tweet_id":841793777274638336,"created_unixtime":1489534250931,"created_time":"Tue Mar 14 23:30:50 +0000 2017","lang":"en","displayname":"_eeemmaaa","time_zone":"London","msg":"It is v sad when 13 year olds can do their makeup better than me this is not fair"}
{"tweet_id":841793777291390976,"created_unixtime":1489534250935,"created_time":"Tue Mar 14 23:30:50 +0000 2017","lang":"en","displayname":"Kris_nBoots","time_zone":"Mountain Time (US & Canada)","msg":"RT _lilsunnyyy Talk to god more aint nothing wrong with you dont know what youre sad for you got clothes on your back and… "}
{"tweet_id":841793777966682112,"created_unixtime":1489534251096,"created_time":"Tue Mar 14 23:30:51 +0000 2017","lang":"en","displayname":"giveawaygluvo","time_zone":"Pacific Time (US & Canada)","msg":"wow its my birthday and no one said happy birthday to me "}
{"tweet_id":841793778109227008,"created_unixtime":1489534251130,"created_time":"Tue Mar 14 23:30:51 +0000 2017","lang":"ja","displayname":"y_uuuchan","time_zone":"","msg":"RT konochakkka y_uuuchan ゆづゆづ HAPPY BIRTHDAY🎈🎊🎉🎂🎉🎊🎈19歳おめでとう！田中sistersとしてこれからも宜しくね💙💚💛💜❤お嫁にしたいぐらい優しすぎるゆづゆづの19歳が幸せなものとなりますように〜 https//…"}
{"tweet_id":841793777991856128,"created_unixtime":1489534251102,"created_time":"Tue Mar 14 23:30:51 +0000 2017","lang":"en","displayname":"msh245","time_zone":"","msg":"RT msh245 hyacinth1403 I love my love As love should love You are the wishYou are the desire My love my life and more… "}
{"tweet_id":841793778172145664,"created_unixtime":1489534251145,"created_time":"Tue Mar 14 23:30:51 +0000 2017","lang":"en","displayname":"rester_rest701","time_zone":"","msg":"RT NatureNPS This is what happens when you have a building full of scientists and a laser👨🏽‍🔬👩🏾‍🔬⚡️3️⃣1️⃣4️⃣ Happy PiDay https//tco…"}
{"tweet_id":841793778570649600,"created_unixtime":1489534251240,"created_time":"Tue Mar 14 23:30:51 +0000 2017","lang":"en","displayname":"badgaldada","time_zone":"Pacific Time (US & Canada)","msg":"RT ltsKermit So annoying when ppl are like ur always laughin U laugh at everything Its not that funny like OK sorry Im a happy per…"}
{"tweet_id":841793779598147584,"created_unixtime":1489534251485,"created_time":"Tue Mar 14 23:30:51 +0000 2017","lang":"en","displayname":"Lightskin_Bliss","time_zone":"Arizona","msg":"RT Boonch_ Stop begging these niggas to do what they suppose to do Boss up and get a nigga that love doing all that just to see you smil…"}
{"tweet_id":841793779606601728,"created_unixtime":1489534251487,"created_time":"Tue Mar 14 23:30:51 +0000 2017","lang":"en","displayname":"kaleazambrano","time_zone":"","msg":"RT alexaiono My happy place☺ https//tco/pgetrNhVIp"}
{"tweet_id":841793780005003264,"created_unixtime":1489534251582,"created_time":"Tue Mar 14 23:30:51 +0000 2017","lang":"en","displayname":"darxie11","time_zone":"","msg":"KlNGWAW b2 happy birthday from me and my family We miss you so much and we hope we cud see u anytime soon God Bless  dixie"}
{"tweet_id":841793779489230852,"created_unixtime":1489534251459,"created_time":"Tue Mar 14 23:30:51 +0000 2017","lang":"en","displayname":"NewksLongviewTX","time_zone":"Hawaii","msg":"Some things just make the heart happy ❤️ SoupLoveOrder online https//tco/LquNmuKL9H https//tco/JZfptmfvPW"}
{"tweet_id":841793780260913152,"created_unixtime":1489534251643,"created_time":"Tue Mar 14 23:30:51 +0000 2017","lang":"en","displayname":"Dondo_25","time_zone":"Pacific Time (US & Canada)","msg":"RT _larredondo Happy Birthday Mama https//tco/P6ALU7lsLA"}
{"tweet_id":841793779472465924,"created_unixtime":1489534251455,"created_time":"Tue Mar 14 23:30:51 +0000 2017","lang":"en","displayname":"DinoInDuluth","time_zone":"","msg":"MeatSauce1 Happy Pi Day Sauce  And Muppet https//tco/NdgyDaElvQ"}
{"tweet_id":841793780462231552,"created_unixtime":1489534251691,"created_time":"Tue Mar 14 23:30:51 +0000 2017","lang":"en","displayname":"PURAVlDA","time_zone":"Arizona","msg":"RT emofucc when i show people a list of reasons why im so sad https//tco/c986HezrtS"}
{"tweet_id":841793780751687688,"created_unixtime":1489534251760,"created_time":"Tue Mar 14 23:30:51 +0000 2017","lang":"en","displayname":"Davidbr33David","time_zone":"Eastern Time (US & Canada)","msg":"RT HighHeatStats Happy Pi Day https//tco/3OjEMKLJhw"}
{"tweet_id":841793780894187520,"created_unixtime":1489534251794,"created_time":"Tue Mar 14 23:30:51 +0000 2017","lang":"en","displayname":"applepie_0510","time_zone":"","msg":"RT 1216_di Happy White Day 🍫 https//tco/Q5vPmZfwM4"}
{"tweet_id":841793780667830274,"created_unixtime":1489534251740,"created_time":"Tue Mar 14 23:30:51 +0000 2017","lang":"en","displayname":"cvj2402","time_zone":"","msg":"RT ANGELAWHITE Happy TittyTuesday from https//tco/kn3AqZtOZ0 💕 https//tco/OhvVBWdR0M"}
{"tweet_id":841793780835590145,"created_unixtime":1489534251780,"created_time":"Tue Mar 14 23:30:51 +0000 2017","lang":"en","displayname":"alisonwilliamsx","time_zone":"","msg":"HydeParkEnviro cheers 🍻 happy St Patricks Day 🍀🍀🍀🍀 glover_ti  kerry2477  annalb83  ruth_pickford  🍀🍀🍀"}
{"tweet_id":841793781171134464,"created_unixtime":1489534251860,"created_time":"Tue Mar 14 23:30:51 +0000 2017","lang":"en","displayname":"casey171298","time_zone":"London","msg":"RT FreddyAmazin Someone When was the last time u were truly happyMe https//tco/0lG917uPtK"}
{"tweet_id":841793781129183235,"created_unixtime":1489534251850,"created_time":"Tue Mar 14 23:30:51 +0000 2017","lang":"en","displayname":"humanzoroark","time_zone":"Pacific Time (US & Canada)","msg":"RT doublemaximus One of my first lewds compared to one of my most recent Im happy too see me improving little by little 😭💕… "}
{"tweet_id":841793781150101504,"created_unixtime":1489534251855,"created_time":"Tue Mar 14 23:30:51 +0000 2017","lang":"en","displayname":"760_CHITA","time_zone":"Alaska","msg":"ms_philll Happy Birthdayyy✨"}
{"tweet_id":841793781129191424,"created_unixtime":1489534251850,"created_time":"Tue Mar 14 23:30:51 +0000 2017","lang":"en","displayname":"townsendkyle03","time_zone":"Pacific Time (US & Canada)","msg":"RT rbrandt5656 townsendkyle03 happy birthday bro💯💯hope have a good one"}
{"tweet_id":841793780927852549,"created_unixtime":1489534251802,"created_time":"Tue Mar 14 23:30:51 +0000 2017","lang":"en","displayname":"Sameh7_Ahmed","time_zone":"","msg":"Nothing is more sad than a person judges everyones mistakes till he doesnt have time to judge his own mistakes"}
{"tweet_id":841793781213073409,"created_unixtime":1489534251870,"created_time":"Tue Mar 14 23:30:51 +0000 2017","lang":"en","displayname":"eltonme5dx","time_zone":"","msg":"RT HappySkull000 The Hodgebristol show on RinseFM  HAPPY SKULL TAKEOVER 1am3am for the night owls anina marco_bernardi… "}
{"tweet_id":841793781045317632,"created_unixtime":1489534251830,"created_time":"Tue Mar 14 23:30:51 +0000 2017","lang":"en","displayname":"now_justice","time_zone":"Arizona","msg":"Ryan is happy people will be hurt and die KYGOP wisgop ohiogop unitedmines BooneCoMOGOP https//tco/IE02IYx4bo"}
{"tweet_id":841793781246660608,"created_unixtime":1489534251878,"created_time":"Tue Mar 14 23:30:51 +0000 2017","lang":"en","displayname":"DouglasSloane","time_zone":"Dublin","msg":"daraobriain Happy Pattys Day"}
{"tweet_id":841793781791899652,"created_unixtime":1489534252008,"created_time":"Tue Mar 14 23:30:52 +0000 2017","lang":"en","displayname":"PsyQoFH4D","time_zone":"Pacific Time (US & Canada)","msg":"RT realKYZR PsyQoFH4D Happy birthday man"}
{"tweet_id":841793781649178624,"created_unixtime":1489534251974,"created_time":"Tue Mar 14 23:30:51 +0000 2017","lang":"en","displayname":"RellonC","time_zone":"","msg":"RT MclisseKrishna ElisseJoson we miss you and hashtag_mccoydl also God Bless always babies stay happy MCLISSE SwagxSweet"}
{"tweet_id":841793781720576000,"created_unixtime":1489534251991,"created_time":"Tue Mar 14 23:30:51 +0000 2017","lang":"en","displayname":"Kween_Sasha","time_zone":"","msg":"RT a1fbgmn every girl just wanna be genuinely happy not confused not irritated not slept on not taken advantage of just happy my g "}
{"tweet_id":841793781657559040,"created_unixtime":1489534251976,"created_time":"Tue Mar 14 23:30:51 +0000 2017","lang":"en","displayname":"AubreeDodd","time_zone":"Pacific Time (US & Canada)","msg":"Thank you E 💘💘 https//tco/5c8Ygq4HHn"}
