{"tweet_id":841809498637500416,"created_unixtime":1489537999196,"created_time":"Wed Mar 15 00:33:19 +0000 2017","lang":"en","displayname":"itzell_f","time_zone":"","msg":"RT TOASTOTHEGOD Its Sad When Ur Own Friends Hate On You"}
{"tweet_id":841809499681878017,"created_unixtime":1489537999445,"created_time":"Wed Mar 15 00:33:19 +0000 2017","lang":"en","displayname":"httpskook","time_zone":"Brasilia","msg":"RT btsbeingbts happy birthday to most talented savage extra person  HAPPYSUGADAY https//tco/JektJn7uNY"}
{"tweet_id":841809499279233026,"created_unixtime":1489537999349,"created_time":"Wed Mar 15 00:33:19 +0000 2017","lang":"en","displayname":"mad1e2000","time_zone":"","msg":"RT Anyaa_ross Happy Birthday love Hope you had a great day❤❤live it up🎉🎊 mad1e2000 https//tco/J6RhKbB4Lj"}
{"tweet_id":841809500269080576,"created_unixtime":1489537999585,"created_time":"Wed Mar 15 00:33:19 +0000 2017","lang":"en","displayname":"Blaumeer3535","time_zone":"Pacific Time (US & Canada)","msg":"RT elly189245978 PizzaExpress    Happy Monday https//tco/sCOhhXL32r"}
{"tweet_id":841809500281688064,"created_unixtime":1489537999588,"created_time":"Wed Mar 15 00:33:19 +0000 2017","lang":"en","displayname":"cam_ii_amm","time_zone":"Central Time (US & Canada)","msg":"RT nicolechiapet happy birthday cam_ii_amm you pretty girl https//tco/l8CypxLiNq"}
{"tweet_id":841809500420083717,"created_unixtime":1489537999621,"created_time":"Wed Mar 15 00:33:19 +0000 2017","lang":"en","displayname":"NatlMarineEd","time_zone":"Eastern Time (US & Canada)","msg":"❤ it Happy 314 🤓 https//tco/ZHFWEjy8FD"}
{"tweet_id":841809500801703936,"created_unixtime":1489537999712,"created_time":"Wed Mar 15 00:33:19 +0000 2017","lang":"en","displayname":"PKCGames","time_zone":"","msg":"LoveVinamae sad We did two sheep designs today Pretty nightmare sheep Vesta and Dayglow Willow"}
{"tweet_id":841809501040844800,"created_unixtime":1489537999769,"created_time":"Wed Mar 15 00:33:19 +0000 2017","lang":"en","displayname":"speezer71","time_zone":"","msg":"VP thats great you want to end it for Christians  What are you ready to do for Syrians to stop the genocide   Ah yes ban them  Sad"}
{"tweet_id":841809500902367233,"created_unixtime":1489537999736,"created_time":"Wed Mar 15 00:33:19 +0000 2017","lang":"en","displayname":"Bpanne_","time_zone":"Singapore","msg":"HE DESERVES IT SO MUCH GIVE HIM THE WORLD AAAAA https//tco/1osYj4duq4"}
{"tweet_id":841809501351223297,"created_unixtime":1489537999843,"created_time":"Wed Mar 15 00:33:19 +0000 2017","lang":"en","displayname":"ghrabs_","time_zone":"Central Time (US & Canada)","msg":"RT MetroBoomin Happy 314 Day huSTLer https//tco/yiAp1DkLuO"}
{"tweet_id":841809501510635520,"created_unixtime":1489537999881,"created_time":"Wed Mar 15 00:33:19 +0000 2017","lang":"en","displayname":"CulturallyDeMag","time_zone":"Pacific Time (US & Canada)","msg":"RT DaliaCeja Magic hour  happy hour ✨🍸✨ teamceja https//tco/KJB0zwbemF"}
{"tweet_id":841809501405736961,"created_unixtime":1489537999856,"created_time":"Wed Mar 15 00:33:19 +0000 2017","lang":"en","displayname":"rogers_cary","time_zone":"","msg":"RT ShockerLIFE If you look closely you can see all the studentathletes who received a 314 GPA or higher in the Fall Semester H… "}
{"tweet_id":841809501732909057,"created_unixtime":1489537999934,"created_time":"Wed Mar 15 00:33:19 +0000 2017","lang":"en","displayname":"BTC_Offshore","time_zone":"Tokyo","msg":"New Type MLMOffshore Bitcoin Mining networkHappy mining♪AABThttps//tco/S5I0Bob6XX https//tco/XyFdGD34YR"}
{"tweet_id":841809502357790720,"created_unixtime":1489538000083,"created_time":"Wed Mar 15 00:33:20 +0000 2017","lang":"en","displayname":"thirah_fatah","time_zone":"","msg":"RT ohteenquotes Spend life with who makes you happy not with who you have to impress"}
{"tweet_id":841809502169120768,"created_unixtime":1489538000038,"created_time":"Wed Mar 15 00:33:20 +0000 2017","lang":"en","displayname":"anajumontechi","time_zone":"Pacific Time (US & Canada)","msg":"Im so sad i miss ethan"}
{"tweet_id":841809502894616576,"created_unixtime":1489538000211,"created_time":"Wed Mar 15 00:33:20 +0000 2017","lang":"en","displayname":"OHSOFABKC","time_zone":"Atlantic Time (Canada)","msg":"RT richthekid Focus on what makes you happy"}
{"tweet_id":841809502827618304,"created_unixtime":1489538000195,"created_time":"Wed Mar 15 00:33:20 +0000 2017","lang":"en","displayname":"awkierra","time_zone":"Eastern Time (US & Canada)","msg":"RT SincerelyTumblr So annoying when ppl are like ur always laughin U laugh at everything Its not that funny like OK sorry Im a hap…"}
{"tweet_id":841809503070838786,"created_unixtime":1489538000253,"created_time":"Wed Mar 15 00:33:20 +0000 2017","lang":"en","displayname":"haileymeeks22","time_zone":"","msg":"RT Vulnerable its so sad and frustrating when you try your hardest but people still dont find it good enough"}
{"tweet_id":841809501997137920,"created_unixtime":1489537999997,"created_time":"Wed Mar 15 00:33:19 +0000 2017","lang":"en","displayname":"wolcott_austin","time_zone":"","msg":"Its not my birthday and it wasnt my birthday a month ago when you did the same thing😂😂 https//tco/UNotn4YdhN"}
{"tweet_id":841809502898946052,"created_unixtime":1489538000212,"created_time":"Wed Mar 15 00:33:20 +0000 2017","lang":"en","displayname":"_imTheKING","time_zone":"Central Time (US & Canada)","msg":"RT champagnecamera Happy Feelings in the air ChampagneCameras📸💫 https//tco/DQBqTKbjQE"}
{"tweet_id":841809503158956036,"created_unixtime":1489538000274,"created_time":"Wed Mar 15 00:33:20 +0000 2017","lang":"en","displayname":"PineapplHead","time_zone":"Eastern Time (US & Canada)","msg":"RT kanyefeeI its sad to see a good person change"}
{"tweet_id":841809502424952832,"created_unixtime":1489538000099,"created_time":"Wed Mar 15 00:33:20 +0000 2017","lang":"en","displayname":"SoDivineBunny","time_zone":"Eastern Time (US & Canada)","msg":"danieljgillies Happy Birthday"}
{"tweet_id":841809503456653312,"created_unixtime":1489538000345,"created_time":"Wed Mar 15 00:33:20 +0000 2017","lang":"en","displayname":"Lucette_C","time_zone":"Sydney","msg":"Why is Australia creating such inequalities that could be avoided altogether sad really"}
{"tweet_id":841809503699918849,"created_unixtime":1489538000403,"created_time":"Wed Mar 15 00:33:20 +0000 2017","lang":"ja","displayname":"kunkun1102","time_zone":"","msg":"HaNa hxx_cpu happy birthday⭐️ 17歳楽しもう✌🏽✌🏽✌🏽✌🏽"}
{"tweet_id":841809503360290816,"created_unixtime":1489538000322,"created_time":"Wed Mar 15 00:33:20 +0000 2017","lang":"en","displayname":"erikaaamariee_","time_zone":"","msg":"RT kanyefeeI its sad to see a good person change"}
{"tweet_id":841809504220123136,"created_unixtime":1489538000527,"created_time":"Wed Mar 15 00:33:20 +0000 2017","lang":"en","displayname":"michalla520","time_zone":"","msg":"RT MarioPalush Someone When was the last time u were truly happyMe https//tco/2NuyAAdnbC"}
{"tweet_id":841809504366874624,"created_unixtime":1489538000562,"created_time":"Wed Mar 15 00:33:20 +0000 2017","lang":"en","displayname":"D_AGUIRRE32","time_zone":"Pacific Time (US & Canada)","msg":"RT D_AGUIRRE32 Twitter never fails to make me happy man 😂😂 https//tco/CjIvWlscv4"}
{"tweet_id":841809504522117123,"created_unixtime":1489538000599,"created_time":"Wed Mar 15 00:33:20 +0000 2017","lang":"en","displayname":"winglady1","time_zone":"Mountain Time (US & Canada)","msg":"oreillyfactor He really showed himself for What he is Sad and delusional"}
{"tweet_id":841809504069156864,"created_unixtime":1489538000491,"created_time":"Wed Mar 15 00:33:20 +0000 2017","lang":"in","displayname":"spodgemeister","time_zone":"Pacific Time (US & Canada)","msg":"Sound Iya xoEmilyWalsh https//tco/Z9jDaT1xIV"}
{"tweet_id":841809504735920128,"created_unixtime":1489538000650,"created_time":"Wed Mar 15 00:33:20 +0000 2017","lang":"en","displayname":"hqnsols","time_zone":"Singapore","msg":"RT yoongibts bts episode HAPPY WHITE DAY FROM BTS 1 jimin https//tco/kELYWgKRXG"}
{"tweet_id":841809504396279808,"created_unixtime":1489538000569,"created_time":"Wed Mar 15 00:33:20 +0000 2017","lang":"en","displayname":"paulbaillie74","time_zone":"","msg":"Happy birthday reds ynwa 🍀 https//tco/w6V0W7sguM"}
{"tweet_id":841809505344188416,"created_unixtime":1489538000795,"created_time":"Wed Mar 15 00:33:20 +0000 2017","lang":"en","displayname":"DavidChildress5","time_zone":"Atlantic Time (Canada)","msg":"KayMatt2020 happy birthday 🎉🤗😛"}
{"tweet_id":841809504991903744,"created_unixtime":1489538000711,"created_time":"Wed Mar 15 00:33:20 +0000 2017","lang":"en","displayname":"clarissaa_4","time_zone":"","msg":"RT heyyymy Happy birthday clarissaa_4 lt3 I love u sm"}
{"tweet_id":841809504895438848,"created_unixtime":1489538000688,"created_time":"Wed Mar 15 00:33:20 +0000 2017","lang":"en","displayname":"Angry_Jake","time_zone":"Arizona","msg":"RT kalebhorton Saying America is optimistic because CEOs are optimistic is like saying prisoners are happy because you heard the w… "}
{"tweet_id":841809505742655488,"created_unixtime":1489538000890,"created_time":"Wed Mar 15 00:33:20 +0000 2017","lang":"en","displayname":"RockyHugMe","time_zone":"Pacific Time (US & Canada)","msg":"rydelR5 Hi queen I wanted to say that in 3 days its my birthday Could you wish me Happy early Birthday Te amo🙈❣ X536"}
{"tweet_id":841809506187251712,"created_unixtime":1489538000996,"created_time":"Wed Mar 15 00:33:20 +0000 2017","lang":"en","displayname":"gortizpolly","time_zone":"","msg":"RT BTV_SUPRNATURAL Happy PiDay https//tco/cht2NxlPNE"}
{"tweet_id":841809504694018048,"created_unixtime":1489538000640,"created_time":"Wed Mar 15 00:33:20 +0000 2017","lang":"en","displayname":"chainsLM10","time_zone":"Hawaii","msg":"Happy birthday to this man 😍ilysm Daniel https//tco/7TOqPcQ9NC"}
{"tweet_id":841809506472349696,"created_unixtime":1489538001064,"created_time":"Wed Mar 15 00:33:21 +0000 2017","lang":"en","displayname":"amirarifroslan","time_zone":"Kuala Lumpur","msg":"RT aisyahshakirah I really pray that all my friends end up with partners who truly respect amp appreciate themWhen they are sadit breaks…"}
{"tweet_id":841809506464026625,"created_unixtime":1489538001062,"created_time":"Wed Mar 15 00:33:21 +0000 2017","lang":"en","displayname":"kvnitake","time_zone":"","msg":"I cant taste or smell anything and Im so sad bc I love food 😭😭😭"}
{"tweet_id":841809506828988423,"created_unixtime":1489538001149,"created_time":"Wed Mar 15 00:33:21 +0000 2017","lang":"en","displayname":"SierraGrosso","time_zone":"","msg":"RT SalVulcano Fake media outlets wanted us to believe this blizzard would be huge Sad"}
{"tweet_id":841809507332247553,"created_unixtime":1489538001269,"created_time":"Wed Mar 15 00:33:21 +0000 2017","lang":"ja","displayname":"vecchio_ciao","time_zone":"Tokyo","msg":"RT a_iijimaa1 パイのパイ！ https//tco/JUpMA5OR2n"}
{"tweet_id":841809506799620100,"created_unixtime":1489538001142,"created_time":"Wed Mar 15 00:33:21 +0000 2017","lang":"en","displayname":"livjeanjagger","time_zone":"Eastern Time (US & Canada)","msg":"thank uuu ilysm💘💘 but i hate u for this pic😂 https//tco/S1JRzDLypJ"}
{"tweet_id":841809507722305537,"created_unixtime":1489538001362,"created_time":"Wed Mar 15 00:33:21 +0000 2017","lang":"en","displayname":"dxnatorrxs","time_zone":"","msg":"RT kanyefeeI its sad to see a good person change"}
{"tweet_id":841809505792876544,"created_unixtime":1489538000902,"created_time":"Wed Mar 15 00:33:20 +0000 2017","lang":"ja","displayname":"kizuna_0223","time_zone":"Pacific Time (US & Canada)","msg":"HunnypinkM おはようござりす〜♡❊´︶`❊｡۞まいちゃん💜･♥ﾟHappy Birthday ♬°･♥。｡°ஐ｡°ʚ💜ɞ｡°ஐ幸せいっぱいできらきら輝く充実した毎日でありますように❁… https//tco/w1dqgVMhK9"}
{"tweet_id":841809507806269440,"created_unixtime":1489538001382,"created_time":"Wed Mar 15 00:33:21 +0000 2017","lang":"en","displayname":"_kalysee","time_zone":"Pacific Time (US & Canada)","msg":"RT tammyrich_ The littlest shit makes me so happy I swear"}
{"tweet_id":841809507898535936,"created_unixtime":1489538001404,"created_time":"Wed Mar 15 00:33:21 +0000 2017","lang":"en","displayname":"hayesgirlie","time_zone":"Pacific Time (US & Canada)","msg":"HayesGrier you make me happy "}
{"tweet_id":841809507823030272,"created_unixtime":1489538001386,"created_time":"Wed Mar 15 00:33:21 +0000 2017","lang":"en","displayname":"GreenChileAdict","time_zone":"America/Denver","msg":"RT DionsPizza Happy PiDay Dions style https//tco/kEtUlJxbWW"}
{"tweet_id":841809503788101633,"created_unixtime":1489538000424,"created_time":"Wed Mar 15 00:33:20 +0000 2017","lang":"en","displayname":"woahmadii","time_zone":"","msg":"happy birthday eribrunson 💞 hope you had a good day babes  luv ya ampamp hopefully i get to see you soon https//tco/oEvqBgG09V"}
{"tweet_id":841809508900995074,"created_unixtime":1489538001643,"created_time":"Wed Mar 15 00:33:21 +0000 2017","lang":"en","displayname":"Adairbriones6","time_zone":"","msg":"RT gustavoc1300 happy birthday chula😉 hope its been great Adairbriones6"}
{"tweet_id":841809508896804866,"created_unixtime":1489538001642,"created_time":"Wed Mar 15 00:33:21 +0000 2017","lang":"es","displayname":"kidrauhIovato","time_zone":"Central Time (US & Canada)","msg":"mangelrogel que sad"}
{"tweet_id":841809508984840192,"created_unixtime":1489538001663,"created_time":"Wed Mar 15 00:33:21 +0000 2017","lang":"en","displayname":"jichuchi","time_zone":"","msg":"RT bangtaened that lovely smile on yoongis face while watching hoseok he looks so happy i love sope https//tco/I4SkkiTCxQ"}
{"tweet_id":841809508959690752,"created_unixtime":1489538001657,"created_time":"Wed Mar 15 00:33:21 +0000 2017","lang":"en","displayname":"sleeperslayer","time_zone":"Pacific Time (US & Canada)","msg":"RT lostpanda Happy Pi day https//tco/tMJq9uUeRk"}
{"tweet_id":841809509823606784,"created_unixtime":1489538001863,"created_time":"Wed Mar 15 00:33:21 +0000 2017","lang":"en","displayname":"yukiukkyy","time_zone":"Bangkok","msg":"RT neiltyson 314  Happy Piday to Gregorian calendar users who reckon dates with month followed by day separated by period omitting year"}
{"tweet_id":841809509639053312,"created_unixtime":1489538001819,"created_time":"Wed Mar 15 00:33:21 +0000 2017","lang":"en","displayname":"papillontae","time_zone":"Pacific Time (US & Canada)","msg":"RT cliffordsshug If youre ever feeling sad just remember that this video exists https//tco/HjEMGrNXhB"}
{"tweet_id":841809509702107136,"created_unixtime":1489538001834,"created_time":"Wed Mar 15 00:33:21 +0000 2017","lang":"en","displayname":"EvanShea23","time_zone":"","msg":"RT ProchkoRay Happy bday bro Hope it was a great one😘  EvanShea23 https//tco/LR2b5x6Nwc"}
{"tweet_id":841809510037651461,"created_unixtime":1489538001914,"created_time":"Wed Mar 15 00:33:21 +0000 2017","lang":"en","displayname":"morningbot101","time_zone":"","msg":"I have morning wood like a good tweet dude Im  so happy"}
{"tweet_id":841809510104739845,"created_unixtime":1489538001930,"created_time":"Wed Mar 15 00:33:21 +0000 2017","lang":"en","displayname":"GradyPowell3","time_zone":"","msg":"RT TODAYshow Happy birthday BillyCrystal https//tco/0QPh9Jq6FK"}
{"tweet_id":841809511119704065,"created_unixtime":1489538002172,"created_time":"Wed Mar 15 00:33:22 +0000 2017","lang":"en","displayname":"Ananais12R","time_zone":"","msg":"RT lilireinhart Happy Valentines Day from the cast of Riverdale 💋 secretly crying on the inside because its our last day of sho… "}
{"tweet_id":841809511463575556,"created_unixtime":1489538002254,"created_time":"Wed Mar 15 00:33:22 +0000 2017","lang":"en","displayname":"msaffleckcavill","time_zone":"Pacific Time (US & Canada)","msg":"RT godsnyder I hated that Sad Affleck meme from the start That shit was never fucking funny It needs to burn"}
{"tweet_id":841809510230552576,"created_unixtime":1489538001960,"created_time":"Wed Mar 15 00:33:21 +0000 2017","lang":"en","displayname":"bigdaddyhoj","time_zone":"Pacific Time (US & Canada)","msg":"RT FreddyAmazin Someone When was the last time u were truly happyMe https//tco/0lG917uPtK"}
{"tweet_id":841809511627157505,"created_unixtime":1489538002293,"created_time":"Wed Mar 15 00:33:22 +0000 2017","lang":"en","displayname":"TrezChrisJoe","time_zone":"","msg":"RT PatamaPost Never let a girl sleep sad or mad"}
{"tweet_id":841809511807569920,"created_unixtime":1489538002336,"created_time":"Wed Mar 15 00:33:22 +0000 2017","lang":"en","displayname":"jrawww347","time_zone":"","msg":"RT OfficialPlugged Happy 20th Birthday to the classic movie Love JonesMarch 14 1997 https//tco/Nb4JoKPwkF"}
{"tweet_id":841809511849451520,"created_unixtime":1489538002346,"created_time":"Wed Mar 15 00:33:22 +0000 2017","lang":"en","displayname":"cherpauibnz","time_zone":"Singapore","msg":"RT truTVjokers Hey Buckaroo How are you Lets hear it for our man Q HAPPY BIRTHDAY BQQuinn https//tco/OnmW2FybLZ"}
{"tweet_id":841809511685984257,"created_unixtime":1489538002307,"created_time":"Wed Mar 15 00:33:22 +0000 2017","lang":"en","displayname":"YasMacc","time_zone":"Quito","msg":"RT D_Deji28 Do you guys know why he was killed A girl lied that he raped her and her brother shot him dead https//tco/IWDVDZp3rz"}
{"tweet_id":841809512138854400,"created_unixtime":1489538002415,"created_time":"Wed Mar 15 00:33:22 +0000 2017","lang":"en","displayname":"grethanews","time_zone":"","msg":"RT EthanDolan happy tuesday todays vid is gonna be super different 😬"}
{"tweet_id":841809512235438082,"created_unixtime":1489538002438,"created_time":"Wed Mar 15 00:33:22 +0000 2017","lang":"en","displayname":"gabi_suth","time_zone":"Atlantic Time (Canada)","msg":"RT a1fbgmn every girl just wanna be genuinely happy not confused not irritated not slept on not taken advantage of just happy my g "}
{"tweet_id":841809512910610432,"created_unixtime":1489538002599,"created_time":"Wed Mar 15 00:33:22 +0000 2017","lang":"en","displayname":"janieequeennn","time_zone":"Urumqi","msg":"RT soIute sometimes the best way to be happy is to learn to let go of things you tried hard to hold on to that are no longer good for you"}
{"tweet_id":841809512193527809,"created_unixtime":1489538002428,"created_time":"Wed Mar 15 00:33:22 +0000 2017","lang":"en","displayname":"YoungFloat","time_zone":"Atlantic Time (Canada)","msg":"GoodLooks BroBro  https//tco/kZjaSgFTO0"}
{"tweet_id":841809512730312704,"created_unixtime":1489538002556,"created_time":"Wed Mar 15 00:33:22 +0000 2017","lang":"en","displayname":"owdeen","time_zone":"Pacific Time (US & Canada)","msg":"RT bts_bighit [Episode] HAPPY WHITE DAY FROM BTS 1 https//tco/Kk7XrnfG3x2 https//tco/dUxXeGBvhG"}
{"tweet_id":841809512961040384,"created_unixtime":1489538002611,"created_time":"Wed Mar 15 00:33:22 +0000 2017","lang":"en","displayname":"LoveLifeMsg","time_zone":"Karachi","msg":"Be happy Its one way of being wise Sidonie Gabrielle Colette"}
{"tweet_id":841809513640415232,"created_unixtime":1489538002773,"created_time":"Wed Mar 15 00:33:22 +0000 2017","lang":"en","displayname":"jaena_jay","time_zone":"Pacific Time (US & Canada)","msg":"RT peachcream_jh 170314 happy white day🍬 재현https//tco/z1tasMTVEd https//tco/2UzzcKA6yn"}
{"tweet_id":841809513246261252,"created_unixtime":1489538002679,"created_time":"Wed Mar 15 00:33:22 +0000 2017","lang":"en","displayname":"crylarrybabyx","time_zone":"Pacific Time (US & Canada)","msg":"NowPlaying Sad Song feat Elena Coats de We The Kings Elena Coats ♫ https//tco/uGQeQnB2Xm"}
{"tweet_id":841809513879601152,"created_unixtime":1489538002830,"created_time":"Wed Mar 15 00:33:22 +0000 2017","lang":"en","displayname":"mythinland","time_zone":"Mexico City","msg":"RT kanyefeeI its sad to see a good person change"}
{"tweet_id":841809513263054848,"created_unixtime":1489538002683,"created_time":"Wed Mar 15 00:33:22 +0000 2017","lang":"en","displayname":"Iaurenmcpherson","time_zone":"London","msg":"The only down side of maddow having Trumps tax returns Sad https//tco/b4jJJAmVOv"}
{"tweet_id":841809513917362176,"created_unixtime":1489538002839,"created_time":"Wed Mar 15 00:33:22 +0000 2017","lang":"en","displayname":"javierlopezok_","time_zone":"Buenos Aires","msg":"RT neiltyson 314  Happy Piday to Gregorian calendar users who reckon dates with month followed by day separated by period omitting year"}
{"tweet_id":841809514429050881,"created_unixtime":1489538002961,"created_time":"Wed Mar 15 00:33:22 +0000 2017","lang":"en","displayname":"TheTerrBearr","time_zone":"","msg":"nightlovell finally has a show nearby and its 21 n up Im very sad"}
{"tweet_id":841809514689122305,"created_unixtime":1489538003023,"created_time":"Wed Mar 15 00:33:23 +0000 2017","lang":"en","displayname":"MN_Deadline","time_zone":"Central Time (US & Canada)","msg":"Happy Birthday StephenCurry30 Lets get a W for your birthday 👌 DubNation"}
{"tweet_id":841809515347505153,"created_unixtime":1489538003180,"created_time":"Wed Mar 15 00:33:23 +0000 2017","lang":"en","displayname":"ppppin09","time_zone":"Pacific Time (US & Canada)","msg":"RT CUTEST_ANlMALS this makes me so happy  https//tco/4ebwUxo9Hg"}
{"tweet_id":841809516018585601,"created_unixtime":1489538003340,"created_time":"Wed Mar 15 00:33:23 +0000 2017","lang":"en","displayname":"MyGFreeKitchen","time_zone":"Mountain Time (US & Canada)","msg":"RT THEgfJules Happy PiDay Heres one of my favorites cause its so stinkin EASY amp who doesnt love Hot Fudge Pie glutenfree… "}
{"tweet_id":841809515976753153,"created_unixtime":1489538003330,"created_time":"Wed Mar 15 00:33:23 +0000 2017","lang":"en","displayname":"jaboy_jaja","time_zone":"","msg":"RT michael_perry82 Happy birthday quez jaboy_jaja"}
{"tweet_id":841809515767074818,"created_unixtime":1489538003280,"created_time":"Wed Mar 15 00:33:23 +0000 2017","lang":"en","displayname":"_ancheeta","time_zone":"Hawaii","msg":"RT TRASH_MOBB not happy not sad kinda just floating"}
{"tweet_id":841809513590214656,"created_unixtime":1489538002761,"created_time":"Wed Mar 15 00:33:22 +0000 2017","lang":"en","displayname":"unsteadyroses","time_zone":"","msg":"THIS WAS ME SAD TO SAY WHEN I STARTED CRYING NDKDKDN https//tco/1zphWWCCnv"}
{"tweet_id":841809516299730949,"created_unixtime":1489538003407,"created_time":"Wed Mar 15 00:33:23 +0000 2017","lang":"en","displayname":"HILARIOUSPPP","time_zone":"Amsterdam","msg":"RT EngrSeries Last week  it was Ibrahimovic Now its Rojo  Mourinho has successfully turned Man United into q dirty team Sadhttps/…"}
{"tweet_id":841809516534591488,"created_unixtime":1489538003463,"created_time":"Wed Mar 15 00:33:23 +0000 2017","lang":"en","displayname":"bIueguitar","time_zone":"Brasilia","msg":"SherriSaum1 a thing about Stef that you love with all your heart thefosterschat THANK U FOR SAYING HI TO MY GIRL SHES SO HAPPY lt3 ILY"}
{"tweet_id":841809516228313088,"created_unixtime":1489538003390,"created_time":"Wed Mar 15 00:33:23 +0000 2017","lang":"en","displayname":"queenhima","time_zone":"","msg":"RT warriors DubNation please join us in wishing StephenCurry30 a very Happy Birthday 🎈 https//tco/cByjiIEk25"}
{"tweet_id":841809516421369856,"created_unixtime":1489538003436,"created_time":"Wed Mar 15 00:33:23 +0000 2017","lang":"en","displayname":"sohogrand98","time_zone":"","msg":"RT AlexaThirel babygry happy Valentines Day sweetheart with joy and health 💋💋💋❤️🌹🌺🙋🏽👏🏼🍾 I hope to pass a great day love you kiss… "}
{"tweet_id":841809516438122496,"created_unixtime":1489538003440,"created_time":"Wed Mar 15 00:33:23 +0000 2017","lang":"en","displayname":"jmansclafani","time_zone":"Eastern Time (US & Canada)","msg":"RT MeninistTweet Happy pi dayThe Falcons blew a 283 lead314283  31the warriors blew a 31 lead in the NBA Finals"}
{"tweet_id":841809515947388928,"created_unixtime":1489538003323,"created_time":"Wed Mar 15 00:33:23 +0000 2017","lang":"en","displayname":"lauren101339","time_zone":"Eastern Time (US & Canada)","msg":"RT experiencedquot Be happy Its one way of being wise Sidonie Gabrielle Colette"}
{"tweet_id":841809517180551169,"created_unixtime":1489538003617,"created_time":"Wed Mar 15 00:33:23 +0000 2017","lang":"en","displayname":"MelissaSChapman","time_zone":"Central Time (US & Canada)","msg":"RT momwifebusylife Happy PiDay Im having this after dinner gt https//tco/6ku25QRWaF            EdwardsDesserts… "}
{"tweet_id":841809517360832513,"created_unixtime":1489538003660,"created_time":"Wed Mar 15 00:33:23 +0000 2017","lang":"en","displayname":"jaxlively","time_zone":"Central Time (US & Canada)","msg":"RT itsgabrielleu This timeless beauty Hey gurl heyyyyy HAPPY BIRTHDAY MAMA https//tco/tKvy1z0SvA"}
{"tweet_id":841809516450709504,"created_unixtime":1489538003443,"created_time":"Wed Mar 15 00:33:23 +0000 2017","lang":"und","displayname":"logangaines_","time_zone":"","msg":"Happy Birthday AlbertEinstein   πππ π ππππ https//tco/lTZMpjkMZU"}
{"tweet_id":841809517566427137,"created_unixtime":1489538003709,"created_time":"Wed Mar 15 00:33:23 +0000 2017","lang":"en","displayname":"awesomejdf8426","time_zone":"","msg":"Happy birthday MB3FIVE hope its a nice one 💯💪🏼🏀😎🔥"}
{"tweet_id":841809517411217408,"created_unixtime":1489538003672,"created_time":"Wed Mar 15 00:33:23 +0000 2017","lang":"en","displayname":"IsacDaHero","time_zone":"Eastern Time (US & Canada)","msg":"RT Calvinn_Hobbes Happy 🍕 PiDay https//tco/UpLBGER3ZF"}
{"tweet_id":841809517159555072,"created_unixtime":1489538003612,"created_time":"Wed Mar 15 00:33:23 +0000 2017","lang":"en","displayname":"ElainaForever","time_zone":"","msg":"RT TheTumblrPosts this just made me so sad 😭 https//tco/DtVltAKPez"}
{"tweet_id":841809517599944704,"created_unixtime":1489538003717,"created_time":"Wed Mar 15 00:33:23 +0000 2017","lang":"en","displayname":"Bruschi_71","time_zone":"Eastern Time (US & Canada)","msg":"Happy birthday bro Big___Shawn"}
{"tweet_id":841809517901893632,"created_unixtime":1489538003789,"created_time":"Wed Mar 15 00:33:23 +0000 2017","lang":"ja","displayname":"Akiyo50719909","time_zone":"","msg":"star_tatsuya LOVE注入懐かしい爆笑๑gt؂lt๑たつ兄Happyホワイトデー♡"}
{"tweet_id":841809517935435777,"created_unixtime":1489538003797,"created_time":"Wed Mar 15 00:33:23 +0000 2017","lang":"en","displayname":"fak3yapper","time_zone":"Arizona","msg":"FoxNews AshleyJudd so sad these people have been brainwashed like this I will pray for you Ashley"}
{"tweet_id":841809518099091457,"created_unixtime":1489538003836,"created_time":"Wed Mar 15 00:33:23 +0000 2017","lang":"en","displayname":"Annnhaileyyy","time_zone":"","msg":"Im so happy"}
{"tweet_id":841809518409465856,"created_unixtime":1489538003910,"created_time":"Wed Mar 15 00:33:23 +0000 2017","lang":"en","displayname":"xmoonlightlux","time_zone":"","msg":"RT arianasdawn Its my birthday and Id like to thank Ariana for giving me a purpose making me a better person and always making… "}
{"tweet_id":841809517750943744,"created_unixtime":1489538003753,"created_time":"Wed Mar 15 00:33:23 +0000 2017","lang":"en","displayname":"alexus_jones11","time_zone":"","msg":"RT mckaycraigg happy birthday babe cant wait to see you March 21st 😈💙💛😻 https//tco/46i5Fj9l1p"}
{"tweet_id":841809518325596160,"created_unixtime":1489538003890,"created_time":"Wed Mar 15 00:33:23 +0000 2017","lang":"en","displayname":"Babydoll_Carter","time_zone":"","msg":"RT FIyingFuck kinda sad kinda dont give a fuck anymore"}
{"tweet_id":841809518837211137,"created_unixtime":1489538004012,"created_time":"Wed Mar 15 00:33:24 +0000 2017","lang":"en","displayname":"GrantCPDAMagnet","time_zone":"","msg":"RT BecciMcMurrin MsDamonte Happy pi day https//tco/rPE8NT8rYS"}
{"tweet_id":841809518073942016,"created_unixtime":1489538003830,"created_time":"Wed Mar 15 00:33:23 +0000 2017","lang":"en","displayname":"giveawayvtech","time_zone":"Pacific Time (US & Canada)","msg":"Its sad that I had to find out the truth about them too but well never post that on the internet lmaooooo"}
{"tweet_id":841809518346571776,"created_unixtime":1489538003895,"created_time":"Wed Mar 15 00:33:23 +0000 2017","lang":"en","displayname":"FatimaAlubaidy","time_zone":"","msg":"RT a1fbgmn every girl just wanna be genuinely happy not confused not irritated not slept on not taken advantage of just happy my g "}
{"tweet_id":841809519088939008,"created_unixtime":1489538004072,"created_time":"Wed Mar 15 00:33:24 +0000 2017","lang":"en","displayname":"MattBonaventure","time_zone":"","msg":"RT neiltyson 314  Happy Piday to Gregorian calendar users who reckon dates with month followed by day separated by period omitting year"}
{"tweet_id":841809519420280833,"created_unixtime":1489538004151,"created_time":"Wed Mar 15 00:33:24 +0000 2017","lang":"ht","displayname":"Derekhudson18","time_zone":"Buenos Aires","msg":"LudmilaAbril19 rre sad jahaj"}
{"tweet_id":841809519722287108,"created_unixtime":1489538004223,"created_time":"Wed Mar 15 00:33:24 +0000 2017","lang":"en","displayname":"MarMill4","time_zone":"Mountain Time (US & Canada)","msg":"RT isaiahtisdale15 Happy birthday to Mar Milly lol MarMill4 hope its a good one 🎉🎊😎 https//tco/Xzm2uHYznN"}
{"tweet_id":841809519671939072,"created_unixtime":1489538004211,"created_time":"Wed Mar 15 00:33:24 +0000 2017","lang":"en","displayname":"gzyel93","time_zone":"","msg":"RT SoReIatable I hate that I cry out of frustration 95  of the time its not even cause Im sad its that Im so angry I cant control…"}
{"tweet_id":841809519302856704,"created_unixtime":1489538004123,"created_time":"Wed Mar 15 00:33:24 +0000 2017","lang":"en","displayname":"Miss_Farfan","time_zone":"Atlantic Time (Canada)","msg":"Just discovered there is no sombrero or guacamole emoji ¡Sad"}
{"tweet_id":841809520254935040,"created_unixtime":1489538004350,"created_time":"Wed Mar 15 00:33:24 +0000 2017","lang":"en","displayname":"RockyHugMe","time_zone":"Pacific Time (US & Canada)","msg":"rydelR5 Hi queen I wanted to say that in 3 days its my birthday Could you wish me Happy early Birthday Te amo🙈❣ X537"}
{"tweet_id":841809519726493696,"created_unixtime":1489538004224,"created_time":"Wed Mar 15 00:33:24 +0000 2017","lang":"en","displayname":"laurenstreet141","time_zone":"","msg":"OliviaDBuck Dont get why people r so mean She is happy with Alex and shes stunning just leave her shows people have nothing better to do"}
{"tweet_id":841809521043488768,"created_unixtime":1489538004538,"created_time":"Wed Mar 15 00:33:24 +0000 2017","lang":"en","displayname":"_SpillNye","time_zone":"Atlantic Time (Canada)","msg":"😂😭 Im literally so selfish iont even try to make girls happy its all bout me babyyy"}
{"tweet_id":841809520682754049,"created_unixtime":1489538004452,"created_time":"Wed Mar 15 00:33:24 +0000 2017","lang":"en","displayname":"LaShawnClayton5","time_zone":"","msg":"RT O_Curry_4 Happy birthday to the greatest shooter of all time my all time favorite StephenCurry30 😍😍😍😍 https//tco/GO5dmX2pEC"}
{"tweet_id":841809521274195969,"created_unixtime":1489538004593,"created_time":"Wed Mar 15 00:33:24 +0000 2017","lang":"en","displayname":"JWDTorWWJD","time_zone":"Pacific Time (US & Canada)","msg":"VIEWER DISCRETION Gaza Massacre sad music https//tco/CQKuGySNvp gaza palestine israel BDS"}
{"tweet_id":841809521790078978,"created_unixtime":1489538004716,"created_time":"Wed Mar 15 00:33:24 +0000 2017","lang":"en","displayname":"liamhearted","time_zone":"Central Time (US & Canada)","msg":"happy birthday beautiful girl i miss you  colliscool"}
{"tweet_id":841809521790078981,"created_unixtime":1489538004716,"created_time":"Wed Mar 15 00:33:24 +0000 2017","lang":"en","displayname":"iG0tS0le","time_zone":"","msg":"RT SliceWrestling Retweet If Youre Happy WWERollins Is Back To Take On TripleH RAW https//tco/R0nsrwZFDt"}
{"tweet_id":841809522821750784,"created_unixtime":1489538004962,"created_time":"Wed Mar 15 00:33:24 +0000 2017","lang":"ko","displayname":"taecocks","time_zone":"Pacific Time (US & Canada)","msg":"RT offclASTRO Happy birthday to you~ 진진형 22번째 생일을진심으로 축하해요🎉🎉 착하고 장난도 잘받아주고 리더쉽있는ㅎㅎ진진형 귀염댕이 아스트로 잘부탁드려요생일선물 나 HappyJINJINDay https//…"}
{"tweet_id":841809522326949889,"created_unixtime":1489538004844,"created_time":"Wed Mar 15 00:33:24 +0000 2017","lang":"en","displayname":"sadejahh","time_zone":"","msg":"RT Parajae__ He knows just how to keep me happy ❤️ https//tco/g68jrAklVv"}
{"tweet_id":841809522909949956,"created_unixtime":1489538004983,"created_time":"Wed Mar 15 00:33:24 +0000 2017","lang":"en","displayname":"swaych","time_zone":"Eastern Time (US & Canada)","msg":"LarryTill PieCommish im happy for you and yours"}
{"tweet_id":841809522893197313,"created_unixtime":1489538004979,"created_time":"Wed Mar 15 00:33:24 +0000 2017","lang":"en","displayname":"LakersSource","time_zone":"","msg":"RT SerenaWinters Ivica Zubac after loss All the young guys are playing we should all be happy to be on the courtWe should be a… "}
{"tweet_id":841809523182559232,"created_unixtime":1489538005048,"created_time":"Wed Mar 15 00:33:25 +0000 2017","lang":"en","displayname":"PRllNCE","time_zone":"Stockholm","msg":"lukedoublef and also i always enjoy seeing your tweets im happy to see you nobody could replace you"}
{"tweet_id":841809522624741377,"created_unixtime":1489538004915,"created_time":"Wed Mar 15 00:33:24 +0000 2017","lang":"en","displayname":"Lisamar65096873","time_zone":"","msg":"RT TracyHa98463342 Happy New Week 💐 Jeansport89 aboalfog alen_luciana 07rubens Romina07441152 Dew21Lana nevoghazal Isobg69… "}
{"tweet_id":841809522733789188,"created_unixtime":1489538004941,"created_time":"Wed Mar 15 00:33:24 +0000 2017","lang":"en","displayname":"microsoft42","time_zone":"Eastern Time (US & Canada)","msg":"RT D_Deji28 Do you guys know why he was killed A girl lied that he raped her and her brother shot him dead https//tco/IWDVDZp3rz"}
{"tweet_id":841809523442569216,"created_unixtime":1489538005110,"created_time":"Wed Mar 15 00:33:25 +0000 2017","lang":"en","displayname":"iAcerjs","time_zone":"","msg":"RT Kumi_Yukimura Happy Birthday Umi 園田海未生誕祭2017 https//tco/k8nDiRw480"}
{"tweet_id":841809522603704320,"created_unixtime":1489538004910,"created_time":"Wed Mar 15 00:33:24 +0000 2017","lang":"en","displayname":"elisafurr","time_zone":"Pacific Time (US & Canada)","msg":"When climbing a rope becomes a sad sad music video we will adjust  titanic myheartwillgoon CelineDionPR… https//tco/u6bU5L9r5F"}
{"tweet_id":841809524050677760,"created_unixtime":1489538005255,"created_time":"Wed Mar 15 00:33:25 +0000 2017","lang":"ja","displayname":"Hs913Ne","time_zone":"","msg":"RT shige5131 Happy Birthday♡ うみちゃん！うみちゃんと出会えて本当に良かった園田海未生誕祭2017 3月15日は園田海未の誕生日  祝う人RT RTした人全員フォローする https//tco/1FBYETFK7O"}
{"tweet_id":841809523761397760,"created_unixtime":1489538005186,"created_time":"Wed Mar 15 00:33:25 +0000 2017","lang":"en","displayname":"divagolf","time_zone":"","msg":"RT IvankaTrump Womens day is every day                       Happy Thursday internationalwomensday https//tco/unZFukf3zn"}
{"tweet_id":841809523107106816,"created_unixtime":1489538005030,"created_time":"Wed Mar 15 00:33:25 +0000 2017","lang":"en","displayname":"YoungFloat","time_zone":"Atlantic Time (Canada)","msg":"RT 2HypeMike YoungFloat happy gday swaggy g"}
{"tweet_id":841809523778158592,"created_unixtime":1489538005190,"created_time":"Wed Mar 15 00:33:25 +0000 2017","lang":"en","displayname":"Des_Bri_15","time_zone":"Quito","msg":"RT Des_Bri_15 Rarely smile this big but I been super happy lately 😌 https//tco/BzSF4cFNTg"}
{"tweet_id":841809521441943554,"created_unixtime":1489538004633,"created_time":"Wed Mar 15 00:33:24 +0000 2017","lang":"en","displayname":"nataliek_23","time_zone":"","msg":"Happy birthday to one of the best male role models out there One day I hope my husband is as respectful and kind a… https//tco/LYCq7QITJu"}
{"tweet_id":841809524688322561,"created_unixtime":1489538005407,"created_time":"Wed Mar 15 00:33:25 +0000 2017","lang":"en","displayname":"AdisDizdarevic","time_zone":"","msg":"RT Kb3The Happy glo day to Bobby Mercer himself AdisDizdarevic cant wait to celebrate"}
{"tweet_id":841809524944125953,"created_unixtime":1489538005468,"created_time":"Wed Mar 15 00:33:25 +0000 2017","lang":"en","displayname":"_lemerra","time_zone":"Pacific Time (US & Canada)","msg":"RT RapSpotlights RT if youre happy that Kodak Black is out and making new music 🔥 https//tco/8wyxkj92Su"}
{"tweet_id":841809524965040128,"created_unixtime":1489538005473,"created_time":"Wed Mar 15 00:33:25 +0000 2017","lang":"en","displayname":"babieslov","time_zone":"Islamabad","msg":"RT RapSpotlights RT if youre happy that Kodak Black is out and making new music 🔥 https//tco/8wyxkj92Su"}
{"tweet_id":841809524969287680,"created_unixtime":1489538005474,"created_time":"Wed Mar 15 00:33:25 +0000 2017","lang":"en","displayname":"_jaywilliams14","time_zone":"","msg":"RT RapSpotlights RT if youre happy that Kodak Black is out and making new music 🔥 https//tco/8wyxkj92Su"}
{"tweet_id":841809524960894976,"created_unixtime":1489538005472,"created_time":"Wed Mar 15 00:33:25 +0000 2017","lang":"en","displayname":"AsapHeavens","time_zone":"Atlantic Time (Canada)","msg":"RT RapSpotlights RT if youre happy that Kodak Black is out and making new music 🔥 https//tco/8wyxkj92Su"}
{"tweet_id":841809524956655616,"created_unixtime":1489538005471,"created_time":"Wed Mar 15 00:33:25 +0000 2017","lang":"en","displayname":"6shotsofclorox","time_zone":"","msg":"RT RapSpotlights RT if youre happy that Kodak Black is out and making new music 🔥 https//tco/8wyxkj92Su"}
{"tweet_id":841809525074145282,"created_unixtime":1489538005499,"created_time":"Wed Mar 15 00:33:25 +0000 2017","lang":"en","displayname":"anotbok","time_zone":"Pacific Time (US & Canada)","msg":"RT RapSpotlights RT if youre happy that Kodak Black is out and making new music 🔥 https//tco/8wyxkj92Su"}
{"tweet_id":841809525023825920,"created_unixtime":1489538005487,"created_time":"Wed Mar 15 00:33:25 +0000 2017","lang":"en","displayname":"bestomusic","time_zone":"Pacific Time (US & Canada)","msg":"RT RapSpotlights RT if youre happy that Kodak Black is out and making new music 🔥 https//tco/8wyxkj92Su"}
{"tweet_id":841809525040599040,"created_unixtime":1489538005491,"created_time":"Wed Mar 15 00:33:25 +0000 2017","lang":"en","displayname":"cleq12","time_zone":"Pacific Time (US & Canada)","msg":"RT RapSpotlights RT if youre happy that Kodak Black is out and making new music 🔥 https//tco/8wyxkj92Su"}
{"tweet_id":841809524466024450,"created_unixtime":1489538005354,"created_time":"Wed Mar 15 00:33:25 +0000 2017","lang":"en","displayname":"ohmisako","time_zone":"","msg":"RT WhiteRoomRecord Get your Whatever Makes U Happy Caps at https//tco/EVDeYuI1yj https//tco/UxpmtLGwKZ"}
{"tweet_id":841809525111906304,"created_unixtime":1489538005508,"created_time":"Wed Mar 15 00:33:25 +0000 2017","lang":"ja","displayname":"takonizilove105","time_zone":"","msg":"RT kk_z1119 💚杏果Happy Birthday💚杏果の歌声、ダンス…全てが好き💓素敵な1年になりますよーに🙏💕 有安杏果生誕祭  有安杏果誕生祭 https//tco/VjrBHmAIR6"}
{"tweet_id":841809525128679424,"created_unixtime":1489538005512,"created_time":"Wed Mar 15 00:33:25 +0000 2017","lang":"en","displayname":"Devar_mh","time_zone":"","msg":"RT RapSpotlights RT if youre happy that Kodak Black is out and making new music 🔥 https//tco/8wyxkj92Su"}
{"tweet_id":841809525111906306,"created_unixtime":1489538005508,"created_time":"Wed Mar 15 00:33:25 +0000 2017","lang":"en","displayname":"DJ_RMUSIC","time_zone":"London","msg":"RT RapSpotlights RT if youre happy that Kodak Black is out and making new music 🔥 https//tco/8wyxkj92Su"}
{"tweet_id":841809525246119936,"created_unixtime":1489538005540,"created_time":"Wed Mar 15 00:33:25 +0000 2017","lang":"en","displayname":"dee_smith32","time_zone":"Eastern Time (US & Canada)","msg":"RT RapSpotlights RT if youre happy that Kodak Black is out and making new music 🔥 https//tco/8wyxkj92Su"}
{"tweet_id":841809525355102208,"created_unixtime":1489538005566,"created_time":"Wed Mar 15 00:33:25 +0000 2017","lang":"en","displayname":"Humble___Beast","time_zone":"","msg":"RT RapSpotlights RT if youre happy that Kodak Black is out and making new music 🔥 https//tco/8wyxkj92Su"}
{"tweet_id":841809525111906305,"created_unixtime":1489538005508,"created_time":"Wed Mar 15 00:33:25 +0000 2017","lang":"en","displayname":"Funny00052583","time_zone":"Baku","msg":"RT RapSpotlights RT if youre happy that Kodak Black is out and making new music 🔥 https//tco/8wyxkj92Su"}
{"tweet_id":841809525170565121,"created_unixtime":1489538005522,"created_time":"Wed Mar 15 00:33:25 +0000 2017","lang":"en","displayname":"beachgirls01","time_zone":"Pacific Time (US & Canada)","msg":"RT RapSpotlights RT if youre happy that Kodak Black is out and making new music 🔥 https//tco/8wyxkj92Su"}
{"tweet_id":841809525128622080,"created_unixtime":1489538005512,"created_time":"Wed Mar 15 00:33:25 +0000 2017","lang":"en","displayname":"Geotherm_","time_zone":"Pacific Time (US & Canada)","msg":"RT RapSpotlights RT if youre happy that Kodak Black is out and making new music 🔥 https//tco/8wyxkj92Su"}
{"tweet_id":841809525359370241,"created_unixtime":1489538005567,"created_time":"Wed Mar 15 00:33:25 +0000 2017","lang":"en","displayname":"KloutGod","time_zone":"","msg":"RT RapSpotlights RT if youre happy that Kodak Black is out and making new music 🔥 https//tco/8wyxkj92Su"}
{"tweet_id":841809525233528833,"created_unixtime":1489538005537,"created_time":"Wed Mar 15 00:33:25 +0000 2017","lang":"en","displayname":"blvckdanny","time_zone":"Central Time (US & Canada)","msg":"RT RapSpotlights RT if youre happy that Kodak Black is out and making new music 🔥 https//tco/8wyxkj92Su"}
{"tweet_id":841809525434793986,"created_unixtime":1489538005585,"created_time":"Wed Mar 15 00:33:25 +0000 2017","lang":"en","displayname":"HOTVXBES","time_zone":"Eastern Time (US & Canada)","msg":"RT RapSpotlights RT if youre happy that Kodak Black is out and making new music 🔥 https//tco/8wyxkj92Su"}
{"tweet_id":841809525363494912,"created_unixtime":1489538005568,"created_time":"Wed Mar 15 00:33:25 +0000 2017","lang":"en","displayname":"Jujuda1andonly","time_zone":"Atlantic Time (Canada)","msg":"RT RapSpotlights RT if youre happy that Kodak Black is out and making new music 🔥 https//tco/8wyxkj92Su"}
{"tweet_id":841809525355167744,"created_unixtime":1489538005566,"created_time":"Wed Mar 15 00:33:25 +0000 2017","lang":"en","displayname":"httpbaesicful","time_zone":"Eastern Time (US & Canada)","msg":"RT RapSpotlights RT if youre happy that Kodak Black is out and making new music 🔥 https//tco/8wyxkj92Su"}
{"tweet_id":841809525254549505,"created_unixtime":1489538005542,"created_time":"Wed Mar 15 00:33:25 +0000 2017","lang":"en","displayname":"UnivxrseGirl","time_zone":"","msg":"RT the_ryan_kelley Im texting the Sheriff and asking for a raise he doesnt look happy 🙃 lindenashby https//tco/aX8PJsAOxm"}
{"tweet_id":841809525393002496,"created_unixtime":1489538005575,"created_time":"Wed Mar 15 00:33:25 +0000 2017","lang":"en","displayname":"AndrewCMcGowan","time_zone":"Quito","msg":"RT AcidEater_Fusao Happy Birthday to director David Cronenberg（March 15 1943）David Cronenberg and William S Burroughs on the set o… "}
{"tweet_id":841809525724274688,"created_unixtime":1489538005654,"created_time":"Wed Mar 15 00:33:25 +0000 2017","lang":"en","displayname":"liddlexphilly","time_zone":"","msg":"RT RapSpotlights RT if youre happy that Kodak Black is out and making new music 🔥 https//tco/8wyxkj92Su"}
{"tweet_id":841809525761949696,"created_unixtime":1489538005663,"created_time":"Wed Mar 15 00:33:25 +0000 2017","lang":"en","displayname":"origonality","time_zone":"Pacific Time (US & Canada)","msg":"RT RapSpotlights RT if youre happy that Kodak Black is out and making new music 🔥 https//tco/8wyxkj92Su"}
{"tweet_id":841809525728411648,"created_unixtime":1489538005655,"created_time":"Wed Mar 15 00:33:25 +0000 2017","lang":"en","displayname":"Miguel_Rodrii","time_zone":"Pacific Time (US & Canada)","msg":"RT RapSpotlights RT if youre happy that Kodak Black is out and making new music 🔥 https//tco/8wyxkj92Su"}
{"tweet_id":841809525766148096,"created_unixtime":1489538005664,"created_time":"Wed Mar 15 00:33:25 +0000 2017","lang":"en","displayname":"mcnelly20","time_zone":"Arizona","msg":"RT RapSpotlights RT if youre happy that Kodak Black is out and making new music 🔥 https//tco/8wyxkj92Su"}
{"tweet_id":841809525925584896,"created_unixtime":1489538005702,"created_time":"Wed Mar 15 00:33:25 +0000 2017","lang":"en","displayname":"TheDJF","time_zone":"Eastern Time (US & Canada)","msg":"prasejeebus and shes happy"}
{"tweet_id":841809525850046464,"created_unixtime":1489538005684,"created_time":"Wed Mar 15 00:33:25 +0000 2017","lang":"en","displayname":"misfitdre","time_zone":"","msg":"RT RapSpotlights RT if youre happy that Kodak Black is out and making new music 🔥 https//tco/8wyxkj92Su"}
{"tweet_id":841809525908877312,"created_unixtime":1489538005698,"created_time":"Wed Mar 15 00:33:25 +0000 2017","lang":"en","displayname":"YanelisJimenez5","time_zone":"","msg":"RT 5HVotingStats Scared Of Happy FifthHarmony YouKnowYouLoveThem radiodisney"}
{"tweet_id":841809525720023040,"created_unixtime":1489538005653,"created_time":"Wed Mar 15 00:33:25 +0000 2017","lang":"en","displayname":"LetRollin","time_zone":"Pacific Time (US & Canada)","msg":"RT RapSpotlights RT if youre happy that Kodak Black is out and making new music 🔥 https//tco/8wyxkj92Su"}
{"tweet_id":841809525980188673,"created_unixtime":1489538005715,"created_time":"Wed Mar 15 00:33:25 +0000 2017","lang":"en","displayname":"Chase77863880","time_zone":"","msg":"ElleMKent awww its all good Elle  Im happy when you tweet me 😃😀"}
{"tweet_id":841809526588297217,"created_unixtime":1489538005860,"created_time":"Wed Mar 15 00:33:25 +0000 2017","lang":"en","displayname":"QUEENBzLEGiT","time_zone":"Eastern Time (US & Canada)","msg":"RT RapSpotlights RT if youre happy that Kodak Black is out and making new music 🔥 https//tco/8wyxkj92Su"}
{"tweet_id":841809526596624384,"created_unixtime":1489538005862,"created_time":"Wed Mar 15 00:33:25 +0000 2017","lang":"en","displayname":"RealHazS","time_zone":"Pacific Time (US & Canada)","msg":"RT RapSpotlights RT if youre happy that Kodak Black is out and making new music 🔥 https//tco/8wyxkj92Su"}
{"tweet_id":841809526756073472,"created_unixtime":1489538005900,"created_time":"Wed Mar 15 00:33:25 +0000 2017","lang":"en","displayname":"anamika_thukral","time_zone":"","msg":"RT meenakshigarg14 Happy holi to my LordThanku Guruji Gurmeetramrahim TodayLacs celebrated HoliWithMSG"}
{"tweet_id":841809526605017088,"created_unixtime":1489538005864,"created_time":"Wed Mar 15 00:33:25 +0000 2017","lang":"en","displayname":"QIassic","time_zone":"Pacific Time (US & Canada)","msg":"RT RapSpotlights RT if youre happy that Kodak Black is out and making new music 🔥 https//tco/8wyxkj92Su"}
{"tweet_id":841809526466707456,"created_unixtime":1489538005831,"created_time":"Wed Mar 15 00:33:25 +0000 2017","lang":"en","displayname":"gohabsgo999","time_zone":"Quito","msg":"Monctonscout Potsy_70 kevinjdonny13 ArponBasu Media need someone to make some followers happy"}
{"tweet_id":841809526789558272,"created_unixtime":1489538005908,"created_time":"Wed Mar 15 00:33:25 +0000 2017","lang":"en","displayname":"rackscarsass","time_zone":"","msg":"RT RapSpotlights RT if youre happy that Kodak Black is out and making new music 🔥 https//tco/8wyxkj92Su"}
{"tweet_id":841809526596632576,"created_unixtime":1489538005862,"created_time":"Wed Mar 15 00:33:25 +0000 2017","lang":"en","displayname":"S_Angelx3","time_zone":"Pacific Time (US & Canada)","msg":"RT RapSpotlights RT if youre happy that Kodak Black is out and making new music 🔥 https//tco/8wyxkj92Su"}
{"tweet_id":841809526974222336,"created_unixtime":1489538005952,"created_time":"Wed Mar 15 00:33:25 +0000 2017","lang":"en","displayname":"CourtyMorgan","time_zone":"Eastern Time (US & Canada)","msg":"RT averybarcus Honestly just trying to be happy"}
{"tweet_id":841809526676365312,"created_unixtime":1489538005881,"created_time":"Wed Mar 15 00:33:25 +0000 2017","lang":"en","displayname":"relatablevibex","time_zone":"Atlantic Time (Canada)","msg":"RT RapSpotlights RT if youre happy that Kodak Black is out and making new music 🔥 https//tco/8wyxkj92Su"}
{"tweet_id":841809526642860032,"created_unixtime":1489538005873,"created_time":"Wed Mar 15 00:33:25 +0000 2017","lang":"en","displayname":"b_funmi","time_zone":"","msg":"RT WORLDSTAR Happy Birthday Merlin SantanaRIP 🙏 https//tco/bfajhHFb86"}
{"tweet_id":841809526890340352,"created_unixtime":1489538005932,"created_time":"Wed Mar 15 00:33:25 +0000 2017","lang":"en","displayname":"jodie_brb","time_zone":"","msg":"Martinnn_George happy birthday beautiful boy lots of love ❤️"}
{"tweet_id":841809526349299712,"created_unixtime":1489538005803,"created_time":"Wed Mar 15 00:33:25 +0000 2017","lang":"en","displayname":"AnneHathabae","time_zone":"Eastern Time (US & Canada)","msg":"dani_pitter Happy Birthday for the third time babes lt3"}
{"tweet_id":841809527364186112,"created_unixtime":1489538006045,"created_time":"Wed Mar 15 00:33:26 +0000 2017","lang":"en","displayname":"TheHouseSleep","time_zone":"Pacific Time (US & Canada)","msg":"RT RapSpotlights RT if youre happy that Kodak Black is out and making new music 🔥 https//tco/8wyxkj92Su"}
{"tweet_id":841809527238414336,"created_unixtime":1489538006015,"created_time":"Wed Mar 15 00:33:26 +0000 2017","lang":"ja","displayname":"sanesane19","time_zone":"Tokyo","msg":"RT IGSTORE_JP 【☆Happy WhiteDay☆】本日はホワイトデーですね！チョコレートセットB（カーテンコール柄）の引取りを開始致します。一部店頭分も販売しております。皆様にとって素敵なホワイトデーとなりますように♪IGストア… "}
{"tweet_id":841809527355842561,"created_unixtime":1489538006043,"created_time":"Wed Mar 15 00:33:26 +0000 2017","lang":"en","displayname":"TrunksWBz","time_zone":"Eastern Time (US & Canada)","msg":"RT RapSpotlights RT if youre happy that Kodak Black is out and making new music 🔥 https//tco/8wyxkj92Su"}
{"tweet_id":841809527439679488,"created_unixtime":1489538006063,"created_time":"Wed Mar 15 00:33:26 +0000 2017","lang":"en","displayname":"alydeeraly","time_zone":"","msg":"Its awfully difficult to feel sad and tired when all you want is to feel alive"}
{"tweet_id":841809527364231169,"created_unixtime":1489538006045,"created_time":"Wed Mar 15 00:33:26 +0000 2017","lang":"en","displayname":"TheGrind123_","time_zone":"Pacific Time (US & Canada)","msg":"RT RapSpotlights RT if youre happy that Kodak Black is out and making new music 🔥 https//tco/8wyxkj92Su"}
{"tweet_id":841809527359991808,"created_unixtime":1489538006044,"created_time":"Wed Mar 15 00:33:26 +0000 2017","lang":"en","displayname":"slimptx","time_zone":"Pacific Time (US & Canada)","msg":"RT RapSpotlights RT if youre happy that Kodak Black is out and making new music 🔥 https//tco/8wyxkj92Su"}
{"tweet_id":841809527360049152,"created_unixtime":1489538006044,"created_time":"Wed Mar 15 00:33:26 +0000 2017","lang":"en","displayname":"tomthoo_","time_zone":"Pacific Time (US & Canada)","msg":"RT RapSpotlights RT if youre happy that Kodak Black is out and making new music 🔥 https//tco/8wyxkj92Su"}
{"tweet_id":841809527431393280,"created_unixtime":1489538006061,"created_time":"Wed Mar 15 00:33:26 +0000 2017","lang":"en","displayname":"majjiffer","time_zone":"","msg":"RT jadine_faney Because i love jadine Happy anniv guys LetOurPurpleHeartsShineAt3 SelectaCornetto https//tco/nZuMsRcsoc"}
{"tweet_id":841809527355846656,"created_unixtime":1489538006043,"created_time":"Wed Mar 15 00:33:26 +0000 2017","lang":"en","displayname":"suukmykicks","time_zone":"","msg":"RT RapSpotlights RT if youre happy that Kodak Black is out and making new music 🔥 https//tco/8wyxkj92Su"}
{"tweet_id":841809527750049792,"created_unixtime":1489538006137,"created_time":"Wed Mar 15 00:33:26 +0000 2017","lang":"in","displayname":"firlaiman","time_zone":"Alaska","msg":"RT Uselessxhope_ Lepasan spm lepas ni jangan dok happy sangat Lepas ni kau akan merasa tak tidur sampai pagi tiap2 hari ngadap assignmen…"}
{"tweet_id":841809527523569664,"created_unixtime":1489538006083,"created_time":"Wed Mar 15 00:33:26 +0000 2017","lang":"en","displayname":"YoungNative_INF","time_zone":"Pacific Time (US & Canada)","msg":"RT RapSpotlights RT if youre happy that Kodak Black is out and making new music 🔥 https//tco/8wyxkj92Su"}
{"tweet_id":841809527364231170,"created_unixtime":1489538006045,"created_time":"Wed Mar 15 00:33:26 +0000 2017","lang":"en","displayname":"SomewhatSaneMom","time_zone":"Eastern Time (US & Canada)","msg":"RT RapSpotlights RT if youre happy that Kodak Black is out and making new music 🔥 https//tco/8wyxkj92Su"}
{"tweet_id":841809527452405760,"created_unixtime":1489538006066,"created_time":"Wed Mar 15 00:33:26 +0000 2017","lang":"en","displayname":"jourdyyyceee","time_zone":"Quito","msg":"RT D_Deji28 Do you guys know why he was killed A girl lied that he raped her and her brother shot him dead https//tco/IWDVDZp3rz"}
{"tweet_id":841809527804686336,"created_unixtime":1489538006150,"created_time":"Wed Mar 15 00:33:26 +0000 2017","lang":"en","displayname":"SkittlesNCake","time_zone":"","msg":"RT RapSpotlights RT if youre happy that Kodak Black is out and making new music 🔥 https//tco/8wyxkj92Su"}
{"tweet_id":841809528148525056,"created_unixtime":1489538006232,"created_time":"Wed Mar 15 00:33:26 +0000 2017","lang":"en","displayname":"taytay_lawson","time_zone":"","msg":"RT H_hattabaugh Happy birthday taytay_lawson  Miss you and youre sweet personality hope todays been great 😊💛"}
{"tweet_id":841809523463589889,"created_unixtime":1489538005115,"created_time":"Wed Mar 15 00:33:25 +0000 2017","lang":"en","displayname":"_cristinakay","time_zone":"","msg":"Happy Birthday Abs🎈Youre always a ray of sunshine☀️ Love you bunches💗 https//tco/txFZ2eKKA1"}
{"tweet_id":841809528421142528,"created_unixtime":1489538006297,"created_time":"Wed Mar 15 00:33:26 +0000 2017","lang":"en","displayname":"sriainn","time_zone":"","msg":"RT an4rzl Its sad that you have to be very careful of what you tweet coz nowadays people can misinterpret it amp make a big fuss out of it…"}
{"tweet_id":841809526844207107,"created_unixtime":1489538005921,"created_time":"Wed Mar 15 00:33:25 +0000 2017","lang":"ro","displayname":"picsplace2","time_zone":"Paris","msg":"💋👄 happy MEDEEA busty https//tco/RXUxsM1NsO https//tco/3VJY65LSNi"}
{"tweet_id":841809528366759939,"created_unixtime":1489538006284,"created_time":"Wed Mar 15 00:33:26 +0000 2017","lang":"en","displayname":"Bhe741","time_zone":"","msg":"RT Salvesayson “Best Revenge” Smile Be Happy Never let them know it hurt ALDUBxDTBYTugOfHearts"}
{"tweet_id":841809526236020736,"created_unixtime":1489538005776,"created_time":"Wed Mar 15 00:33:25 +0000 2017","lang":"en","displayname":"Allisonfischer_","time_zone":"","msg":"HAPPY BIRTHDAY Seth Hope youre having one Todd of a day buddy amniotiksac https//tco/96RgPpGnl5"}
{"tweet_id":841809528756740096,"created_unixtime":1489538006377,"created_time":"Wed Mar 15 00:33:26 +0000 2017","lang":"en","displayname":"maddy_marx","time_zone":"","msg":"RT BranJak12 maddy_marx ohhhhhh my god its your bday HAPPY B DAY 😂❤️💜❤️💜❤️"}
{"tweet_id":841809528790360065,"created_unixtime":1489538006385,"created_time":"Wed Mar 15 00:33:26 +0000 2017","lang":"en","displayname":"Paulinamb69","time_zone":"","msg":"sometimes the best way to be happy is to learn to let go of things you tried hard to hold on to that are no longer good for you"}
{"tweet_id":841809527662039040,"created_unixtime":1489538006116,"created_time":"Wed Mar 15 00:33:26 +0000 2017","lang":"en","displayname":"Axel_Lerate","time_zone":"Hong Kong","msg":"Happy 14th birthday Liza Soberano of our family 😄🎂🎉 Lablab ka gid namon 💜 https//tco/OUMoBWZPc8"}
{"tweet_id":841809528991670272,"created_unixtime":1489538006433,"created_time":"Wed Mar 15 00:33:26 +0000 2017","lang":"en","displayname":"ChuteGilma","time_zone":"","msg":"LouDobbs Dobbs I knew the politics were dirty but not to the point I am funding out now Thanks President Trump Sad and tiresome"}
{"tweet_id":841809529650204673,"created_unixtime":1489538006590,"created_time":"Wed Mar 15 00:33:26 +0000 2017","lang":"en","displayname":"sidiahmed0000","time_zone":"","msg":"RT sidiahmed0000 Yeaahh today I m veryy happy"}
{"tweet_id":841809530065440768,"created_unixtime":1489538006689,"created_time":"Wed Mar 15 00:33:26 +0000 2017","lang":"en","displayname":"MillerLaney","time_zone":"","msg":"haileerenee00 tagtuesdays ugh you make me happy thank you and love you💕😊"}
{"tweet_id":841809530149318656,"created_unixtime":1489538006709,"created_time":"Wed Mar 15 00:33:26 +0000 2017","lang":"en","displayname":"_masonn_","time_zone":"","msg":"Im so happy with the people in my life rn"}
{"tweet_id":841809530535194624,"created_unixtime":1489538006801,"created_time":"Wed Mar 15 00:33:26 +0000 2017","lang":"en","displayname":"234events","time_zone":"","msg":"Happy 4th Anniversary afropolitanvibes Heres to many more years of Palmwine Good Music and… https//tco/tPUbsIAe31"}
{"tweet_id":841809530807808000,"created_unixtime":1489538006866,"created_time":"Wed Mar 15 00:33:26 +0000 2017","lang":"en","displayname":"ameliaawilliii","time_zone":"Quito","msg":"Happy happy😌"}
{"tweet_id":841809528920387584,"created_unixtime":1489538006416,"created_time":"Wed Mar 15 00:33:26 +0000 2017","lang":"en","displayname":"willa_maples","time_zone":"Pacific Time (US & Canada)","msg":"HAPPY BIRTHDAY to my TX bestie hope youre night is as fun as you are ily forever💃🏼💞 nicolefreemannn https//tco/zT7xuC52SC"}
{"tweet_id":841809531025928192,"created_unixtime":1489538006918,"created_time":"Wed Mar 15 00:33:26 +0000 2017","lang":"und","displayname":"douglas231965","time_zone":"","msg":"RT realDailyWire Sad https//tco/bMnXSjPGJX"}
{"tweet_id":841809531902480384,"created_unixtime":1489538007127,"created_time":"Wed Mar 15 00:33:27 +0000 2017","lang":"en","displayname":"elsiechapman","time_zone":"Tokyo","msg":"DemitriaLunetta Yaaay happy book birthday Demitria"}
{"tweet_id":841809531814342656,"created_unixtime":1489538007106,"created_time":"Wed Mar 15 00:33:27 +0000 2017","lang":"en","displayname":"Jane_Shin25","time_zone":"Beijing","msg":"RT BLACKPINK_PH Thank you to those people who supported our project for Lisa 🙏🙏🙏 https//tco/RZzpdxmGNI"}
{"tweet_id":841809531738947585,"created_unixtime":1489538007088,"created_time":"Wed Mar 15 00:33:27 +0000 2017","lang":"en","displayname":"RolandK_1","time_zone":"","msg":"Brad_booker15 oooo happy you get on the pitch now"}
{"tweet_id":841809529797017600,"created_unixtime":1489538006625,"created_time":"Wed Mar 15 00:33:26 +0000 2017","lang":"en","displayname":"kcarrollworld","time_zone":"","msg":"RT Lin_Manuel Me no math but happy you like all these numbers in this order https//tco/pU9iT5XbpV"}
{"tweet_id":841809531810258944,"created_unixtime":1489538007105,"created_time":"Wed Mar 15 00:33:27 +0000 2017","lang":"en","displayname":"Stone1962Stone","time_zone":"","msg":"RT millman85 I hope opposing teams taunt AshleyJudd all game every game Definite Snowflake SignOfWeakness BeatKentucky… "}
{"tweet_id":841809531218866176,"created_unixtime":1489538006964,"created_time":"Wed Mar 15 00:33:26 +0000 2017","lang":"en","displayname":"mukuburd","time_zone":"Central Time (US & Canada)","msg":"RT AnimaniacsQuote Happy PiDay https//tco/24GE5aPsbq"}
{"tweet_id":841809529453056000,"created_unixtime":1489538006543,"created_time":"Wed Mar 15 00:33:26 +0000 2017","lang":"en","displayname":"LaurenWelshie","time_zone":"Pacific Time (US & Canada)","msg":"RT ellxrebecca Why do some people just really hate to see other people happy I dont understand"}
{"tweet_id":841809530509910016,"created_unixtime":1489538006795,"created_time":"Wed Mar 15 00:33:26 +0000 2017","lang":"en","displayname":"foxycuda","time_zone":"Pacific Time (US & Canada)","msg":"just got the new jcrew catalog amp happy my seafoam tulle Oscars2017 dress preceded the mailman👇tho jcrew gown 2… https//tco/AEp0Vt6NPu"}
{"tweet_id":841809530455490561,"created_unixtime":1489538006782,"created_time":"Wed Mar 15 00:33:26 +0000 2017","lang":"en","displayname":"B_Sosa21","time_zone":"","msg":"Thats my brodie thats my dawg💯 Happy Gday to one of the realest friends Ive ever had DYLfields_23  Love you b… https//tco/RYah1LcqOH"}
{"tweet_id":841809532900761600,"created_unixtime":1489538007365,"created_time":"Wed Mar 15 00:33:27 +0000 2017","lang":"en","displayname":"francescaskiip","time_zone":"Pacific Time (US & Canada)","msg":"RT JCoIeNO Even on bad days I’ll still be happy with you"}
{"tweet_id":841809533592788992,"created_unixtime":1489538007530,"created_time":"Wed Mar 15 00:33:27 +0000 2017","lang":"en","displayname":"gaylehayes","time_zone":"Mountain Time (US & Canada)","msg":"RT PardueSuzanne Life is like riding a bicycle Tokeep your balance you mustkeep moving Albert EinsteinHappy Birthday03/… "}
{"tweet_id":841809533676707840,"created_unixtime":1489538007550,"created_time":"Wed Mar 15 00:33:27 +0000 2017","lang":"en","displayname":"FCSPJoern","time_zone":"Bern","msg":"RT Dansgaming I got really sad today when I realized that the episodes I was watching today of Power Rangers were on TV as a Kid 24 years…"}
{"tweet_id":841809533710266369,"created_unixtime":1489538007558,"created_time":"Wed Mar 15 00:33:27 +0000 2017","lang":"en","displayname":"shinjiswagkari","time_zone":"Atlantic Time (Canada)","msg":"RT lostpanda Happy Pi day https//tco/tMJq9uUeRk"}
{"tweet_id":841809534163267585,"created_unixtime":1489538007666,"created_time":"Wed Mar 15 00:33:27 +0000 2017","lang":"en","displayname":"Johnnaburchell","time_zone":"Quito","msg":"RT yungblkhrt ur too much of a hoe for all dat https//tco/Yub7zHFrGu"}
{"tweet_id":841809533974548482,"created_unixtime":1489538007621,"created_time":"Wed Mar 15 00:33:27 +0000 2017","lang":"en","displayname":"Patpinto1","time_zone":"","msg":"RT Vulnerable its so sad and frustrating when you try your hardest but people still dont find it good enough"}
{"tweet_id":841809533546700800,"created_unixtime":1489538007519,"created_time":"Wed Mar 15 00:33:27 +0000 2017","lang":"en","displayname":"TLock91","time_zone":"","msg":"When the restaurant your at plays SaintMotel you cant help but be happy MyType SaintMotel"}
{"tweet_id":841809534339317762,"created_unixtime":1489538007708,"created_time":"Wed Mar 15 00:33:27 +0000 2017","lang":"en","displayname":"Suzi_Tocci","time_zone":"Azores","msg":"All Parents Happy Because These Cartoons S3x Scene Were Not Broadcasted https//tco/KPrfD6o4em"}
{"tweet_id":841809534549086208,"created_unixtime":1489538007758,"created_time":"Wed Mar 15 00:33:27 +0000 2017","lang":"en","displayname":"misstrues","time_zone":"Pacific Time (US & Canada)","msg":"btogons i love u too n im very excited for ur bday and im happy that u are too "}
{"tweet_id":841809534226173952,"created_unixtime":1489538007681,"created_time":"Wed Mar 15 00:33:27 +0000 2017","lang":"en","displayname":"arselvam3698","time_zone":"","msg":"AjayJos095 birthday happy"}
{"tweet_id":841809534582571008,"created_unixtime":1489538007766,"created_time":"Wed Mar 15 00:33:27 +0000 2017","lang":"en","displayname":"SniperAnalytics","time_zone":"Pacific Time (US & Canada)","msg":"RT ShirzadPQ Are pain or negative emotions ever good for youhttps//tco/pZYUImh48l"}
{"tweet_id":841809534519771136,"created_unixtime":1489538007751,"created_time":"Wed Mar 15 00:33:27 +0000 2017","lang":"en","displayname":"Deliarose20","time_zone":"","msg":"Mrsbieber3600 youre sad"}
{"tweet_id":841809535006269440,"created_unixtime":1489538007867,"created_time":"Wed Mar 15 00:33:27 +0000 2017","lang":"en","displayname":"vecchio_ciao","time_zone":"Tokyo","msg":"RT BullockSteven Happy March 14th to all my number and pie loving friends out there PiDay WhyNuclear NA_YGN https//tco/coZzzK30E2"}
{"tweet_id":841809534767239168,"created_unixtime":1489538007810,"created_time":"Wed Mar 15 00:33:27 +0000 2017","lang":"en","displayname":"laurenspencer00","time_zone":"Central Time (US & Canada)","msg":"RT JustAGirIThing Someone When was the last time u were truly happy Me https//tco/YTSjNOreRU"}
{"tweet_id":841809535144669184,"created_unixtime":1489538007900,"created_time":"Wed Mar 15 00:33:27 +0000 2017","lang":"ja","displayname":"paradaisumax777","time_zone":"","msg":"RT fukasaru1007 🎁Happy🎉Birthday🎂海未ちゃん！誕生日おめでとう♡可愛くて、友達想いでまっすぐ？な海未ちゃんが大好きです♡勧誘も何も出来なくてごめんなさい来年は絶対やるから！文字数が園田海未生誕祭… "}
{"tweet_id":841809535203438593,"created_unixtime":1489538007914,"created_time":"Wed Mar 15 00:33:27 +0000 2017","lang":"en","displayname":"MichaelAngrave","time_zone":"London","msg":"ryanmurrant Awesome game tonight brought back happy memories of the first leg so excited for where were going nextItaly ProperPizza"}
{"tweet_id":841809535836729344,"created_unixtime":1489538008065,"created_time":"Wed Mar 15 00:33:28 +0000 2017","lang":"en","displayname":"not_marissa_gev","time_zone":"","msg":"RT MatPatGT A nerdy math joke for a nerdy holidayHappy Pi Day https//tco/jRxvuScUyn"}
{"tweet_id":841809535258005504,"created_unixtime":1489538007927,"created_time":"Wed Mar 15 00:33:27 +0000 2017","lang":"en","displayname":"MSKISSEZ151","time_zone":"","msg":"Ummm no ive learned alot while being happy afso i dont agree https//tco/kTf2OhQ7wg"}
{"tweet_id":841809535685799937,"created_unixtime":1489538008029,"created_time":"Wed Mar 15 00:33:28 +0000 2017","lang":"en","displayname":"ernesto0","time_zone":"","msg":"RT FreddyAmazin Someone When was the last time u were truly happyMe https//tco/0lG917uPtK"}
{"tweet_id":841809535845183488,"created_unixtime":1489538008067,"created_time":"Wed Mar 15 00:33:28 +0000 2017","lang":"en","displayname":"Yasmeeen_ymb_","time_zone":"","msg":"RT Abdul_mode Yasmeeen_ymb_ Happy birthday 🎂🎊🎈"}
{"tweet_id":841809536126083072,"created_unixtime":1489538008134,"created_time":"Wed Mar 15 00:33:28 +0000 2017","lang":"en","displayname":"FlyGuyJee","time_zone":"Arizona","msg":"RT OLAWUMIII my new goal is to live a happy life with ppl who held my hand in finding that happiness holding grudges is no longer someth…"}
{"tweet_id":841809536021331968,"created_unixtime":1489538008109,"created_time":"Wed Mar 15 00:33:28 +0000 2017","lang":"en","displayname":"karenmcallister","time_zone":"Eastern Time (US & Canada)","msg":"stormiiandnoah Happy Birthday Stormi Hope its been a fun one 🍾🍰🍾"}
{"tweet_id":841809536516276225,"created_unixtime":1489538008227,"created_time":"Wed Mar 15 00:33:28 +0000 2017","lang":"en","displayname":"alexiaearena","time_zone":"","msg":"RT kalarapaige Happy birthday beautiful ❤❣️🎈much love 4 u😚alexiaearena"}
{"tweet_id":841809536495288320,"created_unixtime":1489538008222,"created_time":"Wed Mar 15 00:33:28 +0000 2017","lang":"en","displayname":"Air_St33vo","time_zone":"","msg":"RT carolinepoplin football and basketball make me so happy words cant describe how much i love it"}
{"tweet_id":841809536189095941,"created_unixtime":1489538008149,"created_time":"Wed Mar 15 00:33:28 +0000 2017","lang":"en","displayname":"mason_galvan","time_zone":"","msg":"Thank you love you too Alexis❤ https//tco/AWz9cva1XO"}
{"tweet_id":841809536772063232,"created_unixtime":1489538008288,"created_time":"Wed Mar 15 00:33:28 +0000 2017","lang":"en","displayname":"RogueAnn0320","time_zone":"Pacific Time (US & Canada)","msg":"BTS_BiTS bts_bighit BTS_twt BigHitEnt BTS_jp_official TwitterMusic BTS_Spotify BTS FOR YOU is 1 of my faves Happy its still there😊"}
{"tweet_id":841809537099223040,"created_unixtime":1489538008366,"created_time":"Wed Mar 15 00:33:28 +0000 2017","lang":"en","displayname":"Oscarsalbrnl00","time_zone":"","msg":"I feel so fortunate/happy to give my lovely mother money for her to spend on whatever she wants"}
{"tweet_id":841809537103462400,"created_unixtime":1489538008367,"created_time":"Wed Mar 15 00:33:28 +0000 2017","lang":"en","displayname":"DanJ_Wilkins","time_zone":"","msg":"genuinely havent been this happy for a long time"}
{"tweet_id":841809537417936896,"created_unixtime":1489538008442,"created_time":"Wed Mar 15 00:33:28 +0000 2017","lang":"en","displayname":"matzlovesALDUB","time_zone":"","msg":"RT aim0519 Being happy comes from within😍 HappyWednesbaeEveryJuan🤗ilybibi mainedcm 💛ALDUBxDTBYTugOfHearts https//tco/aZIemeJayo"}
{"tweet_id":841809536868601860,"created_unixtime":1489538008311,"created_time":"Wed Mar 15 00:33:28 +0000 2017","lang":"en","displayname":"datnerdrimbert","time_zone":"Amsterdam","msg":"im happy https//tco/C43Bvl0u9r"}
{"tweet_id":841809538303049728,"created_unixtime":1489538008653,"created_time":"Wed Mar 15 00:33:28 +0000 2017","lang":"en","displayname":"RockyHugMe","time_zone":"Pacific Time (US & Canada)","msg":"rydelR5 Hi queen I wanted to say that in 3 days its my birthday Could you wish me Happy early Birthday Te amo🙈❣ X538"}
{"tweet_id":841809537917169664,"created_unixtime":1489538008561,"created_time":"Wed Mar 15 00:33:28 +0000 2017","lang":"en","displayname":"FH_AlexLynn","time_zone":"Eastern Time (US & Canada)","msg":"Im so happy https//tco/GZj0BO4Lli"}
{"tweet_id":841809538844102656,"created_unixtime":1489538008782,"created_time":"Wed Mar 15 00:33:28 +0000 2017","lang":"en","displayname":"Ritadagoat","time_zone":"Arizona","msg":"the key to a happy life is taking care of YOURSELF 🌸 amp doing what makes you happy 💗"}
{"tweet_id":841809539112566784,"created_unixtime":1489538008846,"created_time":"Wed Mar 15 00:33:28 +0000 2017","lang":"en","displayname":"OU_Fan_in_Ada","time_zone":"","msg":"sgmothermother AP lolwhat a sad existence you must live Im sorry"}
{"tweet_id":841809539368382464,"created_unixtime":1489538008907,"created_time":"Wed Mar 15 00:33:28 +0000 2017","lang":"en","displayname":"Sarah_Dhl","time_zone":"Amsterdam","msg":"RT changes saying im tired when youre actually sad"}
{"tweet_id":841809539326435329,"created_unixtime":1489538008897,"created_time":"Wed Mar 15 00:33:28 +0000 2017","lang":"en","displayname":"X0sara0X","time_zone":"London","msg":"So happy I cant sleep"}
{"tweet_id":841809539431247873,"created_unixtime":1489538008922,"created_time":"Wed Mar 15 00:33:28 +0000 2017","lang":"en","displayname":"pinatubo2000","time_zone":"Pacific Time (US & Canada)","msg":"Am I the only one who heard Sad Trombone in their head after reading this https//tco/tSXTKX7hIF"}
{"tweet_id":841809539942907904,"created_unixtime":1489538009044,"created_time":"Wed Mar 15 00:33:29 +0000 2017","lang":"en","displayname":"potszypot","time_zone":"Beijing","msg":"RT itsMeAiryn25 Sad I wont be able to witness another greatness of Jia on court ng live mamaya 💔 bawi ako next game master juliacmorad…"}
{"tweet_id":841809539540369409,"created_unixtime":1489538008948,"created_time":"Wed Mar 15 00:33:28 +0000 2017","lang":"en","displayname":"NationFirst4me","time_zone":"New Delhi","msg":"RT abhijeetsinger Hearing that ChandaChor ArvindKejriwal replacing PAPPU Sisodia joining SP Kumar Vishwas BSP UPElection2017 htt…"}
{"tweet_id":841809540022730753,"created_unixtime":1489538009063,"created_time":"Wed Mar 15 00:33:29 +0000 2017","lang":"en","displayname":"nightnxgale","time_zone":"Mid-Atlantic","msg":"SherriSaum1 stop ignoring me im getting sad thefosterschat"}
{"tweet_id":841809540081414144,"created_unixtime":1489538009077,"created_time":"Wed Mar 15 00:33:29 +0000 2017","lang":"en","displayname":"suzdavis3","time_zone":"","msg":"RT Inspire_Us Be happy not because everything is good but because you can see the good side of everything optimism"}
{"tweet_id":841809540035289088,"created_unixtime":1489538009066,"created_time":"Wed Mar 15 00:33:29 +0000 2017","lang":"en","displayname":"vino_gauss","time_zone":"Amsterdam","msg":"SKSolaKuti Florieee_ Its so sadin Nigeria it seems like the death of livestock raises more attention than the danger people face"}
{"tweet_id":841809540215656449,"created_unixtime":1489538009109,"created_time":"Wed Mar 15 00:33:29 +0000 2017","lang":"en","displayname":"bethchopin","time_zone":"","msg":"Happy PI Day Cant think of a better way to celebrate… https//tco/mbSondsNtQ"}
{"tweet_id":841809540580433921,"created_unixtime":1489538009196,"created_time":"Wed Mar 15 00:33:29 +0000 2017","lang":"en","displayname":"oneradishpls","time_zone":"Pacific Time (US & Canada)","msg":"sharrkans I USED TO HAVE ONERADISHPLEASE BUT THEN I LET IT GO AND IM SO SAD"}
{"tweet_id":841809540605591552,"created_unixtime":1489538009202,"created_time":"Wed Mar 15 00:33:29 +0000 2017","lang":"in","displayname":"LindaHSN","time_zone":"Kuala Lumpur","msg":"nannaZNN HAPPY BIRTHDAYYYYYYYYYYYYYYYY NANAAAAAAAAAA 🎂🎂🎂🎂🎂🎂🎂🎂🎈🎈🎈🎈🎈🎈🎈 semoga tahun ni dpt rase nasi minyak kau  tahun dpn pon boleh je💃🏼💃🏼"}
{"tweet_id":841809540698017792,"created_unixtime":1489538009224,"created_time":"Wed Mar 15 00:33:29 +0000 2017","lang":"en","displayname":"MKTurna","time_zone":"London","msg":"RT KamSingh_ Happy Birthday MKTurna"}
{"tweet_id":841809540639268864,"created_unixtime":1489538009210,"created_time":"Wed Mar 15 00:33:29 +0000 2017","lang":"en","displayname":"karli_peanut","time_zone":"","msg":"RT SincerelyTumblr So annoying when ppl are like ur always laughin U laugh at everything Its not that funny like OK sorry Im a hap…"}
{"tweet_id":841809541255725056,"created_unixtime":1489538009357,"created_time":"Wed Mar 15 00:33:29 +0000 2017","lang":"in","displayname":"janellabloodsw2","time_zone":"","msg":"Paling sakit hati bila tengok dia happy dengan org lain Tipu kalau cakap kita bahagia tgk dia happy Padahal kita makin menderita Right "}
{"tweet_id":841809540781809664,"created_unixtime":1489538009244,"created_time":"Wed Mar 15 00:33:29 +0000 2017","lang":"ja","displayname":"socialanigirl","time_zone":"London","msg":"RT _Nonmcz_ 💚🐸Happy Birthday🐸💚杏果ちゃん22回目のお誕生日おめでとうございます！！本当に本当に大好きです生まれて来てくれてありがとうございます。。。少し画質悪いけど頑張って作ったので見てくれたら嬉しいです… "}
{"tweet_id":841809541595574272,"created_unixtime":1489538009438,"created_time":"Wed Mar 15 00:33:29 +0000 2017","lang":"en","displayname":"ILustAmbition","time_zone":"Alaska","msg":"RT tammyrich_ The littlest shit makes me so happy I swear"}
{"tweet_id":841809541591375872,"created_unixtime":1489538009437,"created_time":"Wed Mar 15 00:33:29 +0000 2017","lang":"en","displayname":"itsthtgirlkay__","time_zone":"","msg":"RT D_Deji28 Do you guys know why he was killed A girl lied that he raped her and her brother shot him dead https//tco/IWDVDZp3rz"}
{"tweet_id":841809541981327360,"created_unixtime":1489538009530,"created_time":"Wed Mar 15 00:33:29 +0000 2017","lang":"en","displayname":"TheKariiBee","time_zone":"","msg":"been binge watching gbbo on netflix and rubytandoh makes me vvv happy ty for existing"}
{"tweet_id":841809541889159168,"created_unixtime":1489538009508,"created_time":"Wed Mar 15 00:33:29 +0000 2017","lang":"en","displayname":"jayson_patrick1","time_zone":"","msg":"carolineking00 happy birthday Caroline🎉"}
{"tweet_id":841809541885001729,"created_unixtime":1489538009507,"created_time":"Wed Mar 15 00:33:29 +0000 2017","lang":"en","displayname":"andiisabel02","time_zone":"","msg":"kevwilliamson Happy bday🎉you are amazing thanks for giving me the best tv show i have seen in my entire life Dont stop doing what u do❤️"}
{"tweet_id":841809542149242880,"created_unixtime":1489538009570,"created_time":"Wed Mar 15 00:33:29 +0000 2017","lang":"und","displayname":"jaaaygotdajuice","time_zone":"","msg":"😍😍😍😍 https//tco/XXiCBcSeof"}
{"tweet_id":841809542241492993,"created_unixtime":1489538009592,"created_time":"Wed Mar 15 00:33:29 +0000 2017","lang":"en","displayname":"ilovebanco_rl","time_zone":"Pacific Time (US & Canada)","msg":"Lol the Knicks are so trash its sad"}
{"tweet_id":841809542799228929,"created_unixtime":1489538009725,"created_time":"Wed Mar 15 00:33:29 +0000 2017","lang":"en","displayname":"USOCampWalker","time_zone":"","msg":"The Red Cross introduced their newest therapy dog Johnny The soldiers were happy to see him Check out how https//tco/6SHcAY4fVf"}
{"tweet_id":841809543030030340,"created_unixtime":1489538009780,"created_time":"Wed Mar 15 00:33:29 +0000 2017","lang":"en","displayname":"seekr34","time_zone":"Eastern Time (US & Canada)","msg":"Well boss text me an hour and half ago  Said well be closed tomorrow  WOOOO — feeling happy"}
{"tweet_id":841809543336087553,"created_unixtime":1489538009853,"created_time":"Wed Mar 15 00:33:29 +0000 2017","lang":"en","displayname":"imrnsml","time_zone":"Hanoi","msg":"RT aschiuta61 Sungmin Kyuhyun Kyumin 8 years goHappy White DayI love this sweet and genuine KM moment https//tco/dUp7dDKr5o"}
{"tweet_id":841809543273226240,"created_unixtime":1489538009838,"created_time":"Wed Mar 15 00:33:29 +0000 2017","lang":"en","displayname":"Tickle_Me_Dalek","time_zone":"","msg":"RT BarrowmanCrime Because hairy coos always make me smile https//tco/ukfIhmXrLW"}
{"tweet_id":841809543470309376,"created_unixtime":1489538009885,"created_time":"Wed Mar 15 00:33:29 +0000 2017","lang":"en","displayname":"annemarie1","time_zone":"Pacific Time (US & Canada)","msg":"RT kashanacauley Weve all set a world record for how happy anyone can be when thinking about tax returns"}
{"tweet_id":841809543382351872,"created_unixtime":1489538009864,"created_time":"Wed Mar 15 00:33:29 +0000 2017","lang":"en","displayname":"lilliemaej","time_zone":"Amsterdam","msg":"And from this sad news I was stuck in the library and they wouldnt let me out for 40 mins"}
{"tweet_id":841809543239741440,"created_unixtime":1489538009830,"created_time":"Wed Mar 15 00:33:29 +0000 2017","lang":"und","displayname":"cassiealbert00","time_zone":"","msg":"MEE❣️ https//tco/qekxwckua3"}
{"tweet_id":841809543550128129,"created_unixtime":1489538009904,"created_time":"Wed Mar 15 00:33:29 +0000 2017","lang":"en","displayname":"domsrose1","time_zone":"London","msg":"tracey_bourne PazzaperGeorge good Sad though that there are fans still there  at cemetery  they feed this"}
{"tweet_id":841809543847903232,"created_unixtime":1489538009975,"created_time":"Wed Mar 15 00:33:29 +0000 2017","lang":"en","displayname":"gab_cam","time_zone":"Mid-Atlantic","msg":"RT ingsoftworks We are looking for backend engineers https//tco/Ye6WlAU8NTHappy to receive you application from anywhere 🌎 we are a d…"}
{"tweet_id":841809544200257536,"created_unixtime":1489538010059,"created_time":"Wed Mar 15 00:33:30 +0000 2017","lang":"en","displayname":"OwenBrumfield1","time_zone":"","msg":"happy hentai sex games https//tco/GaVrRsu2sC"}
{"tweet_id":841809544317702147,"created_unixtime":1489538010087,"created_time":"Wed Mar 15 00:33:30 +0000 2017","lang":"en","displayname":"myouiminass","time_zone":"Jakarta","msg":"mina is beautiful how do you bias her — she makes me happy https//tco/eC7urrbIBk"}
{"tweet_id":841809544892239873,"created_unixtime":1489538010224,"created_time":"Wed Mar 15 00:33:30 +0000 2017","lang":"en","displayname":"enzocomics","time_zone":"Pacific Time (US & Canada)","msg":"MarshmallowKhan OH NICE I am happy you were able to finally make it to a stream"}
{"tweet_id":841809544502231040,"created_unixtime":1489538010131,"created_time":"Wed Mar 15 00:33:30 +0000 2017","lang":"en","displayname":"naomialexnder21","time_zone":"","msg":"RT hypebeastsports Happy born day to The Chef StephenCurry30 https//tco/933k5z7YzY"}
{"tweet_id":841809544829272064,"created_unixtime":1489538010209,"created_time":"Wed Mar 15 00:33:30 +0000 2017","lang":"en","displayname":"systeph123","time_zone":"","msg":"RT OFCALDubKoTo WE DEFINE OUR SET OF EXPECTATIONS AND OUR STANDARDS TO REACH HAPPINESS WHICH WE ALL CALL CONTENTMENT 😊… "}
{"tweet_id":841809545735376896,"created_unixtime":1489538010425,"created_time":"Wed Mar 15 00:33:30 +0000 2017","lang":"en","displayname":"bIueguitar","time_zone":"Brasilia","msg":"SherriSaum1 a thing about Stef that you love with all your heart thefosterschat THANK U FOR SAYING HI TO MY GIRL SHES SO HAPPY ILY"}
{"tweet_id":841809545936666627,"created_unixtime":1489538010473,"created_time":"Wed Mar 15 00:33:30 +0000 2017","lang":"en","displayname":"mochipanties","time_zone":"","msg":"RT RelatableDR_en Chihiro Fujisaki and Chiaki Nanami share the same birthday and its today Happy birthday https//tco/Mk7y4aYT4O"}
{"tweet_id":841809546070892545,"created_unixtime":1489538010505,"created_time":"Wed Mar 15 00:33:30 +0000 2017","lang":"en","displayname":"BrianneSherlyn","time_zone":"Atlantic Time (Canada)","msg":"i find it disgusting when girls do not have any selfrespect it actually makes me so sad show your worth"}
{"tweet_id":841809546209333249,"created_unixtime":1489538010538,"created_time":"Wed Mar 15 00:33:30 +0000 2017","lang":"en","displayname":"Craigvdw","time_zone":"Eastern Time (US & Canada)","msg":"manofbird Happy Pi Day"}
{"tweet_id":841809546389647360,"created_unixtime":1489538010581,"created_time":"Wed Mar 15 00:33:30 +0000 2017","lang":"en","displayname":"mason_galvan","time_zone":"","msg":"RT AlexisWaterbury happy birthday to my day 1 literally  thanks for being my best friends since we were itty bitty  hope your days as…"}
{"tweet_id":841809546112843779,"created_unixtime":1489538010515,"created_time":"Wed Mar 15 00:33:30 +0000 2017","lang":"en","displayname":"5WhiteCups","time_zone":"Atlantic Time (Canada)","msg":"RT bigmike2178 Same to you bro Im sure well see each other in the future 👨🏻‍🔬🔮 https//tco/43jjQtQSun"}
{"tweet_id":841809546435678208,"created_unixtime":1489538010592,"created_time":"Wed Mar 15 00:33:30 +0000 2017","lang":"en","displayname":"MheannMalicdem","time_zone":"","msg":"RT OFCALDubKoTo WE DEFINE OUR SET OF EXPECTATIONS AND OUR STANDARDS TO REACH HAPPINESS WHICH WE ALL CALL CONTENTMENT 😊… "}
{"tweet_id":841809546217705472,"created_unixtime":1489538010540,"created_time":"Wed Mar 15 00:33:30 +0000 2017","lang":"en","displayname":"NSSports247","time_zone":"Pacific Time (US & Canada)","msg":"RT RTNBA Happy birthday to Steph Curry https//tco/34lJmZyRkx"}
{"tweet_id":841809546976808960,"created_unixtime":1489538010721,"created_time":"Wed Mar 15 00:33:30 +0000 2017","lang":"en","displayname":"kaylaginney","time_zone":"Pacific Time (US & Canada)","msg":"Happy Birthday Fe_tazz i hope your day has been perfect we need to have another crazy girls night 💕✨"}
{"tweet_id":841809546855256064,"created_unixtime":1489538010692,"created_time":"Wed Mar 15 00:33:30 +0000 2017","lang":"en","displayname":"ChrisCook_12","time_zone":"","msg":"Happy bday son quit dodging this gym work 💪🏽 WorldVsDomo"}
{"tweet_id":841809547752693760,"created_unixtime":1489538010906,"created_time":"Wed Mar 15 00:33:30 +0000 2017","lang":"en","displayname":"BeeBeerBanBan17","time_zone":"","msg":"RT dotapplepiedot I almost forgot Happy birthday Coco 🎉💚 idk Jackson brings Coco or other dog 😹 HappyCocoDay https//tco/OqFuGTedwc"}
{"tweet_id":841809547954159620,"created_unixtime":1489538010954,"created_time":"Wed Mar 15 00:33:30 +0000 2017","lang":"en","displayname":"TarekMaggi","time_zone":"","msg":"RT hayasakr124 Its sad how you cant get things off your chest when you really want to"}
{"tweet_id":841809547907981313,"created_unixtime":1489538010943,"created_time":"Wed Mar 15 00:33:30 +0000 2017","lang":"en","displayname":"margs_xx","time_zone":"","msg":"RT AIanHangover I just wanna make you happy because I care and love you"}
{"tweet_id":841809547740217344,"created_unixtime":1489538010903,"created_time":"Wed Mar 15 00:33:30 +0000 2017","lang":"en","displayname":"drnelk","time_zone":"Eastern Time (US & Canada)","msg":"EMC² gt Energy                  Cursing   CrankinessMass of Ice https//tco/8TzUWv2MD0"}
{"tweet_id":841809548054806528,"created_unixtime":1489538010978,"created_time":"Wed Mar 15 00:33:30 +0000 2017","lang":"en","displayname":"clarissaa_4","time_zone":"","msg":"RT Lindsatm Happy birthday you vb amp track star 😘🌟❤️clarissaa_4"}
{"tweet_id":841809548075757568,"created_unixtime":1489538010983,"created_time":"Wed Mar 15 00:33:30 +0000 2017","lang":"en","displayname":"walaa_seria","time_zone":"Baghdad","msg":"RT PoeticalIylost Sometimes the best way to be happy is to learn to let go of things you tried hard to hold on to that are no longer good…"}
{"tweet_id":841809547845095424,"created_unixtime":1489538010928,"created_time":"Wed Mar 15 00:33:30 +0000 2017","lang":"en","displayname":"JaydenConley1","time_zone":"","msg":"happy bday hope it was great 🎉kerrigans14"}
{"tweet_id":841809549178880000,"created_unixtime":1489538011246,"created_time":"Wed Mar 15 00:33:31 +0000 2017","lang":"en","displayname":"ijahluo","time_zone":"Central Time (US & Canada)","msg":"K104FM catdaddy104 happy born day jah bless my brother more life 🙏"}
{"tweet_id":841809549635944448,"created_unixtime":1489538011355,"created_time":"Wed Mar 15 00:33:31 +0000 2017","lang":"en","displayname":"IsmailNarvaez","time_zone":"","msg":"RT ModelDemiFray 🦋 Happy 8th of March 👯 mplstudios Nolleowa6218 hotmodelsxxx 69SexyBeautiful clawhammer36 indexxx1… "}
