{"tweet_id":841809801508184064,"created_unixtime":1489538071406,"created_time":"Wed Mar 15 00:34:31 +0000 2017","lang":"en","displayname":"Cayruro","time_zone":"Madrid","msg":"RT ilovefIowers happy dogs with flowers are the best thing to ever happen to me https//tco/BPD2xOm9XC"}
{"tweet_id":841809801965391872,"created_unixtime":1489538071515,"created_time":"Wed Mar 15 00:34:31 +0000 2017","lang":"en","displayname":"MelviaEric","time_zone":"","msg":"RT jordanknight Its finally here So happy to share our music video for OneMoreNight with you Watch nowl… https//tco/PwuwTyAfv9"}
{"tweet_id":841809801717915648,"created_unixtime":1489538071456,"created_time":"Wed Mar 15 00:34:31 +0000 2017","lang":"pt","displayname":"evelinhmoreira","time_zone":"","msg":"Muito triste por achar q não vai ter happy holi sendo q eu já estava pensando até na roupa"}
{"tweet_id":841809802380496897,"created_unixtime":1489538071614,"created_time":"Wed Mar 15 00:34:31 +0000 2017","lang":"ja","displayname":"MMDStuff","time_zone":"","msg":"RT cowengium 海未ちゃんHappy Birthday！！ 園田海未生誕祭2017 https//tco/BOrvt6LlXf"}
{"tweet_id":841809801726296064,"created_unixtime":1489538071458,"created_time":"Wed Mar 15 00:34:31 +0000 2017","lang":"en","displayname":"Inspire_Ortho","time_zone":"","msg":"Why did the pie go to the dentist Because it needed a filling Ha ha Happy 314159265 DayPiDay BadDentistJoke https//tco/V30Zy3ea90"}
{"tweet_id":841809802539995136,"created_unixtime":1489538071652,"created_time":"Wed Mar 15 00:34:31 +0000 2017","lang":"en","displayname":"taylor_dance14","time_zone":"Atlantic Time (Canada)","msg":"RT BritttDorman Happy birthday taylor_dance14 Miss you 🎂❤️"}
{"tweet_id":841809802682486785,"created_unixtime":1489538071686,"created_time":"Wed Mar 15 00:34:31 +0000 2017","lang":"en","displayname":"itsdenangel","time_zone":"Pacific Time (US & Canada)","msg":"RT dailytxtmsg I hate being alone because then Im alone with my thoughts and I over think and get sad about everything"}
{"tweet_id":841809803215224833,"created_unixtime":1489538071813,"created_time":"Wed Mar 15 00:34:31 +0000 2017","lang":"en","displayname":"rmarler","time_zone":"Mountain Time (US & Canada)","msg":"RT battleriver31 Its 314  Happy Pi Day brsd piday https//tco/XF1lMJeFbC"}
{"tweet_id":841809803966058497,"created_unixtime":1489538071992,"created_time":"Wed Mar 15 00:34:31 +0000 2017","lang":"en","displayname":"synimo_","time_zone":"","msg":"RT FourScore64 Happy PiDayHeres a memorable song from the classic Disney film Family Guy Funny Moments https//tco/6d9eiOaw1g"}
{"tweet_id":841809804033200129,"created_unixtime":1489538072008,"created_time":"Wed Mar 15 00:34:32 +0000 2017","lang":"en","displayname":"priest_tatum","time_zone":"","msg":"RT TheTumblrPosts this just made me so sad 😭 https//tco/DtVltAKPez"}
{"tweet_id":841809804662202369,"created_unixtime":1489538072158,"created_time":"Wed Mar 15 00:34:32 +0000 2017","lang":"en","displayname":"NSakilaAbHjn","time_zone":"","msg":"RT FatyLella Whenever you feel youre sad or alone remember that justinbieber LOVE YOUamp youre watching this video never forge… "}
{"tweet_id":841809803701846017,"created_unixtime":1489538071929,"created_time":"Wed Mar 15 00:34:31 +0000 2017","lang":"en","displayname":"meganfrey12","time_zone":"","msg":"Happy birthday to the baddest bitch ik 🎉🤗 kylaphillipss https//tco/iOc03dpq31"}
{"tweet_id":841809804834279429,"created_unixtime":1489538072199,"created_time":"Wed Mar 15 00:34:32 +0000 2017","lang":"en","displayname":"NLeftFieldToday","time_zone":"","msg":"Alabama got to play this team 4 times this past weekend Thats just sad Oh and they dropped a game to them"}
{"tweet_id":841809804792344576,"created_unixtime":1489538072189,"created_time":"Wed Mar 15 00:34:32 +0000 2017","lang":"en","displayname":"dtimesd","time_zone":"Eastern Time (US & Canada)","msg":"RT KenJennings The Ugly Duckling is my favorite story about how if youre unpopular amp sad you might still turn it around if your look…"}
{"tweet_id":841809804989460481,"created_unixtime":1489538072236,"created_time":"Wed Mar 15 00:34:32 +0000 2017","lang":"en","displayname":"sa_x0","time_zone":"Hawaii","msg":"RT pinksxxo Happy Birthday Lips 😘🎉🎊❤️ sa_x0 https//tco/VkyznRYfVx"}
{"tweet_id":841809805245259776,"created_unixtime":1489538072297,"created_time":"Wed Mar 15 00:34:32 +0000 2017","lang":"in","displayname":"ridwanpramono","time_zone":"Pacific Time (US & Canada)","msg":"Happy bday bebbb panjang umur sehat slalu sukses slaluuu amiiiinn 👏👏🎉🎁🎊🎀🎁🎉🎊🎀🎁 with Rini"}
{"tweet_id":841809805442338816,"created_unixtime":1489538072344,"created_time":"Wed Mar 15 00:34:32 +0000 2017","lang":"in","displayname":"afyqahazman97","time_zone":"","msg":"Happy bornday syu😍😘😘😚😚smoga kau sntiasa jd kawan aku smpai bila2🎁🎈🎂🎉🎊💖muahkit"}
{"tweet_id":841809805652107265,"created_unixtime":1489538072394,"created_time":"Wed Mar 15 00:34:32 +0000 2017","lang":"ja","displayname":"promineco","time_zone":"Irkutsk","msg":"げんこう→はーお姉さんすき→こんなお姉さん最高じゃん→でも待てこれはわたしの理想を押し付けてるだけでは？→まず一言しか話してない→お姉さんすき→〜Happy End〜→振り出しに戻る を一時間おきくらいに繰り返してる"}
{"tweet_id":841809804897193984,"created_unixtime":1489538072214,"created_time":"Wed Mar 15 00:34:32 +0000 2017","lang":"en","displayname":"dFINEGr8neZZ_Me","time_zone":"Mountain Time (US & Canada)","msg":"RT RJ__C Thank you Ma 😘 https//tco/ph7i11kdgh"}
{"tweet_id":841809805736058880,"created_unixtime":1489538072414,"created_time":"Wed Mar 15 00:34:32 +0000 2017","lang":"und","displayname":"Ursula1260","time_zone":"","msg":"lingerie_addict Racked sad"}
{"tweet_id":841809805559885825,"created_unixtime":1489538072372,"created_time":"Wed Mar 15 00:34:32 +0000 2017","lang":"en","displayname":"_Regann_","time_zone":"","msg":"happy bday 💗🎉 bryce_knapp"}
{"tweet_id":841809806188994560,"created_unixtime":1489538072522,"created_time":"Wed Mar 15 00:34:32 +0000 2017","lang":"en","displayname":"BruceBulacan","time_zone":"","msg":"RT Friendstagram There are so many things can make you happy Dont focus too much on things that make you sad"}
{"tweet_id":841809806751019009,"created_unixtime":1489538072656,"created_time":"Wed Mar 15 00:34:32 +0000 2017","lang":"en","displayname":"ladyluust","time_zone":"","msg":"RT JadinePublicist Happy 3rd Year Anniversary JaDines Stay Strong 2014 • 2015 • 2016 • 2017 Salamat Ive learned a lot 😘LetOurPu…"}
{"tweet_id":841809806902013952,"created_unixtime":1489538072692,"created_time":"Wed Mar 15 00:34:32 +0000 2017","lang":"en","displayname":"DeluxxxeOne","time_zone":"","msg":"RT TeaPartyOne1 Obummer was Wire Tapping MarkZuckerberg to Sad Nasty SICK MAN ImpeachObamaNOW https//tco/WnbkPYBNxd"}
{"tweet_id":841809806767857665,"created_unixtime":1489538072660,"created_time":"Wed Mar 15 00:34:32 +0000 2017","lang":"en","displayname":"cecillyy","time_zone":"Atlantic Time (Canada)","msg":"GabbiViggiano omg congrats beautiful u deserve it 😊😊😊 so happy for u"}
{"tweet_id":841809807032086528,"created_unixtime":1489538072723,"created_time":"Wed Mar 15 00:34:32 +0000 2017","lang":"en","displayname":"whitsldn","time_zone":"Casablanca","msg":"RT _imnotyourmate Black girls with white bfs look so happy"}
{"tweet_id":841809807627681793,"created_unixtime":1489538072865,"created_time":"Wed Mar 15 00:34:32 +0000 2017","lang":"en","displayname":"roadkillguts","time_zone":"Atlantic Time (Canada)","msg":"RT unbibs its 3/14 happy Pi π 314159265359 day https//tco/QSMtQI9mXJ"}
{"tweet_id":841809807329902592,"created_unixtime":1489538072794,"created_time":"Wed Mar 15 00:34:32 +0000 2017","lang":"en","displayname":"anythingforcrys","time_zone":"Eastern Time (US & Canada)","msg":"RT D_Deji28 Do you guys know why he was killed A girl lied that he raped her and her brother shot him dead https//tco/IWDVDZp3rz"}
{"tweet_id":841809808042913792,"created_unixtime":1489538072964,"created_time":"Wed Mar 15 00:34:32 +0000 2017","lang":"en","displayname":"brandonohara56","time_zone":"","msg":"RT NDDECA Thank YOU ND DECA for an awesome 201617 year Congrats to everyone who competed at state and a happy farewell to… "}
{"tweet_id":841809808047104000,"created_unixtime":1489538072965,"created_time":"Wed Mar 15 00:34:32 +0000 2017","lang":"en","displayname":"nuevopionero","time_zone":"Mid-Atlantic","msg":"RT CUTEST_ANlMALS this makes me so happy  https//tco/4ebwUxo9Hg"}
{"tweet_id":841809808684597248,"created_unixtime":1489538073117,"created_time":"Wed Mar 15 00:34:33 +0000 2017","lang":"en","displayname":"toothskin","time_zone":"Singapore","msg":"RT donhertzfeldt i appreciate this but i am closing the drapes now and you need to leave the backyard https//tco/SViUuMuIvg"}
{"tweet_id":841809808747515904,"created_unixtime":1489538073132,"created_time":"Wed Mar 15 00:34:33 +0000 2017","lang":"en","displayname":"Maxene_aroha","time_zone":"Pacific Time (US & Canada)","msg":"RT fantagiogroup [아스트로] 20170315 HAPPY BIRTHDAY JINJIN♥https//tco/V5gCN4Og73ASTRO JINJIN 진진 HAPPYJINJINDAY💕 https//tco/wheN9y…"}
{"tweet_id":841809808491712512,"created_unixtime":1489538073071,"created_time":"Wed Mar 15 00:34:33 +0000 2017","lang":"en","displayname":"KimmieCarrera","time_zone":"","msg":"RT TheNotoriousMMA Happy Wednesday to all my fans I love you all ❤️ https//tco/78G05c5VUi"}
{"tweet_id":841809808667889666,"created_unixtime":1489538073113,"created_time":"Wed Mar 15 00:34:33 +0000 2017","lang":"en","displayname":"CherishFlan8","time_zone":"","msg":"ucpschat A5 Continue to be happy and friendly in car rider  You never know if youre the 1st or last to give them a smile UCPSChat"}
{"tweet_id":841809808764358657,"created_unixtime":1489538073136,"created_time":"Wed Mar 15 00:34:33 +0000 2017","lang":"en","displayname":"kamryn_milroy","time_zone":"Central Time (US & Canada)","msg":"idc my friends deserve the world and id do anything to make them happy"}
{"tweet_id":841809808948899840,"created_unixtime":1489538073180,"created_time":"Wed Mar 15 00:34:33 +0000 2017","lang":"en","displayname":"jeanakayalways","time_zone":"","msg":"RT ClimateReality The Earths circumference is 24901 beautiful miles Dont forget there is no Planet B Happy PiDay https//tco/HM6r…"}
{"tweet_id":841809809011818500,"created_unixtime":1489538073195,"created_time":"Wed Mar 15 00:34:33 +0000 2017","lang":"en","displayname":"jlev41","time_zone":"Eastern Time (US & Canada)","msg":"Sad we live in a time when a page of the Presidents tax returns from 12 years ago becomes breaking news We should know everything"}
{"tweet_id":841809807870984193,"created_unixtime":1489538072923,"created_time":"Wed Mar 15 00:34:32 +0000 2017","lang":"en","displayname":"Joanie_Nowak","time_zone":"Atlantic Time (Canada)","msg":"Love this photo Thank you so much Cant wait til we see each other again https//tco/GYslpEskNS"}
{"tweet_id":841809809171075072,"created_unixtime":1489538073233,"created_time":"Wed Mar 15 00:34:33 +0000 2017","lang":"ja","displayname":"Menas_ib","time_zone":"Pacific Time (US & Canada)","msg":"KickTyan おめでとうございますHappy♪︎ﾉ"}
{"tweet_id":841809808697262084,"created_unixtime":1489538073120,"created_time":"Wed Mar 15 00:34:33 +0000 2017","lang":"en","displayname":"TopShelfContent","time_zone":"","msg":"Our very own Ava is now streaming some Early Content live Be sure to check it outhttps//tco/qvsrXfi0ZB https//tco/2OZdWGEN1x"}
{"tweet_id":841809809003421696,"created_unixtime":1489538073193,"created_time":"Wed Mar 15 00:34:33 +0000 2017","lang":"en","displayname":"Mikey_T_Teresi","time_zone":"","msg":"NotTheRealEspy ABC7Chicago so sad"}
{"tweet_id":841809809225744384,"created_unixtime":1489538073246,"created_time":"Wed Mar 15 00:34:33 +0000 2017","lang":"en","displayname":"thxsissam","time_zone":"Amsterdam","msg":"So happy to see so many awareness campaigns of male suicide at the moment cant express how important it is for boys to talk to each other"}
{"tweet_id":841809808739168258,"created_unixtime":1489538073130,"created_time":"Wed Mar 15 00:34:33 +0000 2017","lang":"en","displayname":"KingggHattiee_","time_zone":"","msg":"RT D_Deji28 Do you guys know why he was killed A girl lied that he raped her and her brother shot him dead https//tco/IWDVDZp3rz"}
{"tweet_id":841809809636765696,"created_unixtime":1489538073344,"created_time":"Wed Mar 15 00:34:33 +0000 2017","lang":"en","displayname":"Seizthemoment","time_zone":"Eastern Time (US & Canada)","msg":"RT bigbadnickwolf Happy Pi Day https//tco/2ZyQlolPc5"}
{"tweet_id":841809809498337280,"created_unixtime":1489538073311,"created_time":"Wed Mar 15 00:34:33 +0000 2017","lang":"en","displayname":"TejpreetSingh29","time_zone":"","msg":"Happy Birthday aamir_khan SirGBu May your all dreams come true amp enjoy your great year coming ahead"}
{"tweet_id":841809810089693185,"created_unixtime":1489538073452,"created_time":"Wed Mar 15 00:34:33 +0000 2017","lang":"en","displayname":"liseve91","time_zone":"","msg":"ColinJost could you wish my best friend AlonaDanger a very happy birthday"}
{"tweet_id":841809810282668032,"created_unixtime":1489538073498,"created_time":"Wed Mar 15 00:34:33 +0000 2017","lang":"es","displayname":"AmorOfRubiuh","time_zone":"Santiago","msg":"me va mal el directo de mangel que sad"}
{"tweet_id":841809810551128065,"created_unixtime":1489538073562,"created_time":"Wed Mar 15 00:34:33 +0000 2017","lang":"en","displayname":"BlackEyeMonkey","time_zone":"","msg":"Kylie Jenner Had A Halloween Party And Everyone Looks Really BoringThats Sad  https//tco/neFiE1PARH"}
{"tweet_id":841809810588872709,"created_unixtime":1489538073571,"created_time":"Wed Mar 15 00:34:33 +0000 2017","lang":"en","displayname":"slimmyjimmy855","time_zone":"","msg":"RT SalVulcano Fake media outlets wanted us to believe this blizzard would be huge Sad"}
{"tweet_id":841809810853109760,"created_unixtime":1489538073634,"created_time":"Wed Mar 15 00:34:33 +0000 2017","lang":"en","displayname":"brriimariee","time_zone":"Central Time (US & Canada)","msg":"RT en_jajaja Im not depressed if I pretend Im happy https//tco/fbBMFqc5rV"}
{"tweet_id":841809811087986689,"created_unixtime":1489538073690,"created_time":"Wed Mar 15 00:34:33 +0000 2017","lang":"en","displayname":"SLarouxWrites","time_zone":"","msg":"I have garbage gacha luck in SIF but godlike luck in FEH Sad times"}
{"tweet_id":841809810907631618,"created_unixtime":1489538073647,"created_time":"Wed Mar 15 00:34:33 +0000 2017","lang":"en","displayname":"_TheyHateNai","time_zone":"Central Time (US & Canada)","msg":"Happy with a side of petty brewing  https//tco/doIPvgqWSN"}
{"tweet_id":841809811209633793,"created_unixtime":1489538073719,"created_time":"Wed Mar 15 00:34:33 +0000 2017","lang":"en","displayname":"ljsantos_6","time_zone":"","msg":"_callmejos all your friends Dominican  you sad asl we cracking ya tonight"}
{"tweet_id":841809811465478144,"created_unixtime":1489538073780,"created_time":"Wed Mar 15 00:34:33 +0000 2017","lang":"en","displayname":"KeepABadBitchh","time_zone":"Alaska","msg":"Son Im so fucking happy right now"}
{"tweet_id":841809811687763968,"created_unixtime":1489538073833,"created_time":"Wed Mar 15 00:34:33 +0000 2017","lang":"en","displayname":"rhondaathompson","time_zone":"","msg":"RT WayneDupreeShow THIS WAS SAD Cuomo Just Lost It Just Because Fergusons Michael Brown Sold Drugs Doesnt Make Him A Drug Dealer ht…"}
{"tweet_id":841809812065259522,"created_unixtime":1489538073923,"created_time":"Wed Mar 15 00:34:33 +0000 2017","lang":"en","displayname":"kevdoyle91","time_zone":"","msg":"RT SerenaWinters Ivica Zubac after loss All the young guys are playing we should all be happy to be on the courtWe should be a… "}
{"tweet_id":841809812266586112,"created_unixtime":1489538073971,"created_time":"Wed Mar 15 00:34:33 +0000 2017","lang":"en","displayname":"Reelizay","time_zone":"","msg":"RT tammyrich_ The littlest shit makes me so happy I swear"}
{"tweet_id":841809810811117568,"created_unixtime":1489538073624,"created_time":"Wed Mar 15 00:34:33 +0000 2017","lang":"en","displayname":"CKKingdomOFC","time_zone":"","msg":"Happy 1st Monthsary CKKingdom More months and years to come Stay strong Kapit lang para kay King… https//tco/rjt3gfKfKa"}
{"tweet_id":841809812514066434,"created_unixtime":1489538074030,"created_time":"Wed Mar 15 00:34:34 +0000 2017","lang":"en","displayname":"samolivarez_","time_zone":"Pacific Time (US & Canada)","msg":"literally so happy be done with my late class next tuesday😍😍"}
{"tweet_id":841809812727955456,"created_unixtime":1489538074081,"created_time":"Wed Mar 15 00:34:34 +0000 2017","lang":"en","displayname":"sabamohammed77","time_zone":"","msg":"RT Numerology2016 YOU CAN BE HAPPY RIGHT NOW  Happiness is a personal choice and not the product of anything external"}
{"tweet_id":841809812711170049,"created_unixtime":1489538074077,"created_time":"Wed Mar 15 00:34:34 +0000 2017","lang":"en","displayname":"HartTrevon","time_zone":"","msg":"Happy birthday bro✊🎉 HaineyMason"}
{"tweet_id":841809812337905665,"created_unixtime":1489538073988,"created_time":"Wed Mar 15 00:34:33 +0000 2017","lang":"en","displayname":"Mt293Man","time_zone":"Eastern Time (US & Canada)","msg":"RT HTC_Sasha Happy Sunday 💜❤️🙃 https//tco/KLfXepUtNd"}
{"tweet_id":841809812979621891,"created_unixtime":1489538074141,"created_time":"Wed Mar 15 00:34:34 +0000 2017","lang":"en","displayname":"nicoletteorlann","time_zone":"","msg":"RT ohteenquotes Spend life with who makes you happy not with who you have to impress"}
{"tweet_id":841809812895674368,"created_unixtime":1489538074121,"created_time":"Wed Mar 15 00:34:34 +0000 2017","lang":"tl","displayname":"LandichoVangie","time_zone":"","msg":"RT MaichardManila kayo na kayo na talaga ang HAPPY BANANAS 😂😂😂  pati saging destiny rin 😂😂🍌🍌🍌🍌aldenrichards02 mainedcm… "}
{"tweet_id":841809812572782592,"created_unixtime":1489538074044,"created_time":"Wed Mar 15 00:34:34 +0000 2017","lang":"en","displayname":"DevikaThorat","time_zone":"","msg":"ksprashant IDeaS_TechCen mallika_james hmmm sad I missed itmaybe next year"}
{"tweet_id":841809813222916098,"created_unixtime":1489538074199,"created_time":"Wed Mar 15 00:34:34 +0000 2017","lang":"en","displayname":"itsmemariecon","time_zone":"Hawaii","msg":"RT MayWardDVO_Thai Trust yourself Create the kind of self that you will be happy to live with all your lifeMBMayWard"}
{"tweet_id":841809813013204993,"created_unixtime":1489538074149,"created_time":"Wed Mar 15 00:34:34 +0000 2017","lang":"en","displayname":"amandabcanfield","time_zone":"","msg":"RT CanGeriSoc Happy Delirium Day to you too https//tco/o4K6bZkwkB"}
{"tweet_id":841809813193543680,"created_unixtime":1489538074192,"created_time":"Wed Mar 15 00:34:34 +0000 2017","lang":"en","displayname":"neongreenhippy","time_zone":"Quito","msg":"RT DannyJohnJules They are running out of excuses to discriminate  Well ok  his hair  Its his hair thats what it is… "}
{"tweet_id":841809813168369664,"created_unixtime":1489538074186,"created_time":"Wed Mar 15 00:34:34 +0000 2017","lang":"en","displayname":"baezayncute","time_zone":"Paris","msg":"RT Harry_Styles 94SUNSHINEHS Happy Birthday Have a lovely day x"}
{"tweet_id":841809812484681728,"created_unixtime":1489538074023,"created_time":"Wed Mar 15 00:34:34 +0000 2017","lang":"en","displayname":"EvandaHockey","time_zone":"","msg":"RT UWBadgers Ron Dayyyyyyyyyyne 🏈🎂🙌 https//tco/xL8IfCPLol"}
{"tweet_id":841809813537492992,"created_unixtime":1489538074274,"created_time":"Wed Mar 15 00:34:34 +0000 2017","lang":"en","displayname":"KaanCobanUs","time_zone":"Kyiv","msg":"Kylie Jenner Had A Halloween Party And Everyone Looks Really BoringThats Sad  https//tco/DNu4ZaTXDf"}
{"tweet_id":841809813487116288,"created_unixtime":1489538074262,"created_time":"Wed Mar 15 00:34:34 +0000 2017","lang":"en","displayname":"BrianKemmett","time_zone":"","msg":"jayharrington3 my pleasure JH Big fan Happy for you"}
{"tweet_id":841809813998841856,"created_unixtime":1489538074384,"created_time":"Wed Mar 15 00:34:34 +0000 2017","lang":"en","displayname":"thesiggs_","time_zone":"Central Time (US & Canada)","msg":"RT PeachMeadows only miserable people are bullys amp thats a fact no one who is happy ever has the urge to bring others down remember t…"}
{"tweet_id":841809814170685441,"created_unixtime":1489538074425,"created_time":"Wed Mar 15 00:34:34 +0000 2017","lang":"en","displayname":"WrightGreg82","time_zone":"","msg":"Happy birthday mi amor😘😊 kaymack00"}
{"tweet_id":841809812786671616,"created_unixtime":1489538074095,"created_time":"Wed Mar 15 00:34:34 +0000 2017","lang":"en","displayname":"Liasbeautylife","time_zone":"","msg":"xofaithwattsxo hey love i see ur following beth itd make me very happy if u took a moment amp checked my new video💗https//tco/sKZBdlvRDe"}
{"tweet_id":841809814422487045,"created_unixtime":1489538074485,"created_time":"Wed Mar 15 00:34:34 +0000 2017","lang":"en","displayname":"tiffany_liii","time_zone":"Eastern Time (US & Canada)","msg":"thank u girlyy https//tco/n1pVf8ZhOn"}
{"tweet_id":841809814200041472,"created_unixtime":1489538074432,"created_time":"Wed Mar 15 00:34:34 +0000 2017","lang":"en","displayname":"matetzkie05","time_zone":"","msg":"RT JaDinexWolves HAPPY 3RD ANNIVERSARY BEST FANS IN THE WORLD 💜 LetOurPurpleHeartsShineAt3 https//tco/9gL71MXt3x"}
{"tweet_id":841809814325989376,"created_unixtime":1489538074462,"created_time":"Wed Mar 15 00:34:34 +0000 2017","lang":"en","displayname":"datnerdrimbert","time_zone":"Amsterdam","msg":"tell all of them to be happy lol https//tco/7yMUkDfQAI"}
{"tweet_id":841809814833381376,"created_unixtime":1489538074583,"created_time":"Wed Mar 15 00:34:34 +0000 2017","lang":"en","displayname":"hashtagclimate","time_zone":"Pacific Time (US & Canada)","msg":"RT apartovi This is huge Legendary reidhoffman just did the NoroozChallenge LiveTogether with hadip and challenged other t… "}
{"tweet_id":841809814997082112,"created_unixtime":1489538074622,"created_time":"Wed Mar 15 00:34:34 +0000 2017","lang":"en","displayname":"AubreyYoung_","time_zone":"Brasilia","msg":"All Parents Happy Because These Cartoons S3x Scene Were Not Broadcasted https//tco/t30BQqplLF"}
{"tweet_id":841809815588421633,"created_unixtime":1489538074763,"created_time":"Wed Mar 15 00:34:34 +0000 2017","lang":"en","displayname":"CariruChan_","time_zone":"Pacific Time (US & Canada)","msg":"RT AngelikaJoooy Happy birthday kaye 🎉CariruChan_"}
{"tweet_id":841809815378755584,"created_unixtime":1489538074713,"created_time":"Wed Mar 15 00:34:34 +0000 2017","lang":"en","displayname":"KnowYourLeak17","time_zone":"","msg":"Bachelor Nick Viall’s Journey To A Happy Ending With Vanessa Grimaldi  P pls RT↺❤️ ️️ https//tco/jDy7qOIkmn pe"}
{"tweet_id":841809815378755585,"created_unixtime":1489538074713,"created_time":"Wed Mar 15 00:34:34 +0000 2017","lang":"en","displayname":"Partitionbaby","time_zone":"Central Time (US & Canada)","msg":"RT D_Deji28 Do you guys know why he was killed A girl lied that he raped her and her brother shot him dead https//tco/IWDVDZp3rz"}
{"tweet_id":841809815395536897,"created_unixtime":1489538074717,"created_time":"Wed Mar 15 00:34:34 +0000 2017","lang":"en","displayname":"kunovski","time_zone":"","msg":"BQQuinn Happy Bday my fellow Pisces Nothing wrong with being in 40s and living alone🎉Ill buy u a beer next time ur in ScottsdaleAZ🍺"}
{"tweet_id":841809816255254528,"created_unixtime":1489538074922,"created_time":"Wed Mar 15 00:34:34 +0000 2017","lang":"en","displayname":"DaRayofLight","time_zone":"","msg":"RT MahailaMcKellar Happy Pi Day 🌸😊🌸 Intentional Tuesdays 🌸😊🌸 Meditation WellnessThroughAwareness https//tco/imOb3yoKn7"}
{"tweet_id":841809816075042816,"created_unixtime":1489538074879,"created_time":"Wed Mar 15 00:34:34 +0000 2017","lang":"en","displayname":"vwilbanks96","time_zone":"","msg":"RT BillNye Happy 314 Day peoples"}
{"tweet_id":841809816003739648,"created_unixtime":1489538074862,"created_time":"Wed Mar 15 00:34:34 +0000 2017","lang":"en","displayname":"OriginalTnasty_","time_zone":"Alaska","msg":"Happy birthday bro 😇😎YoungFloat"}
{"tweet_id":841809816360218624,"created_unixtime":1489538074947,"created_time":"Wed Mar 15 00:34:34 +0000 2017","lang":"en","displayname":"callmecamm","time_zone":"Quito","msg":"So fucking sad 😪"}
{"tweet_id":841809816456691713,"created_unixtime":1489538074970,"created_time":"Wed Mar 15 00:34:34 +0000 2017","lang":"en","displayname":"J_Bowers94","time_zone":"","msg":"Happy birthday Val valthebeast"}
{"tweet_id":841809815928225792,"created_unixtime":1489538074844,"created_time":"Wed Mar 15 00:34:34 +0000 2017","lang":"en","displayname":"zapsjauregui_","time_zone":"","msg":"RT themikeinator Happy Pi day"}
{"tweet_id":841809816616079360,"created_unixtime":1489538075008,"created_time":"Wed Mar 15 00:34:35 +0000 2017","lang":"en","displayname":"SMManohar9","time_zone":"","msg":"Mahatria Happy morning"}
{"tweet_id":841809816498630656,"created_unixtime":1489538074980,"created_time":"Wed Mar 15 00:34:34 +0000 2017","lang":"und","displayname":"sea_isle_steve","time_zone":"Pacific Time (US & Canada)","msg":"emmalu55 https//tco/b64AfHpLoO"}
{"tweet_id":841809817115140096,"created_unixtime":1489538075127,"created_time":"Wed Mar 15 00:34:35 +0000 2017","lang":"en","displayname":"ellamdw","time_zone":"Pacific Time (US & Canada)","msg":"RT dmtroll Without this guy we wont have little happy moments in the latest episodes of Defendant https//tco/Fkv4lRlNjQ"}
{"tweet_id":841809817203273728,"created_unixtime":1489538075148,"created_time":"Wed Mar 15 00:34:35 +0000 2017","lang":"en","displayname":"darronbatton","time_zone":"Eastern Time (US & Canada)","msg":"Avis President member Not happy with/ RDU location A year of weekly rentals from rdu w/ stellar support the past 3 have not been so good"}
{"tweet_id":841809817610121220,"created_unixtime":1489538075245,"created_time":"Wed Mar 15 00:34:35 +0000 2017","lang":"en","displayname":"April14977","time_zone":"Pacific Time (US & Canada)","msg":"Dont let a girl sleep mad or sad"}
{"tweet_id":841809817064886273,"created_unixtime":1489538075115,"created_time":"Wed Mar 15 00:34:35 +0000 2017","lang":"en","displayname":"mhog_","time_zone":"","msg":"HAPPY BIRTHDAY 👏🏾🔞 https//tco/lbz2Q8MSfM"}
{"tweet_id":841809817543028737,"created_unixtime":1489538075229,"created_time":"Wed Mar 15 00:34:35 +0000 2017","lang":"en","displayname":"jieeuns","time_zone":"Pacific Time (US & Canada)","msg":"jieun is so beautiful and i cant wait for her so cute i cant believe shes so happy she loves it too so many peop… https//tco/sRAyRaLBRk"}
{"tweet_id":841809818172162048,"created_unixtime":1489538075379,"created_time":"Wed Mar 15 00:34:35 +0000 2017","lang":"en","displayname":"alyssa_kneeland","time_zone":"","msg":"RT soIute sometimes the best way to be happy is to learn to let go of things you tried hard to hold on to that are no longer good for you"}
{"tweet_id":841809818402848769,"created_unixtime":1489538075434,"created_time":"Wed Mar 15 00:34:35 +0000 2017","lang":"en","displayname":"jeremy_billett","time_zone":"Quito","msg":"RT MyyKeeBee happy birthday big guy StephenCurry30 https//tco/Ncwbl3Iavg"}
{"tweet_id":841809818478354433,"created_unixtime":1489538075452,"created_time":"Wed Mar 15 00:34:35 +0000 2017","lang":"en","displayname":"_Cimeries","time_zone":"Eastern Time (US & Canada)","msg":"cheesefriiees happy birthday from Colin maze and i"}
{"tweet_id":841809819048722432,"created_unixtime":1489538075588,"created_time":"Wed Mar 15 00:34:35 +0000 2017","lang":"en","displayname":"boyboyforfun4","time_zone":"","msg":"RT Tapegaggedasia1 So sad to live Tokyo I dont want Many sexy guys in Japan  https//tco/z6I7Fad9wL"}
{"tweet_id":841809818654498817,"created_unixtime":1489538075494,"created_time":"Wed Mar 15 00:34:35 +0000 2017","lang":"en","displayname":"brunnoaz","time_zone":"Brasilia","msg":"RT CUTEST_ANlMALS this makes me so happy  https//tco/4ebwUxo9Hg"}
{"tweet_id":841809819342364672,"created_unixtime":1489538075658,"created_time":"Wed Mar 15 00:34:35 +0000 2017","lang":"en","displayname":"bitchykoala","time_zone":"Pacific Time (US & Canada)","msg":"RT hidden saying im tired when youre actually sad"}
{"tweet_id":841809817375195136,"created_unixtime":1489538075189,"created_time":"Wed Mar 15 00:34:35 +0000 2017","lang":"en","displayname":"DatNise","time_zone":"","msg":"senoritadanie happy birthday ate pam https//tco/eJtwTHk5Km"}
{"tweet_id":841809818964897794,"created_unixtime":1489538075568,"created_time":"Wed Mar 15 00:34:35 +0000 2017","lang":"en","displayname":"localtourkey","time_zone":"Pacific Time (US & Canada)","msg":"Kylie Jenner Had A Halloween Party And Everyone Looks Really BoringThats Sad  https//tco/hnZLoFGosm"}
{"tweet_id":841809819757641728,"created_unixtime":1489538075757,"created_time":"Wed Mar 15 00:34:35 +0000 2017","lang":"en","displayname":"TheSoccerUK","time_zone":"","msg":"RT TFS_StokeCity  Happy Birthday to the Welsh Pirlo FAWales international Joe Allen turns 27 today SCFC… https//tco/dVR64AHciL"}
{"tweet_id":841809819736653825,"created_unixtime":1489538075752,"created_time":"Wed Mar 15 00:34:35 +0000 2017","lang":"en","displayname":"ChrisVillareal1","time_zone":"Pacific Time (US & Canada)","msg":"I wish her a HBD to vspink angel rachel_hil Happy Birthday Rachael 😘 https//tco/e34lcgp6Cq"}
{"tweet_id":841809819719897088,"created_unixtime":1489538075748,"created_time":"Wed Mar 15 00:34:35 +0000 2017","lang":"en","displayname":"kr00ll","time_zone":"Eastern Time (US & Canada)","msg":"RT D_Deji28 Do you guys know why he was killed A girl lied that he raped her and her brother shot him dead https//tco/IWDVDZp3rz"}
{"tweet_id":841809820084711424,"created_unixtime":1489538075835,"created_time":"Wed Mar 15 00:34:35 +0000 2017","lang":"en","displayname":"alexandrea876","time_zone":"","msg":"RT CoultNicholas HAPPY 314DAY SAINT LOUIS MO https//tco/Ogiyf1MJ01"}
{"tweet_id":841809820025999361,"created_unixtime":1489538075821,"created_time":"Wed Mar 15 00:34:35 +0000 2017","lang":"en","displayname":"milysuhh","time_zone":"Alaska","msg":"RT kanyefeeI its sad to see a good person change"}
{"tweet_id":841809820629970944,"created_unixtime":1489538075965,"created_time":"Wed Mar 15 00:34:35 +0000 2017","lang":"es","displayname":"ariida","time_zone":"Eastern Time (US & Canada)","msg":"Nada más sad que estar comiendo mi lechuga tranquilamente y de repente escuchar a un tipo en otra mesa hablar pura pendejada a todo volumen🙄"}
{"tweet_id":841809820588101632,"created_unixtime":1489538075955,"created_time":"Wed Mar 15 00:34:35 +0000 2017","lang":"en","displayname":"Csosa_7","time_zone":"","msg":"RT richthekid Focus on what makes you happy"}
{"tweet_id":841809820705406976,"created_unixtime":1489538075983,"created_time":"Wed Mar 15 00:34:35 +0000 2017","lang":"en","displayname":"catherine32123","time_zone":"Pacific Time (US & Canada)","msg":"Happy birthday to my wonderful and amazing tita  😘😘"}
{"tweet_id":841809820013465600,"created_unixtime":1489538075818,"created_time":"Wed Mar 15 00:34:35 +0000 2017","lang":"en","displayname":"AndreaC57160768","time_zone":"","msg":"Hay find new girl and be happy  https//tco/d2nAbqU9ty https//tco/bgkhd8hqY8"}
{"tweet_id":841809820915130368,"created_unixtime":1489538076033,"created_time":"Wed Mar 15 00:34:36 +0000 2017","lang":"en","displayname":"guadalupe24_r","time_zone":"","msg":"RT Simone_Biles Thanks G  😊 hope to see you soon https//tco/SfrxVat51X"}
{"tweet_id":841809821313642496,"created_unixtime":1489538076128,"created_time":"Wed Mar 15 00:34:36 +0000 2017","lang":"en","displayname":"CHlM2X","time_zone":"Seoul","msg":"RT JikookLove They enjoying this too much make me so damn happy~ https//tco/7YpSbd4aTF"}
{"tweet_id":841809821154320384,"created_unixtime":1489538076090,"created_time":"Wed Mar 15 00:34:36 +0000 2017","lang":"en","displayname":"alayna284","time_zone":"Eastern Time (US & Canada)","msg":"thanks girllyy❤️ https//tco/edvA2C9CLz"}
{"tweet_id":841809821385007104,"created_unixtime":1489538076145,"created_time":"Wed Mar 15 00:34:36 +0000 2017","lang":"en","displayname":"TOKYOP0P","time_zone":"Eastern Time (US & Canada)","msg":"ASAPicon babyblueballer HomieNlovertype AlrightJodyDamn DT2K15 if her album sell 600k amp 1m ww Id be happy long as her singles sell"}
{"tweet_id":841809820516773888,"created_unixtime":1489538075938,"created_time":"Wed Mar 15 00:34:35 +0000 2017","lang":"en","displayname":"keithChatterBot","time_zone":"","msg":"Current PiDay approximation of pi is 314128720498 after 19875000 trialsHappy Pi Day https//tco/85l9KAjTa9"}
{"tweet_id":841809821464694785,"created_unixtime":1489538076164,"created_time":"Wed Mar 15 00:34:36 +0000 2017","lang":"en","displayname":"doublejayy__","time_zone":"Pacific Time (US & Canada)","msg":"RT sayykae shit sad asf how you can hate somebody u had nun but love for 💯"}
{"tweet_id":841809821351481344,"created_unixtime":1489538076137,"created_time":"Wed Mar 15 00:34:36 +0000 2017","lang":"en","displayname":"juju_beez03","time_zone":"","msg":"Were happy to announce our NEW program at Tax Pro Financial Solutions  FINANCE SERIES The… https//tco/evyGTqHU4S"}
{"tweet_id":841809821921767424,"created_unixtime":1489538076273,"created_time":"Wed Mar 15 00:34:36 +0000 2017","lang":"en","displayname":"warisa29390","time_zone":"","msg":"RT WANG_PLUSTWO Happy White Valentines Day ampMiss Jackson sooooooo much FlightLogArrival GOT7 NeverEver Jackson 잭슨… "}
{"tweet_id":841809821577949185,"created_unixtime":1489538076191,"created_time":"Wed Mar 15 00:34:36 +0000 2017","lang":"en","displayname":"Gayla105","time_zone":"Central Time (US & Canada)","msg":"Love it https//tco/u8fjq5J2ns"}
{"tweet_id":841809821951250432,"created_unixtime":1489538076280,"created_time":"Wed Mar 15 00:34:36 +0000 2017","lang":"en","displayname":"taefuckk","time_zone":"Casablanca","msg":"how do you feel about new game season 2 — i got bored of season 1 honestly which is sad cs i https//tco/xTILZ7db3h"}
{"tweet_id":841809822131474432,"created_unixtime":1489538076323,"created_time":"Wed Mar 15 00:34:36 +0000 2017","lang":"en","displayname":"tracie_putnam","time_zone":"","msg":"RT BoozDataScience Happy PiDay  datahumor https//tco/0ilUF6Z8IC"}
{"tweet_id":841809821338898432,"created_unixtime":1489538076134,"created_time":"Wed Mar 15 00:34:36 +0000 2017","lang":"en","displayname":"Final79Josh","time_zone":"","msg":"RT SHorserus Happy Pie Day pinkiepie PiDay mlp mlpfim brony 100palettechallenge art pie https//tco/LzxIwihJ1C"}
{"tweet_id":841809822362222592,"created_unixtime":1489538076378,"created_time":"Wed Mar 15 00:34:36 +0000 2017","lang":"en","displayname":"happpysmo","time_zone":"","msg":"Im sad af cause I feel like shit rn"}
{"tweet_id":841809819535343617,"created_unixtime":1489538075704,"created_time":"Wed Mar 15 00:34:35 +0000 2017","lang":"en","displayname":"WSAVKrisA","time_zone":"Eastern Time (US & Canada)","msg":"Bringing the science from the studio and live in the field~ 314 Happy Pi Day from Kris amp WSAVariellas of Storm Te… https//tco/dmLGtgjGYm"}
{"tweet_id":841809821292670976,"created_unixtime":1489538076123,"created_time":"Wed Mar 15 00:34:36 +0000 2017","lang":"en","displayname":"imerikadupalco","time_zone":"Pacific Time (US & Canada)","msg":"Happy birthday 🎉🎉💪 markbonfacio23"}
{"tweet_id":841809822458642432,"created_unixtime":1489538076401,"created_time":"Wed Mar 15 00:34:36 +0000 2017","lang":"en","displayname":"atelophobizz","time_zone":"Midway Island","msg":"RT hidden saying im tired when youre actually sad"}
{"tweet_id":841809822043541504,"created_unixtime":1489538076302,"created_time":"Wed Mar 15 00:34:36 +0000 2017","lang":"en","displayname":"Rita_Goncalves","time_zone":"Europe/London","msg":"RT taylorcaniff Amazing 🌹 https//tco/NP8zpK9B7n"}
{"tweet_id":841809822261641216,"created_unixtime":1489538076354,"created_time":"Wed Mar 15 00:34:36 +0000 2017","lang":"en","displayname":"IGHTDOEE_400","time_zone":"Central Time (US & Canada)","msg":"RT richthekid Focus on what makes you happy"}
{"tweet_id":841809822945173504,"created_unixtime":1489538076517,"created_time":"Wed Mar 15 00:34:36 +0000 2017","lang":"en","displayname":"drewsmaichard","time_zone":"","msg":"RT OFCALDubKoTo WE DEFINE OUR SET OF EXPECTATIONS AND OUR STANDARDS TO REACH HAPPINESS WHICH WE ALL CALL CONTENTMENT 😊… "}
{"tweet_id":841809822412607488,"created_unixtime":1489538076390,"created_time":"Wed Mar 15 00:34:36 +0000 2017","lang":"en","displayname":"tazandie","time_zone":"America/New_York","msg":"RT tonyposnanski Obama gave healthcare to all even those who did not support himTrump is taking healthcare away even those who do su…"}
{"tweet_id":841809822991421440,"created_unixtime":1489538076528,"created_time":"Wed Mar 15 00:34:36 +0000 2017","lang":"en","displayname":"ShannaMariiee","time_zone":"Pacific Time (US & Canada)","msg":"RT cocaine_mamii I dont accept apologies you did what made you happy at the expense of my emotions I understand you feel bad now but I…"}
{"tweet_id":841809822140010496,"created_unixtime":1489538076325,"created_time":"Wed Mar 15 00:34:36 +0000 2017","lang":"en","displayname":"elliott_berling","time_zone":"","msg":"Happy birthday boy stephenmaley23 BBN https//tco/OQ2iHrfvV0"}
{"tweet_id":841809823029161984,"created_unixtime":1489538076537,"created_time":"Wed Mar 15 00:34:36 +0000 2017","lang":"en","displayname":"lexie1400","time_zone":"Central Time (US & Canada)","msg":"RT toriannlevyy lexie1400 happy birthday"}
{"tweet_id":841809820852264960,"created_unixtime":1489538076018,"created_time":"Wed Mar 15 00:34:36 +0000 2017","lang":"en","displayname":"Willow_Snow_","time_zone":"Pacific Time (US & Canada)","msg":"Thirty Something  Digital 8x8abstract abstractart digital digitalart photoshop photoshopart blues… https//tco/EYyVX3KyLn"}
{"tweet_id":841809823003992064,"created_unixtime":1489538076531,"created_time":"Wed Mar 15 00:34:36 +0000 2017","lang":"en","displayname":"JaNia42783214","time_zone":"","msg":"ArianaAndTea they are so pretty 😍and look alike also  Friendship goals to both be successful and happy"}
{"tweet_id":841809823649931265,"created_unixtime":1489538076685,"created_time":"Wed Mar 15 00:34:36 +0000 2017","lang":"en","displayname":"melsatx","time_zone":"","msg":"maddow Is this going to be like when Happy Days was ending and Fonzie jumped the shark"}
{"tweet_id":841809824077631488,"created_unixtime":1489538076787,"created_time":"Wed Mar 15 00:34:36 +0000 2017","lang":"en","displayname":"faz__man","time_zone":"Kuala Lumpur","msg":"RT akbarazman As long as you are happy with what you have nothing else matters"}
{"tweet_id":841809823620583428,"created_unixtime":1489538076678,"created_time":"Wed Mar 15 00:34:36 +0000 2017","lang":"en","displayname":"JacksonKenn","time_zone":"","msg":"RT ColMorrisDavis SpeakerRyan demonstrates his Gumbylike backbone and limber principles  SAD https//tco/qqVNRMBLDv"}
{"tweet_id":841809824019058688,"created_unixtime":1489538076773,"created_time":"Wed Mar 15 00:34:36 +0000 2017","lang":"en","displayname":"LouNehls","time_zone":"","msg":"Breaking911 RRRDontTreadOn sad excuse for a journalist"}
{"tweet_id":841809824144842752,"created_unixtime":1489538076803,"created_time":"Wed Mar 15 00:34:36 +0000 2017","lang":"en","displayname":"jokerhbu","time_zone":"","msg":"RT mikhailovichs im sad https//tco/hZMAHHRjoG"}
{"tweet_id":841809824060968960,"created_unixtime":1489538076783,"created_time":"Wed Mar 15 00:34:36 +0000 2017","lang":"en","displayname":"the_great_abyz","time_zone":"","msg":"RT D_Deji28 Do you guys know why he was killed A girl lied that he raped her and her brother shot him dead https//tco/IWDVDZp3rz"}
{"tweet_id":841809824266481664,"created_unixtime":1489538076832,"created_time":"Wed Mar 15 00:34:36 +0000 2017","lang":"en","displayname":"tarawhitestudio","time_zone":"Eastern Time (US & Canada)","msg":"I hope all your constant irrational wishes came true on this magical day Happy Pi Day to all… https//tco/MMElaXPkZi"}
{"tweet_id":841809825168220160,"created_unixtime":1489538077047,"created_time":"Wed Mar 15 00:34:37 +0000 2017","lang":"en","displayname":"imdecelynyara","time_zone":"Arizona","msg":"RT Koreaboo Happy Birthday to Lee Hwi Jae’s twins Lee Seo Eon and Lee Seo Jun 🎉🎂🤗 https//tco/xtjHommriu"}
{"tweet_id":841809825260548097,"created_unixtime":1489538077069,"created_time":"Wed Mar 15 00:34:37 +0000 2017","lang":"en","displayname":"Tarothead","time_zone":"London","msg":"RT shazzer42000 born2ride2wheel Its so sad to see how unwelcomed Europeans have become in the UK Two years ago I would have thought i…"}
{"tweet_id":841809825008820225,"created_unixtime":1489538077009,"created_time":"Wed Mar 15 00:34:37 +0000 2017","lang":"en","displayname":"ontariosunsets","time_zone":"Hawaii","msg":"RT Mariska To my Fierce Strong sisters happy InternationalWomensDay I celebrate u salute u amp uphold u Today amp every day ADayWi…"}
{"tweet_id":841809825751228416,"created_unixtime":1489538077186,"created_time":"Wed Mar 15 00:34:37 +0000 2017","lang":"en","displayname":"MaryJerebic21","time_zone":"","msg":"RT H50Europe Happy Birthday Grace We wish you tons of love and laughter Thanks for all the girlpower 💪🏻👠on H50  enjoy your… "}
{"tweet_id":841809825977651200,"created_unixtime":1489538077240,"created_time":"Wed Mar 15 00:34:37 +0000 2017","lang":"ja","displayname":"lin_yinpin","time_zone":"Taipei","msg":"RT tsukiuta1 ☆Happy White Day⑤☆陽「いっつも、愛をありがとね☆ちゃ〜んと届いてるよ！大好き♪」夜「やれやれ…陽が調子に乗る日です（笑）。でも、皆さんの応援を感じているのは俺も同じです。ありがとうございます！」※DLOK… "}
{"tweet_id":841809824459440128,"created_unixtime":1489538076878,"created_time":"Wed Mar 15 00:34:36 +0000 2017","lang":"en","displayname":"Lori_rosel","time_zone":"","msg":"RT ItsMeChattyness Thank you EsguerraTommy for your unconditional love and for making this angels bday extra special Stay happy ToM… "}
{"tweet_id":841809826057457664,"created_unixtime":1489538077259,"created_time":"Wed Mar 15 00:34:37 +0000 2017","lang":"en","displayname":"vanity6god","time_zone":"","msg":"RT D_Deji28 Do you guys know why he was killed A girl lied that he raped her and her brother shot him dead https//tco/IWDVDZp3rz"}
{"tweet_id":841809826443337728,"created_unixtime":1489538077351,"created_time":"Wed Mar 15 00:34:37 +0000 2017","lang":"en","displayname":"VinoQoutes","time_zone":"","msg":"RT VinoQoutes Its sad when you realize you arent as important to someone as you thought you were"}
{"tweet_id":841809826678247424,"created_unixtime":1489538077407,"created_time":"Wed Mar 15 00:34:37 +0000 2017","lang":"en","displayname":"BonjourRafa","time_zone":"Brasilia","msg":"RT hidden saying im tired when youre actually sad"}
{"tweet_id":841809830394322944,"created_unixtime":1489538078293,"created_time":"Wed Mar 15 00:34:38 +0000 2017","lang":"en","displayname":"ChocolateSylk61","time_zone":"","msg":"RT ChakF76 charleslfreemn RealDLHughley DLHughleyRadio sad you dont know the diff between beatings of slaves and disciplining a child"}
{"tweet_id":841809830624948224,"created_unixtime":1489538078348,"created_time":"Wed Mar 15 00:34:38 +0000 2017","lang":"en","displayname":"nicebutno","time_zone":"Singapore","msg":"RT CUTEST_ANlMALS this makes me so happy  https//tco/4ebwUxo9Hg"}
{"tweet_id":841809831044374528,"created_unixtime":1489538078448,"created_time":"Wed Mar 15 00:34:38 +0000 2017","lang":"en","displayname":"BradyBussell","time_zone":"","msg":"RT SaraEBeara Happy PiDay from Maui LeodasMaui https//tco/u60Boy10q0"}
{"tweet_id":841809830910283777,"created_unixtime":1489538078416,"created_time":"Wed Mar 15 00:34:38 +0000 2017","lang":"en","displayname":"swelljoe","time_zone":"America/Los_Angeles","msg":"RT KenJennings The Ugly Duckling is my favorite story about how if youre unpopular amp sad you might still turn it around if your look…"}
{"tweet_id":841809830117441536,"created_unixtime":1489538078227,"created_time":"Wed Mar 15 00:34:38 +0000 2017","lang":"en","displayname":"maegaecia","time_zone":"","msg":"RT mommy_dub Reminiscing d KS good old days 😊 jaysondmx ALDUBxDTBYTugOfHearts https//tco/0CreDofWbO"}
{"tweet_id":841809830776037377,"created_unixtime":1489538078384,"created_time":"Wed Mar 15 00:34:38 +0000 2017","lang":"tl","displayname":"nalzamel_","time_zone":"Quito","msg":"DalBeaijan_ happy birthdaay dalal💜"}
{"tweet_id":841809826250387457,"created_unixtime":1489538077305,"created_time":"Wed Mar 15 00:34:37 +0000 2017","lang":"en","displayname":"danny_costorf","time_zone":"","msg":"Happy birthday reem https//tco/OnWF9BgBfu"}
{"tweet_id":841809827424792577,"created_unixtime":1489538077585,"created_time":"Wed Mar 15 00:34:37 +0000 2017","lang":"en","displayname":"shagybeard","time_zone":"Mountain Time (US & Canada)","msg":"RT SMPKrugs Happy PiDay everyone 314 of sailors are pi rates The roundest knight at Sir Arthur’s table was Sir Cumference He at…"}
{"tweet_id":841809827391275008,"created_unixtime":1489538077577,"created_time":"Wed Mar 15 00:34:37 +0000 2017","lang":"en","displayname":"RellTooTrill","time_zone":"Pacific Time (US & Canada)","msg":"RT CultureFUBU Happy Birthday Merlin SantanaRIP https//tco/0K4quO4M5g"}
{"tweet_id":841809828288765956,"created_unixtime":1489538077791,"created_time":"Wed Mar 15 00:34:37 +0000 2017","lang":"en","displayname":"KristinaxElise","time_zone":"Arizona","msg":"RT neiltyson 314  Happy Piday to Gregorian calendar users who reckon dates with month followed by day separated by period omitting year"}
{"tweet_id":841809827739402241,"created_unixtime":1489538077660,"created_time":"Wed Mar 15 00:34:37 +0000 2017","lang":"en","displayname":"S_D0t3","time_zone":"Central Time (US & Canada)","msg":"Happy 21st addie_denio🕺🏾"}
{"tweet_id":841809828846608384,"created_unixtime":1489538077924,"created_time":"Wed Mar 15 00:34:37 +0000 2017","lang":"en","displayname":"carenjoy12","time_zone":"Beijing","msg":"RT warriors DubNation please join us in wishing StephenCurry30 a very Happy Birthday 🎈 https//tco/cByjiIEk25"}
{"tweet_id":841809828712448001,"created_unixtime":1489538077892,"created_time":"Wed Mar 15 00:34:37 +0000 2017","lang":"en","displayname":"theaalexxusnic","time_zone":"","msg":"I just want to be happy"}
{"tweet_id":841809828905406464,"created_unixtime":1489538077938,"created_time":"Wed Mar 15 00:34:37 +0000 2017","lang":"en","displayname":"hayleytollett","time_zone":"","msg":"lifes short dont waste it being sad"}
{"tweet_id":841809828947345408,"created_unixtime":1489538077948,"created_time":"Wed Mar 15 00:34:37 +0000 2017","lang":"es","displayname":"ImStylesCox","time_zone":"Pacific Time (US & Canada)","msg":"RT mellamanfredy NUEVO VÍDEO MATANDO A NIÑOS EN HAPPY WEELS ❤Si COMPARTES ESTE VÍDEO te menciono en el siguiente vídeo❤… "}
{"tweet_id":841809828305612802,"created_unixtime":1489538077795,"created_time":"Wed Mar 15 00:34:37 +0000 2017","lang":"en","displayname":"sohrabhozour","time_zone":"Eastern Time (US & Canada)","msg":"RT reidhoffman Ive taken the LiveTogether challenge with hadip Happy Persian New Year Pass it on jeffweiner drewhouston… "}
{"tweet_id":841809829802864640,"created_unixtime":1489538078152,"created_time":"Wed Mar 15 00:34:38 +0000 2017","lang":"en","displayname":"AlexisUrena6","time_zone":"","msg":"zeejfigs I like it when you vlog and thanks for everything you do to make brawadis happy it makes me happy love you❤️"}
{"tweet_id":841809829748445188,"created_unixtime":1489538078139,"created_time":"Wed Mar 15 00:34:38 +0000 2017","lang":"en","displayname":"cloudyskyler","time_zone":"Eastern Time (US & Canada)","msg":"Jake made milkshakes very happy turtle ❤️"}
{"tweet_id":841809829970624512,"created_unixtime":1489538078192,"created_time":"Wed Mar 15 00:34:38 +0000 2017","lang":"en","displayname":"smooothoperatr","time_zone":"","msg":"SAD FAKE NEWS https//tco/cstvFWn1Sl"}
{"tweet_id":841809830331392000,"created_unixtime":1489538078278,"created_time":"Wed Mar 15 00:34:38 +0000 2017","lang":"tl","displayname":"sweetaseclairs","time_zone":"","msg":"RT maddiful I find Maine so adorably cute when I saw her looking sad because her kite dropped Akala ko talaga iiyak na siya 😂… "}
{"tweet_id":841809828318187521,"created_unixtime":1489538077798,"created_time":"Wed Mar 15 00:34:37 +0000 2017","lang":"en","displayname":"BarbourSpangle","time_zone":"Eastern Time (US & Canada)","msg":"Happy 2 year anniversary to Chase our Facilities amp Project Installation Manager the BSD handyman Congrats 🎉… https//tco/q49xs6wZ2P"}
{"tweet_id":841809831631679490,"created_unixtime":1489538078588,"created_time":"Wed Mar 15 00:34:38 +0000 2017","lang":"en","displayname":"Arix_Kookie","time_zone":"Rome","msg":"RT VinesGot7 Happy White Day 💗 https//tco/KU4o3Urzc2"}
{"tweet_id":841809831900131329,"created_unixtime":1489538078652,"created_time":"Wed Mar 15 00:34:38 +0000 2017","lang":"en","displayname":"Jbuccelli","time_zone":"","msg":"RT britstrack happy 21st buddy ☺️🍻🎉 Jbuccelli"}
{"tweet_id":841809831782686721,"created_unixtime":1489538078624,"created_time":"Wed Mar 15 00:34:38 +0000 2017","lang":"en","displayname":"Angie_Terrell","time_zone":"Eastern Time (US & Canada)","msg":"RT kashanacauley Weve all set a world record for how happy anyone can be when thinking about tax returns"}
{"tweet_id":841809832067887105,"created_unixtime":1489538078692,"created_time":"Wed Mar 15 00:34:38 +0000 2017","lang":"en","displayname":"GoldenGirls149","time_zone":"London","msg":"RT TheGGForever Rose Im not sure Ive never heard her make that sound beforeDorothy I once heard her make that sound and I assure…"}
{"tweet_id":841809832273354752,"created_unixtime":1489538078741,"created_time":"Wed Mar 15 00:34:38 +0000 2017","lang":"en","displayname":"_tatianaok","time_zone":"Arizona","msg":"RT 21yonce I just wanna see bts im sad when that video cut off in the mid of everyone yelling and jumping it was like the doo… "}
{"tweet_id":841809832386543616,"created_unixtime":1489538078768,"created_time":"Wed Mar 15 00:34:38 +0000 2017","lang":"en","displayname":"maxcheylov","time_zone":"Pacific Time (US & Canada)","msg":"RT TOASTOTHEGOD Its Sad When Ur Own Friends Hate On You"}
{"tweet_id":841809833649176576,"created_unixtime":1489538079069,"created_time":"Wed Mar 15 00:34:39 +0000 2017","lang":"en","displayname":"gianninachalco","time_zone":"Central Time (US & Canada)","msg":"RT SincerelyTumblr So annoying when ppl are like ur always laughin U laugh at everything Its not that funny like OK sorry Im a hap…"}
{"tweet_id":841809833472942080,"created_unixtime":1489538079027,"created_time":"Wed Mar 15 00:34:39 +0000 2017","lang":"en","displayname":"Hang_Time24","time_zone":"","msg":"Thank you https//tco/JsXRmTAZuc"}
{"tweet_id":841809833938563072,"created_unixtime":1489538079138,"created_time":"Wed Mar 15 00:34:39 +0000 2017","lang":"en","displayname":"mrsmoats52","time_zone":"Mountain Time (US & Canada)","msg":"steelcityfan86 I feel like the players are more sad but they have to save face Fans are always ready to show players the door"}
{"tweet_id":841809834559344640,"created_unixtime":1489538079286,"created_time":"Wed Mar 15 00:34:39 +0000 2017","lang":"ko","displayname":"yj460","time_zone":"","msg":"RT offclASTRO Happy birthday to you~ 진진형 22번째 생일을진심으로 축하해요🎉🎉 착하고 장난도 잘받아주고 리더쉽있는ㅎㅎ진진형 귀염댕이 아스트로 잘부탁드려요생일선물 나 HappyJINJINDay https//…"}
{"tweet_id":841809835154911232,"created_unixtime":1489538079428,"created_time":"Wed Mar 15 00:34:39 +0000 2017","lang":"en","displayname":"ChooChoobq","time_zone":"Pacific Time (US & Canada)","msg":"KimClements1 I cant believe u didnt wish Q a happy birthday"}
{"tweet_id":841809835406499840,"created_unixtime":1489538079488,"created_time":"Wed Mar 15 00:34:39 +0000 2017","lang":"en","displayname":"RemarkableJoes","time_zone":"Eastern Time (US & Canada)","msg":"Sci_Phile What is it that makes me so happy about my barber having copies of Cigar Aficionado magazine becausescience"}
{"tweet_id":841809832034369536,"created_unixtime":1489538078684,"created_time":"Wed Mar 15 00:34:38 +0000 2017","lang":"en","displayname":"_SLIM_GOODY_","time_zone":"","msg":"I just want to continue to gain my weight amp remain happy 😊"}
{"tweet_id":841809832483127300,"created_unixtime":1489538078791,"created_time":"Wed Mar 15 00:34:38 +0000 2017","lang":"en","displayname":"CROprostaff","time_zone":"Central Time (US & Canada)","msg":"Happy 51st birthday to the 1978 Nathans Hotdog eating champion hoganbrad  your abilities with weiners is unparalleled"}
{"tweet_id":841809832730484736,"created_unixtime":1489538078850,"created_time":"Wed Mar 15 00:34:38 +0000 2017","lang":"en","displayname":"pizzamymind96","time_zone":"Pacific Time (US & Canada)","msg":"RT SoReIatable I hate that I cry out of frustration 95  of the time its not even cause Im sad its that Im so angry I cant control…"}
{"tweet_id":841809832659189760,"created_unixtime":1489538078833,"created_time":"Wed Mar 15 00:34:38 +0000 2017","lang":"en","displayname":"issaprinceess","time_zone":"","msg":"RT RapSpotlights RT if youre happy that Kodak Black is out and making new music 🔥 https//tco/8wyxkj92Su"}
{"tweet_id":841809832650911744,"created_unixtime":1489538078831,"created_time":"Wed Mar 15 00:34:38 +0000 2017","lang":"und","displayname":"pretty0ddd","time_zone":"Central Time (US & Canada)","msg":"RT vxrbxl happy π day🍴💖 https//tco/HzFW5nCfiA"}
{"tweet_id":841809833728737280,"created_unixtime":1489538079088,"created_time":"Wed Mar 15 00:34:39 +0000 2017","lang":"ne","displayname":"godmanjeet","time_zone":"","msg":"RT godmanjeet सुरुसुरुमा funny😊😂बिचतिर हल्का fight र tragicअनि अन्त्यमा Happy Ending अक्सर यस्तै हुन्छन् नेपाली फिल्महरुतर यस… "}
{"tweet_id":841809833745563648,"created_unixtime":1489538079092,"created_time":"Wed Mar 15 00:34:39 +0000 2017","lang":"en","displayname":"mjisler","time_zone":"Pacific Time (US & Canada)","msg":"RT NatureNPS This is what happens when you have a building full of scientists and a laser👨🏽‍🔬👩🏾‍🔬⚡️3️⃣1️⃣4️⃣ Happy PiDay https//tco…"}
{"tweet_id":841809833967796224,"created_unixtime":1489538079145,"created_time":"Wed Mar 15 00:34:39 +0000 2017","lang":"en","displayname":"GuilleTheGooner","time_zone":"","msg":"RT ChampionsLeague Sad to see you go Porto amp Sevilla Best of luck for the rest of the season amp hope to see you back soon 👏 UCL https/…"}
{"tweet_id":841809834135715840,"created_unixtime":1489538079185,"created_time":"Wed Mar 15 00:34:39 +0000 2017","lang":"en","displayname":"bIueguitar","time_zone":"Brasilia","msg":"SherriSaum1 a thing about Stef that you love with all your heart thefosterschat THANK U FOR SAYING HI TO MY GIRL SHES SO HAPPY ily"}
{"tweet_id":841809833904988162,"created_unixtime":1489538079130,"created_time":"Wed Mar 15 00:34:39 +0000 2017","lang":"en","displayname":"qdqdminbpbp","time_zone":"","msg":"RT AcidEater_Fusao Happy Birthday to director David Cronenberg（March 15 1943）David Cronenberg and William S Burroughs on the set o… "}
{"tweet_id":841809834634809344,"created_unixtime":1489538079304,"created_time":"Wed Mar 15 00:34:39 +0000 2017","lang":"en","displayname":"LolokayChloe","time_zone":"Pacific Time (US & Canada)","msg":"My brothers friends said that im very masculine and idk why but that made me happy"}
{"tweet_id":841809835066818560,"created_unixtime":1489538079407,"created_time":"Wed Mar 15 00:34:39 +0000 2017","lang":"en","displayname":"SaraMRockhold","time_zone":"","msg":"Is it weird that Im sad my rest day is tomorrow"}
{"tweet_id":841809834781618179,"created_unixtime":1489538079339,"created_time":"Wed Mar 15 00:34:39 +0000 2017","lang":"en","displayname":"OlanoMarylou","time_zone":"Pacific Time (US & Canada)","msg":"RT grandlenz Stay happy ang inlove❤❤©chelle manezALDUBxDTBYFalling https//tco/0vOzPfYwcC"}
{"tweet_id":841809835322572800,"created_unixtime":1489538079468,"created_time":"Wed Mar 15 00:34:39 +0000 2017","lang":"en","displayname":"AspenHuntington","time_zone":"","msg":"RT CloydRivers Some kid told me Happy Pi Day Dropkicked his calculator and said America is the land of thick thighs and apple pies 17…"}
{"tweet_id":841809834789998592,"created_unixtime":1489538079341,"created_time":"Wed Mar 15 00:34:39 +0000 2017","lang":"en","displayname":"allllliison","time_zone":"Central Time (US & Canada)","msg":"RT 30SECONDREClPES What makes you happyMe https//tco/IT9onVFY1T"}
{"tweet_id":841809835406503936,"created_unixtime":1489538079488,"created_time":"Wed Mar 15 00:34:39 +0000 2017","lang":"en","displayname":"GrooovyyD","time_zone":"","msg":"RT DhaSickest Awe man I grew up with out a fatherand its sad to see most of yall hating on this man for believing in his son… "}
{"tweet_id":841809835704246272,"created_unixtime":1489538079559,"created_time":"Wed Mar 15 00:34:39 +0000 2017","lang":"en","displayname":"jvillegas23246","time_zone":"","msg":"RT vinceorodriguez jvillegas23246 happy birthday bro we go way back have a good 👆🏼👆🏼👆🏼"}
{"tweet_id":841809835662360577,"created_unixtime":1489538079549,"created_time":"Wed Mar 15 00:34:39 +0000 2017","lang":"en","displayname":"0hLadyMidnight","time_zone":"Sydney","msg":"RT langleav My agent Al Zuckerman a past professor at Yale sent me his book Writing the Blockbuster Novel It was so helpful… "}
{"tweet_id":841809835431714818,"created_unixtime":1489538079494,"created_time":"Wed Mar 15 00:34:39 +0000 2017","lang":"en","displayname":"Alanjia_","time_zone":"Alaska","msg":"RT D_Deji28 Do you guys know why he was killed A girl lied that he raped her and her brother shot him dead https//tco/IWDVDZp3rz"}
{"tweet_id":841809835385597953,"created_unixtime":1489538079483,"created_time":"Wed Mar 15 00:34:39 +0000 2017","lang":"en","displayname":"_Aprizzle_","time_zone":"","msg":"RT troytheblackguy All she wanted to do was say happy birthday to her friend but twitter just couldnt let her live lmaooo https//tco/X…"}
{"tweet_id":841809836077666306,"created_unixtime":1489538079648,"created_time":"Wed Mar 15 00:34:39 +0000 2017","lang":"pt","displayname":"EmersonMelo_","time_zone":"Brasilia","msg":"Meu irmão e uns amigos dele são algumas das pessoas mais desprezíveis que eu conheço Sad but true"}
{"tweet_id":841809836165677056,"created_unixtime":1489538079669,"created_time":"Wed Mar 15 00:34:39 +0000 2017","lang":"en","displayname":"xwingsofanangel","time_zone":"Melbourne","msg":"RT GameGrumps Happy Birthday Danny https//tco/Qc8I63RkPP"}
{"tweet_id":841809835754680325,"created_unixtime":1489538079571,"created_time":"Wed Mar 15 00:34:39 +0000 2017","lang":"en","displayname":"macee_11","time_zone":"","msg":"Thank you https//tco/e5GXm3kdpi"}
{"tweet_id":841809836035719168,"created_unixtime":1489538079638,"created_time":"Wed Mar 15 00:34:39 +0000 2017","lang":"en","displayname":"sylveonpng","time_zone":"Central Time (US & Canada)","msg":"RT LL_Wikia March 15 Its the birthday of Sonoda Umi the lovely maiden of the sea Happy birthday Umichan 園田海未生誕祭2017 https//tco/…"}
{"tweet_id":841809836052512772,"created_unixtime":1489538079642,"created_time":"Wed Mar 15 00:34:39 +0000 2017","lang":"en","displayname":"Don_Demeanor","time_zone":"Eastern Time (US & Canada)","msg":"Bruh this This shit right fucking here Let me pin this https//tco/Wqf4I6yjDh"}
{"tweet_id":841809833116426240,"created_unixtime":1489538078942,"created_time":"Wed Mar 15 00:34:38 +0000 2017","lang":"en","displayname":"reagantrash","time_zone":"Arizona","msg":"i miss summer i was so happy and cute and in shape https//tco/Hw1lPqp3Y9"}
{"tweet_id":841809836757069824,"created_unixtime":1489538079810,"created_time":"Wed Mar 15 00:34:39 +0000 2017","lang":"en","displayname":"GinaftJauregui","time_zone":"Pacific Time (US & Canada)","msg":"RT 5HVotingStats Scared Of Happy FifthHarmony YouKnowYouLoveThem radiodisney"}
{"tweet_id":841809836702556161,"created_unixtime":1489538079797,"created_time":"Wed Mar 15 00:34:39 +0000 2017","lang":"en","displayname":"salma_foreign","time_zone":"","msg":"RT AOIIWrightState Happy Pi Day from Alpha Omicron Pi ❤ https//tco/x9CZagtRw5"}
{"tweet_id":841809836966723584,"created_unixtime":1489538079860,"created_time":"Wed Mar 15 00:34:39 +0000 2017","lang":"en","displayname":"denksy","time_zone":"Perth","msg":"RT sG_Vision Do what you love and whatever makes you happy Be good to the people that are good to you Cut off negativity Dont settle…"}
{"tweet_id":841809835905671168,"created_unixtime":1489538079607,"created_time":"Wed Mar 15 00:34:39 +0000 2017","lang":"en","displayname":"xo_nyterria","time_zone":"Eastern Time (US & Canada)","msg":"RT kanyefeeI its sad to see a good person change"}
{"tweet_id":841809836799098886,"created_unixtime":1489538079820,"created_time":"Wed Mar 15 00:34:39 +0000 2017","lang":"in","displayname":"ThisIsntJax","time_zone":"","msg":"Ciinaidanke heyitsnyx NGEdepression ChronicLoserOwO sad but true uwu"}
{"tweet_id":841809836987842561,"created_unixtime":1489538079865,"created_time":"Wed Mar 15 00:34:39 +0000 2017","lang":"en","displayname":"minhyukxangel","time_zone":"Lima","msg":"RT soompi Happy Birthday to ASTROs JinJin HappyJinJinDay https//tco/re8aLKVIDL https//tco/oAcH44Finb"}
{"tweet_id":841809838048870402,"created_unixtime":1489538080118,"created_time":"Wed Mar 15 00:34:40 +0000 2017","lang":"en","displayname":"moniicaaaa__","time_zone":"Pacific Time (US & Canada)","msg":"RT marIboros people that can make me happy in seconds are my favorite kind of people"}
{"tweet_id":841809837914742790,"created_unixtime":1489538080086,"created_time":"Wed Mar 15 00:34:40 +0000 2017","lang":"en","displayname":"radiopimarvin","time_zone":"","msg":"15032017123439 am UTC  Im Only Happy When It Rains  Garbage"}
{"tweet_id":841809838472593409,"created_unixtime":1489538080219,"created_time":"Wed Mar 15 00:34:40 +0000 2017","lang":"en","displayname":"TomJones3397","time_zone":"","msg":"erinhallxox Happy Birthday😘have a good day xx"}
{"tweet_id":841809838808035329,"created_unixtime":1489538080299,"created_time":"Wed Mar 15 00:34:40 +0000 2017","lang":"en","displayname":"iheartkleir","time_zone":"","msg":"RT ALDUBNATIONNCR Prayer is powerful its amazing what it can do Always stay happy at all timesRT amp spread love worldwide🌻🌻🌻… "}
{"tweet_id":841809838636163072,"created_unixtime":1489538080258,"created_time":"Wed Mar 15 00:34:40 +0000 2017","lang":"en","displayname":"jesspenic","time_zone":"","msg":"RT TheTumblrPosts this just made me so sad 😭 https//tco/DtVltAKPez"}
{"tweet_id":841809838514540544,"created_unixtime":1489538080229,"created_time":"Wed Mar 15 00:34:40 +0000 2017","lang":"en","displayname":"0TheWagons","time_zone":"Eastern Time (US & Canada)","msg":"BCSDSuper Hilton Greece Gates Churchville all west side schools closed Would be sad if student drivers got in an accident 😐"}
{"tweet_id":841809839361736704,"created_unixtime":1489538080431,"created_time":"Wed Mar 15 00:34:40 +0000 2017","lang":"en","displayname":"otartsac","time_zone":"Tokyo","msg":"RT FBIMostWanted Happy 67th Birthday to the FBI Ten Most Wanted Fugitives List created on March 14 1950 https//tco/aaf7lqVtLn"}
{"tweet_id":841809835150721024,"created_unixtime":1489538079427,"created_time":"Wed Mar 15 00:34:39 +0000 2017","lang":"en","displayname":"Ohso_CAN","time_zone":"Mountain Time (US & Canada)","msg":"happy birthday sus 💕 https//tco/yL6SofqEmA"}
{"tweet_id":841809839491809280,"created_unixtime":1489538080462,"created_time":"Wed Mar 15 00:34:40 +0000 2017","lang":"en","displayname":"TaylorHensley_","time_zone":"","msg":"thank you noah 😌 https//tco/O65hXyxFaa"}
{"tweet_id":841809840464785409,"created_unixtime":1489538080694,"created_time":"Wed Mar 15 00:34:40 +0000 2017","lang":"en","displayname":"andiertale","time_zone":"Beijing","msg":"RT Calvinn_Hobbes Happy 🍕 PiDay https//tco/UpLBGER3ZF"}
{"tweet_id":841809840389423104,"created_unixtime":1489538080676,"created_time":"Wed Mar 15 00:34:40 +0000 2017","lang":"en","displayname":"GoobGuwop","time_zone":"","msg":"RT HoopMixOnly Happy March Madness everyone https//tco/esQfbHkJoc"}
{"tweet_id":841809840913682432,"created_unixtime":1489538080801,"created_time":"Wed Mar 15 00:34:40 +0000 2017","lang":"en","displayname":"mieee21","time_zone":"","msg":"RT misfitdre every shawty just wants to be genuinely happy not confused not irritated not slept on not taken advantage of just happy…"}
{"tweet_id":841809840951459840,"created_unixtime":1489538080810,"created_time":"Wed Mar 15 00:34:40 +0000 2017","lang":"und","displayname":"crehage","time_zone":"Bern","msg":"HelenaMoreno maddow SAD"}
{"tweet_id":841809841228197889,"created_unixtime":1489538080876,"created_time":"Wed Mar 15 00:34:40 +0000 2017","lang":"ja","displayname":"niizaki_rio","time_zone":"Pacific Time (US & Canada)","msg":"RT ys_Kolonnello 紺ちゃん Happy birthday day❗おめでとう～🎵巽紺生誕祭2017 3月15日は巽紺の誕生日 うらら迷路帖 RTした人全員フォローする https//tco/D54P2IQfGm"}
{"tweet_id":841809841295376384,"created_unixtime":1489538080892,"created_time":"Wed Mar 15 00:34:40 +0000 2017","lang":"en","displayname":"cinderlester","time_zone":"Eastern Time (US & Canada)","msg":"oh wow i really want to hug phil im sad "}
{"tweet_id":841809840183877632,"created_unixtime":1489538080627,"created_time":"Wed Mar 15 00:34:40 +0000 2017","lang":"en","displayname":"kendallchemotti","time_zone":"","msg":"RT alliehettel Happy bday kendallchemotti 💙💙Love you sm amp cant wait for hockey games w you😉😂 17 🎉🎉 https//tco/E3DzalTLuD"}
{"tweet_id":841809841123389441,"created_unixtime":1489538080851,"created_time":"Wed Mar 15 00:34:40 +0000 2017","lang":"en","displayname":"Boyc0ttChina","time_zone":"BST","msg":"Tiger products out of control amp now a status symbol for the rich in china Love Tigers Be a voice for them https//tco/TfP4B69hGC"}
{"tweet_id":841809840662016000,"created_unixtime":1489538080741,"created_time":"Wed Mar 15 00:34:40 +0000 2017","lang":"en","displayname":"JenniferMurad","time_zone":"London","msg":"RT CarlosNotWeird You niggas so sad patronizing and belittling Its fucking disgusting If you cant process emotions gtfo and leave…"}
{"tweet_id":841809841496723457,"created_unixtime":1489538080940,"created_time":"Wed Mar 15 00:34:40 +0000 2017","lang":"en","displayname":"boNiTA_RiTA_","time_zone":"Central Time (US & Canada)","msg":"RT ihearrtstuds Sad but true 😢 https//tco/v44iz69nFz"}
{"tweet_id":841809841333100544,"created_unixtime":1489538080901,"created_time":"Wed Mar 15 00:34:40 +0000 2017","lang":"en","displayname":"_QueenGhee","time_zone":"America/New_York","msg":"RT TheLaunchMag Happy Birthday Merlin SantanaRIP https//tco/fYP1Y7MxDi"}
{"tweet_id":841809841597247488,"created_unixtime":1489538080964,"created_time":"Wed Mar 15 00:34:40 +0000 2017","lang":"en","displayname":"8angiehdz","time_zone":"","msg":"RT ilovefIowers if ur sad https//tco/cwXvLBIWEu"}
{"tweet_id":841809841299566592,"created_unixtime":1489538080893,"created_time":"Wed Mar 15 00:34:40 +0000 2017","lang":"en","displayname":"GearsOfRage2001","time_zone":"","msg":"RT CoalitionGears Happy 314 Day at The Coalition PiDay https//tco/TAnwRNtJax"}
{"tweet_id":841809841651879937,"created_unixtime":1489538080977,"created_time":"Wed Mar 15 00:34:40 +0000 2017","lang":"und","displayname":"kateyspagel","time_zone":"Eastern Time (US & Canada)","msg":"DModeski IndieAltTunes sad"}
{"tweet_id":841809840905326592,"created_unixtime":1489538080799,"created_time":"Wed Mar 15 00:34:40 +0000 2017","lang":"en","displayname":"ARoseWhikidd","time_zone":"Eastern Time (US & Canada)","msg":"Why isnt Trump angrily tweeting about this Isnt that why people like him Sad https//tco/xJYd1lbCWA"}
{"tweet_id":841809842172006400,"created_unixtime":1489538081101,"created_time":"Wed Mar 15 00:34:41 +0000 2017","lang":"en","displayname":"myers6498","time_zone":"","msg":"JaiquanCrook Happy birthday man hope its a good one 💯"}
{"tweet_id":841809842289430528,"created_unixtime":1489538081129,"created_time":"Wed Mar 15 00:34:41 +0000 2017","lang":"en","displayname":"mikechris225","time_zone":"Eastern Time (US & Canada)","msg":"Just experienced the most painful cramp in my life and now Im sad"}
{"tweet_id":841809842281021440,"created_unixtime":1489538081127,"created_time":"Wed Mar 15 00:34:41 +0000 2017","lang":"en","displayname":"KDots_Wife","time_zone":"Atlantic Time (Canada)","msg":"RT BdotAdot5 Happy Birthday Brudder ✊🏽💯 StephenCurry30 https//tco/fxunT808HC"}
{"tweet_id":841809842444607489,"created_unixtime":1489538081166,"created_time":"Wed Mar 15 00:34:41 +0000 2017","lang":"en","displayname":"Lil_Vittless","time_zone":"","msg":"RT BillNye Happy 314 Day peoples"}
{"tweet_id":841809842750816258,"created_unixtime":1489538081239,"created_time":"Wed Mar 15 00:34:41 +0000 2017","lang":"en","displayname":"WireFM","time_zone":"Dublin","msg":"Happy Wednesday You know were officially half way towards the weekend now right Sam x LateShow"}
{"tweet_id":841809842926895104,"created_unixtime":1489538081281,"created_time":"Wed Mar 15 00:34:41 +0000 2017","lang":"en","displayname":"IsaacLagarda","time_zone":"Pacific Time (US & Canada)","msg":"A1 this is sad I dont have a best friend but I did at some point TipsyChat https//tco/vSDY5HbAhF"}
{"tweet_id":841809843237335040,"created_unixtime":1489538081355,"created_time":"Wed Mar 15 00:34:41 +0000 2017","lang":"en","displayname":"QuietStr1ke","time_zone":"","msg":"RT lazygamereviews Happy to have helped  https//tco/pnWo5hTCNy"}
{"tweet_id":841809843535073280,"created_unixtime":1489538081426,"created_time":"Wed Mar 15 00:34:41 +0000 2017","lang":"en","displayname":"Think_Nathan","time_zone":"Pacific Time (US & Canada)","msg":"RT kalebhorton Saying America is optimistic because CEOs are optimistic is like saying prisoners are happy because you heard the w… "}
{"tweet_id":841809842792759296,"created_unixtime":1489538081249,"created_time":"Wed Mar 15 00:34:41 +0000 2017","lang":"en","displayname":"Chris23___","time_zone":"","msg":"RT oliv3rrrr Words cant explain how happy I was  😭❤️💜💕💓 https//tco/KGj5GvIYLl"}
{"tweet_id":841809843723759616,"created_unixtime":1489538081471,"created_time":"Wed Mar 15 00:34:41 +0000 2017","lang":"en","displayname":"lazyroshan","time_zone":"","msg":"RT marIboros all girls really want is a guy to make her super happy all the time and to always be there for them"}
{"tweet_id":841809843681923074,"created_unixtime":1489538081461,"created_time":"Wed Mar 15 00:34:41 +0000 2017","lang":"en","displayname":"uhfamousk","time_zone":"","msg":"On L10 yall is a sad story 🤦🏾‍♀️"}
{"tweet_id":841809841270202368,"created_unixtime":1489538080886,"created_time":"Wed Mar 15 00:34:40 +0000 2017","lang":"en","displayname":"AuntTammy420","time_zone":"","msg":"DoYouScience Happy Pi Day https//tco/U7IopuZ3av"}
{"tweet_id":841809842624974850,"created_unixtime":1489538081209,"created_time":"Wed Mar 15 00:34:41 +0000 2017","lang":"en","displayname":"signaudio","time_zone":"Atlantic Time (Canada)","msg":"IM BEGGIN PLEASE DONT PLAY NO MORE SAD SONGS NO MORE SAD SONGS https//tco/bMSpq2KVSw"}
{"tweet_id":841809844185247744,"created_unixtime":1489538081581,"created_time":"Wed Mar 15 00:34:41 +0000 2017","lang":"en","displayname":"doodlebg70","time_zone":"Central Time (US & Canada)","msg":"RT JOEL9ONE Happy 314 day to my St Lunatics"}
{"tweet_id":841809844223000576,"created_unixtime":1489538081590,"created_time":"Wed Mar 15 00:34:41 +0000 2017","lang":"en","displayname":"kookieandyoung","time_zone":"London","msg":"RT seokmyg LIBRA yall just wanna be loved and respected You wanna be happy and have your goals accomplished"}
{"tweet_id":841809843593834497,"created_unixtime":1489538081440,"created_time":"Wed Mar 15 00:34:41 +0000 2017","lang":"en","displayname":"Liv_Hull_","time_zone":"Eastern Time (US & Canada)","msg":"SNART IM SO HAPPY SO MANY GOOD CHARACTERS ARE HERE TheFlash"}
{"tweet_id":841809844776574980,"created_unixtime":1489538081722,"created_time":"Wed Mar 15 00:34:41 +0000 2017","lang":"ja","displayname":"koneko_0123","time_zone":"","msg":"RT tsukiuta1 ☆Happy White Day①☆始「いつも応援ありがとう」春「俺たちから胸いっぱいの愛と感謝を♪」※DLOK※壁紙などマナーを守って使ってくださいね https//tco/SEVeCueeuP"}
{"tweet_id":841809844915048448,"created_unixtime":1489538081755,"created_time":"Wed Mar 15 00:34:41 +0000 2017","lang":"en","displayname":"TheeNatureBoy","time_zone":"Central Time (US & Canada)","msg":"Were so happy Even when we smiling out of fear"}
{"tweet_id":841809845359632385,"created_unixtime":1489538081861,"created_time":"Wed Mar 15 00:34:41 +0000 2017","lang":"en","displayname":"vibesharmony","time_zone":"","msg":"RT chwndIerriggs Hi Chandler Could Read the text that I made for you Done with great care if you can follow me I will be super hap… "}
{"tweet_id":841809845074382848,"created_unixtime":1489538081793,"created_time":"Wed Mar 15 00:34:41 +0000 2017","lang":"en","displayname":"m_sh3lly","time_zone":"Pacific Time (US & Canada)","msg":"I finished the Happy Moments task in Big Business Deluxe for Android https//tco/aPINzKrxHA Androidgames Android Gameinsight"}
{"tweet_id":841809845607125002,"created_unixtime":1489538081920,"created_time":"Wed Mar 15 00:34:41 +0000 2017","lang":"en","displayname":"__LINDsanity_","time_zone":"Central Time (US & Canada)","msg":"RT SarahPlz_ As long as youre happy who the hell cares"}
{"tweet_id":841809845988741120,"created_unixtime":1489538082011,"created_time":"Wed Mar 15 00:34:42 +0000 2017","lang":"ja","displayname":"raguna1192","time_zone":"Tokyo","msg":"RT servamp_to_utau 海未ちゃんhappy birthday🎉真面目で可愛い海未ちゃんが大好きです😭🙏園田海未生誕祭2017 海未推しはRT 3月15日は園田海未の誕生日 ラブライバーと繋がりたい RTした人全員フォローする… "}
{"tweet_id":841809845888155648,"created_unixtime":1489538081987,"created_time":"Wed Mar 15 00:34:41 +0000 2017","lang":"en","displayname":"JustineWeigel","time_zone":"","msg":"RT hidden saying im tired when youre actually sad"}
{"tweet_id":841809846248841216,"created_unixtime":1489538082073,"created_time":"Wed Mar 15 00:34:42 +0000 2017","lang":"en","displayname":"United_Rules","time_zone":"London","msg":"RT 5liveSport I am so happy but I am cryingThis is what it means to be a LCFC fan tonight EmotionalLEISEV https//tco/0DQWr7T8…"}
{"tweet_id":841809846039121920,"created_unixtime":1489538082023,"created_time":"Wed Mar 15 00:34:42 +0000 2017","lang":"en","displayname":"themainmunster","time_zone":"","msg":"RT _lilsunnyyy Talk to god more aint nothing wrong with you dont know what youre sad for you got clothes on your back and… "}
{"tweet_id":841809846533935104,"created_unixtime":1489538082141,"created_time":"Wed Mar 15 00:34:42 +0000 2017","lang":"en","displayname":"koojunwh0","time_zone":"Pacific Time (US & Canada)","msg":"RT ikonchixx I AM SO HAPPY DONT FREAKING TOUCH ME IVE BEEN OUT FOR IDK 3 DAYS AND AND THE NEWS LIKE THIS IS OUT 😭 MY BABIES"}
{"tweet_id":841809846357917696,"created_unixtime":1489538082099,"created_time":"Wed Mar 15 00:34:42 +0000 2017","lang":"en","displayname":"GpGQueen","time_zone":"","msg":"RT iamokaynow PiDay CureGP 4 GPMillions this Happy Pi  📝ing HR1187 https//tco/mINTiRtDXY our MotilityDisorderBill could save lives…"}
{"tweet_id":841809846815068160,"created_unixtime":1489538082208,"created_time":"Wed Mar 15 00:34:42 +0000 2017","lang":"en","displayname":"Shelbyy_xoxox","time_zone":"Eastern Time (US & Canada)","msg":"RT ODimonda just do what you gotta do to make yourself happy"}
{"tweet_id":841809847016288256,"created_unixtime":1489538082256,"created_time":"Wed Mar 15 00:34:42 +0000 2017","lang":"en","displayname":"FrankyNili","time_zone":"Kuala Lumpur","msg":"RT LiNluv94 LFC happy birthday ❤"}
{"tweet_id":841809847205150720,"created_unixtime":1489538082301,"created_time":"Wed Mar 15 00:34:42 +0000 2017","lang":"en","displayname":"theIarryrose","time_zone":"Pacific Time (US & Canada)","msg":"RT hidden saying im tired when youre actually sad"}
{"tweet_id":841809847452557314,"created_unixtime":1489538082360,"created_time":"Wed Mar 15 00:34:42 +0000 2017","lang":"en","displayname":"callieclaridy","time_zone":"","msg":"Happy birthday dearsavannaht  Hope its a good one❤️🎈"}
{"tweet_id":841809847523844096,"created_unixtime":1489538082377,"created_time":"Wed Mar 15 00:34:42 +0000 2017","lang":"en","displayname":"leximcleod1","time_zone":"","msg":"RT SincerelyTumblr So annoying when ppl are like ur always laughin U laugh at everything Its not that funny like OK sorry Im a hap…"}
{"tweet_id":841809847972581376,"created_unixtime":1489538082484,"created_time":"Wed Mar 15 00:34:42 +0000 2017","lang":"ja","displayname":"harrymegane1114","time_zone":"","msg":"RT a7qWEKd2ySq4TPK Happy Birthday海未ちゃん！μsの皆も祝ってくれてるよー＼／スクフェス園田海未生誕祭20173月15日は園田海未の誕生日 RTした人全員フォローする 3月15日は海未ちゃんの誕生日 https…"}
{"tweet_id":841809847846883328,"created_unixtime":1489538082454,"created_time":"Wed Mar 15 00:34:42 +0000 2017","lang":"en","displayname":"IknowDennY","time_zone":"Central Time (US & Canada)","msg":"RT DocGreen_Thumb Happy birthday DXXMXNXY I love and miss you everyday youll always be in my heart and thoughts turning up for u 👼🏼… "}
{"tweet_id":841809847393869824,"created_unixtime":1489538082346,"created_time":"Wed Mar 15 00:34:42 +0000 2017","lang":"en","displayname":"Jesshostos","time_zone":"","msg":"RT richthekid Focus on what makes you happy"}
{"tweet_id":841809848408854529,"created_unixtime":1489538082588,"created_time":"Wed Mar 15 00:34:42 +0000 2017","lang":"en","displayname":"renee_la_mer27","time_zone":"Pacific Time (US & Canada)","msg":"HAPPY PI DAY MOTHERFUCKERS 😆🤑✖➗➕➖💯"}
{"tweet_id":841809848694149120,"created_unixtime":1489538082656,"created_time":"Wed Mar 15 00:34:42 +0000 2017","lang":"en","displayname":"darksermons","time_zone":"","msg":"I think its sad that girls have to wear make up to feel good about themselvesEmbrace ya natural self"}
{"tweet_id":841809848568320002,"created_unixtime":1489538082626,"created_time":"Wed Mar 15 00:34:42 +0000 2017","lang":"en","displayname":"cardyovo","time_zone":"","msg":"RT warriors DubNation please join us in wishing StephenCurry30 a very Happy Birthday 🎈 https//tco/cByjiIEk25"}
{"tweet_id":841809848736047106,"created_unixtime":1489538082666,"created_time":"Wed Mar 15 00:34:42 +0000 2017","lang":"en","displayname":"lwill____","time_zone":"","msg":"mrfrankkk_  Happy Birthday Laka Imy ❤"}
{"tweet_id":841809849243512832,"created_unixtime":1489538082787,"created_time":"Wed Mar 15 00:34:42 +0000 2017","lang":"en","displayname":"ItzhakMatos","time_zone":"","msg":"RT JohnBoyega Shes gonna be happy to know that Im actually a big deal in the resistance"}
{"tweet_id":841809849201643520,"created_unixtime":1489538082777,"created_time":"Wed Mar 15 00:34:42 +0000 2017","lang":"en","displayname":"DennyD1","time_zone":"Eastern Time (US & Canada)","msg":"RT NASA Its PiDay It may be irrational but pi plays an important role in the work of scientists at NASA… "}
{"tweet_id":841809849289723904,"created_unixtime":1489538082798,"created_time":"Wed Mar 15 00:34:42 +0000 2017","lang":"en","displayname":"Hannnahhann","time_zone":"","msg":"RT mirraam_ im so happy with life amp the people in it "}
{"tweet_id":841809849553887232,"created_unixtime":1489538082861,"created_time":"Wed Mar 15 00:34:42 +0000 2017","lang":"tl","displayname":"macihoney16","time_zone":"","msg":"RT dhang02_ Bloomingfreshhappy anu pa bahahahaMBMayWard Ctto https//tco/r7smeyo3RV"}
{"tweet_id":841809848048140288,"created_unixtime":1489538082502,"created_time":"Wed Mar 15 00:34:42 +0000 2017","lang":"en","displayname":"FTangco","time_zone":"","msg":"RT Legionofaldub Good morning banana mainedcm 💜Your your banana 🍌 na aldenrichards02 waiting ALDUBxDTBYTugOfHearts https//tco/A…"}
{"tweet_id":841809850208268289,"created_unixtime":1489538083017,"created_time":"Wed Mar 15 00:34:43 +0000 2017","lang":"en","displayname":"frozn_margarita","time_zone":"Pacific Time (US & Canada)","msg":"NBCThisisUs Im ready for you to break my heart and make me happy all in one episode"}
{"tweet_id":841809849952399361,"created_unixtime":1489538082956,"created_time":"Wed Mar 15 00:34:42 +0000 2017","lang":"en","displayname":"ShaneRaftery","time_zone":"Pacific Time (US & Canada)","msg":"Congrats Chrismolloy_ amp all the team Lemontree_lk on your RAI_ie  restawards FoodChamps https//tco/t7iEBykw2K"}
{"tweet_id":841809850212466688,"created_unixtime":1489538083018,"created_time":"Wed Mar 15 00:34:43 +0000 2017","lang":"en","displayname":"yxngb","time_zone":"Central Time (US & Canada)","msg":"ogeeerin__ happy birthday Erin u look cute girl 💋"}
{"tweet_id":841809849881092097,"created_unixtime":1489538082939,"created_time":"Wed Mar 15 00:34:42 +0000 2017","lang":"es","displayname":"inwoodbg","time_zone":"","msg":"Cuando de happy hour se trata  somos los numero 1 de todo Nueva york  Inwood Bar and Grill https//tco/7vLikew1iA"}
{"tweet_id":841809850677907456,"created_unixtime":1489538083129,"created_time":"Wed Mar 15 00:34:43 +0000 2017","lang":"en","displayname":"spacesrain","time_zone":"Perth","msg":"RT lqjjk a happy bunny https//tco/BDODvRcYT1"}
{"tweet_id":841809850103431169,"created_unixtime":1489538082992,"created_time":"Wed Mar 15 00:34:42 +0000 2017","lang":"en","displayname":"sasameekus","time_zone":"","msg":"RT girlposts Someone When was the last time u were truly happyMe https//tco/wzhzedcF5P"}
{"tweet_id":841809851193806848,"created_unixtime":1489538083252,"created_time":"Wed Mar 15 00:34:43 +0000 2017","lang":"ja","displayname":"MMDStuff","time_zone":"","msg":"RT poosan1125 海未ちゃんお誕生日ｵﾒﾃﾞﾄ ヽ｀･ω･´ﾉ ｲｪｲHappy Birthday☆｡ﾟ園田海未生誕祭2017 園田海未生誕祭 3月15日は園田海未の誕生日 RTした人全員フォローする https//tco…"}
{"tweet_id":841809851558772736,"created_unixtime":1489538083339,"created_time":"Wed Mar 15 00:34:43 +0000 2017","lang":"en","displayname":"rhedmanzano","time_zone":"","msg":"RT WordsPosts Just be happy Ignore them 👍"}
{"tweet_id":841809851634323458,"created_unixtime":1489538083357,"created_time":"Wed Mar 15 00:34:43 +0000 2017","lang":"en","displayname":"jakeclarke","time_zone":"Central Time (US & Canada)","msg":"mattxbailey thats too sad for me to handle"}
{"tweet_id":841809851814707202,"created_unixtime":1489538083400,"created_time":"Wed Mar 15 00:34:43 +0000 2017","lang":"en","displayname":"LolitaZenpie","time_zone":"Atlantic Time (Canada)","msg":"They both dead and became AIs lmao https//tco/9j5gDXLe9w"}
{"tweet_id":841809851097464836,"created_unixtime":1489538083229,"created_time":"Wed Mar 15 00:34:43 +0000 2017","lang":"en","displayname":"mattywarner_","time_zone":"","msg":"RT sophieormiston6 Happy birthday mattywarner_ have an amazing day all though I hate u xx https//tco/uA4y3Qjg0E"}
{"tweet_id":841809851827273729,"created_unixtime":1489538083403,"created_time":"Wed Mar 15 00:34:43 +0000 2017","lang":"en","displayname":"MrFrost_39","time_zone":"","msg":"RT thedailyjaws Happy 84th Birthday Sir Michael Caine 🎂🎂🎂 jaws Revenge Birthday happybirthday Michaelcaine legend quote… "}
