{"tweet_id":841810727157551105,"created_unixtime":1489538292098,"created_time":"Wed Mar 15 00:38:12 +0000 2017","lang":"en","displayname":"TheHustleEmpire","time_zone":"Eastern Time (US & Canada)","msg":"SMOKEY DA RAPPER  HAPPY BIRTHDAY  Support The Hustle https//tco/pMO4S3rEfS Smokey305"}
{"tweet_id":841810727115587588,"created_unixtime":1489538292088,"created_time":"Wed Mar 15 00:38:12 +0000 2017","lang":"en","displayname":"Jinjinismybias","time_zone":"Buenos Aires","msg":"RT moonbeantrash Should sleep now once again happy birthday leader ♡♡별들의_리더_박진우_생일축하해HappyJinJinDay https//tco/GHJ3n4PbQC"}
{"tweet_id":841810727279198208,"created_unixtime":1489538292127,"created_time":"Wed Mar 15 00:38:12 +0000 2017","lang":"ja","displayname":"haltanchuki2","time_zone":"Tokyo","msg":"15日 毎月記念日毎日幸せありがとう everydayhappy I am happy that I met you毎月彼に感謝する日写真は、前のものだよ…💧 https//tco/Aj05LG9k0b"}
{"tweet_id":841810727459528708,"created_unixtime":1489538292170,"created_time":"Wed Mar 15 00:38:12 +0000 2017","lang":"en","displayname":"CrossJay6","time_zone":"","msg":"RT sobbed why are you sadi dont knowno reasonoh no there are plenty of reasons im just not really sure which one it is thi…"}
{"tweet_id":841810727518248961,"created_unixtime":1489538292184,"created_time":"Wed Mar 15 00:38:12 +0000 2017","lang":"en","displayname":"prabsrai_","time_zone":"London","msg":"RT Stormzy1 Do what makes you happy mate"}
{"tweet_id":841810726385782784,"created_unixtime":1489538291914,"created_time":"Wed Mar 15 00:38:11 +0000 2017","lang":"en","displayname":"chancebellows","time_zone":"","msg":"PrimmSherryrp Thanks for the follow back Sherry Great tweets great gorgeous lady Happy PiDay  https//tco/X14VOAx72X"}
{"tweet_id":841810728050950147,"created_unixtime":1489538292311,"created_time":"Wed Mar 15 00:38:12 +0000 2017","lang":"en","displayname":"solusnan1","time_zone":"","msg":"RT PolitJunkieM 1stGrumpydude solusnan1 ajlalexander Sadbut trueAndfor those Trump votersthis appliesgt https//tco/VRsLzo0wJa"}
{"tweet_id":841810728029941760,"created_unixtime":1489538292306,"created_time":"Wed Mar 15 00:38:12 +0000 2017","lang":"en","displayname":"Buckeye__Ryan","time_zone":"Eastern Time (US & Canada)","msg":"The youths didnt get this joke and that makes me sad"}
{"tweet_id":841810728059318276,"created_unixtime":1489538292313,"created_time":"Wed Mar 15 00:38:12 +0000 2017","lang":"en","displayname":"aaronruiz145","time_zone":"","msg":"Im a guy btw dont get to happy  — 😂😂 https//tco/Ac6YcuxOUi"}
{"tweet_id":841810727673421824,"created_unixtime":1489538292221,"created_time":"Wed Mar 15 00:38:12 +0000 2017","lang":"in","displayname":"puffyriceball","time_zone":"Eastern Time (US & Canada)","msg":"happy pi day uwu"}
{"tweet_id":841810728407441408,"created_unixtime":1489538292396,"created_time":"Wed Mar 15 00:38:12 +0000 2017","lang":"en","displayname":"lexialou11","time_zone":"","msg":"RT praises i could chill at my boyfriends house amp he can spend 0 on me amp i would be happy asf yall girls crazy"}
{"tweet_id":841810728306806784,"created_unixtime":1489538292372,"created_time":"Wed Mar 15 00:38:12 +0000 2017","lang":"en","displayname":"IngridMrtel","time_zone":"London","msg":"RT WhitePplQuote Wishing their parents a happy birthday on Instagram or Twitter when their parents dont have social media"}
{"tweet_id":841810728633872384,"created_unixtime":1489538292450,"created_time":"Wed Mar 15 00:38:12 +0000 2017","lang":"en","displayname":"kk23nie","time_zone":"","msg":"RT Ms_Maiden07 DTBY Airtime 35 secs more TS airtime  we are happy 😊 2 mins 30 secs more commercial airing  more advertiser… "}
{"tweet_id":841810728843595776,"created_unixtime":1489538292500,"created_time":"Wed Mar 15 00:38:12 +0000 2017","lang":"tl","displayname":"meekaamore","time_zone":"","msg":"sakita i lakaw oyyy sakit sad kay ilihok bisag gahigda 😭😭"}
{"tweet_id":841810728545865729,"created_unixtime":1489538292429,"created_time":"Wed Mar 15 00:38:12 +0000 2017","lang":"en","displayname":"destinyj03","time_zone":"","msg":"RT D_Deji28 Do you guys know why he was killed A girl lied that he raped her and her brother shot him dead https//tco/IWDVDZp3rz"}
{"tweet_id":841810728256454656,"created_unixtime":1489538292360,"created_time":"Wed Mar 15 00:38:12 +0000 2017","lang":"en","displayname":"legitiphones","time_zone":"Pacific Time (US & Canada)","msg":"RT sobbed why are you sadi dont knowno reasonoh no there are plenty of reasons im just not really sure which one it is thi…"}
{"tweet_id":841810729057570816,"created_unixtime":1489538292551,"created_time":"Wed Mar 15 00:38:12 +0000 2017","lang":"en","displayname":"StrawHat187","time_zone":"Amsterdam","msg":"RT Stormzy1 Do what makes you happy mate"}
{"tweet_id":841810729288273920,"created_unixtime":1489538292606,"created_time":"Wed Mar 15 00:38:12 +0000 2017","lang":"en","displayname":"Alieriannerye","time_zone":"","msg":"phangz18 Happy Birthday eugeneedelro Hope you have a great one💙🎉"}
{"tweet_id":841810729674117121,"created_unixtime":1489538292698,"created_time":"Wed Mar 15 00:38:12 +0000 2017","lang":"en","displayname":"Sarah_Molinar","time_zone":"Central Time (US & Canada)","msg":"Happy birthday BeJones98"}
{"tweet_id":841810730022137857,"created_unixtime":1489538292781,"created_time":"Wed Mar 15 00:38:12 +0000 2017","lang":"en","displayname":"jelyncallo2","time_zone":"","msg":"RT PBBKAHOUSE I cried I was sad I was guilty I was everything Edward MBMayWard"}
{"tweet_id":841810730034827264,"created_unixtime":1489538292784,"created_time":"Wed Mar 15 00:38:12 +0000 2017","lang":"en","displayname":"E_J_R_M","time_zone":"Pacific Time (US & Canada)","msg":"RT sobbed why are you sadi dont knowno reasonoh no there are plenty of reasons im just not really sure which one it is thi…"}
{"tweet_id":841810730097696775,"created_unixtime":1489538292799,"created_time":"Wed Mar 15 00:38:12 +0000 2017","lang":"en","displayname":"Syifaauliass","time_zone":"Bangkok","msg":"RT fanatic_got7 I just love mark so much he has a pure kind heart oh my god im crying again  ill do everything to make your… "}
{"tweet_id":841810729271463936,"created_unixtime":1489538292602,"created_time":"Wed Mar 15 00:38:12 +0000 2017","lang":"und","displayname":"jackiechallis","time_zone":"Pacific Time (US & Canada)","msg":"Kmarsh95 lt3 https//tco/n5ceEupXI3"}
{"tweet_id":841810730030649345,"created_unixtime":1489538292783,"created_time":"Wed Mar 15 00:38:12 +0000 2017","lang":"en","displayname":"stephsewanyana","time_zone":"","msg":"RT Simone_Biles happy birthday to all the march 14th babies  🖤"}
{"tweet_id":841810730114465792,"created_unixtime":1489538292803,"created_time":"Wed Mar 15 00:38:12 +0000 2017","lang":"en","displayname":"parisgodfrey","time_zone":"Arizona","msg":"RT D_Deji28 Do you guys know why he was killed A girl lied that he raped her and her brother shot him dead https//tco/IWDVDZp3rz"}
{"tweet_id":841810729305034752,"created_unixtime":1489538292610,"created_time":"Wed Mar 15 00:38:12 +0000 2017","lang":"en","displayname":"ABoyNamedJohnNJ","time_zone":"Eastern Time (US & Canada)","msg":"Happy Pi Day everyone https//tco/4VPDpfV4iv"}
{"tweet_id":841810730609328128,"created_unixtime":1489538292921,"created_time":"Wed Mar 15 00:38:12 +0000 2017","lang":"en","displayname":"gamecubeslayer","time_zone":"","msg":"JezCorden I dreamt I was playing Nier on xbox one but not only was it a disappointment to wake up to it was a sad reality "}
{"tweet_id":841810730584289284,"created_unixtime":1489538292915,"created_time":"Wed Mar 15 00:38:12 +0000 2017","lang":"en","displayname":"LovelyBlessing_","time_zone":"Quito","msg":"Every time I watch Pride I cry and its not even a sad movie lol"}
{"tweet_id":841810730722725891,"created_unixtime":1489538292948,"created_time":"Wed Mar 15 00:38:12 +0000 2017","lang":"en","displayname":"pnoriega24","time_zone":"Mountain Time (US & Canada)","msg":"RT andibeth012 SAVE ME ABND HAPPY SOCIAL SWEET LOVING 2yr PUP ABND FKU OWNER MFKRS NYCACC 3/15 ON GDM KILL SPREE GET HIM OUT PZ… "}
{"tweet_id":841810730504585221,"created_unixtime":1489538292896,"created_time":"Wed Mar 15 00:38:12 +0000 2017","lang":"en","displayname":"jordanmsims","time_zone":"","msg":"bittner_connor Happy birthday Connor  Miss you 😊"}
{"tweet_id":841810730349338624,"created_unixtime":1489538292859,"created_time":"Wed Mar 15 00:38:12 +0000 2017","lang":"ja","displayname":"kanako19940712","time_zone":"","msg":"ももか、Happy Birthday✨ダンスと歌声を届けてください😁小さな巨人にエールを送り続けます！ https//tco/l4Ylg5W9yP"}
{"tweet_id":841810728914964481,"created_unixtime":1489538292517,"created_time":"Wed Mar 15 00:38:12 +0000 2017","lang":"en","displayname":"peachey_mollie","time_zone":"","msg":"olivialuc1 Happy 18th birthday to my longest friend👭 hope you have the best day lots of love💗💕 https//tco/CMPtz7goT7"}
{"tweet_id":841810730957463554,"created_unixtime":1489538293004,"created_time":"Wed Mar 15 00:38:13 +0000 2017","lang":"en","displayname":"clouroutheang","time_zone":"Alaska","msg":"RT warriors DubNation please join us in wishing StephenCurry30 a very Happy Birthday 🎈 https//tco/cByjiIEk25"}
{"tweet_id":841810731083436032,"created_unixtime":1489538293034,"created_time":"Wed Mar 15 00:38:13 +0000 2017","lang":"en","displayname":"Leogan3hunna","time_zone":"Atlantic Time (Canada)","msg":"a_gutowski happy birthday🎈🎉"}
{"tweet_id":841810730953396224,"created_unixtime":1489538293003,"created_time":"Wed Mar 15 00:38:13 +0000 2017","lang":"en","displayname":"Cornett_ems","time_zone":"","msg":"samantha_479 happy birthday 🎉🎁🎂🎊🎈😁😁💞💞"}
{"tweet_id":841810731024711680,"created_unixtime":1489538293020,"created_time":"Wed Mar 15 00:38:13 +0000 2017","lang":"en","displayname":"J_G1en","time_zone":"Pacific Time (US & Canada)","msg":"RT RMConservative Very sad to listen to VP mislead marklevinshows audience talks about free market nothing about it gets rid of it"}
{"tweet_id":841810730886270976,"created_unixtime":1489538292987,"created_time":"Wed Mar 15 00:38:12 +0000 2017","lang":"en","displayname":"LordBexar","time_zone":"Central Time (US & Canada)","msg":"RT StatsMuseum Happy International Pi Day PiDay piday2017 blackandstem https//tco/WVMMkFj5bF"}
{"tweet_id":841810731024699395,"created_unixtime":1489538293020,"created_time":"Wed Mar 15 00:38:13 +0000 2017","lang":"en","displayname":"nodramahea","time_zone":"Eastern Time (US & Canada)","msg":"RT comermd NancyPelosi The most disillusioned Dem in DC Raising Money for a Disillusioned Al Jazeera Puppet Sad GA06… "}
{"tweet_id":841810731146211329,"created_unixtime":1489538293049,"created_time":"Wed Mar 15 00:38:13 +0000 2017","lang":"en","displayname":"marionalaba","time_zone":"Beijing","msg":"RT ilovefIowers if ur sad https//tco/cwXvLBIWEu"}
{"tweet_id":841810731179868160,"created_unixtime":1489538293057,"created_time":"Wed Mar 15 00:38:13 +0000 2017","lang":"en","displayname":"Taglion_EthanMS","time_zone":"London","msg":"RT DanielJHannan Happy Commonwealth Day to 25 billion people bound together by a dream of liberty 🇮🇳🇵🇰🇳🇬🇧🇩🇿🇦🇹🇿🇰🇪🇨🇦🇺🇬🇲🇾🇬🇭🇲🇿🇦🇺🇨🇲🇱🇰🇲🇼🇿🇲🇷🇼…"}
{"tweet_id":841810731561562112,"created_unixtime":1489538293148,"created_time":"Wed Mar 15 00:38:13 +0000 2017","lang":"en","displayname":"lizzyyxox","time_zone":"","msg":"RT passionfuI I high key just wanna make sure you’re happy as fuck"}
{"tweet_id":841810732039585792,"created_unixtime":1489538293262,"created_time":"Wed Mar 15 00:38:13 +0000 2017","lang":"en","displayname":"mermaidleelee","time_zone":"","msg":"RT _ceeleste14 Oh my😭😭😭My love 😢💕💕 happy anniversary❤ https//tco/nmHeZOhTDi"}
{"tweet_id":841810731196600320,"created_unixtime":1489538293061,"created_time":"Wed Mar 15 00:38:13 +0000 2017","lang":"en","displayname":"slapinurgrandma","time_zone":"Pacific Time (US & Canada)","msg":"I found one but now theres a problem why can I never be happy https//tco/btuvM4A3xB"}
{"tweet_id":841810731079221248,"created_unixtime":1489538293033,"created_time":"Wed Mar 15 00:38:13 +0000 2017","lang":"en","displayname":"kyl3_walker","time_zone":"","msg":"Sad that people actually do this  https//tco/TuFJJzD9NL"}
{"tweet_id":841810732312227841,"created_unixtime":1489538293327,"created_time":"Wed Mar 15 00:38:13 +0000 2017","lang":"en","displayname":"MistressDrea","time_zone":"Pacific Time (US & Canada)","msg":"Im so happy its Maddow who is breaking this story"}
{"tweet_id":841810732387770368,"created_unixtime":1489538293345,"created_time":"Wed Mar 15 00:38:13 +0000 2017","lang":"en","displayname":"freeandfunny14","time_zone":"","msg":"RT WayneDupreeShow THIS WAS SAD Cuomo Just Lost It Just Because Fergusons Michael Brown Sold Drugs Doesnt Make Him A Drug Dealer ht…"}
{"tweet_id":841810731825823745,"created_unixtime":1489538293211,"created_time":"Wed Mar 15 00:38:13 +0000 2017","lang":"en","displayname":"vasanthy1111","time_zone":"","msg":"Mahatria Happy Morning"}
{"tweet_id":841810733104939009,"created_unixtime":1489538293516,"created_time":"Wed Mar 15 00:38:13 +0000 2017","lang":"en","displayname":"itsthitinan","time_zone":"Pacific Time (US & Canada)","msg":"RT cambogle Shout out to the people who are constantly making sure everyone else is happy… make sure you’re not forgetting about your own…"}
{"tweet_id":841810733121863684,"created_unixtime":1489538293520,"created_time":"Wed Mar 15 00:38:13 +0000 2017","lang":"en","displayname":"NevarezJaz","time_zone":"Eastern Time (US & Canada)","msg":"RT sandraamador99 NevarezJaz happy birthday 🎉🎈🤓"}
{"tweet_id":841810733457272832,"created_unixtime":1489538293600,"created_time":"Wed Mar 15 00:38:13 +0000 2017","lang":"en","displayname":"zheenMakuleetzz","time_zone":"","msg":"RT PBBKAHOUSE I cried I was sad I was guilty I was everything Edward MBMayWard"}
{"tweet_id":841810731171516419,"created_unixtime":1489538293055,"created_time":"Wed Mar 15 00:38:13 +0000 2017","lang":"en","displayname":"emkparu","time_zone":"","msg":"RT sobbed why are you sadi dont knowno reasonoh no there are plenty of reasons im just not really sure which one it is thi…"}
{"tweet_id":841810732471717888,"created_unixtime":1489538293365,"created_time":"Wed Mar 15 00:38:13 +0000 2017","lang":"en","displayname":"amberlaflare","time_zone":"Eastern Time (US & Canada)","msg":"RT jadenjona A thread that makes me sad and happy at the same time https//tco/YeXAHhnwre"}
{"tweet_id":841810732819861504,"created_unixtime":1489538293448,"created_time":"Wed Mar 15 00:38:13 +0000 2017","lang":"en","displayname":"Donconway_","time_zone":"London","msg":"RT ILYAAS_96 Big man ting am I the only one who sees that  nvm 😂😂😂 https//tco/CpNweorv2I"}
{"tweet_id":841810733474160640,"created_unixtime":1489538293604,"created_time":"Wed Mar 15 00:38:13 +0000 2017","lang":"en","displayname":"neub","time_zone":"Central Time (US & Canada)","msg":"RT ActualFlatticus Its my sad duty to announce that there is no line item for bribes from Russian oligarchs on a 1040 form https//t…"}
{"tweet_id":841810733985894401,"created_unixtime":1489538293726,"created_time":"Wed Mar 15 00:38:13 +0000 2017","lang":"en","displayname":"MaxLove0214","time_zone":"","msg":"RT chadfishburne JordanPeele So happy proud amp jazzed I cant even express it  Love you man Been working but seeing getout this we…"}
{"tweet_id":841810733914558465,"created_unixtime":1489538293709,"created_time":"Wed Mar 15 00:38:13 +0000 2017","lang":"en","displayname":"mummadear","time_zone":"Eastern Time (US & Canada)","msg":"MomItForward A6 Food makes me very happy AvoHappiness gno My grandmas lemon cake is probably my favorite"}
{"tweet_id":841810733839073280,"created_unixtime":1489538293691,"created_time":"Wed Mar 15 00:38:13 +0000 2017","lang":"en","displayname":"RachelEiley","time_zone":"Eastern Time (US & Canada)","msg":"JAYYYYYYYYYYYYYYYYY every time I see him I want to say Henry first and that makes me really sad TheFlash"}
{"tweet_id":841810734216577024,"created_unixtime":1489538293781,"created_time":"Wed Mar 15 00:38:13 +0000 2017","lang":"en","displayname":"hawtdeals","time_zone":"Pacific Time (US & Canada)","msg":"RT sobbed why are you sadi dont knowno reasonoh no there are plenty of reasons im just not really sure which one it is thi…"}
{"tweet_id":841810734153637888,"created_unixtime":1489538293766,"created_time":"Wed Mar 15 00:38:13 +0000 2017","lang":"en","displayname":"one_sayers","time_zone":"","msg":"The Vampire Diaries S6  I’d Leave My Happy Home For You E20  AfterBuzz TV AfterShow by AfterBuzz TV https//tco/PqYwxNO70K"}
{"tweet_id":841810734510161921,"created_unixtime":1489538293851,"created_time":"Wed Mar 15 00:38:13 +0000 2017","lang":"en","displayname":"Eve_Rags","time_zone":"London","msg":"RT Stormzy1 Do what makes you happy mate"}
{"tweet_id":841810734694645760,"created_unixtime":1489538293895,"created_time":"Wed Mar 15 00:38:13 +0000 2017","lang":"en","displayname":"dar020304","time_zone":"","msg":"RT tinluvsmaichard Makulay na umaga happy banana mainedcm Imagine this boy happy to see a banana you as ADN Love you https//tco/…"}
{"tweet_id":841810734547910657,"created_unixtime":1489538293860,"created_time":"Wed Mar 15 00:38:13 +0000 2017","lang":"en","displayname":"jailaalyanna","time_zone":"","msg":"RT obxcurity I high key just wanna make sure you’re happy as fuck"}
{"tweet_id":841810734711492608,"created_unixtime":1489538293899,"created_time":"Wed Mar 15 00:38:13 +0000 2017","lang":"en","displayname":"PinaGenise","time_zone":"Rome","msg":"diegoluna_ This is so sad It breaks my heart"}
{"tweet_id":841810733541281793,"created_unixtime":1489538293620,"created_time":"Wed Mar 15 00:38:13 +0000 2017","lang":"en","displayname":"_nanysabr","time_zone":"","msg":"SO much love for this one right here We argue a lot but at the end of the day I will always have her back Happy 1… https//tco/T9OdPlFQ75"}
{"tweet_id":841810734866558976,"created_unixtime":1489538293936,"created_time":"Wed Mar 15 00:38:13 +0000 2017","lang":"en","displayname":"GuttoLAoficial","time_zone":"Brasilia","msg":"Be happy minions banana hollywood universalstudios  Universal Studios Hollywood https//tco/JEe6XECr9Q"}
{"tweet_id":841810735210483713,"created_unixtime":1489538294018,"created_time":"Wed Mar 15 00:38:14 +0000 2017","lang":"en","displayname":"gift_delgado","time_zone":"Beijing","msg":"RT KeepCaImTweets Be happy Be who you wanna be If others dont like it then let them be Happiness is a choice Life isnt about pleas…"}
{"tweet_id":841810734250102784,"created_unixtime":1489538293789,"created_time":"Wed Mar 15 00:38:13 +0000 2017","lang":"en","displayname":"AnnetteMercede1","time_zone":"Atlantic Time (Canada)","msg":"BQQuinn Happy Birthday"}
{"tweet_id":841810735013453825,"created_unixtime":1489538293971,"created_time":"Wed Mar 15 00:38:13 +0000 2017","lang":"en","displayname":"IAmSaraShahidi","time_zone":"Pacific Time (US & Canada)","msg":"Happy Chaharshanbeh Soori to all Iranians Hope youve enjoyed/enjoying/enjoy all the… https//tco/xkpnygj0pq"}
{"tweet_id":841810735864799232,"created_unixtime":1489538294174,"created_time":"Wed Mar 15 00:38:14 +0000 2017","lang":"en","displayname":"psalmantuuh","time_zone":"","msg":"yay happy 16k"}
{"tweet_id":841810735667793921,"created_unixtime":1489538294127,"created_time":"Wed Mar 15 00:38:14 +0000 2017","lang":"en","displayname":"dave31_sam","time_zone":"Pacific Time (US & Canada)","msg":"RT BIAFRANFORREAL EmekaGift Happy Birthday to you specially on this great and memorable day All hail Biafra"}
{"tweet_id":841810735885873152,"created_unixtime":1489538294179,"created_time":"Wed Mar 15 00:38:14 +0000 2017","lang":"en","displayname":"K_Bobanator","time_zone":"Pacific Time (US & Canada)","msg":"RT _miasugg_ Id be happy for no school tomorrow but now the musical is screwed"}
{"tweet_id":841810733734219777,"created_unixtime":1489538293666,"created_time":"Wed Mar 15 00:38:13 +0000 2017","lang":"en","displayname":"melanielopzz","time_zone":"","msg":"So happy to have seen this lovely soul today 💗 haytarling https//tco/83vX7nnmwd"}
{"tweet_id":841810736556851200,"created_unixtime":1489538294339,"created_time":"Wed Mar 15 00:38:14 +0000 2017","lang":"en","displayname":"thtrandomgamer","time_zone":"Pacific Time (US & Canada)","msg":"RT timthetatman happy to announce Razer as my newest sponsor been using their stuff for years kicking it off with a giveaway https//t…"}
{"tweet_id":841810735546146816,"created_unixtime":1489538294098,"created_time":"Wed Mar 15 00:38:14 +0000 2017","lang":"en","displayname":"ballboy302","time_zone":"","msg":"RT tmskevin21 Happy to say that I have received another offer from Wayne state‼️🙌🏾✅ https//tco/BnRZ5GAUFg"}
{"tweet_id":841810737215418368,"created_unixtime":1489538294496,"created_time":"Wed Mar 15 00:38:14 +0000 2017","lang":"en","displayname":"mflangit","time_zone":"Singapore","msg":"RT SincerelyTumblr So annoying when ppl are like ur always laughin U laugh at everything Its not that funny like OK sorry Im a hap…"}
{"tweet_id":841810736959619072,"created_unixtime":1489538294435,"created_time":"Wed Mar 15 00:38:14 +0000 2017","lang":"en","displayname":"j2winters_","time_zone":"","msg":"RT D_Deji28 Do you guys know why he was killed A girl lied that he raped her and her brother shot him dead https//tco/IWDVDZp3rz"}
{"tweet_id":841810736988995584,"created_unixtime":1489538294442,"created_time":"Wed Mar 15 00:38:14 +0000 2017","lang":"en","displayname":"meghanElizbeth","time_zone":"Central Time (US & Canada)","msg":"Im honestly sad that I wont get to make an appearance at The Hangout this SB"}
{"tweet_id":841810737399906304,"created_unixtime":1489538294540,"created_time":"Wed Mar 15 00:38:14 +0000 2017","lang":"en","displayname":"MayWardBicol","time_zone":"Pacific Time (US & Canada)","msg":"RT PBBKAHOUSE I cried I was sad I was guilty I was everything Edward MBMayWard"}
{"tweet_id":841810734174597120,"created_unixtime":1489538293771,"created_time":"Wed Mar 15 00:38:13 +0000 2017","lang":"en","displayname":"Samychan5","time_zone":"","msg":"RT PGntr_ To yyx_d 🦊💕Happy Birthday  umm today is your birthday right  I hope you have a good things come to your life i… "}
{"tweet_id":841810737286778880,"created_unixtime":1489538294513,"created_time":"Wed Mar 15 00:38:14 +0000 2017","lang":"en","displayname":"itz_sarcasm","time_zone":"","msg":"RT sobbed why are you sadi dont knowno reasonoh no there are plenty of reasons im just not really sure which one it is thi…"}
{"tweet_id":841810737479610368,"created_unixtime":1489538294559,"created_time":"Wed Mar 15 00:38:14 +0000 2017","lang":"en","displayname":"SteveUreaCalder","time_zone":"","msg":"RT lorde felt like when i walk down the hall kind of drunk at a party and shut myself in a bedroom to mumble something happy or sad into…"}
{"tweet_id":841810737542647808,"created_unixtime":1489538294574,"created_time":"Wed Mar 15 00:38:14 +0000 2017","lang":"en","displayname":"Djtheballer3","time_zone":"","msg":"Happy Birthday bro ball out next season ‼️‼️ sonny_CB_WR"}
{"tweet_id":841810738075193344,"created_unixtime":1489538294701,"created_time":"Wed Mar 15 00:38:14 +0000 2017","lang":"en","displayname":"Xhernandez916","time_zone":"","msg":"RT neiltyson 314  Happy Piday to Gregorian calendar users who reckon dates with month followed by day separated by period omitting year"}
{"tweet_id":841810737601384448,"created_unixtime":1489538294588,"created_time":"Wed Mar 15 00:38:14 +0000 2017","lang":"en","displayname":"Taylor_eboni","time_zone":"","msg":"RT troytheblackguy All she wanted to do was say happy birthday to her friend but twitter just couldnt let her live lmaooo https//tco/X…"}
{"tweet_id":841810738217926656,"created_unixtime":1489538294735,"created_time":"Wed Mar 15 00:38:14 +0000 2017","lang":"en","displayname":"joeyonmars","time_zone":"International Date Line West","msg":"RT sobbed why are you sadi dont knowno reasonoh no there are plenty of reasons im just not really sure which one it is thi…"}
{"tweet_id":841810737064480768,"created_unixtime":1489538294460,"created_time":"Wed Mar 15 00:38:14 +0000 2017","lang":"en","displayname":"drconniejeon","time_zone":"Eastern Time (US & Canada)","msg":"Happy PiDay Check out this link for Healthy Pie Recipes https//tco/q13EimDvG2 https//tco/InuvoIdRm1"}
{"tweet_id":841810736187871233,"created_unixtime":1489538294251,"created_time":"Wed Mar 15 00:38:14 +0000 2017","lang":"en","displayname":"OliviaP82798952","time_zone":"","msg":"Hiii find new girl and be happy  https//tco/Df5sZaX0W4 https//tco/BP8SLdDWdL"}
{"tweet_id":841810738599600128,"created_unixtime":1489538294826,"created_time":"Wed Mar 15 00:38:14 +0000 2017","lang":"en","displayname":"giveawayding","time_zone":"Pacific Time (US & Canada)","msg":"Happy Birthday Kayla Hope your having a safe amp blessed day"}
{"tweet_id":841810738633183236,"created_unixtime":1489538294834,"created_time":"Wed Mar 15 00:38:14 +0000 2017","lang":"en","displayname":"ddeannee","time_zone":"Mexico City","msg":"RT ohteenquotes Spend life with who makes you happy not with who you have to impress"}
{"tweet_id":841810739060867073,"created_unixtime":1489538294936,"created_time":"Wed Mar 15 00:38:14 +0000 2017","lang":"en","displayname":"cadyyoung86","time_zone":"","msg":"RT lucyliciousmith Edward So happy to be here MBMayWard"}
{"tweet_id":841810738997944321,"created_unixtime":1489538294921,"created_time":"Wed Mar 15 00:38:14 +0000 2017","lang":"en","displayname":"Teeeeevo","time_zone":"Pacific Time (US & Canada)","msg":"what the lol  https//tco/nxxAdPfNgL"}
{"tweet_id":841810739245461504,"created_unixtime":1489538294980,"created_time":"Wed Mar 15 00:38:14 +0000 2017","lang":"en","displayname":"wizsopbi420","time_zone":"Pacific Time (US & Canada)","msg":"RT xWeedPosts Money doesnt buy happiness but it does buy weed and blunts And Ive never seen a person sad while smoking a blunt"}
{"tweet_id":841810738763190273,"created_unixtime":1489538294865,"created_time":"Wed Mar 15 00:38:14 +0000 2017","lang":"en","displayname":"Pakyfirst","time_zone":"Athens","msg":"RT ChampionsLeague Happy birthday former Real Madrid star amp UCL winner Nicolas Anelka🎈🎉🎂 https//tco/cdlxlFi4ut"}
{"tweet_id":841810739115503616,"created_unixtime":1489538294949,"created_time":"Wed Mar 15 00:38:14 +0000 2017","lang":"en","displayname":"xtonimontanax","time_zone":"","msg":"RT deadhomosexual me an actual angel can confirm that yes we do feel sad https//tco/ulHoGS2BER"}
{"tweet_id":841810739434274817,"created_unixtime":1489538295025,"created_time":"Wed Mar 15 00:38:15 +0000 2017","lang":"tl","displayname":"dave31_sam","time_zone":"Pacific Time (US & Canada)","msg":"RT ifybielu HAPPY BIRTHDAY EmekaGift WISHING U D BEST NWA CHIUKWUOKIKE ABIAMA OGA ADIRIGI NA NMA ISEE ISEE ISEE "}
{"tweet_id":841810739442647040,"created_unixtime":1489538295027,"created_time":"Wed Mar 15 00:38:15 +0000 2017","lang":"en","displayname":"Itravelvibes","time_zone":"","msg":"RT sobbed why are you sadi dont knowno reasonoh no there are plenty of reasons im just not really sure which one it is thi…"}
{"tweet_id":841810739585253377,"created_unixtime":1489538295061,"created_time":"Wed Mar 15 00:38:15 +0000 2017","lang":"en","displayname":"rieley_newhart","time_zone":"","msg":"RT newharttaylor14 Happy Birthday Ri 💕 love you sis wish I could be home with ya  rieley_newhart  https//tco/LYewu44GtD"}
{"tweet_id":841810739513843713,"created_unixtime":1489538295044,"created_time":"Wed Mar 15 00:38:15 +0000 2017","lang":"en","displayname":"jerrygehrung","time_zone":"Pacific Time (US & Canada)","msg":"danianderson9 happy birthday love 💗"}
{"tweet_id":841810738498965504,"created_unixtime":1489538294802,"created_time":"Wed Mar 15 00:38:14 +0000 2017","lang":"en","displayname":"Con_Bon4","time_zone":"Eastern Time (US & Canada)","msg":"Happy STLDay to all my fellow St Louisans 314 FromTheLouAndImProud"}
{"tweet_id":841810740193439744,"created_unixtime":1489538295206,"created_time":"Wed Mar 15 00:38:15 +0000 2017","lang":"en","displayname":"Week99er","time_zone":"Eastern Time (US & Canada)","msg":"RT MomItForward Q6 DOES FOOD MAKE YOU HAPPY WHAT DISHES MAKE YOU THE HAPPIEST AvoHappiness GNO PLS RT"}
{"tweet_id":841810739530735616,"created_unixtime":1489538295048,"created_time":"Wed Mar 15 00:38:15 +0000 2017","lang":"en","displayname":"scoutbebabo","time_zone":"Pacific Time (US & Canada)","msg":"Belated celebrations for his contributions to The Jackson5The Jacksonsampsolo artiststhanks for being part of my ch… https//tco/8y6GSehMze"}
{"tweet_id":841810740755365888,"created_unixtime":1489538295340,"created_time":"Wed Mar 15 00:38:15 +0000 2017","lang":"en","displayname":"kristy_chin21","time_zone":"","msg":"RT ohteenquotes Spend life with who makes you happy not with who you have to impress"}
{"tweet_id":841810740759552000,"created_unixtime":1489538295341,"created_time":"Wed Mar 15 00:38:15 +0000 2017","lang":"en","displayname":"cawwos","time_zone":"","msg":"RT HichardRerrera5 cawwos happy birthday vato make it a good one brother much love❤️🎉"}
{"tweet_id":841810740742885376,"created_unixtime":1489538295337,"created_time":"Wed Mar 15 00:38:15 +0000 2017","lang":"en","displayname":"dobrevkon","time_zone":"Mid-Atlantic","msg":"RT julieplec HAPPY HAPPY BIRTHDAY TO MY FRIEND AND PARTNERINEPIC kevwilliamson"}
{"tweet_id":841810740369580033,"created_unixtime":1489538295248,"created_time":"Wed Mar 15 00:38:15 +0000 2017","lang":"en","displayname":"madioatman15","time_zone":"","msg":"RT Thor38Thor everyone wish madioatman15 happy birthday tomorrow "}
{"tweet_id":841810740403179520,"created_unixtime":1489538295256,"created_time":"Wed Mar 15 00:38:15 +0000 2017","lang":"en","displayname":"renata_spagnolo","time_zone":"Brasilia","msg":"RT jackiehallx0xo Its sad watching someone you love struggle with drug addiction"}
{"tweet_id":841810738268139521,"created_unixtime":1489538294747,"created_time":"Wed Mar 15 00:38:14 +0000 2017","lang":"en","displayname":"lhmrsnz","time_zone":"","msg":"Happy Birthday Marcus 😘 Enjoy your day and please take care always I miss you see you soon We love you so much… https//tco/8bWga9CnmZ"}
{"tweet_id":841810740637974528,"created_unixtime":1489538295312,"created_time":"Wed Mar 15 00:38:15 +0000 2017","lang":"en","displayname":"Laurie51581354","time_zone":"","msg":"RT TomthunkitsMind The White House Is Not Happy About This Please Do Not Retweet This https//tco/J36RYpyuEg"}
{"tweet_id":841810740742914048,"created_unixtime":1489538295337,"created_time":"Wed Mar 15 00:38:15 +0000 2017","lang":"en","displayname":"Damorela00","time_zone":"West Central Africa","msg":"RT sobbed why are you sadi dont knowno reasonoh no there are plenty of reasons im just not really sure which one it is thi…"}
{"tweet_id":841810741158064128,"created_unixtime":1489538295436,"created_time":"Wed Mar 15 00:38:15 +0000 2017","lang":"en","displayname":"junker_ebooks","time_zone":"Pacific Time (US & Canada)","msg":"fallout facts 017Travis Miles is safe and happy and has things around him that make him comfortable and anxiety and stress free"}
{"tweet_id":841810740625436672,"created_unixtime":1489538295309,"created_time":"Wed Mar 15 00:38:15 +0000 2017","lang":"en","displayname":"LunarGabumon","time_zone":"Pacific Time (US & Canada)","msg":"RT badgerboxes Happy Gideon Grey Day~ https//tco/h2AhregQZ5"}
{"tweet_id":841810741246205952,"created_unixtime":1489538295457,"created_time":"Wed Mar 15 00:38:15 +0000 2017","lang":"en","displayname":"NexJql","time_zone":"","msg":"RT The_Joshiah Happy SteakampBJ Day https//tco/ChTohWnokg For nbowa and KasigFuchsGokuneed I say more NSFW RT and enjoy"}
{"tweet_id":841810741200060416,"created_unixtime":1489538295446,"created_time":"Wed Mar 15 00:38:15 +0000 2017","lang":"en","displayname":"MikaRosex","time_zone":"Pacific Time (US & Canada)","msg":"RT CristalCasellas I started to get sad that Im snowed in by myself but then I remembered Im by myself all the time el oh el"}
{"tweet_id":841810740893896704,"created_unixtime":1489538295373,"created_time":"Wed Mar 15 00:38:15 +0000 2017","lang":"en","displayname":"MrsPlugg","time_zone":"","msg":"RT CinniCSyd Y she so sadthats the real question https//tco/lMSrRzgccp"}
{"tweet_id":841810741518864387,"created_unixtime":1489538295522,"created_time":"Wed Mar 15 00:38:15 +0000 2017","lang":"en","displayname":"ExtraSpecialKay","time_zone":"","msg":"The best feeling is seeing all your friends happy and doing amazing things and reaching their goals and getting to root for them 😭❤✨✨✨"}
{"tweet_id":841810741552373762,"created_unixtime":1489538295530,"created_time":"Wed Mar 15 00:38:15 +0000 2017","lang":"en","displayname":"fangirlxidols","time_zone":"Pacific Time (US & Canada)","msg":"RT LittleMix NoMoreSadSongs for REAL❌❤️ weve made a SpotifyUK playlist with some happy songs☺️ what should we add X the girl… "}
{"tweet_id":841810742378561536,"created_unixtime":1489538295727,"created_time":"Wed Mar 15 00:38:15 +0000 2017","lang":"en","displayname":"wittyWOW","time_zone":"Beijing","msg":"RT warriors DubNation please join us in wishing StephenCurry30 a very Happy Birthday 🎈 https//tco/cByjiIEk25"}
{"tweet_id":841810741040676865,"created_unixtime":1489538295408,"created_time":"Wed Mar 15 00:38:15 +0000 2017","lang":"en","displayname":"cwwinc","time_zone":"Pacific Time (US & Canada)","msg":"https//tco/FnF6wlBKjD Room Ideas happy dancing crazy celebrate happy dance smosh shimmy crazy dance shay… https//tco/wzJSFWr2kR"}
{"tweet_id":841810742382747648,"created_unixtime":1489538295728,"created_time":"Wed Mar 15 00:38:15 +0000 2017","lang":"en","displayname":"JoeannIsaac","time_zone":"","msg":"RT motiquotees Trust yourself Create the kind of self that you will be happy to live with all your life Golda Meir"}
{"tweet_id":841810742072487937,"created_unixtime":1489538295654,"created_time":"Wed Mar 15 00:38:15 +0000 2017","lang":"en","displayname":"Snowball711","time_zone":"","msg":"Happy PI day piday https//tco/gGeJKDoS2C"}
{"tweet_id":841810742324154369,"created_unixtime":1489538295714,"created_time":"Wed Mar 15 00:38:15 +0000 2017","lang":"en","displayname":"jufealgo","time_zone":"Bogota","msg":"RT neiltyson 314  Happy Piday to Gregorian calendar users who reckon dates with month followed by day separated by period omitting year"}
{"tweet_id":841810742840053760,"created_unixtime":1489538295837,"created_time":"Wed Mar 15 00:38:15 +0000 2017","lang":"en","displayname":"Kyle_Templeton","time_zone":"Mountain Time (US & Canada)","msg":"RT MetroBoomin Happy 314 Day huSTLer https//tco/yiAp1DkLuO"}
{"tweet_id":841810743066533889,"created_unixtime":1489538295891,"created_time":"Wed Mar 15 00:38:15 +0000 2017","lang":"en","displayname":"E6sSpot","time_zone":"Central Time (US & Canada)","msg":"RT MatPatGT A nerdy math joke for a nerdy holidayHappy Pi Day https//tco/jRxvuScUyn"}
{"tweet_id":841810743104221184,"created_unixtime":1489538295900,"created_time":"Wed Mar 15 00:38:15 +0000 2017","lang":"en","displayname":"yukonalfukov","time_zone":"","msg":"RT AustralisTerry If you arent happy that gas cartel got Koutsantonis to open South Aus to fracking in SA Energy Plan heres no 0… "}
{"tweet_id":841810742986870784,"created_unixtime":1489538295872,"created_time":"Wed Mar 15 00:38:15 +0000 2017","lang":"en","displayname":"pnoriega24","time_zone":"Mountain Time (US & Canada)","msg":"RT andibeth012 ADORABLE SWEET SOCIAL TRND HAPPY PUP FIRE VICTIM FKDUP 😡👎OWNR DMPS 2 NYCACC 😈HELLTER FKU 💉3/15 PERFECT HEALTHY AD… "}
{"tweet_id":841810743410343938,"created_unixtime":1489538295973,"created_time":"Wed Mar 15 00:38:15 +0000 2017","lang":"en","displayname":"kong_ai_liu","time_zone":"","msg":"RT PBBKAHOUSE I cried I was sad I was guilty I was everything Edward MBMayWard"}
{"tweet_id":841810743104266240,"created_unixtime":1489538295900,"created_time":"Wed Mar 15 00:38:15 +0000 2017","lang":"en","displayname":"Christo67045467","time_zone":"","msg":"billconnell23 GovansView tomecurran a little bit more  to make it happy"}
{"tweet_id":841810743645347842,"created_unixtime":1489538296029,"created_time":"Wed Mar 15 00:38:16 +0000 2017","lang":"en","displayname":"MayceeDanielle","time_zone":"Atlantic Time (Canada)","msg":"RT preaching if youre happy with someone forget about what everyone else says"}
{"tweet_id":841810743515316224,"created_unixtime":1489538295998,"created_time":"Wed Mar 15 00:38:15 +0000 2017","lang":"en","displayname":"REVO365NETWORK","time_zone":"Mountain Time (US & Canada)","msg":"np Thomas Rhett  Die A Happy Man https//tco/Iid2CVFfXW ListenNow  revo365 hhm listen2mille"}
{"tweet_id":841810744001892353,"created_unixtime":1489538296114,"created_time":"Wed Mar 15 00:38:16 +0000 2017","lang":"en","displayname":"hearteyesrena_","time_zone":"","msg":"this makes me soo happy how cutee"}
{"tweet_id":841810743955660800,"created_unixtime":1489538296103,"created_time":"Wed Mar 15 00:38:16 +0000 2017","lang":"ja","displayname":"ryu111ryu","time_zone":"Hawaii","msg":"【就職活動（就活）】【就活】（親も必見！）自分が納得し「ここだ！」と決断できる「企業選び」の手法！！⇒ https//tco/gCL4nFE8xwこれなら「企業選び（企業選定）」が自分で出来る！"}
{"tweet_id":841810744182226944,"created_unixtime":1489538296157,"created_time":"Wed Mar 15 00:38:16 +0000 2017","lang":"en","displayname":"ShitStainedSlob","time_zone":"Eastern Time (US & Canada)","msg":"achristian81 Kelosdad AP Nobody cared before the election and nobody cares now Sad"}
{"tweet_id":841810744475832320,"created_unixtime":1489538296227,"created_time":"Wed Mar 15 00:38:16 +0000 2017","lang":"en","displayname":"dillonfleming1","time_zone":"","msg":"RT Stormzy1 Do what makes you happy mate"}
{"tweet_id":841810744505065472,"created_unixtime":1489538296234,"created_time":"Wed Mar 15 00:38:16 +0000 2017","lang":"en","displayname":"pooorfangirl","time_zone":"","msg":"RT offclASTRO_6 [PIC] 170315 Fantagio Official Fancafe Update Happy Birthday 아스트로 JinJjn 3HappyJinJinDay https//tco/OBQkUhcmHG"}
{"tweet_id":841810745478139904,"created_unixtime":1489538296466,"created_time":"Wed Mar 15 00:38:16 +0000 2017","lang":"en","displayname":"nieAnSarad","time_zone":"","msg":"RT PBBKAHOUSE I cried I was sad I was guilty I was everything Edward MBMayWard"}
{"tweet_id":841810745310498821,"created_unixtime":1489538296426,"created_time":"Wed Mar 15 00:38:16 +0000 2017","lang":"en","displayname":"jackierice42","time_zone":"","msg":"RT sloan_sylvan HAPPY BIRTHDAY JACKIE💗 love you so much jack thankful to have known you for so many years😻 hope you had the best 17th🎉 …"}
{"tweet_id":841810745461489664,"created_unixtime":1489538296462,"created_time":"Wed Mar 15 00:38:16 +0000 2017","lang":"en","displayname":"Backflipbrk","time_zone":"","msg":"RT XLNB The corrupt media and failing Rachel Maddow desperate Anything to stop us from Making America Great Again Fake… "}
{"tweet_id":841810744928739329,"created_unixtime":1489538296335,"created_time":"Wed Mar 15 00:38:16 +0000 2017","lang":"en","displayname":"kimmilyxoxo","time_zone":"","msg":"Costco is my happy place https//tco/yO4SmSbol8"}
{"tweet_id":841810745780273152,"created_unixtime":1489538296538,"created_time":"Wed Mar 15 00:38:16 +0000 2017","lang":"en","displayname":"GlenBeebyNews","time_zone":"Central Time (US & Canada)","msg":"RT neiltyson 314  Happy Piday to Gregorian calendar users who reckon dates with month followed by day separated by period omitting year"}
{"tweet_id":841810746161930240,"created_unixtime":1489538296629,"created_time":"Wed Mar 15 00:38:16 +0000 2017","lang":"en","displayname":"taramckissick","time_zone":"Eastern Time (US & Canada)","msg":"RT meghan_mulhern taramckissick Chimbos32Nick so sad bc tomorrow was show and tell "}
{"tweet_id":841810744899448832,"created_unixtime":1489538296328,"created_time":"Wed Mar 15 00:38:16 +0000 2017","lang":"en","displayname":"papideelo88","time_zone":"","msg":"RT richthekid Focus on what makes you happy"}
{"tweet_id":841810745499176960,"created_unixtime":1489538296471,"created_time":"Wed Mar 15 00:38:16 +0000 2017","lang":"tl","displayname":"uychloe_","time_zone":"","msg":"me loren malapit na masyado birthday mo omgloren chloe ilang times mo na yan inulit todayHAHAHA HAPPY BIRT… https//tco/r3t9EsisiF"}
{"tweet_id":841810746614919169,"created_unixtime":1489538296737,"created_time":"Wed Mar 15 00:38:16 +0000 2017","lang":"en","displayname":"bIueguitar","time_zone":"Brasilia","msg":"SherriSaum1 a thing about Stef that you love with all your heart thefosterschat THANK U FOR SAYING HI TO MY GIRL SHES SO HAPPY lt3"}
{"tweet_id":841810746900119552,"created_unixtime":1489538296805,"created_time":"Wed Mar 15 00:38:16 +0000 2017","lang":"en","displayname":"losersenpai_","time_zone":"","msg":"HAPPY BDAY JINWOO  I hope you have an amazing day  make sure you eat well too hehe ☺️You deserve everything💖 offclASTRO HappyJinJinDay"}
{"tweet_id":841810746795253762,"created_unixtime":1489538296780,"created_time":"Wed Mar 15 00:38:16 +0000 2017","lang":"en","displayname":"Nala_Jauregui1","time_zone":"Pacific Time (US & Canada)","msg":"RT 5HVotingStats Scared Of Happy FifthHarmony YouKnowYouLoveThem radiodisney"}
{"tweet_id":841810746996584449,"created_unixtime":1489538296828,"created_time":"Wed Mar 15 00:38:16 +0000 2017","lang":"en","displayname":"santoiannibrenn","time_zone":"","msg":"RT American4ever1 This is a sad sight God speed to you sailor we shall never forget Amen🇺🇸🇺🇸🇺🇸 https//tco/YcLR6RAOYx"}
{"tweet_id":841810747491549185,"created_unixtime":1489538296946,"created_time":"Wed Mar 15 00:38:16 +0000 2017","lang":"en","displayname":"coloringtheskyy","time_zone":"","msg":"RT JensenAcklesGod WHAT A HAPPY MUSHROOM https//tco/rNQpmWbLPq"}
{"tweet_id":841810747386695680,"created_unixtime":1489538296921,"created_time":"Wed Mar 15 00:38:16 +0000 2017","lang":"en","displayname":"itsonormally","time_zone":"Brasilia","msg":"RT AllyBrooke 😭 CONGRATULATIONS COLTON IM SO HAPPY FOR YOU 😭😭❤❤💍 ColtonLHaynes"}
{"tweet_id":841810747743121408,"created_unixtime":1489538297006,"created_time":"Wed Mar 15 00:38:17 +0000 2017","lang":"en","displayname":"AsgarOlivia","time_zone":"","msg":"RT zmss28 Ang vulnerable mo tingnan in these photos how you overcome your weakness to make people happy astounds me ❤️ © A… "}
{"tweet_id":841810746803593216,"created_unixtime":1489538296782,"created_time":"Wed Mar 15 00:38:16 +0000 2017","lang":"en","displayname":"TerriLFradette","time_zone":"","msg":"RT GSCSNews Happy PiDay https//tco/2wHPJLuVIu"}
{"tweet_id":841810750985404417,"created_unixtime":1489538297779,"created_time":"Wed Mar 15 00:38:17 +0000 2017","lang":"en","displayname":"Naasir_Aakbar","time_zone":"","msg":"Thanks ace💯‼️ https//tco/4BzJEl1Snk"}
{"tweet_id":841810750943387648,"created_unixtime":1489538297769,"created_time":"Wed Mar 15 00:38:17 +0000 2017","lang":"tl","displayname":"thisisRej","time_zone":"","msg":"Good morning mainedcmYou look happy and stressfree 😊 Okay na ko makita kang ganyan 😘 https//tco/QFIFoRNaOe"}
{"tweet_id":841810747978067968,"created_unixtime":1489538297062,"created_time":"Wed Mar 15 00:38:17 +0000 2017","lang":"en","displayname":"gilverramos_23","time_zone":"","msg":"RT ASAPabdi life is too short to be stressing over 1 PERSON THATS NOT GOOD FOR YOU WHEN THERES SOMEONE OUT THERE LOOKING FOR YOU TO MAKE…"}
{"tweet_id":841810748280004608,"created_unixtime":1489538297134,"created_time":"Wed Mar 15 00:38:17 +0000 2017","lang":"en","displayname":"SweetJenn00","time_zone":"","msg":"Happy lang MBMayWard"}
{"tweet_id":841810746237456385,"created_unixtime":1489538296647,"created_time":"Wed Mar 15 00:38:16 +0000 2017","lang":"en","displayname":"missjtoor","time_zone":"Eastern Time (US & Canada)","msg":"Happy PiDay https//tco/kFaZsSzTIU"}
{"tweet_id":841810748238123008,"created_unixtime":1489538297124,"created_time":"Wed Mar 15 00:38:17 +0000 2017","lang":"en","displayname":"BbyGirlMags","time_zone":"Eastern Time (US & Canada)","msg":"RT WeNeedFeminlsm This makes me so happy ☺️☺️ https//tco/Z98h551OvH"}
{"tweet_id":841810748808478721,"created_unixtime":1489538297260,"created_time":"Wed Mar 15 00:38:17 +0000 2017","lang":"en","displayname":"Twittblaster","time_zone":"Brisbane","msg":"RT AraiEij MarionSpekker              👑Congratulations 200K Followers 👑Good morning dear Marion 😸🎵💞 🎊Well done🎉Wishing you… "}
{"tweet_id":841810748611387392,"created_unixtime":1489538297213,"created_time":"Wed Mar 15 00:38:17 +0000 2017","lang":"en","displayname":"Smitt3ous","time_zone":"","msg":"RT CoachAlexWood Thank You https//tco/WppF55b4Bo"}
{"tweet_id":841810748976336900,"created_unixtime":1489538297300,"created_time":"Wed Mar 15 00:38:17 +0000 2017","lang":"en","displayname":"nhorantouch","time_zone":"Brasilia","msg":"RT LittleMix NoMoreSadSongs for REAL❌❤️ weve made a SpotifyUK playlist with some happy songs☺️ what should we add X the girl… "}
{"tweet_id":841810749215367168,"created_unixtime":1489538297357,"created_time":"Wed Mar 15 00:38:17 +0000 2017","lang":"en","displayname":"Pacific_Poppy","time_zone":"Hawaii","msg":"RT CultureFUBU Happy Birthday Merlin SantanaRIP https//tco/0K4quO4M5g"}
{"tweet_id":841810749408329730,"created_unixtime":1489538297403,"created_time":"Wed Mar 15 00:38:17 +0000 2017","lang":"en","displayname":"cochese788","time_zone":"Eastern Time (US & Canada)","msg":"Happy birthday JoJoliciousTV "}
{"tweet_id":841810749446070272,"created_unixtime":1489538297412,"created_time":"Wed Mar 15 00:38:17 +0000 2017","lang":"en","displayname":"KongamingRNoobs","time_zone":"","msg":"we are very happy ❤"}
{"tweet_id":841810749358018560,"created_unixtime":1489538297391,"created_time":"Wed Mar 15 00:38:17 +0000 2017","lang":"en","displayname":"helloworldmky","time_zone":"Brisbane","msg":"Today we have yet another team member turning 21 Happy Birthday Laura we hope you have an amazing day 🎂 https//tco/eIX2rvcWQT"}
{"tweet_id":841810749898940416,"created_unixtime":1489538297520,"created_time":"Wed Mar 15 00:38:17 +0000 2017","lang":"en","displayname":"baileemoonhuber","time_zone":"Central Time (US & Canada)","msg":"themollybee HAPPY BDAY LOVELY hope your day is amazing thanks for being awesome btw love ur header❤️❤️🎉🎉"}
{"tweet_id":841810749886455809,"created_unixtime":1489538297517,"created_time":"Wed Mar 15 00:38:17 +0000 2017","lang":"pt","displayname":"BixaL0ka","time_zone":"Brasilia","msg":"st0nehard n posso comer chocolate por causa do meu estomago e to tendo um treco ja  sad"}
{"tweet_id":841810749852913666,"created_unixtime":1489538297509,"created_time":"Wed Mar 15 00:38:17 +0000 2017","lang":"en","displayname":"fl4v1Asc0tto_","time_zone":"","msg":"f_ABZ_ulous happy birthday hope you had a great day🙂💛"}
{"tweet_id":841810749295079425,"created_unixtime":1489538297376,"created_time":"Wed Mar 15 00:38:17 +0000 2017","lang":"en","displayname":"adrianita79","time_zone":"Eastern Time (US & Canada)","msg":"librarylandia Now that I can type properly  glad you receive recognition as you well deserve Proud of you  happ… https//tco/J5c0NMvf64"}
{"tweet_id":841810750481940481,"created_unixtime":1489538297659,"created_time":"Wed Mar 15 00:38:17 +0000 2017","lang":"en","displayname":"krzpepper","time_zone":"Pacific Time (US & Canada)","msg":"RT NatureNPS This is what happens when you have a building full of scientists and a laser👨🏽‍🔬👩🏾‍🔬⚡️3️⃣1️⃣4️⃣ Happy PiDay https//tco…"}
{"tweet_id":841810750372999168,"created_unixtime":1489538297633,"created_time":"Wed Mar 15 00:38:17 +0000 2017","lang":"en","displayname":"haaaalexy","time_zone":"Eastern Time (US & Canada)","msg":"RT Cyn_Santana Hmmm think I wanna eat ice cream watch sad movies and cry all night Send those movies in guys ☺"}
{"tweet_id":841810750251327488,"created_unixtime":1489538297604,"created_time":"Wed Mar 15 00:38:17 +0000 2017","lang":"en","displayname":"han_NASTY","time_zone":"Mountain Time (US & Canada)","msg":"RT mattredmond22 if youre from STL you know what March 14th is really about HAPPY 314 https//tco/1gWWTaVI7v"}
{"tweet_id":841810750767288321,"created_unixtime":1489538297727,"created_time":"Wed Mar 15 00:38:17 +0000 2017","lang":"en","displayname":"Monctonscout","time_zone":"","msg":"RT gohabsgo999 Monctonscout Potsy_70 kevinjdonny13 ArponBasu Media need someone to make some followers happy"}
{"tweet_id":841810751044046848,"created_unixtime":1489538297793,"created_time":"Wed Mar 15 00:38:17 +0000 2017","lang":"en","displayname":"alyamehrtash","time_zone":"","msg":"RT CVGUpdates Happy PiDay lol https//tco/78Hn2rqRaJ"}
{"tweet_id":841810750796636160,"created_unixtime":1489538297734,"created_time":"Wed Mar 15 00:38:17 +0000 2017","lang":"en","displayname":"Obliviusmuke","time_zone":"Mountain Time (US & Canada)","msg":"Its not even like sad sad its like that kind of sad you dont even know whats wrong but then you just think a lot and now u want to die"}
{"tweet_id":841810750075215872,"created_unixtime":1489538297562,"created_time":"Wed Mar 15 00:38:17 +0000 2017","lang":"en","displayname":"kiyahamira","time_zone":"Pacific Time (US & Canada)","msg":"RT Sylvo_Boaa Them mfs grade A garbage https//tco/QgmcYqqIHf"}
{"tweet_id":841810751601950722,"created_unixtime":1489538297926,"created_time":"Wed Mar 15 00:38:17 +0000 2017","lang":"en","displayname":"kayleejohnso","time_zone":"","msg":"sarah_carney_ Happy birthday pretty ❣🎈 Hope your day was everything you wanted 🎉"}
{"tweet_id":841810752142946306,"created_unixtime":1489538298055,"created_time":"Wed Mar 15 00:38:18 +0000 2017","lang":"tl","displayname":"nikagiiing","time_zone":"Alaska","msg":"Nakatulog raman sad ko mga nearly 3am😒😂"}
{"tweet_id":841810752080084992,"created_unixtime":1489538298040,"created_time":"Wed Mar 15 00:38:18 +0000 2017","lang":"en","displayname":"_VS___","time_zone":"Eastern Time (US & Canada)","msg":"RT CermackRegan I get so happy when I see food 😻"}
{"tweet_id":841810752189091845,"created_unixtime":1489538298066,"created_time":"Wed Mar 15 00:38:18 +0000 2017","lang":"en","displayname":"emma_ruthe","time_zone":"Pacific Time (US & Canada)","msg":"RT kayla_hattle Its kinda sad I pull up to the coffee stand and they already know my drink 😂🤷🏼‍♀️"}
{"tweet_id":841810752147206146,"created_unixtime":1489538298056,"created_time":"Wed Mar 15 00:38:18 +0000 2017","lang":"en","displayname":"TaylorGal4ev","time_zone":"Atlantic Time (Canada)","msg":"I always quickly change the station when none of the judges on NBCTheVoice spin around for a contestant Makes my heart sad 😞"}
{"tweet_id":841810752256196608,"created_unixtime":1489538298082,"created_time":"Wed Mar 15 00:38:18 +0000 2017","lang":"en","displayname":"matz0208","time_zone":"","msg":"This fandom is truly my Happy Place 💜LetOurPurpleHeartsShineAt3"}
{"tweet_id":841810751836766208,"created_unixtime":1489538297982,"created_time":"Wed Mar 15 00:38:17 +0000 2017","lang":"en","displayname":"fsrtrrdyh","time_zone":"","msg":"RT amirulhiffni Omg  this is soooo sad 😭😭😭😭😭😭😭 https//tco/zk7waDnTqD"}
{"tweet_id":841810752092704768,"created_unixtime":1489538298043,"created_time":"Wed Mar 15 00:38:18 +0000 2017","lang":"en","displayname":"AngeryBeags","time_zone":"Central Time (US & Canada)","msg":"Is it me or are these refs a bit trigger happy with the calls"}
{"tweet_id":841810752369389568,"created_unixtime":1489538298109,"created_time":"Wed Mar 15 00:38:18 +0000 2017","lang":"en","displayname":"mongji86","time_zone":"","msg":"RT Got7Mania Happy Birthday Coco 💚 GOT7 https//tco/QNteZIEkj3"}
{"tweet_id":841810752407273472,"created_unixtime":1489538298118,"created_time":"Wed Mar 15 00:38:18 +0000 2017","lang":"en","displayname":"Heidird1","time_zone":"Eastern Time (US & Canada)","msg":"RT HaloTopCreamery Happy PiDay Win 10 HaloTopCreamery  pints 2 cases RealGoodPizza_1 wattzuppower  charger RT  tag someone wh… "}
{"tweet_id":841810752533065729,"created_unixtime":1489538298148,"created_time":"Wed Mar 15 00:38:18 +0000 2017","lang":"en","displayname":"xhannahlily","time_zone":"","msg":"RT preaching my main focus is to better myself be successful and be happy so if you arent contributing to that then i dont need you i…"}
{"tweet_id":841810752403038208,"created_unixtime":1489538298117,"created_time":"Wed Mar 15 00:38:18 +0000 2017","lang":"en","displayname":"SydneyESommer","time_zone":"","msg":"Happy Birthday HaineyMason 🎉🎉🎉"}
{"tweet_id":841810752868646912,"created_unixtime":1489538298228,"created_time":"Wed Mar 15 00:38:18 +0000 2017","lang":"en","displayname":"MoodyBluesApp","time_zone":"","msg":"https//tco/eDGM1RcCuu Happy Mondays at Bowlers ‘NORTH’ event review MoodyBluesApp"}
{"tweet_id":841810753158025217,"created_unixtime":1489538298297,"created_time":"Wed Mar 15 00:38:18 +0000 2017","lang":"en","displayname":"MisterYinka","time_zone":"London","msg":"RT _scdfx Anyway I want to wake up and be happy tomorrow"}
{"tweet_id":841810753241915392,"created_unixtime":1489538298317,"created_time":"Wed Mar 15 00:38:18 +0000 2017","lang":"en","displayname":"sarah_ashbourne","time_zone":"Eastern Time (US & Canada)","msg":"I had such an amazing happy focused shoulder/tricep workout todaynow it hurts to even hold my phone up in front of me 😅💪🏼"}
{"tweet_id":841810753619427329,"created_unixtime":1489538298407,"created_time":"Wed Mar 15 00:38:18 +0000 2017","lang":"en","displayname":"itsnotjd","time_zone":"","msg":"RT RoastMeDaily Bob Barker and Adam Sandler did a Happy Gilmore reunion skit and it was great https//tco/LCtdsSqoeZ"}
{"tweet_id":841810753661222913,"created_unixtime":1489538298417,"created_time":"Wed Mar 15 00:38:18 +0000 2017","lang":"en","displayname":"dugodaboyy","time_zone":"","msg":"RT TOASTOTHEGOD Its Sad When Ur Own Friends Hate On You"}
{"tweet_id":841810752839200769,"created_unixtime":1489538298221,"created_time":"Wed Mar 15 00:38:18 +0000 2017","lang":"tl","displayname":"GraceCiel20","time_zone":"","msg":"Wow  Happy much no  Na tayoMBMayWard https//tco/lAJ2zU8UGi"}
{"tweet_id":841810753753616387,"created_unixtime":1489538298439,"created_time":"Wed Mar 15 00:38:18 +0000 2017","lang":"en","displayname":"_Nara_Maria_","time_zone":"Pacific Time (US & Canada)","msg":"RT OfficialMrX Happy Birthday to my ultimate Man Crush Monday amp Everyday 😁 Harry_Styles Have a good one x"}
{"tweet_id":841810753258704899,"created_unixtime":1489538298321,"created_time":"Wed Mar 15 00:38:18 +0000 2017","lang":"en","displayname":"elenaxox99","time_zone":"Central Time (US & Canada)","msg":"JoshSzabo13 happy birthday josh  hope you had a great day vabo 😂👅 love ya https//tco/OJ5tP0lCdg"}
{"tweet_id":841810754370174976,"created_unixtime":1489538298586,"created_time":"Wed Mar 15 00:38:18 +0000 2017","lang":"en","displayname":"vaderismybitch","time_zone":"Santiago","msg":"RT SincerelyTumblr So annoying when ppl are like ur always laughin U laugh at everything Its not that funny like OK sorry Im a hap…"}
{"tweet_id":841810754625925120,"created_unixtime":1489538298647,"created_time":"Wed Mar 15 00:38:18 +0000 2017","lang":"in","displayname":"sehunsbarbie","time_zone":"Hawaii","msg":"RT Uselessxhope_ Lepasan spm lepas ni jangan dok happy sangat Lepas ni kau akan merasa tak tidur sampai pagi tiap2 hari ngadap assignmen…"}
{"tweet_id":841810753954942976,"created_unixtime":1489538298487,"created_time":"Wed Mar 15 00:38:18 +0000 2017","lang":"en","displayname":"svfiset","time_zone":"","msg":"Happy to finally see FoxyBrown in those Hip Hop Variants https//tco/Tgta5H9SVa"}
{"tweet_id":841810755007729664,"created_unixtime":1489538298738,"created_time":"Wed Mar 15 00:38:18 +0000 2017","lang":"en","displayname":"Mifunayama","time_zone":"","msg":"RT choidms25 Oh  happy day https//tco/gBKyYDd1ek"}
{"tweet_id":841810755536080897,"created_unixtime":1489538298864,"created_time":"Wed Mar 15 00:38:18 +0000 2017","lang":"en","displayname":"MeredthSalenger","time_zone":"Pacific Time (US & Canada)","msg":"RT RealMerrinD MeredthSalenger Happy birthday gorgeous"}
{"tweet_id":841810755116777472,"created_unixtime":1489538298764,"created_time":"Wed Mar 15 00:38:18 +0000 2017","lang":"en","displayname":"efioladele","time_zone":"Pacific Time (US & Canada)","msg":"RT ghostdolls if happy elements wont provide me with shu content ill just have to provide myself with it https//tco/uwf8iDbvrO"}
{"tweet_id":841810755607388161,"created_unixtime":1489538298881,"created_time":"Wed Mar 15 00:38:18 +0000 2017","lang":"en","displayname":"ujy_s","time_zone":"Jakarta","msg":"RT milkyyeonjung it seems like this free kid is finally got the chance to go outside and play 😂😂 she looks so happy 😳😳😳 https//tco/PBvp…"}
{"tweet_id":841810755347460096,"created_unixtime":1489538298819,"created_time":"Wed Mar 15 00:38:18 +0000 2017","lang":"en","displayname":"Sydney_Schubel","time_zone":"","msg":"RT BTV_SUPRNATURAL Happy PiDay https//tco/cht2NxlPNE"}
{"tweet_id":841810755322286080,"created_unixtime":1489538298813,"created_time":"Wed Mar 15 00:38:18 +0000 2017","lang":"en","displayname":"Veronic95188911","time_zone":"","msg":"ashepster Shock2k10 BillNye Happy Birthing Day🍼"}
{"tweet_id":841810755842277376,"created_unixtime":1489538298937,"created_time":"Wed Mar 15 00:38:18 +0000 2017","lang":"ja","displayname":"YOSAKOIaoi2016","time_zone":"","msg":"【Happy ホワイトデー✨】ホワイトデーに葵の練習dayでした… https//tco/P8i0B5j4Y8"}
{"tweet_id":841810755871678464,"created_unixtime":1489538298944,"created_time":"Wed Mar 15 00:38:18 +0000 2017","lang":"en","displayname":"alyssaarohrer","time_zone":"","msg":"RT Maddybaer Happy one year amigos ❤🇨🇷{victoriaapeddie hudsonbuuurrsch} https//tco/joeagFmrlO"}
{"tweet_id":841810755943075840,"created_unixtime":1489538298961,"created_time":"Wed Mar 15 00:38:18 +0000 2017","lang":"en","displayname":"Mimiiiiiii123","time_zone":"","msg":"RT brooklynmonea Happy birthday boo 🎉🎊🎈🎁 Mimiiiiiii123 hope your day was great ❤❤"}
{"tweet_id":841810756148580354,"created_unixtime":1489538299010,"created_time":"Wed Mar 15 00:38:19 +0000 2017","lang":"en","displayname":"AshNicMil18","time_zone":"","msg":"RyanAbe never let them hold me back from thinking that I am attractive to myself or that I am happy with what I see in the mirror I luv "}
{"tweet_id":841810756240826370,"created_unixtime":1489538299032,"created_time":"Wed Mar 15 00:38:19 +0000 2017","lang":"en","displayname":"SOTUS45","time_zone":"Pacific Time (US & Canada)","msg":"FoxNews LisaMarieBoothe I would think her makeup would run from all the crying she does on the Trump News Network SAD"}
{"tweet_id":841810756538515456,"created_unixtime":1489538299103,"created_time":"Wed Mar 15 00:38:19 +0000 2017","lang":"ja","displayname":"kr_1522","time_zone":"","msg":"RT miiawebstore 🎁HAPPY SURPRISE CAMPAIGN🎁日頃の感謝をこめてワンピースを１名様にプレゼント♥️★応募期間3/20（月）〆★応募資格フォロー＆リツイート公式Instagramでもキャンペーン開催中😊… "}
{"tweet_id":841810755414589440,"created_unixtime":1489538298835,"created_time":"Wed Mar 15 00:38:18 +0000 2017","lang":"en","displayname":"miinghao","time_zone":"Ljubljana","msg":"Please stan them theyre just a bunch of dorks that wants to keep making music and people happy https//tco/KLmhXIv4FT"}
{"tweet_id":841810757264244737,"created_unixtime":1489538299276,"created_time":"Wed Mar 15 00:38:19 +0000 2017","lang":"en","displayname":"k10wilson","time_zone":"America/Chicago","msg":"AdvisorAbbate chrisellaloans Thanks so much for sharing this yall Happy Hump Day EVE"}
{"tweet_id":841810757847257088,"created_unixtime":1489538299415,"created_time":"Wed Mar 15 00:38:19 +0000 2017","lang":"en","displayname":"susan_hogue","time_zone":"","msg":"RT Rosie KimWeaverIA SteveKingIA  DONATED HAPPY TO SUPPORT YOU KIM GO GET HIM  TIME FOR CHANGE  RESIST "}
{"tweet_id":841810757805314049,"created_unixtime":1489538299405,"created_time":"Wed Mar 15 00:38:19 +0000 2017","lang":"en","displayname":"flowersoflester","time_zone":"Pacific Time (US & Canada)","msg":"RT v_pgao Namjoons face tho😂  ͡° ͜ʖ ͡° they look so happy and it makes me happy🙌🏻💕 https//tco/QtzONqLIB8"}
{"tweet_id":841810757851463680,"created_unixtime":1489538299416,"created_time":"Wed Mar 15 00:38:19 +0000 2017","lang":"en","displayname":"sandralannister","time_zone":"Lisbon","msg":"RT NatGeoGenius By his 37th birthday Einstein had published his theory of general relativity overthrowing 200 years of Newtonian… "}
{"tweet_id":841810758342197248,"created_unixtime":1489538299533,"created_time":"Wed Mar 15 00:38:19 +0000 2017","lang":"en","displayname":"Stephen38599502","time_zone":"","msg":"RT propriator lt3 Nammers is waiting for you Go see her and wish her a happy birthday too Sewing and crafting just for you https//tco…"}
{"tweet_id":841810757700456448,"created_unixtime":1489538299380,"created_time":"Wed Mar 15 00:38:19 +0000 2017","lang":"es","displayname":"Feeddee_","time_zone":"Buenos Aires","msg":"x2 lastima que murió spoiler JAJJA https//tco/9lgz4diTFw"}
{"tweet_id":841810758719684612,"created_unixtime":1489538299623,"created_time":"Wed Mar 15 00:38:19 +0000 2017","lang":"en","displayname":"pnoriega24","time_zone":"Mountain Time (US & Canada)","msg":"RT andibeth012 ADORABLE CALM HAPPY PERFECT 13 y  GOOD BOY DMPD BY BAD IRRESPONSIBLE FKG😡😈👎 OWNR FKU NYCACC SADISTS 💉3/15 WELL BHA… "}
{"tweet_id":841810758761631746,"created_unixtime":1489538299633,"created_time":"Wed Mar 15 00:38:19 +0000 2017","lang":"und","displayname":"ChristinaBilby","time_zone":"","msg":"AP_Sports sad"}
{"tweet_id":841810758287663104,"created_unixtime":1489538299520,"created_time":"Wed Mar 15 00:38:19 +0000 2017","lang":"en","displayname":"alandersss","time_zone":"Eastern Time (US & Canada)","msg":"bennybijou Im just so proud 😭😭 seeing u prosper makes me so HAPPY inside ily 4evr"}
{"tweet_id":841810759432712196,"created_unixtime":1489538299793,"created_time":"Wed Mar 15 00:38:19 +0000 2017","lang":"en","displayname":"leemartinez2123","time_zone":"","msg":"RT Spark_Sports_ HAPPY 29th BIRTHDAY TO THE GREATEST SHOOTER OF ALL TIME 🙏 https//tco/0GSWMSm9Vh"}
{"tweet_id":841810759466147840,"created_unixtime":1489538299801,"created_time":"Wed Mar 15 00:38:19 +0000 2017","lang":"en","displayname":"FitFam_com","time_zone":"Pacific Time (US & Canada)","msg":"RT airlynn2 Happy PI Day FitFam_com  shirt this morning  5k run tonight   🏅and 🍨🍥 https//tco/TnKWspi5HE"}
{"tweet_id":841810759646564352,"created_unixtime":1489538299844,"created_time":"Wed Mar 15 00:38:19 +0000 2017","lang":"en","displayname":"itsdenangel","time_zone":"Pacific Time (US & Canada)","msg":"RT dailytxtmsg Be happy for no reason because if you depend on a reason to be happy it can be taken away from you"}
{"tweet_id":841810760179183616,"created_unixtime":1489538299971,"created_time":"Wed Mar 15 00:38:19 +0000 2017","lang":"en","displayname":"stephenayesha","time_zone":"","msg":"RT sydelcurry Happy 29th Teppin Another year of playing name that movie and endless laughs Thank you for… https//tco/kVfQ12GEmD"}
{"tweet_id":841810760053350400,"created_unixtime":1489538299941,"created_time":"Wed Mar 15 00:38:19 +0000 2017","lang":"en","displayname":"ArshK99","time_zone":"","msg":"RT timthetatman happy to announce Razer as my newest sponsor been using their stuff for years kicking it off with a giveaway https//t…"}
{"tweet_id":841810760242102272,"created_unixtime":1489538299986,"created_time":"Wed Mar 15 00:38:19 +0000 2017","lang":"en","displayname":"basementfading","time_zone":"Pacific Time (US & Canada)","msg":"freemindedyami I am suddenly a very happy camper THANK YOU D"}
{"tweet_id":841810760313511936,"created_unixtime":1489538300003,"created_time":"Wed Mar 15 00:38:20 +0000 2017","lang":"en","displayname":"TownfmPlaylist","time_zone":"","msg":"Scotty Sire  Sad Song"}
{"tweet_id":841810759537508353,"created_unixtime":1489538299818,"created_time":"Wed Mar 15 00:38:19 +0000 2017","lang":"en","displayname":"virlivia21","time_zone":"","msg":"mysticwolf14 maype7 aplacetodock Julesgina MrSmiith_ RUL_for_friends chickllett Natanaelmiangel… https//tco/q5qe1L1fUE"}
{"tweet_id":841810759692746752,"created_unixtime":1489538299855,"created_time":"Wed Mar 15 00:38:19 +0000 2017","lang":"en","displayname":"bstbts","time_zone":"Pacific Time (US & Canada)","msg":"THIS LITERALLY MAKES ME SO SAD IF I EVER SEE THIS ON MY TL AGAIN https//tco/2vPSUloavI"}
{"tweet_id":841810761261301760,"created_unixtime":1489538300229,"created_time":"Wed Mar 15 00:38:20 +0000 2017","lang":"en","displayname":"mariiahmxo","time_zone":"","msg":"im just happy my mom wasnt working that night"}
{"tweet_id":841810760770695169,"created_unixtime":1489538300112,"created_time":"Wed Mar 15 00:38:20 +0000 2017","lang":"en","displayname":"ObsurdRamblings","time_zone":"Pacific Time (US & Canada)","msg":"ScribblingBlind Nuuu No sad whale faces"}
{"tweet_id":841810761156575234,"created_unixtime":1489538300204,"created_time":"Wed Mar 15 00:38:20 +0000 2017","lang":"en","displayname":"kbmccook","time_zone":"","msg":"RT GirlfriendNotes THIS MAKES MY HEART HAPPY https//tco/IZpkAYkC7I"}
{"tweet_id":841810761550823424,"created_unixtime":1489538300298,"created_time":"Wed Mar 15 00:38:20 +0000 2017","lang":"en","displayname":"fastylos","time_zone":"","msg":"☏ RINGRING ☏  Is for you Harry_Styles ↲Hi dearwould you like to make happy a little girl today and follow mePlease ❥I Love uX2570"}
{"tweet_id":841810761596973057,"created_unixtime":1489538300309,"created_time":"Wed Mar 15 00:38:20 +0000 2017","lang":"en","displayname":"USNTOARMS","time_zone":"Central Time (US & Canada)","msg":"Stonewall_77 bowhunter_va CarmineZozzora This is so sad not even funny now you know why we live in a nanny stateTAXED TOO MUCH"}
{"tweet_id":841810761756364800,"created_unixtime":1489538300347,"created_time":"Wed Mar 15 00:38:20 +0000 2017","lang":"es","displayname":"val_vinchery86","time_zone":"Eastern Time (US & Canada)","msg":"Niveles de tristezaSadHiper sad😭💔Yo ahora 😞"}
{"tweet_id":841810761873805313,"created_unixtime":1489538300375,"created_time":"Wed Mar 15 00:38:20 +0000 2017","lang":"en","displayname":"lilianadiaz187","time_zone":"Pacific Time (US & Canada)","msg":"RT emofucc when i show people a list of reasons why im so sad https//tco/c986HezrtS"}
{"tweet_id":841810761835982849,"created_unixtime":1489538300366,"created_time":"Wed Mar 15 00:38:20 +0000 2017","lang":"en","displayname":"AnnieMarieBarry","time_zone":"Mountain Time (US & Canada)","msg":"Happy Pi Day  pizza pie from Faraci  Greendale Missouri https//tco/1n25MAJDB4"}
{"tweet_id":841810762003808256,"created_unixtime":1489538300406,"created_time":"Wed Mar 15 00:38:20 +0000 2017","lang":"en","displayname":"Hollaka_Hollala","time_zone":"","msg":"RT Guggenheim Happy PiDay The iconic oculus in our museums rotunda contains 12 “pie slices” of glass https//tco/YOqT8yHOLm https//…"}
{"tweet_id":841810762180005888,"created_unixtime":1489538300448,"created_time":"Wed Mar 15 00:38:20 +0000 2017","lang":"en","displayname":"baldev_bahl","time_zone":"","msg":"RT pintsize73 Wishing you all a healthy and happy new week 💗 Much love https//tco/xnceJnzt3h"}
{"tweet_id":841810762255360000,"created_unixtime":1489538300466,"created_time":"Wed Mar 15 00:38:20 +0000 2017","lang":"en","displayname":"Showbiz_emelle","time_zone":"America/Los_Angeles","msg":"I want pie Not this one though https//tco/VsWHjAjr9K"}
{"tweet_id":841810762788098052,"created_unixtime":1489538300593,"created_time":"Wed Mar 15 00:38:20 +0000 2017","lang":"en","displayname":"Chubzy3","time_zone":"","msg":"RT lucyliciousmith Edward So happy to be here MBMayWard"}
{"tweet_id":841810762435854336,"created_unixtime":1489538300509,"created_time":"Wed Mar 15 00:38:20 +0000 2017","lang":"en","displayname":"wocallys","time_zone":"Eastern Time (US & Canada)","msg":"i am so happy today and i hope you all are too"}
{"tweet_id":841810763446603777,"created_unixtime":1489538300750,"created_time":"Wed Mar 15 00:38:20 +0000 2017","lang":"en","displayname":"shanellefaee","time_zone":"Pacific Time (US & Canada)","msg":"RT GirlNotes COLTON HAYNES AND HIS BOYFRIEND ARE ENGAGED THIS MAKES ME SO HAPPY 😭😭 https//tco/kJGSvbM7wf"}
{"tweet_id":841810763190812672,"created_unixtime":1489538300689,"created_time":"Wed Mar 15 00:38:20 +0000 2017","lang":"en","displayname":"LillianMaddie","time_zone":"","msg":"RT Jahsxh Don’t pretend to be happy whenyou’re sadIt’ll only lead to your misery"}
{"tweet_id":841810763568275456,"created_unixtime":1489538300779,"created_time":"Wed Mar 15 00:38:20 +0000 2017","lang":"en","displayname":"TheFirstTemplar","time_zone":"Pacific Time (US & Canada)","msg":"AltRight do not appreciate Nebuchadnezzar The Jewish War and the Fourth Crusade enough This makes me sad"}
{"tweet_id":841810763752783872,"created_unixtime":1489538300823,"created_time":"Wed Mar 15 00:38:20 +0000 2017","lang":"en","displayname":"xxomgx","time_zone":"Pacific Time (US & Canada)","msg":"Phantasmas oh thank you very much Im happy💪💕"}
{"tweet_id":841810764226686976,"created_unixtime":1489538300936,"created_time":"Wed Mar 15 00:38:20 +0000 2017","lang":"en","displayname":"_AndyBruh","time_zone":"","msg":"RT TOASTOTHEGOD Its Sad When Ur Own Friends Hate On You"}
{"tweet_id":841810763702521856,"created_unixtime":1489538300811,"created_time":"Wed Mar 15 00:38:20 +0000 2017","lang":"en","displayname":"bIueguitar","time_zone":"Brasilia","msg":"SherriSaum1 a thing about Stef that you love with all your heart thefosterschat THANK U FOR SAYING HI TO MY GIRL SHES SO HAPPY lt3 f"}
{"tweet_id":841810763740286977,"created_unixtime":1489538300820,"created_time":"Wed Mar 15 00:38:20 +0000 2017","lang":"es","displayname":"Isabela7u7","time_zone":"Pacific Time (US & Canada)","msg":"No me gustan los abrazos sad v"}
{"tweet_id":841810763920625664,"created_unixtime":1489538300863,"created_time":"Wed Mar 15 00:38:20 +0000 2017","lang":"en","displayname":"coco_bastos","time_zone":"","msg":"RT Akon Happy birthday legend quincydjones"}
{"tweet_id":841810764931440640,"created_unixtime":1489538301104,"created_time":"Wed Mar 15 00:38:21 +0000 2017","lang":"en","displayname":"that_HRlady","time_zone":"Pacific Time (US & Canada)","msg":"Hello that_HRladys 32 followers  thank you so much for following Wishing you all a happy Tuesday ➡️Get this🆓❓https//tco/ofKvIUl5YO"}
{"tweet_id":841810765199872000,"created_unixtime":1489538301168,"created_time":"Wed Mar 15 00:38:21 +0000 2017","lang":"en","displayname":"FlyGuyDmoney_","time_zone":"","msg":"RT JustyFBaby Greatest happy birthday wish Ive ever seen https//tco/UrlPQdhFpt"}
{"tweet_id":841810764029657088,"created_unixtime":1489538300889,"created_time":"Wed Mar 15 00:38:20 +0000 2017","lang":"en","displayname":"dave31_sam","time_zone":"Pacific Time (US & Canada)","msg":"RT chibyke_umeh EmekaGift happy birthday to you hardcoreage with gracewish youBiafra"}
{"tweet_id":841810765518626817,"created_unixtime":1489538301244,"created_time":"Wed Mar 15 00:38:21 +0000 2017","lang":"und","displayname":"ChanaShull","time_zone":"","msg":"RT AOIIGMU Happy Π day from AOΠ 🍰❤🐼 https//tco/HTmB49zdkq"}
{"tweet_id":841810765967441921,"created_unixtime":1489538301351,"created_time":"Wed Mar 15 00:38:21 +0000 2017","lang":"en","displayname":"__madisonava","time_zone":"","msg":"RT briannaa_ariel gaining happy weight slim thick here i come"}
{"tweet_id":841810766298726400,"created_unixtime":1489538301430,"created_time":"Wed Mar 15 00:38:21 +0000 2017","lang":"en","displayname":"cutiemayward","time_zone":"","msg":"RT PBBKAHOUSE I cried I was sad I was guilty I was everything Edward MBMayWard"}
{"tweet_id":841810766172962818,"created_unixtime":1489538301400,"created_time":"Wed Mar 15 00:38:21 +0000 2017","lang":"en","displayname":"somollywood","time_zone":"Central Time (US & Canada)","msg":"Happy Pi Day or Steak and Bon Jovi Day whatever youre into"}
{"tweet_id":841810766764290048,"created_unixtime":1489538301541,"created_time":"Wed Mar 15 00:38:21 +0000 2017","lang":"und","displayname":"HunBaeBae","time_zone":"","msg":"RT WONPILThailand [IG jypentertainment] หนุ่มๆ DAY6  มาส่งหัวใจบอก Happy White Day กันค่ะ น่ารักมาก 🙈💕 https//tco/KmY52Y6Uk5"}
{"tweet_id":841810765413793792,"created_unixtime":1489538301219,"created_time":"Wed Mar 15 00:38:21 +0000 2017","lang":"en","displayname":"wasafool","time_zone":"Pacific Time (US & Canada)","msg":"stefanspaki i was sad but then remembered phoebe would have a post breakup glo up https//tco/7qrTkvJQ1K"}
{"tweet_id":841810766315585536,"created_unixtime":1489538301434,"created_time":"Wed Mar 15 00:38:21 +0000 2017","lang":"en","displayname":"asap_luisito300","time_zone":"","msg":"RT youronlydessst Salty as fuck sad https//tco/o0ogioXFdt"}
{"tweet_id":841810766617538561,"created_unixtime":1489538301506,"created_time":"Wed Mar 15 00:38:21 +0000 2017","lang":"en","displayname":"coughlan_jack","time_zone":"","msg":"nikki_bradley14 Happy birthday 🎈"}
{"tweet_id":841810766495940608,"created_unixtime":1489538301477,"created_time":"Wed Mar 15 00:38:21 +0000 2017","lang":"en","displayname":"Myles_Ahead_","time_zone":"Pacific Time (US & Canada)","msg":"caseyvipwhite happy birthday 🎈🎊"}
{"tweet_id":841810767015952384,"created_unixtime":1489538301601,"created_time":"Wed Mar 15 00:38:21 +0000 2017","lang":"en","displayname":"albertabikeswap","time_zone":"","msg":"RT NASA Happy Pi Day Celebrate with our PiDay Challenge featuring math problems we must solve to explore space… "}
{"tweet_id":841810766646935552,"created_unixtime":1489538301513,"created_time":"Wed Mar 15 00:38:21 +0000 2017","lang":"en","displayname":"kapil_dedha","time_zone":"New Delhi","msg":"Thanks for the recent follow MaviChaman kchand9718 LuckyKu03020841 Happy to connect  have a great Wednesday 🔹https//tco/aBR6zHQfCh"}
{"tweet_id":841810766927958017,"created_unixtime":1489538301580,"created_time":"Wed Mar 15 00:38:21 +0000 2017","lang":"en","displayname":"mikaylahbuu","time_zone":"","msg":"RT MIAKHALlFA dating me is simple Just text me back fast make me happy amp dont lie to me amp there wont be any problems"}
{"tweet_id":841810767250886657,"created_unixtime":1489538301657,"created_time":"Wed Mar 15 00:38:21 +0000 2017","lang":"en","displayname":"brycejackson__3","time_zone":"","msg":"RT NoChiIlSports Steph Curry turns 29 today29 years old  2 MVPs  31Warriors blew a 31 lead 😂😂Happy birthday Steph 🎁🎈🎉"}
{"tweet_id":841810767527591936,"created_unixtime":1489538301723,"created_time":"Wed Mar 15 00:38:21 +0000 2017","lang":"en","displayname":"JoeyBron1","time_zone":"","msg":"RT lucyliciousmith Edward So happy to be here MBMayWard"}
{"tweet_id":841810767426990081,"created_unixtime":1489538301699,"created_time":"Wed Mar 15 00:38:21 +0000 2017","lang":"en","displayname":"mateenraoufi2","time_zone":"Pacific Time (US & Canada)","msg":"RT sobbed i hate getting so sad to the point where my body completely shuts down and all i can do is just lay there and think about all…"}
{"tweet_id":841810767670317057,"created_unixtime":1489538301757,"created_time":"Wed Mar 15 00:38:21 +0000 2017","lang":"en","displayname":"Jinjinismybias","time_zone":"Buenos Aires","msg":"RT minniewooo_ Park Jinwoo our precious leader rapper dancer Happy Birthday Thank you I love you❤offclASTRO 별들의_리더_박진우_생일축…"}
{"tweet_id":841810767045357568,"created_unixtime":1489538301608,"created_time":"Wed Mar 15 00:38:21 +0000 2017","lang":"en","displayname":"rxxwxxn","time_zone":"Pacific Time (US & Canada)","msg":"RT ohnojohanna sad days sad music"}
{"tweet_id":841810767619993601,"created_unixtime":1489538301745,"created_time":"Wed Mar 15 00:38:21 +0000 2017","lang":"en","displayname":"fuzzlime","time_zone":"Eastern Time (US & Canada)","msg":"RT Mindless4Miles Work hard Play hard Sleep hard Diet hard Love hard Like hard Sad hard Happy hard Sigh hard When does this fuck…"}
{"tweet_id":841810767955468288,"created_unixtime":1489538301825,"created_time":"Wed Mar 15 00:38:21 +0000 2017","lang":"tl","displayname":"jron21","time_zone":"","msg":"RT jaysondmx Yung mga nag hahanap ng FAs ko Eto thread From 2015 to july 2016 reposted nung first Aniv 🙂… "}
{"tweet_id":841810765409472512,"created_unixtime":1489538301218,"created_time":"Wed Mar 15 00:38:21 +0000 2017","lang":"en","displayname":"saGEMom","time_zone":"Hawaii","msg":"Happy NationalPotatoChipDay https//tco/FW0UkynkPU giveaway https//tco/oyaeu2yCNy"}
{"tweet_id":841810768177713152,"created_unixtime":1489538301878,"created_time":"Wed Mar 15 00:38:21 +0000 2017","lang":"en","displayname":"FullertonFoods","time_zone":"","msg":"RT citizenkitcheoc It aint easy being Cheesy😜 New on the DAILY HAPPY HOUR menu 5pm7pm ShortRibs MacNCh… https//tco/ayDmbnmVys ht…"}
{"tweet_id":841810767473127424,"created_unixtime":1489538301710,"created_time":"Wed Mar 15 00:38:21 +0000 2017","lang":"en","displayname":"Arinex","time_zone":"Sydney","msg":"We are extremely happy to have won the WA Meeting of the Year award at the Meetings_Events Industry Awards last ni… https//tco/2Lpo814o5c"}
{"tweet_id":841810768387440640,"created_unixtime":1489538301928,"created_time":"Wed Mar 15 00:38:21 +0000 2017","lang":"en","displayname":"SvpriimeSxvxge","time_zone":"Arizona","msg":"Simone_Biles Happy Birthday"}
{"tweet_id":841810768433676288,"created_unixtime":1489538301939,"created_time":"Wed Mar 15 00:38:21 +0000 2017","lang":"en","displayname":"easheta","time_zone":"","msg":"Hope your day was as incredible and inspiring and sASSy as you 😉❤ happy birthday Saveri_N 🎉"}
{"tweet_id":841810768865591300,"created_unixtime":1489538302042,"created_time":"Wed Mar 15 00:38:22 +0000 2017","lang":"en","displayname":"maichard161","time_zone":"","msg":"RT LegionAbroad OHT ALDUBxDTBYTugOfHearts Happy Tweeting Legionofaldub  legion_ligaya8  LegionEditorSP https//tco/fkMtu8CCMJ"}
{"tweet_id":841810768374992901,"created_unixtime":1489538301925,"created_time":"Wed Mar 15 00:38:21 +0000 2017","lang":"en","displayname":"crxshland","time_zone":"Amsterdam","msg":"RT eilidh_h So so happy to see ell have transformed into the tanned cultured goddess of a woman she is now what a fuckin baaaaabe🌟🌟"}
{"tweet_id":841810768672772096,"created_unixtime":1489538301996,"created_time":"Wed Mar 15 00:38:21 +0000 2017","lang":"en","displayname":"Aleeexaaandriaa","time_zone":"","msg":"RT GirlfriendNotes THIS MAKES MY HEART HAPPY https//tco/IZpkAYkC7I"}
{"tweet_id":841810768832155648,"created_unixtime":1489538302034,"created_time":"Wed Mar 15 00:38:22 +0000 2017","lang":"en","displayname":"rainbownamed","time_zone":"","msg":"AmazingPhil So happy you got 4 million Terrified my roommate with my joyous shriek when I found out"}
{"tweet_id":841810769016578049,"created_unixtime":1489538302078,"created_time":"Wed Mar 15 00:38:22 +0000 2017","lang":"en","displayname":"miirachaan","time_zone":"Taipei","msg":"RT GameOfThrones Happy GameofThrones PiDay https//tco/N1spcVNHuw"}
{"tweet_id":841810768316186625,"created_unixtime":1489538301911,"created_time":"Wed Mar 15 00:38:21 +0000 2017","lang":"th","displayname":"MINIXMARK","time_zone":"Pacific Time (US & Canada)","msg":"ถึงพี่จะยุ่งขนาดนี้ พี่ก็ไม่ลืมนะครับHAPPY FULLY 2 MONTHS ครับคุณแม่♡ ZXJENO_"}
{"tweet_id":841810769410899968,"created_unixtime":1489538302172,"created_time":"Wed Mar 15 00:38:22 +0000 2017","lang":"en","displayname":"Lunchables101","time_zone":"","msg":"shofu happy birthday shofu ] 🎂🎂"}
{"tweet_id":841810768899276801,"created_unixtime":1489538302050,"created_time":"Wed Mar 15 00:38:22 +0000 2017","lang":"en","displayname":"_MiiszEmma_","time_zone":"Central Time (US & Canada)","msg":"I hate that I work tomorrow but happy that Ill also be leaving on vacation"}
{"tweet_id":841810768806985728,"created_unixtime":1489538302028,"created_time":"Wed Mar 15 00:38:22 +0000 2017","lang":"en","displayname":"grauver","time_zone":"","msg":"RT cocodar HAPPY WHITE DAY https//tco/ajHsoz4uIR"}
{"tweet_id":841810769473814528,"created_unixtime":1489538302187,"created_time":"Wed Mar 15 00:38:22 +0000 2017","lang":"en","displayname":"maadisonthomaas","time_zone":"Hawaii","msg":"RT lingerie_addict In an industry thats all to happy to discard women once they reach the age of 25 campaigns like this are necessary… "}
{"tweet_id":841810769926795265,"created_unixtime":1489538302295,"created_time":"Wed Mar 15 00:38:22 +0000 2017","lang":"en","displayname":"JalyciaD","time_zone":"","msg":"Happy birthday girly I hope you have an amazing day I love you 😘💓🎉palacios_emily"}
{"tweet_id":841810769880748033,"created_unixtime":1489538302284,"created_time":"Wed Mar 15 00:38:22 +0000 2017","lang":"en","displayname":"dprkn_","time_zone":"Pacific Time (US & Canada)","msg":"RT Cyn_Santana Hmmm think I wanna eat ice cream watch sad movies and cry all night Send those movies in guys ☺"}
{"tweet_id":841810770392305664,"created_unixtime":1489538302406,"created_time":"Wed Mar 15 00:38:22 +0000 2017","lang":"en","displayname":"Dhineys_Selva","time_zone":"Kuala Lumpur","msg":"Im tired is the best phrase to mask on when we are sad"}
{"tweet_id":841810769914257408,"created_unixtime":1489538302292,"created_time":"Wed Mar 15 00:38:22 +0000 2017","lang":"en","displayname":"kaileyybrimm","time_zone":"","msg":"RT carolineprivott happy 16th kailey bella love you and your crazy self 💘 enjoy these tb pics 😪 https//tco/Tt6WS1H8CW"}
{"tweet_id":841810770224644096,"created_unixtime":1489538302366,"created_time":"Wed Mar 15 00:38:22 +0000 2017","lang":"en","displayname":"ericmorris66","time_zone":"Atlantic Time (Canada)","msg":"RT Lexxxhrry ericmorris66 I feel like its totally an inside joke that Im not apart of but hey its your day Happy Eric Morris day🍾"}
{"tweet_id":841810770623139840,"created_unixtime":1489538302461,"created_time":"Wed Mar 15 00:38:22 +0000 2017","lang":"en","displayname":"StephOUAT","time_zone":"Eastern Time (US & Canada)","msg":"AdamHorowitzLA What does that mean No season 7 Oh dear god Please let everyone get happy endings "}
{"tweet_id":841810770295836672,"created_unixtime":1489538302383,"created_time":"Wed Mar 15 00:38:22 +0000 2017","lang":"en","displayname":"euniae","time_zone":"Pacific Time (US & Canada)","msg":"tetrahydren happy white day too kesh https//tco/YnK9RTFBbi"}
{"tweet_id":841810771143229440,"created_unixtime":1489538302585,"created_time":"Wed Mar 15 00:38:22 +0000 2017","lang":"en","displayname":"giannaciprianoo","time_zone":"Eastern Time (US & Canada)","msg":"RT Vulnerable its so sad and frustrating when you try your hardest but people still dont find it good enough"}
{"tweet_id":841810771520720896,"created_unixtime":1489538302675,"created_time":"Wed Mar 15 00:38:22 +0000 2017","lang":"en","displayname":"milly00915","time_zone":"","msg":"RT seussone Love this guy BONESonFOX  so sad to say goodbye https//tco/xjIrKPnBqQ"}
{"tweet_id":841810770249846785,"created_unixtime":1489538302372,"created_time":"Wed Mar 15 00:38:22 +0000 2017","lang":"en","displayname":"elenaabielicki","time_zone":"","msg":"giaaaaaaxo happy birthday 🎉💜"}
{"tweet_id":841810771902308352,"created_unixtime":1489538302766,"created_time":"Wed Mar 15 00:38:22 +0000 2017","lang":"en","displayname":"TheJuliet__","time_zone":"Beijing","msg":"RT wearePhat Happy Advice 🙂 https//tco/Nzjzu7VMni"}
{"tweet_id":841810772279857152,"created_unixtime":1489538302856,"created_time":"Wed Mar 15 00:38:22 +0000 2017","lang":"en","displayname":"Hikaru_Hitachin","time_zone":"Central Time (US & Canada)","msg":"RT guiltpleasure Happy White Day https//tco/NxEFSPJwIE"}
{"tweet_id":841810772518965248,"created_unixtime":1489538302913,"created_time":"Wed Mar 15 00:38:22 +0000 2017","lang":"en","displayname":"VercelliScience","time_zone":"Pacific Time (US & Canada)","msg":"RT BillNye Happy 314 Day peoples"}
{"tweet_id":841810771940134912,"created_unixtime":1489538302775,"created_time":"Wed Mar 15 00:38:22 +0000 2017","lang":"en","displayname":"minix32401","time_zone":"Eastern Time (US & Canada)","msg":"Well anyway the pie was DELICIOUS so happy pi day bc its everyones favorite irrational number π https//tco/oslEOHbs7E"}
{"tweet_id":841810772988690432,"created_unixtime":1489538303025,"created_time":"Wed Mar 15 00:38:23 +0000 2017","lang":"en","displayname":"mccolfer","time_zone":"Eastern Time (US & Canada)","msg":"RT BillNye Happy 314 Day peoples"}
