{"tweet_id":841793874360193024,"created_unixtime":1489534274078,"created_time":"Tue Mar 14 23:31:14 +0000 2017","lang":"und","displayname":"Lonelyshadows_","time_zone":"Greenland","msg":"Sad "}
{"tweet_id":841793874452459522,"created_unixtime":1489534274100,"created_time":"Tue Mar 14 23:31:14 +0000 2017","lang":"en","displayname":"wallnutter","time_zone":"Pacific Time (US & Canada)","msg":"Wild horses hens and baby chicks everywhere Iguanas and huge fish Sun kissed and sunburnt Happy kids really https//tco/voxC1kW72J"}
{"tweet_id":841793874607648768,"created_unixtime":1489534274137,"created_time":"Tue Mar 14 23:31:14 +0000 2017","lang":"en","displayname":"hallaalli1","time_zone":"","msg":"RT Elijahyats Keep yourself busy and happy and use your time wisely"}
{"tweet_id":841793874880266240,"created_unixtime":1489534274202,"created_time":"Tue Mar 14 23:31:14 +0000 2017","lang":"en","displayname":"Joooee_x","time_zone":"","msg":"RT girlposts Someone When was the last time u were truly happyMe https//tco/wzhzedcF5P"}
{"tweet_id":841793875056427008,"created_unixtime":1489534274244,"created_time":"Tue Mar 14 23:31:14 +0000 2017","lang":"en","displayname":"thatwhitekid_13","time_zone":"","msg":"Ngl ill be happy af with a 2 hr delay"}
{"tweet_id":841793875371012097,"created_unixtime":1489534274319,"created_time":"Tue Mar 14 23:31:14 +0000 2017","lang":"en","displayname":"Ggomez1802","time_zone":"","msg":"RT EthanDolan happy tuesday todays vid is gonna be super different 😬"}
{"tweet_id":841793875358412800,"created_unixtime":1489534274316,"created_time":"Tue Mar 14 23:31:14 +0000 2017","lang":"en","displayname":"TerriTh5576208","time_zone":"","msg":"RT NASA Its PiDay It may be irrational but pi plays an important role in the work of scientists at NASA… "}
{"tweet_id":841793875501031424,"created_unixtime":1489534274350,"created_time":"Tue Mar 14 23:31:14 +0000 2017","lang":"en","displayname":"riddlejT4","time_zone":"Eastern Time (US & Canada)","msg":"joekwon80 EmilyMeineke Happy Birthday present"}
{"tweet_id":841793875773685760,"created_unixtime":1489534274415,"created_time":"Tue Mar 14 23:31:14 +0000 2017","lang":"en","displayname":"maadysonlourdes","time_zone":"","msg":"RT emofucc when i show people a list of reasons why im so sad https//tco/c986HezrtS"}
{"tweet_id":841793876029517827,"created_unixtime":1489534274476,"created_time":"Tue Mar 14 23:31:14 +0000 2017","lang":"ko","displayname":"likesleighanne","time_zone":"Brasilia","msg":"RT offclASTRO Happy birthday to you~ 진진형 22번째 생일을진심으로 축하해요🎉🎉 착하고 장난도 잘받아주고 리더쉽있는ㅎㅎ진진형 귀염댕이 아스트로 잘부탁드려요생일선물 나 HappyJINJINDay https//…"}
{"tweet_id":841793874435690500,"created_unixtime":1489534274096,"created_time":"Tue Mar 14 23:31:14 +0000 2017","lang":"en","displayname":"a4atish","time_zone":"","msg":"Happy birthday to our ladki beautiful 🎉aliaa08 ❤May this year with love ♥️and happiness ✌🏻Happy Birthday Alia Bh… https//tco/3L8xZrF06j"}
{"tweet_id":841793876310544384,"created_unixtime":1489534274543,"created_time":"Tue Mar 14 23:31:14 +0000 2017","lang":"en","displayname":"_allysonwhite","time_zone":"","msg":"RT Simone_Biles thanks Zac☺️ xoxo https//tco/TQxYv1mJmJ"}
{"tweet_id":841793874561519616,"created_unixtime":1489534274126,"created_time":"Tue Mar 14 23:31:14 +0000 2017","lang":"en","displayname":"Rkel_10","time_zone":"Atlantic Time (Canada)","msg":"Happy Birthday to my good friend ZacharyLefevre hes got more game then anyone I know https//tco/oqdwN8DPhI"}
{"tweet_id":841793876721516544,"created_unixtime":1489534274641,"created_time":"Tue Mar 14 23:31:14 +0000 2017","lang":"en","displayname":"HanyaAtyra","time_zone":"Kuala Lumpur","msg":"RT AccurateText Dont feel sad over someone who  https//tco/70ARpyhQRV"}
{"tweet_id":841793876650266624,"created_unixtime":1489534274624,"created_time":"Tue Mar 14 23:31:14 +0000 2017","lang":"en","displayname":"WanzerDamita","time_zone":"","msg":"RT FamousBirthdays StephenCurry30 turns 29 today Happy Birthday https//tco/fvekCRFUOM"}
{"tweet_id":841793877325447168,"created_unixtime":1489534274785,"created_time":"Tue Mar 14 23:31:14 +0000 2017","lang":"ja","displayname":"kubokunShiny","time_zone":"","msg":"RT KanaMarikakumei 園田海未生誕祭2017 園田海未限定勧誘 ラブライブlovelive RTした人全員フォローする 海未ちゃん･♥ﾟHappy Birthday ♬ °･♥いろんな表情が豊かだったりキリッとしてたりそん… "}
{"tweet_id":841793876880900097,"created_unixtime":1489534274679,"created_time":"Tue Mar 14 23:31:14 +0000 2017","lang":"tl","displayname":"tomiho2015","time_zone":"","msg":"RT babywing2610 Miho all smiles saya ng bonding niyo Happy siya dahil happy si Aimi LLWaves https//tco/vF8vIrt5jf"}
{"tweet_id":841793877589676032,"created_unixtime":1489534274848,"created_time":"Tue Mar 14 23:31:14 +0000 2017","lang":"tl","displayname":"Crackett9","time_zone":"","msg":"RT maine77375044 mainedcm Good things happen to good people like you Menggay keep that happy mindset marami kaming nagmamahal sayo at di…"}
{"tweet_id":841793877472378882,"created_unixtime":1489534274820,"created_time":"Tue Mar 14 23:31:14 +0000 2017","lang":"en","displayname":"Paulaldls","time_zone":"Madrid","msg":"RT RickyPDillon Happy pi day https//tco/PyJRimk7d3"}
{"tweet_id":841793877614968833,"created_unixtime":1489534274854,"created_time":"Tue Mar 14 23:31:14 +0000 2017","lang":"en","displayname":"Miss_Lu1279","time_zone":"","msg":"RT protecthoseok 140317  Happy White Day 💜 JHOPE BTS https//tco/JW9esPkCur"}
{"tweet_id":841793877656907777,"created_unixtime":1489534274864,"created_time":"Tue Mar 14 23:31:14 +0000 2017","lang":"en","displayname":"TheSima0","time_zone":"Caracas","msg":"kakurenb0 myanimelist oh i see I havent check the page for a while Its sad that not much people like it"}
{"tweet_id":841793877807792129,"created_unixtime":1489534274900,"created_time":"Tue Mar 14 23:31:14 +0000 2017","lang":"en","displayname":"TGCPhilanthropy","time_zone":"Eastern Time (US & Canada)","msg":"Happy Pi Day Eat some pie and let the geniuses at The Giving Collaborative help you navigate the infinite https//tco/IEXCU3wvR1"}
{"tweet_id":841793877174583296,"created_unixtime":1489534274749,"created_time":"Tue Mar 14 23:31:14 +0000 2017","lang":"en","displayname":"PrettyOrWhatev","time_zone":"Central Time (US & Canada)","msg":"RT MissTRJohnson I love you my luh baby 💕 https//tco/vikctq1U6P"}
{"tweet_id":841793877690449920,"created_unixtime":1489534274872,"created_time":"Tue Mar 14 23:31:14 +0000 2017","lang":"en","displayname":"rbrandt5656","time_zone":"","msg":"RT townsendkyle03 thanks porkchop ✊🏽 https//tco/HxXQmz4gpO"}
{"tweet_id":841793878378209280,"created_unixtime":1489534275036,"created_time":"Tue Mar 14 23:31:15 +0000 2017","lang":"en","displayname":"EsserZed","time_zone":"Quito","msg":"RT alexandraerin You can abate this sadness by taking a moment to quietly ask yourselfWhy is it even necessary that I1 Sa… "}
{"tweet_id":841793878168621056,"created_unixtime":1489534274986,"created_time":"Tue Mar 14 23:31:14 +0000 2017","lang":"en","displayname":"dillion97","time_zone":"","msg":"RT WorIdStarLaugh Happy Birthday Merlin SantanaRIP 🙏 https//tco/1afWTL2JTY"}
{"tweet_id":841793877401059328,"created_unixtime":1489534274803,"created_time":"Tue Mar 14 23:31:14 +0000 2017","lang":"en","displayname":"Leechington","time_zone":"","msg":"RT kalebhorton Saying America is optimistic because CEOs are optimistic is like saying prisoners are happy because you heard the w… "}
{"tweet_id":841793878671937541,"created_unixtime":1489534275106,"created_time":"Tue Mar 14 23:31:15 +0000 2017","lang":"en","displayname":"tweetaboutnae","time_zone":"","msg":"Thats just sad"}
{"tweet_id":841793877619101696,"created_unixtime":1489534274855,"created_time":"Tue Mar 14 23:31:14 +0000 2017","lang":"ja","displayname":"3jsb_omi_yu_","time_zone":"","msg":"DAICHI ｸﾝ 💙💙Happy Birthday🎂🎊あまり絡んでないからまた絡みにいく☺☺☺いい一年にしてね✌💗d_m_0315 ←Birthday Boy👦🏻 https//tco/cPCGYN5Hwt"}
{"tweet_id":841793878998958080,"created_unixtime":1489534275184,"created_time":"Tue Mar 14 23:31:15 +0000 2017","lang":"en","displayname":"aimee_laureta","time_zone":"Alaska","msg":"RT NashLenersOFC Happy NashLene day AguasNash01 shar_sanpedro We love you 💑💙"}
{"tweet_id":841793878738972672,"created_unixtime":1489534275122,"created_time":"Tue Mar 14 23:31:15 +0000 2017","lang":"en","displayname":"enzoderm","time_zone":"Hong Kong","msg":"HAPPY BIRTHDAY UMI"}
{"tweet_id":841793878814474240,"created_unixtime":1489534275140,"created_time":"Tue Mar 14 23:31:15 +0000 2017","lang":"en","displayname":"_xxrue","time_zone":"Pacific Time (US & Canada)","msg":"RT httpxxi I want to make you the kind of happy that when you lay in bed at night you’re just like “wow who even knew this was possib…"}
{"tweet_id":841793879129042944,"created_unixtime":1489534275215,"created_time":"Tue Mar 14 23:31:15 +0000 2017","lang":"tl","displayname":"julyramendoza","time_zone":"","msg":"RT lynieg88 wieanciano73 grabesila sakurakharel AMInaticsOFC kamposawi2 👈🏽puro drama  pegkaloka happy  para no wringkles  ALDUBxD…"}
{"tweet_id":841793878445445121,"created_unixtime":1489534275052,"created_time":"Tue Mar 14 23:31:15 +0000 2017","lang":"en","displayname":"taehyoonbin","time_zone":"Mid-Atlantic","msg":"RT fantagiogroup [아스트로] 20170315 HAPPY BIRTHDAY JINJIN♥https//tco/V5gCN4Og73ASTRO JINJIN 진진 HAPPYJINJINDAY💕 https//tco/wheN9y…"}
{"tweet_id":841793879154151424,"created_unixtime":1489534275221,"created_time":"Tue Mar 14 23:31:15 +0000 2017","lang":"en","displayname":"thislifeoutside","time_zone":"","msg":"RT Backcountry_H_A Happy birthday to our Natl Wildlife Refuges 114 yrs of protected habitat amp public access https//tco/bvUZ60jJO5… "}
{"tweet_id":841793878084603904,"created_unixtime":1489534274966,"created_time":"Tue Mar 14 23:31:14 +0000 2017","lang":"en","displayname":"abby_karam","time_zone":"","msg":"happy bday evan throwback to those chiller days and when you broke up with me on kik in 7th grade lol EvanShea23 https//tco/kcbUoSSs5e"}
{"tweet_id":841793879330418689,"created_unixtime":1489534275263,"created_time":"Tue Mar 14 23:31:15 +0000 2017","lang":"en","displayname":"McCaffreyLaw","time_zone":"Pacific Time (US & Canada)","msg":"RT TaxiLegalUK Well done to TfLTPH today for a sensible review of an initial licence refusal Very happy client McCaffreyLaw"}
{"tweet_id":841793879447875586,"created_unixtime":1489534275291,"created_time":"Tue Mar 14 23:31:15 +0000 2017","lang":"en","displayname":"annisbel_","time_zone":"Central Time (US & Canada)","msg":"Happy birthday Pseudo WildThornberrys 😊💕 Its your fault we dont have any pictures together 🙃 amp trust me I looked 🙄 hate you always"}
{"tweet_id":841793879540158468,"created_unixtime":1489534275313,"created_time":"Tue Mar 14 23:31:15 +0000 2017","lang":"en","displayname":"warnockkm","time_zone":"","msg":"Aye happy birthday beautiful Now you can get fucked up legally OliviaWaters03"}
{"tweet_id":841793879795941376,"created_unixtime":1489534275374,"created_time":"Tue Mar 14 23:31:15 +0000 2017","lang":"en","displayname":"HeathC","time_zone":"Brisbane","msg":"Happy birthday essemmeff"}
{"tweet_id":841793879888150528,"created_unixtime":1489534275396,"created_time":"Tue Mar 14 23:31:15 +0000 2017","lang":"en","displayname":"dkaminsky","time_zone":"Central Time (US & Canada)","msg":"RT BetterCompany Evernotes BetterCompany Interview feed is one of our best An incredible company with genuinely happy employees https…"}
{"tweet_id":841793880316030976,"created_unixtime":1489534275498,"created_time":"Tue Mar 14 23:31:15 +0000 2017","lang":"ja","displayname":"rezero_ReRa","time_zone":"","msg":"RT shamakho_works 海未ちゃん描きました。happy birthday🎉lovelive園田海未生誕祭2017 3月15日は園田海未の誕生日 https//tco/haJCpEMlak"}
{"tweet_id":841793880462905344,"created_unixtime":1489534275533,"created_time":"Tue Mar 14 23:31:15 +0000 2017","lang":"en","displayname":"stylespoetry","time_zone":"Santiago","msg":"dear Harry_Styles keep smiling cause your smile makes me smile Thank you for making me so happy mind following me Love you ♡ — 13155"}
{"tweet_id":841793880626475009,"created_unixtime":1489534275572,"created_time":"Tue Mar 14 23:31:15 +0000 2017","lang":"en","displayname":"RagingPiplup","time_zone":"","msg":"DittoPokemon97 Im just sad my charger cord broke"}
{"tweet_id":841793881062572032,"created_unixtime":1489534275676,"created_time":"Tue Mar 14 23:31:15 +0000 2017","lang":"en","displayname":"ColleenPhelps","time_zone":"Quito","msg":"Some folks do Whole30 Noah and I prefer Whole314 Happy piday to all 🤓 https//tco/G9dQohaFJm"}
{"tweet_id":841793879997267968,"created_unixtime":1489534275422,"created_time":"Tue Mar 14 23:31:15 +0000 2017","lang":"en","displayname":"andyyeezus","time_zone":"Pacific Time (US & Canada)","msg":"happy birthday to the day 1 homie beardown man👀🕺🏽 Harrison_Weber0 https//tco/o3pfYT6Phy"}
{"tweet_id":841793881343684608,"created_unixtime":1489534275743,"created_time":"Tue Mar 14 23:31:15 +0000 2017","lang":"en","displayname":"ajme63","time_zone":"","msg":"So blessed and happy to have her in my life💕"}
{"tweet_id":841793881515655170,"created_unixtime":1489534275784,"created_time":"Tue Mar 14 23:31:15 +0000 2017","lang":"en","displayname":"taylor_croasmun","time_zone":"Eastern Time (US & Canada)","msg":"RT CloydRivers Some kid told me Happy Pi Day Dropkicked his calculator and said America is the land of thick thighs and apple pies 17…"}
{"tweet_id":841793881628917760,"created_unixtime":1489534275811,"created_time":"Tue Mar 14 23:31:15 +0000 2017","lang":"en","displayname":"_kierratamiya","time_zone":"Santiago","msg":"RT kellygieb so sad when a boy can never own up to what he does/says🙍🏼"}
{"tweet_id":841793881591144448,"created_unixtime":1489534275802,"created_time":"Tue Mar 14 23:31:15 +0000 2017","lang":"en","displayname":"laMillionss","time_zone":"Pacific Time (US & Canada)","msg":"zhaaaane happy birthday love u"}
{"tweet_id":841793881448538116,"created_unixtime":1489534275768,"created_time":"Tue Mar 14 23:31:15 +0000 2017","lang":"en","displayname":"herecomesjk","time_zone":"Central Time (US & Canada)","msg":"happy birthday danny 💖GameGrumps"}
{"tweet_id":841793881951752193,"created_unixtime":1489534275888,"created_time":"Tue Mar 14 23:31:15 +0000 2017","lang":"ja","displayname":"katyon_tyon","time_zone":"","msg":"RT BELCORNO ラテアート【園田海未】＠ラブライブ！LatteArt【Umi Sonoda】＠ Love Live本日お誕生日で一杯。Happy Birthday作成動画：https//tco/M7aP8M7SKK… "}
{"tweet_id":841793879204544513,"created_unixtime":1489534275233,"created_time":"Tue Mar 14 23:31:15 +0000 2017","lang":"ja","displayname":"NEWSlove0423k","time_zone":"","msg":"朝からhappy今日の新聞 https//tco/sv2TuvQBLh"}
{"tweet_id":841793882383892480,"created_unixtime":1489534275991,"created_time":"Tue Mar 14 23:31:15 +0000 2017","lang":"en","displayname":"K_yuri10","time_zone":"Pacific Time (US & Canada)","msg":"RT Meelaffs squishy 😊also happy white day https//tco/HI01IusVAR"}
{"tweet_id":841793882153205760,"created_unixtime":1489534275936,"created_time":"Tue Mar 14 23:31:15 +0000 2017","lang":"en","displayname":"daph2019","time_zone":"","msg":"You can say or act however you want but in the end I will  be the only one standing because youre sad and pathetic 🤷🏼‍♀️ Get a life loser"}
{"tweet_id":841793882539024384,"created_unixtime":1489534276028,"created_time":"Tue Mar 14 23:31:16 +0000 2017","lang":"tl","displayname":"Diomel23","time_zone":"Pacific Time (US & Canada)","msg":"RT shewishU Sobrang happy mo na razalfaro 2 DJ na labs mo ohh mor1019chacha meets mainedcm JusticeforRaz… "}
{"tweet_id":841793882560040962,"created_unixtime":1489534276033,"created_time":"Tue Mar 14 23:31:16 +0000 2017","lang":"en","displayname":"xsugakookies","time_zone":"Pacific Time (US & Canada)","msg":"RT jiminwingss Look at this happy baby boy he makes me so happy https//tco/hwvhAhVWZT"}
{"tweet_id":841793882908123136,"created_unixtime":1489534276116,"created_time":"Tue Mar 14 23:31:16 +0000 2017","lang":"en","displayname":"ohhsnappitskatt","time_zone":"","msg":"RT ahhlyssax Supermarket Flowers never fails to make me cry Its so sad😭😭😭😭😭"}
{"tweet_id":841793883189075968,"created_unixtime":1489534276183,"created_time":"Tue Mar 14 23:31:16 +0000 2017","lang":"en","displayname":"OTJ_17","time_zone":"","msg":"RT nolimitlew35 You hoes aint ever happy 😂😂💀💀 https//tco/tjyDYLOGGq"}
{"tweet_id":841793882828361728,"created_unixtime":1489534276097,"created_time":"Tue Mar 14 23:31:16 +0000 2017","lang":"en","displayname":"SaiSlothh","time_zone":"Hawaii","msg":"RT Leau_Dhiver 170311 Oh Happy day 박보검 parkbogum BOGUMMY https//tco/vL18brc0UA"}
{"tweet_id":841793883247800321,"created_unixtime":1489534276197,"created_time":"Tue Mar 14 23:31:16 +0000 2017","lang":"en","displayname":"badrinadamia","time_zone":"Kuala Lumpur","msg":"Happy birthday boyfie  Goodluck for tmr Im sure youll pass with flying colours 🎉🎊🎂🤗💕 AfiqAriffudin"}
{"tweet_id":841793883063246848,"created_unixtime":1489534276153,"created_time":"Tue Mar 14 23:31:16 +0000 2017","lang":"ja","displayname":"amenagikun","time_zone":"Tokyo","msg":"RT Tyro_630_l 海未ちゃんHappy Birthday ♪海未ちゃんと出会えてよかった！´∀｀園田海未生誕祭2017 3月15日は園田海未の誕生日 園田海未生誕祭 RTした人全員フォローする https//tco/4yu7QWMk…"}
{"tweet_id":841793882232885249,"created_unixtime":1489534275955,"created_time":"Tue Mar 14 23:31:15 +0000 2017","lang":"en","displayname":"PatriciaLecco","time_zone":"","msg":"34 years spreading joy and Rock n roll Thank you and Happy 34th anniversary BonJovi See you in September… https//tco/f9mv39ezi5"}
{"tweet_id":841793882987892738,"created_unixtime":1489534276135,"created_time":"Tue Mar 14 23:31:16 +0000 2017","lang":"en","displayname":"Erika_cutie97","time_zone":"","msg":"RickyPDillon happy pie Day ❤️😝"}
{"tweet_id":841793883231145984,"created_unixtime":1489534276193,"created_time":"Tue Mar 14 23:31:16 +0000 2017","lang":"en","displayname":"EMasslich","time_zone":"","msg":"Happy Pi Day  NASA only uses 15 digits of pi   https//tco/MCO6cBOVLf"}
{"tweet_id":841793883700903936,"created_unixtime":1489534276305,"created_time":"Tue Mar 14 23:31:16 +0000 2017","lang":"en","displayname":"CregganDerry","time_zone":"Casablanca","msg":"fsmithereens AlvaghCronin Thats just so sad from you on so many levels Get some basic facts right first"}
{"tweet_id":841793884074188805,"created_unixtime":1489534276394,"created_time":"Tue Mar 14 23:31:16 +0000 2017","lang":"en","displayname":"NafiesaA","time_zone":"","msg":"Benitez10Erik Happy Birthday 🎉🎈🎊 🎂"}
{"tweet_id":841793884313251841,"created_unixtime":1489534276451,"created_time":"Tue Mar 14 23:31:16 +0000 2017","lang":"en","displayname":"hussain_mIj","time_zone":"London","msg":"Its sad when you try your best help someone with their future but if they are not willing to help themselves nothing can change that"}
{"tweet_id":841793883956736003,"created_unixtime":1489534276366,"created_time":"Tue Mar 14 23:31:16 +0000 2017","lang":"en","displayname":"jenontheedge","time_zone":"","msg":"RT kalebhorton Saying America is optimistic because CEOs are optimistic is like saying prisoners are happy because you heard the w… "}
{"tweet_id":841793884397027329,"created_unixtime":1489534276471,"created_time":"Tue Mar 14 23:31:16 +0000 2017","lang":"en","displayname":"gemax25","time_zone":"","msg":"Happiness is a decision you are as happy as you decide to beMBMayWard"}
{"tweet_id":841793884694884353,"created_unixtime":1489534276542,"created_time":"Tue Mar 14 23:31:16 +0000 2017","lang":"en","displayname":"TaraMBannister","time_zone":"","msg":"RT AmaziingPuppies Happy dog getting picked up at daycare  https//tco/VAKBpd8Yqi"}
{"tweet_id":841793884585836546,"created_unixtime":1489534276516,"created_time":"Tue Mar 14 23:31:16 +0000 2017","lang":"en","displayname":"RizalAbdulKarim","time_zone":"Singapore","msg":"RT Delta Pi is an infinite number Travel has infinite opportunities Happy PiDay https//tco/2mClHONKIN"}
{"tweet_id":841793884430704641,"created_unixtime":1489534276479,"created_time":"Tue Mar 14 23:31:16 +0000 2017","lang":"en","displayname":"stephaniebullen","time_zone":"Mountain Time (US & Canada)","msg":"addieberube Nope Happy fruit/pastry day 😉"}
{"tweet_id":841793884845830144,"created_unixtime":1489534276578,"created_time":"Tue Mar 14 23:31:16 +0000 2017","lang":"en","displayname":"madisonxxxlane","time_zone":"","msg":"Animegamergrl Happy Birthday I have a question for you can I PM you about it Thanks"}
{"tweet_id":841793884564918272,"created_unixtime":1489534276511,"created_time":"Tue Mar 14 23:31:16 +0000 2017","lang":"en","displayname":"MinSch","time_zone":"Eastern Time (US & Canada)","msg":"RT MrSpock2017 Please support Get rid of racist Steve King TheResistance Starfleet rosie https//tco/OVQLQqhCUz"}
{"tweet_id":841793885689008128,"created_unixtime":1489534276779,"created_time":"Tue Mar 14 23:31:16 +0000 2017","lang":"en","displayname":"ladydragyn","time_zone":"","msg":"RT CNN Sen Schumer on CBO report Do facts matter anymore to our colleagues to the President Does truth matter Sad a… "}
{"tweet_id":841793885714153472,"created_unixtime":1489534276785,"created_time":"Tue Mar 14 23:31:16 +0000 2017","lang":"en","displayname":"Hussein35_","time_zone":"","msg":"RT Elzayat4_ Happy birthday goat Hussein35_"}
{"tweet_id":841793886100062209,"created_unixtime":1489534276877,"created_time":"Tue Mar 14 23:31:16 +0000 2017","lang":"en","displayname":"xomayres","time_zone":"Quito","msg":"happy birthday bubs 🎈💓  Lucys Seafood Kitchen https//tco/Vzg9udtAgP"}
{"tweet_id":841793886322221056,"created_unixtime":1489534276930,"created_time":"Tue Mar 14 23:31:16 +0000 2017","lang":"ko","displayname":"RanoforJOJO","time_zone":"Pacific Time (US & Canada)","msg":"RT mintosyndr Happy White Day🍭🍭🍭 지각맨~😂 승화 https//tco/DLMR1DHdcJ"}
{"tweet_id":841793882052562944,"created_unixtime":1489534275912,"created_time":"Tue Mar 14 23:31:15 +0000 2017","lang":"en","displayname":"jenna_mabie","time_zone":"Eastern Time (US & Canada)","msg":"happy birthday Ajlamidzan1 ❤ ajla view proud to say i started that and i hope you had a great day  https//tco/pe9cRkwwii"}
{"tweet_id":841793886137778176,"created_unixtime":1489534276886,"created_time":"Tue Mar 14 23:31:16 +0000 2017","lang":"en","displayname":"xokjgxo","time_zone":"Central Time (US & Canada)","msg":"I forgot what it feels like to be genuinely happy"}
{"tweet_id":841793886343184385,"created_unixtime":1489534276935,"created_time":"Tue Mar 14 23:31:16 +0000 2017","lang":"en","displayname":"MadiParisotto","time_zone":"","msg":"RT emofucc when i show people a list of reasons why im so sad https//tco/c986HezrtS"}
{"tweet_id":841793885961564160,"created_unixtime":1489534276844,"created_time":"Tue Mar 14 23:31:16 +0000 2017","lang":"en","displayname":"vvulanM","time_zone":"","msg":"RT MarioPalush Someone When was the last time u were truly happyMe https//tco/2NuyAAdnbC"}
{"tweet_id":841793886334902272,"created_unixtime":1489534276933,"created_time":"Tue Mar 14 23:31:16 +0000 2017","lang":"en","displayname":"ilyamy_","time_zone":"","msg":"happy pi dayyyyyy nobody fucking brought a pie to school like we did in elementary smh im fat"}
{"tweet_id":841793886791991296,"created_unixtime":1489534277042,"created_time":"Tue Mar 14 23:31:17 +0000 2017","lang":"en","displayname":"JoaquinElna","time_zone":"","msg":"RT iamjeneskiey and moving forward to become a happy person MBMayWard"}
{"tweet_id":841793886032936960,"created_unixtime":1489534276861,"created_time":"Tue Mar 14 23:31:16 +0000 2017","lang":"en","displayname":"goarborzov12","time_zone":"","msg":"RT CuloGrandeMart Sweet ride on all levels Happy birthday to this beauty nolo unipride alltheoctaves  The… https//tco/PRV8lARO9K"}
{"tweet_id":841793885907128320,"created_unixtime":1489534276831,"created_time":"Tue Mar 14 23:31:16 +0000 2017","lang":"en","displayname":"nicksbass13","time_zone":"Pacific Time (US & Canada)","msg":"permitlesscarry its so sad you are THIS obsessed over someone you claim is a degenerate human Youre ideas of liberty is fascism"}
{"tweet_id":841793886234279936,"created_unixtime":1489534276909,"created_time":"Tue Mar 14 23:31:16 +0000 2017","lang":"en","displayname":"OBXSportEvents","time_zone":"","msg":"HAPPY PI DAY PIrates Day Race and WinBring yer crew to the Outer Banks to run with us https//tco/iNZzy14dff https//tco/6ssrHWpyMy"}
{"tweet_id":841793886599143424,"created_unixtime":1489534276996,"created_time":"Tue Mar 14 23:31:16 +0000 2017","lang":"en","displayname":"LongLiveZayBoyd","time_zone":"Eastern Time (US & Canada)","msg":"RT BdotAdot5 Happy Birthday Brudder ✊🏽💯 StephenCurry30 https//tco/fxunT808HC"}
{"tweet_id":841793886058086400,"created_unixtime":1489534276867,"created_time":"Tue Mar 14 23:31:16 +0000 2017","lang":"en","displayname":"emmathuyle","time_zone":"","msg":"kpopchartsdata Im really happy for all of them  여자친구 GFRIEND 탕팅탕 FINGERTIP THE_AWAKENING KNIGHT MILITARY GODFRIEND"}
{"tweet_id":841793886443978752,"created_unixtime":1489534276959,"created_time":"Tue Mar 14 23:31:16 +0000 2017","lang":"en","displayname":"XenobiaTen","time_zone":"Pacific Time (US & Canada)","msg":"RT Products4Peyton Thanks for the recent follow TKMoniker XenobiaTen Happy to connect  have a great Tuesday 🔹Want this 🆓 https//t…"}
{"tweet_id":841793885550587904,"created_unixtime":1489534276746,"created_time":"Tue Mar 14 23:31:16 +0000 2017","lang":"en","displayname":"JFries47","time_zone":"Central Time (US & Canada)","msg":"RT JustinTrudeau Happy PiDay Our government is committed to supporting science amp innovation for a stronger Canada And pie for a tasti…"}
{"tweet_id":841793886699835394,"created_unixtime":1489534277020,"created_time":"Tue Mar 14 23:31:17 +0000 2017","lang":"en","displayname":"JeanieMcGarvey","time_zone":"","msg":"RT jhallwutsgood Aside from your own happiness definitely one of the better feelings in life is seeing your friends perfectly content an…"}
{"tweet_id":841793887127633920,"created_unixtime":1489534277122,"created_time":"Tue Mar 14 23:31:17 +0000 2017","lang":"en","displayname":"ashleycarver00","time_zone":"","msg":"happy birthday beck🎉I hope your day was great beckl88"}
{"tweet_id":841793887282831360,"created_unixtime":1489534277159,"created_time":"Tue Mar 14 23:31:17 +0000 2017","lang":"en","displayname":"trapcarol","time_zone":"Atlantic Time (Canada)","msg":"I miss Cody Im so sad"}
{"tweet_id":841793887740039169,"created_unixtime":1489534277268,"created_time":"Tue Mar 14 23:31:17 +0000 2017","lang":"en","displayname":"Hydro_Sports","time_zone":"Pacific Time (US & Canada)","msg":"NBA News Nikola Mirotic Not Happy With Him Being Left Out Of The Chicago Bulls Rotation https//tco/iv3g9wvLuP"}
{"tweet_id":841793887744212992,"created_unixtime":1489534277269,"created_time":"Tue Mar 14 23:31:17 +0000 2017","lang":"en","displayname":"laidiv6v","time_zone":"","msg":"RT TrueJuggaloFam Words we should all remember TrueJuggaloFamily positivity happy quote life motivation love inspiration… "}
{"tweet_id":841793888499191808,"created_unixtime":1489534277449,"created_time":"Tue Mar 14 23:31:17 +0000 2017","lang":"en","displayname":"hollypaige102","time_zone":"","msg":"RT _seanbennett Just gonna sit in wait until I find sommint that makes me happy"}
{"tweet_id":841793888570486784,"created_unixtime":1489534277466,"created_time":"Tue Mar 14 23:31:17 +0000 2017","lang":"en","displayname":"lmihajlov","time_zone":"Hawaii","msg":"RT MomsDemand Background checks on gun sales are as American as apple pie Happy Pi PiDay GunSense https//tco/AZOwfpWPjI"}
{"tweet_id":841793888851378176,"created_unixtime":1489534277533,"created_time":"Tue Mar 14 23:31:17 +0000 2017","lang":"en","displayname":"Charliejurczenk","time_zone":"","msg":"RT cumrapp he cares about her so much i cant believe they are finally happy and healthy together https//tco/LsoLMPdJtV"}
{"tweet_id":841793889015013376,"created_unixtime":1489534277572,"created_time":"Tue Mar 14 23:31:17 +0000 2017","lang":"en","displayname":"gunturnaufal","time_zone":"Pacific Time (US & Canada)","msg":"RT 9GAG Face Youre uglyBody Youre fatBrain Youre stupidLife You suckFood Come here babe youll be happy with me"}
{"tweet_id":841793888511787008,"created_unixtime":1489534277452,"created_time":"Tue Mar 14 23:31:17 +0000 2017","lang":"en","displayname":"worldonalert","time_zone":"Pacific Time (US & Canada)","msg":"Interbrigades We see the sad facts on the ground every day I remember how many people said that the rebels would never lose Aleppo City"}
{"tweet_id":841793888922742785,"created_unixtime":1489534277550,"created_time":"Tue Mar 14 23:31:17 +0000 2017","lang":"en","displayname":"ovochristiang","time_zone":"Pacific Time (US & Canada)","msg":"RT india_kate This photo makes me so happy ☺️✨ RitaOra ANTMVH1 antmvh1 https//tco/PsC5hOSlDs"}
{"tweet_id":841793889061158913,"created_unixtime":1489534277583,"created_time":"Tue Mar 14 23:31:17 +0000 2017","lang":"en","displayname":"AFGCarryOn","time_zone":"Hong Kong","msg":"RT MillennialOfMNL This is your reminder that its okay to not be okay No one is constantly happy Your emotions are yours No one can t…"}
{"tweet_id":841793889270870016,"created_unixtime":1489534277633,"created_time":"Tue Mar 14 23:31:17 +0000 2017","lang":"en","displayname":"aimee_laureta","time_zone":"Alaska","msg":"RT imjenya_ HAPPY NASHLENE DAY luvluv 💙 https//tco/MIbZDiKhEP"}
{"tweet_id":841793889379979269,"created_unixtime":1489534277659,"created_time":"Tue Mar 14 23:31:17 +0000 2017","lang":"en","displayname":"_lindseyhunter","time_zone":"","msg":"RT CharlesTrippy So happy this turned out as amazing as it did https//tco/swruFiwKHd"}
{"tweet_id":841793889199636480,"created_unixtime":1489534277616,"created_time":"Tue Mar 14 23:31:17 +0000 2017","lang":"en","displayname":"prettygalni_","time_zone":"Eastern Time (US & Canada)","msg":"ChazBandz happy birthday chaz"}
{"tweet_id":841793889342259201,"created_unixtime":1489534277650,"created_time":"Tue Mar 14 23:31:17 +0000 2017","lang":"en","displayname":"that_HRlady","time_zone":"Pacific Time (US & Canada)","msg":"Hello that_HRladys 32 followers  thank you so much for following Wishing you all a happy Tuesday ➡️Want this 🆓❓https//tco/eiDdXSxIw8"}
{"tweet_id":841793887320530945,"created_unixtime":1489534277168,"created_time":"Tue Mar 14 23:31:17 +0000 2017","lang":"en","displayname":"ana_hiiiiii","time_zone":"","msg":"HAPPY 17TH BIRTHDAY TO THIS OLD CHICA ITS BEEN 8 YEARS OF OUR FRIENDSHIP amp I HOPE MORE YEARS ARE TO COME I LOVE… https//tco/4JwjAswf6c"}
{"tweet_id":841793890441134080,"created_unixtime":1489534277912,"created_time":"Tue Mar 14 23:31:17 +0000 2017","lang":"en","displayname":"wlinscott50","time_zone":"Eastern Time (US & Canada)","msg":"seremdipitous CNN And another sad thing is that an Hillary administration wouldnt have been any better at all when it comes to ethics"}
{"tweet_id":841793890575294464,"created_unixtime":1489534277944,"created_time":"Tue Mar 14 23:31:17 +0000 2017","lang":"en","displayname":"Twimare","time_zone":"","msg":"RT dinyrose31 Smiling doesnt always mean youre happy Sometime Its means that you are a strong personOudezijds Kolk  Amster… "}
{"tweet_id":841793890759921664,"created_unixtime":1489534277988,"created_time":"Tue Mar 14 23:31:17 +0000 2017","lang":"en","displayname":"_mikeflynn_","time_zone":"Eastern Time (US & Canada)","msg":"RT AmaziingPuppies Happy dog getting picked up at daycare  https//tco/VAKBpd8Yqi"}
{"tweet_id":841793891078705152,"created_unixtime":1489534278064,"created_time":"Tue Mar 14 23:31:18 +0000 2017","lang":"en","displayname":"Mariannehoffm16","time_zone":"","msg":"RT EthanDolan happy tuesday todays vid is gonna be super different 😬"}
{"tweet_id":841793890751533056,"created_unixtime":1489534277986,"created_time":"Tue Mar 14 23:31:17 +0000 2017","lang":"und","displayname":"brelezinha","time_zone":"Brasilia","msg":"ferrari133519 sad"}
{"tweet_id":841793891791650817,"created_unixtime":1489534278234,"created_time":"Tue Mar 14 23:31:18 +0000 2017","lang":"en","displayname":"whoisadiq","time_zone":"Pacific Time (US & Canada)","msg":"I LOOK HAPPY AYE https//tco/t5NFn4AAMi"}
{"tweet_id":841793891640700929,"created_unixtime":1489534278198,"created_time":"Tue Mar 14 23:31:18 +0000 2017","lang":"en","displayname":"kingsleykase","time_zone":"Atlantic Time (Canada)","msg":"4/5 Truth is we all can be a disappointment It was just my desire to make things better for our people Im just happy were making it"}
{"tweet_id":841793891825270784,"created_unixtime":1489534278242,"created_time":"Tue Mar 14 23:31:18 +0000 2017","lang":"en","displayname":"imjustShar","time_zone":"Mountain Time (US & Canada)","msg":"RT ChickSoPretty A private life is a happy life  💯💯💯🙌🏾"}
{"tweet_id":841793892676640769,"created_unixtime":1489534278445,"created_time":"Tue Mar 14 23:31:18 +0000 2017","lang":"ja","displayname":"kuronoyakumo","time_zone":"Seoul","msg":"RT msoshira1219 海未ちゃん✨🎉HAPPY BIRTHDAY🎊✨μsの中でのしっかりもので照れ屋さんなうみちゃんが大好き💕これからもずっとよろしくね！皆で祝おうぞ！！園田海未生誕祭2017 3月15日は園田海未の誕生日… "}
{"tweet_id":841793892982833152,"created_unixtime":1489534278518,"created_time":"Tue Mar 14 23:31:18 +0000 2017","lang":"en","displayname":"friendlyhelping","time_zone":"","msg":"RT ZacEfron Happy birthday Simone_Biles Hope youre having an incredible day 🎉🎂🎉"}
{"tweet_id":841793892873826306,"created_unixtime":1489534278492,"created_time":"Tue Mar 14 23:31:18 +0000 2017","lang":"en","displayname":"RaboiyaneM","time_zone":"","msg":"RT Simone_Biles happy birthday to all the march 14th babies  🖤"}
{"tweet_id":841793892982824960,"created_unixtime":1489534278518,"created_time":"Tue Mar 14 23:31:18 +0000 2017","lang":"en","displayname":"FlowerCrownKnJ","time_zone":"Perth","msg":"RT RickyPDillon Happy pi day https//tco/PyJRimk7d3"}
{"tweet_id":841793893184098304,"created_unixtime":1489534278566,"created_time":"Tue Mar 14 23:31:18 +0000 2017","lang":"en","displayname":"Pussaluss123","time_zone":"Pacific Time (US & Canada)","msg":"RT mehra_naina Pussaluss123 emmafarrowart AlanWPhotos SharonEkul Lizzie_Chantree FJ_Bering YaY 👏🏼Happy Early Bday🎈 to him  TeamP…"}
{"tweet_id":841793892777381888,"created_unixtime":1489534278469,"created_time":"Tue Mar 14 23:31:18 +0000 2017","lang":"en","displayname":"DSR_Roman","time_zone":"","msg":"RT KariWahlgren Happy PiDay 💗 https//tco/nq0sUlIkuL"}
{"tweet_id":841793893360386048,"created_unixtime":1489534278608,"created_time":"Tue Mar 14 23:31:18 +0000 2017","lang":"en","displayname":"J_Gooder","time_zone":"Eastern Time (US & Canada)","msg":"So sad https//tco/J52b1cXm9g"}
{"tweet_id":841793893737857024,"created_unixtime":1489534278698,"created_time":"Tue Mar 14 23:31:18 +0000 2017","lang":"en","displayname":"sheridanbren88","time_zone":"","msg":"RT reIates im so happy i grew up in a time where we played hide and seek amp played on the street with friends rather than playing on an i…"}
{"tweet_id":841793893544910848,"created_unixtime":1489534278652,"created_time":"Tue Mar 14 23:31:18 +0000 2017","lang":"en","displayname":"MiwalovesJK","time_zone":"Casablanca","msg":"RT yoongibts bts episode HAPPY WHITE DAY FROM BTS 1 jungkook https//tco/8PjE6A5iMN"}
{"tweet_id":841793893851004929,"created_unixtime":1489534278725,"created_time":"Tue Mar 14 23:31:18 +0000 2017","lang":"in","displayname":"fiqalala","time_zone":"Kuala Lumpur","msg":"Lets makan hati lagi 😭 https//tco/hwS6oB5PyH"}
{"tweet_id":841793894014693377,"created_unixtime":1489534278764,"created_time":"Tue Mar 14 23:31:18 +0000 2017","lang":"en","displayname":"___ItsKaylaaaa","time_zone":"Quito","msg":"I just want my friends to be happy"}
{"tweet_id":841793894157303808,"created_unixtime":1489534278798,"created_time":"Tue Mar 14 23:31:18 +0000 2017","lang":"en","displayname":"jaymariannn","time_zone":"Pacific Time (US & Canada)","msg":"WTFFFF IM SO HAPPY BUT SO PISSED THAT I SAW THIS ON TWITTER WHRN I HAVENT WATCHED IT YET😥😥😥😥😥😥😥😥😥😥😥😥 https//tco/7eYRVEH8Zc"}
{"tweet_id":841793894727671808,"created_unixtime":1489534278934,"created_time":"Tue Mar 14 23:31:18 +0000 2017","lang":"en","displayname":"sex0_00","time_zone":"Hawaii","msg":"RT b1g_b00ty_69 Happy Birthday MichaelAHoff101  🎉🎉💘 come get your cake 😏🍑💦 https//tco/9y0QXzbMF3"}
{"tweet_id":841793894949969920,"created_unixtime":1489534278987,"created_time":"Tue Mar 14 23:31:18 +0000 2017","lang":"en","displayname":"DevilRTs","time_zone":"Pacific Time (US & Canada)","msg":"RT LegendaryFroze Happy Tuesday Day_RTs"}
{"tweet_id":841793895063265282,"created_unixtime":1489534279014,"created_time":"Tue Mar 14 23:31:19 +0000 2017","lang":"en","displayname":"_lauryngreeryo","time_zone":"Eastern Time (US & Canada)","msg":"RT a1fbgmn every girl just wanna be genuinely happy not confused not irritated not slept on not taken advantage of just happy my g "}
{"tweet_id":841793894157279232,"created_unixtime":1489534278798,"created_time":"Tue Mar 14 23:31:18 +0000 2017","lang":"en","displayname":"akira_eng","time_zone":"Pacific Time (US & Canada)","msg":"mutsuyoshii I would be happy to help you in math Producer https//tco/Yvrw7QYfgs"}
{"tweet_id":841793894564151297,"created_unixtime":1489534278895,"created_time":"Tue Mar 14 23:31:18 +0000 2017","lang":"en","displayname":"YouEnjoy6","time_zone":"","msg":"Stop listening to radio and watch Maleficent 2014 here https//tco/H1FCfqoMOf Happy watching https//tco/1RstndDtBK"}
{"tweet_id":841793895939821568,"created_unixtime":1489534279223,"created_time":"Tue Mar 14 23:31:19 +0000 2017","lang":"ja","displayname":"katyon_tyon","time_zone":"","msg":"RT v0PnixGOqPcp9rN 海未ちゃんお誕生日おめでとう🎉🎉皆を引っ張ってくれるしっかりした所と稀に抜けている海未ちゃんが大好きだ♥Happy Birthday ♥園田海未生誕祭2017 3月15日は園田海未の誕生日… "}
{"tweet_id":841793895751081984,"created_unixtime":1489534279178,"created_time":"Tue Mar 14 23:31:19 +0000 2017","lang":"ja","displayname":"amenagikun","time_zone":"Tokyo","msg":"RT ll_hha 海未ちゃん誕生日おめでとー！･♥ﾟHappy Birthday ♬ °･♥園田海未生誕祭2017 3月15日は園田海未の誕生日 園田海未生誕祭 lovelive RTした人全員フォローする https//tco/kdv3S…"}
{"tweet_id":841793895864385536,"created_unixtime":1489534279205,"created_time":"Tue Mar 14 23:31:19 +0000 2017","lang":"en","displayname":"halfliamblood","time_zone":"Pacific Time (US & Canada)","msg":"RT NiallsintheAM HARRY SINGING HAPPY BIRTHDAY DEAR LIMA CAUSE LIAM IS HIS FAVORITE LIMA BEAN https//tco/MdqQZmKgL2"}
{"tweet_id":841793896245997569,"created_unixtime":1489534279296,"created_time":"Tue Mar 14 23:31:19 +0000 2017","lang":"en","displayname":"Mikay211","time_zone":"","msg":"RT OfficialKBB So happy to see you both together Take care always girls ❤️ bernardokath kristelfulgar © CHFILTeaserLaunch https//t…"}
{"tweet_id":841793895239368704,"created_unixtime":1489534279056,"created_time":"Tue Mar 14 23:31:19 +0000 2017","lang":"ja","displayname":"Airagokuuarare","time_zone":"","msg":"RT yuuu_san0123 Happy Birth Day 海未ちゃん💙園田海未生誕祭2017 3月15日は園田海未の誕生日 ラブライバーはRT ラブライバーと繋がりたい RTした人全員フォローする いいねした人全員フォロー https//t…"}
{"tweet_id":841793896300568576,"created_unixtime":1489534279309,"created_time":"Tue Mar 14 23:31:19 +0000 2017","lang":"en","displayname":"caiaojorge","time_zone":"Buenos Aires","msg":"RT NBA Join us in wishing StephenCurry30 of the warriors a HAPPY 29th BIRTHDAY NBABDAY DubNation https//tco/cZfNy7sLh5"}
{"tweet_id":841793896749252609,"created_unixtime":1489534279416,"created_time":"Tue Mar 14 23:31:19 +0000 2017","lang":"en","displayname":"LaranjoC","time_zone":"","msg":"Happy birthday to meTo celebrate the day I went for a 100K ride It was difficult because… https//tco/zPWJdNPRhr"}
{"tweet_id":841793896908783616,"created_unixtime":1489534279454,"created_time":"Tue Mar 14 23:31:19 +0000 2017","lang":"en","displayname":"lovehirah__","time_zone":"Pacific Time (US & Canada)","msg":"when Im happy life is great otherwise nahh 🤷🏽‍♀️"}
{"tweet_id":841793896736784384,"created_unixtime":1489534279413,"created_time":"Tue Mar 14 23:31:19 +0000 2017","lang":"en","displayname":"anfizabukaev611","time_zone":"","msg":"RT majornelson Here is the latest episode of This Week On Xbox Watch it here or on your Xbox Have a great weekend and a safe amp h… "}
{"tweet_id":841793897172996096,"created_unixtime":1489534279517,"created_time":"Tue Mar 14 23:31:19 +0000 2017","lang":"en","displayname":"freiherrKvK","time_zone":"Quito","msg":"RT SarahBlakeInc Ive fucked more people in more places than you can shake a dick at and I think back with a smile and sometimes a happy…"}
{"tweet_id":841793897227415552,"created_unixtime":1489534279530,"created_time":"Tue Mar 14 23:31:19 +0000 2017","lang":"en","displayname":"NatashaRahem","time_zone":"Pacific Time (US & Canada)","msg":"RT niesarahmann Honestly the best feeling ever is realizing youre not sad anymore over something you thought you would never get over"}
{"tweet_id":841793897302974464,"created_unixtime":1489534279548,"created_time":"Tue Mar 14 23:31:19 +0000 2017","lang":"en","displayname":"notkyh5","time_zone":"Pacific Time (US & Canada)","msg":"RT FEATYONGGUK himchan always takes care of the members and makes sure that theyre happy and loved baps actual sunshine https//tco/b…"}
{"tweet_id":841793897156227072,"created_unixtime":1489534279513,"created_time":"Tue Mar 14 23:31:19 +0000 2017","lang":"en","displayname":"andrewmsteele","time_zone":"Eastern Time (US & Canada)","msg":"RT StrategyCorp Happy piday from our newly elected Ministry of Fun Einstein MinistryOfFun https//tco/W3Yq4bSfF9"}
{"tweet_id":841793896996851712,"created_unixtime":1489534279475,"created_time":"Tue Mar 14 23:31:19 +0000 2017","lang":"en","displayname":"YourGuardian69","time_zone":"","msg":"RT RickyPDillon Happy pi day https//tco/PyJRimk7d3"}
{"tweet_id":841793897365815296,"created_unixtime":1489534279563,"created_time":"Tue Mar 14 23:31:19 +0000 2017","lang":"en","displayname":"Ambitious_Dawn","time_zone":"Indiana (East)","msg":"RT ShesDiamondK Im so happy yall god is so good I just gotta be patient with everything Im trynna do"}
{"tweet_id":841793897336590340,"created_unixtime":1489534279556,"created_time":"Tue Mar 14 23:31:19 +0000 2017","lang":"en","displayname":"xvallejol","time_zone":"Central Time (US & Canada)","msg":"RT _jairaelizabeth Happy Birthday Cuzzo xvallejol"}
{"tweet_id":841793897554710529,"created_unixtime":1489534279608,"created_time":"Tue Mar 14 23:31:19 +0000 2017","lang":"en","displayname":"harrowpotter","time_zone":"","msg":"happy pie day"}
{"tweet_id":841793897563074561,"created_unixtime":1489534279610,"created_time":"Tue Mar 14 23:31:19 +0000 2017","lang":"en","displayname":"charliededo","time_zone":"Pacific Time (US & Canada)","msg":"Youre really pretty and nice Im sooo happy that I got to play soccer with you the past 2 years charliededo"}
{"tweet_id":841793897806282752,"created_unixtime":1489534279668,"created_time":"Tue Mar 14 23:31:19 +0000 2017","lang":"en","displayname":"ItzHunnieB__","time_zone":"Central Time (US & Canada)","msg":"Sun shining birds chirping family happy"}
{"tweet_id":841793898166931456,"created_unixtime":1489534279754,"created_time":"Tue Mar 14 23:31:19 +0000 2017","lang":"en","displayname":"syahmi_sheh","time_zone":"","msg":"happy birthday my queen 😘😘😘💞"}
{"tweet_id":841793897873399808,"created_unixtime":1489534279684,"created_time":"Tue Mar 14 23:31:19 +0000 2017","lang":"en","displayname":"JFerini","time_zone":"","msg":"RT MatPatGT A nerdy math joke for a nerdy holidayHappy Pi Day https//tco/jRxvuScUyn"}
{"tweet_id":841793896778727424,"created_unixtime":1489534279423,"created_time":"Tue Mar 14 23:31:19 +0000 2017","lang":"en","displayname":"ImEricPitz","time_zone":"Central Time (US & Canada)","msg":"RT neiltyson 314  Happy Piday to Gregorian calendar users who reckon dates with month followed by day separated by period omitting year"}
{"tweet_id":841793898334846976,"created_unixtime":1489534279794,"created_time":"Tue Mar 14 23:31:19 +0000 2017","lang":"en","displayname":"Jadyn1223","time_zone":"","msg":"RT TRASH_MOBB not happy not sad kinda just floating"}
{"tweet_id":841793897940541440,"created_unixtime":1489534279700,"created_time":"Tue Mar 14 23:31:19 +0000 2017","lang":"en","displayname":"No_Kia_oN","time_zone":"Casablanca","msg":"RT 96_Coro HAPPY BIRTHDAY emmikn 🎉🎉🎉🎁🎈I wish you all the best Youre amazing💖 https//tco/uNWfu9ajO8"}
{"tweet_id":841793898485829632,"created_unixtime":1489534279830,"created_time":"Tue Mar 14 23:31:19 +0000 2017","lang":"en","displayname":"mist5050","time_zone":"","msg":"QuincyDJones Have a Happy BirthdayYou are such a music iconThanks for all the music through out the years"}
{"tweet_id":841793898699608064,"created_unixtime":1489534279881,"created_time":"Tue Mar 14 23:31:19 +0000 2017","lang":"tl","displayname":"kathecheveria","time_zone":"Singapore","msg":"Garaaa man sad ni akong tutunlan oy 😭😭😭"}
{"tweet_id":841793897797828608,"created_unixtime":1489534279666,"created_time":"Tue Mar 14 23:31:19 +0000 2017","lang":"tl","displayname":"anjileyn","time_zone":"Pacific Time (US & Canada)","msg":"HAPPY HAPPY BIRTHDAY ISTEPHAAAAAA Mwa mwa mwa labyu labyu labyu 😙💕🎉 stepweny https//tco/LoV9HfPPM9"}
{"tweet_id":841793898917822464,"created_unixtime":1489534279933,"created_time":"Tue Mar 14 23:31:19 +0000 2017","lang":"en","displayname":"OG_MICA","time_zone":"Eastern Time (US & Canada)","msg":"some of yall are real life sad"}
{"tweet_id":841793899173576704,"created_unixtime":1489534279994,"created_time":"Tue Mar 14 23:31:19 +0000 2017","lang":"ko","displayname":"SaiSlothh","time_zone":"Hawaii","msg":"RT Leau_Dhiver 170311 Oh Happy day 행복해☺️박보검 parkbogum BOGUMMY https//tco/ny8hiAnXir"}
{"tweet_id":841793899278536704,"created_unixtime":1489534280019,"created_time":"Tue Mar 14 23:31:20 +0000 2017","lang":"en","displayname":"DeadmanDesign78","time_zone":"Central Time (US & Canada)","msg":"RT BoozDataScience Happy PiDay  datahumor https//tco/0ilUF6Z8IC"}
{"tweet_id":841793899433717760,"created_unixtime":1489534280056,"created_time":"Tue Mar 14 23:31:20 +0000 2017","lang":"en","displayname":"giannafimiani","time_zone":"","msg":"RT officialumairs Happy PiDay However pie is awesome unlike Pi 😒"}
{"tweet_id":841793899161128961,"created_unixtime":1489534279991,"created_time":"Tue Mar 14 23:31:19 +0000 2017","lang":"en","displayname":"YouEnjoy6","time_zone":"","msg":"Stop listening to radio and watch Maleficent 2014 here https//tco/H1FCfqoMOf Happy watching https//tco/rru2WRhtlh"}
{"tweet_id":841793899563700224,"created_unixtime":1489534280087,"created_time":"Tue Mar 14 23:31:20 +0000 2017","lang":"en","displayname":"arestphen","time_zone":"Pacific Time (US & Canada)","msg":"Aww thank youn https//tco/efbp6hDox8"}
{"tweet_id":841793899291107328,"created_unixtime":1489534280022,"created_time":"Tue Mar 14 23:31:20 +0000 2017","lang":"en","displayname":"_tarzaan_","time_zone":"","msg":"Happy birthday ma😛😘💕 https//tco/K5YopEHcYo"}
{"tweet_id":841793899744120833,"created_unixtime":1489534280130,"created_time":"Tue Mar 14 23:31:20 +0000 2017","lang":"en","displayname":"AnaGersol","time_zone":"","msg":"RT Ava_Av9 Good morning my dear friends Happy day to you~ myall3000 ali33322216 🌹 https//tco/9tkIehOISL"}
{"tweet_id":841793900570320896,"created_unixtime":1489534280327,"created_time":"Tue Mar 14 23:31:20 +0000 2017","lang":"ja","displayname":"mikio2441","time_zone":"","msg":"RT piecespace1 海未ちゃんHappy Birthday恥ずかしがりながらもアイドルとして可愛く振る舞う姿や、勝負事に対して一笑（生）懸命になる姿などが最高！園田海未生誕祭2017 3月15日は園田海未の誕生日… "}
{"tweet_id":841793900499111938,"created_unixtime":1489534280310,"created_time":"Tue Mar 14 23:31:20 +0000 2017","lang":"en","displayname":"kaylala1318","time_zone":"Eastern Time (US & Canada)","msg":"RT noheartfound it doesnt matter what other people think of your relationship if your happy fuck em"}
{"tweet_id":841793900364890112,"created_unixtime":1489534280278,"created_time":"Tue Mar 14 23:31:20 +0000 2017","lang":"en","displayname":"wiredtruce","time_zone":"","msg":"RT imysbtroye Mutual  broken https//tco/XTicyIXoDd"}
{"tweet_id":841793901031694336,"created_unixtime":1489534280437,"created_time":"Tue Mar 14 23:31:20 +0000 2017","lang":"en","displayname":"gurgen8z54zorin","time_zone":"","msg":"Happy National Alienate Several Friends By Calling One Friend Your Best Friend Day"}
{"tweet_id":841793900851429377,"created_unixtime":1489534280394,"created_time":"Tue Mar 14 23:31:20 +0000 2017","lang":"en","displayname":"linda79130029","time_zone":"","msg":"olamide_YBNL happy birthday 👏👏👏👏👏👏👏👏👏👏👏👏👏👏💃💃💃💃💃💃💃💃💃"}
{"tweet_id":841793901354663936,"created_unixtime":1489534280514,"created_time":"Tue Mar 14 23:31:20 +0000 2017","lang":"en","displayname":"sal98card","time_zone":"Arizona","msg":"RT GoStanford Happy PiDay NerdNation🤓GoStanford https//tco/yB05ZWAShk"}
{"tweet_id":841793901090480129,"created_unixtime":1489534280451,"created_time":"Tue Mar 14 23:31:20 +0000 2017","lang":"en","displayname":"MarissaLoDuca","time_zone":"","msg":"happy birthday hammer❤ HammerReilly"}
{"tweet_id":841793901644013568,"created_unixtime":1489534280583,"created_time":"Tue Mar 14 23:31:20 +0000 2017","lang":"en","displayname":"ToriDean29","time_zone":"","msg":"RT ASVPMagid Everyone had a video or picture with me Lol I dont remember any of these pictures lol but Thank you Tori I apprec… "}
{"tweet_id":841793900964663299,"created_unixtime":1489534280421,"created_time":"Tue Mar 14 23:31:20 +0000 2017","lang":"en","displayname":"ItssRaii","time_zone":"","msg":"RT D_Deji28 Do you guys know why he was killed A girl lied that he raped her and her brother shot him dead https//tco/IWDVDZp3rz"}
{"tweet_id":841793901614768131,"created_unixtime":1489534280576,"created_time":"Tue Mar 14 23:31:20 +0000 2017","lang":"en","displayname":"utoprime","time_zone":"Eastern Time (US & Canada)","msg":"timstrazz I used Amon RA recovery on my Sprint HTC Evo 4G my first Android device member wimax Happy Birthday Amon_RA"}
{"tweet_id":841793901346271232,"created_unixtime":1489534280512,"created_time":"Tue Mar 14 23:31:20 +0000 2017","lang":"ja","displayname":"d9n7m1","time_zone":"","msg":"RT Toka_lovelive 海未ちゃん誕生日おめでとう！Happy Birthday🌟٩｡•ω•｡و🌟ｨｴｲ園田海未生誕祭2017 3月15日は園田海未の誕生日 RTした人全員フォローする https//tco/3LEh0AnPR3"}
{"tweet_id":841793901728022530,"created_unixtime":1489534280603,"created_time":"Tue Mar 14 23:31:20 +0000 2017","lang":"en","displayname":"BRM32_","time_zone":"Quito","msg":"LoCs__ Happy birthday bruddah 🤘🏾💯"}
{"tweet_id":841793901673472001,"created_unixtime":1489534280590,"created_time":"Tue Mar 14 23:31:20 +0000 2017","lang":"en","displayname":"tweIvsclara","time_zone":"","msg":"OnceUponATxrdis noo  I wish we could of met im sad"}
{"tweet_id":841793902000631809,"created_unixtime":1489534280668,"created_time":"Tue Mar 14 23:31:20 +0000 2017","lang":"en","displayname":"vic_vann","time_zone":"Hawaii","msg":"RT Carneal551 fake news SAD https//tco/M6HSb81brH"}
{"tweet_id":841793902201974785,"created_unixtime":1489534280716,"created_time":"Tue Mar 14 23:31:20 +0000 2017","lang":"en","displayname":"ChukaOmene","time_zone":"","msg":"Happy birthday g callmevlad_  have a made one God bless 🙏"}
{"tweet_id":841793902445244416,"created_unixtime":1489534280774,"created_time":"Tue Mar 14 23:31:20 +0000 2017","lang":"en","displayname":"WhitestMamba","time_zone":"Atlantic Time (Canada)","msg":"Happy birthday Zach_Schollard have a good one bro"}
{"tweet_id":841793903162494976,"created_unixtime":1489534280945,"created_time":"Tue Mar 14 23:31:20 +0000 2017","lang":"en","displayname":"alfredoyerman","time_zone":"Bogota","msg":"RT Calvinn_Hobbes Happy 🍕 PiDay https//tco/UpLBGER3ZF"}
{"tweet_id":841793903103746048,"created_unixtime":1489534280931,"created_time":"Tue Mar 14 23:31:20 +0000 2017","lang":"en","displayname":"REFUSEtoLose_","time_zone":"Pacific Time (US & Canada)","msg":"RT sheswithmee IfYoureMyGirl I plan to give you the world and I will constantly strive to make you happy no matter what I have to do"}
{"tweet_id":841793903799943168,"created_unixtime":1489534281097,"created_time":"Tue Mar 14 23:31:21 +0000 2017","lang":"en","displayname":"KaaaLonie","time_zone":"Pacific Time (US & Canada)","msg":"Every time I open my phone up and see my God daughter I be so happy cant wait to meet her She so beautiful just like her mom"}
{"tweet_id":841793903279935489,"created_unixtime":1489534280973,"created_time":"Tue Mar 14 23:31:20 +0000 2017","lang":"en","displayname":"garwich_lam","time_zone":"Eastern Time (US & Canada)","msg":"happy birthday bruh christianarndoe  lmao my avi pic of us lit catch you soon tho"}
{"tweet_id":841793904005459968,"created_unixtime":1489534281146,"created_time":"Tue Mar 14 23:31:21 +0000 2017","lang":"en","displayname":"CloroxGabe","time_zone":"","msg":"RT D_Deji28 Do you guys know why he was killed A girl lied that he raped her and her brother shot him dead https//tco/IWDVDZp3rz"}
{"tweet_id":841793904122855424,"created_unixtime":1489534281174,"created_time":"Tue Mar 14 23:31:21 +0000 2017","lang":"en","displayname":"AtchooToo","time_zone":"","msg":"RT myhappylouis I CANT STOP WATCHING HIM LOOK SO HAPPY https//tco/l4zq25sVhv"}
{"tweet_id":841793903690960897,"created_unixtime":1489534281071,"created_time":"Tue Mar 14 23:31:21 +0000 2017","lang":"en","displayname":"happysmile_pcy","time_zone":"Pacific Time (US & Canada)","msg":"RT hroyal55555 Chanyeol 찬열 HAPPY WHITE DAY😘 https//tco/yXtY9MAJh6"}
{"tweet_id":841793904613580800,"created_unixtime":1489534281291,"created_time":"Tue Mar 14 23:31:21 +0000 2017","lang":"ja","displayname":"sumire630as","time_zone":"","msg":"anatatoitai あっこちゃん♡おは翔ちゃん ˊᵕˋﾉわかるよ～😊 私もドキドキ💓してるもん！みんなも少しはそういう気持ちあると思うよ ❁ᵕᴗᵕ 今日も翔ちゃんの言葉でhappyになれるはず´ᵕ｀🍀楽しくいこ～ね🎵仕事もがんばで♡今日もよろしくね🌸"}
{"tweet_id":841793904638844928,"created_unixtime":1489534281297,"created_time":"Tue Mar 14 23:31:21 +0000 2017","lang":"en","displayname":"amangusain21","time_zone":"","msg":"Yay  Just got FreeData Airtel broadband is celebrating 2 million happy customers Visit https//tco/eWgA06XMvE to claim your surprise"}
{"tweet_id":841793904022286341,"created_unixtime":1489534281150,"created_time":"Tue Mar 14 23:31:21 +0000 2017","lang":"en","displayname":"YouEnjoy6","time_zone":"","msg":"Stop listening to radio and watch Maleficent 2014 here https//tco/H1FCfqoMOf Happy watching https//tco/gHfN3HSb2A"}
{"tweet_id":841793904617889793,"created_unixtime":1489534281292,"created_time":"Tue Mar 14 23:31:21 +0000 2017","lang":"en","displayname":"Fk_Mello","time_zone":"Central Time (US & Canada)","msg":"RT sheswithmee IfYoureMyGirl I plan to give you the world and I will constantly strive to make you happy no matter what I have to do"}
{"tweet_id":841793905054126083,"created_unixtime":1489534281396,"created_time":"Tue Mar 14 23:31:21 +0000 2017","lang":"en","displayname":"planetvaporwave","time_zone":"","msg":"RT bwecht Happy Birthday to a guy that forever changed my life Dan Avidan Audrey amp I recorded a little message to celebrate https//t…"}
{"tweet_id":841793905167335424,"created_unixtime":1489534281423,"created_time":"Tue Mar 14 23:31:21 +0000 2017","lang":"en","displayname":"MichaelWolford8","time_zone":"","msg":"RT sydneynaddell if you try to keep everybody happy youll just end up hurt "}
{"tweet_id":841793905221865472,"created_unixtime":1489534281436,"created_time":"Tue Mar 14 23:31:21 +0000 2017","lang":"en","displayname":"zarpaulus","time_zone":"Pacific Time (US & Canada)","msg":"RT NatureNPS This is what happens when you have a building full of scientists and a laser👨🏽‍🔬👩🏾‍🔬⚡️3️⃣1️⃣4️⃣ Happy PiDay https//tco…"}
{"tweet_id":841793905272205312,"created_unixtime":1489534281448,"created_time":"Tue Mar 14 23:31:21 +0000 2017","lang":"en","displayname":"Da_square1","time_zone":"Mid-Atlantic","msg":"RT phynofino HAPPY BIRTHDAY BRO GREATNESS IS YOURS FOREVER ☔️👑 https//tco/TKVrfxdAKI"}
{"tweet_id":841793905318338560,"created_unixtime":1489534281459,"created_time":"Tue Mar 14 23:31:21 +0000 2017","lang":"en","displayname":"filafresh","time_zone":"Central Time (US & Canada)","msg":"RT GODJKING Sht sad"}
{"tweet_id":841793905427402752,"created_unixtime":1489534281485,"created_time":"Tue Mar 14 23:31:21 +0000 2017","lang":"en","displayname":"FarzS8","time_zone":"London","msg":"RT MaclachlanVideo A truely sad day for SearchAndRescue Rescue116 https//tco/gou0nCYJJZ"}
{"tweet_id":841793905557295104,"created_unixtime":1489534281516,"created_time":"Tue Mar 14 23:31:21 +0000 2017","lang":"en","displayname":"katalienim","time_zone":"Pacific Time (US & Canada)","msg":"me okay I need to buckle down and really do this paperalso me creates a 54 minute playlist of really sad songs"}
{"tweet_id":841793905989419008,"created_unixtime":1489534281619,"created_time":"Tue Mar 14 23:31:21 +0000 2017","lang":"en","displayname":"_queenteeee_","time_zone":"","msg":"RT nolaancadiraao She just wants to be genuinely happy not confused not irritated not slept on not taken for granted Just happy"}
{"tweet_id":841793905033113600,"created_unixtime":1489534281391,"created_time":"Tue Mar 14 23:31:21 +0000 2017","lang":"en","displayname":"haleyfoulon","time_zone":"","msg":"happy bday ash girl love you bunches and hope you had a great day ashley_marie7 https//tco/aS13tSH5Mo"}
{"tweet_id":841793906169774080,"created_unixtime":1489534281662,"created_time":"Tue Mar 14 23:31:21 +0000 2017","lang":"en","displayname":"VirtualStormLLC","time_zone":"Pacific Time (US & Canada)","msg":"RT vS_Rengar Words cant express how happy I am to be a part of VirtualStormLLC such an amazing Group of ppl to work with"}
{"tweet_id":841793904844410880,"created_unixtime":1489534281346,"created_time":"Tue Mar 14 23:31:21 +0000 2017","lang":"en","displayname":"Thezombiechurch","time_zone":"Central Time (US & Canada)","msg":"Happy PiDay Thats a real nice shirt 👀 https//tco/2UJaI5iAb7"}
{"tweet_id":841793906668851205,"created_unixtime":1489534281781,"created_time":"Tue Mar 14 23:31:21 +0000 2017","lang":"en","displayname":"buttshells","time_zone":"","msg":"My baby cousins are in Disneyland this week and its their first time there and I am cryin looking at how happy they are"}
{"tweet_id":841793906312388608,"created_unixtime":1489534281696,"created_time":"Tue Mar 14 23:31:21 +0000 2017","lang":"und","displayname":"sunceljuubavi","time_zone":"Pacific Time (US & Canada)","msg":"Treba se sad fenirati o muke"}
{"tweet_id":841793906899615746,"created_unixtime":1489534281836,"created_time":"Tue Mar 14 23:31:21 +0000 2017","lang":"en","displayname":"xrockytrejo","time_zone":"Mountain Time (US & Canada)","msg":"maya_tarin happy birthday😁"}
{"tweet_id":841793907063054339,"created_unixtime":1489534281875,"created_time":"Tue Mar 14 23:31:21 +0000 2017","lang":"en","displayname":"alexanderjulz","time_zone":"","msg":"RT Mister_Tolu Drama with a sprinkle of sad blah blah https//tco/Xy49eUnsnM"}
{"tweet_id":841793907050586112,"created_unixtime":1489534281872,"created_time":"Tue Mar 14 23:31:21 +0000 2017","lang":"en","displayname":"curIybottoms","time_zone":"Pacific Time (US & Canada)","msg":"RT emrata Happy Monday and goodmorningDKNY ☀️ Finally my all new DKNY campaign is here https//tco/YFtiYtLZpt"}
{"tweet_id":841793907566370816,"created_unixtime":1489534281995,"created_time":"Tue Mar 14 23:31:21 +0000 2017","lang":"en","displayname":"alderaanch","time_zone":"Pacific Time (US & Canada)","msg":"b4 i leave happy pi day"}
{"tweet_id":841793907319021568,"created_unixtime":1489534281936,"created_time":"Tue Mar 14 23:31:21 +0000 2017","lang":"en","displayname":"lilya5ini","time_zone":"","msg":"RT GarydonGta Happy Memorial Day everyone I hope everyone is ok and having a good day Im sorry if your not having a good day tho"}
{"tweet_id":841793910712201218,"created_unixtime":1489534282745,"created_time":"Tue Mar 14 23:31:22 +0000 2017","lang":"en","displayname":"jayceee___","time_zone":"","msg":"RT NBA Join us in wishing StephenCurry30 of the warriors a HAPPY 29th BIRTHDAY NBABDAY DubNation https//tco/cZfNy7sLh5"}
{"tweet_id":841793911299420161,"created_unixtime":1489534282885,"created_time":"Tue Mar 14 23:31:22 +0000 2017","lang":"en","displayname":"ZeinaShahien","time_zone":"","msg":"RT mohagamall Stay so busy that you dont have time to be sad"}
{"tweet_id":841793911630790657,"created_unixtime":1489534282964,"created_time":"Tue Mar 14 23:31:22 +0000 2017","lang":"en","displayname":"kgwilliams_98","time_zone":"Eastern Time (US & Canada)","msg":"happy birthday Aves we have no pics together but i love you lots 🎉❤"}
{"tweet_id":841793911857270784,"created_unixtime":1489534283018,"created_time":"Tue Mar 14 23:31:23 +0000 2017","lang":"en","displayname":"stylespoetry","time_zone":"Santiago","msg":"dear Harry_Styles keep smiling cause your smile makes me smile Thank you for making me so happy mind following me Love you ♡ — 13156"}
{"tweet_id":841793912394080256,"created_unixtime":1489534283146,"created_time":"Tue Mar 14 23:31:23 +0000 2017","lang":"en","displayname":"sopaw04","time_zone":"Central Time (US & Canada)","msg":"RT MoDOT Hey mathematics fans and/or fans of pie happy Pi Day Celebrate 314 with a slice of pie PiDay https//tco/ZjY7bO3Mzh"}
{"tweet_id":841793908027883520,"created_unixtime":1489534282105,"created_time":"Tue Mar 14 23:31:22 +0000 2017","lang":"en","displayname":"Ghareeba1437","time_zone":"","msg":"RT muftimenk If you want yo be happy learn to give Give solely for the sake of the Almighty Theres no greater feeling than making som…"}
{"tweet_id":841793908380205056,"created_unixtime":1489534282189,"created_time":"Tue Mar 14 23:31:22 +0000 2017","lang":"en","displayname":"reedpennn","time_zone":"CST","msg":"GMonnott happy birthday Gina Im coming to ttown soon to see you and ACW_ACat soon"}
{"tweet_id":841793908736630784,"created_unixtime":1489534282274,"created_time":"Tue Mar 14 23:31:22 +0000 2017","lang":"en","displayname":"AgataMusic","time_zone":"Pacific Time (US & Canada)","msg":"RT AgataMusic Happy PiDay and Happy 138th Birthday AlbertEinstein 🎂😊 Imagination is more important than knowledge 🎈… "}
{"tweet_id":841793908317294593,"created_unixtime":1489534282174,"created_time":"Tue Mar 14 23:31:22 +0000 2017","lang":"en","displayname":"alyssapozzobon","time_zone":"Atlantic Time (Canada)","msg":"RT JustinTrudeau Happy PiDay Our government is committed to supporting science amp innovation for a stronger Canada And pie for a tasti…"}
{"tweet_id":841793908795412480,"created_unixtime":1489534282288,"created_time":"Tue Mar 14 23:31:22 +0000 2017","lang":"en","displayname":"likesleighanne","time_zone":"Brasilia","msg":"RT fantagiogroup [아스트로] 20170315 HAPPY BIRTHDAY JINJIN♥https//tco/V5gCN4Og73ASTRO JINJIN 진진 HAPPYJINJINDAY💕 https//tco/wheN9y…"}
{"tweet_id":841793908879241216,"created_unixtime":1489534282308,"created_time":"Tue Mar 14 23:31:22 +0000 2017","lang":"en","displayname":"BCHLCentennials","time_zone":"Pacific Time (US & Canada)","msg":"gorygreg8 N_Deags21 happy birthday from the Centennials organization"}
{"tweet_id":841793909072248833,"created_unixtime":1489534282354,"created_time":"Tue Mar 14 23:31:22 +0000 2017","lang":"en","displayname":"xo_TrillFam","time_zone":"Atlantic Time (Canada)","msg":"I was so happy to be with him yesterday 😂🤦🏾‍♀️"}
{"tweet_id":841793909185376256,"created_unixtime":1489534282381,"created_time":"Tue Mar 14 23:31:22 +0000 2017","lang":"en","displayname":"eyerighton18","time_zone":"","msg":"then U R another brainwashed Libtard Sad 4 Utruth is paramount amp the Left is dangeroustheir way or the hwayt… https//tco/7B0Hm7yO1t"}
{"tweet_id":841793909508333569,"created_unixtime":1489534282458,"created_time":"Tue Mar 14 23:31:22 +0000 2017","lang":"en","displayname":"tzuyusmart","time_zone":"Pacific Time (US & Canada)","msg":"I felt so sad for her than that fucking plot twist happens and I https//tco/0YUbhWRGo0"}
{"tweet_id":841793909479084033,"created_unixtime":1489534282451,"created_time":"Tue Mar 14 23:31:22 +0000 2017","lang":"en","displayname":"vsbr24","time_zone":"Pacific Time (US & Canada)","msg":"RT ILLUMlNATI Just be happy Be who you wanna be If others dont like it then let them be Happiness is a choice Life isnt about plea…"}
{"tweet_id":841793909604929536,"created_unixtime":1489534282481,"created_time":"Tue Mar 14 23:31:22 +0000 2017","lang":"und","displayname":"_Yxng_tee","time_zone":"Arizona","msg":"tbh https//tco/jZivCF9oXs"}
{"tweet_id":841793909957115904,"created_unixtime":1489534282565,"created_time":"Tue Mar 14 23:31:22 +0000 2017","lang":"en","displayname":"adikdanishaiman","time_zone":"","msg":"RT harvinthskin Happy Valemtimes Day 💕💗Snapchat Instagram  harvinthskin https//tco/mPULxCd8Xs"}
{"tweet_id":841793910561165312,"created_unixtime":1489534282709,"created_time":"Tue Mar 14 23:31:22 +0000 2017","lang":"en","displayname":"SatisfyingRetir","time_zone":"","msg":"Sad truth retirement tougher on womens finances https//tco/tlUB5j1gyU"}
{"tweet_id":841793910636699648,"created_unixtime":1489534282727,"created_time":"Tue Mar 14 23:31:22 +0000 2017","lang":"en","displayname":"goldenagecomics","time_zone":"Eastern Time (US & Canada)","msg":"RT asgardpress Pure genius  Happy PiDay https//tco/CEk4MIwH2M"}
{"tweet_id":841793910708027392,"created_unixtime":1489534282744,"created_time":"Tue Mar 14 23:31:22 +0000 2017","lang":"en","displayname":"ampu_to","time_zone":"","msg":"RT neiltyson 314  Happy Piday to Gregorian calendar users who reckon dates with month followed by day separated by period omitting year"}
{"tweet_id":841793910607384576,"created_unixtime":1489534282720,"created_time":"Tue Mar 14 23:31:22 +0000 2017","lang":"en","displayname":"comicgoober1993","time_zone":"Pacific Time (US & Canada)","msg":"RT girlgroupzone [PIC] 170315 HelloVenus Nara Super Juniors Heechul amp more  KBS Happy Together 3 https//tco/4BU8Z6euUY"}
{"tweet_id":841793910695428097,"created_unixtime":1489534282741,"created_time":"Tue Mar 14 23:31:22 +0000 2017","lang":"en","displayname":"TheOracle13","time_zone":"Atlantic Time (Canada)","msg":"RT ResistanceParty Problem is Monica Crowley is a happy warrior for Putin TrumpRussia TeamOfLiars https//tco/fTAtkDBMTi"}
{"tweet_id":841793910565396480,"created_unixtime":1489534282710,"created_time":"Tue Mar 14 23:31:22 +0000 2017","lang":"en","displayname":"floralaussies","time_zone":"Pacific Time (US & Canada)","msg":"RT grungesauce im happy that 5sos break has done them so well theyre all so happy now amp ready to take on the rest of the world"}
{"tweet_id":841793910875729920,"created_unixtime":1489534282784,"created_time":"Tue Mar 14 23:31:22 +0000 2017","lang":"en","displayname":"bronze_magnolia","time_zone":"","msg":"Its Pi DaaayyyyI dont like math but happy pi day"}
{"tweet_id":841793911253172225,"created_unixtime":1489534282874,"created_time":"Tue Mar 14 23:31:22 +0000 2017","lang":"en","displayname":"newjoons","time_zone":"Pacific Time (US & Canada)","msg":"i love gfriend so much but they literally whitewash themselves in their vlives and it makes me so sad"}
{"tweet_id":841793911081336832,"created_unixtime":1489534282833,"created_time":"Tue Mar 14 23:31:22 +0000 2017","lang":"en","displayname":"Mxxody","time_zone":"","msg":"Happy birthday 😍😍🍑 Destinnneee"}
{"tweet_id":841793911043567616,"created_unixtime":1489534282824,"created_time":"Tue Mar 14 23:31:22 +0000 2017","lang":"en","displayname":"shinyyroses","time_zone":"","msg":"callmejre happy birthday"}
{"tweet_id":841793911932739586,"created_unixtime":1489534283036,"created_time":"Tue Mar 14 23:31:23 +0000 2017","lang":"en","displayname":"susiegurll","time_zone":"","msg":"The past two days have been so amazing and Im so sad to be back home "}
{"tweet_id":841793912779890688,"created_unixtime":1489534283238,"created_time":"Tue Mar 14 23:31:23 +0000 2017","lang":"ja","displayname":"tarutongo","time_zone":"","msg":"RT v0PnixGOqPcp9rN 海未ちゃんお誕生日おめでとう🎉🎉皆を引っ張ってくれるしっかりした所と稀に抜けている海未ちゃんが大好きだ♥Happy Birthday ♥園田海未生誕祭2017 3月15日は園田海未の誕生日… "}
{"tweet_id":841793912222191616,"created_unixtime":1489534283105,"created_time":"Tue Mar 14 23:31:23 +0000 2017","lang":"en","displayname":"pinsandbones","time_zone":"","msg":"Happy Tuesday chuck funny Tuesday zombie https//tco/e251pDSlPE"}
{"tweet_id":841793912805171200,"created_unixtime":1489534283244,"created_time":"Tue Mar 14 23:31:23 +0000 2017","lang":"en","displayname":"AuntB","time_zone":"Central Time (US & Canada)","msg":"Public_Interest You could live with this tiny dinosaur for a quarter of a century That is amazing Happy birthday to him"}
{"tweet_id":841793912025014272,"created_unixtime":1489534283058,"created_time":"Tue Mar 14 23:31:23 +0000 2017","lang":"en","displayname":"BET_Soul","time_zone":"Quito","msg":"RT GRYKING Happy Birthday Q QuincyDJones https//tco/ozzi6a0dWR"}
{"tweet_id":841793913128144896,"created_unixtime":1489534283321,"created_time":"Tue Mar 14 23:31:23 +0000 2017","lang":"en","displayname":"skyjeonghan_bot","time_zone":"","msg":"Curse you twitter character limit Happy fat tuesday im fat"}
{"tweet_id":841793913211957248,"created_unixtime":1489534283341,"created_time":"Tue Mar 14 23:31:23 +0000 2017","lang":"en","displayname":"FknBreyy","time_zone":"","msg":"I get to see my wife tonight so happy Fiera23_ 😻✨"}
{"tweet_id":841793913455177728,"created_unixtime":1489534283399,"created_time":"Tue Mar 14 23:31:23 +0000 2017","lang":"en","displayname":"nurillasyafiera","time_zone":"","msg":"yatie_nms Happy birthday bik 💕we feel you always loves you Stay old and happy hahahahahaha 😂 Good luck future SN 🏥"}
{"tweet_id":841793914109583360,"created_unixtime":1489534283555,"created_time":"Tue Mar 14 23:31:23 +0000 2017","lang":"en","displayname":"keremlyanee","time_zone":"","msg":"RT alexaiono My happy place☺ https//tco/pgetrNhVIp"}
{"tweet_id":841793914864517121,"created_unixtime":1489534283735,"created_time":"Tue Mar 14 23:31:23 +0000 2017","lang":"en","displayname":"Imlloydabella","time_zone":"Alaska","msg":"RT neverknownfacts Be happy Be who you want to be If others dont like it then let them be Happiness is a choice Life isnt about pl…"}
{"tweet_id":841793914809942016,"created_unixtime":1489534283722,"created_time":"Tue Mar 14 23:31:23 +0000 2017","lang":"en","displayname":"kintanmikaA","time_zone":"","msg":"RT Koreaboo Happy Birthday to Lee Hwi Jae’s twins Lee Seo Eon and Lee Seo Jun 🎉🎂🤗 https//tco/xtjHommriu"}
{"tweet_id":841793914977812480,"created_unixtime":1489534283762,"created_time":"Tue Mar 14 23:31:23 +0000 2017","lang":"en","displayname":"A_Kewl_Kid","time_zone":"","msg":"Happy Pi Day piday https//tco/k5XtOQLH3C"}
{"tweet_id":841793915543994368,"created_unixtime":1489534283897,"created_time":"Tue Mar 14 23:31:23 +0000 2017","lang":"en","displayname":"elisa_nicol_99","time_zone":"","msg":"RT TRASH_MOBB not happy not sad kinda just floating"}
{"tweet_id":841793915883679744,"created_unixtime":1489534283978,"created_time":"Tue Mar 14 23:31:23 +0000 2017","lang":"ko","displayname":"SaiSlothh","time_zone":"Hawaii","msg":"RT Leau_Dhiver 170311 우리가 함께 만든 Oh Happy day 박보검 parkbogum https//tco/QPyswo9Geh"}
{"tweet_id":841793915414036481,"created_unixtime":1489534283866,"created_time":"Tue Mar 14 23:31:23 +0000 2017","lang":"en","displayname":"ashleywhitman","time_zone":"Eastern Time (US & Canada)","msg":"Happy Pi Day yall chefprice https//tco/WEVElnZR0Y"}
{"tweet_id":841793916064137217,"created_unixtime":1489534284021,"created_time":"Tue Mar 14 23:31:24 +0000 2017","lang":"en","displayname":"firstespos","time_zone":"Pacific Time (US & Canada)","msg":"RT CandeQg I am happy on my own so here Ill stay https//tco/lBAAsOpKWC"}
{"tweet_id":841793915158163457,"created_unixtime":1489534283805,"created_time":"Tue Mar 14 23:31:23 +0000 2017","lang":"en","displayname":"sunburncamila","time_zone":"Pacific Time (US & Canada)","msg":"idk if I get happy or sad about this my smol child already died I https//tco/Td1seuO65R"}
{"tweet_id":841793919268589568,"created_unixtime":1489534284785,"created_time":"Tue Mar 14 23:31:24 +0000 2017","lang":"es","displayname":"Bond4rftD0blas","time_zone":"Pacific Time (US & Canada)","msg":"RT itsool sorteo dos cuentas netflix porque estoy sadrt y fav este tuit tenes que ser seguidor"}
{"tweet_id":841793920321347584,"created_unixtime":1489534285036,"created_time":"Tue Mar 14 23:31:25 +0000 2017","lang":"en","displayname":"mairinnighadhra","time_zone":"","msg":"RT moneillsf My thoughts amp prayers are with the families crew members and colleagues of Rescue116 on a very sad day for Ireland"}
{"tweet_id":841793919876796417,"created_unixtime":1489534284930,"created_time":"Tue Mar 14 23:31:24 +0000 2017","lang":"en","displayname":"Eagles_Hussle","time_zone":"Eastern Time (US & Canada)","msg":"RT CultureFUBU Happy Birthday Merlin SantanaRIP https//tco/0K4quO4M5g"}
{"tweet_id":841793916672200704,"created_unixtime":1489534284166,"created_time":"Tue Mar 14 23:31:24 +0000 2017","lang":"en","displayname":"Crackett9","time_zone":"","msg":"RT MaineFanatics78 mainedcm HAPPY BANANA DAY🍌🍌"}
{"tweet_id":841793916739362816,"created_unixtime":1489534284182,"created_time":"Tue Mar 14 23:31:24 +0000 2017","lang":"en","displayname":"whatadamnbabe","time_zone":"Pacific Time (US & Canada)","msg":"RT changes saying im tired when youre actually sad"}
{"tweet_id":841793916554862594,"created_unixtime":1489534284138,"created_time":"Tue Mar 14 23:31:24 +0000 2017","lang":"und","displayname":"tstebich","time_zone":"","msg":"singingstebich https//tco/JBcolU1sqQ"}
{"tweet_id":841793916806545409,"created_unixtime":1489534284198,"created_time":"Tue Mar 14 23:31:24 +0000 2017","lang":"en","displayname":"freiherrKvK","time_zone":"Quito","msg":"RT SarahBlakeInc I have enough things to be unhappy about without having sex with a camera around being one of them or that it made someo…"}
{"tweet_id":841793916336771072,"created_unixtime":1489534284086,"created_time":"Tue Mar 14 23:31:24 +0000 2017","lang":"en","displayname":"StefTheisen","time_zone":"Pacific Time (US & Canada)","msg":"JensenAckles Happy Pie day Dean"}
{"tweet_id":841793916261277699,"created_unixtime":1489534284068,"created_time":"Tue Mar 14 23:31:24 +0000 2017","lang":"en","displayname":"alex01helen","time_zone":"","msg":"IsacElliot Im so happy that we met u❤❤ https//tco/v5qiBLAaa6"}
{"tweet_id":841793916777205762,"created_unixtime":1489534284191,"created_time":"Tue Mar 14 23:31:24 +0000 2017","lang":"en","displayname":"joseph_1130","time_zone":"Pacific Time (US & Canada)","msg":"RT warriors DubNation please join us in wishing StephenCurry30 a very Happy Birthday 🎈 https//tco/cByjiIEk25"}
{"tweet_id":841793917557202944,"created_unixtime":1489534284377,"created_time":"Tue Mar 14 23:31:24 +0000 2017","lang":"en","displayname":"eltoxicdragon","time_zone":"Pacific Time (US & Canada)","msg":"RT GameGrumps Happy Birthday Danny https//tco/Qc8I63RkPP"}
{"tweet_id":841793917515366400,"created_unixtime":1489534284367,"created_time":"Tue Mar 14 23:31:24 +0000 2017","lang":"en","displayname":"ChapmanTre","time_zone":"","msg":"RT _jamariawebb happy birthday tre🎉✌🏽💕🍺🍃 ChapmanTre"}
{"tweet_id":841793917536329729,"created_unixtime":1489534284372,"created_time":"Tue Mar 14 23:31:24 +0000 2017","lang":"en","displayname":"Shower_Capy","time_zone":"Eastern Time (US & Canada)","msg":"RT samkalidi Happy Pi Day https//tco/nrfirnHPXQ"}
{"tweet_id":841793916999503872,"created_unixtime":1489534284244,"created_time":"Tue Mar 14 23:31:24 +0000 2017","lang":"en","displayname":"hopingforachang","time_zone":"Arizona","msg":"OGTedCruz liberty_grl Heartbeat  alive Its sad that you have to justify murder for convenience but thats liberalism for you"}
{"tweet_id":841793917846728705,"created_unixtime":1489534284446,"created_time":"Tue Mar 14 23:31:24 +0000 2017","lang":"en","displayname":"demisabel_","time_zone":"","msg":"feelin proper sad"}
{"tweet_id":841793917934817285,"created_unixtime":1489534284467,"created_time":"Tue Mar 14 23:31:24 +0000 2017","lang":"en","displayname":"dritheplug","time_zone":"Pacific Time (US & Canada)","msg":"__lilsky happy birthday 🎉"}
{"tweet_id":841793917192413184,"created_unixtime":1489534284290,"created_time":"Tue Mar 14 23:31:24 +0000 2017","lang":"en","displayname":"Dextronix","time_zone":"London","msg":"lukeunabomber Sad bastards https//tco/1zopTwNALV"}
{"tweet_id":841793918043803649,"created_unixtime":1489534284493,"created_time":"Tue Mar 14 23:31:24 +0000 2017","lang":"en","displayname":"HypraSeaPea","time_zone":"Pacific Time (US & Canada)","msg":"RT bwecht Happy Birthday to a guy that forever changed my life Dan Avidan Audrey amp I recorded a little message to celebrate https//t…"}
{"tweet_id":841793918337466368,"created_unixtime":1489534284563,"created_time":"Tue Mar 14 23:31:24 +0000 2017","lang":"en","displayname":"dbutcher1217","time_zone":"","msg":"RT sesamestreet 314159265358979323846264338327950288419716939937510 it goes on forever Ah ah ah ⚡ ⚡ ⚡ Happy PiDay https//tco/uQ…"}
{"tweet_id":841793918480056320,"created_unixtime":1489534284597,"created_time":"Tue Mar 14 23:31:24 +0000 2017","lang":"en","displayname":"DylanShaw","time_zone":"","msg":"Happy bday big guy kadeleblanc02 🍻"}
{"tweet_id":841793919356608512,"created_unixtime":1489534284806,"created_time":"Tue Mar 14 23:31:24 +0000 2017","lang":"en","displayname":"iMP209","time_zone":"Alaska","msg":"RT IntThings Do what you love and whatever makes you happy Be good to the people that are good to you Cut off negativity Dont settle…"}
{"tweet_id":841793918526205952,"created_unixtime":1489534284608,"created_time":"Tue Mar 14 23:31:24 +0000 2017","lang":"en","displayname":"HannahRussell20","time_zone":"","msg":"Helloo find new girl and be happy  https//tco/JVvqp4ertG https//tco/FUU6uPecMl"}
{"tweet_id":841793919251705856,"created_unixtime":1489534284781,"created_time":"Tue Mar 14 23:31:24 +0000 2017","lang":"en","displayname":"repackaqed","time_zone":"","msg":"GOOD MORNING  G g I love jungkook nd HAPPY JINJIN DAY"}
{"tweet_id":841793919511805952,"created_unixtime":1489534284843,"created_time":"Tue Mar 14 23:31:24 +0000 2017","lang":"ja","displayname":"fauntleroy_dona","time_zone":"","msg":"RT Disney13awf Happy Valentine💝💝デートを楽しむドナデジと「次はどこ行く？」って聞いてくる自分の可愛さわかってるドナルド。 https//tco/3TKlwQN50P"}
{"tweet_id":841793918794661888,"created_unixtime":1489534284672,"created_time":"Tue Mar 14 23:31:24 +0000 2017","lang":"en","displayname":"MakalaBeaver","time_zone":"Hawaii","msg":"CassieKenzlo sad that I cannot retweet this 10x Love and miss you bunches and it was defiantly filled with stupid snow not islands 🤷🏻‍♀️❤"}
{"tweet_id":841793919545368577,"created_unixtime":1489534284851,"created_time":"Tue Mar 14 23:31:24 +0000 2017","lang":"tl","displayname":"smithivan10","time_zone":"","msg":"RT lydzzz111 MaywardUpdate n lub as n happy kht pagod sa wrk makita lang clang masaya ok na akoMBMayWard"}
{"tweet_id":841793919562133504,"created_unixtime":1489534284855,"created_time":"Tue Mar 14 23:31:24 +0000 2017","lang":"en","displayname":"NatalyaU_","time_zone":"","msg":"RT MatPatGT A nerdy math joke for a nerdy holidayHappy Pi Day https//tco/jRxvuScUyn"}
{"tweet_id":841793919268585472,"created_unixtime":1489534284785,"created_time":"Tue Mar 14 23:31:24 +0000 2017","lang":"et","displayname":"kougamiis","time_zone":"London","msg":"RT TheGnomeChild tukamis bc im sad yeojah GIVE TAKUMI BIG POOFY 90s ANIME HAIR https//tco/DQrmOoPIAS"}
{"tweet_id":841793919688048641,"created_unixtime":1489534284885,"created_time":"Tue Mar 14 23:31:24 +0000 2017","lang":"en","displayname":"dancermk11","time_zone":"Eastern Time (US & Canada)","msg":"RT broken its kinda sad how you can mean the world to someone one day and mean nothing to them the next day"}
{"tweet_id":841793919927099397,"created_unixtime":1489534284942,"created_time":"Tue Mar 14 23:31:24 +0000 2017","lang":"en","displayname":"BGmonsta_lildee","time_zone":"Pacific Time (US & Canada)","msg":"RT _BraveNation Happy Birthday to our beloved Tonka George 5 Keep Resting in heaven and watching over your Alcorn State family T5STAY…"}
{"tweet_id":841793916240318464,"created_unixtime":1489534284063,"created_time":"Tue Mar 14 23:31:24 +0000 2017","lang":"en","displayname":"FCHS__principal","time_zone":"","msg":"Happy Pi Day from all of us at FCHS FCHSDenLife piday2017 FCX https//tco/rSoykKse7C"}
{"tweet_id":841793919646081024,"created_unixtime":1489534284875,"created_time":"Tue Mar 14 23:31:24 +0000 2017","lang":"en","displayname":"QLaurenn15","time_zone":"","msg":"RT stahlecker28 Happy to say Im now 20 weeks pregnant with my lovebug😍20 weeks to go 😇 https//tco/HAwmGycklr"}
{"tweet_id":841793920145227776,"created_unixtime":1489534284994,"created_time":"Tue Mar 14 23:31:24 +0000 2017","lang":"en","displayname":"tom_enrico","time_zone":"","msg":"brianklaas JoeNBC One has to wonder where they can find even 39 who are happy in any way with this train wreck weve been living thru"}
{"tweet_id":841793920103247872,"created_unixtime":1489534284984,"created_time":"Tue Mar 14 23:31:24 +0000 2017","lang":"en","displayname":"jaketompkins97","time_zone":"","msg":"kell_hathnofury i am sad i wanted my dada tank"}
{"tweet_id":841793920644349953,"created_unixtime":1489534285113,"created_time":"Tue Mar 14 23:31:25 +0000 2017","lang":"en","displayname":"_ConcreteRose97","time_zone":"Atlantic Time (Canada)","msg":"RT meat_print_papi Seeing your mama happy https//tco/2UKJoxwKmG"}
{"tweet_id":841793920975618048,"created_unixtime":1489534285192,"created_time":"Tue Mar 14 23:31:25 +0000 2017","lang":"en","displayname":"SpkVlyFF_L876","time_zone":"Pacific Time (US & Canada)","msg":"It costs nothing to be nice Happy birthday Mason https//tco/n4eBkvOuPd"}
{"tweet_id":841793921311166464,"created_unixtime":1489534285272,"created_time":"Tue Mar 14 23:31:25 +0000 2017","lang":"en","displayname":"ainsleysugg","time_zone":"Pacific Time (US & Canada)","msg":"RT warriors DubNation please join us in wishing StephenCurry30 a very Happy Birthday 🎈 https//tco/cByjiIEk25"}
{"tweet_id":841793920816287744,"created_unixtime":1489534285154,"created_time":"Tue Mar 14 23:31:25 +0000 2017","lang":"en","displayname":"Cristyg28Cristy","time_zone":"","msg":"RT CoupIesPosts Yall could easily get ur girl one of these for under 100 and shell be so happy https//tco/ExnOSAW9TD"}
{"tweet_id":841793921457958912,"created_unixtime":1489534285307,"created_time":"Tue Mar 14 23:31:25 +0000 2017","lang":"en","displayname":"LevisLittleLife","time_zone":"Pacific Time (US & Canada)","msg":"RT meanpIastic Someone When was the last time u were truly happyMe https//tco/ntTKfIwWx1"}
{"tweet_id":841793921390903296,"created_unixtime":1489534285291,"created_time":"Tue Mar 14 23:31:25 +0000 2017","lang":"en","displayname":"frank_verity","time_zone":"","msg":"shreec Support your right to FreeSpeech Though your incivility is so sad Keep it up and MAGA will win another term"}
{"tweet_id":841793921961213952,"created_unixtime":1489534285427,"created_time":"Tue Mar 14 23:31:25 +0000 2017","lang":"en","displayname":"csuciani","time_zone":"Pacific Time (US & Canada)","msg":"They all never fail to remind me how strong I am as person I have all the rights to enjoy life and be happy"}
{"tweet_id":841793921994780673,"created_unixtime":1489534285435,"created_time":"Tue Mar 14 23:31:25 +0000 2017","lang":"en","displayname":"shirogerdm","time_zone":"","msg":"RT TulogNaSiEngEng Happy Wednesday Philippines ALDUBxDTBYTugOfHeartsSend the word 03162017 madamsecretarysapakparty"}
{"tweet_id":841793921407713284,"created_unixtime":1489534285295,"created_time":"Tue Mar 14 23:31:25 +0000 2017","lang":"en","displayname":"CoachTMJames","time_zone":"Pacific Time (US & Canada)","msg":"RT HYPEBEAST Happy Birthday Steph 🍾 https//tco/N0t5c1aSwY"}
{"tweet_id":841793921533505536,"created_unixtime":1489534285325,"created_time":"Tue Mar 14 23:31:25 +0000 2017","lang":"en","displayname":"gage_brock2","time_zone":"","msg":"RT CloydRivers Some kid told me Happy Pi Day Dropkicked his calculator and said America is the land of thick thighs and apple pies 17…"}
{"tweet_id":841793922003283968,"created_unixtime":1489534285437,"created_time":"Tue Mar 14 23:31:25 +0000 2017","lang":"en","displayname":"MrBenParsons","time_zone":"","msg":"Playing with my cats makes me so happy 🙂🐱🐾"}
{"tweet_id":841793921831309314,"created_unixtime":1489534285396,"created_time":"Tue Mar 14 23:31:25 +0000 2017","lang":"und","displayname":"kknicolia","time_zone":"Eastern Time (US & Canada)","msg":"RT JoshKobnotsinsk kknicolia https//tco/zaFte2KpcA"}
{"tweet_id":841793922422718465,"created_unixtime":1489534285537,"created_time":"Tue Mar 14 23:31:25 +0000 2017","lang":"en","displayname":"EricaHe26194351","time_zone":"","msg":"TeenMomGossip theinquisitr Jennel is one that needs more growing up as well sad these females didnt learn the value of a blessing"}
{"tweet_id":841793922389102593,"created_unixtime":1489534285529,"created_time":"Tue Mar 14 23:31:25 +0000 2017","lang":"en","displayname":"Essanityy","time_zone":"Alaska","msg":"JapDaniels happy birthday nong Jasper God bless ☺️🎉"}
{"tweet_id":841793922636562433,"created_unixtime":1489534285588,"created_time":"Tue Mar 14 23:31:25 +0000 2017","lang":"en","displayname":"nurmardieyana","time_zone":"Beijing","msg":"stfuAzli happy birthday gemuk🎉🎉🎈🎈🎊🗿🚽"}
{"tweet_id":841793922498093057,"created_unixtime":1489534285555,"created_time":"Tue Mar 14 23:31:25 +0000 2017","lang":"en","displayname":"Amore4Amore","time_zone":"","msg":"RT Night_Errant Until thenI will be thereWhenever she needs meI will catch herShould she fallSupport herWhen weakComfort herWhen…"}
{"tweet_id":841793922322034688,"created_unixtime":1489534285513,"created_time":"Tue Mar 14 23:31:25 +0000 2017","lang":"en","displayname":"townsendkyle03","time_zone":"Pacific Time (US & Canada)","msg":"Yes sirrrr amp thanks bro 💪🏽 https//tco/QRYjyyQtxm"}
{"tweet_id":841793922640814081,"created_unixtime":1489534285589,"created_time":"Tue Mar 14 23:31:25 +0000 2017","lang":"en","displayname":"khavak71jcha","time_zone":"","msg":"RT abouthebenjamin I realized tomhanks nbcsnl character DavidSPumpkins looked a helluva lot like a Batman villain so i made some fa… "}
{"tweet_id":841793922724696064,"created_unixtime":1489534285609,"created_time":"Tue Mar 14 23:31:25 +0000 2017","lang":"en","displayname":"Briannajuly18","time_zone":"","msg":"Im ready to watch MB via SKY Happy watching Guys MBMayWard"}
{"tweet_id":841793922535940096,"created_unixtime":1489534285564,"created_time":"Tue Mar 14 23:31:25 +0000 2017","lang":"en","displayname":"JosephBolden3","time_zone":"","msg":"RT DhaSickest Awe man I grew up with out a fatherand its sad to see most of yall hating on this man for believing in his son… "}
{"tweet_id":841793923198537728,"created_unixtime":1489534285722,"created_time":"Tue Mar 14 23:31:25 +0000 2017","lang":"tl","displayname":"annekirstenjo25","time_zone":"","msg":"Hahaha karon rako nangstalk sad diay ka nako sa 😱Aw pareha namong duha stalker 😂"}
{"tweet_id":841793922791817216,"created_unixtime":1489534285625,"created_time":"Tue Mar 14 23:31:25 +0000 2017","lang":"en","displayname":"vikap7tkab","time_zone":"","msg":"RT blazek_brooke am very happy that this is my first package in college CrikMaster https//tco/IsU6XjvAAT"}
{"tweet_id":841793923022503936,"created_unixtime":1489534285680,"created_time":"Tue Mar 14 23:31:25 +0000 2017","lang":"en","displayname":"nina_shanell","time_zone":"","msg":"I feel blessed for all my friends like you guys make me so happy ☺️ No drama just laughter is the life for me ❣️"}
{"tweet_id":841793923286732802,"created_unixtime":1489534285743,"created_time":"Tue Mar 14 23:31:25 +0000 2017","lang":"en","displayname":"mickyuzh","time_zone":"Casablanca","msg":"RT Afrxz im so happy i dont go school anymore https//tco/FyItVAaoxV"}
{"tweet_id":841793921856487424,"created_unixtime":1489534285402,"created_time":"Tue Mar 14 23:31:25 +0000 2017","lang":"en","displayname":"umjiarchives","time_zone":"","msg":"Follow picsyerin for more pictures of our beautiful happy pill Jung Yerin 💞 https//tco/d8hpF8t3uo"}
{"tweet_id":841793923660017666,"created_unixtime":1489534285832,"created_time":"Tue Mar 14 23:31:25 +0000 2017","lang":"en","displayname":"Edevaldo1969","time_zone":"Pacific Time (US & Canada)","msg":"RT Calvinn_Hobbes Happy 🍕 PiDay https//tco/UpLBGER3ZF"}
{"tweet_id":841793923836215296,"created_unixtime":1489534285874,"created_time":"Tue Mar 14 23:31:25 +0000 2017","lang":"en","displayname":"KeKeSelby1","time_zone":"Eastern Time (US & Canada)","msg":"RT MsVivicaFox This SOO warms my heart HAPPY Blessed Birthday Queen LifeIsGood GodisGood Blessed Respect 🙌😎😍😘 https//tco/WQTFOg…"}
{"tweet_id":841793924238782468,"created_unixtime":1489534285970,"created_time":"Tue Mar 14 23:31:25 +0000 2017","lang":"en","displayname":"poifekt","time_zone":"","msg":"RT tonyposnanski Obama gave healthcare to all even those who did not support himTrump is taking healthcare away even those who do su…"}
{"tweet_id":841793924373057537,"created_unixtime":1489534286002,"created_time":"Tue Mar 14 23:31:26 +0000 2017","lang":"en","displayname":"TheCostOfEnergy","time_zone":"Quito","msg":"RT JustinTrudeau Happy PiDay Our government is committed to supporting science amp innovation for a stronger Canada And pie for a tasti…"}
{"tweet_id":841793924545032194,"created_unixtime":1489534286043,"created_time":"Tue Mar 14 23:31:26 +0000 2017","lang":"en","displayname":"geekydawson","time_zone":"Eastern Time (US & Canada)","msg":"RT Alexx_Rose__ Just wanna be happy"}
