{"tweet_id":841809700983328770,"created_unixtime":1489538047439,"created_time":"Wed Mar 15 00:34:07 +0000 2017","lang":"en","displayname":"identicaIs","time_zone":"Eastern Time (US & Canada)","msg":"RT hidden saying im tired when youre actually sad"}
{"tweet_id":841809701062959104,"created_unixtime":1489538047458,"created_time":"Wed Mar 15 00:34:07 +0000 2017","lang":"ja","displayname":"asterMIKU","time_zone":"","msg":"RT Summer_Blooming うみちゃ！Happy Birthday！☺💕みもりんBluray発売おめでとう😍園田海未生誕祭20173月15日は園田海未の誕生日315の海未ちゃんたいむ RTした人全員フォローする… "}
{"tweet_id":841809700714893314,"created_unixtime":1489538047375,"created_time":"Wed Mar 15 00:34:07 +0000 2017","lang":"en","displayname":"_FearTheBeard24","time_zone":"Eastern Time (US & Canada)","msg":"RT NBA_CentraI Happy birthday Steph  https//tco/1UgvCWfSF0"}
{"tweet_id":841809701675257857,"created_unixtime":1489538047604,"created_time":"Wed Mar 15 00:34:07 +0000 2017","lang":"en","displayname":"MexiBassMonkey","time_zone":"","msg":"Volkamar NTom64_Lyfe I mean I was thinking of just putting Happy BIrthday but youre the expert"}
{"tweet_id":841809701939630080,"created_unixtime":1489538047667,"created_time":"Wed Mar 15 00:34:07 +0000 2017","lang":"en","displayname":"cIits","time_zone":"Atlantic Time (Canada)","msg":"RT hidden saying im tired when youre actually sad"}
{"tweet_id":841809701914329088,"created_unixtime":1489538047661,"created_time":"Wed Mar 15 00:34:07 +0000 2017","lang":"en","displayname":"ayeechris12","time_zone":"","msg":"RT RoastMeDaily Bob Barker and Adam Sandler did a Happy Gilmore reunion skit and it was great https//tco/LCtdsSqoeZ"}
{"tweet_id":841809702124171264,"created_unixtime":1489538047711,"created_time":"Wed Mar 15 00:34:07 +0000 2017","lang":"en","displayname":"Bad_Ass_Trucker","time_zone":"","msg":"RT FknNo1 I put on a happy face but inside Im giving the world my middle finger"}
{"tweet_id":841809702728089600,"created_unixtime":1489538047855,"created_time":"Wed Mar 15 00:34:07 +0000 2017","lang":"en","displayname":"EilSiele","time_zone":"","msg":"RT g_babyjo MayWardOfficial OMG Tagus sa PUSO What a love amp respect Happy Womens day Bahala na late MBMayWard"}
{"tweet_id":841809701910142976,"created_unixtime":1489538047660,"created_time":"Wed Mar 15 00:34:07 +0000 2017","lang":"en","displayname":"MilleniaArsione","time_zone":"Quito","msg":"RT giamaliva pisces cont artistic abilities are at its peak the most selfless of all signs will give u the world 2 make u… "}
{"tweet_id":841809702480711680,"created_unixtime":1489538047796,"created_time":"Wed Mar 15 00:34:07 +0000 2017","lang":"en","displayname":"APaigeHigher","time_zone":"Quito","msg":"_SwalowMyBulets happy birthday"}
{"tweet_id":841809702489055233,"created_unixtime":1489538047798,"created_time":"Wed Mar 15 00:34:07 +0000 2017","lang":"en","displayname":"ibtrav","time_zone":"Central Time (US & Canada)","msg":"__Grav I know  so sad"}
{"tweet_id":841809701327233024,"created_unixtime":1489538047521,"created_time":"Wed Mar 15 00:34:07 +0000 2017","lang":"en","displayname":"marvin_daughter","time_zone":"Eastern Time (US & Canada)","msg":"RT DntEven_Trip Happy 314Day STL https//tco/oNWw7xvsXd"}
{"tweet_id":841809702820368384,"created_unixtime":1489538047877,"created_time":"Wed Mar 15 00:34:07 +0000 2017","lang":"en","displayname":"cubanadeanna","time_zone":"","msg":"melar_76 MilesGastonV Happy Birthday Miles Congratulations on and God looked Away WOWKEEPITUPHAPPYDays👍🏼🎉🌸💕"}
{"tweet_id":841809703227154433,"created_unixtime":1489538047974,"created_time":"Wed Mar 15 00:34:07 +0000 2017","lang":"en","displayname":"cocktailpartie","time_zone":"Pacific Time (US & Canada)","msg":"RT coneyrivard Happy birthday to UMI ~ https//tco/Pwn7AApSYl"}
{"tweet_id":841809703172734977,"created_unixtime":1489538047961,"created_time":"Wed Mar 15 00:34:07 +0000 2017","lang":"en","displayname":"yasmystic","time_zone":"","msg":"RT XXL Marco Rubio isnt happy with this new Snoop Dogg video https//tco/aHT7VNHUSh https//tco/knMT0J1kIG"}
{"tweet_id":841809703176925185,"created_unixtime":1489538047962,"created_time":"Wed Mar 15 00:34:07 +0000 2017","lang":"en","displayname":"xsquishyjoon","time_zone":"Pacific Time (US & Canada)","msg":"RT RM_ARCHIVE they make me so happy 😊 i love best friends https//tco/DQszn1ARR8"}
{"tweet_id":841809678510235648,"created_unixtime":1489538042081,"created_time":"Wed Mar 15 00:34:02 +0000 2017","lang":"en","displayname":"YourManNASA","time_zone":"Eastern Time (US & Canada)","msg":"As always excited people happy to be in the house"}
{"tweet_id":841809702753308672,"created_unixtime":1489538047861,"created_time":"Wed Mar 15 00:34:07 +0000 2017","lang":"en","displayname":"timelessbae","time_zone":"Eastern Time (US & Canada)","msg":"RT hidden saying im tired when youre actually sad"}
{"tweet_id":841809703525048321,"created_unixtime":1489538048045,"created_time":"Wed Mar 15 00:34:08 +0000 2017","lang":"en","displayname":"CraigSinck","time_zone":"Central Time (US & Canada)","msg":"MarkKolpack Happy Birthday Mark  I appreciate the master of your craft"}
{"tweet_id":841809703478878208,"created_unixtime":1489538048034,"created_time":"Wed Mar 15 00:34:08 +0000 2017","lang":"en","displayname":"EstVillageBoy","time_zone":"","msg":"RT m0notonia our first official single ever happy valentines day is being released tonightttt IAmTheCoffin IAmTheCoffin https//tco…"}
{"tweet_id":841809703868878848,"created_unixtime":1489538048127,"created_time":"Wed Mar 15 00:34:08 +0000 2017","lang":"en","displayname":"MzGossipGirl","time_zone":"Pacific Time (US & Canada)","msg":"GiaPeppers you look so happy in each pic 😂"}
{"tweet_id":841809704221261825,"created_unixtime":1489538048211,"created_time":"Wed Mar 15 00:34:08 +0000 2017","lang":"en","displayname":"chey_fitness","time_zone":"","msg":"Really starting to be okay again and Im really happy about it ☺️"}
{"tweet_id":841809704137371648,"created_unixtime":1489538048191,"created_time":"Wed Mar 15 00:34:08 +0000 2017","lang":"en","displayname":"Micees25","time_zone":"","msg":"Rintitty HAPPY BIRTHDAY"}
{"tweet_id":841809704196149248,"created_unixtime":1489538048205,"created_time":"Wed Mar 15 00:34:08 +0000 2017","lang":"en","displayname":"WeekndDruggs","time_zone":"","msg":"RT hidden saying im tired when youre actually sad"}
{"tweet_id":841809703776657408,"created_unixtime":1489538048105,"created_time":"Wed Mar 15 00:34:08 +0000 2017","lang":"en","displayname":"pmlxbln","time_zone":"Pacific Time (US & Canada)","msg":"RT MillennialOfMNL This is your reminder that its okay to not be okay No one is constantly happy Your emotions are yours No one can t…"}
{"tweet_id":841809704254898177,"created_unixtime":1489538048219,"created_time":"Wed Mar 15 00:34:08 +0000 2017","lang":"en","displayname":"banelw","time_zone":"","msg":"thinkinboutana I feel that was said as in sad tears Just watch the vid more "}
{"tweet_id":841809704246366208,"created_unixtime":1489538048217,"created_time":"Wed Mar 15 00:34:08 +0000 2017","lang":"en","displayname":"collectivadiva","time_zone":"Pacific Time (US & Canada)","msg":"RT RogueNASA Happy Pi Day everyone In our opinion resisting is best when accompanied by pie https//tco/bAtAww7ig3"}
{"tweet_id":841809704145698816,"created_unixtime":1489538048193,"created_time":"Wed Mar 15 00:34:08 +0000 2017","lang":"en","displayname":"SexuaIPosts","time_zone":"Eastern Time (US & Canada)","msg":"RT SoFeelingsText This makes me so sad 😢💔 https//tco/2JXcfvswa7"}
{"tweet_id":841809704691105792,"created_unixtime":1489538048323,"created_time":"Wed Mar 15 00:34:08 +0000 2017","lang":"ht","displayname":"giveawayding","time_zone":"Pacific Time (US & Canada)","msg":"Helloo  miachantel__ miaachantel__ https//tco/WpBm2q1Rog"}
{"tweet_id":841809704485543936,"created_unixtime":1489538048274,"created_time":"Wed Mar 15 00:34:08 +0000 2017","lang":"en","displayname":"Bhatiahannah","time_zone":"","msg":"Me 10 seconds after a mental breakdown https//tco/AyVJwxAKCC"}
{"tweet_id":841809705127223296,"created_unixtime":1489538048427,"created_time":"Wed Mar 15 00:34:08 +0000 2017","lang":"en","displayname":"travelbug2017","time_zone":"","msg":"javviferrer My pleasure as always Happy Tuesday"}
{"tweet_id":841809705144057856,"created_unixtime":1489538048431,"created_time":"Wed Mar 15 00:34:08 +0000 2017","lang":"en","displayname":"kristenngeorge","time_zone":"Pacific Time (US & Canada)","msg":"Feels so good to finally be happy"}
{"tweet_id":841809704951152640,"created_unixtime":1489538048385,"created_time":"Wed Mar 15 00:34:08 +0000 2017","lang":"en","displayname":"ReaIGEazy","time_zone":"Pacific Time (US & Canada)","msg":"RT hidden saying im tired when youre actually sad"}
{"tweet_id":841809704774967296,"created_unixtime":1489538048343,"created_time":"Wed Mar 15 00:34:08 +0000 2017","lang":"en","displayname":"badgalvicks","time_zone":"London","msg":"These kind of sweet unexpected texts can make a Vicky happy ❣️ https//tco/kKDL1MH2E8"}
{"tweet_id":841809705848602624,"created_unixtime":1489538048599,"created_time":"Wed Mar 15 00:34:08 +0000 2017","lang":"en","displayname":"emelie_sarmen","time_zone":"","msg":"RT TeamRangerOFC I want someone to look at me and think Shes my happy endingMBMayWard https//tco/0JSTGYYZXU"}
{"tweet_id":841809706008035328,"created_unixtime":1489538048637,"created_time":"Wed Mar 15 00:34:08 +0000 2017","lang":"en","displayname":"littlecaren","time_zone":"Hong Kong","msg":"SisonPaolo all women are beautiful especially when theyre happy You make me happy you make me feel more beautiful 😘"}
{"tweet_id":841809705978679296,"created_unixtime":1489538048630,"created_time":"Wed Mar 15 00:34:08 +0000 2017","lang":"en","displayname":"yennyyenster","time_zone":"","msg":"RT papimalo28 Happy Tuesday and cocksox  mesh bikini very sexy and super comfortable love them😍😍Cocksox LoveMySox https//tco/yYKZHjC…"}
{"tweet_id":841809706045784064,"created_unixtime":1489538048646,"created_time":"Wed Mar 15 00:34:08 +0000 2017","lang":"en","displayname":"MacePeter","time_zone":"Auckland","msg":"Excellent combination of lasers and baked goods https//tco/8Dap0T0sG4"}
{"tweet_id":841809706154905601,"created_unixtime":1489538048672,"created_time":"Wed Mar 15 00:34:08 +0000 2017","lang":"en","displayname":"cryshawty","time_zone":"Eastern Time (US & Canada)","msg":"RT hidden saying im tired when youre actually sad"}
{"tweet_id":841809706301693952,"created_unixtime":1489538048707,"created_time":"Wed Mar 15 00:34:08 +0000 2017","lang":"en","displayname":"__StayHumbled","time_zone":"Pacific Time (US & Canada)","msg":"Be with who makes you happy amp teach you something different  its never about what they have 😌"}
{"tweet_id":841809706825867265,"created_unixtime":1489538048832,"created_time":"Wed Mar 15 00:34:08 +0000 2017","lang":"en","displayname":"NadhiraHizam","time_zone":"Kuala Lumpur","msg":"RT pangeran_lautan You are worthy of love yes you are You are good enough you always are You can be happy again and trust me on that…"}
{"tweet_id":841809706507091968,"created_unixtime":1489538048756,"created_time":"Wed Mar 15 00:34:08 +0000 2017","lang":"en","displayname":"kingvirr","time_zone":"","msg":"RT harriquan Happy b day to this goer 🎉🎊🎉🎂🎁youre like a brother to me we on tomorrow Boboyaga https//tco/4iod2LNoIK"}
{"tweet_id":841809706712678400,"created_unixtime":1489538048805,"created_time":"Wed Mar 15 00:34:08 +0000 2017","lang":"en","displayname":"HannitysHead","time_zone":"Central Time (US & Canada)","msg":"RT HannitysHead How many degrees of denial does it take to not understand Putin has something on trump Hopefully it causes some sort of…"}
{"tweet_id":841809706033250304,"created_unixtime":1489538048643,"created_time":"Wed Mar 15 00:34:08 +0000 2017","lang":"en","displayname":"Marq1647","time_zone":"Pacific Time (US & Canada)","msg":"I still catch myself feeling sad about things that dont matter anymore"}
{"tweet_id":841809706385604609,"created_unixtime":1489538048727,"created_time":"Wed Mar 15 00:34:08 +0000 2017","lang":"tl","displayname":"EithneNicole","time_zone":"Atlantic Time (Canada)","msg":"HAHA https//tco/pAiaB13GT6"}
{"tweet_id":841809707006337024,"created_unixtime":1489538048875,"created_time":"Wed Mar 15 00:34:08 +0000 2017","lang":"en","displayname":"selves","time_zone":"Pacific Time (US & Canada)","msg":"RT hidden saying im tired when youre actually sad"}
{"tweet_id":841809707165659136,"created_unixtime":1489538048913,"created_time":"Wed Mar 15 00:34:08 +0000 2017","lang":"en","displayname":"julzsg59","time_zone":"Atlantic Time (Canada)","msg":"RT Jilliemary CUSTER85 Judeuhl ninscrystal butchey12 JAmy208 julzsg59 juliaharper69 JasonHoughton5 jasonvchapman GM all Happy T…"}
{"tweet_id":841809680422838272,"created_unixtime":1489538042537,"created_time":"Wed Mar 15 00:34:02 +0000 2017","lang":"en","displayname":"LilBoat","time_zone":"Pacific Time (US & Canada)","msg":"RT hidden saying im tired when youre actually sad"}
{"tweet_id":841809707564113921,"created_unixtime":1489538049008,"created_time":"Wed Mar 15 00:34:09 +0000 2017","lang":"en","displayname":"dancingwyvern","time_zone":"","msg":"RT oneradishplease Happy White Day Can I interest you inone radish https//tco/CmHwt2ZfKy"}
{"tweet_id":841809707002130432,"created_unixtime":1489538048874,"created_time":"Wed Mar 15 00:34:08 +0000 2017","lang":"en","displayname":"JackCody_","time_zone":"","msg":"RT JRDqq_ IT HAPPENED THEY DROPPED 1998 I CAN DIE HAPPY https//tco/0q3JlaF7ND"}
{"tweet_id":841809707249606656,"created_unixtime":1489538048933,"created_time":"Wed Mar 15 00:34:08 +0000 2017","lang":"en","displayname":"nishiplier","time_zone":"Pacific Time (US & Canada)","msg":"RT Built_4_Love Happy birthday Dan Drew a lil something for ya Have an amazing day today you rock ThankYouDan https//tco/8Sgs…"}
{"tweet_id":841809706175893504,"created_unixtime":1489538048677,"created_time":"Wed Mar 15 00:34:08 +0000 2017","lang":"en","displayname":"malarkeyes","time_zone":"Paris","msg":"LexxiSaal its already your birthday in France Happy birthday love ❤ https//tco/WxtO6Qv1Qq"}
{"tweet_id":841809686408052736,"created_unixtime":1489538043964,"created_time":"Wed Mar 15 00:34:03 +0000 2017","lang":"en","displayname":"n__hidayah","time_zone":"Singapore","msg":"RT stnratqh_ So happy for the new clothes and accompanied by my friends 😋💓"}
{"tweet_id":841809708151324672,"created_unixtime":1489538049148,"created_time":"Wed Mar 15 00:34:09 +0000 2017","lang":"en","displayname":"chromesthesia","time_zone":"Central Time (US & Canada)","msg":"Playing with this makes me ridiculously happy Eee sounds like s horror movie involving clown… https//tco/xR7iv2HhpY"}
{"tweet_id":841809707882954752,"created_unixtime":1489538049084,"created_time":"Wed Mar 15 00:34:09 +0000 2017","lang":"en","displayname":"flourescant","time_zone":"Pacific Time (US & Canada)","msg":"RT hidden saying im tired when youre actually sad"}
{"tweet_id":841809708147068928,"created_unixtime":1489538049147,"created_time":"Wed Mar 15 00:34:09 +0000 2017","lang":"en","displayname":"radiantaehyung","time_zone":"Pacific Time (US & Canada)","msg":"RT cliffordsshug If youre ever feeling sad just remember that this video exists https//tco/HjEMGrNXhB"}
{"tweet_id":841809707987832834,"created_unixtime":1489538049109,"created_time":"Wed Mar 15 00:34:09 +0000 2017","lang":"en","displayname":"zachariahh__","time_zone":"","msg":"RT KarmenLoveee If We Date dont worry about me cheating Im with you for a reason I only want you And when Im not happy Ill let you…"}
{"tweet_id":841809707924824066,"created_unixtime":1489538049094,"created_time":"Wed Mar 15 00:34:09 +0000 2017","lang":"ja","displayname":"a___rmpg17","time_zone":"","msg":"itooo315 Happy Birthday to youHappy Birthday to youHappy Birthday deer ITOHARU~Happy Birthday to youお仕事がんばれよ☺💕 https//tco/HtaXBQtHEQ"}
{"tweet_id":841809708327571456,"created_unixtime":1489538049190,"created_time":"Wed Mar 15 00:34:09 +0000 2017","lang":"en","displayname":"inthearmsofDE","time_zone":"Europe/Lisbon","msg":"Jessica29859089 Always_Delena4E No it was Theyre happy and living a long life together I wanted more thats all"}
{"tweet_id":841809708306595841,"created_unixtime":1489538049185,"created_time":"Wed Mar 15 00:34:09 +0000 2017","lang":"en","displayname":"WeinfeldRuth","time_zone":"","msg":"RT KimWeaverIA Thanks azmiaAKAmia We welcome all help at this time Please contact my volunteer coordinator samweaverforcongres… "}
{"tweet_id":841809708461789184,"created_unixtime":1489538049222,"created_time":"Wed Mar 15 00:34:09 +0000 2017","lang":"en","displayname":"catiafh","time_zone":"","msg":"RT Iighted be with someone who wants to hear all about your day amp lets you know everythings gonna be okay when youre sad"}
{"tweet_id":841809708637925377,"created_unixtime":1489538049264,"created_time":"Wed Mar 15 00:34:09 +0000 2017","lang":"en","displayname":"Buffalo_Girl_","time_zone":"Pacific Time (US & Canada)","msg":"Lets all just agree that Lancaster should close tomorrow and make all these kids happy"}
{"tweet_id":841809708281413632,"created_unixtime":1489538049179,"created_time":"Wed Mar 15 00:34:09 +0000 2017","lang":"und","displayname":"alicelisc","time_zone":"Amsterdam","msg":"RT GordonRamsay Sad https//tco/xYuO94K2U2"}
{"tweet_id":841809708763738112,"created_unixtime":1489538049294,"created_time":"Wed Mar 15 00:34:09 +0000 2017","lang":"en","displayname":"inlay","time_zone":"Pacific Time (US & Canada)","msg":"RT hidden saying im tired when youre actually sad"}
{"tweet_id":841809708780535808,"created_unixtime":1489538049298,"created_time":"Wed Mar 15 00:34:09 +0000 2017","lang":"en","displayname":"IceMatias1406","time_zone":"","msg":"KHJ_official Happy White DayGreetings 😊"}
{"tweet_id":841809709309014016,"created_unixtime":1489538049424,"created_time":"Wed Mar 15 00:34:09 +0000 2017","lang":"en","displayname":"ElbadryTharaa","time_zone":"","msg":"RT kanyefeeI its sad to see a good person change"}
{"tweet_id":841809709581639681,"created_unixtime":1489538049489,"created_time":"Wed Mar 15 00:34:09 +0000 2017","lang":"en","displayname":"sensuaIgoals","time_zone":"Eastern Time (US & Canada)","msg":"RT hidden saying im tired when youre actually sad"}
{"tweet_id":841809709174804480,"created_unixtime":1489538049392,"created_time":"Wed Mar 15 00:34:09 +0000 2017","lang":"en","displayname":"marksha14758583","time_zone":"","msg":"RT ThomasSanders Yayyyy More Derek https//tco/oBVRZa4O2L"}
{"tweet_id":841809709698973696,"created_unixtime":1489538049517,"created_time":"Wed Mar 15 00:34:09 +0000 2017","lang":"ja","displayname":"fes1013","time_zone":"Pacific Time (US & Canada)","msg":"RT kanami_bandmaid 本日は小倉 FUSEへご帰宅いただきありがとうございました´ω`今日は、Just Bring Itより、decided by myselfを初披露しました☆お楽しみいただけましたか？✨次回のお給仕は3月18日HA…"}
{"tweet_id":841809709992693762,"created_unixtime":1489538049587,"created_time":"Wed Mar 15 00:34:09 +0000 2017","lang":"en","displayname":"jared_mccombs","time_zone":"","msg":"RT MeninistTweet Happy pi dayThe Falcons blew a 283 lead314283  31the warriors blew a 31 lead in the NBA Finals"}
{"tweet_id":841809709963329536,"created_unixtime":1489538049580,"created_time":"Wed Mar 15 00:34:09 +0000 2017","lang":"en","displayname":"energyhes","time_zone":"Eastern Time (US & Canada)","msg":"RT claryswife to all the women out there  youre strong pure and beautiful be happy be proud of who you are… "}
{"tweet_id":841809710017851392,"created_unixtime":1489538049593,"created_time":"Wed Mar 15 00:34:09 +0000 2017","lang":"en","displayname":"SweetSweetHazza","time_zone":"Pacific Time (US & Canada)","msg":"Harry_Styles Youre the reason of my smile I love you and Im proud of you I would be very happy if you follow me one day ❤️  753"}
{"tweet_id":841809710357536768,"created_unixtime":1489538049674,"created_time":"Wed Mar 15 00:34:09 +0000 2017","lang":"en","displayname":"karinnnna_","time_zone":"","msg":"happy birthday lovekayla14 💘😇 miss you"}
{"tweet_id":841809710609137664,"created_unixtime":1489538049734,"created_time":"Wed Mar 15 00:34:09 +0000 2017","lang":"ja","displayname":"Kiz919","time_zone":"","msg":"昨日も皆様ご来場感謝☀︎あのホワイトデーの、、、相変わらずエゴ感満載の特典だったんですがなんかもらえなかった人いるみたいで、あんなんでも欲しかったよって方言ってくださいそしてごめんね次のライブもAdmで3/24初め… https//tco/rmljIx4QFF"}
{"tweet_id":841809710831550465,"created_unixtime":1489538049787,"created_time":"Wed Mar 15 00:34:09 +0000 2017","lang":"en","displayname":"MohmedElakaad","time_zone":"","msg":" Fuck anything that doesnt make you happy  👌"}
{"tweet_id":841809710646992896,"created_unixtime":1489538049743,"created_time":"Wed Mar 15 00:34:09 +0000 2017","lang":"en","displayname":"capsize","time_zone":"Pacific Time (US & Canada)","msg":"RT hidden saying im tired when youre actually sad"}
{"tweet_id":841809710730870784,"created_unixtime":1489538049763,"created_time":"Wed Mar 15 00:34:09 +0000 2017","lang":"tl","displayname":"Dhitaquwh","time_zone":"","msg":"Happy birthday my bey my lovely my husband 🎂🎁😘😍😚💗Smoga panjang umur shat slalu sukses… https//tco/a57oIPd6Hq"}
{"tweet_id":841809711431315457,"created_unixtime":1489538049930,"created_time":"Wed Mar 15 00:34:09 +0000 2017","lang":"en","displayname":"fIuxuaI","time_zone":"Eastern Time (US & Canada)","msg":"RT hidden saying im tired when youre actually sad"}
{"tweet_id":841809711666212864,"created_unixtime":1489538049986,"created_time":"Wed Mar 15 00:34:09 +0000 2017","lang":"en","displayname":"septicIifford","time_zone":"","msg":"RT spacecoII My Happy Birthday video to colliscool 💓💜https//tco/8NhEycp2yB"}
{"tweet_id":841809711674605569,"created_unixtime":1489538049988,"created_time":"Wed Mar 15 00:34:09 +0000 2017","lang":"en","displayname":"clarkegriffinb","time_zone":"Lisbon","msg":"evaluations and midterms season are coming im so happy bc then you have easter to obviously work on your 3 projects and then surprise"}
{"tweet_id":841809712043630592,"created_unixtime":1489538050076,"created_time":"Wed Mar 15 00:34:10 +0000 2017","lang":"en","displayname":"StahtusOG","time_zone":"","msg":"RT eXGamingLLC Happy Tuesday eXArmy"}
{"tweet_id":841809711569768448,"created_unixtime":1489538049963,"created_time":"Wed Mar 15 00:34:09 +0000 2017","lang":"en","displayname":"PyroDrill","time_zone":"","msg":"📷 chrishallbeck Sad https//tco/coU6MfEjwj https//tco/LoVp0wV0sH"}
{"tweet_id":841809711854940160,"created_unixtime":1489538050031,"created_time":"Wed Mar 15 00:34:10 +0000 2017","lang":"en","displayname":"LoniRae919","time_zone":"","msg":"RT JaneSandero I still catch myself feeling sad about things that dont matter anymore"}
{"tweet_id":841809711699755009,"created_unixtime":1489538049994,"created_time":"Wed Mar 15 00:34:09 +0000 2017","lang":"en","displayname":"antoniowheels","time_zone":"Athens","msg":"RT FreeMemesKids This is so sad😭 https//tco/Q5jCjwdKcT"}
{"tweet_id":841809712433651712,"created_unixtime":1489538050169,"created_time":"Wed Mar 15 00:34:10 +0000 2017","lang":"en","displayname":"jamiegnoche","time_zone":"Taipei","msg":"RT neiltyson 314  Happy Piday to Gregorian calendar users who reckon dates with month followed by day separated by period omitting year"}
{"tweet_id":841809712530186240,"created_unixtime":1489538050192,"created_time":"Wed Mar 15 00:34:10 +0000 2017","lang":"tl","displayname":"GongobMavil","time_zone":"","msg":"RT sammangubat Happy 250K LikesNapanood niyo po ba yung performance ko kanina sa Its ShowtimeYou can watch it here https//tco/…"}
{"tweet_id":841809711963992064,"created_unixtime":1489538050057,"created_time":"Wed Mar 15 00:34:10 +0000 2017","lang":"en","displayname":"ESPINOGRITO","time_zone":"Pacific Time (US & Canada)","msg":"RT SummerFontana Happy Birthday danieljgillies rocknroll 🎂🎉🎸 https//tco/phJV1H96IA"}
{"tweet_id":841809712655941632,"created_unixtime":1489538050222,"created_time":"Wed Mar 15 00:34:10 +0000 2017","lang":"en","displayname":"_nataliecortezz","time_zone":"","msg":"RT Bri_Macho12 Happy birthday _nataliecortezz miss you and I hope you have a good one 😉"}
{"tweet_id":841809712567865345,"created_unixtime":1489538050201,"created_time":"Wed Mar 15 00:34:10 +0000 2017","lang":"ja","displayname":"chaa339m","time_zone":"Tokyo","msg":"RT miiawebstore 🎁HAPPY SURPRISE CAMPAIGN🎁日頃の感謝をこめてワンピースを１名様にプレゼント♥️★応募期間3/20（月）〆★応募資格フォロー＆リツイート公式Instagramでもキャンペーン開催中😊… "}
{"tweet_id":841809712412803073,"created_unixtime":1489538050164,"created_time":"Wed Mar 15 00:34:10 +0000 2017","lang":"und","displayname":"MachaSouLLove","time_zone":"","msg":"spring horses happy"}
{"tweet_id":841809712752476161,"created_unixtime":1489538050245,"created_time":"Wed Mar 15 00:34:10 +0000 2017","lang":"en","displayname":"scarlettwingz","time_zone":"Pacific Time (US & Canada)","msg":"thatassize i saw this screenie and justthat sad trombone note played in my head"}
{"tweet_id":841809712932823040,"created_unixtime":1489538050288,"created_time":"Wed Mar 15 00:34:10 +0000 2017","lang":"ja","displayname":"yukito1021","time_zone":"Hawaii","msg":"RT AoPBUG 森岡賢さんHappy Birthday💐50歳は献杯…賢杯で良いですかね？！🍷安らかに。 https//tco/BAKjmCsHze"}
{"tweet_id":841809712236617729,"created_unixtime":1489538050122,"created_time":"Wed Mar 15 00:34:10 +0000 2017","lang":"en","displayname":"Buckets_SoSweet","time_zone":"Mountain Time (US & Canada)","msg":"RT CultureFUBU Happy Birthday Merlin SantanaRIP https//tco/0K4quO4M5g"}
{"tweet_id":841809712609955840,"created_unixtime":1489538050211,"created_time":"Wed Mar 15 00:34:10 +0000 2017","lang":"en","displayname":"OKCNightCourt","time_zone":"Central Time (US & Canada)","msg":"Oh here we go again on the sad defense"}
{"tweet_id":841809713809375232,"created_unixtime":1489538050497,"created_time":"Wed Mar 15 00:34:10 +0000 2017","lang":"en","displayname":"twotimevaleria","time_zone":"Pacific Time (US & Canada)","msg":"RT neiltyson 314  Happy Piday to Gregorian calendar users who reckon dates with month followed by day separated by period omitting year"}
{"tweet_id":841809713595531264,"created_unixtime":1489538050446,"created_time":"Wed Mar 15 00:34:10 +0000 2017","lang":"en","displayname":"IISupawholockII","time_zone":"Melbourne","msg":"RT VAMNit HAPPY PI DAY https//tco/IsHRlNIS8h"}
{"tweet_id":841809714111430656,"created_unixtime":1489538050569,"created_time":"Wed Mar 15 00:34:10 +0000 2017","lang":"en","displayname":"angeposeyy","time_zone":"","msg":"RT VinesGot7 Happy White Day 💗 https//tco/KU4o3Urzc2"}
{"tweet_id":841809714123956224,"created_unixtime":1489538050572,"created_time":"Wed Mar 15 00:34:10 +0000 2017","lang":"en","displayname":"boyinlust","time_zone":"Pacific Time (US & Canada)","msg":"RT yoongibts bts episode HAPPY WHITE DAY FROM BTS 1 namjoon https//tco/sUDppIFoht"}
{"tweet_id":841809714270748672,"created_unixtime":1489538050607,"created_time":"Wed Mar 15 00:34:10 +0000 2017","lang":"en","displayname":"MegaZinta07","time_zone":"","msg":"RT realpreityzinta Happy Womens Day to all the lovely women out there 😘 Love amp light always 😍❤😍 womensday2017 safety awarness… "}
{"tweet_id":841809714128252928,"created_unixtime":1489538050573,"created_time":"Wed Mar 15 00:34:10 +0000 2017","lang":"en","displayname":"davidmasindi","time_zone":"","msg":"RT VodacomSoccer A true leader and a Mzansi diski legend Wishing descaptain a happy birthday May it be a special one Enjoy Des 🎂 htt…"}
{"tweet_id":841809713918562307,"created_unixtime":1489538050523,"created_time":"Wed Mar 15 00:34:10 +0000 2017","lang":"en","displayname":"CCA_youth2015","time_zone":"","msg":"Happy pi day everyone  https//tco/taMlIAdywY"}
{"tweet_id":841809683090423810,"created_unixtime":1489538043173,"created_time":"Wed Mar 15 00:34:03 +0000 2017","lang":"en","displayname":"LynneaPhillips","time_zone":"Eastern Time (US & Canada)","msg":"This is good SMSports https//tco/1Aa5BqJYkP"}
{"tweet_id":841809693714472962,"created_unixtime":1489538045706,"created_time":"Wed Mar 15 00:34:05 +0000 2017","lang":"en","displayname":"alrenharmony","time_zone":"","msg":"RT 5HVotingStats Scared Of Happy FifthHarmony YouKnowYouLoveThem radiodisney"}
{"tweet_id":841809713939533828,"created_unixtime":1489538050528,"created_time":"Wed Mar 15 00:34:10 +0000 2017","lang":"en","displayname":"kibitobiaz","time_zone":"Brasilia","msg":"RT SaraBareilles You look inside your heart and find a pizza and remember that pizza is ALL our best friends https//tco/G79BuhSpba"}
{"tweet_id":841809714459598848,"created_unixtime":1489538050652,"created_time":"Wed Mar 15 00:34:10 +0000 2017","lang":"en","displayname":"disturbedolans","time_zone":"Pacific Time (US & Canada)","msg":"RT elijahdaniel after scientific testing we are happy to confirm u can definitely smoke weed out of a hotdog and also a pringles can http…"}
{"tweet_id":841809714803560448,"created_unixtime":1489538050734,"created_time":"Wed Mar 15 00:34:10 +0000 2017","lang":"en","displayname":"VannahL2018","time_zone":"","msg":"RT Taylor_shae Happy happy happy https//tco/B2dyPv1v7i"}
{"tweet_id":841809714996428801,"created_unixtime":1489538050780,"created_time":"Wed Mar 15 00:34:10 +0000 2017","lang":"en","displayname":"AriRtf","time_zone":"Jakarta","msg":"RT warriors DubNation please join us in wishing StephenCurry30 a very Happy Birthday 🎈 https//tco/cByjiIEk25"}
{"tweet_id":841809714686132225,"created_unixtime":1489538050706,"created_time":"Wed Mar 15 00:34:10 +0000 2017","lang":"en","displayname":"_aileencastillo","time_zone":"Central Time (US & Canada)","msg":"So happy hubby is coming home a day early🤗🤗"}
{"tweet_id":841809715080368128,"created_unixtime":1489538050800,"created_time":"Wed Mar 15 00:34:10 +0000 2017","lang":"en","displayname":"NinjaBoy66","time_zone":"Mountain Time (US & Canada)","msg":"Happy 90th birthday Metropolis How 1927s world of tomorrow changed pop culture today https//tco/M3Bo3xKhIc"}
{"tweet_id":841809715394834432,"created_unixtime":1489538050875,"created_time":"Wed Mar 15 00:34:10 +0000 2017","lang":"en","displayname":"grace_wacuka6","time_zone":"","msg":"RT Simone_Biles my heart  ❤️  thanks so much MISS YOU GUYS😭💋  our olympic aunts https//tco/o1CKyvBeyL"}
{"tweet_id":841809715361378304,"created_unixtime":1489538050867,"created_time":"Wed Mar 15 00:34:10 +0000 2017","lang":"en","displayname":"wadestruenai","time_zone":"","msg":"I am so happy to finally able to meet you blessed worththetrip https//tco/l2SCEDevn5"}
{"tweet_id":841809715298476033,"created_unixtime":1489538050852,"created_time":"Wed Mar 15 00:34:10 +0000 2017","lang":"en","displayname":"ihotmusiccharts","time_zone":"Beijing","msg":"Happy from Despicable Me 2 by Pharrell Williams is number 1 in Bahrain iTunes top 100 songs https//tco/iYYuuhndX0"}
{"tweet_id":841809715956858882,"created_unixtime":1489538051009,"created_time":"Wed Mar 15 00:34:11 +0000 2017","lang":"en","displayname":"blissful_youth","time_zone":"Mountain Time (US & Canada)","msg":"QuietInventor Hides the handgun once more and closes her eyesYou need to go back being happy"}
{"tweet_id":841809715646595072,"created_unixtime":1489538050935,"created_time":"Wed Mar 15 00:34:10 +0000 2017","lang":"en","displayname":"lifeofcjr","time_zone":"Pacific Time (US & Canada)","msg":"RT Panthers Happy Birthday to Panthers fan StephenCurry30 🎉 https//tco/IqYeQMedSF"}
{"tweet_id":841809715814367233,"created_unixtime":1489538050975,"created_time":"Wed Mar 15 00:34:10 +0000 2017","lang":"en","displayname":"edd_gosbender","time_zone":"Central Time (US & Canada)","msg":"this https//tco/At2gV0kIwQ"}
{"tweet_id":841809716066025472,"created_unixtime":1489538051035,"created_time":"Wed Mar 15 00:34:11 +0000 2017","lang":"en","displayname":"Golden888Karma","time_zone":"","msg":"RT TheSWPrincess Happy Pi Day to my some of my favorite rational people mayflowergal1 DoctorMcCoy2017 TomParis2017… "}
{"tweet_id":841809716342743040,"created_unixtime":1489538051101,"created_time":"Wed Mar 15 00:34:11 +0000 2017","lang":"en","displayname":"reederda","time_zone":"Mountain Time (US & Canada)","msg":"RT AtlasInu Commission for my boi Nightwolfury from reederda lt3Happy birthday dude https//tco/HxLM2LQLda"}
{"tweet_id":841809716355436545,"created_unixtime":1489538051104,"created_time":"Wed Mar 15 00:34:11 +0000 2017","lang":"en","displayname":"Kai_theprincess","time_zone":"","msg":"RT NumbThePain This supposed to be a sad song and the bitch in the back jammin 💀💀 https//tco/2d6D9N2rcC"}
{"tweet_id":841809716686729216,"created_unixtime":1489538051183,"created_time":"Wed Mar 15 00:34:11 +0000 2017","lang":"en","displayname":"FoodAprecianado","time_zone":"Pacific Time (US & Canada)","msg":"Freeyourmindkid JohWaII what a sad little loser"}
{"tweet_id":841809716938448896,"created_unixtime":1489538051243,"created_time":"Wed Mar 15 00:34:11 +0000 2017","lang":"en","displayname":"AdrianeKaylor","time_zone":"Pacific Time (US & Canada)","msg":"Some people brighten the day by just existing When something cool happens amp makes them happy it makes u happy too cause they deserve it 😊"}
{"tweet_id":841809717311635456,"created_unixtime":1489538051332,"created_time":"Wed Mar 15 00:34:11 +0000 2017","lang":"en","displayname":"jolmarion","time_zone":"","msg":"RT AldubAbeth Happy together 🌺🌸 ALDUBxDTBYTugOfHearts AMInaticsOFC PIADBRAT angelz_spicez hottempered214 ofcaldub_AKLAN… "}
{"tweet_id":841809717429186560,"created_unixtime":1489538051360,"created_time":"Wed Mar 15 00:34:11 +0000 2017","lang":"en","displayname":"andrewcamara_","time_zone":"Eastern Time (US & Canada)","msg":"Brandon_Hassey I saw Lets see this Theyll make shit up for the ratings Sad"}
{"tweet_id":841809717458542592,"created_unixtime":1489538051367,"created_time":"Wed Mar 15 00:34:11 +0000 2017","lang":"en","displayname":"mayoressjay","time_zone":"","msg":"RT jonathan_emem Honestlycheck up on your friendsso many people are not happy Tell them you love themsay something sweet to someone"}
{"tweet_id":841809717982830597,"created_unixtime":1489538051492,"created_time":"Wed Mar 15 00:34:11 +0000 2017","lang":"en","displayname":"Whitee_xd","time_zone":"Pacific Time (US & Canada)","msg":"RT envy_kvy happy hoes aint hating and hating hoes aint happy 😌"}
{"tweet_id":841809718175780864,"created_unixtime":1489538051538,"created_time":"Wed Mar 15 00:34:11 +0000 2017","lang":"en","displayname":"Cande_Fda","time_zone":"Brasilia","msg":"RT anajumontechi Im so sad i miss ethan"}
{"tweet_id":841809717949218816,"created_unixtime":1489538051484,"created_time":"Wed Mar 15 00:34:11 +0000 2017","lang":"en","displayname":"SackSquadKooj","time_zone":"Pacific Time (US & Canada)","msg":"Happy Pi Day PiDay"}
{"tweet_id":841809717596938240,"created_unixtime":1489538051400,"created_time":"Wed Mar 15 00:34:11 +0000 2017","lang":"en","displayname":"MsLSpatz","time_zone":"Eastern Time (US & Canada)","msg":"Happy Birthday nice try Oliver 😂😂😂 AmericanHousewife"}
{"tweet_id":841809718209306628,"created_unixtime":1489538051546,"created_time":"Wed Mar 15 00:34:11 +0000 2017","lang":"en","displayname":"MiimiiArielle","time_zone":"Arizona","msg":"_itsArtiStic Happy Birthdayy"}
{"tweet_id":841809717752168448,"created_unixtime":1489538051437,"created_time":"Wed Mar 15 00:34:11 +0000 2017","lang":"en","displayname":"TheManvils","time_zone":"Pacific Time (US & Canada)","msg":"Happy birthday to my bud cranky_hanke  enjoy the vintage glassware madetomatch… https//tco/y2wUF1SLCP"}
{"tweet_id":841809718481981440,"created_unixtime":1489538051611,"created_time":"Wed Mar 15 00:34:11 +0000 2017","lang":"und","displayname":"barabcina84","time_zone":"Belgrade","msg":"RT rasadangubic Ajde vi iz DOSa gledajte na Happy Tv VučićaImate mnogo stvari da naučite zaista"}
{"tweet_id":841809717257199617,"created_unixtime":1489538051319,"created_time":"Wed Mar 15 00:34:11 +0000 2017","lang":"en","displayname":"SouthFlaVet","time_zone":"Atlantic Time (Canada)","msg":"Einstein I do understand it Thats your problemA sample size that reflects 00000000 of population means noth… https//tco/AcdEroOMTt"}
{"tweet_id":841809718603534337,"created_unixtime":1489538051640,"created_time":"Wed Mar 15 00:34:11 +0000 2017","lang":"en","displayname":"njanemanio","time_zone":"Pacific Time (US & Canada)","msg":"Jaocabrera1 happy birthday anne curtis 🎂🎁🎈🎉🎊😘"}
{"tweet_id":841809718414725120,"created_unixtime":1489538051595,"created_time":"Wed Mar 15 00:34:11 +0000 2017","lang":"en","displayname":"courtney_hakes","time_zone":"","msg":"RT tiiariichards0n i am so happy with my life right now and all the support and happiness that surrounds me"}
{"tweet_id":841809718905516032,"created_unixtime":1489538051712,"created_time":"Wed Mar 15 00:34:11 +0000 2017","lang":"en","displayname":"StahtusOG","time_zone":"","msg":"Retweeted eXcellence eXGamingLLCHappy Tuesday eXArmy"}
{"tweet_id":841809718259662854,"created_unixtime":1489538051558,"created_time":"Wed Mar 15 00:34:11 +0000 2017","lang":"en","displayname":"caaitlinreilly","time_zone":"Atlantic Time (Canada)","msg":"devyn_rush happy birthday bitch💕"}
{"tweet_id":841809719031283712,"created_unixtime":1489538051742,"created_time":"Wed Mar 15 00:34:11 +0000 2017","lang":"en","displayname":"gonzo462606","time_zone":"","msg":"RT SouthPark Professor Chaos bringer of destruction and doomand pie Happy Pi Day PiDay https//tco/N1odqnjueT"}
{"tweet_id":841809718565842944,"created_unixtime":1489538051631,"created_time":"Wed Mar 15 00:34:11 +0000 2017","lang":"en","displayname":"sneakindolan","time_zone":"Pacific Time (US & Canada)","msg":"RT dolanlindemann or watch ethans voice crack in the youre not alone video https//tco/rEOfl3REPd"}
{"tweet_id":841809719304065025,"created_unixtime":1489538051807,"created_time":"Wed Mar 15 00:34:11 +0000 2017","lang":"en","displayname":"AvosfromMexico","time_zone":"Pacific Time (US & Canada)","msg":"CrucesViking There should be more people as happy as you Share your AvoHappiness https//tco/8px885pATe"}
{"tweet_id":841809719232724993,"created_unixtime":1489538051790,"created_time":"Wed Mar 15 00:34:11 +0000 2017","lang":"en","displayname":"SusanPineda2","time_zone":"","msg":"Thanks love 😘 I miss you too Dont forget about is Pinedas https//tco/cOyVgWkhz8"}
{"tweet_id":841809719618609152,"created_unixtime":1489538051882,"created_time":"Wed Mar 15 00:34:11 +0000 2017","lang":"en","displayname":"DAVEforHERSELF","time_zone":"Eastern Time (US & Canada)","msg":"KenyaLaShawn Happy Birthday Kenya 🎂🎂🎂🎉🎉🎉🎉💞💞💞💞"}
{"tweet_id":841809719652188160,"created_unixtime":1489538051890,"created_time":"Wed Mar 15 00:34:11 +0000 2017","lang":"en","displayname":"wyrmforge","time_zone":"Pacific Time (US & Canada)","msg":"mom and sis have world war 3 over where sis spends her time happy birthday to me i guess"}
{"tweet_id":841809719262117888,"created_unixtime":1489538051797,"created_time":"Wed Mar 15 00:34:11 +0000 2017","lang":"en","displayname":"shaynen_mooney","time_zone":"","msg":"RT SoReIatable I hate that I cry out of frustration 95  of the time its not even cause Im sad its that Im so angry I cant control…"}
{"tweet_id":841809720222482432,"created_unixtime":1489538052026,"created_time":"Wed Mar 15 00:34:12 +0000 2017","lang":"en","displayname":"3mmalyhub","time_zone":"","msg":"RT BryanFuller HAPPY PIE DAY PUSHINGDAISIES https//tco/UNWtPC2kWT"}
{"tweet_id":841809720344219649,"created_unixtime":1489538052055,"created_time":"Wed Mar 15 00:34:12 +0000 2017","lang":"en","displayname":"abbeyevans_","time_zone":"Eastern Time (US & Canada)","msg":"are you happy now"}
{"tweet_id":841809720298029056,"created_unixtime":1489538052044,"created_time":"Wed Mar 15 00:34:12 +0000 2017","lang":"ja","displayname":"takanasiNo28","time_zone":"","msg":"RT gatchan0313 海未ちゃんHappy Birthday✨✨3月15日は園田海未の誕生日 3月15日までに315RT目指す 園田海未生誕祭2017 RTした人全員フォローする https//tco/wFuLkyohqf"}
{"tweet_id":841809720511983616,"created_unixtime":1489538052095,"created_time":"Wed Mar 15 00:34:12 +0000 2017","lang":"en","displayname":"QvxxnLynn","time_zone":"","msg":"RT richthekid Focus on what makes you happy"}
{"tweet_id":841809717517262848,"created_unixtime":1489538051381,"created_time":"Wed Mar 15 00:34:11 +0000 2017","lang":"en","displayname":"sammykleedtke99","time_zone":"Eastern Time (US & Canada)","msg":"happy birthday to one of the smartest people I know 😜 thanks for never getting annoyed with me 💗💗 much love… https//tco/NB6O1QWsDr"}
{"tweet_id":841809720830787584,"created_unixtime":1489538052171,"created_time":"Wed Mar 15 00:34:12 +0000 2017","lang":"en","displayname":"PopZart","time_zone":"Alaska","msg":"JustineCardone happy birthday gorgeous😜"}
{"tweet_id":841809721019441153,"created_unixtime":1489538052216,"created_time":"Wed Mar 15 00:34:12 +0000 2017","lang":"en","displayname":"marrskin","time_zone":"Pacific Time (US & Canada)","msg":"kstal21 oh Birthday Crossfitif it makes you happy go for it"}
{"tweet_id":841809721136836608,"created_unixtime":1489538052244,"created_time":"Wed Mar 15 00:34:12 +0000 2017","lang":"en","displayname":"LieDetectorID","time_zone":"Jakarta","msg":"RT usedgov Happy birthday to Albert Einstein He was actually born in 1879 although 1592 would have been more mathematically… "}
{"tweet_id":841809721099087872,"created_unixtime":1489538052235,"created_time":"Wed Mar 15 00:34:12 +0000 2017","lang":"en","displayname":"jaysonpvp123","time_zone":"","msg":"RT ZapIsGod HAPPY BIRTHDAY legit_spiritGIVEAWAY Logitech G502 mouse  To enter RT  follow me legit_spirit and… "}
{"tweet_id":841809721103400961,"created_unixtime":1489538052236,"created_time":"Wed Mar 15 00:34:12 +0000 2017","lang":"en","displayname":"BazeeyRanglin","time_zone":"Atlantic Time (Canada)","msg":"RT D_Deji28 Do you guys know why he was killed A girl lied that he raped her and her brother shot him dead https//tco/IWDVDZp3rz"}
{"tweet_id":841809721812221952,"created_unixtime":1489538052405,"created_time":"Wed Mar 15 00:34:12 +0000 2017","lang":"en","displayname":"NicoleSigurdson","time_zone":"","msg":"MadisonWenzler I like how I say that and then go and buy one 😂 Chad and curt will not be happy"}
{"tweet_id":841809719987699712,"created_unixtime":1489538051970,"created_time":"Wed Mar 15 00:34:11 +0000 2017","lang":"pt","displayname":"baacon_and_eggs","time_zone":"Pacific Time (US & Canada)","msg":"happy birthday to you 💖adorote tanto  és das melhores pessoas que tenho comigo nunca mudes 18 anos já és adul… https//tco/gCTWgD8uAm"}
{"tweet_id":841809721883525120,"created_unixtime":1489538052422,"created_time":"Wed Mar 15 00:34:12 +0000 2017","lang":"en","displayname":"CageArthurs","time_zone":"","msg":"I dont know if I should be happy that I can do it or sad that its only just good enough for something this simple in style"}
{"tweet_id":841809719882858496,"created_unixtime":1489538051945,"created_time":"Wed Mar 15 00:34:11 +0000 2017","lang":"en","displayname":"WesterveltMadi","time_zone":"","msg":"happy birthday aidyyyyn hope you get all the mandarin oranges in the worldlt3 cant wait to drive in your mustang a… https//tco/Ur8OC4URku"}
{"tweet_id":841809721959038976,"created_unixtime":1489538052440,"created_time":"Wed Mar 15 00:34:12 +0000 2017","lang":"en","displayname":"Valena_xo","time_zone":"","msg":"RT AIanHangover I just wanna make you happy because I care and love you"}
{"tweet_id":841809721430560773,"created_unixtime":1489538052314,"created_time":"Wed Mar 15 00:34:12 +0000 2017","lang":"en","displayname":"Steve0916590928","time_zone":"","msg":"AshleyJudd Ashley Ashley I love your acting but you are losing your mind girl Get away from politics be happy Gods got this"}
{"tweet_id":841809722525274113,"created_unixtime":1489538052575,"created_time":"Wed Mar 15 00:34:12 +0000 2017","lang":"en","displayname":"Mimiiiiiii123","time_zone":"","msg":"RT _hxnter__ Happy Birthday cousin❤ Mimiiiiiii123"}
{"tweet_id":841809722542063616,"created_unixtime":1489538052579,"created_time":"Wed Mar 15 00:34:12 +0000 2017","lang":"en","displayname":"27_noway","time_zone":"","msg":"RT 5HVotingStats Scared Of Happy FifthHarmony YouKnowYouLoveThem radiodisney"}
{"tweet_id":841809722382655488,"created_unixtime":1489538052541,"created_time":"Wed Mar 15 00:34:12 +0000 2017","lang":"en","displayname":"MarcoBonelli93","time_zone":"Rome","msg":"RT Kyle_MacLachlan Happy NationalPieDay https//tco/YIpXYBDATp"}
{"tweet_id":841809722747572224,"created_unixtime":1489538052628,"created_time":"Wed Mar 15 00:34:12 +0000 2017","lang":"en","displayname":"chloe_mixon","time_zone":"Mountain Time (US & Canada)","msg":"RT wareisallyson chloe_mixon happy children make me happy💖 you must be the best mom 😘"}
{"tweet_id":841809722877530112,"created_unixtime":1489538052659,"created_time":"Wed Mar 15 00:34:12 +0000 2017","lang":"en","displayname":"goodbuysalltime","time_zone":"Central Time (US & Canada)","msg":"RT FunMoneyMom Happy Pi Day Have you made your EdwardsPieceOffering Join the Twitter party from 89pm for Pie Day fun gt… "}
{"tweet_id":841809722525245440,"created_unixtime":1489538052575,"created_time":"Wed Mar 15 00:34:12 +0000 2017","lang":"en","displayname":"_brugh21","time_zone":"Atlantic Time (Canada)","msg":"Imma need everyone to stop tweeting sad shit about old people please and thank you https//tco/i8Sgf9iKXB"}
{"tweet_id":841809722365890561,"created_unixtime":1489538052537,"created_time":"Wed Mar 15 00:34:12 +0000 2017","lang":"en","displayname":"madss_00","time_zone":"","msg":"RT janaealexis_ oh look its me being a sad potato https//tco/ejDXkTncWo"}
{"tweet_id":841809722885996544,"created_unixtime":1489538052661,"created_time":"Wed Mar 15 00:34:12 +0000 2017","lang":"en","displayname":"JOEAmazing_","time_zone":"Eastern Time (US & Canada)","msg":"RT _lilsunnyyy Talk to god more aint nothing wrong with you dont know what youre sad for you got clothes on your back and… "}
{"tweet_id":841809723166978049,"created_unixtime":1489538052728,"created_time":"Wed Mar 15 00:34:12 +0000 2017","lang":"en","displayname":"nikkylemonade","time_zone":"Eastern Time (US & Canada)","msg":"happy by myself "}
{"tweet_id":841809722831470593,"created_unixtime":1489538052648,"created_time":"Wed Mar 15 00:34:12 +0000 2017","lang":"en","displayname":"Tredderzz","time_zone":"","msg":"RT Stormzy1 Do what makes you happy mate"}
{"tweet_id":841809723561193473,"created_unixtime":1489538052822,"created_time":"Wed Mar 15 00:34:12 +0000 2017","lang":"tl","displayname":"BangbangMarie","time_zone":"","msg":"mura sad kag lami pweee"}
{"tweet_id":841809723489841152,"created_unixtime":1489538052805,"created_time":"Wed Mar 15 00:34:12 +0000 2017","lang":"ja","displayname":"Hs913Ne","time_zone":"","msg":"RT otonokizaka0308 Happy Birthday dear 海未ちゃん！！！誕生日おめでとおおおおおおお！！！！！！園田海未生誕祭 園田海未生誕祭2017 3月15日は園田海未の誕生日 ラブアローシュート 海未ちゃん… "}
{"tweet_id":841809722839822336,"created_unixtime":1489538052650,"created_time":"Wed Mar 15 00:34:12 +0000 2017","lang":"en","displayname":"BrookeMartinez7","time_zone":"","msg":"Hayy find new girl and be happy  https//tco/aryTStZ7CY https//tco/UKZfBBHslQ"}
{"tweet_id":841809723875856384,"created_unixtime":1489538052897,"created_time":"Wed Mar 15 00:34:12 +0000 2017","lang":"en","displayname":"JayaVel8056059","time_zone":"","msg":"RT ramblingsloa “I do not exist to impress the worldI exist to live my life in a way that will make me happy ”― Richard Bach"}
{"tweet_id":841809723557068800,"created_unixtime":1489538052821,"created_time":"Wed Mar 15 00:34:12 +0000 2017","lang":"en","displayname":"KawaiiKaylah","time_zone":"Eastern Time (US & Canada)","msg":"Happy bi day I mean pi Yeah pi "}
{"tweet_id":841809721870942209,"created_unixtime":1489538052419,"created_time":"Wed Mar 15 00:34:12 +0000 2017","lang":"en","displayname":"_pkilla","time_zone":"","msg":"Out of the hospital and happy😇 thanks for yall prayers🙏🏾 hes feeling better https//tco/yzFlVpDItQ"}
{"tweet_id":841809724605644800,"created_unixtime":1489538053071,"created_time":"Wed Mar 15 00:34:13 +0000 2017","lang":"en","displayname":"MissGayle55","time_zone":"Eastern Time (US & Canada)","msg":"RT RoseAnnDeMoro Happy Pi Day PiDay resist https//tco/WtRwHPsSL2"}
{"tweet_id":841809724618244096,"created_unixtime":1489538053074,"created_time":"Wed Mar 15 00:34:13 +0000 2017","lang":"en","displayname":"alexa_lovedolan","time_zone":"","msg":"I just finished watching the notebook Im in tears a little 😭💙 EthanDolan GraysonDolan its too sad ❤️"}
{"tweet_id":841809724911824897,"created_unixtime":1489538053144,"created_time":"Wed Mar 15 00:34:13 +0000 2017","lang":"en","displayname":"Lvdy_vs","time_zone":"Atlantic Time (Canada)","msg":"But Im happy where I am rn"}
{"tweet_id":841809725188657152,"created_unixtime":1489538053210,"created_time":"Wed Mar 15 00:34:13 +0000 2017","lang":"en","displayname":"strong151","time_zone":"","msg":"astinos2323 nytimesworld At 98 hes happy to hear a knock at the door It lets him know that hes  still among the living"}
{"tweet_id":841809725301903360,"created_unixtime":1489538053237,"created_time":"Wed Mar 15 00:34:13 +0000 2017","lang":"en","displayname":"DaBestTrash","time_zone":"Eastern Time (US & Canada)","msg":"RT GhetoSpongebob Happy pi day https//tco/zvdO3iIdVk"}
{"tweet_id":841809725356408833,"created_unixtime":1489538053250,"created_time":"Wed Mar 15 00:34:13 +0000 2017","lang":"en","displayname":"princesshaz28","time_zone":"Pacific Time (US & Canada)","msg":"RT namjoonsunrise NAMJOON LOOKS SO HAPPY AND HE IS ENJOYING LIFE https//tco/b3T9ysWTFs"}
{"tweet_id":841809725998133248,"created_unixtime":1489538053403,"created_time":"Wed Mar 15 00:34:13 +0000 2017","lang":"en","displayname":"SholtsNolts","time_zone":"","msg":"skinhub  u make me sad"}
{"tweet_id":841809725926854656,"created_unixtime":1489538053386,"created_time":"Wed Mar 15 00:34:13 +0000 2017","lang":"en","displayname":"km0ney35","time_zone":"Central Time (US & Canada)","msg":"RT thelipstickgawd Yall really be mad amp upset with people just because they have good parents who help them out well after theyre out o…"}
{"tweet_id":841809727961063429,"created_unixtime":1489538053871,"created_time":"Wed Mar 15 00:34:13 +0000 2017","lang":"en","displayname":"badforzarry","time_zone":"Eastern Time (US & Canada)","msg":"if youre sad just remember i got uglier as time went on rather than better looking"}
{"tweet_id":841809728263098369,"created_unixtime":1489538053943,"created_time":"Wed Mar 15 00:34:13 +0000 2017","lang":"en","displayname":"lrmorellana","time_zone":"","msg":"RT KimWeaverIA Thanks azmiaAKAmia We welcome all help at this time Please contact my volunteer coordinator samweaverforcongres… "}
{"tweet_id":841809728749559808,"created_unixtime":1489538054059,"created_time":"Wed Mar 15 00:34:14 +0000 2017","lang":"en","displayname":"Solomimirise","time_zone":"","msg":"RT loveonlycabello all producers ever used was camilas higher register when she was in the group im so fucking happy to hear her lower…"}
{"tweet_id":841809729403801600,"created_unixtime":1489538054215,"created_time":"Wed Mar 15 00:34:14 +0000 2017","lang":"en","displayname":"heyelise516","time_zone":"","msg":"RT SethariahK This makes me super happy https//tco/aewIZhjdoj"}
{"tweet_id":841809729500327937,"created_unixtime":1489538054238,"created_time":"Wed Mar 15 00:34:14 +0000 2017","lang":"en","displayname":"nickmccrory","time_zone":"Central Time (US & Canada)","msg":"Sad that my Gogland trial expired 😢 I was really enjoying coding in it GoglandIDE how long must I wait"}
{"tweet_id":841809729949073408,"created_unixtime":1489538054345,"created_time":"Wed Mar 15 00:34:14 +0000 2017","lang":"en","displayname":"HmoRicardo","time_zone":"Pacific Time (US & Canada)","msg":"RT FreddyAmazin Someone When was the last time u were truly happyMe https//tco/0lG917uPtK"}
{"tweet_id":841809728024002560,"created_unixtime":1489538053886,"created_time":"Wed Mar 15 00:34:13 +0000 2017","lang":"en","displayname":"unIDedTypingObj","time_zone":"Eastern Time (US & Canada)","msg":"RT AnimaniacsQuote Happy PiDay https//tco/24GE5aPsbq"}
{"tweet_id":841809725696180225,"created_unixtime":1489538053331,"created_time":"Wed Mar 15 00:34:13 +0000 2017","lang":"en","displayname":"mphathi4","time_zone":"","msg":"Hı   happy  birthday  to  you  Sikhotha"}
{"tweet_id":841809726866305025,"created_unixtime":1489538053610,"created_time":"Wed Mar 15 00:34:13 +0000 2017","lang":"en","displayname":"imBaymax8","time_zone":"","msg":"RT Friendstagram Pretending to be happy is never easy"}
{"tweet_id":841809726182707201,"created_unixtime":1489538053447,"created_time":"Wed Mar 15 00:34:13 +0000 2017","lang":"en","displayname":"AlceMagnus","time_zone":"","msg":"BiancaD90 HarryShumJr look at his face 😭 he is so happy after the kiss 💖💖💖 https//tco/CMVuGW3Cnr"}
{"tweet_id":841809726673420289,"created_unixtime":1489538053564,"created_time":"Wed Mar 15 00:34:13 +0000 2017","lang":"en","displayname":"icefox_zero","time_zone":"","msg":"Happy pi day https//tco/G1Vg7Q9ehj"}
{"tweet_id":841809726660874240,"created_unixtime":1489538053561,"created_time":"Wed Mar 15 00:34:13 +0000 2017","lang":"en","displayname":"laurenkuhnxoxox","time_zone":"Pacific Time (US & Canada)","msg":"its sad to see a good person change"}
{"tweet_id":841809726971211776,"created_unixtime":1489538053635,"created_time":"Wed Mar 15 00:34:13 +0000 2017","lang":"en","displayname":"rawja_","time_zone":"Amsterdam","msg":"RT _awatifxk Go hard or go home inih 😌 https//tco/iMcaac6aqu"}
{"tweet_id":841809727789006848,"created_unixtime":1489538053830,"created_time":"Wed Mar 15 00:34:13 +0000 2017","lang":"en","displayname":"dannoj654","time_zone":"","msg":"RT Calvinn_Hobbes Happy 🍕 PiDay https//tco/UpLBGER3ZF"}
{"tweet_id":841809727596167168,"created_unixtime":1489538053784,"created_time":"Wed Mar 15 00:34:13 +0000 2017","lang":"en","displayname":"cookiekwonster","time_zone":"EST","msg":"RT BillNye Happy 314 Day peoples"}
{"tweet_id":841809727826862080,"created_unixtime":1489538053839,"created_time":"Wed Mar 15 00:34:13 +0000 2017","lang":"en","displayname":"MiddleNameWayne","time_zone":"Quito","msg":"Words cant express how happy this makes me https//tco/oAU4xdXYXc"}
{"tweet_id":841809728237932544,"created_unixtime":1489538053937,"created_time":"Wed Mar 15 00:34:13 +0000 2017","lang":"en","displayname":"erinoney388","time_zone":"Quito","msg":"Brooke_waltonn3 happy birthday pretty 💕🎈"}
{"tweet_id":841809728388849665,"created_unixtime":1489538053973,"created_time":"Wed Mar 15 00:34:13 +0000 2017","lang":"en","displayname":"chloepatlan","time_zone":"","msg":"RT _Lexstasyyyy HAPPY TUESDAY FOLKS https//tco/iJeaL1ZOGH"}
{"tweet_id":841809726610509828,"created_unixtime":1489538053549,"created_time":"Wed Mar 15 00:34:13 +0000 2017","lang":"en","displayname":"kschlichting54","time_zone":"","msg":"happy bday sydney hester miss u buddy and hope u are having a great day 🎉❤ https//tco/VHe1ngziJN"}
{"tweet_id":841809728929959936,"created_unixtime":1489538054102,"created_time":"Wed Mar 15 00:34:14 +0000 2017","lang":"en","displayname":"alayna284","time_zone":"Eastern Time (US & Canada)","msg":"thanks aj https//tco/DoW0hs63xE"}
{"tweet_id":841809725557751808,"created_unixtime":1489538053298,"created_time":"Wed Mar 15 00:34:13 +0000 2017","lang":"en","displayname":"Djermengandre","time_zone":"Eastern Time (US & Canada)","msg":"NSFW Happy MacroMarch  https//tco/Q66lDLdZbP"}
{"tweet_id":841809729672343552,"created_unixtime":1489538054279,"created_time":"Wed Mar 15 00:34:14 +0000 2017","lang":"en","displayname":"Lil_Cofflin","time_zone":"Paris","msg":"emikincer Happy bday cutie"}
{"tweet_id":841809729693216770,"created_unixtime":1489538054284,"created_time":"Wed Mar 15 00:34:14 +0000 2017","lang":"en","displayname":"GregTheBlackGuy","time_zone":"","msg":"RT _Lexstasyyyy HAPPY TUESDAY FOLKS https//tco/iJeaL1ZOGH"}
{"tweet_id":841809730192396288,"created_unixtime":1489538054403,"created_time":"Wed Mar 15 00:34:14 +0000 2017","lang":"en","displayname":"Katie_Grenadine","time_zone":"","msg":"All the sudden I feel so down who is sad right now  I hope you feel better"}
{"tweet_id":841809730490253314,"created_unixtime":1489538054474,"created_time":"Wed Mar 15 00:34:14 +0000 2017","lang":"en","displayname":"CoralieArtu","time_zone":"Pacific Time (US & Canada)","msg":"RT GreyAki Yes HappyampBeautiful New Week❤️juanjose_2008 AracelisTorre19 KristinaStellaM mmpurcell39 NiceBoyKimo ❤️ https//tco/e…"}
{"tweet_id":841809730658000899,"created_unixtime":1489538054514,"created_time":"Wed Mar 15 00:34:14 +0000 2017","lang":"en","displayname":"LydiaSueKing98","time_zone":"Central Time (US & Canada)","msg":"RT richthekid Focus on what makes you happy"}
{"tweet_id":841809730016292864,"created_unixtime":1489538054361,"created_time":"Wed Mar 15 00:34:14 +0000 2017","lang":"tl","displayname":"silentfreelance","time_zone":"","msg":"RT shewishU Sobrang happy mo na razalfaro 2 DJ na labs mo ohh mor1019chacha meets mainedcm JusticeforRaz… "}
{"tweet_id":841809731094175745,"created_unixtime":1489538054618,"created_time":"Wed Mar 15 00:34:14 +0000 2017","lang":"en","displayname":"AjspammerX","time_zone":"","msg":"RT Haruhichancom Steven is sad that the ORAS event ended Did you guys get your shiny Beldum Pokemonhttp//tco/Hm4eLuFSEI http//t…"}
{"tweet_id":841809730586714112,"created_unixtime":1489538054497,"created_time":"Wed Mar 15 00:34:14 +0000 2017","lang":"en","displayname":"DuhLilBihh","time_zone":"Central Time (US & Canada)","msg":"kashdoll  look so freaking pretty 😍😍💪🏾 Happy Birthday Bitch 😘"}
{"tweet_id":841809731215847424,"created_unixtime":1489538054647,"created_time":"Wed Mar 15 00:34:14 +0000 2017","lang":"en","displayname":"Nicollino_Viihs","time_zone":"Mid-Atlantic","msg":"RT lmjsvocals THE BRIDGE IN SCARED OF HAPPY https//tco/icUNr2FOjX"}
{"tweet_id":841809731073261568,"created_unixtime":1489538054613,"created_time":"Wed Mar 15 00:34:14 +0000 2017","lang":"en","displayname":"alongenecker","time_zone":"Central Time (US & Canada)","msg":"RT donttrythis Happy PiDay I am celebrating at the most perfect place the ThinkeryATX in Austin sxsw https//tco/ovm2ljXW0d"}
{"tweet_id":841809731404488705,"created_unixtime":1489538054692,"created_time":"Wed Mar 15 00:34:14 +0000 2017","lang":"en","displayname":"thecometgaming","time_zone":"Pacific Time (US & Canada)","msg":"ManyATrueNerds comment section is a beautiful place sheds a happy tear"}
{"tweet_id":841809731660451840,"created_unixtime":1489538054753,"created_time":"Wed Mar 15 00:34:14 +0000 2017","lang":"en","displayname":"lovinitdolans","time_zone":"Atlantic Time (Canada)","msg":"the only talent i have is putting filters on pics how sad"}
{"tweet_id":841809729299058688,"created_unixtime":1489538054190,"created_time":"Wed Mar 15 00:34:14 +0000 2017","lang":"en","displayname":"UndeadWalkingFS","time_zone":"","msg":"ChrisHarrelson You know who is really the best with grammar TheSethGilliam It makes me so happy to read his FB posts"}
{"tweet_id":841809731111010304,"created_unixtime":1489538054622,"created_time":"Wed Mar 15 00:34:14 +0000 2017","lang":"en","displayname":"_yvngthundercat","time_zone":"","msg":"RT ohteenquotes Spend life with who makes you happy not with who you have to impress"}
{"tweet_id":841809731719163905,"created_unixtime":1489538054767,"created_time":"Wed Mar 15 00:34:14 +0000 2017","lang":"es","displayname":"KaroVeronica","time_zone":"Caracas","msg":"Ojala y mis ojos fueran así sad😢 https//tco/O7HiR4kySx"}
{"tweet_id":841809731723354112,"created_unixtime":1489538054768,"created_time":"Wed Mar 15 00:34:14 +0000 2017","lang":"en","displayname":"ActualFlatticus","time_zone":"Eastern Time (US & Canada)","msg":"Its my sad duty to announce that there is no line item for bribes from Russian oligarchs on a 1040 form https//tco/plQcI1sFWL"}
{"tweet_id":841809732159512577,"created_unixtime":1489538054872,"created_time":"Wed Mar 15 00:34:14 +0000 2017","lang":"en","displayname":"xx_aliahh","time_zone":"","msg":"RT Frankdaddy828 Im in love with my best friend God knows how happy Iam right now 🙀🙏💚"}
{"tweet_id":841809732549636096,"created_unixtime":1489538054965,"created_time":"Wed Mar 15 00:34:14 +0000 2017","lang":"en","displayname":"VellyVelle23","time_zone":"Pacific Time (US & Canada)","msg":"RT D_Deji28 Do you guys know why he was killed A girl lied that he raped her and her brother shot him dead https//tco/IWDVDZp3rz"}
{"tweet_id":841809733363351553,"created_unixtime":1489538055159,"created_time":"Wed Mar 15 00:34:15 +0000 2017","lang":"en","displayname":"FHSKnightsCheer","time_zone":"Eastern Time (US & Canada)","msg":"Happy Birthday Miranda"}
{"tweet_id":841809733472423936,"created_unixtime":1489538055185,"created_time":"Wed Mar 15 00:34:15 +0000 2017","lang":"en","displayname":"Amanda3cb","time_zone":"Eastern Time (US & Canada)","msg":"RT Snoopy Happy 🍕 PiDay https//tco/xFVcpzje96"}
{"tweet_id":841809733585575936,"created_unixtime":1489538055212,"created_time":"Wed Mar 15 00:34:15 +0000 2017","lang":"en","displayname":"hasunoutena","time_zone":"Tokyo","msg":"RT CUTEST_ANlMALS this makes me so happy  https//tco/4ebwUxo9Hg"}
{"tweet_id":841809733442924545,"created_unixtime":1489538055178,"created_time":"Wed Mar 15 00:34:15 +0000 2017","lang":"en","displayname":"jflysocal","time_zone":"Pacific Time (US & Canada)","msg":"sad trombone https//tco/HROBgVpLLa"}
{"tweet_id":841809734051086336,"created_unixtime":1489538055323,"created_time":"Wed Mar 15 00:34:15 +0000 2017","lang":"ja","displayname":"GideGumi","time_zone":"","msg":"RT skritkhr_1224 園田海未生誕祭2017 3月15日は園田海未の誕生日 海未ちゃんHappy Birthday💐💙しっかりしてるけど、意外と天然？なところもある我らが大和撫子⋯そんな海未ちゃんが大好きです！！ https//tco/UjDC…"}
{"tweet_id":841809734625705984,"created_unixtime":1489538055460,"created_time":"Wed Mar 15 00:34:15 +0000 2017","lang":"en","displayname":"Teahzies","time_zone":"Pacific Time (US & Canada)","msg":"RT yourdailyhugots We all deserve to be happy"}
{"tweet_id":841809734722306049,"created_unixtime":1489538055483,"created_time":"Wed Mar 15 00:34:15 +0000 2017","lang":"en","displayname":"Oxco","time_zone":"Quito","msg":"RT KazeSkyz This stunt by Rachel Maddow is just a sad attempt to beat TuckerCarlson in the ratings  Im not falling for her clickbait…"}
{"tweet_id":841809734311247872,"created_unixtime":1489538055385,"created_time":"Wed Mar 15 00:34:15 +0000 2017","lang":"en","displayname":"Dee_boyd10","time_zone":"","msg":"Im so happy i feel better"}
{"tweet_id":841809735963803648,"created_unixtime":1489538055779,"created_time":"Wed Mar 15 00:34:15 +0000 2017","lang":"en","displayname":"Madz_dicap","time_zone":"","msg":"RT Clemson_Senior happy nationalnappingday 😴 dont sleep on the fact that just 9 weeks ago Clemson won the national championship https…"}
{"tweet_id":841809735896731648,"created_unixtime":1489538055763,"created_time":"Wed Mar 15 00:34:15 +0000 2017","lang":"und","displayname":"saavxo","time_zone":"Eastern Time (US & Canada)","msg":"💯 https//tco/7nfRbGdR5G"}
{"tweet_id":841809736685236225,"created_unixtime":1489538055951,"created_time":"Wed Mar 15 00:34:15 +0000 2017","lang":"en","displayname":"artchic6","time_zone":"","msg":"Mike_P_Williams  sad but ultimately true Go figure"}
{"tweet_id":841809736873914368,"created_unixtime":1489538055996,"created_time":"Wed Mar 15 00:34:15 +0000 2017","lang":"en","displayname":"dolansyeah","time_zone":"","msg":"BC HE WASNT ALLOWED TO THINK OF ETHAN curls SO HE CHOSE REGULAR IM SAD https//tco/eRLHXL7Exg"}
{"tweet_id":841809737100455936,"created_unixtime":1489538056050,"created_time":"Wed Mar 15 00:34:16 +0000 2017","lang":"en","displayname":"ayylor","time_zone":"","msg":"RT gaybtw_ why am I always sad"}
{"tweet_id":841809737301684226,"created_unixtime":1489538056098,"created_time":"Wed Mar 15 00:34:16 +0000 2017","lang":"en","displayname":"K_Bustos23","time_zone":"","msg":"RT richthekid Focus on what makes you happy"}
{"tweet_id":841809737394069505,"created_unixtime":1489538056120,"created_time":"Wed Mar 15 00:34:16 +0000 2017","lang":"en","displayname":"baezayncute","time_zone":"Paris","msg":"RT Harry_Styles courtneyxshort happy birthday Hope you have a lovely one x"}
{"tweet_id":841809735691177985,"created_unixtime":1489538055714,"created_time":"Wed Mar 15 00:34:15 +0000 2017","lang":"en","displayname":"AquilMizan","time_zone":"Eastern Time (US & Canada)","msg":"Happy 84th Birth Anniversary to composer/producer/trumpeter QuincyJones jazz flugelhorn trumpet cornet… https//tco/2Sf6I53Kjn"}
{"tweet_id":841809737473744897,"created_unixtime":1489538056139,"created_time":"Wed Mar 15 00:34:16 +0000 2017","lang":"en","displayname":"MarkDedaJr","time_zone":"","msg":"RT UnusualFactPage Remember the five simple rules to be happyFree your heart from hatredFree your mind from worriesLive simplyGi…"}
{"tweet_id":841809737566048256,"created_unixtime":1489538056161,"created_time":"Wed Mar 15 00:34:16 +0000 2017","lang":"en","displayname":"XxBrittniexX","time_zone":"Central Time (US & Canada)","msg":"Wendys got rid of the spicy chicken nuggets This made me really sad because they were SOOOOO GOOD Can you please bring them back"}
{"tweet_id":841809738518138881,"created_unixtime":1489538056388,"created_time":"Wed Mar 15 00:34:16 +0000 2017","lang":"en","displayname":"07bettyboop","time_zone":"","msg":"I BELIEVE THAT HAPPY GIRLS ARE THE PRETTIEST GIRLS Audrey HepburnMBMayWard"}
{"tweet_id":841809737725403136,"created_unixtime":1489538056199,"created_time":"Wed Mar 15 00:34:16 +0000 2017","lang":"en","displayname":"alexfarhatxx","time_zone":"Atlantic Time (Canada)","msg":"RT br00klynnh alexfarhatxx happy birthday miss u sm ☹️❤️🎉 https//tco/jZJbS8DKfK"}
{"tweet_id":841809738522341376,"created_unixtime":1489538056389,"created_time":"Wed Mar 15 00:34:16 +0000 2017","lang":"en","displayname":"robertoariasr","time_zone":"Central Time (US & Canada)","msg":"RT FBIMostWanted Happy 67th Birthday to the FBI Ten Most Wanted Fugitives List created on March 14 1950 https//tco/aaf7lqVtLn"}
{"tweet_id":841809738836897792,"created_unixtime":1489538056464,"created_time":"Wed Mar 15 00:34:16 +0000 2017","lang":"en","displayname":"Em_Wood_","time_zone":"Midway Island","msg":"katghostie happy birthday "}
{"tweet_id":841809736806858752,"created_unixtime":1489538055980,"created_time":"Wed Mar 15 00:34:15 +0000 2017","lang":"en","displayname":"happydalek","time_zone":"Eastern Time (US & Canada)","msg":"To one and all a very happy pi day PiDay https//tco/anuPkRv120"}
{"tweet_id":841809739583385601,"created_unixtime":1489538056642,"created_time":"Wed Mar 15 00:34:16 +0000 2017","lang":"en","displayname":"gabriel_rojasss","time_zone":"","msg":"RT GGMSTL Lifes too short to tolerate shit that doesnt make you happy"}
{"tweet_id":841809740376227844,"created_unixtime":1489538056831,"created_time":"Wed Mar 15 00:34:16 +0000 2017","lang":"en","displayname":"Wells_gon_Wild","time_zone":"","msg":"HAPPY FREAKIN BIRTHDAY 🎉🎊😛🤘🏻 JordynAllyah"}
{"tweet_id":841809740300750849,"created_unixtime":1489538056813,"created_time":"Wed Mar 15 00:34:16 +0000 2017","lang":"en","displayname":"NotoriousChigga","time_zone":"Amsterdam","msg":"RT XXL Happy Birthday to tha BayBee itskamaiyah https//tco/DiPxb1hkEv https//tco/ASxxgs3VrD"}
{"tweet_id":841809740527243267,"created_unixtime":1489538056867,"created_time":"Wed Mar 15 00:34:16 +0000 2017","lang":"en","displayname":"josalg_","time_zone":"","msg":"Happy steak and blowjob day guys  march14"}
{"tweet_id":841809740606906368,"created_unixtime":1489538056886,"created_time":"Wed Mar 15 00:34:16 +0000 2017","lang":"en","displayname":"emmy_torices","time_zone":"","msg":"RT EmmaSlaterDance Happy 20th birthday sweet girl Im so happy we will be dancing along side each other this… https//tco/4kvEj8XPwI"}
{"tweet_id":841809740816515072,"created_unixtime":1489538056936,"created_time":"Wed Mar 15 00:34:16 +0000 2017","lang":"en","displayname":"caalam_jomel23","time_zone":"","msg":"RT BobOngQuotes Overthinking kills your ability to be happy"}
{"tweet_id":841809740959178752,"created_unixtime":1489538056970,"created_time":"Wed Mar 15 00:34:16 +0000 2017","lang":"ja","displayname":"asterMIKU","time_zone":"","msg":"RT cmwtp_bdbdwj 海未ちゃん！Happy birthday 💙μsのなかで1番好き！！これからも応援してます！園田海未生誕祭 園田海未生誕祭2017 3月15日は園田海未の誕生日 ラブライバーと繋がりたい 祝う人RT… "}
{"tweet_id":841809740976001025,"created_unixtime":1489538056974,"created_time":"Wed Mar 15 00:34:16 +0000 2017","lang":"en","displayname":"Calfano1520","time_zone":"","msg":"gwenstefani VoiceBlinds UR SO HAPPY"}
{"tweet_id":841809741101858816,"created_unixtime":1489538057004,"created_time":"Wed Mar 15 00:34:17 +0000 2017","lang":"en","displayname":"Makeup_Giddess","time_zone":"","msg":"RT comicbookspost Happy birthday to the Queen of Gotham Selina Kyle 🎉💎 https//tco/uLtj1UGy1I"}
{"tweet_id":841809741550620673,"created_unixtime":1489538057111,"created_time":"Wed Mar 15 00:34:17 +0000 2017","lang":"en","displayname":"mariagknerr","time_zone":"","msg":"RT EmmaSlaterDance Happy 20th birthday sweet girl Im so happy we will be dancing along side each other this… https//tco/4kvEj8XPwI"}
{"tweet_id":841809741676437504,"created_unixtime":1489538057141,"created_time":"Wed Mar 15 00:34:17 +0000 2017","lang":"en","displayname":"tessanewman_","time_zone":"Atlantic Time (Canada)","msg":"happy birthday ryan ☺️😜ryanbruss13"}
{"tweet_id":841809742347427840,"created_unixtime":1489538057301,"created_time":"Wed Mar 15 00:34:17 +0000 2017","lang":"en","displayname":"CarmelitacDelu1","time_zone":"","msg":"RT TropALDUBDFNDR Happy Tweeting😊 ALDUBxDTBYTugOfHearts AlDubBigGirlz AlDubBigBoyz ALDUBHashtagSQ  TropALDUB  yodabuda… "}
{"tweet_id":841809742095765505,"created_unixtime":1489538057241,"created_time":"Wed Mar 15 00:34:17 +0000 2017","lang":"en","displayname":"KennedyLang__","time_zone":"","msg":"RT princcesskae Yessss keee 👏🏾👏🏾👏🏾👏🏾👏🏾 https//tco/S4U3z87kax"}
{"tweet_id":841809742007795717,"created_unixtime":1489538057220,"created_time":"Wed Mar 15 00:34:17 +0000 2017","lang":"es","displayname":"a9051611_","time_zone":"Pacific Time (US & Canada)","msg":"adrisn te prohibo ponerte sad si escuchas a yonezu te pego y va a ser tu culpa"}
{"tweet_id":841809742032957440,"created_unixtime":1489538057226,"created_time":"Wed Mar 15 00:34:17 +0000 2017","lang":"en","displayname":"Bella_Jackson54","time_zone":"","msg":"RT CUTEST_ANlMALS this makes me so happy  https//tco/4ebwUxo9Hg"}
{"tweet_id":841809742456590341,"created_unixtime":1489538057327,"created_time":"Wed Mar 15 00:34:17 +0000 2017","lang":"en","displayname":"GottaGlo_4Eva","time_zone":"Eastern Time (US & Canada)","msg":"RT D_Deji28 Do you guys know why he was killed A girl lied that he raped her and her brother shot him dead https//tco/IWDVDZp3rz"}
{"tweet_id":841809742938824708,"created_unixtime":1489538057442,"created_time":"Wed Mar 15 00:34:17 +0000 2017","lang":"ja","displayname":"5_fum3","time_zone":"","msg":"RT scarlet95789614 Happy Birthday！lovelive ラブライブ園田海未園田海未生誕祭園田海未生誕祭20173月15日は園田海未の誕生日RTした人全員フォローするラブアローシュート！w https//tco/…"}
{"tweet_id":841809741940686848,"created_unixtime":1489538057204,"created_time":"Wed Mar 15 00:34:17 +0000 2017","lang":"en","displayname":"brownsierra94","time_zone":"","msg":"Happy Birthday Kenzie Im so glade I got to spend spring break with you kenzieb0314 https//tco/2AKZnMM7cM"}
{"tweet_id":841809743245119488,"created_unixtime":1489538057515,"created_time":"Wed Mar 15 00:34:17 +0000 2017","lang":"en","displayname":"ladydai__","time_zone":"","msg":"RT MsThanksgiving8 😊 happy Im not a insecure female"}
{"tweet_id":841809743610019840,"created_unixtime":1489538057602,"created_time":"Wed Mar 15 00:34:17 +0000 2017","lang":"en","displayname":"wtfguaxinim","time_zone":"Seoul","msg":"RT VinesGot7 Happy White Day 💗 https//tco/KU4o3Urzc2"}
{"tweet_id":841809743530336256,"created_unixtime":1489538057583,"created_time":"Wed Mar 15 00:34:17 +0000 2017","lang":"en","displayname":"LJStarSolace","time_zone":"","msg":"Happy Gilmore Was Right Positive Energy Does Relieve Stress  https//tco/Of5QqHdBod"}
{"tweet_id":841809743605862400,"created_unixtime":1489538057601,"created_time":"Wed Mar 15 00:34:17 +0000 2017","lang":"en","displayname":"AmarisMarsh","time_zone":"","msg":"Nick_Schenk5320 be happy kiddo"}
{"tweet_id":841809743547047936,"created_unixtime":1489538057587,"created_time":"Wed Mar 15 00:34:17 +0000 2017","lang":"en","displayname":"scarymom76","time_zone":"Arizona","msg":"RT matthaig1 Look Exciting news alert Benedict Cumberbatch is going to star in the adaptation of my new novel Am so happy https//t…"}
{"tweet_id":841809744310505473,"created_unixtime":1489538057769,"created_time":"Wed Mar 15 00:34:17 +0000 2017","lang":"en","displayname":"_taytayruss","time_zone":"","msg":"RT MyCousinVinny98 Happy Birthday Tayyylorrrrrrrrrr Ily❤ leedleleedleleedle https//tco/er0QM4DL2l"}
{"tweet_id":841809744725655552,"created_unixtime":1489538057868,"created_time":"Wed Mar 15 00:34:17 +0000 2017","lang":"en","displayname":"vaguemichael","time_zone":"Melbourne","msg":"I get to go on a holiday with my best friend to go see green day and that makes me so happy"}
{"tweet_id":841809744348164097,"created_unixtime":1489538057778,"created_time":"Wed Mar 15 00:34:17 +0000 2017","lang":"en","displayname":"beaufti","time_zone":"","msg":"RT BLACKPINK_PH [21st LISA Day Project]Hey BLINKs 170327 is our Lisas Birthday With everyones effort lets make our Lisa… "}
{"tweet_id":841809745035976706,"created_unixtime":1489538057942,"created_time":"Wed Mar 15 00:34:17 +0000 2017","lang":"en","displayname":"alishageee","time_zone":"Pacific Time (US & Canada)","msg":"Im gonna miss happy hour and its ALL RUBAS FAULT"}
{"tweet_id":841809744646033408,"created_unixtime":1489538057849,"created_time":"Wed Mar 15 00:34:17 +0000 2017","lang":"it","displayname":"sikjoons","time_zone":"","msg":"skjdjdjfjfjfjf https//tco/htkDtHx220"}
{"tweet_id":841809744834793476,"created_unixtime":1489538057894,"created_time":"Wed Mar 15 00:34:17 +0000 2017","lang":"en","displayname":"briaunnamh","time_zone":"","msg":"RT soIute sometimes the best way to be happy is to learn to let go of things you tried hard to hold on to that are no longer good for you"}
{"tweet_id":841809744134307840,"created_unixtime":1489538057727,"created_time":"Wed Mar 15 00:34:17 +0000 2017","lang":"en","displayname":"HeyYaAndyM","time_zone":"Central Time (US & Canada)","msg":"Happy birthday to my fav floppy youtuber colliscool thanks for all the laughs you are the best girl LOVE YA 🎉🎊🎈🎁❤️ https//tco/nh25q4j4wL"}
{"tweet_id":841809745098944512,"created_unixtime":1489538057957,"created_time":"Wed Mar 15 00:34:17 +0000 2017","lang":"en","displayname":"yahneFacee","time_zone":"Pacific Time (US & Canada)","msg":"jumped n on a convo abt toxic relationships amp girls start tlkin abt how they got abused like dam thas sad 😐"}
{"tweet_id":841809745212133376,"created_unixtime":1489538057984,"created_time":"Wed Mar 15 00:34:17 +0000 2017","lang":"en","displayname":"jadine_faney","time_zone":"Pacific Time (US & Canada)","msg":"Happy anniv guys LetOurPurpleHeartsShineAt3"}
{"tweet_id":841809745375715328,"created_unixtime":1489538058023,"created_time":"Wed Mar 15 00:34:18 +0000 2017","lang":"en","displayname":"Bowlen3","time_zone":"","msg":"If everyone is drunk we dont even have to win a bunch of games for them to be happy https//tco/P2zaETlAII"}
{"tweet_id":841809745698672640,"created_unixtime":1489538058100,"created_time":"Wed Mar 15 00:34:18 +0000 2017","lang":"en","displayname":"MegaZinta07","time_zone":"","msg":"RT realpreityzinta Happy Womens Day to all the lovely women out there 😘 Love amp light always 😍❤😍 womensday2017 safety strength http…"}
{"tweet_id":841809744121724928,"created_unixtime":1489538057724,"created_time":"Wed Mar 15 00:34:17 +0000 2017","lang":"en","displayname":"Galaxymagnolia","time_zone":"Mountain Time (US & Canada)","msg":"Are gone I am sad at the same time they are they were beautiful trees but one was already suffering and both were… https//tco/jKwGCHmY1q"}
{"tweet_id":841809745807867905,"created_unixtime":1489538058126,"created_time":"Wed Mar 15 00:34:18 +0000 2017","lang":"ja","displayname":"Hs913Ne","time_zone":"","msg":"RT meimei_anime_ 今日は1番推している海未ちゃんの誕生日！！Happy Birthday！！海未ちゃんは天使のようにかわいい！最高すぎます！3月15日は園田海未の誕生日 園田海未生誕祭2017ラブライバーはRT 海未ちゃん生誕祭… "}
{"tweet_id":841809745400979457,"created_unixtime":1489538058029,"created_time":"Wed Mar 15 00:34:18 +0000 2017","lang":"en","displayname":"AndresMadrazo11","time_zone":"","msg":"RT DoctorNBA Happy 29th Birthday StephenCurry30  https//tco/n6v5emfYFQ"}
{"tweet_id":841809746214699008,"created_unixtime":1489538058223,"created_time":"Wed Mar 15 00:34:18 +0000 2017","lang":"en","displayname":"maniemunster","time_zone":"","msg":"So long for the happy days"}
{"tweet_id":841809746713796608,"created_unixtime":1489538058342,"created_time":"Wed Mar 15 00:34:18 +0000 2017","lang":"en","displayname":"AlexVillazon","time_zone":"Arizona","msg":"Finally happy 😊"}
{"tweet_id":841809746608947200,"created_unixtime":1489538058317,"created_time":"Wed Mar 15 00:34:18 +0000 2017","lang":"en","displayname":"lurkingleahh","time_zone":"Pacific Time (US & Canada)","msg":"RT tbhbyron i just wanna travel the world and have fun and take pictures and explore and just be happy genuinely happy"}
{"tweet_id":841809746399248384,"created_unixtime":1489538058267,"created_time":"Wed Mar 15 00:34:18 +0000 2017","lang":"en","displayname":"seriesvives","time_zone":"","msg":"RT itsBroStinson This was so sad 😩 https//tco/8Ou1zbv0vX"}
{"tweet_id":841809746793496577,"created_unixtime":1489538058361,"created_time":"Wed Mar 15 00:34:18 +0000 2017","lang":"en","displayname":"paigemhunt","time_zone":"","msg":"happy birthday girl kirstenashley03 "}
{"tweet_id":841809746793443328,"created_unixtime":1489538058361,"created_time":"Wed Mar 15 00:34:18 +0000 2017","lang":"en","displayname":"muqriazizk","time_zone":"Kuala Lumpur","msg":"RT Caspar_Lee In a super happy mood "}
{"tweet_id":841809747162632195,"created_unixtime":1489538058449,"created_time":"Wed Mar 15 00:34:18 +0000 2017","lang":"en","displayname":"QuinDaBeatmaker","time_zone":"Pacific Time (US & Canada)","msg":"RT richthekid Focus on what makes you happy"}
{"tweet_id":841809745518465024,"created_unixtime":1489538058057,"created_time":"Wed Mar 15 00:34:18 +0000 2017","lang":"en","displayname":"MichaelPaluska","time_zone":"Eastern Time (US & Canada)","msg":"Its cold and windy MyClearwater beach  Tourists in town for Spring Break  not happy 🌴🌊💨⛄️abcactionnews https//tco/9TKT1N3zhA"}
{"tweet_id":841809746147594241,"created_unixtime":1489538058207,"created_time":"Wed Mar 15 00:34:18 +0000 2017","lang":"en","displayname":"MichaelJMcEvoy","time_zone":"London","msg":"HAPPY 84th BIRTHDAYOne of the most inspiring musical giants on the 🌎🎶 https//tco/9gr8AVfJke"}
{"tweet_id":841809747879825414,"created_unixtime":1489538058620,"created_time":"Wed Mar 15 00:34:18 +0000 2017","lang":"en","displayname":"BrianaAnaliese","time_zone":"","msg":"i think its sad how girls are now of days they have no boundaries or morals like boo u shouldnt do anything with him as soon as u meet"}
{"tweet_id":841809748752121857,"created_unixtime":1489538058828,"created_time":"Wed Mar 15 00:34:18 +0000 2017","lang":"en","displayname":"henlokai","time_zone":"","msg":"RT GhetoSpongebob Happy pi day https//tco/zvdO3iIdVk"}
{"tweet_id":841809748618014720,"created_unixtime":1489538058796,"created_time":"Wed Mar 15 00:34:18 +0000 2017","lang":"en","displayname":"jst_blu","time_zone":"Atlantic Time (Canada)","msg":"RT miraclesuggs if I tweet some sad shit  dont assume its about a nigga lol I bitch about everything 😂"}
{"tweet_id":841809748844519425,"created_unixtime":1489538058850,"created_time":"Wed Mar 15 00:34:18 +0000 2017","lang":"en","displayname":"falconcabcom","time_zone":"","msg":"Bar Louie  Eat Drink Be Happy  https//tco/mOP9H5AbBv"}
{"tweet_id":841809749482053632,"created_unixtime":1489538059002,"created_time":"Wed Mar 15 00:34:19 +0000 2017","lang":"en","displayname":"shansand65","time_zone":"","msg":"RT TheDoors Happy Friday Who’s hitting the town this weekend Tag whoever you want to help you set the night on fire… "}
{"tweet_id":841809749482053633,"created_unixtime":1489538059002,"created_time":"Wed Mar 15 00:34:19 +0000 2017","lang":"en","displayname":"moogie00","time_zone":"","msg":"RT TheTumblrPosts this just made me so sad 😭 https//tco/DtVltAKPez"}
{"tweet_id":841809750111191041,"created_unixtime":1489538059152,"created_time":"Wed Mar 15 00:34:19 +0000 2017","lang":"en","displayname":"TowerFMOfficial","time_zone":"Amsterdam","msg":"Happy Wednesday You know were officially half way towards the weekend now right Sam x LateShow"}
{"tweet_id":841809750392213505,"created_unixtime":1489538059219,"created_time":"Wed Mar 15 00:34:19 +0000 2017","lang":"en","displayname":"Joeegrinds","time_zone":"","msg":"RT Vulnerable its so sad and frustrating when you try your hardest but people still dont find it good enough"}
{"tweet_id":841809750308339712,"created_unixtime":1489538059199,"created_time":"Wed Mar 15 00:34:19 +0000 2017","lang":"en","displayname":"ChiBrasii_","time_zone":"Alaska","msg":"Someone else being happy cause I did it 💜 https//tco/Me1a0aUtKb"}
{"tweet_id":841809747208753155,"created_unixtime":1489538058460,"created_time":"Wed Mar 15 00:34:18 +0000 2017","lang":"en","displayname":"_nxbxhx_","time_zone":"Pacific Time (US & Canada)","msg":"RT achilders_ sad girl in a sad world"}
{"tweet_id":841809744675389440,"created_unixtime":1489538057856,"created_time":"Wed Mar 15 00:34:17 +0000 2017","lang":"en","displayname":"Eschlichting2","time_zone":"","msg":"Happy Birthday Lo I hope you had the best day ever love❤❤🎉🎉😌😌 laurenwinston_ https//tco/1prPahhbGc"}
{"tweet_id":841809748563443713,"created_unixtime":1489538058783,"created_time":"Wed Mar 15 00:34:18 +0000 2017","lang":"en","displayname":"Hono__Chika","time_zone":"Pacific Time (US & Canada)","msg":"RT Fighter_C3 Happy Birthday this year too Umichan ！！！園田海未生誕祭2017 ラブライブ LoveLive 園田海未生誕祭 3月15日は園田海未の誕生日 https//tco/k5dO7XV66f"}
{"tweet_id":841809748420919296,"created_unixtime":1489538058749,"created_time":"Wed Mar 15 00:34:18 +0000 2017","lang":"en","displayname":"NoWorries__","time_zone":"Central Time (US & Canada)","msg":"RT kestrelambrose “Get yourself a black spiritual feminist from Erykah Badu Twitter and be happy like Ace Hood” 🤸🏾‍♀️ https//tco/t9RwN…"}
{"tweet_id":841809748899049472,"created_unixtime":1489538058863,"created_time":"Wed Mar 15 00:34:18 +0000 2017","lang":"en","displayname":"CmdrNinja","time_zone":"London","msg":"Is this more of this SAD and disgusting FAKE NEWS https//tco/FFYQDQMumS"}
{"tweet_id":841809749184270338,"created_unixtime":1489538058931,"created_time":"Wed Mar 15 00:34:18 +0000 2017","lang":"en","displayname":"AreWeCinderella","time_zone":"","msg":"Im gonna tell my mom Im running away Shell literally be so happy "}
{"tweet_id":841809749486239744,"created_unixtime":1489538059003,"created_time":"Wed Mar 15 00:34:19 +0000 2017","lang":"en","displayname":"goldmaknaetrash","time_zone":"Pacific Time (US & Canada)","msg":"RT ultminygu 97 this makes me really happy for some reason https//tco/9VSEsC8tSu"}
{"tweet_id":841809749603672064,"created_unixtime":1489538059031,"created_time":"Wed Mar 15 00:34:19 +0000 2017","lang":"en","displayname":"madnessnut","time_zone":"Quito","msg":"RT hsr Happy PiDay HamOnt😀 https//tco/q104XLxq4Z"}
{"tweet_id":841809749666496513,"created_unixtime":1489538059046,"created_time":"Wed Mar 15 00:34:19 +0000 2017","lang":"en","displayname":"justin_daquioag","time_zone":"","msg":"RT kanyefeeI its sad to see a good person change"}
{"tweet_id":841809749972791296,"created_unixtime":1489538059119,"created_time":"Wed Mar 15 00:34:19 +0000 2017","lang":"ko","displayname":"Kaycherry21","time_zone":"Indiana (East)","msg":"RT offclASTRO Happy birthday to you~ 진진형 22번째 생일을진심으로 축하해요🎉🎉 착하고 장난도 잘받아주고 리더쉽있는ㅎㅎ진진형 귀염댕이 아스트로 잘부탁드려요생일선물 나 HappyJINJINDay https//…"}
{"tweet_id":841809750471909376,"created_unixtime":1489538059238,"created_time":"Wed Mar 15 00:34:19 +0000 2017","lang":"en","displayname":"nitajaay","time_zone":"Quito","msg":"A little too happy 😊 I need to be sick more often"}
{"tweet_id":841809750392229888,"created_unixtime":1489538059219,"created_time":"Wed Mar 15 00:34:19 +0000 2017","lang":"en","displayname":"rstuhlmann","time_zone":"","msg":"RT MetroBoomin Happy 314 Day huSTLer https//tco/yiAp1DkLuO"}
