{"tweet_id":841809401765867520,"created_unixtime":1489537976100,"created_time":"Wed Mar 15 00:32:56 +0000 2017","lang":"en","displayname":"MakoEspi","time_zone":"Pacific Time (US & Canada)","msg":"M8tom8pCC2LJKfK very sad that you are scammer"}
{"tweet_id":841809402814373888,"created_unixtime":1489537976350,"created_time":"Wed Mar 15 00:32:56 +0000 2017","lang":"en","displayname":"jessasomblingo1","time_zone":"","msg":"RT tytan_mata dont be sad Always smileHappy3rd YASNERsary"}
{"tweet_id":841809402671857665,"created_unixtime":1489537976316,"created_time":"Wed Mar 15 00:32:56 +0000 2017","lang":"en","displayname":"HammanShares","time_zone":"Eastern Time (US & Canada)","msg":"RT michael_venuto Our company was founded 5 years ago today  Happy Birthday Partners guilletrias tidalgrowth AvilaJuanCarlos… "}
{"tweet_id":841809403070181376,"created_unixtime":1489537976411,"created_time":"Wed Mar 15 00:32:56 +0000 2017","lang":"en","displayname":"mackaynosehill","time_zone":"","msg":"RT RachelNotley Having a slice for PiDay Happy 314159 https//tco/qa1ZU2Nac0"}
{"tweet_id":841809403183419392,"created_unixtime":1489537976438,"created_time":"Wed Mar 15 00:32:56 +0000 2017","lang":"en","displayname":"_iamrhina","time_zone":"Beijing","msg":"LetOurPurpleHeartsShineAt3Happy Anniversary JaDines 💜"}
{"tweet_id":841809403380682752,"created_unixtime":1489537976485,"created_time":"Wed Mar 15 00:32:56 +0000 2017","lang":"en","displayname":"Niggarican____","time_zone":"Central Time (US & Canada)","msg":"RT CoultNicholas HAPPY 314DAY SAINT LOUIS MO https//tco/Ogiyf1MJ01"}
{"tweet_id":841809403653287936,"created_unixtime":1489537976550,"created_time":"Wed Mar 15 00:32:56 +0000 2017","lang":"en","displayname":"RebeccaWethman","time_zone":"","msg":"RT JustinTrudeau Happy PiDay Our government is committed to supporting science amp innovation for a stronger Canada And pie for a tasti…"}
{"tweet_id":841809403049316357,"created_unixtime":1489537976406,"created_time":"Wed Mar 15 00:32:56 +0000 2017","lang":"en","displayname":"mcfoyt","time_zone":"","msg":"RT emmawood22 if i end up being half the person my mom is ill be more than happy"}
{"tweet_id":841809403925868546,"created_unixtime":1489537976615,"created_time":"Wed Mar 15 00:32:56 +0000 2017","lang":"en","displayname":"ManOfSteel888","time_zone":"Beijing","msg":"RT ALDUBNATIONNCR Prayer is powerful its amazing what it can do Always stay happy at all timesRT amp spread love worldwide🌻🌻🌻… "}
{"tweet_id":841809404559298560,"created_unixtime":1489537976766,"created_time":"Wed Mar 15 00:32:56 +0000 2017","lang":"en","displayname":"allybairdo","time_zone":"Hawaii","msg":"I dont have coworkers so I ordered fresh baked pastries for myself Because Im a greedy glutton Im also happy… https//tco/4f1afvFQhZ"}
{"tweet_id":841809405037445121,"created_unixtime":1489537976880,"created_time":"Wed Mar 15 00:32:56 +0000 2017","lang":"en","displayname":"wexrelights","time_zone":"","msg":"RT HopeFerrinson Be a happy girl like me 🌼 https//tco/Xm5mMYrGwP"}
{"tweet_id":841809405016436737,"created_unixtime":1489537976875,"created_time":"Wed Mar 15 00:32:56 +0000 2017","lang":"en","displayname":"cswizzler182","time_zone":"Central Time (US & Canada)","msg":"RT RobertKelleyJr This is a sad read not for the faint of heart😥 https//tco/G15MV78noj"}
{"tweet_id":841809404810932225,"created_unixtime":1489537976826,"created_time":"Wed Mar 15 00:32:56 +0000 2017","lang":"en","displayname":"maryletdatuin","time_zone":"Quito","msg":"RT SincerelyTumblr So annoying when ppl are like ur always laughin U laugh at everything Its not that funny like OK sorry Im a hap…"}
{"tweet_id":841809405481906176,"created_unixtime":1489537976986,"created_time":"Wed Mar 15 00:32:56 +0000 2017","lang":"en","displayname":"Viva_La_vuitton","time_zone":"Dublin","msg":"RT Stormzy1 Do what makes you happy mate"}
{"tweet_id":841809405255516160,"created_unixtime":1489537976932,"created_time":"Wed Mar 15 00:32:56 +0000 2017","lang":"en","displayname":"madiwhite11","time_zone":"","msg":"Aww love you so much Miss you tons 💓 https//tco/YZpzVszSkp"}
{"tweet_id":841809405674946561,"created_unixtime":1489537977032,"created_time":"Wed Mar 15 00:32:57 +0000 2017","lang":"en","displayname":"SamonteBanks","time_zone":"","msg":"I should feel happy but i feel like something bad is about to happenbut what will happen after we defeat isis https//tco/dSWtkeWmLy"}
{"tweet_id":841809405913907200,"created_unixtime":1489537977089,"created_time":"Wed Mar 15 00:32:57 +0000 2017","lang":"en","displayname":"JacksonsBolton1","time_zone":"","msg":"RT Indiegogo Celebrating piday at HQ today Happy 3/14 🍰 314159265359 https//tco/VerlYLhxbC"}
{"tweet_id":841809405779804161,"created_unixtime":1489537977057,"created_time":"Wed Mar 15 00:32:57 +0000 2017","lang":"en","displayname":"diococky","time_zone":"Alaska","msg":"RT ringelrei please I want them to be happy https//tco/mMMS2L9zbw"}
{"tweet_id":841809405884661760,"created_unixtime":1489537977082,"created_time":"Wed Mar 15 00:32:57 +0000 2017","lang":"en","displayname":"benitjonathan","time_zone":"","msg":"Happy birthday to a great brother VidalCameron hope it was good man"}
{"tweet_id":841809406454984704,"created_unixtime":1489537977218,"created_time":"Wed Mar 15 00:32:57 +0000 2017","lang":"en","displayname":"mayramirez_77","time_zone":"Pacific Time (US & Canada)","msg":"notlupitagudino Im sad lol"}
{"tweet_id":841809406014685185,"created_unixtime":1489537977113,"created_time":"Wed Mar 15 00:32:57 +0000 2017","lang":"en","displayname":"Sham_Godd","time_zone":"Quito","msg":"RT RoastMeDaily Bob Barker and Adam Sandler did a Happy Gilmore reunion skit and it was great https//tco/LCtdsSqoeZ"}
{"tweet_id":841809406371192832,"created_unixtime":1489537977198,"created_time":"Wed Mar 15 00:32:57 +0000 2017","lang":"en","displayname":"Bhe741","time_zone":"","msg":"RT Salvesayson Do more of what makes you happy ALDUBxDTBYTugOfHearts"}
{"tweet_id":841809406740316160,"created_unixtime":1489537977286,"created_time":"Wed Mar 15 00:32:57 +0000 2017","lang":"en","displayname":"3balwinderkaur3","time_zone":"","msg":"RT Insan8408 GurmeetramrahimSalute 2 Armed Force For Their Selfless Services 4 Nationamp A Very HAPPY HOLI MyLordMSGwishesToArmedForce…"}
{"tweet_id":841809406782144512,"created_unixtime":1489537977296,"created_time":"Wed Mar 15 00:32:57 +0000 2017","lang":"en","displayname":"anamika_thukral","time_zone":"","msg":"RT preet0987 Happy Holi to all n Thanks for ur wishes https//tco/gM3dgYIVoT"}
{"tweet_id":841809406832611334,"created_unixtime":1489537977308,"created_time":"Wed Mar 15 00:32:57 +0000 2017","lang":"en","displayname":"ASAP_Gabe","time_zone":"Atlantic Time (Canada)","msg":"RT kalebhorton Saying America is optimistic because CEOs are optimistic is like saying prisoners are happy because you heard the w… "}
{"tweet_id":841809407100907520,"created_unixtime":1489537977372,"created_time":"Wed Mar 15 00:32:57 +0000 2017","lang":"ja","displayname":"Em24Lv","time_zone":"","msg":"RT Re_non0 【311園田海未Birthday併せ】3/15Happy Birthday 海未ちゃん🎉🎂✨園田海未誕生祭0311園田海未生誕祭2017 https//tco/lFfd4wi81a"}
{"tweet_id":841809407361093632,"created_unixtime":1489537977434,"created_time":"Wed Mar 15 00:32:57 +0000 2017","lang":"en","displayname":"cinthiaestradaa","time_zone":"Pacific Time (US & Canada)","msg":"Nothing is more sad than the death of an illusion"}
{"tweet_id":841809407214264320,"created_unixtime":1489537977399,"created_time":"Wed Mar 15 00:32:57 +0000 2017","lang":"en","displayname":"RedheadWanderer","time_zone":"London","msg":"RT NetflixUK Make your own happy ending OUAT https//tco/rpg2pzepuB"}
{"tweet_id":841809407310741504,"created_unixtime":1489537977422,"created_time":"Wed Mar 15 00:32:57 +0000 2017","lang":"en","displayname":"georgia__ellis","time_zone":"Pacific Time (US & Canada)","msg":"stephglitherow happy birthday beautiful girl hope you have a lovely day and get abso spoilt Lots of love 💗"}
{"tweet_id":841809407063261184,"created_unixtime":1489537977363,"created_time":"Wed Mar 15 00:32:57 +0000 2017","lang":"en","displayname":"ketaiji","time_zone":"Pacific Time (US & Canada)","msg":"RT D_Deji28 Do you guys know why he was killed A girl lied that he raped her and her brother shot him dead https//tco/IWDVDZp3rz"}
{"tweet_id":841809407373672448,"created_unixtime":1489537977437,"created_time":"Wed Mar 15 00:32:57 +0000 2017","lang":"en","displayname":"peachnbaby","time_zone":"Pacific Time (US & Canada)","msg":"nvm im not gonna watch riverdale anymore it just makes me sad since im literally alone 95 of the time amp no one wants to hang out with me"}
{"tweet_id":841809407541420032,"created_unixtime":1489537977477,"created_time":"Wed Mar 15 00:32:57 +0000 2017","lang":"en","displayname":"jocelynneeg_","time_zone":"Eastern Time (US & Canada)","msg":"RT JustAGirIThing Someone When was the last time u were truly happy Me https//tco/YTSjNOreRU"}
{"tweet_id":841809407738564608,"created_unixtime":1489537977524,"created_time":"Wed Mar 15 00:32:57 +0000 2017","lang":"en","displayname":"julz__m","time_zone":"","msg":"RT HornyFacts i could chill at my boyfriends house amp he can spend 0 on me amp i would be happy asf yall girls crazy"}
{"tweet_id":841809407889555460,"created_unixtime":1489537977560,"created_time":"Wed Mar 15 00:32:57 +0000 2017","lang":"en","displayname":"ylideczaid","time_zone":"Pacific Time (US & Canada)","msg":"RT brandonnembhard as long as youre happy ill be fine"}
{"tweet_id":841809407814057985,"created_unixtime":1489537977542,"created_time":"Wed Mar 15 00:32:57 +0000 2017","lang":"en","displayname":"OdeanMUFC","time_zone":"Hawaii","msg":"paulpogba Happy Birthday 🎉🎊💯👍🏽👊🏽😊"}
{"tweet_id":841809407629496320,"created_unixtime":1489537977498,"created_time":"Wed Mar 15 00:32:57 +0000 2017","lang":"en","displayname":"singer4ever15","time_zone":"","msg":"RT glovisual i go from being happy to being sad in a split second and i dont know why"}
{"tweet_id":841809407847587840,"created_unixtime":1489537977550,"created_time":"Wed Mar 15 00:32:57 +0000 2017","lang":"en","displayname":"blancaafloress","time_zone":"","msg":"RT daisymarquez_ Forgot to post this on here but one last time happy birthday to my baby I love you bunches💕 https//tco/HKuQwQp6Yd"}
{"tweet_id":841809408107634688,"created_unixtime":1489537977612,"created_time":"Wed Mar 15 00:32:57 +0000 2017","lang":"en","displayname":"lockary","time_zone":"","msg":"RT AdorabIeAnimal THIS JUST MADE ME SO HAPPY https//tco/AsV7FQnJoN"}
{"tweet_id":841809408116051968,"created_unixtime":1489537977614,"created_time":"Wed Mar 15 00:32:57 +0000 2017","lang":"en","displayname":"mattycallahan","time_zone":"","msg":"I am happy to announce that I will be continuing my academic and athletic career at Dean College GoBulldogs 🐾⚾"}
{"tweet_id":841809408355061760,"created_unixtime":1489537977671,"created_time":"Wed Mar 15 00:32:57 +0000 2017","lang":"en","displayname":"flushtheNDP","time_zone":"","msg":"Maybe but its a parents job to teach children reality Budgets dont balance themselves amp nothing is free Someone… https//tco/2fNCyhGwUP"}
{"tweet_id":841809408908767232,"created_unixtime":1489537977803,"created_time":"Wed Mar 15 00:32:57 +0000 2017","lang":"es","displayname":"pacifycarter","time_zone":"Pacific Time (US & Canada)","msg":"Nadie mas sad q ella ahre"}
{"tweet_id":841809408292184068,"created_unixtime":1489537977656,"created_time":"Wed Mar 15 00:32:57 +0000 2017","lang":"en","displayname":"ahrabik","time_zone":"Central Time (US & Canada)","msg":"me reading Trumps tax records UM WHATS THIS 200 CHECK THAT SAYS HAPPY BIRTHDAY VLAD"}
{"tweet_id":841809409072218112,"created_unixtime":1489537977842,"created_time":"Wed Mar 15 00:32:57 +0000 2017","lang":"ja","displayname":"sasamaru0410","time_zone":"Pacific Time (US & Canada)","msg":"RT shamakho_works 海未ちゃん描きました。happy birthday🎉lovelive園田海未生誕祭2017 3月15日は園田海未の誕生日 https//tco/haJCpEMlak"}
{"tweet_id":841809409080729601,"created_unixtime":1489537977844,"created_time":"Wed Mar 15 00:32:57 +0000 2017","lang":"en","displayname":"ChaunciM","time_zone":"","msg":"RT koko7690 Its honestly so sad that some people dont respect relationships🤷🏽‍♀️"}
{"tweet_id":841809408485142529,"created_unixtime":1489537977702,"created_time":"Wed Mar 15 00:32:57 +0000 2017","lang":"en","displayname":"MJJMyLovelyOne","time_zone":"London","msg":"MJFFC Essentials definitely always make me feel happy listening to any of them MJs voice is so joyous 👍"}
{"tweet_id":841809409076531200,"created_unixtime":1489537977843,"created_time":"Wed Mar 15 00:32:57 +0000 2017","lang":"en","displayname":"nedlaaa","time_zone":"","msg":"RT ltsKermit So annoying when ppl are like ur always laughin U laugh at everything Its not that funny like OK sorry Im a happy per…"}
{"tweet_id":841809409462362112,"created_unixtime":1489537977935,"created_time":"Wed Mar 15 00:32:57 +0000 2017","lang":"tl","displayname":"introvert_marie","time_zone":"","msg":"RT loladub1946 ALDUBxDTBYFalling Happy 1year mga kaDAKAK https//tco/tpu1cf0m7W"}
{"tweet_id":841809409693102081,"created_unixtime":1489537977990,"created_time":"Wed Mar 15 00:32:57 +0000 2017","lang":"en","displayname":"daddiocean","time_zone":"Pacific Time (US & Canada)","msg":"RT FreddyAmazin Someone When was the last time u were truly happyMe https//tco/0lG917uPtK"}
{"tweet_id":841809409827319809,"created_unixtime":1489537978022,"created_time":"Wed Mar 15 00:32:58 +0000 2017","lang":"en","displayname":"booeper","time_zone":"","msg":"RT Stormzy1 Do what makes you happy mate"}
{"tweet_id":841809410418601985,"created_unixtime":1489537978163,"created_time":"Wed Mar 15 00:32:58 +0000 2017","lang":"en","displayname":"acevic02","time_zone":"","msg":"RT MayWardDVO_Thai Trust yourself Create the kind of self that you will be happy to live with all your lifeMBMayWard"}
{"tweet_id":841809410586419203,"created_unixtime":1489537978203,"created_time":"Wed Mar 15 00:32:58 +0000 2017","lang":"en","displayname":"apizglaxo88","time_zone":"","msg":"Happy birthday LIVERPOOL FC"}
{"tweet_id":841809410439692296,"created_unixtime":1489537978168,"created_time":"Wed Mar 15 00:32:58 +0000 2017","lang":"en","displayname":"sswsob","time_zone":"","msg":"xiao is the best mommy and I have no no problem she has a lot to say to you and I hope youre so happy to have you a queen queen of queen"}
{"tweet_id":841809410456457216,"created_unixtime":1489537978172,"created_time":"Wed Mar 15 00:32:58 +0000 2017","lang":"en","displayname":"CarranokecKiki","time_zone":"","msg":"HAPPY BIRTHDAY juliaely14  Hope you had a great day hiding from the snow"}
{"tweet_id":841809410687148032,"created_unixtime":1489537978227,"created_time":"Wed Mar 15 00:32:58 +0000 2017","lang":"en","displayname":"DionneMilli","time_zone":"Quito","msg":"Its sad that I had to find out the truth about them too but well never post that on the internet lmaooooo"}
{"tweet_id":841809410745868288,"created_unixtime":1489537978241,"created_time":"Wed Mar 15 00:32:58 +0000 2017","lang":"en","displayname":"SandT_SFA","time_zone":"Eastern Time (US & Canada)","msg":"RT SandTChancellor Our MissouriSandT students know their pi Check out our 314 video from a few years ago https//tco/EtwxYUJHBDHappy…"}
{"tweet_id":841809410854920192,"created_unixtime":1489537978267,"created_time":"Wed Mar 15 00:32:58 +0000 2017","lang":"en","displayname":"brileylynne","time_zone":"","msg":"ashlyn_ruf happy birthday"}
{"tweet_id":841809411085598724,"created_unixtime":1489537978322,"created_time":"Wed Mar 15 00:32:58 +0000 2017","lang":"en","displayname":"jordaaanholly","time_zone":"","msg":"Im just a happy fan girl cuz 2 chainz RT my tweet n jhene aiko favd it imfamous nah im jk but thats lit im lit now"}
{"tweet_id":841809411052056578,"created_unixtime":1489537978314,"created_time":"Wed Mar 15 00:32:58 +0000 2017","lang":"en","displayname":"heidsmers","time_zone":"Eastern Time (US & Canada)","msg":"Happy tummy happy soul 🤗🍴"}
{"tweet_id":841809411207241729,"created_unixtime":1489537978351,"created_time":"Wed Mar 15 00:32:58 +0000 2017","lang":"en","displayname":"ESP_MTG","time_zone":"Central Time (US & Canada)","msg":"Widget is going to lose despite earning the 3rd most votes in the entire field I know I should be happy but its b… https//tco/RFggmIbHPt"}
{"tweet_id":841809411635073024,"created_unixtime":1489537978453,"created_time":"Wed Mar 15 00:32:58 +0000 2017","lang":"en","displayname":"TobyDickinson","time_zone":"London","msg":"Sad to seeKaiser Chiefs advertising Yorkshire TeaIts not very pretty I tell thee"}
{"tweet_id":841809411903500288,"created_unixtime":1489537978517,"created_time":"Wed Mar 15 00:32:58 +0000 2017","lang":"en","displayname":"brennalaverty","time_zone":"","msg":"RT PeachMeadows only miserable people are bullys amp thats a fact no one who is happy ever has the urge to bring others down remember t…"}
{"tweet_id":841809411739795457,"created_unixtime":1489537978478,"created_time":"Wed Mar 15 00:32:58 +0000 2017","lang":"en","displayname":"imcdermo","time_zone":"Pacific Time (US & Canada)","msg":"RT RWPUSA Another White House ethics complaint from our team at CREW  Sad https//tco/jm2kvIUMhH"}
{"tweet_id":841809411777675264,"created_unixtime":1489537978487,"created_time":"Wed Mar 15 00:32:58 +0000 2017","lang":"en","displayname":"RezoLih","time_zone":"","msg":"NYDailyNews Wow so sad😔😔If only those who actually watch could have helped the young girl We have to reach out a… https//tco/J0RcZlmuVQ"}
{"tweet_id":841809412285054977,"created_unixtime":1489537978608,"created_time":"Wed Mar 15 00:32:58 +0000 2017","lang":"en","displayname":"xMisakiMei_","time_zone":"Jakarta","msg":"Its sad when people die"}
{"tweet_id":841809411748331521,"created_unixtime":1489537978480,"created_time":"Wed Mar 15 00:32:58 +0000 2017","lang":"en","displayname":"RossBryce_","time_zone":"Pacific Time (US & Canada)","msg":"michaellgolding Happy Birthday bro need to have a Bev soon See you when yer home😘"}
{"tweet_id":841809412545232896,"created_unixtime":1489537978670,"created_time":"Wed Mar 15 00:32:58 +0000 2017","lang":"en","displayname":"teammcvamps4eva","time_zone":"Amsterdam","msg":"Which three countries do you want to visit next — Im happy where I am https//tco/Dfq2hlXeJC"}
{"tweet_id":841809412784234496,"created_unixtime":1489537978727,"created_time":"Wed Mar 15 00:32:58 +0000 2017","lang":"en","displayname":"jennnaarenee","time_zone":"","msg":"RT SoReIatable I hate that I cry out of frustration 95  of the time its not even cause Im sad its that Im so angry I cant control…"}
{"tweet_id":841809412838707200,"created_unixtime":1489537978740,"created_time":"Wed Mar 15 00:32:58 +0000 2017","lang":"en","displayname":"vinceorodriguez","time_zone":"Pacific Time (US & Canada)","msg":"Happy birthday allaaayyy hope you have a great rest of the day 🎉🎈💕"}
{"tweet_id":841809412490711040,"created_unixtime":1489537978657,"created_time":"Wed Mar 15 00:32:58 +0000 2017","lang":"en","displayname":"N_Robinson35","time_zone":"Quito","msg":"Happy Birthday Betty Boop lmao JayYou_3 🙏🏽🎈 https//tco/6rFcYLKNd0"}
{"tweet_id":841809413073698816,"created_unixtime":1489537978796,"created_time":"Wed Mar 15 00:32:58 +0000 2017","lang":"en","displayname":"SiccoThermaplug","time_zone":"","msg":"RT DKTrig Happy Tuesday everyone  Newest page of People of the Hammers is complete 🙂https//tco/LVieffexma"}
{"tweet_id":841809413526577152,"created_unixtime":1489537978904,"created_time":"Wed Mar 15 00:32:58 +0000 2017","lang":"ko","displayname":"nct2899","time_zone":"","msg":"RT offclASTRO Happy birthday to you~ 진진형 22번째 생일을진심으로 축하해요🎉🎉 착하고 장난도 잘받아주고 리더쉽있는ㅎㅎ진진형 귀염댕이 아스트로 잘부탁드려요생일선물 나 HappyJINJINDay https//…"}
{"tweet_id":841809413849645057,"created_unixtime":1489537978981,"created_time":"Wed Mar 15 00:32:58 +0000 2017","lang":"en","displayname":"awstern12","time_zone":"","msg":"Autumnlz__ Happy birthday hope its been great 😁🎉"}
{"tweet_id":841809413740625920,"created_unixtime":1489537978955,"created_time":"Wed Mar 15 00:32:58 +0000 2017","lang":"en","displayname":"_wilneidycg04","time_zone":"Caracas","msg":"¡Happy 17 years to me😍"}
{"tweet_id":841809413824512000,"created_unixtime":1489537978975,"created_time":"Wed Mar 15 00:32:58 +0000 2017","lang":"en","displayname":"carriepayton","time_zone":"","msg":"RT DillMaddie i just want to be happy"}
{"tweet_id":841809414172508160,"created_unixtime":1489537979058,"created_time":"Wed Mar 15 00:32:59 +0000 2017","lang":"en","displayname":"njwrose","time_zone":"Asia/Kuala_Lumpur","msg":"Happy birthday Nyda  Birthday that falls on GRF day is the best birthday hahaha nydaNA12"}
{"tweet_id":841809413950324737,"created_unixtime":1489537979005,"created_time":"Wed Mar 15 00:32:59 +0000 2017","lang":"en","displayname":"DavidRoweEsq","time_zone":"Quito","msg":"RT UniofOxford Education is not the learning of facts but the training of the mind to think Happy Birthday Einstein https//tco/Vzw…"}
{"tweet_id":841809414357176320,"created_unixtime":1489537979102,"created_time":"Wed Mar 15 00:32:59 +0000 2017","lang":"en","displayname":"camdenjd28","time_zone":"","msg":"RT Spark_Sports_ HAPPY 29th BIRTHDAY TO THE GREATEST SHOOTER OF ALL TIME 🙏 https//tco/0GSWMSm9Vh"}
{"tweet_id":841809414252310528,"created_unixtime":1489537979077,"created_time":"Wed Mar 15 00:32:59 +0000 2017","lang":"en","displayname":"Tynodollasign_","time_zone":"Quito","msg":"RT KarmenLoveee If We Date dont worry about me cheating Im with you for a reason I only want you And when Im not happy Ill let you…"}
{"tweet_id":841809414256500737,"created_unixtime":1489537979078,"created_time":"Wed Mar 15 00:32:59 +0000 2017","lang":"en","displayname":"katyeraven","time_zone":"","msg":"RT WhitePplQuote Wishing their parents a happy birthday on Instagram or Twitter when their parents dont have social media"}
{"tweet_id":841809414189395970,"created_unixtime":1489537979062,"created_time":"Wed Mar 15 00:32:59 +0000 2017","lang":"en","displayname":"a_r_j_u_n","time_zone":"","msg":"RT davidfrawleyved Sad that ShashiTharoor remains a sycophantic apologist of an incompetent uncultured and corrupt Congress leadersh… "}
{"tweet_id":841809414650777600,"created_unixtime":1489537979172,"created_time":"Wed Mar 15 00:32:59 +0000 2017","lang":"en","displayname":"90s_animefucker","time_zone":"","msg":"RT GameGrumps Happy Birthday Danny https//tco/Qc8I63RkPP"}
{"tweet_id":841809414914883584,"created_unixtime":1489537979235,"created_time":"Wed Mar 15 00:32:59 +0000 2017","lang":"en","displayname":"amorgodinez28","time_zone":"Pacific Time (US & Canada)","msg":"RT OFCALDubKoTo WE DEFINE OUR SET OF EXPECTATIONS AND OUR STANDARDS TO REACH HAPPINESS WHICH WE ALL CALL CONTENTMENT 😊… "}
{"tweet_id":841809414822739968,"created_unixtime":1489537979213,"created_time":"Wed Mar 15 00:32:59 +0000 2017","lang":"en","displayname":"HannahHexes","time_zone":"London","msg":"RT JustAGirIThing Someone When was the last time u were truly happy Me https//tco/YTSjNOreRU"}
{"tweet_id":841809415309258753,"created_unixtime":1489537979329,"created_time":"Wed Mar 15 00:32:59 +0000 2017","lang":"en","displayname":"bIueguitar","time_zone":"Brasilia","msg":"SherriSaum1 a thing about Stef that you love with all your heart thefosterschat THANK U FOR SAYING HI TO MY GIRL SHES SO HAPPY lt3"}
{"tweet_id":841809415288307717,"created_unixtime":1489537979324,"created_time":"Wed Mar 15 00:32:59 +0000 2017","lang":"en","displayname":"jameson_us","time_zone":"Eastern Time (US & Canada)","msg":"AshleyRae_ thanks for sharing Ashley happy JamesonStPats"}
{"tweet_id":841809415191855107,"created_unixtime":1489537979301,"created_time":"Wed Mar 15 00:32:59 +0000 2017","lang":"en","displayname":"Koriiiiii_","time_zone":"","msg":"RT marissastone24 HAPPY BIRTHDAY Koriiiiii_ love all my classes w/ u and we have to watch the titanic in atleast one of them😂hope u…"}
{"tweet_id":841809414419972096,"created_unixtime":1489537979117,"created_time":"Wed Mar 15 00:32:59 +0000 2017","lang":"ja","displayname":"gorurasuku","time_zone":"Tokyo","msg":"broschan93 おはよう〜〜体調大丈夫ですか？季節の変わり目やら気圧の変化でこの時期は体調崩しがちだそうです、、気をつけて無理しないでくださいね。😊❣💖今日もhappyで、行きましょう🎶💞🐶🐶 https//tco/8xHlbG7E0X"}
{"tweet_id":841809415296692224,"created_unixtime":1489537979326,"created_time":"Wed Mar 15 00:32:59 +0000 2017","lang":"en","displayname":"_nadddiee","time_zone":"Central Time (US & Canada)","msg":"The ONLY thing Im focused on is being genuinely happy finding 2 new jobs and figuring out what college Im going to All else is extra"}
{"tweet_id":841809415477051392,"created_unixtime":1489537979369,"created_time":"Wed Mar 15 00:32:59 +0000 2017","lang":"en","displayname":"xdisenchantd","time_zone":"Pacific Time (US & Canada)","msg":"RT FIyingFuck I deserve to be happy fuck all this bullshit"}
{"tweet_id":841809415229583360,"created_unixtime":1489537979310,"created_time":"Wed Mar 15 00:32:59 +0000 2017","lang":"en","displayname":"SweetSweetHazza","time_zone":"Pacific Time (US & Canada)","msg":"Harry_Styles Youre the reason of my smile I love you and Im proud of you I would be very happy if you follow me one day ❤️  751"}
{"tweet_id":841809415821000704,"created_unixtime":1489537979451,"created_time":"Wed Mar 15 00:32:59 +0000 2017","lang":"en","displayname":"1ghost6","time_zone":"Pacific Time (US & Canada)","msg":"StephenCurry30 happy birthday to you curry"}
{"tweet_id":841809415934111744,"created_unixtime":1489537979478,"created_time":"Wed Mar 15 00:32:59 +0000 2017","lang":"en","displayname":"GraceCiel20","time_zone":"","msg":"RT MayWardDVO_Thai Trust yourself Create the kind of self that you will be happy to live with all your lifeMBMayWard"}
{"tweet_id":841809415590273024,"created_unixtime":1489537979396,"created_time":"Wed Mar 15 00:32:59 +0000 2017","lang":"en","displayname":"tumblrerror404","time_zone":"","msg":"RT D_Deji28 Do you guys know why he was killed A girl lied that he raped her and her brother shot him dead https//tco/IWDVDZp3rz"}
{"tweet_id":841809415921664001,"created_unixtime":1489537979475,"created_time":"Wed Mar 15 00:32:59 +0000 2017","lang":"ht","displayname":"usermayra","time_zone":"Atlantic Time (Canada)","msg":"Happy PI day répipidayhttps//tco/578N2qBZhY"}
{"tweet_id":841809416278183936,"created_unixtime":1489537979560,"created_time":"Wed Mar 15 00:32:59 +0000 2017","lang":"en","displayname":"JSilverio9","time_zone":"","msg":"Im finally happy again😁"}
{"tweet_id":841809415716106240,"created_unixtime":1489537979426,"created_time":"Wed Mar 15 00:32:59 +0000 2017","lang":"en","displayname":"ShirzadPQ","time_zone":"","msg":"Are pain or negative emotions ever good for youhttps//tco/pZYUImh48l"}
{"tweet_id":841809416198455296,"created_unixtime":1489537979541,"created_time":"Wed Mar 15 00:32:59 +0000 2017","lang":"en","displayname":"susan_suememaw7","time_zone":"","msg":"ladyboss19023 newtgingrich Not me Im very happy I enjoy life Im not giving my time to haters"}
{"tweet_id":841809415808380928,"created_unixtime":1489537979448,"created_time":"Wed Mar 15 00:32:59 +0000 2017","lang":"en","displayname":"hannahDeaconx","time_zone":"","msg":"RT Stormzy1 Do what makes you happy mate"}
{"tweet_id":841809416714354688,"created_unixtime":1489537979664,"created_time":"Wed Mar 15 00:32:59 +0000 2017","lang":"en","displayname":"GooseOD","time_zone":"Central America","msg":"Happy Birthday Al Einstein https//tco/AIaTYIW81g"}
{"tweet_id":841809415909064705,"created_unixtime":1489537979472,"created_time":"Wed Mar 15 00:32:59 +0000 2017","lang":"hi","displayname":"bae_is_missing","time_zone":"New Delhi","msg":"RT therastravadi मुझे गर्व है मेरे धर्म परक्यूंकिमेरा धर्म त्योहारो पे सिर्फ पानी बहाता है किसी जानवर का खून नही☄🤡🌴Happy Hol…"}
{"tweet_id":841809416131342336,"created_unixtime":1489537979525,"created_time":"Wed Mar 15 00:32:59 +0000 2017","lang":"en","displayname":"stefanni_o","time_zone":"West Central Africa","msg":"ibisobacb happy birthday tein much love hunnay ❤️❤️ https//tco/jtxsGv5KAX"}
{"tweet_id":841809417305751552,"created_unixtime":1489537979805,"created_time":"Wed Mar 15 00:32:59 +0000 2017","lang":"en","displayname":"PalladiumDrive","time_zone":"Atlantic Time (Canada)","msg":"Hate quoting my own tweet But thought I should add to emphasize that I did not put quotes on my kind of old https//tco/ixJWBLqJT1"}
{"tweet_id":841809417242873860,"created_unixtime":1489537979790,"created_time":"Wed Mar 15 00:32:59 +0000 2017","lang":"en","displayname":"loueuphoria","time_zone":"Buenos Aires","msg":"RT SummerFontana Happy Birthday danieljgillies rocknroll 🎂🎉🎸 https//tco/phJV1H96IA"}
{"tweet_id":841809417221898240,"created_unixtime":1489537979785,"created_time":"Wed Mar 15 00:32:59 +0000 2017","lang":"und","displayname":"barabcina84","time_zone":"Belgrade","msg":"RT Krle22 Angela Merkel misli da je Srbija s Vučićem na dobrom putu E sad među vama sigurno ima onih koji znaju bolje od nje"}
{"tweet_id":841809417645445120,"created_unixtime":1489537979886,"created_time":"Wed Mar 15 00:32:59 +0000 2017","lang":"en","displayname":"AItruisticAdept","time_zone":"","msg":"Will always catch his duplicates kissesHappy squeaks https//tco/ItUlpmt9GT"}
{"tweet_id":841809417033068544,"created_unixtime":1489537979740,"created_time":"Wed Mar 15 00:32:59 +0000 2017","lang":"in","displayname":"mia14mbsMavee","time_zone":"","msg":"RT Macdongov YabangALDUBxDTBYTugOfHearts https//tco/m157SoZpul"}
{"tweet_id":841809417653870592,"created_unixtime":1489537979888,"created_time":"Wed Mar 15 00:32:59 +0000 2017","lang":"en","displayname":"PRllNCE","time_zone":"Stockholm","msg":"RT ringelrei please I want them to be happy https//tco/mMMS2L9zbw"}
{"tweet_id":841809418127851520,"created_unixtime":1489537980001,"created_time":"Wed Mar 15 00:33:00 +0000 2017","lang":"en","displayname":"wingsoutforshin","time_zone":"Amsterdam","msg":"RT ArtsyStargazer sad shance https//tco/vgF2XySkok"}
{"tweet_id":841809417406427136,"created_unixtime":1489537979829,"created_time":"Wed Mar 15 00:32:59 +0000 2017","lang":"en","displayname":"larry_autry","time_zone":"","msg":"This is pathetic that the President accused President Obama of wire tapping with no evidence  Sad Liar https//tco/mYPdMpk8Wa"}
{"tweet_id":841809418589155328,"created_unixtime":1489537980111,"created_time":"Wed Mar 15 00:33:00 +0000 2017","lang":"en","displayname":"therevmountain","time_zone":"","msg":"Happy 5th birthday IndigenousX you do amazing work broadcasting voices we need to hear more of in Australian media amp political discussion"}
{"tweet_id":841809419138678784,"created_unixtime":1489537980242,"created_time":"Wed Mar 15 00:33:00 +0000 2017","lang":"en","displayname":"sydney_standen","time_zone":"Atlantic Time (Canada)","msg":"happy birthday danitriv miss amp love u sm 💕"}
{"tweet_id":841809419432157184,"created_unixtime":1489537980312,"created_time":"Wed Mar 15 00:33:00 +0000 2017","lang":"en","displayname":"Liddo_Yessica","time_zone":"Pacific Time (US & Canada)","msg":"RT richthekid Focus on what makes you happy"}
{"tweet_id":841809419088330756,"created_unixtime":1489537980230,"created_time":"Wed Mar 15 00:33:00 +0000 2017","lang":"en","displayname":"onpurposebenzo","time_zone":"London","msg":"RT manisexual they look so fucking happy 😭 https//tco/u82c32E8Sc"}
{"tweet_id":841809419822350336,"created_unixtime":1489537980405,"created_time":"Wed Mar 15 00:33:00 +0000 2017","lang":"en","displayname":"badrnuriddinov","time_zone":"","msg":"RT RabonaApp Happy Birthday Didier DrogbaGames 381Goals 164Premier League 🏆🏆🏆🏆FA Cup 🏆🏆🏆🏆League Cup 🏆🏆🏆Champions Lea… "}
{"tweet_id":841809419721687040,"created_unixtime":1489537980381,"created_time":"Wed Mar 15 00:33:00 +0000 2017","lang":"en","displayname":"EKHugen","time_zone":"Pacific Time (US & Canada)","msg":"jungleboyj Bwhugen I was going to say if you can make it through the storm were happy to have you"}
{"tweet_id":841809420422156288,"created_unixtime":1489537980548,"created_time":"Wed Mar 15 00:33:00 +0000 2017","lang":"en","displayname":"BETHrobinson17","time_zone":"","msg":"it is actually suuuuch a sick feeling going to bed feelin all loved and happy 😌😺👫🌟🍀👯🌸💘👨‍👩‍👧‍👦"}
{"tweet_id":841809420979916800,"created_unixtime":1489537980681,"created_time":"Wed Mar 15 00:33:00 +0000 2017","lang":"en","displayname":"christinejoyU","time_zone":"Alaska","msg":"RT MillennialOfMNL This is your reminder that its okay to not be okay No one is constantly happy Your emotions are yours No one can t…"}
{"tweet_id":841809418144624640,"created_unixtime":1489537980005,"created_time":"Wed Mar 15 00:33:00 +0000 2017","lang":"en","displayname":"realmohamed1","time_zone":"Hawaii","msg":"EatenApplee MoRosemont sad my night made"}
{"tweet_id":841809420539559936,"created_unixtime":1489537980576,"created_time":"Wed Mar 15 00:33:00 +0000 2017","lang":"en","displayname":"FMSL_Kiya","time_zone":"","msg":"RT OfficialPlugged Happy 20th Birthday to the classic movie Love JonesMarch 14 1997 https//tco/Nb4JoKPwkF"}
{"tweet_id":841809420766072832,"created_unixtime":1489537980630,"created_time":"Wed Mar 15 00:33:00 +0000 2017","lang":"en","displayname":"IamsuperPitchay","time_zone":"Pacific Time (US & Canada)","msg":"RT soIute sometimes the best way to be happy is to learn to let go of things you tried hard to hold on to that are no longer good for you"}
{"tweet_id":841809420724117505,"created_unixtime":1489537980620,"created_time":"Wed Mar 15 00:33:00 +0000 2017","lang":"en","displayname":"daabythewayyy","time_zone":"","msg":"RT SaluteMeImNia Im so happy that Sayyora amp Seven are now clicking the 2 prettiest in the house 💁🏼 bgc17"}
{"tweet_id":841809420950491136,"created_unixtime":1489537980674,"created_time":"Wed Mar 15 00:33:00 +0000 2017","lang":"in","displayname":"afyqahazman97","time_zone":"","msg":"Happy bornday syu😘😘😘💖💖💖🎊🎊🎉🎉🎉🎉🎉🎂🎂🎈🎁smoga kau sntiasa jd kawan aku smpai bila2muahkit"}
{"tweet_id":841809420954755072,"created_unixtime":1489537980675,"created_time":"Wed Mar 15 00:33:00 +0000 2017","lang":"tl","displayname":"Macdongov","time_zone":"","msg":"RT OFCALDubKoTo OUR OHT 👇🏻 MGA KAADN 👊🏻👱‍♀️HAPPY TWEETING 😘ALDUBxDTBYTugOfHearts https//tco/s9kFScwzar"}
{"tweet_id":841809420858331136,"created_unixtime":1489537980652,"created_time":"Wed Mar 15 00:33:00 +0000 2017","lang":"pt","displayname":"sabrwqs","time_zone":"Brasilia","msg":"RT Jully_Myll HappyJinJinDay Happy Birthday Jinjin meu principe lindo  bias maravilhoso  💖💖😍 Q vc fique muito famoso e possa… "}
{"tweet_id":841809420170350594,"created_unixtime":1489537980488,"created_time":"Wed Mar 15 00:33:00 +0000 2017","lang":"en","displayname":"BeeBeerBanBan17","time_zone":"","msg":"RT katieleemvp Happy Birthday CocoThe treasured little girl in our big GOT7 family HappyCocoDay GOT7Official https//tco/RtN68VSvjQ"}
{"tweet_id":841809421487480833,"created_unixtime":1489537980802,"created_time":"Wed Mar 15 00:33:00 +0000 2017","lang":"en","displayname":"OMFG_Gabriel","time_zone":"Eastern Time (US & Canada)","msg":"RT BillNye Happy 314 Day peoples"}
{"tweet_id":841809421369925632,"created_unixtime":1489537980774,"created_time":"Wed Mar 15 00:33:00 +0000 2017","lang":"en","displayname":"monkeyt0wn","time_zone":"","msg":"Funnel_x_Cakes the sad thing is thats me"}
{"tweet_id":841809421479120898,"created_unixtime":1489537980800,"created_time":"Wed Mar 15 00:33:00 +0000 2017","lang":"en","displayname":"alexisleigh8","time_zone":"","msg":"forever happy with who im with 💯"}
{"tweet_id":841809421265207297,"created_unixtime":1489537980749,"created_time":"Wed Mar 15 00:33:00 +0000 2017","lang":"en","displayname":"xomel24","time_zone":"","msg":"lmaooo some of ya ridiculous really a sad case 🤷🏻‍♀️"}
{"tweet_id":841809421315461120,"created_unixtime":1489537980761,"created_time":"Wed Mar 15 00:33:00 +0000 2017","lang":"en","displayname":"RinrachaB","time_zone":"","msg":"RT girlgroupzone [PIC] 170315 HelloVenus Nara Super Juniors Heechul amp more  KBS Happy Together 3 https//tco/4BU8Z6euUY"}
{"tweet_id":841809421512650756,"created_unixtime":1489537980808,"created_time":"Wed Mar 15 00:33:00 +0000 2017","lang":"en","displayname":"pureehazel","time_zone":"Eastern Time (US & Canada)","msg":"Its sad I really just be going to class and sleeping Senioritis starting to kick in 😴"}
{"tweet_id":841809421651050496,"created_unixtime":1489537980841,"created_time":"Wed Mar 15 00:33:00 +0000 2017","lang":"en","displayname":"Sandra99839","time_zone":"Pacific Time (US & Canada)","msg":"its sad how easy it is to lose touch with someone u were once so close to"}
{"tweet_id":841809421176979456,"created_unixtime":1489537980728,"created_time":"Wed Mar 15 00:33:00 +0000 2017","lang":"en","displayname":"ellieballantyn2","time_zone":"","msg":"12 Tricks To Make Your Girl Happy Are Revealed 3 Is So Obvious https//tco/WAGdzAuAjh"}
{"tweet_id":841809421491679232,"created_unixtime":1489537980803,"created_time":"Wed Mar 15 00:33:00 +0000 2017","lang":"en","displayname":"SherriePinkston","time_zone":"","msg":"RT JohnTDolan In 8 short years of Obamas decisiveness has created Americas inability to unite as patriots no matter the cause… "}
{"tweet_id":841809421663666176,"created_unixtime":1489537980844,"created_time":"Wed Mar 15 00:33:00 +0000 2017","lang":"en","displayname":"katieebyrnes_","time_zone":"Central Time (US & Canada)","msg":"happy birthday Joe hope your snow day was awesome 💙😻❄️💗 Joe_Liotti"}
{"tweet_id":841809421734948864,"created_unixtime":1489537980861,"created_time":"Wed Mar 15 00:33:00 +0000 2017","lang":"en","displayname":"sydneyf_11","time_zone":"","msg":"RT girlposts Someone When was the last time u were truly happyMe https//tco/wzhzedcF5P"}
{"tweet_id":841809422762545152,"created_unixtime":1489537981106,"created_time":"Wed Mar 15 00:33:01 +0000 2017","lang":"en","displayname":"Bigtime__ace","time_zone":"Eastern Time (US & Canada)","msg":"Happy bday awwwk Naasir_Aakbar ❗❗❗"}
{"tweet_id":841809423458738176,"created_unixtime":1489537981272,"created_time":"Wed Mar 15 00:33:01 +0000 2017","lang":"en","displayname":"nadzandjayeco","time_zone":"Midway Island","msg":"Happy 3rd Anniv to us BEST FANS IN THE WORLDSince 2014 2017 SOLID 🎈💪JaDines 3PinyaSarapYrsLetOurPurpleHeartsShineAt3"}
{"tweet_id":841809422687039489,"created_unixtime":1489537981088,"created_time":"Wed Mar 15 00:33:01 +0000 2017","lang":"en","displayname":"hannahhgarrettt","time_zone":"","msg":"Happy birthday izzy Hope you had a great day😊💗🎂🎉 izzzystrother"}
{"tweet_id":841809422615695360,"created_unixtime":1489537981071,"created_time":"Wed Mar 15 00:33:01 +0000 2017","lang":"en","displayname":"LoyalSidekick_","time_zone":"Arizona","msg":"HeadBanshee_ small smirk at that Im happy to hear it"}
{"tweet_id":841809423588827137,"created_unixtime":1489537981303,"created_time":"Wed Mar 15 00:33:01 +0000 2017","lang":"en","displayname":"michael_perry82","time_zone":"","msg":"Happy birthday quez jaboy_jaja"}
{"tweet_id":841809422984843264,"created_unixtime":1489537981159,"created_time":"Wed Mar 15 00:33:01 +0000 2017","lang":"en","displayname":"vipernum1WWEfan","time_zone":"Pacific Time (US & Canada)","msg":"RT SmokingWiki Happy new year smokingfetish fetish smoking https//tco/uMcylHdl9n"}
{"tweet_id":841809423555268608,"created_unixtime":1489537981295,"created_time":"Wed Mar 15 00:33:01 +0000 2017","lang":"en","displayname":"MrVengeance7","time_zone":"Eastern Time (US & Canada)","msg":"A body was found today 3 miles or so from the pier that someone jumped off Mar 6  sad  you never know what some are going thruu"}
{"tweet_id":841809423706202112,"created_unixtime":1489537981331,"created_time":"Wed Mar 15 00:33:01 +0000 2017","lang":"ja","displayname":"meimi_0225","time_zone":"","msg":"最近で一番happyだったかなー🎶"}
{"tweet_id":841809423408463873,"created_unixtime":1489537981260,"created_time":"Wed Mar 15 00:33:01 +0000 2017","lang":"en","displayname":"MrsRego211","time_zone":"","msg":"Today is 3/14 Happy Pi Day"}
{"tweet_id":841809422603173888,"created_unixtime":1489537981068,"created_time":"Wed Mar 15 00:33:01 +0000 2017","lang":"en","displayname":"IamFatseyy","time_zone":"Baghdad","msg":"Sometimes life can surprise you with a happy coincidence 😇✌ https//tco/hwOjz90zjh"}
{"tweet_id":841809422649307136,"created_unixtime":1489537981079,"created_time":"Wed Mar 15 00:33:01 +0000 2017","lang":"en","displayname":"Ohheyitsnicc","time_zone":"","msg":"Acting like Biggie isnt an available option https//tco/nMwGeK1B2v"}
{"tweet_id":841809423748214785,"created_unixtime":1489537981341,"created_time":"Wed Mar 15 00:33:01 +0000 2017","lang":"en","displayname":"tay_tizzlee","time_zone":"","msg":"RT CultureFUBU Happy Birthday Merlin SantanaRIP https//tco/0K4quO4M5g"}
{"tweet_id":841809424213807106,"created_unixtime":1489537981452,"created_time":"Wed Mar 15 00:33:01 +0000 2017","lang":"en","displayname":"Erin_Malanga14","time_zone":"","msg":"zz_zt happy to brighten your day 🙂"}
{"tweet_id":841809424368967681,"created_unixtime":1489537981489,"created_time":"Wed Mar 15 00:33:01 +0000 2017","lang":"en","displayname":"PBCDemParty","time_zone":"Eastern Time (US & Canada)","msg":"RT emilyslist Happy PiDay Mathematician Katherine Johnson did the calculations for the first space trip and first moon landing… "}
{"tweet_id":841809422418599936,"created_unixtime":1489537981024,"created_time":"Wed Mar 15 00:33:01 +0000 2017","lang":"en","displayname":"MSUFLISE","time_zone":"Eastern Time (US & Canada)","msg":"Happy Pi Day mlb piday https//tco/2mJVwzN3Wr"}
{"tweet_id":841809425006444545,"created_unixtime":1489537981641,"created_time":"Wed Mar 15 00:33:01 +0000 2017","lang":"en","displayname":"YLRgold","time_zone":"Central Time (US & Canada)","msg":"NowPlaying Kirk Franklin  Wanna Be Happy  Gold Praise Channel  Tune Ingt https//tco/yvcpj4Md5H kirkfranklin Fo_Yo_Soul"}
{"tweet_id":841809425111351303,"created_unixtime":1489537981666,"created_time":"Wed Mar 15 00:33:01 +0000 2017","lang":"en","displayname":"dinahjane_18","time_zone":"","msg":"RT themikeinator Happy Pi day"}
{"tweet_id":841809425111363589,"created_unixtime":1489537981666,"created_time":"Wed Mar 15 00:33:01 +0000 2017","lang":"in","displayname":"3balwinderkaur3","time_zone":"","msg":"RT rajniinsan2 Gurmeetramrahim Happy Holi Papa JiMSGwishesToArmedForces https//tco/xl0fFmFyTX"}
{"tweet_id":841809423727235077,"created_unixtime":1489537981336,"created_time":"Wed Mar 15 00:33:01 +0000 2017","lang":"en","displayname":"TannerF_10","time_zone":"","msg":"Happy birthday Mak Hope you enjoy this sweet sixteen girlfrannn 💁🏼 https//tco/qJTWSed1EH"}
{"tweet_id":841809425434255360,"created_unixtime":1489537981743,"created_time":"Wed Mar 15 00:33:01 +0000 2017","lang":"ja","displayname":"AwesomeHaircut","time_zone":"Arizona","msg":"RT shamakho_works 海未ちゃん描きました。happy birthday🎉lovelive園田海未生誕祭2017 3月15日は園田海未の誕生日 https//tco/haJCpEMlak"}
{"tweet_id":841809425388183553,"created_unixtime":1489537981732,"created_time":"Wed Mar 15 00:33:01 +0000 2017","lang":"en","displayname":"poeticstroian","time_zone":"Pacific Time (US & Canada)","msg":"RT SleepintheGardn Happy Monday everyone I am so proud to be a part of the work that thisbar is doing And I… https//tco/cKDboQd1w9"}
{"tweet_id":841809425404952576,"created_unixtime":1489537981736,"created_time":"Wed Mar 15 00:33:01 +0000 2017","lang":"en","displayname":"_ohbrizzy","time_zone":"Arizona","msg":"RT D_Deji28 Do you guys know why he was killed A girl lied that he raped her and her brother shot him dead https//tco/IWDVDZp3rz"}
{"tweet_id":841809425266561024,"created_unixtime":1489537981703,"created_time":"Wed Mar 15 00:33:01 +0000 2017","lang":"en","displayname":"original_queenx","time_zone":"Pacific Time (US & Canada)","msg":"RT purelydallas these are my favorite pictures ever look at how cute amp happy they are https//tco/L64MHxW1r4"}
{"tweet_id":841809425983655936,"created_unixtime":1489537981874,"created_time":"Wed Mar 15 00:33:01 +0000 2017","lang":"ja","displayname":"Reiasu__","time_zone":"","msg":"RT tsukiuta1 ☆Happy White Day①☆始「いつも応援ありがとう」春「俺たちから胸いっぱいの愛と感謝を♪」※DLOK※壁紙などマナーを守って使ってくださいね https//tco/SEVeCueeuP"}
{"tweet_id":841809425782472704,"created_unixtime":1489537981826,"created_time":"Wed Mar 15 00:33:01 +0000 2017","lang":"en","displayname":"alex_vieira","time_zone":"Brasilia","msg":"RT NathanEast QuincyDJones Happy Birthday Q https//tco/1j8uxVApTg"}
{"tweet_id":841809425740513280,"created_unixtime":1489537981816,"created_time":"Wed Mar 15 00:33:01 +0000 2017","lang":"en","displayname":"DianixCreations","time_zone":"Eastern Time (US & Canada)","msg":"RT gigglypjm the best concept happy bangtan https//tco/otU3ceclVU"}
{"tweet_id":841809426147356672,"created_unixtime":1489537981913,"created_time":"Wed Mar 15 00:33:01 +0000 2017","lang":"en","displayname":"lmjego","time_zone":"Brasilia","msg":"RT 5HVotingStats Scared Of Happy FifthHarmony YouKnowYouLoveThem radiodisney"}
{"tweet_id":841809425493028864,"created_unixtime":1489537981757,"created_time":"Wed Mar 15 00:33:01 +0000 2017","lang":"en","displayname":"florentinoarte1","time_zone":"","msg":"RT dinyrose31 MORNING FRIENDS _~ 212270Haruto viktorinini bettinaschroed5 MarionSpekker ANASTALYA marienassar_… "}
{"tweet_id":841809426197708800,"created_unixtime":1489537981925,"created_time":"Wed Mar 15 00:33:01 +0000 2017","lang":"en","displayname":"KeiaraMarie16","time_zone":"","msg":"RT geraIdriggins life is too short to be stressing over 1 PERSON THATS NOT GOOD FOR YOU WHEN THERES SOMEONE OUT THERE LOOKING FOR YOU TO…"}
{"tweet_id":841809425824272384,"created_unixtime":1489537981836,"created_time":"Wed Mar 15 00:33:01 +0000 2017","lang":"ko","displayname":"Chudaaa_","time_zone":"","msg":"RT FF14_TENSHIELD 파이널판타지14 패치 33 추가 지역소르 카이 Sohr Khai는 드래곤족 언어로so[h]r  apology / k[h]ai  sad 슬픈 사죄라는 뜻을 담고 있습니다소[호]르 크… "}
{"tweet_id":841809426419986437,"created_unixtime":1489537981978,"created_time":"Wed Mar 15 00:33:01 +0000 2017","lang":"en","displayname":"giveawayzotuu","time_zone":"Pacific Time (US & Canada)","msg":"Happy Thanksgiving everyone Hope youre enjoying yourselves amp having a satisfying meal but dont eat too much Save room for dessert"}
{"tweet_id":841809426767990785,"created_unixtime":1489537982061,"created_time":"Wed Mar 15 00:33:02 +0000 2017","lang":"en","displayname":"cfisher_6","time_zone":"","msg":"RT RickyManning_ Happy birthday bud cfisher_6 riders for life 💯🎂😈 https//tco/KiMnEYVQEr"}
{"tweet_id":841809425912475650,"created_unixtime":1489537981857,"created_time":"Wed Mar 15 00:33:01 +0000 2017","lang":"en","displayname":"NJdoc","time_zone":"Eastern Time (US & Canada)","msg":"RT CREWcrew cindyrburk NormEisen Happy to have you Cindy Send your contact info and Ill add you to the volunteer database"}
{"tweet_id":841809427015602177,"created_unixtime":1489537982120,"created_time":"Wed Mar 15 00:33:02 +0000 2017","lang":"en","displayname":"alessia_enea","time_zone":"","msg":"OMG SCHOOL IS CLOSED TMRW NEVER BEEN SOO HAPPY"}
{"tweet_id":841809427070091264,"created_unixtime":1489537982133,"created_time":"Wed Mar 15 00:33:02 +0000 2017","lang":"en","displayname":"Shawtyfeels","time_zone":"Pacific Time (US & Canada)","msg":"RT kanyefeeI its sad to see a good person change"}
{"tweet_id":841809427229483008,"created_unixtime":1489537982171,"created_time":"Wed Mar 15 00:33:02 +0000 2017","lang":"en","displayname":"nishiplier","time_zone":"Pacific Time (US & Canada)","msg":"RT fursonajail im just so happy now all the fucking time because i know what its like to be sad ThankYouDan for making me h… "}
{"tweet_id":841809425958633472,"created_unixtime":1489537981868,"created_time":"Wed Mar 15 00:33:01 +0000 2017","lang":"en","displayname":"stratigrodenise","time_zone":"Pacific Time (US & Canada)","msg":"So happy to be offering this challenge again https//tco/XbHj6X0Wxh https//tco/zL6qxUCPr7"}
{"tweet_id":841809427472748548,"created_unixtime":1489537982229,"created_time":"Wed Mar 15 00:33:02 +0000 2017","lang":"es","displayname":"rubenisperfect","time_zone":"Brasilia","msg":"Termino el directo sad"}
{"tweet_id":841809427271438337,"created_unixtime":1489537982181,"created_time":"Wed Mar 15 00:33:02 +0000 2017","lang":"en","displayname":"AvosfromMexico","time_zone":"Pacific Time (US & Canada)","msg":"MamaKouk There should be more people as happy as you Share your AvoHappiness https//tco/8px885pATe"}
{"tweet_id":841809427451789312,"created_unixtime":1489537982224,"created_time":"Wed Mar 15 00:33:02 +0000 2017","lang":"en","displayname":"NOTJUSTOK","time_zone":"Central Time (US & Canada)","msg":"Happy birthday to the boss of YBNL and the one and only Baddosneh Greater heights in life and music💪💪 https//tco/kddfLD3xLk"}
{"tweet_id":841809427653050368,"created_unixtime":1489537982272,"created_time":"Wed Mar 15 00:33:02 +0000 2017","lang":"en","displayname":"matteo_han","time_zone":"Pacific Time (US & Canada)","msg":"RT TrogozubleRAVI RAVI KNOWS TOPS MOVE AND LOOK HOW HAPPY HE IS LOOK AT THE BABY https//tco/piJB6Xy2qq"}
{"tweet_id":841809422615748609,"created_unixtime":1489537981071,"created_time":"Wed Mar 15 00:33:01 +0000 2017","lang":"en","displayname":"FlorColdplay","time_zone":"Buenos Aires","msg":"RT karhenzan Jayreg1969 Me too 😄 Its an amazing photo Xylobands makes you feel incredibly happy and emotional https//tco/6O5MfiMKiC"}
{"tweet_id":841809427879604225,"created_unixtime":1489537982326,"created_time":"Wed Mar 15 00:33:02 +0000 2017","lang":"en","displayname":"YesimanARTIST","time_zone":"Mountain Time (US & Canada)","msg":"RT kestrelambrose “Get yourself a black spiritual feminist from Erykah Badu Twitter and be happy like Ace Hood” 🤸🏾‍♀️ https//tco/t9RwN…"}
{"tweet_id":841809428034797572,"created_unixtime":1489537982363,"created_time":"Wed Mar 15 00:33:02 +0000 2017","lang":"en","displayname":"ObeyTaee__","time_zone":"Eastern Time (US & Canada)","msg":"Brielle___ happy birthday and congrats 💜"}
{"tweet_id":841809428521205760,"created_unixtime":1489537982479,"created_time":"Wed Mar 15 00:33:02 +0000 2017","lang":"en","displayname":"tenincheroes","time_zone":"Pacific Time (US & Canada)","msg":"happy birthday baby dirtywaternymph see u in july 💓"}
{"tweet_id":841809428370358272,"created_unixtime":1489537982443,"created_time":"Wed Mar 15 00:33:02 +0000 2017","lang":"en","displayname":"xocult","time_zone":"Pacific Time (US & Canada)","msg":"RT kanyefeeI its sad to see a good person change"}
{"tweet_id":841809428479414272,"created_unixtime":1489537982469,"created_time":"Wed Mar 15 00:33:02 +0000 2017","lang":"en","displayname":"nikkibyrne_","time_zone":"Casablanca","msg":"RT Stormzy1 Do what makes you happy mate"}
{"tweet_id":841809427858612230,"created_unixtime":1489537982321,"created_time":"Wed Mar 15 00:33:02 +0000 2017","lang":"en","displayname":"moreofbrit","time_zone":"","msg":"RT _queenliv__ the sad truth😕 https//tco/Jsq2dijWmZ"}
{"tweet_id":841809428353556480,"created_unixtime":1489537982439,"created_time":"Wed Mar 15 00:33:02 +0000 2017","lang":"en","displayname":"_blvckpvnther_","time_zone":"Amsterdam","msg":"RT D_Deji28 Do you guys know why he was killed A girl lied that he raped her and her brother shot him dead https//tco/IWDVDZp3rz"}
{"tweet_id":841809428907192320,"created_unixtime":1489537982571,"created_time":"Wed Mar 15 00:33:02 +0000 2017","lang":"en","displayname":"zzahngg11","time_zone":"","msg":"RT JaDinexWolves HAPPY 3RD ANNIVERSARY BEST FANS IN THE WORLD 💜 LetOurPurpleHeartsShineAt3 https//tco/9gL71MXt3x"}
{"tweet_id":841809428697489408,"created_unixtime":1489537982521,"created_time":"Wed Mar 15 00:33:02 +0000 2017","lang":"en","displayname":"sweetmarz_","time_zone":"Pacific Time (US & Canada)","msg":"Happy birthday to a real 1 noahjay_"}
{"tweet_id":841809428525473793,"created_unixtime":1489537982480,"created_time":"Wed Mar 15 00:33:02 +0000 2017","lang":"en","displayname":"JedFrog","time_zone":"","msg":"Tesko249 I found your long lost American brother Now you can be a happy family again https//tco/eLuNtMvgFZ"}
{"tweet_id":841809428953366528,"created_unixtime":1489537982582,"created_time":"Wed Mar 15 00:33:02 +0000 2017","lang":"en","displayname":"IAmTakingCharge","time_zone":"Eastern Time (US & Canada)","msg":"Grab an interesting fun book for your kids birthdaygifts readingisfun learning literacy https//tco/Bh0Q1HEbV5"}
{"tweet_id":841809429020438528,"created_unixtime":1489537982598,"created_time":"Wed Mar 15 00:33:02 +0000 2017","lang":"en","displayname":"QuiddiCompare","time_zone":"London","msg":"QuiddiCompare has just helped another happy customer from Didcot https//tco/7m78FpjQ7f cleversearch getaloan"}
{"tweet_id":841809429259509761,"created_unixtime":1489537982655,"created_time":"Wed Mar 15 00:33:02 +0000 2017","lang":"en","displayname":"jenniferlopez48","time_zone":"","msg":"Went shopping today and for the first time in a long time I was not angry trying clothes on Im so happy with myself 16poundsdown💪🏽"}
{"tweet_id":841809429087588352,"created_unixtime":1489537982614,"created_time":"Wed Mar 15 00:33:02 +0000 2017","lang":"en","displayname":"redsoxrevival","time_zone":"Pacific Time (US & Canada)","msg":"RT blushniall this is so cute aww thank you jordyn we should talk more ilysm💓 https//tco/jDT9iBXmCl"}
{"tweet_id":841809429523775488,"created_unixtime":1489537982718,"created_time":"Wed Mar 15 00:33:02 +0000 2017","lang":"es","displayname":"DaniielTokiica","time_zone":"Bogota","msg":"RT isebasvargas ya es Laura sad https//tco/Quuk4p0YcF"}
{"tweet_id":841809430119239682,"created_unixtime":1489537982860,"created_time":"Wed Mar 15 00:33:02 +0000 2017","lang":"en","displayname":"dwiainun72","time_zone":"","msg":"RT Luna__Sara shailjohn7 SagirShaikh12 ASLAMSULTANLAK2 Berecks1 LatofaOb BitarovaA lv4gab Malindaf10 1F_st… "}
{"tweet_id":841809430220009472,"created_unixtime":1489537982884,"created_time":"Wed Mar 15 00:33:02 +0000 2017","lang":"en","displayname":"laddiinsan439","time_zone":"Pacific Time (US & Canada)","msg":"RT Gurmeetramrahim MSGwishesToArmedForces Jai Hind amp Happy Holi to the courageous Armed Forces who valiantly defend the honor of our… "}
{"tweet_id":841809430379294720,"created_unixtime":1489537982922,"created_time":"Wed Mar 15 00:33:02 +0000 2017","lang":"en","displayname":"mickeykatrina","time_zone":"","msg":"Truly 😂 https//tco/yazL2TdEtK"}
{"tweet_id":841809430035464192,"created_unixtime":1489537982840,"created_time":"Wed Mar 15 00:33:02 +0000 2017","lang":"en","displayname":"cIits","time_zone":"Atlantic Time (Canada)","msg":"RT kanyefeeI its sad to see a good person change"}
{"tweet_id":841809430924611585,"created_unixtime":1489537983052,"created_time":"Wed Mar 15 00:33:03 +0000 2017","lang":"en","displayname":"experiencedquot","time_zone":"Pacific Time (US & Canada)","msg":"Be happy Its one way of being wise Sidonie Gabrielle Colette"}
{"tweet_id":841809430597505025,"created_unixtime":1489537982974,"created_time":"Wed Mar 15 00:33:02 +0000 2017","lang":"en","displayname":"ArthurBoreman","time_zone":"","msg":"Guys Ive got 1/3 of an eggplant leftover if anyone wants it Im more than happy to ship it"}
{"tweet_id":841809430165483520,"created_unixtime":1489537982871,"created_time":"Wed Mar 15 00:33:02 +0000 2017","lang":"en","displayname":"DevinRoss88","time_zone":"","msg":"happy birthday babe miss you so so much 😭💗 anjelika143"}
{"tweet_id":841809431012732928,"created_unixtime":1489537983073,"created_time":"Wed Mar 15 00:33:03 +0000 2017","lang":"en","displayname":"Benji_404","time_zone":"Quito","msg":"RT Iam_Chenise Benji_404 happy belated birthday jordie  i miss you lol"}
{"tweet_id":841809430966591490,"created_unixtime":1489537983062,"created_time":"Wed Mar 15 00:33:03 +0000 2017","lang":"en","displayname":"vikkiwilsonx","time_zone":"","msg":"amba_shaw happy birthday beauty 🎉❤😘 xxxx"}
{"tweet_id":841809431037923329,"created_unixtime":1489537983079,"created_time":"Wed Mar 15 00:33:03 +0000 2017","lang":"en","displayname":"hkmessler","time_zone":"","msg":"maybe i brag about how happy we are too much so to even it out ill let you in on a secret it is constant farts around here just constant"}
{"tweet_id":841809431092441090,"created_unixtime":1489537983092,"created_time":"Wed Mar 15 00:33:03 +0000 2017","lang":"en","displayname":"_Je_suis_belle_","time_zone":"Quito","msg":"RT D_Deji28 Do you guys know why he was killed A girl lied that he raped her and her brother shot him dead https//tco/IWDVDZp3rz"}
{"tweet_id":841809430425546752,"created_unixtime":1489537982933,"created_time":"Wed Mar 15 00:33:02 +0000 2017","lang":"en","displayname":"IMPALO_","time_zone":"Central Time (US & Canada)","msg":"Well I just saw my rims got picked up today by UPS so km happy theyre on the way to me so Im happy if anyone cares 😊😊😊"}
{"tweet_id":841809431574769665,"created_unixtime":1489537983207,"created_time":"Wed Mar 15 00:33:03 +0000 2017","lang":"en","displayname":"Jae_whit","time_zone":"","msg":"RT OfficialPlugged Happy 20th Birthday to the classic movie Love JonesMarch 14 1997 https//tco/Nb4JoKPwkF"}
{"tweet_id":841809432241664001,"created_unixtime":1489537983366,"created_time":"Wed Mar 15 00:33:03 +0000 2017","lang":"en","displayname":"untrapical","time_zone":"Central Time (US & Canada)","msg":"RT kanyefeeI its sad to see a good person change"}
{"tweet_id":841809431834714112,"created_unixtime":1489537983269,"created_time":"Wed Mar 15 00:33:03 +0000 2017","lang":"in","displayname":"AziekaKechiq","time_zone":"","msg":"Happy birthday abam 😘 Radin_Era Semoga pnjg umur dan dimurahkn rezeki selalu https//tco/xcHpbUNmnn"}
{"tweet_id":841809432623386628,"created_unixtime":1489537983457,"created_time":"Wed Mar 15 00:33:03 +0000 2017","lang":"en","displayname":"jordezzle","time_zone":"","msg":"RT elliewineman happy birthday cutie hope ur day was unreal 💘💘jordezzle"}
{"tweet_id":841809433076326400,"created_unixtime":1489537983565,"created_time":"Wed Mar 15 00:33:03 +0000 2017","lang":"en","displayname":"chooses","time_zone":"Eastern Time (US & Canada)","msg":"RT kanyefeeI its sad to see a good person change"}
{"tweet_id":841809433801834497,"created_unixtime":1489537983738,"created_time":"Wed Mar 15 00:33:03 +0000 2017","lang":"en","displayname":"ardentheartist","time_zone":"","msg":"CLOUDBenji HAPPY BIRTHDAY GIRL"}
{"tweet_id":841809433797713920,"created_unixtime":1489537983737,"created_time":"Wed Mar 15 00:33:03 +0000 2017","lang":"en","displayname":"GeorgeWHerbert","time_zone":"","msg":"arawnsley DaveSchmerler ArmsControlWonk vfxgordon sad putting away the HIP press"}
{"tweet_id":841809433890021376,"created_unixtime":1489537983759,"created_time":"Wed Mar 15 00:33:03 +0000 2017","lang":"en","displayname":"dallashoot","time_zone":"Pacific Time (US & Canada)","msg":"RT deplorablemtelk Yet another Happy Day Watching my DVR of Election night Damned good to be American Its also FUN WATCHING left LOSE…"}
{"tweet_id":841809433902563328,"created_unixtime":1489537983762,"created_time":"Wed Mar 15 00:33:03 +0000 2017","lang":"en","displayname":"johnjwillard","time_zone":"Pacific Time (US & Canada)","msg":"Puppet on a strings says whatpoliticalpaidtroll https//tco/6me1XvJssJ"}
{"tweet_id":841809433986502656,"created_unixtime":1489537983782,"created_time":"Wed Mar 15 00:33:03 +0000 2017","lang":"en","displayname":"fIatlinedolans","time_zone":"Eastern Time (US & Canada)","msg":"I COULD OF FUCKING MET HIM IM SAD NOW"}
{"tweet_id":841809434275790852,"created_unixtime":1489537983851,"created_time":"Wed Mar 15 00:33:03 +0000 2017","lang":"en","displayname":"LauraRoseHilger","time_zone":"Central Time (US & Canada)","msg":"_BREyonce__  HAPPY BIRTHDAY I hope its the best one yet 💖💖"}
{"tweet_id":841809434179452928,"created_unixtime":1489537983828,"created_time":"Wed Mar 15 00:33:03 +0000 2017","lang":"en","displayname":"Its_morgaannn","time_zone":"","msg":"Were happy people hate that ☺️"}
{"tweet_id":841809434083000320,"created_unixtime":1489537983805,"created_time":"Wed Mar 15 00:33:03 +0000 2017","lang":"en","displayname":"preaching","time_zone":"Pacific Time (US & Canada)","msg":"RT kanyefeeI its sad to see a good person change"}
{"tweet_id":841809433629995008,"created_unixtime":1489537983697,"created_time":"Wed Mar 15 00:33:03 +0000 2017","lang":"en","displayname":"pinksxxo","time_zone":"","msg":"Happy Birthday Lips 😘🎉🎊❤️ sa_x0 https//tco/VkyznRYfVx"}
{"tweet_id":841809434422710272,"created_unixtime":1489537983886,"created_time":"Wed Mar 15 00:33:03 +0000 2017","lang":"en","displayname":"GradyPowell3","time_zone":"","msg":"RT radiodisney Happy Birthday Simone_Biles https//tco/Z6E0vtM0SA"}
{"tweet_id":841809434946949121,"created_unixtime":1489537984011,"created_time":"Wed Mar 15 00:33:04 +0000 2017","lang":"en","displayname":"carterch10","time_zone":"","msg":"RT katesorensen17 I can do all things through Christ which strengtheneth me Philippians 413 He can give us strength to overcome an… "}
{"tweet_id":841809434321944576,"created_unixtime":1489537983862,"created_time":"Wed Mar 15 00:33:03 +0000 2017","lang":"en","displayname":"keaton_choi","time_zone":"Arizona","msg":"happy birthday to my brother for life you know how much love I got for you spring break is up tagumss https//tco/Jmtjo2etmc"}
{"tweet_id":841809435022385153,"created_unixtime":1489537984029,"created_time":"Wed Mar 15 00:33:04 +0000 2017","lang":"en","displayname":"thugharmony1432","time_zone":"","msg":"RT 5HVotingStats Scared Of Happy FifthHarmony YouKnowYouLoveThem radiodisney"}
{"tweet_id":841809435030880256,"created_unixtime":1489537984031,"created_time":"Wed Mar 15 00:33:04 +0000 2017","lang":"en","displayname":"pitifuII","time_zone":"Eastern Time (US & Canada)","msg":"RT kanyefeeI its sad to see a good person change"}
{"tweet_id":841809435316113409,"created_unixtime":1489537984099,"created_time":"Wed Mar 15 00:33:04 +0000 2017","lang":"en","displayname":"dradago","time_zone":"","msg":"RT pantaloonlive make up and clothes have no gender wearing make up does not invalidate your gender present how you want and do what ma…"}
{"tweet_id":841809435328667648,"created_unixtime":1489537984102,"created_time":"Wed Mar 15 00:33:04 +0000 2017","lang":"en","displayname":"antoniodnoonan","time_zone":"Pacific Time (US & Canada)","msg":"RT MeninistTweet Happy pi dayThe Falcons blew a 283 lead314283  31the warriors blew a 31 lead in the NBA Finals"}
{"tweet_id":841809434041016320,"created_unixtime":1489537983795,"created_time":"Wed Mar 15 00:33:03 +0000 2017","lang":"en","displayname":"the_ukulele_guy","time_zone":"Central Time (US & Canada)","msg":"RT unbibs its 3/14 happy Pi π 314159265359 day https//tco/QSMtQI9mXJ"}
{"tweet_id":841809436071018496,"created_unixtime":1489537984279,"created_time":"Wed Mar 15 00:33:04 +0000 2017","lang":"en","displayname":"ItsAlyNadine","time_zone":"","msg":"RT ThePoemsText Do what makes you happy be with who makes you smile laugh as much as you breathe and love as long as you live"}
{"tweet_id":841809436008103936,"created_unixtime":1489537984264,"created_time":"Wed Mar 15 00:33:04 +0000 2017","lang":"en","displayname":"maddy_marx","time_zone":"","msg":"RT Berkley_Berg Happy birthday pretty lady💖💖 I love you and I hope you have the greatest day ever because you are the greatest pers… "}
{"tweet_id":841809436012343297,"created_unixtime":1489537984265,"created_time":"Wed Mar 15 00:33:04 +0000 2017","lang":"en","displayname":"BradStillStoned","time_zone":"Eastern Time (US & Canada)","msg":"RT lingerie_addict In an industry thats all to happy to discard women once they reach the age of 25 campaigns like this are necessary… "}
{"tweet_id":841809434770845697,"created_unixtime":1489537983969,"created_time":"Wed Mar 15 00:33:03 +0000 2017","lang":"en","displayname":"RM_SUGA_","time_zone":"","msg":"RT RM_ARCHIVE they make me so happy 😊 i love best friends https//tco/DQszn1ARR8"}
{"tweet_id":841809435722952704,"created_unixtime":1489537984196,"created_time":"Wed Mar 15 00:33:04 +0000 2017","lang":"en","displayname":"sherripoIo1","time_zone":"","msg":"JoannaJohnson31 stef and Lena deserves to be happy  thefosterschat thank you for this amazing show❤ https//tco/4uA1m9QlYH"}
{"tweet_id":841809436305944577,"created_unixtime":1489537984335,"created_time":"Wed Mar 15 00:33:04 +0000 2017","lang":"en","displayname":"risktakr","time_zone":"Pacific Time (US & Canada)","msg":"RT KazeSkyz This stunt by Rachel Maddow is just a sad attempt to beat TuckerCarlson in the ratings  Im not falling for her clickbait…"}
{"tweet_id":841809436725276672,"created_unixtime":1489537984435,"created_time":"Wed Mar 15 00:33:04 +0000 2017","lang":"ja","displayname":"san_mamo","time_zone":"","msg":"624Ritan 璃乃💜いつも美味しそうやん😋ストロベリー🍓 ベリーグー👍wHappy White Day♪"}
{"tweet_id":841809436830257152,"created_unixtime":1489537984460,"created_time":"Wed Mar 15 00:33:04 +0000 2017","lang":"en","displayname":"zacharymanuel","time_zone":"","msg":"RT julietbienias zacharymanuel happy birthday"}
{"tweet_id":841809436477919233,"created_unixtime":1489537984376,"created_time":"Wed Mar 15 00:33:04 +0000 2017","lang":"en","displayname":"SpicyBajanRoll","time_zone":"Central Time (US & Canada)","msg":"MakeItStack_Mel Happy birthday bro"}
{"tweet_id":841809436960276481,"created_unixtime":1489537984491,"created_time":"Wed Mar 15 00:33:04 +0000 2017","lang":"en","displayname":"brutally","time_zone":"Eastern Time (US & Canada)","msg":"RT kanyefeeI its sad to see a good person change"}
{"tweet_id":841809436939304960,"created_unixtime":1489537984486,"created_time":"Wed Mar 15 00:33:04 +0000 2017","lang":"en","displayname":"Hawiyan_Moni","time_zone":"","msg":"RT JustAGirIThing Someone When was the last time u were truly happy Me https//tco/YTSjNOreRU"}
{"tweet_id":841809437253873666,"created_unixtime":1489537984561,"created_time":"Wed Mar 15 00:33:04 +0000 2017","lang":"en","displayname":"ferrantiichiara","time_zone":"","msg":"RT julieplec HAPPY HAPPY BIRTHDAY TO MY FRIEND AND PARTNERINEPIC kevwilliamson"}
{"tweet_id":841809437245493248,"created_unixtime":1489537984559,"created_time":"Wed Mar 15 00:33:04 +0000 2017","lang":"tl","displayname":"valhaIIas","time_zone":"Mountain Time (US & Canada)","msg":"RT marksonchu 151 a hurt yugyeomie makes a happy jinyoungiehttps//tco/u5s8l10w8W"}
{"tweet_id":841809437157384193,"created_unixtime":1489537984538,"created_time":"Wed Mar 15 00:33:04 +0000 2017","lang":"en","displayname":"nattydaddy007","time_zone":"","msg":"FrankBerardini Happy birthday my nigga"}
{"tweet_id":841809436926701568,"created_unixtime":1489537984483,"created_time":"Wed Mar 15 00:33:04 +0000 2017","lang":"en","displayname":"jubileeeeu","time_zone":"Brasilia","msg":"Happy birthdayyyyyy AnselElgort https//tco/SbLoYDZbDA"}
{"tweet_id":841809437954260992,"created_unixtime":1489537984728,"created_time":"Wed Mar 15 00:33:04 +0000 2017","lang":"en","displayname":"iampunkin12","time_zone":"","msg":"RT ohteenquotes Spend life with who makes you happy not with who you have to impress"}
{"tweet_id":841809437958520832,"created_unixtime":1489537984729,"created_time":"Wed Mar 15 00:33:04 +0000 2017","lang":"en","displayname":"amandaxxmar1e","time_zone":"","msg":"RT andrea_mxreno amandaxxmar1e happy birthday beautiful❤❤"}
{"tweet_id":841809438017241088,"created_unixtime":1489537984743,"created_time":"Wed Mar 15 00:33:04 +0000 2017","lang":"en","displayname":"marissaflipz","time_zone":"","msg":"RT MIAKHALlFA dating me is simple Just text me back fast make me happy amp dont lie to me amp there wont be any problems"}
{"tweet_id":841809438403092481,"created_unixtime":1489537984835,"created_time":"Wed Mar 15 00:33:04 +0000 2017","lang":"en","displayname":"SkyBluePep","time_zone":"","msg":"RT Stormzy1 Do what makes you happy mate"}
{"tweet_id":841809438428286976,"created_unixtime":1489537984841,"created_time":"Wed Mar 15 00:33:04 +0000 2017","lang":"en","displayname":"Norminahlove22","time_zone":"","msg":"RT 5HVotingStats Scared Of Happy FifthHarmony YouKnowYouLoveThem radiodisney"}
{"tweet_id":841809438180687872,"created_unixtime":1489537984782,"created_time":"Wed Mar 15 00:33:04 +0000 2017","lang":"ja","displayname":"vanilla0salt","time_zone":"Tokyo","msg":"RT George2938 ♡Happy うみちゃん Birthday♡今日はしっかり者の海未ちゃんの誕生日園田海未生誕祭2017 3月15日は園田海未の誕生日  祝う人RT RTした人全員フォローする https//tco/k7wSQ2D4Ld"}
{"tweet_id":841809438738681860,"created_unixtime":1489537984915,"created_time":"Wed Mar 15 00:33:04 +0000 2017","lang":"en","displayname":"desbabyyx","time_zone":"","msg":"RT DaNameEli They not bro 😂 niggas cant handle that Spanish life get ya self one and youll be happy https//tco/5zINXDvPSM"}
{"tweet_id":841809438809980928,"created_unixtime":1489537984932,"created_time":"Wed Mar 15 00:33:04 +0000 2017","lang":"en","displayname":"sarah_shunter","time_zone":"","msg":"RT DE4D_RINGER happy pi day im still depressed"}
{"tweet_id":841809438851837952,"created_unixtime":1489537984942,"created_time":"Wed Mar 15 00:33:04 +0000 2017","lang":"ja","displayname":"raguna1192","time_zone":"Tokyo","msg":"RT Sahaku_2nd HAPPY BIRTHDAY海未ちゃんしっかり者で純粋な海未ちゃんがとても可愛いのですラブアローシュート 園田海未生誕祭2017 3月15日は園田海未の誕生日 ラブライブ RTした人全員フォローする https//tc…"}
{"tweet_id":841809438684127232,"created_unixtime":1489537984902,"created_time":"Wed Mar 15 00:33:04 +0000 2017","lang":"en","displayname":"TheStevenSharp","time_zone":"Eastern Time (US & Canada)","msg":"RT JDaniel2033 Happy 80s Birthday to Butch Wynegar who played for the Twins Yankees amp Angels and is now the hitting coach fo… "}
{"tweet_id":841809438646407168,"created_unixtime":1489537984893,"created_time":"Wed Mar 15 00:33:04 +0000 2017","lang":"en","displayname":"joeygirl4ever77","time_zone":"","msg":"RT NKOTBWhisperVMA RT if OneMoreNight makesyouSOHAPPYBringingHappyBackOneMoreKnight TwoMoreKnightsJKTuesday JordanKnight… "}
{"tweet_id":841809438788972545,"created_unixtime":1489537984927,"created_time":"Wed Mar 15 00:33:04 +0000 2017","lang":"en","displayname":"lustandIove","time_zone":"Pacific Time (US & Canada)","msg":"RT kanyefeeI its sad to see a good person change"}
{"tweet_id":841809439288098816,"created_unixtime":1489537985046,"created_time":"Wed Mar 15 00:33:05 +0000 2017","lang":"en","displayname":"RunitupTrillah","time_zone":"","msg":"RT JuneTheJenius Be happy with what you have while working for what you want"}
{"tweet_id":841809439770443776,"created_unixtime":1489537985161,"created_time":"Wed Mar 15 00:33:05 +0000 2017","lang":"en","displayname":"zack_king100","time_zone":"","msg":"RT richthekid Focus on what makes you happy"}
{"tweet_id":841809439778869248,"created_unixtime":1489537985163,"created_time":"Wed Mar 15 00:33:05 +0000 2017","lang":"en","displayname":"princessyon_","time_zone":"","msg":"RT tammyrich_ The littlest shit makes me so happy I swear"}
{"tweet_id":841809422615748609,"created_unixtime":1489537981071,"created_time":"Wed Mar 15 00:33:01 +0000 2017","lang":"en","displayname":"FlorColdplay","time_zone":"Buenos Aires","msg":"RT karhenzan Jayreg1969 Me too 😄 Its an amazing photo Xylobands makes you feel incredibly happy and emotional https//tco/6O5MfiMKiC"}
{"tweet_id":841809439908851717,"created_unixtime":1489537985194,"created_time":"Wed Mar 15 00:33:05 +0000 2017","lang":"en","displayname":"_trapical","time_zone":"Eastern Time (US & Canada)","msg":"RT kanyefeeI its sad to see a good person change"}
{"tweet_id":841809440298885120,"created_unixtime":1489537985287,"created_time":"Wed Mar 15 00:33:05 +0000 2017","lang":"en","displayname":"_mxmiz","time_zone":"","msg":"RT xxuelie Happy White Day ft hunlay and carrotscr kiHaru__ https//tco/0wVdqoMQad"}
{"tweet_id":841809439871111168,"created_unixtime":1489537985185,"created_time":"Wed Mar 15 00:33:05 +0000 2017","lang":"en","displayname":"Grimupnorth74","time_zone":"Europe/London","msg":"Happy Mondays at Bowlers NORTH event review  Louder Than War https//tco/p43oYoCSGX"}
{"tweet_id":841809440118575106,"created_unixtime":1489537985244,"created_time":"Wed Mar 15 00:33:05 +0000 2017","lang":"en","displayname":"Aaron_Bowman_","time_zone":"Atlantic Time (Canada)","msg":"RT PRIDESEEDS 42 years as an exhibitor OttawaFarmShow  Congrats  Fergus9  And Happy Birthday ovfs17 https//tco/BYuBUe1VcN"}
{"tweet_id":841809438881255425,"created_unixtime":1489537984949,"created_time":"Wed Mar 15 00:33:04 +0000 2017","lang":"en","displayname":"laurenkelly44","time_zone":"Quito","msg":"when four three day old german shepherd puppies fall asleep on you id never been so happy 😭😭😭 https//tco/jkwmpvo0Ch"}
{"tweet_id":841809440307351552,"created_unixtime":1489537985289,"created_time":"Wed Mar 15 00:33:05 +0000 2017","lang":"en","displayname":"Beans_35","time_zone":"","msg":"RT kiaramirandaa happy six months to the person who gives me nothing short of respect care amp unconditional love https//tco/nDyPzM7pgQ"}
{"tweet_id":841809439380267008,"created_unixtime":1489537985068,"created_time":"Wed Mar 15 00:33:05 +0000 2017","lang":"en","displayname":"S_kaina","time_zone":"Seoul","msg":"RT Hibaleelala 2017사랑합작 블루페어리Beauty White Sarang_Yazawa Nico Love Live 🎀Happy White Day 🎀🍭🍬🍠❤️ https//tco/Oa9AZcGiEN"}
{"tweet_id":841809440609337344,"created_unixtime":1489537985361,"created_time":"Wed Mar 15 00:33:05 +0000 2017","lang":"en","displayname":"joanmuise","time_zone":"","msg":"VanJones68 In🇨🇦 we are happy to pay taxes so a kid we dont know gets healthcare   Why cant 🇺🇸 get past this  Is it racism What"}
{"tweet_id":841809440781283328,"created_unixtime":1489537985402,"created_time":"Wed Mar 15 00:33:05 +0000 2017","lang":"en","displayname":"KittensWHearts","time_zone":"Pacific Time (US & Canada)","msg":"RT kanyefeeI its sad to see a good person change"}
{"tweet_id":841809440391213056,"created_unixtime":1489537985309,"created_time":"Wed Mar 15 00:33:05 +0000 2017","lang":"en","displayname":"BarbeLacey","time_zone":"","msg":"RT halie_brewer Smiling because I couldnt be more happy 💜☺ https//tco/dV1HLpTNDS"}
{"tweet_id":841809440974225408,"created_unixtime":1489537985448,"created_time":"Wed Mar 15 00:33:05 +0000 2017","lang":"en","displayname":"cmumathwhiz","time_zone":"Eastern Time (US & Canada)","msg":"A big huge happy birthday to my sister armytbonegirl  heres hoping your day has been great and the next year is wonderful"}
{"tweet_id":841809441292869632,"created_unixtime":1489537985524,"created_time":"Wed Mar 15 00:33:05 +0000 2017","lang":"en","displayname":"ivyncible","time_zone":"","msg":"Happy stressfree day tomorrow  😂"}
{"tweet_id":841809441171378176,"created_unixtime":1489537985495,"created_time":"Wed Mar 15 00:33:05 +0000 2017","lang":"en","displayname":"prfsrdctrs","time_zone":"","msg":"Florela Make someone happy 💙 💜 💚 ❤ 💔 💗 💓 💕 https//tco/eRCjRsmSXQ"}
{"tweet_id":841809441435582464,"created_unixtime":1489537985558,"created_time":"Wed Mar 15 00:33:05 +0000 2017","lang":"en","displayname":"mxstwn","time_zone":"Pacific Time (US & Canada)","msg":"RT monxshownu [TRANS] Naver articleMonsta Xs THE CLAN 25 is the youths hurtful growth story it is both sad and beautiful"}
{"tweet_id":841809441402040320,"created_unixtime":1489537985550,"created_time":"Wed Mar 15 00:33:05 +0000 2017","lang":"en","displayname":"farah_alzahawi","time_zone":"","msg":"RT PapiyaMukherje3 Many many Happy returns of the day 😘😘😘😃😃😃😃👏👏👏💥🎂🎂🎂🍰🍰🎉🎉🎆🎆🎆🎊🎊 farah_alzahawi God bless you https//tco/8pSVQSDFps"}
{"tweet_id":841809441666277376,"created_unixtime":1489537985613,"created_time":"Wed Mar 15 00:33:05 +0000 2017","lang":"en","displayname":"JayAndreas","time_zone":"London","msg":"RT LillzAthletics Happy Birthday to my favourite undercover BBW lover JayAndreas 💜💜💜💜 💜"}
{"tweet_id":841809441183936512,"created_unixtime":1489537985498,"created_time":"Wed Mar 15 00:33:05 +0000 2017","lang":"en","displayname":"EvanNayman","time_zone":"","msg":"Happy bday to best Uydr na RileighMoore"}
{"tweet_id":841809441985056768,"created_unixtime":1489537985689,"created_time":"Wed Mar 15 00:33:05 +0000 2017","lang":"en","displayname":"bIessly","time_zone":"Pacific Time (US & Canada)","msg":"RT kanyefeeI its sad to see a good person change"}
{"tweet_id":841809442039558144,"created_unixtime":1489537985702,"created_time":"Wed Mar 15 00:33:05 +0000 2017","lang":"et","displayname":"msclaudettes","time_zone":"Eastern Time (US & Canada)","msg":"Matt_Kiser sad sad sad"}
{"tweet_id":841809442261860352,"created_unixtime":1489537985755,"created_time":"Wed Mar 15 00:33:05 +0000 2017","lang":"en","displayname":"SherryLMiller","time_zone":"","msg":"⚡️ “People were not happy with The Bachelor finale 😡 ”https//tco/hTV6KtZT74"}
{"tweet_id":841809442802814976,"created_unixtime":1489537985884,"created_time":"Wed Mar 15 00:33:05 +0000 2017","lang":"tl","displayname":"dyelii_","time_zone":"","msg":"Happy birthday puks diko na makalkal yung mga kakaiba nateng picture e la tuloy ako pang bawi… https//tco/HyKdjxxwKt"}
{"tweet_id":841809442807062528,"created_unixtime":1489537985885,"created_time":"Wed Mar 15 00:33:05 +0000 2017","lang":"en","displayname":"rammanwani","time_zone":"Pacific Time (US & Canada)","msg":"RT BangaloreAshram Holi simply means celebration of colors Lift your spirit with joy of color Bangalore Ashram wishes each one of yo… "}
{"tweet_id":841809442966405120,"created_unixtime":1489537985923,"created_time":"Wed Mar 15 00:33:05 +0000 2017","lang":"ja","displayname":"KoInuu_","time_zone":"Pacific Time (US & Canada)","msg":"RT bungosd_anime 【HAPPY WHITEDAY】3月14日はホワイトデー！敦君と芥川先輩がお返しを配る大役を任せられたみたいですね。誰がどの贈呈品を用意したんでしょうか？皆さまよいホワイトデーを❤︎　bungosd https//tco/3T6cK…"}
{"tweet_id":841809442672918528,"created_unixtime":1489537985853,"created_time":"Wed Mar 15 00:33:05 +0000 2017","lang":"en","displayname":"cassidyjamesss","time_zone":"Central Time (US & Canada)","msg":"keeleyjones11 happy birthday ❤"}
{"tweet_id":841809443188690944,"created_unixtime":1489537985976,"created_time":"Wed Mar 15 00:33:05 +0000 2017","lang":"tl","displayname":"jimenea_tenshi","time_zone":"","msg":"RT moneyandeveryth ericjohnsalutWell support po for EdwardSana po next time Kisses and Edward naman mapagbigyan po sana lahatPara…"}
{"tweet_id":841809441703960577,"created_unixtime":1489537985622,"created_time":"Wed Mar 15 00:33:05 +0000 2017","lang":"en","displayname":"ASUDSP_","time_zone":"Pacific Time (US & Canada)","msg":"Happy National Pi Day from Delta Sigma Pie https//tco/HwFrBvDJk8"}
{"tweet_id":841809442916069376,"created_unixtime":1489537985911,"created_time":"Wed Mar 15 00:33:05 +0000 2017","lang":"en","displayname":"yourchinggu","time_zone":"","msg":"RT rulerofwind_sh EXO IS ALREADY HAPPY BY JUST PLAYING WITH THEIR HELIUM VOICE YES THIS IS THE GROUP I STAN 😂😂😂 https//tco/C1oj8RSwHS"}
{"tweet_id":841809443377496064,"created_unixtime":1489537986021,"created_time":"Wed Mar 15 00:33:06 +0000 2017","lang":"th","displayname":"2_SX_Y_B","time_zone":"Hanoi","msg":"RT DHJubU คูมแบมมมม คิดถึงงงง น่ารักมากๆๆๆๆเลยยย ตาตุ่ยๆแน่ะ อยากกอดแน่นๆ BamBam1A BamBam happy white day💕🍭 https//tco/660Y1KRiX2"}
{"tweet_id":841809443843149824,"created_unixtime":1489537986132,"created_time":"Wed Mar 15 00:33:06 +0000 2017","lang":"en","displayname":"mpglenn98","time_zone":"","msg":"RT ilovefIowers if ur sad https//tco/cwXvLBIWEu"}
{"tweet_id":841809444161871872,"created_unixtime":1489537986208,"created_time":"Wed Mar 15 00:33:06 +0000 2017","lang":"en","displayname":"DearEvanHansen","time_zone":"Eastern Time (US & Canada)","msg":"cd_6_ Were so happy it spoke to you C—thank you for sharing your talents with us DearEvanHansen"}
{"tweet_id":841809443264258048,"created_unixtime":1489537985994,"created_time":"Wed Mar 15 00:33:05 +0000 2017","lang":"ja","displayname":"asterMIKU","time_zone":"","msg":"RT botan_312 海未ちゃんHappy Birthday！ 園田海未生誕祭2017 RTした人全員フォローする https//tco/nFwtQB5yuj"}
{"tweet_id":841809444661022722,"created_unixtime":1489537986327,"created_time":"Wed Mar 15 00:33:06 +0000 2017","lang":"en","displayname":"GameswithWolf","time_zone":"","msg":"RT Calvinn_Hobbes Happy 🍕 PiDay https//tco/UpLBGER3ZF"}
{"tweet_id":841809444547776512,"created_unixtime":1489537986300,"created_time":"Wed Mar 15 00:33:06 +0000 2017","lang":"en","displayname":"deniseeclarkson","time_zone":"Arizona","msg":"RT ayant__ seeing him makes me sooo happy  and he just dont understand😭"}
{"tweet_id":841809444489048064,"created_unixtime":1489537986286,"created_time":"Wed Mar 15 00:33:06 +0000 2017","lang":"en","displayname":"maxwe11d","time_zone":"Pacific Time (US & Canada)","msg":"📷 camattreephoto Happy International Women’s Day I’m so grateful for all the amazing women in my https//tco/kd7dzRItxa"}
{"tweet_id":841809443255795712,"created_unixtime":1489537985992,"created_time":"Wed Mar 15 00:33:05 +0000 2017","lang":"in","displayname":"KARD0822","time_zone":"Pacific Time (US & Canada)","msg":"Happy bday xjinjinwoo semiga tambah tinggi cepat comback lagi ya saya kangen liat astro manggung https//tco/OgPlx43O22"}
{"tweet_id":841809445063688192,"created_unixtime":1489537986423,"created_time":"Wed Mar 15 00:33:06 +0000 2017","lang":"en","displayname":"MeehanMegan","time_zone":"Dublin","msg":"I am so happy to see Leicester topping their group in the champions league"}
{"tweet_id":841809444614901760,"created_unixtime":1489537986316,"created_time":"Wed Mar 15 00:33:06 +0000 2017","lang":"en","displayname":"gladysssscc","time_zone":"Singapore","msg":"RT preaching my main focus is to better myself be successful and be happy so if you arent contributing to that then i dont need you i…"}
{"tweet_id":841809444967190528,"created_unixtime":1489537986400,"created_time":"Wed Mar 15 00:33:06 +0000 2017","lang":"en","displayname":"Bruhitslivey","time_zone":"","msg":"happy birthday cat ily i hope you have a good day 💛😋💓 CatSelman1"}
{"tweet_id":841809445487230976,"created_unixtime":1489537986524,"created_time":"Wed Mar 15 00:33:06 +0000 2017","lang":"en","displayname":"jona_eco","time_zone":"","msg":"RT Delavinator Happy Lucky 7 MonthsKISSMARC SWEETHEARTSlast day of being as Team Reel na pala "}
{"tweet_id":841809445101436929,"created_unixtime":1489537986432,"created_time":"Wed Mar 15 00:33:06 +0000 2017","lang":"en","displayname":"gabalarcontoro","time_zone":"","msg":"RT lingerie_addict In an industry thats all to happy to discard women once they reach the age of 25 campaigns like this are necessary… "}
{"tweet_id":841809445361467392,"created_unixtime":1489537986494,"created_time":"Wed Mar 15 00:33:06 +0000 2017","lang":"en","displayname":"JanelleSuris","time_zone":"Atlantic Time (Canada)","msg":"FamousBirthdays Simone_Biles happy birthday Simone have a great day enjoy 🎉🎉🎉🎂🎂🎂"}
{"tweet_id":841809445705326592,"created_unixtime":1489537986576,"created_time":"Wed Mar 15 00:33:06 +0000 2017","lang":"en","displayname":"marypearson","time_zone":"Pacific Time (US & Canada)","msg":"hannahbelles yay Happy you liked"}
{"tweet_id":841809445696995328,"created_unixtime":1489537986574,"created_time":"Wed Mar 15 00:33:06 +0000 2017","lang":"en","displayname":"PhantomFaura","time_zone":"","msg":"RT MatPatGT A nerdy math joke for a nerdy holidayHappy Pi Day https//tco/jRxvuScUyn"}
{"tweet_id":841809445826965505,"created_unixtime":1489537986605,"created_time":"Wed Mar 15 00:33:06 +0000 2017","lang":"ja","displayname":"gorira_himacos","time_zone":"","msg":"RT Sonoda_Umi_love 海未ちゃんHappy Birthday🎂🎉🎊大好きだーーーo/みんなも祝おな！俺は頑張って海未ちゃんにとって最高の１日にしたい！！！！w園田海未生誕祭園田海未生誕祭2017 ラブライバーはRT… "}
{"tweet_id":841809445395021824,"created_unixtime":1489537986502,"created_time":"Wed Mar 15 00:33:06 +0000 2017","lang":"en","displayname":"POOetryman","time_zone":"Eastern Time (US & Canada)","msg":"CREATIONDEFAULT FreeAtheism Hollowitsch taylorbunnag tommyleewaters GidMK nakedlaughing If you say so but I… https//tco/ArbOJswLiu"}
{"tweet_id":841809446166700032,"created_unixtime":1489537986686,"created_time":"Wed Mar 15 00:33:06 +0000 2017","lang":"ja","displayname":"sc_shiori2","time_zone":"","msg":"もりさちゃん🐰💓ありがとうございます😭💕うれしーちゃんgtωltわたしも、もりさちゃん大好きです∩´∀`∩💓💓これからもよろしくお願いします ˙▿˙　/ https//tco/zDZ8YDaZBY"}
{"tweet_id":841809446225485824,"created_unixtime":1489537986700,"created_time":"Wed Mar 15 00:33:06 +0000 2017","lang":"en","displayname":"zustinjauregui","time_zone":"Central Time (US & Canada)","msg":"RT 5HVotingStats Scared Of Happy FifthHarmony YouKnowYouLoveThem radiodisney"}
{"tweet_id":841809446384865280,"created_unixtime":1489537986738,"created_time":"Wed Mar 15 00:33:06 +0000 2017","lang":"en","displayname":"kaplan_nicole_","time_zone":"","msg":"happy birthday sarahg0314 💗💗 miss you pretty 😊"}
{"tweet_id":841809446070304768,"created_unixtime":1489537986663,"created_time":"Wed Mar 15 00:33:06 +0000 2017","lang":"en","displayname":"sammie_pie123","time_zone":"Atlantic Time (Canada)","msg":"RT soIute sometimes the best way to be happy is to learn to let go of things you tried hard to hold on to that are no longer good for you"}
{"tweet_id":841809446493945856,"created_unixtime":1489537986764,"created_time":"Wed Mar 15 00:33:06 +0000 2017","lang":"en","displayname":"Nate_Tichenor","time_zone":"Eastern Time (US & Canada)","msg":"RT haleeyyy_L Happy pi day to my favorite person miss you so much 💙 https//tco/qyfy8J6OI3"}
{"tweet_id":841809446326157312,"created_unixtime":1489537986724,"created_time":"Wed Mar 15 00:33:06 +0000 2017","lang":"en","displayname":"Bella623","time_zone":"Eastern Time (US & Canada)","msg":"RT propriator lt3 Nammers is waiting for you Go see her and wish her a happy birthday too Sewing and crafting just for you https//tco…"}
{"tweet_id":841809446850428928,"created_unixtime":1489537986849,"created_time":"Wed Mar 15 00:33:06 +0000 2017","lang":"en","displayname":"niranjan_kant","time_zone":"","msg":"RT rpsingh_jnu JNU expresses its deep sense of shock and anguish at the untimely and sad demise of a student on 13 March 2017 https//t…"}
{"tweet_id":841809444275130368,"created_unixtime":1489537986235,"created_time":"Wed Mar 15 00:33:06 +0000 2017","lang":"en","displayname":"marissakuhler","time_zone":"","msg":"Happy birthday toney Hope youve had a great day😃🎉 ToneyGK https//tco/3ypuOHwift"}
{"tweet_id":841809446980485120,"created_unixtime":1489537986880,"created_time":"Wed Mar 15 00:33:06 +0000 2017","lang":"en","displayname":"HugeFanOfBTS","time_zone":"Pacific Time (US & Canada)","msg":"RT CUTEST_ANlMALS THIS JUST MADE ME SO HAPPY https//tco/ZUc2I04FNu"}
{"tweet_id":841809447236304897,"created_unixtime":1489537986941,"created_time":"Wed Mar 15 00:33:06 +0000 2017","lang":"en","displayname":"eschaz12","time_zone":"","msg":"RT ReturnToFreedom Happy ending Once separated in a helicopter roundup reunited family band of wildhorses released onto 2000 acres… "}
{"tweet_id":841809447655677954,"created_unixtime":1489537987041,"created_time":"Wed Mar 15 00:33:07 +0000 2017","lang":"en","displayname":"Shah_Shailu33","time_zone":"","msg":"RT Fact Being happy doesn’t mean that everything is perfect It means you’ve decided to look beyond the imperfections"}
{"tweet_id":841809447202766848,"created_unixtime":1489537986933,"created_time":"Wed Mar 15 00:33:06 +0000 2017","lang":"en","displayname":"coachc9","time_zone":"Central Time (US & Canada)","msg":"UBCoachJack no happy with this at all You will always be a winner"}
{"tweet_id":841809446854639616,"created_unixtime":1489537986850,"created_time":"Wed Mar 15 00:33:06 +0000 2017","lang":"en","displayname":"susanthomas1776","time_zone":"","msg":"Obama has no moral code except 2 further himselfampleave a legacy Hope hes  happy w legacy Worse Potus Ever https//tco/TwtOMrPhMP"}
{"tweet_id":841809448029061120,"created_unixtime":1489537987130,"created_time":"Wed Mar 15 00:33:07 +0000 2017","lang":"en","displayname":"Tanveer02995651","time_zone":"","msg":"RT kainaatarora All set for HoliPerformance at the biggest holi bash RatnabhoomiPartyPlot Surat 🙏 Happy holi to all beautiful lo… "}
{"tweet_id":841809448205139968,"created_unixtime":1489537987172,"created_time":"Wed Mar 15 00:33:07 +0000 2017","lang":"tl","displayname":"rackz261122","time_zone":"","msg":"RT dhang02_ Bloomingfreshhappy anu pa bahahahaMBMayWard Ctto https//tco/r7smeyo3RV"}
{"tweet_id":841809447999676418,"created_unixtime":1489537987123,"created_time":"Wed Mar 15 00:33:07 +0000 2017","lang":"en","displayname":"Jullian_Latocha","time_zone":"","msg":"Happy birthday 😌 Domm314"}
{"tweet_id":841809448494485504,"created_unixtime":1489537987241,"created_time":"Wed Mar 15 00:33:07 +0000 2017","lang":"en","displayname":"BruceBulacan","time_zone":"","msg":"RT Friendstagram Pretending to be happy is never easy"}
{"tweet_id":841809447672508416,"created_unixtime":1489537987045,"created_time":"Wed Mar 15 00:33:07 +0000 2017","lang":"en","displayname":"itsonlytem","time_zone":"","msg":"RT CultureFUBU Happy Birthday Merlin SantanaRIP https//tco/0K4quO4M5g"}
{"tweet_id":841809448079396864,"created_unixtime":1489537987142,"created_time":"Wed Mar 15 00:33:07 +0000 2017","lang":"en","displayname":"DEloveisundead","time_zone":"","msg":"And director Julie would have a wide angle zoom out focus because she likes the medical center view instead of focusing on their happy faces"}
{"tweet_id":841809448343597057,"created_unixtime":1489537987205,"created_time":"Wed Mar 15 00:33:07 +0000 2017","lang":"en","displayname":"Rachelkettler","time_zone":"Eastern Time (US & Canada)","msg":"RT ThePoemsText Do what makes you happy be with who makes you smile laugh as much as you breathe and love as long as you live"}
