{"tweet_id":841809549531197444,"created_unixtime":1489538011330,"created_time":"Wed Mar 15 00:33:31 +0000 2017","lang":"en","displayname":"_toniiiiiiii","time_zone":"Central Time (US & Canada)","msg":"Im sad af I couldnt be in Miami 😭 all I had wanted this year Fmlllllll"}
{"tweet_id":841809547434065920,"created_unixtime":1489538010830,"created_time":"Wed Mar 15 00:33:30 +0000 2017","lang":"en","displayname":"dominic_croyle","time_zone":"","msg":"Happy birthday stephenmaley23 You probably wouldve gotten the steal if your eyes were open https//tco/XsJDEPNgQH"}
{"tweet_id":841809547689902080,"created_unixtime":1489538010891,"created_time":"Wed Mar 15 00:33:30 +0000 2017","lang":"en","displayname":"gabpersh","time_zone":"","msg":"happy birthday loser lukepmuller https//tco/VTQlNvSimJ"}
{"tweet_id":841809549900169217,"created_unixtime":1489538011418,"created_time":"Wed Mar 15 00:33:31 +0000 2017","lang":"en","displayname":"06soso18","time_zone":"","msg":"RT bts_bighit [Episode] HAPPY WHITE DAY FROM BTS 1 https//tco/Kk7XrnfG3x2 https//tco/dUxXeGBvhG"}
{"tweet_id":841809549376008193,"created_unixtime":1489538011293,"created_time":"Wed Mar 15 00:33:31 +0000 2017","lang":"en","displayname":"hayystoutt","time_zone":"","msg":"RT IMDb Mmm pie Happy PiDay https//tco/W18nXrANph"}
{"tweet_id":841809549619261440,"created_unixtime":1489538011351,"created_time":"Wed Mar 15 00:33:31 +0000 2017","lang":"en","displayname":"LourdesJadesola","time_zone":"London","msg":"RT theashrb From the deepest pits of my lungs FUCK the Commonwealth https//tco/dR09X6GZfQ"}
{"tweet_id":841809549564743681,"created_unixtime":1489538011338,"created_time":"Wed Mar 15 00:33:31 +0000 2017","lang":"en","displayname":"makaylajohannes","time_zone":"Pacific Time (US & Canada)","msg":"RT TOASTOTHEGOD Its Sad When Ur Own Friends Hate On You"}
{"tweet_id":841809550135062528,"created_unixtime":1489538011474,"created_time":"Wed Mar 15 00:33:31 +0000 2017","lang":"en","displayname":"KamHernandez","time_zone":"Alaska","msg":"RT ilovefIowers happy dogs with flowers are the best thing to ever happen to me https//tco/BPD2xOm9XC"}
{"tweet_id":841809550718164992,"created_unixtime":1489538011613,"created_time":"Wed Mar 15 00:33:31 +0000 2017","lang":"en","displayname":"ladyxr3i","time_zone":"London","msg":"Sad Realizations https//tco/kjjoptgWQM via UKChange"}
{"tweet_id":841809550789513220,"created_unixtime":1489538011630,"created_time":"Wed Mar 15 00:33:31 +0000 2017","lang":"en","displayname":"stephrileyy","time_zone":"Amsterdam","msg":"RT itss_Hannah stephrileyy HAPPY BIRTHDAY UR GETTIN OLD HERES LENA 🎉🔥 https//tco/nQdENFShoV"}
{"tweet_id":841809550281916416,"created_unixtime":1489538011509,"created_time":"Wed Mar 15 00:33:31 +0000 2017","lang":"en","displayname":"bonnie_garfield","time_zone":"Eastern Time (US & Canada)","msg":"toonces_lives Toonces wishes you a Happy Birthday Tweet on my friend and stay warm https//tco/vdyV3muvRM"}
{"tweet_id":841809551397539841,"created_unixtime":1489538011775,"created_time":"Wed Mar 15 00:33:31 +0000 2017","lang":"en","displayname":"taangthaai","time_zone":"","msg":"RT ohteenquotes Spend life with who makes you happy not with who you have to impress"}
{"tweet_id":841809551426961408,"created_unixtime":1489538011782,"created_time":"Wed Mar 15 00:33:31 +0000 2017","lang":"en","displayname":"bboyzhen","time_zone":"Eastern Time (US & Canada)","msg":"RT CuteOverloads THIS JUST MADE ME SO HAPPY https//tco/0X8oNeJpgd"}
{"tweet_id":841809550600769536,"created_unixtime":1489538011585,"created_time":"Wed Mar 15 00:33:31 +0000 2017","lang":"und","displayname":"picsplace2","time_zone":"Paris","msg":"❤😊😗 happy selenarainxo model https//tco/rve9B7mUoH https//tco/71cFRbUHoQ"}
{"tweet_id":841809551317958656,"created_unixtime":1489538011756,"created_time":"Wed Mar 15 00:33:31 +0000 2017","lang":"en","displayname":"edokon_","time_zone":"Brasilia","msg":"Ayus voice makes me happy"}
{"tweet_id":841809548491001856,"created_unixtime":1489538011082,"created_time":"Wed Mar 15 00:33:31 +0000 2017","lang":"en","displayname":"maddie_sherb","time_zone":"","msg":"Happy birthday beautiful I love u so so much Paint ur heart out lovely ☄️💫🌙💘🌟💕💗💗 MorganShort14 https//tco/ia6k8VkBRd"}
{"tweet_id":841809551414419456,"created_unixtime":1489538011779,"created_time":"Wed Mar 15 00:33:31 +0000 2017","lang":"en","displayname":"Dandrahsollei","time_zone":"","msg":"RT preaching my main focus is to better myself be successful and be happy so if you arent contributing to that then i dont need you i…"}
{"tweet_id":841809551347339264,"created_unixtime":1489538011763,"created_time":"Wed Mar 15 00:33:31 +0000 2017","lang":"en","displayname":"SFavKS","time_zone":"","msg":"My sweetheart  😂🤷‍♂️ https//tco/tjfdjld3I1"}
{"tweet_id":841809551217246209,"created_unixtime":1489538011732,"created_time":"Wed Mar 15 00:33:31 +0000 2017","lang":"en","displayname":"dustin53307695","time_zone":"","msg":"So gorgeous https//tco/YcYTxDN2if"}
{"tweet_id":841809551670222848,"created_unixtime":1489538011840,"created_time":"Wed Mar 15 00:33:31 +0000 2017","lang":"en","displayname":"SOBOBAHONEy","time_zone":"","msg":"Happy birthday cousin crystal😍 missingYouAlways🙏🏻"}
{"tweet_id":841809551787757568,"created_unixtime":1489538011868,"created_time":"Wed Mar 15 00:33:31 +0000 2017","lang":"en","displayname":"Castrejo67","time_zone":"Lisbon","msg":"ademotivator no they are under an attack by censorship happy morons  it goes both ways  just give it time"}
{"tweet_id":841809551838085120,"created_unixtime":1489538011880,"created_time":"Wed Mar 15 00:33:31 +0000 2017","lang":"en","displayname":"_vibeswitee","time_zone":"Pacific Time (US & Canada)","msg":"RT jennie_lynn00 if going to school everyday by 925 was a thing  id look way more happy walking the halls"}
{"tweet_id":841809551632547840,"created_unixtime":1489538011831,"created_time":"Wed Mar 15 00:33:31 +0000 2017","lang":"en","displayname":"cozyashkey","time_zone":"","msg":"RT ImMufasa_ Happy 4 years and 3 months to us  Thank you for the MK purse babyyyyy ♥️♥️♥️♥️♥️♥️ Im so thankful for you https//tco/Ln…"}
{"tweet_id":841809552018440193,"created_unixtime":1489538011923,"created_time":"Wed Mar 15 00:33:31 +0000 2017","lang":"en","displayname":"truefeedback101","time_zone":"","msg":"RT truthful1o1 CatLovesUSA Lanyiadr aggie748 BruceBartlett KAIJUKING23 neither  Get your facts straight before you spread hate Rea…"}
{"tweet_id":841809552366489600,"created_unixtime":1489538012006,"created_time":"Wed Mar 15 00:33:32 +0000 2017","lang":"en","displayname":"BuliMb5","time_zone":"","msg":"RT alexaiono My happy place☺ https//tco/pgetrNhVIp"}
{"tweet_id":841809552328777728,"created_unixtime":1489538011997,"created_time":"Wed Mar 15 00:33:31 +0000 2017","lang":"en","displayname":"nmahd22","time_zone":"","msg":"Happy happy joy joy https//tco/sgi5VRRtop"}
{"tweet_id":841809552181981185,"created_unixtime":1489538011962,"created_time":"Wed Mar 15 00:33:31 +0000 2017","lang":"en","displayname":"RockyHugMe","time_zone":"Pacific Time (US & Canada)","msg":"rydelR5 Hi queen I wanted to say that in 3 days its my birthday Could you wish me Happy early Birthday Te amo🙈❣ X539"}
{"tweet_id":841809552458764288,"created_unixtime":1489538012028,"created_time":"Wed Mar 15 00:33:32 +0000 2017","lang":"ja","displayname":"sekijuuuuun","time_zone":"Pacific Time (US & Canada)","msg":"RT cowengium 海未ちゃんHappy Birthday！！ 園田海未生誕祭2017 https//tco/BOrvt6LlXf"}
{"tweet_id":841809552798490624,"created_unixtime":1489538012109,"created_time":"Wed Mar 15 00:33:32 +0000 2017","lang":"en","displayname":"duduffney","time_zone":"","msg":"RT hrhpwdrblu Yung song na Cant Help Falling In Love bagay na bagay talaga sa KNs and KN Happy hump day everyone CHFILTeaserLaunch"}
{"tweet_id":841809552811081728,"created_unixtime":1489538012112,"created_time":"Wed Mar 15 00:33:32 +0000 2017","lang":"ja","displayname":"feeeel300","time_zone":"","msg":"RT otonokizaka0308 Happy Birthday dear 海未ちゃん！！！誕生日おめでとおおおおおおお！！！！！！園田海未生誕祭 園田海未生誕祭2017 3月15日は園田海未の誕生日 ラブアローシュート 海未ちゃん… "}
{"tweet_id":841809551024316416,"created_unixtime":1489538011686,"created_time":"Wed Mar 15 00:33:31 +0000 2017","lang":"en","displayname":"yeabruhnah","time_zone":"Pacific Time (US & Canada)","msg":"RT D_Deji28 Do you guys know why he was killed A girl lied that he raped her and her brother shot him dead https//tco/IWDVDZp3rz"}
{"tweet_id":841809552605614081,"created_unixtime":1489538012063,"created_time":"Wed Mar 15 00:33:32 +0000 2017","lang":"en","displayname":"BratcherZeron","time_zone":"Eastern Time (US & Canada)","msg":"jckowaleski my fault b happy belated G day lil one ✊🏾"}
{"tweet_id":841809553062748160,"created_unixtime":1489538012172,"created_time":"Wed Mar 15 00:33:32 +0000 2017","lang":"en","displayname":"laurennthhomas","time_zone":"","msg":"maddy_marx happy birthday cute girl i hope its been good so far 💕"}
{"tweet_id":841809553268256768,"created_unixtime":1489538012221,"created_time":"Wed Mar 15 00:33:32 +0000 2017","lang":"en","displayname":"valleygirldolan","time_zone":"Pacific Time (US & Canada)","msg":"RT holdupdolan i love so much jasmin https//tco/TFldnojJS7"}
{"tweet_id":841809552978862080,"created_unixtime":1489538012152,"created_time":"Wed Mar 15 00:33:32 +0000 2017","lang":"ja","displayname":"H091204N","time_zone":"","msg":"RT 0418_lovelive Happy Birthday！海未ちゃんも2度目の生誕祭ツイートです。海未ちゃんのラブアローシュートをもう一度受け止めたい…3月15日は園田海未ちゃんの誕生日 園田海未生誕祭2017 RTした人全員フォローする… "}
{"tweet_id":841809553159290881,"created_unixtime":1489538012195,"created_time":"Wed Mar 15 00:33:32 +0000 2017","lang":"en","displayname":"mtvvote3","time_zone":"","msg":"MTVHottest Fifth Harmony 5HVotingStats Scared Of Happy FifthHarmony YouKnowYouLoveThem radiodisney … https//tco/AmaMDKkrT9"}
{"tweet_id":841809553499000833,"created_unixtime":1489538012276,"created_time":"Wed Mar 15 00:33:32 +0000 2017","lang":"en","displayname":"B_majorr","time_zone":"Mountain Time (US & Canada)","msg":"RT JOEL9ONE Happy 314 day to my St Lunatics"}
{"tweet_id":841809553926709248,"created_unixtime":1489538012378,"created_time":"Wed Mar 15 00:33:32 +0000 2017","lang":"en","displayname":"prisha_kamboj","time_zone":"Central Time (US & Canada)","msg":"RT TheEllenShow Happy birthday StephenCurry30 amp Simone_Biles Together you’re 11 ft of talent and adorableness"}
{"tweet_id":841809553817776137,"created_unixtime":1489538012352,"created_time":"Wed Mar 15 00:33:32 +0000 2017","lang":"en","displayname":"madisongaudet","time_zone":"","msg":"RT soIute sometimes the best way to be happy is to learn to let go of things you tried hard to hold on to that are no longer good for you"}
{"tweet_id":841809553800929280,"created_unixtime":1489538012348,"created_time":"Wed Mar 15 00:33:32 +0000 2017","lang":"en","displayname":"Reskywsb","time_zone":"","msg":"RT islamicfreedom Sadness spoils your life See on the Sky how bright the stars are Everyone is happy“Be Not sad Surely ALLAH is wit…"}
{"tweet_id":841809554090405888,"created_unixtime":1489538012417,"created_time":"Wed Mar 15 00:33:32 +0000 2017","lang":"en","displayname":"HRamos2030","time_zone":"Eastern Time (US & Canada)","msg":"I am happy 😂My  sister is backHome Thank you God"}
{"tweet_id":841809554522419200,"created_unixtime":1489538012520,"created_time":"Wed Mar 15 00:33:32 +0000 2017","lang":"en","displayname":"waytoliit","time_zone":"Pacific Time (US & Canada)","msg":"9YROLD happy birthday dude good to be in the community with you"}
{"tweet_id":841809554677608448,"created_unixtime":1489538012557,"created_time":"Wed Mar 15 00:33:32 +0000 2017","lang":"en","displayname":"Stinnaaa__","time_zone":"","msg":"RT D_Deji28 Do you guys know why he was killed A girl lied that he raped her and her brother shot him dead https//tco/IWDVDZp3rz"}
{"tweet_id":841809554375618560,"created_unixtime":1489538012485,"created_time":"Wed Mar 15 00:33:32 +0000 2017","lang":"en","displayname":"donroyer","time_zone":"Pacific Time (US & Canada)","msg":"Happy to see Rick Officiating the 2017 NCAA Wrestling Tournament 🤼‍♂️ MarionIowa https//tco/Zxo9GiqLRF"}
{"tweet_id":841809555549908992,"created_unixtime":1489538012765,"created_time":"Wed Mar 15 00:33:32 +0000 2017","lang":"tl","displayname":"maryg275","time_zone":"","msg":"MBMayWard minsan ang pag iyak hinde nakaka sad nakakagaan din ng bigat ng nararamdaman"}
{"tweet_id":841809555558432768,"created_unixtime":1489538012767,"created_time":"Wed Mar 15 00:33:32 +0000 2017","lang":"en","displayname":"blavkSin_","time_zone":"Arizona","msg":"RT _DopeTruth When you real deal happy with life  🤙🏽"}
{"tweet_id":841809555566747648,"created_unixtime":1489538012769,"created_time":"Wed Mar 15 00:33:32 +0000 2017","lang":"en","displayname":"JimmyKulaga","time_zone":"Pacific Time (US & Canada)","msg":"kyleosterman2 happy birthday president🔥💯"}
{"tweet_id":841809555487051777,"created_unixtime":1489538012750,"created_time":"Wed Mar 15 00:33:32 +0000 2017","lang":"en","displayname":"movie_nap_later","time_zone":"","msg":"RT kibooki Happy Birthday Michael Caine https//tco/byp29V5y5z"}
{"tweet_id":841809555281534976,"created_unixtime":1489538012701,"created_time":"Wed Mar 15 00:33:32 +0000 2017","lang":"en","displayname":"dreyasaur","time_zone":"Pacific Time (US & Canada)","msg":"Happy birthday clarissecheng ❤🎉"}
{"tweet_id":841809555453546501,"created_unixtime":1489538012742,"created_time":"Wed Mar 15 00:33:32 +0000 2017","lang":"en","displayname":"jamisonauer","time_zone":"","msg":"Happy Birthday to my homie Lean Ling he is on the come up 💸🎶😂 Miss you bro😕🎈 har___mony"}
{"tweet_id":841809555893903365,"created_unixtime":1489538012847,"created_time":"Wed Mar 15 00:33:32 +0000 2017","lang":"en","displayname":"jingIsAGirl","time_zone":"Pacific Time (US & Canada)","msg":"RT trendinaliaPI The tweet with the most impact of the LetOurPurpleHeartsShineAt3 Trend was published by sjohns1218 https//tco/dVEp…"}
{"tweet_id":841809555906473984,"created_unixtime":1489538012850,"created_time":"Wed Mar 15 00:33:32 +0000 2017","lang":"en","displayname":"TFS_StokeCity","time_zone":"","msg":"Happy birthday to Joe Allen who turns 27 today SCFC https//tco/zesnpZ6J34 https//tco/yVF65WZD39"}
{"tweet_id":841809555956817920,"created_unixtime":1489538012862,"created_time":"Wed Mar 15 00:33:32 +0000 2017","lang":"en","displayname":"princesskuntom","time_zone":"Singapore","msg":"waieelai happy holiday to u 🌸"}
{"tweet_id":841809555986112512,"created_unixtime":1489538012869,"created_time":"Wed Mar 15 00:33:32 +0000 2017","lang":"en","displayname":"LaPaisaGordita","time_zone":"","msg":"Until lent is over I wont be sincerely happy"}
{"tweet_id":841809556225196032,"created_unixtime":1489538012926,"created_time":"Wed Mar 15 00:33:32 +0000 2017","lang":"en","displayname":"belemzeee","time_zone":"","msg":"Happy Birthday efewayne27 God bless you babygirl 😘"}
{"tweet_id":841809556187492352,"created_unixtime":1489538012917,"created_time":"Wed Mar 15 00:33:32 +0000 2017","lang":"en","displayname":"jannanuuuh","time_zone":"Hawaii","msg":"happy birthday chef StephenCurry30 😊"}
{"tweet_id":841809556707540992,"created_unixtime":1489538013041,"created_time":"Wed Mar 15 00:33:33 +0000 2017","lang":"en","displayname":"syafiqnzrn","time_zone":"Kuala Lumpur","msg":"Happy reciting  https//tco/3veGz8rP3j"}
{"tweet_id":841809556606988288,"created_unixtime":1489538013017,"created_time":"Wed Mar 15 00:33:33 +0000 2017","lang":"en","displayname":"JHardaway_","time_zone":"Quito","msg":"RT Royceda59 Happy G Day to the Ruler of the Great Lakes RIPIcewood  Heaven https//tco/niV17Z3QJg"}
{"tweet_id":841809557190017024,"created_unixtime":1489538013156,"created_time":"Wed Mar 15 00:33:33 +0000 2017","lang":"en","displayname":"concetta_cm","time_zone":"","msg":"RT SoReIatable I hate that I cry out of frustration 95  of the time its not even cause Im sad its that Im so angry I cant control…"}
{"tweet_id":841809557101854721,"created_unixtime":1489538013135,"created_time":"Wed Mar 15 00:33:33 +0000 2017","lang":"en","displayname":"TFS_StokeCity","time_zone":"","msg":" Happy Birthday to the Welsh Pirlo FAWales international Joe Allen turns 27 today SCFC… https//tco/dVR64AHciL"}
{"tweet_id":841809557101899776,"created_unixtime":1489538013135,"created_time":"Wed Mar 15 00:33:33 +0000 2017","lang":"en","displayname":"nxodxc","time_zone":"Central Time (US & Canada)","msg":"_siyenee happy birthday akins hope you enjoy it"}
{"tweet_id":841809557542199296,"created_unixtime":1489538013240,"created_time":"Wed Mar 15 00:33:33 +0000 2017","lang":"ja","displayname":"SnowmountG","time_zone":"","msg":"RT T_IWATA_EX_3JSB HAPPY💿本日発売デス‼️JSB LOVEのMV解禁ももうすぐ👍🏼✨"}
{"tweet_id":841809556984483840,"created_unixtime":1489538013107,"created_time":"Wed Mar 15 00:33:33 +0000 2017","lang":"en","displayname":"Bhe741","time_zone":"","msg":"RT Salvesayson Don’t promise when you are happy don’t reply when you are angry and don’t decide when you are sad ALDUBxDTBYTugOfHearts"}
{"tweet_id":841809557089316865,"created_unixtime":1489538013132,"created_time":"Wed Mar 15 00:33:33 +0000 2017","lang":"en","displayname":"boringartwork","time_zone":"Pacific Time (US & Canada)","msg":"RT ahnikaaustinn happy birthday to one of my favorite intellectuals philosophers persons Albert Einstein 🎈 https//tco/5rCs4gXIr6"}
{"tweet_id":841809557382942720,"created_unixtime":1489538013202,"created_time":"Wed Mar 15 00:33:33 +0000 2017","lang":"en","displayname":"warren_potts93","time_zone":"","msg":"If were in league1 next season Im happy remember we got some good away days coming up mk charlton and Northampton all good beer and gear"}
{"tweet_id":841809557592645632,"created_unixtime":1489538013252,"created_time":"Wed Mar 15 00:33:33 +0000 2017","lang":"en","displayname":"angelesalmuna","time_zone":"Eastern Time (US & Canada)","msg":"Mmm what to do when you feel depressed Very very depressed Iicannotcontrol sad getangeles honestme"}
{"tweet_id":841809557710069764,"created_unixtime":1489538013280,"created_time":"Wed Mar 15 00:33:33 +0000 2017","lang":"en","displayname":"babyyyblue33","time_zone":"","msg":"RT hyadamsfoster BradleyBredeweg I am still sad Frank died thefosters"}
{"tweet_id":841809556992888832,"created_unixtime":1489538013109,"created_time":"Wed Mar 15 00:33:33 +0000 2017","lang":"en","displayname":"kyletaylor_3","time_zone":"Eastern Time (US & Canada)","msg":"RT tylerfbradley happy pi dme https//tco/04IEq6m7sG"}
{"tweet_id":841809558184067072,"created_unixtime":1489538013393,"created_time":"Wed Mar 15 00:33:33 +0000 2017","lang":"en","displayname":"Sammiesamsam3","time_zone":"","msg":"RT SoReIatable I hate that I cry out of frustration 95  of the time its not even cause Im sad its that Im so angry I cant control…"}
{"tweet_id":841809557005438977,"created_unixtime":1489538013112,"created_time":"Wed Mar 15 00:33:33 +0000 2017","lang":"en","displayname":"eugeneedelro","time_zone":"Central Time (US & Canada)","msg":"woohoo for turning 22✨ happy pi day https//tco/pK18dXe0u2"}
{"tweet_id":841809558477533185,"created_unixtime":1489538013463,"created_time":"Wed Mar 15 00:33:33 +0000 2017","lang":"en","displayname":"915Sneakers","time_zone":"Mountain Time (US & Canada)","msg":"FranchiseKicks goatapp dont think Ill come crying to twitterIll just handle it directly with them til then Im good and happy with GOAT"}
{"tweet_id":841809558544744448,"created_unixtime":1489538013479,"created_time":"Wed Mar 15 00:33:33 +0000 2017","lang":"en","displayname":"kavivendhan5","time_zone":"","msg":"aliaa08 wish u a many more happy returns of the day alia bhatt waiting to see more movies from ur act"}
{"tweet_id":841809558561542148,"created_unixtime":1489538013483,"created_time":"Wed Mar 15 00:33:33 +0000 2017","lang":"und","displayname":"KompKamp","time_zone":"Pacific Time (US & Canada)","msg":"RT NatGeoSerbia Koja je najzanimljiva činjenica o Ajnštajnu koju ste do sad čuli  Srećan rođendan Alberte https//tco/KSPjETVEzZ"}
{"tweet_id":841809559043870720,"created_unixtime":1489538013598,"created_time":"Wed Mar 15 00:33:33 +0000 2017","lang":"en","displayname":"lgbtylerrr","time_zone":"Pacific Time (US & Canada)","msg":"i just really like to sing and it makes me happy and apparently it makes other people happy too and that makes me happier "}
{"tweet_id":841809558985179136,"created_unixtime":1489538013584,"created_time":"Wed Mar 15 00:33:33 +0000 2017","lang":"en","displayname":"emmaharrell425","time_zone":"","msg":"RT tammyrich_ The littlest shit makes me so happy I swear"}
{"tweet_id":841809559412957185,"created_unixtime":1489538013686,"created_time":"Wed Mar 15 00:33:33 +0000 2017","lang":"en","displayname":"mikayladevonne_","time_zone":"","msg":"msjasss__ thats sad"}
{"tweet_id":841809559492694016,"created_unixtime":1489538013705,"created_time":"Wed Mar 15 00:33:33 +0000 2017","lang":"en","displayname":"MsCDayao","time_zone":"Eastern Time (US & Canada)","msg":"I just want Sue to be happy 😭 TheMiddle"}
{"tweet_id":841809558779572224,"created_unixtime":1489538013535,"created_time":"Wed Mar 15 00:33:33 +0000 2017","lang":"en","displayname":"redcarpetfly","time_zone":"","msg":"Happy Birthday Steph Curry beencookinwiththesauce https//tco/sKBRAyNpbP https//tco/gm0R8P8lLa"}
{"tweet_id":841809559505272833,"created_unixtime":1489538013708,"created_time":"Wed Mar 15 00:33:33 +0000 2017","lang":"en","displayname":"AyYork","time_zone":"","msg":"RT The_Best_Vines This girls story is funny and sad at the same time https//tco/5qR8kWJcE6"}
{"tweet_id":841809559962451968,"created_unixtime":1489538013817,"created_time":"Wed Mar 15 00:33:33 +0000 2017","lang":"en","displayname":"RasslovesTrash","time_zone":"","msg":"RT ProxComics _Aphmau_ Congrats Jess Youre now a happy dog mom"}
{"tweet_id":841809560302047232,"created_unixtime":1489538013898,"created_time":"Wed Mar 15 00:33:33 +0000 2017","lang":"en","displayname":"Savavannie","time_zone":"","msg":"RT preaching my main focus is to better myself be successful and be happy so if you arent contributing to that then i dont need you i…"}
{"tweet_id":841809560243445761,"created_unixtime":1489538013884,"created_time":"Wed Mar 15 00:33:33 +0000 2017","lang":"es","displayname":"Pau_Picazzo","time_zone":"Central Time (US & Canada)","msg":"LeoRod7 ya párale a tu modo sad😥"}
{"tweet_id":841809560268640256,"created_unixtime":1489538013890,"created_time":"Wed Mar 15 00:33:33 +0000 2017","lang":"en","displayname":"Mandaa2x","time_zone":"","msg":"RT JustyFBaby Greatest happy birthday wish Ive ever seen https//tco/UrlPQdhFpt"}
{"tweet_id":841809558372786176,"created_unixtime":1489538013438,"created_time":"Wed Mar 15 00:33:33 +0000 2017","lang":"en","displayname":"TheaGood","time_zone":"Jerusalem","msg":"SAMESAD SONG https//tco/pDX6PSY8fj"}
{"tweet_id":841809560532852736,"created_unixtime":1489538013953,"created_time":"Wed Mar 15 00:33:33 +0000 2017","lang":"en","displayname":"desijuliette","time_zone":"Pacific Time (US & Canada)","msg":"RT lingerie_addict In an industry thats all to happy to discard women once they reach the age of 25 campaigns like this are necessary… "}
{"tweet_id":841809560935493633,"created_unixtime":1489538014049,"created_time":"Wed Mar 15 00:33:34 +0000 2017","lang":"en","displayname":"yurich_ai","time_zone":"","msg":"Woken up to see I have 8 million subscribers Cant even express how grateful I am and how happy you all make me thank you so much guys"}
{"tweet_id":841809560990031874,"created_unixtime":1489538014062,"created_time":"Wed Mar 15 00:33:34 +0000 2017","lang":"en","displayname":"_Voiid","time_zone":"","msg":"RT kanyefeeI its sad to see a good person change"}
{"tweet_id":841809560818061312,"created_unixtime":1489538014021,"created_time":"Wed Mar 15 00:33:34 +0000 2017","lang":"en","displayname":"xohsehuney","time_zone":"Central Time (US & Canada)","msg":"RT kissmemyfan_ Happy White Day~💕[HQ] 140419 WuYiFan  Gimpo Airport CrPetrichorhttps//tco/s2wI27Kxbm https//tco/KCRrThRLw8"}
{"tweet_id":841809561199730688,"created_unixtime":1489538014112,"created_time":"Wed Mar 15 00:33:34 +0000 2017","lang":"en","displayname":"ulf_blombergswe","time_zone":"","msg":"RT CUTEST_ANlMALS this makes me so happy  https//tco/4ebwUxo9Hg"}
{"tweet_id":841809560213966848,"created_unixtime":1489538013877,"created_time":"Wed Mar 15 00:33:33 +0000 2017","lang":"en","displayname":"AffnanRohaizad","time_zone":"Alaska","msg":"Happy birthday lalinggg May Allah bless u always  🙆 https//tco/r02Rpgh1AN"}
{"tweet_id":841809561464000513,"created_unixtime":1489538014175,"created_time":"Wed Mar 15 00:33:34 +0000 2017","lang":"en","displayname":"JazzyJeffin","time_zone":"Central Time (US & Canada)","msg":"RT jazzyxjeffin HappyPiDay and Happy Birthday Albert Einstein👑 https//tco/UR02YbAIyr"}
{"tweet_id":841809561405280256,"created_unixtime":1489538014161,"created_time":"Wed Mar 15 00:33:34 +0000 2017","lang":"en","displayname":"Lady_janelle13","time_zone":"","msg":"RT JadinePublicist Happy 3rd Year Anniversary JaDines Stay Strong 2014 • 2015 • 2016 • 2017 Salamat Ive learned a lot 😘LetOurPu…"}
{"tweet_id":841809560205721600,"created_unixtime":1489538013875,"created_time":"Wed Mar 15 00:33:33 +0000 2017","lang":"en","displayname":"michaeljeanco","time_zone":"Pacific Time (US & Canada)","msg":"Happy birthday to this beautiful unicorn of a creature right here 💕 I love this girl to d… https//tco/87wYeIwDiS https//tco/Eb4zAm1Pz6"}
{"tweet_id":841809562189553664,"created_unixtime":1489538014348,"created_time":"Wed Mar 15 00:33:34 +0000 2017","lang":"en","displayname":"JAtencio92","time_zone":"","msg":"DammitKong happens man people just arent happy and keep trying to find something new instead of enjoying"}
{"tweet_id":841809562156036097,"created_unixtime":1489538014340,"created_time":"Wed Mar 15 00:33:34 +0000 2017","lang":"en","displayname":"noah_sebass","time_zone":"Pacific Time (US & Canada)","msg":"RT noah_sebass Happy to announce that I signed with Under Armour today I would like to thank my familymy friends and my haters https/…"}
{"tweet_id":841809559090012160,"created_unixtime":1489538013609,"created_time":"Wed Mar 15 00:33:33 +0000 2017","lang":"en","displayname":"CallMe_Cayla","time_zone":"Quito","msg":"BreezyxBri_ 😂😂😂😂😂 and Im always telling her she has no life but Im the one looking sad asf cause I want to be cuddled up😅"}
{"tweet_id":841809562269306880,"created_unixtime":1489538014367,"created_time":"Wed Mar 15 00:33:34 +0000 2017","lang":"en","displayname":"ryder7189","time_zone":"","msg":"RT trutherbotblue Do not educate your children to be rich Educate them to be happy So when they grow up theyll know the value of thin…"}
{"tweet_id":841809561367531520,"created_unixtime":1489538014152,"created_time":"Wed Mar 15 00:33:34 +0000 2017","lang":"en","displayname":"JohnLPitts","time_zone":"Central Time (US & Canada)","msg":"Sad trombone is sad https//tco/h4QLyrgoqX"}
{"tweet_id":841809563267416064,"created_unixtime":1489538014605,"created_time":"Wed Mar 15 00:33:34 +0000 2017","lang":"en","displayname":"orangeflute","time_zone":"Pacific Time (US & Canada)","msg":"RT andrewhunterm A lot of places are saying Happy birthday Einstein who would have turned 138 years old today I meanunder what cir…"}
{"tweet_id":841809559249379329,"created_unixtime":1489538013647,"created_time":"Wed Mar 15 00:33:33 +0000 2017","lang":"en","displayname":"kilokyla","time_zone":"Hawaii","msg":"Block me https//tco/QOwUDuksXH"}
{"tweet_id":841809563015892993,"created_unixtime":1489538014545,"created_time":"Wed Mar 15 00:33:34 +0000 2017","lang":"en","displayname":"jakepaluba10","time_zone":"","msg":"gtecce46 happy birthday tho brother"}
{"tweet_id":841809563393257472,"created_unixtime":1489538014635,"created_time":"Wed Mar 15 00:33:34 +0000 2017","lang":"en","displayname":"Jamberjer","time_zone":"Taipei","msg":"RT yourdailyhugots We all deserve to be happy"}
{"tweet_id":841809561275269121,"created_unixtime":1489538014130,"created_time":"Wed Mar 15 00:33:34 +0000 2017","lang":"en","displayname":"fashionkellbell","time_zone":"","msg":"Happy St Pattys Day nails StPatricksDay nails happy https//tco/ffb1Mv7nr1"}
{"tweet_id":841809563099766784,"created_unixtime":1489538014565,"created_time":"Wed Mar 15 00:33:34 +0000 2017","lang":"en","displayname":"simplytyjosh","time_zone":"Pacific Time (US & Canada)","msg":"RT shamelessvines » happy mick https//tco/vAXiO9ANdQ"}
{"tweet_id":841809562860699648,"created_unixtime":1489538014508,"created_time":"Wed Mar 15 00:33:34 +0000 2017","lang":"en","displayname":"OMFGitsASHLYN","time_zone":"Central Time (US & Canada)","msg":"RT troytheblackguy All she wanted to do was say happy birthday to her friend but twitter just couldnt let her live lmaooo https//tco/X…"}
{"tweet_id":841809563678527490,"created_unixtime":1489538014703,"created_time":"Wed Mar 15 00:33:34 +0000 2017","lang":"en","displayname":"sudhikaushik","time_zone":"Hawaii","msg":"Back from a sabbatical to wish you all a happy Holi https//tco/kHKZvO8cuD"}
{"tweet_id":841809563858948096,"created_unixtime":1489538014746,"created_time":"Wed Mar 15 00:33:34 +0000 2017","lang":"en","displayname":"PeopleB0T123","time_zone":"","msg":"Tom is  not very sad with Zoe because she walks on glass and thats true"}
{"tweet_id":841809563540193280,"created_unixtime":1489538014670,"created_time":"Wed Mar 15 00:33:34 +0000 2017","lang":"en","displayname":"jkobbster","time_zone":"Quito","msg":"Ed says happy pi dayhttps//tco/NMfxyfg4sq"}
{"tweet_id":841809564412583936,"created_unixtime":1489538014878,"created_time":"Wed Mar 15 00:33:34 +0000 2017","lang":"en","displayname":"dantogwell","time_zone":"London","msg":"Happy birthday bro 🤙🏼 have a good one g Alex__Ade"}
{"tweet_id":841809564089630721,"created_unixtime":1489538014801,"created_time":"Wed Mar 15 00:33:34 +0000 2017","lang":"en","displayname":"wiisani","time_zone":"","msg":"Sad Truth https//tco/O4aQdwnYBj"}
{"tweet_id":841809564588748800,"created_unixtime":1489538014920,"created_time":"Wed Mar 15 00:33:34 +0000 2017","lang":"en","displayname":"brenahf","time_zone":"Brasilia","msg":"RT xxiomaraa_ waking up happy is the best feeling"}
{"tweet_id":841809564261613569,"created_unixtime":1489538014842,"created_time":"Wed Mar 15 00:33:34 +0000 2017","lang":"en","displayname":"DomonkosChardae","time_zone":"","msg":"gwenstefani VoiceBlinds So happy your team is FULL  So ready for the VoiceBattles"}
{"tweet_id":841809564974620673,"created_unixtime":1489538015012,"created_time":"Wed Mar 15 00:33:35 +0000 2017","lang":"en","displayname":"SchuylerPierson","time_zone":"","msg":"happy birthday😊💕 lindseyyjanne12"}
{"tweet_id":841809564391636993,"created_unixtime":1489538014873,"created_time":"Wed Mar 15 00:33:34 +0000 2017","lang":"und","displayname":"atvguy","time_zone":"","msg":"prisonforpedos who pizzagate https//tco/Wk1c9pwrIi"}
{"tweet_id":841809565649784832,"created_unixtime":1489538015173,"created_time":"Wed Mar 15 00:33:35 +0000 2017","lang":"en","displayname":"SoniaHuerta16","time_zone":"","msg":"RT principallopez Its ACTION week and this is the way the Tartans act Maybe we should rethink this activity Get your attitude right TA…"}
{"tweet_id":841809565683449856,"created_unixtime":1489538015181,"created_time":"Wed Mar 15 00:33:35 +0000 2017","lang":"en","displayname":"GotBonJovi","time_zone":"Eastern Time (US & Canada)","msg":"RT BonJoviUpdates OnThisDay in history March 14 1983The band is officially formedHappy Anniversary BonJovi… "}
{"tweet_id":841809565821808640,"created_unixtime":1489538015214,"created_time":"Wed Mar 15 00:33:35 +0000 2017","lang":"en","displayname":"exorevelnct","time_zone":"Beijing","msg":"RT jaehyunxo its so sad nct always get dragged when it comes to the mistreatment of other sm artists sigh its clearly sms fault u don…"}
{"tweet_id":841809565570093057,"created_unixtime":1489538015154,"created_time":"Wed Mar 15 00:33:35 +0000 2017","lang":"en","displayname":"paulinejoy97","time_zone":"","msg":"RT ohmybaequotes That sad moment when you find an old conversation between you and someone you dont talk to anymore"}
{"tweet_id":841809565792522240,"created_unixtime":1489538015207,"created_time":"Wed Mar 15 00:33:35 +0000 2017","lang":"en","displayname":"Iasha_bethea","time_zone":"Arizona","msg":"RT kanyefeeI its sad to see a good person change"}
{"tweet_id":841809566031577089,"created_unixtime":1489538015264,"created_time":"Wed Mar 15 00:33:35 +0000 2017","lang":"en","displayname":"uncustom_mary","time_zone":"Central Time (US & Canada)","msg":"Just one more year and then youll be happyAnother year and then youll be happy"}
{"tweet_id":841809565750550528,"created_unixtime":1489538015197,"created_time":"Wed Mar 15 00:33:35 +0000 2017","lang":"en","displayname":"jacobtevans","time_zone":"Eastern Time (US & Canada)","msg":"So happy to see BlackFlash in this episode TheFlash"}
{"tweet_id":841809566836781058,"created_unixtime":1489538015456,"created_time":"Wed Mar 15 00:33:35 +0000 2017","lang":"en","displayname":"PennilessScribe","time_zone":"Pacific Time (US & Canada)","msg":"RT Ajmarkstahler Happy Tuesday My beautiful girl after her debut in the school play She did an amazing job TuesdayThoughts https//t…"}
{"tweet_id":841809566753009665,"created_unixtime":1489538015436,"created_time":"Wed Mar 15 00:33:35 +0000 2017","lang":"en","displayname":"Locks4Philly","time_zone":"","msg":"RT BellaBucchiotti Happy PiDay  Check out these mini pies I made for WearWearWell PiDay https//tco/CF8TFqGlHH https//tco/jGLvuSQ…"}
{"tweet_id":841809566992109568,"created_unixtime":1489538015493,"created_time":"Wed Mar 15 00:33:35 +0000 2017","lang":"es","displayname":"MattLuna99","time_zone":"Buenos Aires","msg":"TomyDropulich dejo de hablar porq se me acaban los caracteres y sadXoxo"}
{"tweet_id":841809567168241666,"created_unixtime":1489538015535,"created_time":"Wed Mar 15 00:33:35 +0000 2017","lang":"en","displayname":"rutanpela","time_zone":"Pacific Time (US & Canada)","msg":"Happy Seventh Baby https//tco/jaj2d94bmx"}
{"tweet_id":841809567721836544,"created_unixtime":1489538015667,"created_time":"Wed Mar 15 00:33:35 +0000 2017","lang":"en","displayname":"Shhmictor","time_zone":"Pacific Time (US & Canada)","msg":"Its sad when you realize your reality When you know something was never going to happen and it never does"}
{"tweet_id":841809564907446272,"created_unixtime":1489538014996,"created_time":"Wed Mar 15 00:33:34 +0000 2017","lang":"ja","displayname":"narurunasoo","time_zone":"","msg":"k10208888 인수~☺もーにん！14일은 Curry선수가 생일이네요🎉인수와 같은 3월의 생일😆인연이 있네요🏀💞🙆👏👏연령도 함께이네요😊좋은 1일을 보내 주세요🙌💕https//tco/ee5pzpwVkm https//tco/j9174en25w"}
{"tweet_id":841809567558201345,"created_unixtime":1489538015628,"created_time":"Wed Mar 15 00:33:35 +0000 2017","lang":"en","displayname":"CarsonCoffield","time_zone":"","msg":"LMAOOO SAD https//tco/2VDFQhrZYg"}
{"tweet_id":841809568359436288,"created_unixtime":1489538015819,"created_time":"Wed Mar 15 00:33:35 +0000 2017","lang":"en","displayname":"Mostasvsja","time_zone":"","msg":"RT Vulnerable its so sad and frustrating when you try your hardest but people still dont find it good enough"}
{"tweet_id":841809568720076800,"created_unixtime":1489538015905,"created_time":"Wed Mar 15 00:33:35 +0000 2017","lang":"en","displayname":"Dashauna_Wauna","time_zone":"Central Time (US & Canada)","msg":"RT _Samanthamariee yall ever been sad cause how skinny you are or dass just me"}
{"tweet_id":841809568124571648,"created_unixtime":1489538015763,"created_time":"Wed Mar 15 00:33:35 +0000 2017","lang":"en","displayname":"uwantaqua","time_zone":"","msg":"RT kestrelambrose “Get yourself a black spiritual feminist from Erykah Badu Twitter and be happy like Ace Hood” 🤸🏾‍♀️ https//tco/t9RwN…"}
{"tweet_id":841809568304848899,"created_unixtime":1489538015806,"created_time":"Wed Mar 15 00:33:35 +0000 2017","lang":"en","displayname":"princesstay_14","time_zone":"Atlantic Time (Canada)","msg":"Love you💗💗 https//tco/W1MWHzn7u2"}
{"tweet_id":841809568569151489,"created_unixtime":1489538015869,"created_time":"Wed Mar 15 00:33:35 +0000 2017","lang":"en","displayname":"YourGurlDaYana","time_zone":"Central Time (US & Canada)","msg":"RT kanyefeeI its sad to see a good person change"}
{"tweet_id":841809568653049856,"created_unixtime":1489538015889,"created_time":"Wed Mar 15 00:33:35 +0000 2017","lang":"en","displayname":"SueHDemocrat","time_zone":"Pacific Time (US & Canada)","msg":"RT politicalmablog VABVOX Loud men screaming vs smart woman DOING Sad that people chose the former"}
{"tweet_id":841809568996986881,"created_unixtime":1489538015971,"created_time":"Wed Mar 15 00:33:35 +0000 2017","lang":"en","displayname":"aprilann___","time_zone":"","msg":"Thirtyminutes until ThisIsUs So happy my bestie is excited but also on pins amp needles And is equally intoxicated Cheers"}
{"tweet_id":841809568783073280,"created_unixtime":1489538015920,"created_time":"Wed Mar 15 00:33:35 +0000 2017","lang":"en","displayname":"therealkiaahh","time_zone":"Arizona","msg":"Look how happy he is 😭 imma spoil my husband like this no joke https//tco/tmBWBk2kGm"}
{"tweet_id":841809569181532161,"created_unixtime":1489538016015,"created_time":"Wed Mar 15 00:33:36 +0000 2017","lang":"en","displayname":"BlueInIndy","time_zone":"Central Time (US & Canada)","msg":"maddow  still sad because your lover Hillary lost"}
{"tweet_id":841809569202470912,"created_unixtime":1489538016020,"created_time":"Wed Mar 15 00:33:36 +0000 2017","lang":"en","displayname":"HitPauseButton","time_zone":"","msg":"Alexandriathred Great film  It also made me sad period  Very emotional"}
{"tweet_id":841809566404866048,"created_unixtime":1489538015353,"created_time":"Wed Mar 15 00:33:35 +0000 2017","lang":"en","displayname":"linds4fins","time_zone":"","msg":"Happy NationalPiDay Did you know that you can use Pi to calculate waves ocean tides ebb flow and the shapes o… https//tco/SisiQuif54"}
{"tweet_id":841809569768656896,"created_unixtime":1489538016155,"created_time":"Wed Mar 15 00:33:36 +0000 2017","lang":"en","displayname":"shiroihime","time_zone":"Pacific Time (US & Canada)","msg":"RT chika___n Nagi Happy white day♥️♥️ Do you remember our promise Together with you in this endless dream https//tco/X3kiKixXDJ"}
{"tweet_id":841809569802158080,"created_unixtime":1489538016163,"created_time":"Wed Mar 15 00:33:36 +0000 2017","lang":"en","displayname":"courtjeanmurray","time_zone":"Hawaii","msg":"thelastmelllon happy birthday you fabulous human Cannot wait to post all the photos I have of you on my phone lt3 RT that"}
{"tweet_id":841809569181519872,"created_unixtime":1489538016015,"created_time":"Wed Mar 15 00:33:36 +0000 2017","lang":"en","displayname":"SweetSweetHazza","time_zone":"Pacific Time (US & Canada)","msg":"Harry_Styles Youre the reason of my smile I love you and Im proud of you I would be very happy if you follow me one day ❤️  752"}
{"tweet_id":841809569919709184,"created_unixtime":1489538016191,"created_time":"Wed Mar 15 00:33:36 +0000 2017","lang":"en","displayname":"jking065","time_zone":"Quito","msg":"RT KazeSkyz This stunt by Rachel Maddow is just a sad attempt to beat TuckerCarlson in the ratings  Im not falling for her clickbait…"}
{"tweet_id":841809569860984838,"created_unixtime":1489538016177,"created_time":"Wed Mar 15 00:33:36 +0000 2017","lang":"en","displayname":"emmaa314","time_zone":"","msg":"RT jordanmart1nn Happy birthday🔞  emmaa314 https//tco/PPZLb9fIWn"}
{"tweet_id":841809570087354370,"created_unixtime":1489538016231,"created_time":"Wed Mar 15 00:33:36 +0000 2017","lang":"en","displayname":"kaye22anne","time_zone":"","msg":"ChrisEvans 😢Youre not being mean honeyI also wanted you to be happy 😘hope every parents or future parents out th… https//tco/lgizXsqvTx"}
{"tweet_id":841809570066534400,"created_unixtime":1489538016226,"created_time":"Wed Mar 15 00:33:36 +0000 2017","lang":"en","displayname":"katttiiee_","time_zone":"","msg":"RT CoupIesPosts Yall could easily get ur girl one of these for under 100 and shell be so happy https//tco/ExnOSAW9TD"}
{"tweet_id":841809570100047873,"created_unixtime":1489538016234,"created_time":"Wed Mar 15 00:33:36 +0000 2017","lang":"en","displayname":"h2Ojinyoung","time_zone":"","msg":"RT bangtaened that lovely smile on yoongis face while watching hoseok he looks so happy i love sope https//tco/I4SkkiTCxQ"}
{"tweet_id":841809569743552517,"created_unixtime":1489538016149,"created_time":"Wed Mar 15 00:33:36 +0000 2017","lang":"en","displayname":"BronzGold","time_zone":"Central Time (US & Canada)","msg":"The 1st quote helped me https//tco/8kh3iBgexg"}
{"tweet_id":841809570183946240,"created_unixtime":1489538016254,"created_time":"Wed Mar 15 00:33:36 +0000 2017","lang":"en","displayname":"bIueguitar","time_zone":"Brasilia","msg":"SherriSaum1 a thing about Stef that you love with all your heart thefosterschat THANK U FOR SAYING HI TO MY GIRL SHES SO HAPPY lt3 ILYSM"}
{"tweet_id":841809570162970633,"created_unixtime":1489538016249,"created_time":"Wed Mar 15 00:33:36 +0000 2017","lang":"en","displayname":"LacieRenee_","time_zone":"Tijuana","msg":"this made me happy https//tco/B7mEYbgVaA"}
{"tweet_id":841809570632761347,"created_unixtime":1489538016361,"created_time":"Wed Mar 15 00:33:36 +0000 2017","lang":"en","displayname":"TaylorHensley_","time_zone":"","msg":"thanks chase💓💓💓 https//tco/GoDDka92cM"}
{"tweet_id":841809571169636356,"created_unixtime":1489538016489,"created_time":"Wed Mar 15 00:33:36 +0000 2017","lang":"und","displayname":"Gamer_FueI","time_zone":"Eastern Time (US & Canada)","msg":"RT vxrbxl happy π day🍴💖 https//tco/HzFW5nCfiA"}
{"tweet_id":841809570733412352,"created_unixtime":1489538016385,"created_time":"Wed Mar 15 00:33:36 +0000 2017","lang":"en","displayname":"Shades_of_red7","time_zone":"","msg":"Me as an actual guy Omg im so happy https//tco/rg376GlaY4"}
{"tweet_id":841809572104929282,"created_unixtime":1489538016712,"created_time":"Wed Mar 15 00:33:36 +0000 2017","lang":"en","displayname":"Sheaeffinbutta","time_zone":"Hawaii","msg":"RT kanyefeeI its sad to see a good person change"}
{"tweet_id":841809571970596864,"created_unixtime":1489538016680,"created_time":"Wed Mar 15 00:33:36 +0000 2017","lang":"en","displayname":"nanafreak1123","time_zone":"","msg":"kkumgidae yeaah probably june also took a little part in rytham ta im just happy the other members took part soo prouuud 😭🙏🏻"}
{"tweet_id":841809572180316160,"created_unixtime":1489538016730,"created_time":"Wed Mar 15 00:33:36 +0000 2017","lang":"en","displayname":"midori1997","time_zone":"Irkutsk","msg":"RT horse_memorys Happy Birthday Yutaka Take🎉 https//tco/tQvp2sbuKp"}
{"tweet_id":841809572150951936,"created_unixtime":1489538016723,"created_time":"Wed Mar 15 00:33:36 +0000 2017","lang":"ko","displayname":"Bread9_","time_zone":"Pacific Time (US & Canada)","msg":"RT FF14_TENSHIELD 파이널판타지14 패치 33 추가 지역소르 카이 Sohr Khai는 드래곤족 언어로so[h]r  apology / k[h]ai  sad 슬픈 사죄라는 뜻을 담고 있습니다소[호]르 크… "}
{"tweet_id":841809572331458562,"created_unixtime":1489538016766,"created_time":"Wed Mar 15 00:33:36 +0000 2017","lang":"en","displayname":"dickmedowndun","time_zone":"","msg":"breakmyheqrt brook im actually so happy for you"}
{"tweet_id":841809572398551042,"created_unixtime":1489538016782,"created_time":"Wed Mar 15 00:33:36 +0000 2017","lang":"en","displayname":"BrandonMAX14","time_zone":"","msg":"RT MadyMaynard happy birthday maximo heres a rlly old pic😂💙 BrandonMAX14 https//tco/9PfCpLEaEq"}
{"tweet_id":841809572423692288,"created_unixtime":1489538016788,"created_time":"Wed Mar 15 00:33:36 +0000 2017","lang":"en","displayname":"Zxynftmiley","time_zone":"","msg":"RT billyraycyrus Looks like its time to rock n roll MileyCyrus happy   Excited to hear more of the new stuff  Turn it loose  htt…"}
{"tweet_id":841809571832307713,"created_unixtime":1489538016647,"created_time":"Wed Mar 15 00:33:36 +0000 2017","lang":"en","displayname":"AlliStrang","time_zone":"","msg":"happy bday to my child u my girl https//tco/bnu8onV8DT"}
{"tweet_id":841809573220515840,"created_unixtime":1489538016978,"created_time":"Wed Mar 15 00:33:36 +0000 2017","lang":"en","displayname":"moonrockwoo","time_zone":"Pacific Time (US & Canada)","msg":"RT fantagiogroup [아스트로] 20170315 HAPPY BIRTHDAY JINJIN♥https//tco/V5gCN4Og73ASTRO JINJIN 진진 HAPPYJINJINDAY💕 https//tco/wheN9y…"}
{"tweet_id":841809573518356480,"created_unixtime":1489538017049,"created_time":"Wed Mar 15 00:33:37 +0000 2017","lang":"ja","displayname":"szoMK2","time_zone":"Tokyo","msg":"RT 526satou Happy Birthday   ✨杏果 ✨   いつも笑顔、勇気、感動をありがとう≧∀≦    これからも応援し続けます https//tco/xFJKBMx4QW"}
{"tweet_id":841809573656711168,"created_unixtime":1489538017082,"created_time":"Wed Mar 15 00:33:37 +0000 2017","lang":"en","displayname":"Ot5slaying","time_zone":"","msg":"RT 5HVotingStats Scared Of Happy FifthHarmony YouKnowYouLoveThem radiodisney"}
{"tweet_id":841809573354844160,"created_unixtime":1489538017010,"created_time":"Wed Mar 15 00:33:37 +0000 2017","lang":"en","displayname":"francinetwd","time_zone":"Mid-Atlantic","msg":"RT MelanieLBBH Happy Valentines Day Send a lil valentine to someone u love💝💕https//tco/cZTT5ULqzF 💕 https//tco/OGSarePkvO"}
{"tweet_id":841809573753311243,"created_unixtime":1489538017105,"created_time":"Wed Mar 15 00:33:37 +0000 2017","lang":"en","displayname":"vernoffs","time_zone":"Arizona","msg":"hansol BETTER have woken up feeling well rested and happy and ate a great breakfast or i will fight"}
{"tweet_id":841809572532764673,"created_unixtime":1489538016814,"created_time":"Wed Mar 15 00:33:36 +0000 2017","lang":"en","displayname":"hesitantjimin","time_zone":"Pacific Time (US & Canada)","msg":"୭̥°☾ hi baby i hope youre okay i miss you so much but im so happy to call you mine please continue to take… https//tco/6fNriGIyEP"}
{"tweet_id":841809573694603264,"created_unixtime":1489538017091,"created_time":"Wed Mar 15 00:33:37 +0000 2017","lang":"en","displayname":"electroblazer","time_zone":"","msg":"discordapp Prismeous make it real or Ill be sad"}
{"tweet_id":841809573962960897,"created_unixtime":1489538017155,"created_time":"Wed Mar 15 00:33:37 +0000 2017","lang":"en","displayname":"itsdenangel","time_zone":"Pacific Time (US & Canada)","msg":"RT dailytxtmsg There are so many beautiful reasons to be happy"}
{"tweet_id":841809574483116032,"created_unixtime":1489538017279,"created_time":"Wed Mar 15 00:33:37 +0000 2017","lang":"en","displayname":"DeplorableTJ","time_zone":"Central Time (US & Canada)","msg":"RT ThomasWictor For clicks likes shares fame followersThey all want you to be afraidI want you to be calm confident a… "}
{"tweet_id":841809570922131464,"created_unixtime":1489538016430,"created_time":"Wed Mar 15 00:33:36 +0000 2017","lang":"en","displayname":"graceeklein","time_zone":"Pacific Time (US & Canada)","msg":"happy birthday to my sweetest child i love you very much count von count hope it was a good one 💕💓💕💓💓💕💓 https//tco/kC8u7mddXV"}
{"tweet_id":841809574608924674,"created_unixtime":1489538017309,"created_time":"Wed Mar 15 00:33:37 +0000 2017","lang":"en","displayname":"alovelybelly","time_zone":"Pacific Time (US & Canada)","msg":"RT 5hineeinthehous alovelybelly HAPPY BIRTHDAY LIZ 🎊🎉🎈 i hope you had a great day ily 💟"}
{"tweet_id":841809573065461760,"created_unixtime":1489538016941,"created_time":"Wed Mar 15 00:33:36 +0000 2017","lang":"en","displayname":"n_mclaughlin041","time_zone":"","msg":"Its so sad that mental doesnt be made out to be as bad as a physical disability when mental health is just as worse"}
{"tweet_id":841809574961266690,"created_unixtime":1489538017393,"created_time":"Wed Mar 15 00:33:37 +0000 2017","lang":"es","displayname":"jessijimenez23","time_zone":"","msg":"Cuando ya no hablas como antes con alguien es porque han perdido interés el uno del otro o porque cayeron en la rutina sad"}
{"tweet_id":841809573598134272,"created_unixtime":1489538017068,"created_time":"Wed Mar 15 00:33:37 +0000 2017","lang":"en","displayname":"mjsmith0523","time_zone":"Central Time (US & Canada)","msg":"Noah being showing up Just Made Me Happy TheFosters"}
{"tweet_id":841809574835322880,"created_unixtime":1489538017363,"created_time":"Wed Mar 15 00:33:37 +0000 2017","lang":"en","displayname":"WokeKimani","time_zone":"","msg":"If anyone knows anything about Egypt and still think Egyptians are white are sad and needa go back to school https//tco/5BZVghhk5f"}
{"tweet_id":841809573581324288,"created_unixtime":1489538017064,"created_time":"Wed Mar 15 00:33:37 +0000 2017","lang":"en","displayname":"slima2485","time_zone":"Casablanca","msg":"RT theawkwardyeti Happy PiDay https//tco/7Dz72ARIwg"}
{"tweet_id":841809575309398016,"created_unixtime":1489538017476,"created_time":"Wed Mar 15 00:33:37 +0000 2017","lang":"en","displayname":"alexx_raghh99","time_zone":"","msg":"RT alyssapanchu happy birthday to the realist one imy amp ily so blessed to have an amazing cousinship like ours hope your day wa… "}
{"tweet_id":841809574416023553,"created_unixtime":1489538017263,"created_time":"Wed Mar 15 00:33:37 +0000 2017","lang":"en","displayname":"onthemixchannel","time_zone":"","msg":"I added a video to a YouTube playlist https//tco/4nHpRiO1gc Khmer Funky Remix 2017 ★ បុកបែកបាស់​ ★sad"}
{"tweet_id":841809575753994241,"created_unixtime":1489538017582,"created_time":"Wed Mar 15 00:33:37 +0000 2017","lang":"en","displayname":"MattyIce_Wood","time_zone":"Mountain Time (US & Canada)","msg":"RT SN_Ohio Happy birthday StephenCurry30 heres a compilation video https//tco/JmYjJXLt65"}
{"tweet_id":841809575993057280,"created_unixtime":1489538017639,"created_time":"Wed Mar 15 00:33:37 +0000 2017","lang":"en","displayname":"killaRih","time_zone":"Pacific Time (US & Canada)","msg":"RT killaRih How to keep me happy threadlt3"}
{"tweet_id":841809576731238400,"created_unixtime":1489538017815,"created_time":"Wed Mar 15 00:33:37 +0000 2017","lang":"en","displayname":"ge0rgereed_","time_zone":"","msg":"RT Stormzy1 Do what makes you happy mate"}
{"tweet_id":841809577196756992,"created_unixtime":1489538017926,"created_time":"Wed Mar 15 00:33:37 +0000 2017","lang":"en","displayname":"RadioAktiveBBTS","time_zone":"Pacific Time (US & Canada)","msg":"Happy bday CypressMoreno"}
{"tweet_id":841809577498824705,"created_unixtime":1489538017998,"created_time":"Wed Mar 15 00:33:37 +0000 2017","lang":"en","displayname":"PhoenixdadonTre","time_zone":"","msg":"RT RapSpotlights RT if youre happy that Kodak Black is out and making new music 🔥 https//tco/8wyxkj92Su"}
{"tweet_id":841809577809199104,"created_unixtime":1489538018072,"created_time":"Wed Mar 15 00:33:38 +0000 2017","lang":"en","displayname":"YMCMB_Kahlil","time_zone":"Central Time (US & Canada)","msg":"RT SexualGif my main focus is to better myself be successful and be happy so if you arent contributing to that then i dont need you i…"}
{"tweet_id":841809578111193088,"created_unixtime":1489538018144,"created_time":"Wed Mar 15 00:33:38 +0000 2017","lang":"en","displayname":"Jprn89dallas1","time_zone":"","msg":"jimeh5 GeorgiaDirtRoad RightWingAngel FreedomChild3 jojoh888  So sad So false CountryOverParty "}
{"tweet_id":841809578018918400,"created_unixtime":1489538018122,"created_time":"Wed Mar 15 00:33:38 +0000 2017","lang":"en","displayname":"SpawnWaveMedia","time_zone":"","msg":"JonTron is big time under fire online right now I used to watch GameGrumps all the time sad to see whats happened with him"}
{"tweet_id":841809577893089282,"created_unixtime":1489538018092,"created_time":"Wed Mar 15 00:33:38 +0000 2017","lang":"en","displayname":"adxellaa","time_zone":"","msg":"mattwillsmusic being biromantic this makes me really fucking happy bless you🏳️‍🌈"}
{"tweet_id":841809578568372224,"created_unixtime":1489538018253,"created_time":"Wed Mar 15 00:33:38 +0000 2017","lang":"en","displayname":"OLU_MIghty007","time_zone":"Central Time (US & Canada)","msg":"RT Devils_Latest Happy 24th Birthday paulpogba MUFC https//tco/vR1BE3P6wR"}
{"tweet_id":841809578698387456,"created_unixtime":1489538018284,"created_time":"Wed Mar 15 00:33:38 +0000 2017","lang":"en","displayname":"rishabree","time_zone":"Eastern Time (US & Canada)","msg":"_terri_jones Ahhh understandable Its a very happy sounding word isnt it"}
{"tweet_id":841809579495251969,"created_unixtime":1489538018474,"created_time":"Wed Mar 15 00:33:38 +0000 2017","lang":"en","displayname":"iisspesial","time_zone":"Pacific Time (US & Canada)","msg":"if she makes u happy then i dont have to worry abt u n ur anxiety problems anymore "}
{"tweet_id":841809579029737472,"created_unixtime":1489538018363,"created_time":"Wed Mar 15 00:33:38 +0000 2017","lang":"ja","displayname":"yuujnchou","time_zone":"Pacific Time (US & Canada)","msg":"RT shamakho_works 海未ちゃん描きました。happy birthday🎉lovelive園田海未生誕祭2017 3月15日は園田海未の誕生日 https//tco/haJCpEMlak"}
{"tweet_id":841809579138736128,"created_unixtime":1489538018389,"created_time":"Wed Mar 15 00:33:38 +0000 2017","lang":"ja","displayname":"red8hikaru","time_zone":"","msg":"RT lizmgukk 海未ちゃん誕生日おめでとう！！園田海未生誕祭2017 まとめあげました↓【μs】Happy Birthday「H２８」  トマー pixiv https//tco/2W66OhiEMI https//tco/s2fYsA…"}
{"tweet_id":841809579600142340,"created_unixtime":1489538018499,"created_time":"Wed Mar 15 00:33:38 +0000 2017","lang":"en","displayname":"kaneishakeith","time_zone":"","msg":"Im so happy and thankful"}
{"tweet_id":841809579365261312,"created_unixtime":1489538018443,"created_time":"Wed Mar 15 00:33:38 +0000 2017","lang":"en","displayname":"HaleyRichardso6","time_zone":"","msg":"Hayyyy find new girl and be happy  https//tco/79sCy3kkIq https//tco/pZhIUWh7zg"}
{"tweet_id":841809580338241536,"created_unixtime":1489538018675,"created_time":"Wed Mar 15 00:33:38 +0000 2017","lang":"en","displayname":"MissGalliawolf","time_zone":"","msg":"RT lizparlett I forgot to post this yesterday but who Got Sad about Carey in last weeks TheZoneCast bc I sure did https//tco/xx7TKE5q…"}
{"tweet_id":841809580342538240,"created_unixtime":1489538018676,"created_time":"Wed Mar 15 00:33:38 +0000 2017","lang":"en","displayname":"kaileyrenee15","time_zone":"","msg":"Dont try to come in my life now you see Im good amp happy  💯"}
{"tweet_id":841809580216745985,"created_unixtime":1489538018646,"created_time":"Wed Mar 15 00:33:38 +0000 2017","lang":"en","displayname":"SpotON_PURRFECT","time_zone":"","msg":"Happy Snowing                💗           My winter wonderful lt 3Action  💎https//tco/kEuwWnhvt7"}
{"tweet_id":841809580627648513,"created_unixtime":1489538018744,"created_time":"Wed Mar 15 00:33:38 +0000 2017","lang":"en","displayname":"Caylee_04","time_zone":"Central Time (US & Canada)","msg":"jordantroas happy birthday girl Hope its been a great one☺️💗🎉"}
{"tweet_id":841809580673908736,"created_unixtime":1489538018755,"created_time":"Wed Mar 15 00:33:38 +0000 2017","lang":"en","displayname":"Shadeyxo","time_zone":"Pacific Time (US & Canada)","msg":"ThomasBeautyy is such an amazing person seeing him so sad kinda broke my heart"}
{"tweet_id":841809581143552000,"created_unixtime":1489538018867,"created_time":"Wed Mar 15 00:33:38 +0000 2017","lang":"ja","displayname":"youjeen_12","time_zone":"Tokyo","msg":"RT pigeon_kkk おにーへ…Happy Birthday🎂皆んな祝ってくれたぞ😙ケン1歳 https//tco/VKlp1ilXGX"}
{"tweet_id":841809580891951105,"created_unixtime":1489538018807,"created_time":"Wed Mar 15 00:33:38 +0000 2017","lang":"en","displayname":"tomarciamae","time_zone":"Pacific Time (US & Canada)","msg":"RT _secondstory Happy release day to BreakingFaith If youre in Burlington or the HamOnt area check out the book launch on Apr… "}
{"tweet_id":841809580556472320,"created_unixtime":1489538018727,"created_time":"Wed Mar 15 00:33:38 +0000 2017","lang":"en","displayname":"jordanelrick","time_zone":"","msg":"bengwkta happy birthday bro hope its a belter ly  😎❤️"}
{"tweet_id":841809581621747713,"created_unixtime":1489538018981,"created_time":"Wed Mar 15 00:33:38 +0000 2017","lang":"en","displayname":"putribatrisyiaa","time_zone":"Pacific Time (US & Canada)","msg":"RT asyqstna do u just ever feel so sad suddenly and u feel so useless giving up on everything and all u need is just a warm tight hug…"}
{"tweet_id":841809581319835648,"created_unixtime":1489538018909,"created_time":"Wed Mar 15 00:33:38 +0000 2017","lang":"en","displayname":"kanye_1977","time_zone":"Eastern Time (US & Canada)","msg":"if it doesnt make you happy then it shouldnt be in your life"}
{"tweet_id":841809581386932226,"created_unixtime":1489538018925,"created_time":"Wed Mar 15 00:33:38 +0000 2017","lang":"en","displayname":"buffalonichols","time_zone":"Central Time (US & Canada)","msg":"RT bessbell Happy Pi Day to all including to my many enemies and those who have fought me and lost so badly they just dont know what to…"}
{"tweet_id":841809581592436737,"created_unixtime":1489538018974,"created_time":"Wed Mar 15 00:33:38 +0000 2017","lang":"en","displayname":"rothnamiah1","time_zone":"","msg":"OrCan I wake up here tomorrow please 🙏🏼cantsleep 😩notaskingmuch https//tco/6pgfWkGvjT"}
{"tweet_id":841809581454065665,"created_unixtime":1489538018941,"created_time":"Wed Mar 15 00:33:38 +0000 2017","lang":"en","displayname":"xoavaaaa","time_zone":"Eastern Time (US & Canada)","msg":"RT KyleEdwards Someone When was the last time u were truly happyMe https//tco/xMYGex7hmH"}
{"tweet_id":841809581680545793,"created_unixtime":1489538018995,"created_time":"Wed Mar 15 00:33:38 +0000 2017","lang":"en","displayname":"BadGal__CC","time_zone":"","msg":"RT D_Deji28 Do you guys know why he was killed A girl lied that he raped her and her brother shot him dead https//tco/IWDVDZp3rz"}
{"tweet_id":841809582250946560,"created_unixtime":1489538019131,"created_time":"Wed Mar 15 00:33:39 +0000 2017","lang":"en","displayname":"claireclifford3","time_zone":"Atlantic Time (Canada)","msg":"GaffneyHope                      HAPPY BIRTHDAY HOPIE🎉🎉🎉love you 💕💕"}
{"tweet_id":841809582557077504,"created_unixtime":1489538019204,"created_time":"Wed Mar 15 00:33:39 +0000 2017","lang":"en","displayname":"yastan9","time_zone":"","msg":"RT xeniezoe Happy 3rd Keep grindingJaDines 3PinyaSarapYrsLetOurPurpleHeartsShineAt3"}
{"tweet_id":841809582028660736,"created_unixtime":1489538019078,"created_time":"Wed Mar 15 00:33:39 +0000 2017","lang":"en","displayname":"Benji_404","time_zone":"Quito","msg":"RT DaNameEli They not bro 😂 niggas cant handle that Spanish life get ya self one and youll be happy https//tco/5zINXDvPSM"}
{"tweet_id":841809582783582208,"created_unixtime":1489538019258,"created_time":"Wed Mar 15 00:33:39 +0000 2017","lang":"en","displayname":"zeeraayyy","time_zone":"Pacific Time (US & Canada)","msg":"Happy Birthday 💙BitchNiggaKai"}
{"tweet_id":841809582804496384,"created_unixtime":1489538019263,"created_time":"Wed Mar 15 00:33:39 +0000 2017","lang":"en","displayname":"zackatk77","time_zone":"Buenos Aires","msg":"Happy PiDay 😄😄 Double chocolate goodness for this special occasion https//tco/57N8H7mYQt"}
{"tweet_id":841809582796156928,"created_unixtime":1489538019261,"created_time":"Wed Mar 15 00:33:39 +0000 2017","lang":"ja","displayname":"fmshasu","time_zone":"JST","msg":"kuma_oO_ ゆとくん！Happy Birthday🎉🎉最近全然絡めてないから寂しいよー😭😭たくさん絡もうね👍🏻👍🏻"}
{"tweet_id":841809583169445888,"created_unixtime":1489538019350,"created_time":"Wed Mar 15 00:33:39 +0000 2017","lang":"en","displayname":"_oncer4life_","time_zone":"","msg":"RT MatPatGT A nerdy math joke for a nerdy holidayHappy Pi Day https//tco/jRxvuScUyn"}
{"tweet_id":841809582968184832,"created_unixtime":1489538019302,"created_time":"Wed Mar 15 00:33:39 +0000 2017","lang":"en","displayname":"Bmac_97","time_zone":"Quito","msg":"have you ever wanted to go up to someone and grab their shoulders and shake them and be like wHY ARE YOU SO SAD  LET ME HELP"}
{"tweet_id":841809582867505157,"created_unixtime":1489538019278,"created_time":"Wed Mar 15 00:33:39 +0000 2017","lang":"en","displayname":"AstralReverb","time_zone":"Eastern Time (US & Canada)","msg":"TehManBob NP Happy gaming brutha ✌"}
{"tweet_id":841809583580581888,"created_unixtime":1489538019448,"created_time":"Wed Mar 15 00:33:39 +0000 2017","lang":"en","displayname":"JudyMacInnis","time_zone":"Atlantic Time (Canada)","msg":"RT JustinTrudeau Happy PiDay Our government is committed to supporting science amp innovation for a stronger Canada And pie for a tasti…"}
{"tweet_id":841809583727357953,"created_unixtime":1489538019483,"created_time":"Wed Mar 15 00:33:39 +0000 2017","lang":"en","displayname":"itsChico80","time_zone":"","msg":"RT JustAGirIThing Someone When was the last time u were truly happy Me https//tco/YTSjNOreRU"}
{"tweet_id":841809584167743488,"created_unixtime":1489538019588,"created_time":"Wed Mar 15 00:33:39 +0000 2017","lang":"en","displayname":"LTWilson75","time_zone":"Central Time (US & Canada)","msg":"RT OhNoAva_tK LIVE WITH masseffect Andromeda here https//tco/u3cU561uWv yes thats a carnifex OMG I AM SO HAPPY RN https//tco/80n…"}
{"tweet_id":841809584297807872,"created_unixtime":1489538019619,"created_time":"Wed Mar 15 00:33:39 +0000 2017","lang":"en","displayname":"5Hlittlebabies","time_zone":"Central Time (US & Canada)","msg":"RT 5HVotingStats Scared Of Happy FifthHarmony YouKnowYouLoveThem radiodisney"}
{"tweet_id":841809584000008192,"created_unixtime":1489538019548,"created_time":"Wed Mar 15 00:33:39 +0000 2017","lang":"en","displayname":"kyrenjhiggs2","time_zone":"","msg":"RT PrepHoopsUT Happy to have one of the best players in Wyoming attending our Exposure Camp https//tco/tYn7zIkIsS"}
{"tweet_id":841809584264228864,"created_unixtime":1489538019611,"created_time":"Wed Mar 15 00:33:39 +0000 2017","lang":"en","displayname":"gunnerff","time_zone":"America/New_York","msg":"So sad https//tco/otpVS5Uh6a"}
{"tweet_id":841809584486518784,"created_unixtime":1489538019664,"created_time":"Wed Mar 15 00:33:39 +0000 2017","lang":"en","displayname":"LamyaOmzn","time_zone":"Athens","msg":"RT teenagernotes Someone When was the last time u were truly happyMe https//tco/gYpaImGVGA"}
{"tweet_id":841809584612335616,"created_unixtime":1489538019694,"created_time":"Wed Mar 15 00:33:39 +0000 2017","lang":"en","displayname":"g_chov","time_zone":"Central Time (US & Canada)","msg":"RT DigitalPeople Happy PiDay Pi fun fact It has been calculated to over one trillion digits past its decimal… "}
{"tweet_id":841809584880791553,"created_unixtime":1489538019758,"created_time":"Wed Mar 15 00:33:39 +0000 2017","lang":"en","displayname":"ChristianCon22","time_zone":"Central Time (US & Canada)","msg":"RT Vulnerable its so sad and frustrating when you try your hardest but people still dont find it good enough"}
{"tweet_id":841809585035857920,"created_unixtime":1489538019795,"created_time":"Wed Mar 15 00:33:39 +0000 2017","lang":"en","displayname":"jjdc76","time_zone":"Pacific Time (US & Canada)","msg":"OwCrapThatHurts kohastings jamiecaswell not sure what youre saying Im still happy about this"}
{"tweet_id":841809584729796608,"created_unixtime":1489538019722,"created_time":"Wed Mar 15 00:33:39 +0000 2017","lang":"en","displayname":"Roxanne41231","time_zone":"Pacific Time (US & Canada)","msg":"I might look happy but Im actually really sad"}
{"tweet_id":841809585627316224,"created_unixtime":1489538019936,"created_time":"Wed Mar 15 00:33:39 +0000 2017","lang":"en","displayname":"EcahIsyahalizar","time_zone":"","msg":"RT soIute sometimes the best way to be happy is to learn to let go of things you tried hard to hold on to that are no longer good for you"}
{"tweet_id":841809584343920641,"created_unixtime":1489538019630,"created_time":"Wed Mar 15 00:33:39 +0000 2017","lang":"en","displayname":"xgirldreamingx","time_zone":"Eastern Time (US & Canada)","msg":"Tez im so sad that ive been supporting you for years yet will never get followed by you I still love you though https//tco/95sAPXI0Kd"}
{"tweet_id":841809585509810177,"created_unixtime":1489538019908,"created_time":"Wed Mar 15 00:33:39 +0000 2017","lang":"en","displayname":"vinceorodriguez","time_zone":"Pacific Time (US & Canada)","msg":"jvillegas23246 happy birthday bro we go way back have a good 👆🏼👆🏼👆🏼"}
{"tweet_id":841809585178574848,"created_unixtime":1489538019829,"created_time":"Wed Mar 15 00:33:39 +0000 2017","lang":"en","displayname":"Nate_whitlatch","time_zone":"Eastern Time (US & Canada)","msg":"hahaclintontwix RemingtonJamesF thank you so much and were definitely happy you enjoyed 👌🏽🙌🏽"}
{"tweet_id":841809585518305280,"created_unixtime":1489538019910,"created_time":"Wed Mar 15 00:33:39 +0000 2017","lang":"es","displayname":"justNeedSLEEP","time_zone":"Pacific Time (US & Canada)","msg":"A la madre no me espere estoVale dice que es una sola vezI´m sad pero estoy satisfecha✨💓✨sorryguysbut… https//tco/aAZ676g70E"}
{"tweet_id":841809586885558272,"created_unixtime":1489538020236,"created_time":"Wed Mar 15 00:33:40 +0000 2017","lang":"en","displayname":"alyyssanicole","time_zone":"","msg":"RT kanyefeeI its sad to see a good person change"}
{"tweet_id":841809586415910912,"created_unixtime":1489538020124,"created_time":"Wed Mar 15 00:33:40 +0000 2017","lang":"en","displayname":"KaylaLovesYouu_","time_zone":"Eastern Time (US & Canada)","msg":"RT CultureFUBU Happy Birthday Merlin SantanaRIP https//tco/0K4quO4M5g"}
{"tweet_id":841809587007295488,"created_unixtime":1489538020265,"created_time":"Wed Mar 15 00:33:40 +0000 2017","lang":"en","displayname":"jamesyeung","time_zone":"Eastern Time (US & Canada)","msg":"RT NintendoAmerica Poochy heard the word Pi and got excited Happy PiDay https//tco/qLVabwbqi8"}
{"tweet_id":841809586659123200,"created_unixtime":1489538020182,"created_time":"Wed Mar 15 00:33:40 +0000 2017","lang":"en","displayname":"Yamibuy","time_zone":"Pacific Time (US & Canada)","msg":"Happy WhiteValentine  😙 https//tco/KvNRV5YN6z"}
{"tweet_id":841809587359633408,"created_unixtime":1489538020349,"created_time":"Wed Mar 15 00:33:40 +0000 2017","lang":"en","displayname":"CedarHillDECA","time_zone":"","msg":"RT DECAInc Happy DECA Advisor  Happy DECA Chapter 😉👍🏻 kaiteycrosby has 5 ways to keep your advisor smiling https//tco/uS6BU79ocn"}
{"tweet_id":841809587514761217,"created_unixtime":1489538020386,"created_time":"Wed Mar 15 00:33:40 +0000 2017","lang":"en","displayname":"nabilahahmaad","time_zone":"Kuala Lumpur","msg":"RT postingcuteness DONT BE SAD JUST WATCH THESE PENGUINS CHASING A BUTTERFLY https//tco/Jo5s08sTqh"}
{"tweet_id":841809586143281153,"created_unixtime":1489538020059,"created_time":"Wed Mar 15 00:33:40 +0000 2017","lang":"en","displayname":"_shaun95","time_zone":"Edinburgh","msg":"Happy birthday tae me the biggest dickhead of them aw 😂🎉🎊 https//tco/tzab2YnoXM"}
{"tweet_id":841809587732848640,"created_unixtime":1489538020438,"created_time":"Wed Mar 15 00:33:40 +0000 2017","lang":"en","displayname":"spud_anderson","time_zone":"","msg":"Go Nick and Vanessa Dont know what all the negative hoopla is about What do you want people PDA Get real guys Happy for them 🙌❤️"}
{"tweet_id":841809587481260032,"created_unixtime":1489538020378,"created_time":"Wed Mar 15 00:33:40 +0000 2017","lang":"en","displayname":"TheVampsSalma","time_zone":"","msg":"RT CondorAdore Happy Birthday Con I hope you have a wonderful day 😘TheVampsCon TheVampsband HappyBirthdayConnor https//tco/5C6W1dkx…"}
{"tweet_id":841809587137335296,"created_unixtime":1489538020296,"created_time":"Wed Mar 15 00:33:40 +0000 2017","lang":"en","displayname":"halljenny","time_zone":"Tokyo","msg":"TexasRunner666 Hope youre feeling good happy strong"}
{"tweet_id":841809588110393344,"created_unixtime":1489538020528,"created_time":"Wed Mar 15 00:33:40 +0000 2017","lang":"en","displayname":"shley_danielle7","time_zone":"","msg":"LOL at the amount of guys who will unfollow me bc theyre mad Im happy with someone else youmadbro"}
{"tweet_id":841809588039110657,"created_unixtime":1489538020511,"created_time":"Wed Mar 15 00:33:40 +0000 2017","lang":"en","displayname":"juliamahoneyy","time_zone":"","msg":"Hope everyones happy about having a shorter summer🙃🙃🙃"}
{"tweet_id":841809588433354752,"created_unixtime":1489538020605,"created_time":"Wed Mar 15 00:33:40 +0000 2017","lang":"en","displayname":"B_majorr","time_zone":"Mountain Time (US & Canada)","msg":"RT Nelly_Mo Happy 314 DAY STL STAND UP"}
{"tweet_id":841809588580163584,"created_unixtime":1489538020640,"created_time":"Wed Mar 15 00:33:40 +0000 2017","lang":"en","displayname":"micdropped","time_zone":"Eastern Time (US & Canada)","msg":"RT kashanacauley Weve all set a world record for how happy anyone can be when thinking about tax returns"}
{"tweet_id":841809588307525632,"created_unixtime":1489538020575,"created_time":"Wed Mar 15 00:33:40 +0000 2017","lang":"und","displayname":"IvanPlava","time_zone":"Athens","msg":"srecanakvadrat Srečo ne mog ti sad dopišem stih farbao sam ceo dan terasu ubi me glava od razređivača za farbu 😂"}
{"tweet_id":841809588852678657,"created_unixtime":1489538020705,"created_time":"Wed Mar 15 00:33:40 +0000 2017","lang":"nl","displayname":"hqnsols","time_zone":"Singapore","msg":"NDJDJDS BABY https//tco/naEWjDQjpB"}
{"tweet_id":841809589314109440,"created_unixtime":1489538020815,"created_time":"Wed Mar 15 00:33:40 +0000 2017","lang":"en","displayname":"maddiibabyy","time_zone":"Pacific Time (US & Canada)","msg":"RT ohmygawditskat Happy birthday beautiful Hope its a good one  maddiibabyy"}
{"tweet_id":841809588999598081,"created_unixtime":1489538020740,"created_time":"Wed Mar 15 00:33:40 +0000 2017","lang":"en","displayname":"MakeMeToxinFree","time_zone":"","msg":"Zoey is such a cuddly  cat Im happy to be home safe Maine Blizzard snuggle https//tco/QUpAg7eSs2"}
{"tweet_id":841809589687349248,"created_unixtime":1489538020904,"created_time":"Wed Mar 15 00:33:40 +0000 2017","lang":"en","displayname":"cheyybee","time_zone":"Pacific Time (US & Canada)","msg":"RT SincerelyTumblr So annoying when ppl are like ur always laughin U laugh at everything Its not that funny like OK sorry Im a hap…"}
{"tweet_id":841809589544800256,"created_unixtime":1489538020870,"created_time":"Wed Mar 15 00:33:40 +0000 2017","lang":"en","displayname":"admierazahri","time_zone":"Kuala Lumpur","msg":"RT SpeakComedy me hey Im actually happy with my life right now everything is going okay stress https//tco/LdJbKz0EvV"}
{"tweet_id":841809589452562432,"created_unixtime":1489538020848,"created_time":"Wed Mar 15 00:33:40 +0000 2017","lang":"en","displayname":"osnapitzkwinty","time_zone":"","msg":"RT arianasdawn Its my birthday and Id like to thank Ariana for giving me a purpose making me a better person and always making… "}
{"tweet_id":841809589758754816,"created_unixtime":1489538020921,"created_time":"Wed Mar 15 00:33:40 +0000 2017","lang":"pl","displayname":"Kacprzykowski3","time_zone":"Pacific Time (US & Canada)","msg":"Sąd zdecydował TVP nie musi przepraszać Wałęsy Był jest i będzie TW Bolkiem https//tco/c3bxGmxWlh"}
{"tweet_id":841809590190780420,"created_unixtime":1489538021024,"created_time":"Wed Mar 15 00:33:41 +0000 2017","lang":"en","displayname":"HannaMeads","time_zone":"Eastern Time (US & Canada)","msg":"Thinking about how we only have 6 more weeks of the semester makes me so happy and then I remember Im taking 15 credits this summer 🙃"}
{"tweet_id":841809589859418112,"created_unixtime":1489538020945,"created_time":"Wed Mar 15 00:33:40 +0000 2017","lang":"en","displayname":"mohd_morgan","time_zone":"Riyadh","msg":"RT Stormzy1 Do what makes you happy mate"}
{"tweet_id":841809588294955014,"created_unixtime":1489538020572,"created_time":"Wed Mar 15 00:33:40 +0000 2017","lang":"en","displayname":"Bradyireland1","time_zone":"","msg":"Happy Birthday to one of my best friends I dont know what I would do without you tjhaselman https//tco/BhkgZ2Y1sz"}
{"tweet_id":841809590614343681,"created_unixtime":1489538021125,"created_time":"Wed Mar 15 00:33:41 +0000 2017","lang":"en","displayname":"iTriforce","time_zone":"","msg":"Also happy Pi day in Japan Boobs make the world for round"}
{"tweet_id":841809590870278144,"created_unixtime":1489538021186,"created_time":"Wed Mar 15 00:33:41 +0000 2017","lang":"en","displayname":"TreyWhitley_","time_zone":"","msg":"It dont matter if I reach my dream with everyone with me or no one with me as long as I make it Ill be happy😏"}
{"tweet_id":841809590958284802,"created_unixtime":1489538021207,"created_time":"Wed Mar 15 00:33:41 +0000 2017","lang":"en","displayname":"stephenzjhl","time_zone":"","msg":"RT NBA Join us in wishing StephenCurry30 of the warriors a HAPPY 29th BIRTHDAY NBABDAY DubNation https//tco/cZfNy7sLh5"}
{"tweet_id":841809590832533504,"created_unixtime":1489538021177,"created_time":"Wed Mar 15 00:33:41 +0000 2017","lang":"en","displayname":"Im_a_BELLiever","time_zone":"Atlantic Time (Canada)","msg":"RT richthekid Focus on what makes you happy"}
{"tweet_id":841809591386087425,"created_unixtime":1489538021309,"created_time":"Wed Mar 15 00:33:41 +0000 2017","lang":"en","displayname":"CarmelitacDelu1","time_zone":"","msg":"RT OFCALDubKoTo HAPPY WEDNESDAY 😘ALDUBxDTBYTugOfHearts https//tco/iUQrMDb2PN"}
{"tweet_id":841809591327428608,"created_unixtime":1489538021295,"created_time":"Wed Mar 15 00:33:41 +0000 2017","lang":"en","displayname":"KingLavon_96","time_zone":"","msg":"RT richthekid Focus on what makes you happy"}
{"tweet_id":841809591427973120,"created_unixtime":1489538021319,"created_time":"Wed Mar 15 00:33:41 +0000 2017","lang":"en","displayname":"NissaYasmeen","time_zone":"London","msg":"RT amirulhiffni Omg  this is soooo sad 😭😭😭😭😭😭😭 https//tco/zk7waDnTqD"}
{"tweet_id":841809591767822336,"created_unixtime":1489538021400,"created_time":"Wed Mar 15 00:33:41 +0000 2017","lang":"en","displayname":"beardedchiver","time_zone":"Central Time (US & Canada)","msg":"RT KinderChivette Happy fucken steakandbjday👉🏻👌🏻ifuckenloveuz bendnsnap handbra fishnets kCcO throwbacktowheniusedtocare http…"}
{"tweet_id":841809591818170368,"created_unixtime":1489538021412,"created_time":"Wed Mar 15 00:33:41 +0000 2017","lang":"en","displayname":"carlaflws","time_zone":"Casablanca","msg":"RT bIessly do u ever lay in bed and get really sad about ur favorite person bc theyre not in the bed with u"}
{"tweet_id":841809591688142850,"created_unixtime":1489538021381,"created_time":"Wed Mar 15 00:33:41 +0000 2017","lang":"en","displayname":"_karlaboheme","time_zone":"Eastern Time (US & Canada)","msg":"still sad that they killed of Drogo in GoT https//tco/POSjGwKWFU"}
{"tweet_id":841809591566491649,"created_unixtime":1489538021352,"created_time":"Wed Mar 15 00:33:41 +0000 2017","lang":"en","displayname":"stfuamburr","time_zone":"Pacific Time (US & Canada)","msg":"Happy Pi Day https//tco/Yl2h2iFcYw"}
{"tweet_id":841809591952371713,"created_unixtime":1489538021444,"created_time":"Wed Mar 15 00:33:41 +0000 2017","lang":"en","displayname":"CassMcSpadden","time_zone":"Arizona","msg":"ScoBridget happy birthday 🎉"}
{"tweet_id":841809592149508096,"created_unixtime":1489538021491,"created_time":"Wed Mar 15 00:33:41 +0000 2017","lang":"ja","displayname":"134rtaka","time_zone":"","msg":"RT satoutakuyaman 平塚HAPPY MOUNTAIN にてSECRET BASE 復活！！RIDDIM HUNTER がゲストです！！ https//tco/30MbH8bzqz"}
{"tweet_id":841809592560500740,"created_unixtime":1489538021589,"created_time":"Wed Mar 15 00:33:41 +0000 2017","lang":"en","displayname":"_jiminsanity","time_zone":"Beijing","msg":"RT gigglypjm the best concept happy bangtan https//tco/otU3ceclVU"}
{"tweet_id":841809592325660672,"created_unixtime":1489538021533,"created_time":"Wed Mar 15 00:33:41 +0000 2017","lang":"en","displayname":"Brianna_Gibson0","time_zone":"Mountain Time (US & Canada)","msg":"RT PiPhiUofL Happy PiDay Pi Phis https//tco/e36VUFb5Ob"}
{"tweet_id":841809592266964992,"created_unixtime":1489538021519,"created_time":"Wed Mar 15 00:33:41 +0000 2017","lang":"es","displayname":"BrianfromBQT","time_zone":"London","msg":"Quedó muy sad boy"}
{"tweet_id":841809592866725888,"created_unixtime":1489538021662,"created_time":"Wed Mar 15 00:33:41 +0000 2017","lang":"en","displayname":"meg_mccomas","time_zone":"Eastern Time (US & Canada)","msg":"jake_k8ona happy birthday Hope ur mini keg is being used today 😉"}
{"tweet_id":841809592417947648,"created_unixtime":1489538021555,"created_time":"Wed Mar 15 00:33:41 +0000 2017","lang":"fr","displayname":"jclark_24_","time_zone":"Hawaii","msg":"Congrats boi  https//tco/B4rMLJ1F7P"}
{"tweet_id":841809592812240898,"created_unixtime":1489538021649,"created_time":"Wed Mar 15 00:33:41 +0000 2017","lang":"en","displayname":"Mera160982Mera","time_zone":"","msg":"RT CassityCaire Happy TongueOutTuesday 🐾👅 dobermans dogcelebration https//tco/ka5pFHxuOt"}
{"tweet_id":841809592816300033,"created_unixtime":1489538021650,"created_time":"Wed Mar 15 00:33:41 +0000 2017","lang":"en","displayname":"jly_01","time_zone":"Pacific Time (US & Canada)","msg":"RT VENUSRlCCI happy pi day everyone im tryna get 314ped"}
{"tweet_id":841809593399410688,"created_unixtime":1489538021789,"created_time":"Wed Mar 15 00:33:41 +0000 2017","lang":"es","displayname":"JENNY4TJ1","time_zone":"Pacific Time (US & Canada)","msg":"Alanfull98 Elreivax SrGatoYT LeonCraft_Ky MayaAckerman93 No vuelvan a jugar así con mis sentimientos😭💔😒me ponen bien sad💔"}
{"tweet_id":841809593634312192,"created_unixtime":1489538021845,"created_time":"Wed Mar 15 00:33:41 +0000 2017","lang":"en","displayname":"RockinRedneck71","time_zone":"Eastern Time (US & Canada)","msg":"RT AmaziingPuppies Happy dog getting picked up at daycare  https//tco/VAKBpd8Yqi"}
{"tweet_id":841809594120777729,"created_unixtime":1489538021961,"created_time":"Wed Mar 15 00:33:41 +0000 2017","lang":"ja","displayname":"ken_ty_","time_zone":"","msg":"RT mijtatenaga アサデス。心が叫びたがっているんだクランクインoωo今日はホワイトデー素晴らしき日にちクランクインできHappy です。細く作っていって皆さんの元にしっかりとした良い作品を届ける中島健人ここさけ https//t…"}
{"tweet_id":841809594330431488,"created_unixtime":1489538022011,"created_time":"Wed Mar 15 00:33:42 +0000 2017","lang":"en","displayname":"HayleeLynn01","time_zone":"Hawaii","msg":"Nick getting this bike has made him happy so I guess it makes me happy 🙃"}
{"tweet_id":841809594578014208,"created_unixtime":1489538022070,"created_time":"Wed Mar 15 00:33:42 +0000 2017","lang":"en","displayname":"Yasmeeen_ymb_","time_zone":"","msg":"Thank you🙏🏻 https//tco/yHhWNwl5uW"}
{"tweet_id":841809593378385920,"created_unixtime":1489538021784,"created_time":"Wed Mar 15 00:33:41 +0000 2017","lang":"en","displayname":"ramirezzzdaniii","time_zone":"Beijing","msg":"Happy legality jean Stay as you are Enjoy your day and stay sabog ahahaa See you Take care and Godbless you… https//tco/RqjoszMqJY"}
{"tweet_id":841809594720632836,"created_unixtime":1489538022104,"created_time":"Wed Mar 15 00:33:42 +0000 2017","lang":"en","displayname":"Adairbriones6","time_zone":"","msg":"RT davidpalafox151 HAPPY BIRTHDAY bro 🎁🎈 Adairbriones6"}
{"tweet_id":841809594838048768,"created_unixtime":1489538022132,"created_time":"Wed Mar 15 00:33:42 +0000 2017","lang":"en","displayname":"blosskitty","time_zone":"","msg":"goldsaucr HAPPY BIRTHDAY AAA 💕"}
{"tweet_id":841809595102302208,"created_unixtime":1489538022195,"created_time":"Wed Mar 15 00:33:42 +0000 2017","lang":"en","displayname":"gaypornstars_","time_zone":"London","msg":"RT M_DelRay Happy Monday http//tco/W0J3ILXpaV"}
{"tweet_id":841809594653528064,"created_unixtime":1489538022088,"created_time":"Wed Mar 15 00:33:42 +0000 2017","lang":"en","displayname":"gxennifer","time_zone":"Brasilia","msg":"oh Im sad now that team gwen is full 😩"}
{"tweet_id":841809595211341824,"created_unixtime":1489538022221,"created_time":"Wed Mar 15 00:33:42 +0000 2017","lang":"en","displayname":"Michex69","time_zone":"","msg":"RT NicolaSturgeon Hi ruthiehenderson  feel free to drop me an email youll find address on ScotParl website and Ill be happy to… "}
{"tweet_id":841809594070503424,"created_unixtime":1489538021949,"created_time":"Wed Mar 15 00:33:41 +0000 2017","lang":"en","displayname":"Alizazeeshan3","time_zone":"","msg":"Happy birthday aliaa08 from the bottom of my heart you are one of the most beautiful most talented and very gracef… https//tco/0dIebbxi6X"}
{"tweet_id":841809595655950340,"created_unixtime":1489538022327,"created_time":"Wed Mar 15 00:33:42 +0000 2017","lang":"en","displayname":"calilinagirl","time_zone":"Eastern Time (US & Canada)","msg":"the_ryan_kelley Love all these behind the scenes pics but they make me really sad too Going to miss Parking with Parrish as well  😢"}
{"tweet_id":841809596146634752,"created_unixtime":1489538022444,"created_time":"Wed Mar 15 00:33:42 +0000 2017","lang":"en","displayname":"Natalie4190","time_zone":"Pacific Time (US & Canada)","msg":"Isnt it sad when you get hurt so much you can finally say Im used to it"}
{"tweet_id":841809596327067649,"created_unixtime":1489538022487,"created_time":"Wed Mar 15 00:33:42 +0000 2017","lang":"en","displayname":"_haileyruna","time_zone":"","msg":"RT ohteenquotes Spend life with who makes you happy not with who you have to impress"}
{"tweet_id":841809596717096961,"created_unixtime":1489538022580,"created_time":"Wed Mar 15 00:33:42 +0000 2017","lang":"en","displayname":"Yasmeeen_ymb_","time_zone":"","msg":"RT Abdul_mode Yasmeeen_ymb_ Happy birthday 🎂🎊🎈"}
{"tweet_id":841809596779909120,"created_unixtime":1489538022595,"created_time":"Wed Mar 15 00:33:42 +0000 2017","lang":"en","displayname":"emelie_sarmen","time_zone":"","msg":"RT MaywardEnbers One of the best feelings in the world is knowing that someone is happy because of youMBMayWard"}
{"tweet_id":841809596964462592,"created_unixtime":1489538022639,"created_time":"Wed Mar 15 00:33:42 +0000 2017","lang":"en","displayname":"lahne11y","time_zone":"Pacific Time (US & Canada)","msg":"RT KayyLucci i be in all these bad moods cant never be fucking happy dawg"}
{"tweet_id":841809596205420547,"created_unixtime":1489538022458,"created_time":"Wed Mar 15 00:33:42 +0000 2017","lang":"en","displayname":"bobutes11","time_zone":"","msg":"RT MeninistTweet Happy pi dayThe Falcons blew a 283 lead314283  31the warriors blew a 31 lead in the NBA Finals"}
{"tweet_id":841809596947828739,"created_unixtime":1489538022635,"created_time":"Wed Mar 15 00:33:42 +0000 2017","lang":"en","displayname":"quettaelizabeth","time_zone":"Quito","msg":"RT keepingupwith_A quettaelizabeth you happy amp das all that matters and I pray it stay that way"}
{"tweet_id":841809597199335426,"created_unixtime":1489538022695,"created_time":"Wed Mar 15 00:33:42 +0000 2017","lang":"in","displayname":"litbon","time_zone":"Pacific Time (US & Canada)","msg":"Happy Birthday Kawanyg sedang berjuang di Perbatasan NTT  Timor… https//tco/teAhqqwQ4n"}
{"tweet_id":841809597308497920,"created_unixtime":1489538022721,"created_time":"Wed Mar 15 00:33:42 +0000 2017","lang":"en","displayname":"spoookyjishwa","time_zone":"Pacific Time (US & Canada)","msg":"Im so happy for Kyra though"}
{"tweet_id":841809597090390016,"created_unixtime":1489538022669,"created_time":"Wed Mar 15 00:33:42 +0000 2017","lang":"en","displayname":"zacharymanuel","time_zone":"","msg":"RT sarahcoffmannx zacharymanuel happy birthday hope your day was great 🎉💛"}
{"tweet_id":841809597421785092,"created_unixtime":1489538022748,"created_time":"Wed Mar 15 00:33:42 +0000 2017","lang":"en","displayname":"RiotGuaa","time_zone":"","msg":"RT ILLUMlNATI Just be happy Be who you wanna be If others dont like it then let them be Happiness is a choice Life isnt about plea…"}
{"tweet_id":841809597773959169,"created_unixtime":1489538022832,"created_time":"Wed Mar 15 00:33:42 +0000 2017","lang":"en","displayname":"pattyleib","time_zone":"","msg":"RT 2020fight maddow sad trombone https//tco/ftAANqOZol"}
{"tweet_id":841809597857857536,"created_unixtime":1489538022852,"created_time":"Wed Mar 15 00:33:42 +0000 2017","lang":"en","displayname":"bnmflower","time_zone":"","msg":"RT AspynOvard bnmflower but Im also so sad because I love that dress and the zipper on it broke"}
{"tweet_id":841809597761507328,"created_unixtime":1489538022829,"created_time":"Wed Mar 15 00:33:42 +0000 2017","lang":"en","displayname":"mcclellanddaniX","time_zone":"","msg":"Happy bday ross rossthomson10 ❤️ hope u had a brill day Soz its late X"}
{"tweet_id":841809598373847041,"created_unixtime":1489538022975,"created_time":"Wed Mar 15 00:33:42 +0000 2017","lang":"pt","displayname":"whoscilesd","time_zone":"","msg":"To bem sad e tem gente achando que to mentindo ou fazendo drama"}
{"tweet_id":841809598784847872,"created_unixtime":1489538023073,"created_time":"Wed Mar 15 00:33:43 +0000 2017","lang":"en","displayname":"dennispastorizo","time_zone":"","msg":"Happy tacotuesday 🌮  Fans of themickfox rejoice  Star CarlaJimenez aka Alba opens up… https//tco/exkCjsFAj3"}
{"tweet_id":841809598432579584,"created_unixtime":1489538022989,"created_time":"Wed Mar 15 00:33:42 +0000 2017","lang":"en","displayname":"sunlityouths","time_zone":"Eastern Time (US & Canada)","msg":"im so sad FUCK"}
{"tweet_id":841809598872997890,"created_unixtime":1489538023094,"created_time":"Wed Mar 15 00:33:43 +0000 2017","lang":"en","displayname":"swagmoneymariah","time_zone":"Central Time (US & Canada)","msg":"RT CoultNicholas HAPPY 314DAY SAINT LOUIS MO https//tco/Ogiyf1MJ01"}
{"tweet_id":841809599506317312,"created_unixtime":1489538023245,"created_time":"Wed Mar 15 00:33:43 +0000 2017","lang":"en","displayname":"breecalidream","time_zone":"","msg":"algeepowerscum she was the love of my life Im sad"}
{"tweet_id":841809599644688384,"created_unixtime":1489538023278,"created_time":"Wed Mar 15 00:33:43 +0000 2017","lang":"en","displayname":"mandystykes","time_zone":"Pacific Time (US & Canada)","msg":"12 Tricks To Make Your Girl Happy Are Revealed 3 Is So Obvious https//tco/YUgPNV5Q4h"}
{"tweet_id":841809599703465985,"created_unixtime":1489538023292,"created_time":"Wed Mar 15 00:33:43 +0000 2017","lang":"en","displayname":"Kassie_onelove","time_zone":"Alaska","msg":"Happy Birthday _TiannaG ❤️🎈🎉"}
{"tweet_id":841809599904718848,"created_unixtime":1489538023340,"created_time":"Wed Mar 15 00:33:43 +0000 2017","lang":"en","displayname":"andres_elloise","time_zone":"","msg":"RT MayWardDVO_Thai Trust yourself Create the kind of self that you will be happy to live with all your lifeMBMayWard"}
