{"tweet_id":841809650160947202,"created_unixtime":1489538035322,"created_time":"Wed Mar 15 00:33:55 +0000 2017","lang":"en","displayname":"ATfinnandjake32","time_zone":"","msg":"RT ATfinnandjake32 Happy birthday Finn 🤗💙💙💙AdventureTime finnbirthday https//tco/qsfNDlPRqv"}
{"tweet_id":841809650081267713,"created_unixtime":1489538035303,"created_time":"Wed Mar 15 00:33:55 +0000 2017","lang":"en","displayname":"liseve91","time_zone":"","msg":"diegoluna_ could you wish my best friend AlonaDanger a very happy birthday"}
{"tweet_id":841809650546794496,"created_unixtime":1489538035414,"created_time":"Wed Mar 15 00:33:55 +0000 2017","lang":"en","displayname":"chandlerrivers_","time_zone":"","msg":"RT JayYou_3 Thanks chan https//tco/rJkccYafNF"}
{"tweet_id":841809651201015808,"created_unixtime":1489538035570,"created_time":"Wed Mar 15 00:33:55 +0000 2017","lang":"en","displayname":"VintageArtStar","time_zone":"","msg":"RT JustAGirIThing Someone When was the last time u were truly happy Me https//tco/YTSjNOreRU"}
{"tweet_id":841809651083681792,"created_unixtime":1489538035542,"created_time":"Wed Mar 15 00:33:55 +0000 2017","lang":"en","displayname":"maureen1939","time_zone":"","msg":"ThamesVP very sad but hurrah The police have got off their asses and done something"}
{"tweet_id":841809651343740928,"created_unixtime":1489538035604,"created_time":"Wed Mar 15 00:33:55 +0000 2017","lang":"en","displayname":"__pureleaf__","time_zone":"","msg":"happy birthday man _jamescolby_"}
{"tweet_id":841809651071102978,"created_unixtime":1489538035539,"created_time":"Wed Mar 15 00:33:55 +0000 2017","lang":"en","displayname":"lydiabernardino","time_zone":"","msg":"RT 1DARRENaticsSMC Happy Wednesday 💚 https//tco/Q8I77CuEet"}
{"tweet_id":841809651381506051,"created_unixtime":1489538035613,"created_time":"Wed Mar 15 00:33:55 +0000 2017","lang":"en","displayname":"BurkeKye","time_zone":"Pacific Time (US & Canada)","msg":"RT troytheblackguy All she wanted to do was say happy birthday to her friend but twitter just couldnt let her live lmaooo https//tco/X…"}
{"tweet_id":841809651842736129,"created_unixtime":1489538035723,"created_time":"Wed Mar 15 00:33:55 +0000 2017","lang":"en","displayname":"Rey_Imanuel","time_zone":"Bangkok","msg":"RT BetaKopites Happy 125 years old  LIVERPOOL FC 🔴🍻👊 https//tco/dzhiHquNfs"}
{"tweet_id":841809652262309888,"created_unixtime":1489538035823,"created_time":"Wed Mar 15 00:33:55 +0000 2017","lang":"en","displayname":"gunzS91","time_zone":"","msg":"RT fran_cec I feel unhappy I feel so sad Ive lost the bestfriend that I ever had"}
{"tweet_id":841809651872198657,"created_unixtime":1489538035730,"created_time":"Wed Mar 15 00:33:55 +0000 2017","lang":"en","displayname":"bigebee","time_zone":"Central Time (US & Canada)","msg":"RT TheSpaceGal Be like Canada Support science Eat pie https//tco/5C0gim7gWM"}
{"tweet_id":841809652597829635,"created_unixtime":1489538035903,"created_time":"Wed Mar 15 00:33:55 +0000 2017","lang":"en","displayname":"shannen_kay","time_zone":"","msg":"RT XLNB The corrupt media and failing Rachel Maddow desperate Anything to stop us from Making America Great Again Fake… "}
{"tweet_id":841809652564148224,"created_unixtime":1489538035895,"created_time":"Wed Mar 15 00:33:55 +0000 2017","lang":"en","displayname":"cocopuffs805","time_zone":"","msg":"markiplier Bostanyanderechan It would be sad if Marksenpai got stuck here with me"}
{"tweet_id":841809652853686273,"created_unixtime":1489538035964,"created_time":"Wed Mar 15 00:33:55 +0000 2017","lang":"en","displayname":"aequitas70","time_zone":"Central Time (US & Canada)","msg":"RT aim0519 Being happy comes from within😍 HappyWednesbaeEveryJuan🤗ilybibi mainedcm 💛ALDUBxDTBYTugOfHearts https//tco/aZIemeJayo"}
{"tweet_id":841809651389861892,"created_unixtime":1489538035615,"created_time":"Wed Mar 15 00:33:55 +0000 2017","lang":"en","displayname":"himizus","time_zone":"Pacific Time (US & Canada)","msg":"RT unbleachedkpop Happy Birthday to Astros precious leader 💕😭 HappyJinJinDay 별들의_리더_박진우_생일축하해 https//tco/d7VZsCTtGr"}
{"tweet_id":841809653365379072,"created_unixtime":1489538036086,"created_time":"Wed Mar 15 00:33:56 +0000 2017","lang":"en","displayname":"suebrazier","time_zone":"London","msg":"RT Rachael_Swindon Tory MP Anne Main Happy to cut disability money and happy for you to cover her daughters lifestyle Shocking amp ve… "}
{"tweet_id":841809653528985600,"created_unixtime":1489538036125,"created_time":"Wed Mar 15 00:33:56 +0000 2017","lang":"en","displayname":"Totallysamsays","time_zone":"Eastern Time (US & Canada)","msg":"Happy Birthday to the one and only brilliant actor Sir themichaelcaine Hope you are enjoying your special day 🤘🏾🎂👍🏾"}
{"tweet_id":841809653797408768,"created_unixtime":1489538036189,"created_time":"Wed Mar 15 00:33:56 +0000 2017","lang":"en","displayname":"youngsnapz26","time_zone":"Eastern Time (US & Canada)","msg":"RT richthekid Focus on what makes you happy"}
{"tweet_id":841809653952466944,"created_unixtime":1489538036226,"created_time":"Wed Mar 15 00:33:56 +0000 2017","lang":"ko","displayname":"fyefye_mtp","time_zone":"Pacific Time (US & Canada)","msg":"RT HeySpring0323 170314 인준 코엑스 퇴근 Preview Happy White Valentines Day런쥔 RENJUN 仁俊 NCT_DREAM 엔시티드림 https//tco/B11LdrT4x9"}
{"tweet_id":841809653684178944,"created_unixtime":1489538036162,"created_time":"Wed Mar 15 00:33:56 +0000 2017","lang":"en","displayname":"allaboutkeiah","time_zone":"Eastern Time (US & Canada)","msg":"RT giamaliva pisces cont artistic abilities are at its peak the most selfless of all signs will give u the world 2 make u… "}
{"tweet_id":841809653533147136,"created_unixtime":1489538036126,"created_time":"Wed Mar 15 00:33:56 +0000 2017","lang":"en","displayname":"BabiShintasu","time_zone":"Central Time (US & Canada)","msg":"MahailaMcKellar on Periscope Happy Pi Day 🌸😊🌸 Intentional Tuesdays 🌸😊🌸 Meditation WellnessThroughAware… https//tco/OSBaKjZhki"}
{"tweet_id":841809654485286912,"created_unixtime":1489538036353,"created_time":"Wed Mar 15 00:33:56 +0000 2017","lang":"en","displayname":"thequeensheart","time_zone":"Eastern Time (US & Canada)","msg":"RT FknNo1 I put on a happy face but inside Im giving the world my middle finger"}
{"tweet_id":841809654422339584,"created_unixtime":1489538036338,"created_time":"Wed Mar 15 00:33:56 +0000 2017","lang":"en","displayname":"gonzalezrhs","time_zone":"Eastern Time (US & Canada)","msg":"hannahneuville I told you I had a sad face 😭"}
{"tweet_id":841809651666698244,"created_unixtime":1489538035681,"created_time":"Wed Mar 15 00:33:55 +0000 2017","lang":"es","displayname":"BowieButtonEyes","time_zone":"Buenos Aires","msg":"Dibuje muchos sapos ultimamente dibujequiero estar loco como un sapo ya estoy sapdigo sad https//tco/pgyuvxG9i8"}
{"tweet_id":841809654623703040,"created_unixtime":1489538036386,"created_time":"Wed Mar 15 00:33:56 +0000 2017","lang":"en","displayname":"sammkolasa","time_zone":"Eastern Time (US & Canada)","msg":"RT soIute sometimes the best way to be happy is to learn to let go of things you tried hard to hold on to that are no longer good for you"}
{"tweet_id":841809653080199169,"created_unixtime":1489538036018,"created_time":"Wed Mar 15 00:33:56 +0000 2017","lang":"en","displayname":"midnightdrivin","time_zone":"Eastern Time (US & Canada)","msg":"Im so tired of being sad https//tco/94wz3rJNsF"}
{"tweet_id":841809654774652928,"created_unixtime":1489538036422,"created_time":"Wed Mar 15 00:33:56 +0000 2017","lang":"en","displayname":"taliii_s","time_zone":"Buenos Aires","msg":"This song is so pretty it gives you melancholic and wanderlust feelings It makes you both happy and sadhttps//tco/uWaR9EFzj5"}
{"tweet_id":841809654493638657,"created_unixtime":1489538036355,"created_time":"Wed Mar 15 00:33:56 +0000 2017","lang":"en","displayname":"BuzzlabDk","time_zone":"","msg":"RT ZouKana Happy birthday Tonton lockslegl  more life Thanx 4 every thing… https//tco/rVuLismJE4"}
{"tweet_id":841809655387029504,"created_unixtime":1489538036568,"created_time":"Wed Mar 15 00:33:56 +0000 2017","lang":"en","displayname":"kelss_ee","time_zone":"","msg":"RT CusfuI if youre sad over a guy remember that you can create humans bleed for 7 days without dying amp swallow kids all guys do is li…"}
{"tweet_id":841809655282208768,"created_unixtime":1489538036543,"created_time":"Wed Mar 15 00:33:56 +0000 2017","lang":"en","displayname":"babycheeee","time_zone":"Atlantic Time (Canada)","msg":"RT giamaliva taurus cont but once theyre committed its settled will do everything in their power to make you happy over… "}
{"tweet_id":841809655194128384,"created_unixtime":1489538036522,"created_time":"Wed Mar 15 00:33:56 +0000 2017","lang":"en","displayname":"Sorrin72","time_zone":"Pacific Time (US & Canada)","msg":"They are so desperate and worked up its sad https//tco/EUxIHk6MA3"}
{"tweet_id":841809655408017408,"created_unixtime":1489538036573,"created_time":"Wed Mar 15 00:33:56 +0000 2017","lang":"en","displayname":"resie_25","time_zone":"","msg":"RT His_SmokingGun Niggas really be living double lives Its fucking sad"}
{"tweet_id":841809655697354753,"created_unixtime":1489538036642,"created_time":"Wed Mar 15 00:33:56 +0000 2017","lang":"ja","displayname":"yuhki315","time_zone":"Tokyo","msg":"RT annya_trk 海未ちゃんHappy Birthday💐✨責任感が強くて真面目でなんだかんだホノカチャンに甘い海未ちゃんが最高に可愛くてだいすきです☺💗劇場版でホノカチャンを心配して本気で怒った海未ちゃんに心打たれた😢🙏💕… "}
{"tweet_id":841809653730316291,"created_unixtime":1489538036173,"created_time":"Wed Mar 15 00:33:56 +0000 2017","lang":"en","displayname":"EsRaa_RoQa","time_zone":"","msg":"goldenboyhassan 🙊🎈🎁Happy birthday to youuuu 😍💜🎂🍰🎉HBD_Hassan 💙💦 https//tco/DzYjGtS1SF"}
{"tweet_id":841809656678825989,"created_unixtime":1489538036876,"created_time":"Wed Mar 15 00:33:56 +0000 2017","lang":"en","displayname":"KazutoFate","time_zone":"","msg":"RT ZacEfron Happy birthday Simone_Biles Hope youre having an incredible day 🎉🎂🎉"}
{"tweet_id":841809656444010496,"created_unixtime":1489538036820,"created_time":"Wed Mar 15 00:33:56 +0000 2017","lang":"en","displayname":"Zariaisbae","time_zone":"","msg":"xKongox1 if ur over 22 and u wished me a happy birthday ill let you buy me alcohol"}
{"tweet_id":841809656615968770,"created_unixtime":1489538036861,"created_time":"Wed Mar 15 00:33:56 +0000 2017","lang":"en","displayname":"guygavrielkay","time_zone":"Eastern Time (US & Canada)","msg":"IlanaCT “Call no man happy until he is dead”"}
{"tweet_id":841809656448208896,"created_unixtime":1489538036821,"created_time":"Wed Mar 15 00:33:56 +0000 2017","lang":"en","displayname":"cheysoul","time_zone":"Mountain Time (US & Canada)","msg":"RT D_Deji28 Do you guys know why he was killed A girl lied that he raped her and her brother shot him dead https//tco/IWDVDZp3rz"}
{"tweet_id":841809656733392896,"created_unixtime":1489538036889,"created_time":"Wed Mar 15 00:33:56 +0000 2017","lang":"en","displayname":"okokliz","time_zone":"Pacific Time (US & Canada)","msg":"I just want everyone 2 b happy"}
{"tweet_id":841809656624365568,"created_unixtime":1489538036863,"created_time":"Wed Mar 15 00:33:56 +0000 2017","lang":"en","displayname":"rbtmedia1","time_zone":"","msg":"RT FBIMostWanted Happy 67th Birthday to the FBI Ten Most Wanted Fugitives List created on March 14 1950 https//tco/aaf7lqVtLn"}
{"tweet_id":841809656980860928,"created_unixtime":1489538036948,"created_time":"Wed Mar 15 00:33:56 +0000 2017","lang":"en","displayname":"mySHELLEY_amour","time_zone":"Central Time (US & Canada)","msg":"RT XLNB The corrupt media and failing Rachel Maddow desperate Anything to stop us from Making America Great Again Fake… "}
{"tweet_id":841809657387704326,"created_unixtime":1489538037045,"created_time":"Wed Mar 15 00:33:57 +0000 2017","lang":"en","displayname":"CianGould","time_zone":"","msg":"Happy birthday Jordo PK Seany_64"}
{"tweet_id":841809657555435520,"created_unixtime":1489538037085,"created_time":"Wed Mar 15 00:33:57 +0000 2017","lang":"en","displayname":"_mindizzle","time_zone":"Arizona","msg":"RT VENUSRlCCI happy pi day everyone im tryna get 314ped"}
{"tweet_id":841809657807093760,"created_unixtime":1489538037145,"created_time":"Wed Mar 15 00:33:57 +0000 2017","lang":"en","displayname":"steggkaf","time_zone":"","msg":"RT ringelrei please I want them to be happy https//tco/mMMS2L9zbw"}
{"tweet_id":841809657727471616,"created_unixtime":1489538037126,"created_time":"Wed Mar 15 00:33:57 +0000 2017","lang":"en","displayname":"rareafrican","time_zone":"Eastern Time (US & Canada)","msg":"RT JustyFBaby Greatest happy birthday wish Ive ever seen https//tco/UrlPQdhFpt"}
{"tweet_id":841809657953894401,"created_unixtime":1489538037180,"created_time":"Wed Mar 15 00:33:57 +0000 2017","lang":"en","displayname":"lynnmeri23","time_zone":"","msg":"RT mbchavez86 Seeing you both thise happy makes me so happy tooGoodvibes amp happinessMaymay amp EdwardMBMayWard [pctto] https//tco…"}
{"tweet_id":841809658054598656,"created_unixtime":1489538037204,"created_time":"Wed Mar 15 00:33:57 +0000 2017","lang":"en","displayname":"_india1580","time_zone":"","msg":"RT D_Deji28 Do you guys know why he was killed A girl lied that he raped her and her brother shot him dead https//tco/IWDVDZp3rz"}
{"tweet_id":841809658054627328,"created_unixtime":1489538037204,"created_time":"Wed Mar 15 00:33:57 +0000 2017","lang":"en","displayname":"_poppyshepherd","time_zone":"Europe/London","msg":"RT TheFunnyVine THIS DOGS FACE MAKES ME SO HAPPY https//tco/a0sAOwgk27"}
{"tweet_id":841809658390159360,"created_unixtime":1489538037284,"created_time":"Wed Mar 15 00:33:57 +0000 2017","lang":"en","displayname":"marlipgonc","time_zone":"","msg":"RT oscarscheerios LEVI TEAGUE MORALES  light  this lil man has made me so incredibly happy and I will forever love him more than… "}
{"tweet_id":841809658260140032,"created_unixtime":1489538037253,"created_time":"Wed Mar 15 00:33:57 +0000 2017","lang":"en","displayname":"AsapBall","time_zone":"","msg":"RT reIates im so happy i grew up in a time where we played hide and seek amp played on the street with friends rather than playing on an i…"}
{"tweet_id":841809658524364800,"created_unixtime":1489538037316,"created_time":"Wed Mar 15 00:33:57 +0000 2017","lang":"en","displayname":"SchoolOfEd_UL","time_zone":"Dublin","msg":"RT DCU_IoE Sad to hear of the death of Dr Tom Kelleghan A  key influencer in shaping Irish education Learning for Life https//tco/k35…"}
{"tweet_id":841809658079805440,"created_unixtime":1489538037210,"created_time":"Wed Mar 15 00:33:57 +0000 2017","lang":"en","displayname":"FerreiraFoodtwn","time_zone":"Eastern Time (US & Canada)","msg":"Happy PiDay https//tco/T96hWaTDgj"}
{"tweet_id":841809658637635584,"created_unixtime":1489538037343,"created_time":"Wed Mar 15 00:33:57 +0000 2017","lang":"en","displayname":"rachelletomasek","time_zone":"Hawaii","msg":"RT HornyFacts i could chill at my boyfriends house amp he can spend 0 on me amp i would be happy asf yall girls crazy"}
{"tweet_id":841809658616639488,"created_unixtime":1489538037338,"created_time":"Wed Mar 15 00:33:57 +0000 2017","lang":"en","displayname":"emyleevasquez","time_zone":"","msg":"RT KDAWG2019 it makes me sad to see such great people settle with someone much less than what they deserve"}
{"tweet_id":841809658021052416,"created_unixtime":1489538037196,"created_time":"Wed Mar 15 00:33:57 +0000 2017","lang":"en","displayname":"joehos18","time_zone":"Eastern Time (US & Canada)","msg":"RT comermd NancyPelosi The most disillusioned Dem in DC Raising Money for a Disillusioned Al Jazeera Puppet Sad GA06… "}
{"tweet_id":841809658687983617,"created_unixtime":1489538037355,"created_time":"Wed Mar 15 00:33:57 +0000 2017","lang":"en","displayname":"gmama33","time_zone":"","msg":"RT CPHighWycombe Mikka is looking for a new home on kittyloafmonday Shes not very happy in pens so really needs someone to… "}
{"tweet_id":841809659048611840,"created_unixtime":1489538037441,"created_time":"Wed Mar 15 00:33:57 +0000 2017","lang":"en","displayname":"Lewbob91","time_zone":"London","msg":"JayAndreas Happy Birthday brobro"}
{"tweet_id":841809659358978048,"created_unixtime":1489538037515,"created_time":"Wed Mar 15 00:33:57 +0000 2017","lang":"en","displayname":"LuaCille","time_zone":"","msg":"nacchashu out of the blue i thought to make you smile and happy  A  AND YOU DESERVE IT YOUR ADORABLE AND AMAZING AND TERRIFIC"}
{"tweet_id":841809659107385345,"created_unixtime":1489538037455,"created_time":"Wed Mar 15 00:33:57 +0000 2017","lang":"en","displayname":"cruiselaws","time_zone":"","msg":"https//tco/shuX9RxFi5 travel news Kevin Harvick to Host Happy Hours on SiriusXM NASCAR Radio https//tco/RxJ1lcZsdh"}
{"tweet_id":841809659891601408,"created_unixtime":1489538037642,"created_time":"Wed Mar 15 00:33:57 +0000 2017","lang":"en","displayname":"LonjawonJ","time_zone":"","msg":"how to make u happy"}
{"tweet_id":841809660071956480,"created_unixtime":1489538037685,"created_time":"Wed Mar 15 00:33:57 +0000 2017","lang":"en","displayname":"ny__9","time_zone":"Pacific Time (US & Canada)","msg":"1 RETWEET THIS2 FOLLOW ME3 ILL FOLLOW YOU BACK5 EVERYONE IS HAPPY "}
{"tweet_id":841809659942043648,"created_unixtime":1489538037654,"created_time":"Wed Mar 15 00:33:57 +0000 2017","lang":"en","displayname":"PattyH24","time_zone":"","msg":"RT DeLanaHarvick Pretty cool Pops  🎤🎧  what could go wrong 😉 gonnabefun https//tco/JNkphNWAqw"}
{"tweet_id":841809660386529280,"created_unixtime":1489538037760,"created_time":"Wed Mar 15 00:33:57 +0000 2017","lang":"en","displayname":"Ms_maliaa","time_zone":"","msg":"They do so much to hurt you and then expect you to act like nothing and be happy"}
{"tweet_id":841809660575420416,"created_unixtime":1489538037805,"created_time":"Wed Mar 15 00:33:57 +0000 2017","lang":"en","displayname":"ewelina2608","time_zone":"London","msg":"RT Pikuchen EXO singing happy birthday to Jongdae then attacking him with confetti spray so when ksoo tried to wipe his face h… "}
{"tweet_id":841809660000780289,"created_unixtime":1489538037668,"created_time":"Wed Mar 15 00:33:57 +0000 2017","lang":"und","displayname":"andyayala2010","time_zone":"Eastern Time (US & Canada)","msg":"👅👅👅 https//tco/hMkhNcMMqX"}
{"tweet_id":841809661049356288,"created_unixtime":1489538037918,"created_time":"Wed Mar 15 00:33:57 +0000 2017","lang":"en","displayname":"Teessaaaaa","time_zone":"","msg":"RT laurenmarquez11 Happy Birthday Tess I miss you so much hope you had an amazing day love you 💕💕 Teessaaaaa"}
{"tweet_id":841809660638302208,"created_unixtime":1489538037820,"created_time":"Wed Mar 15 00:33:57 +0000 2017","lang":"en","displayname":"dinahjane_18","time_zone":"","msg":"RT About_The_Jade LittleMix SpotifyUK What about WINGS  That always makes me happy xxx"}
{"tweet_id":841809660822847488,"created_unixtime":1489538037864,"created_time":"Wed Mar 15 00:33:57 +0000 2017","lang":"en","displayname":"mysweetperrie","time_zone":"Eastern Time (US & Canada)","msg":"RT LittleMix NoMoreSadSongs for REAL❌❤️ weve made a SpotifyUK playlist with some happy songs☺️ what should we add X the girl… "}
{"tweet_id":841809660214566912,"created_unixtime":1489538037719,"created_time":"Wed Mar 15 00:33:57 +0000 2017","lang":"ja","displayname":"kujiratowatash1","time_zone":"","msg":"jumimp みみちゃーん！！！みみちゃん3月じゃなかったっけ？と思ったら過ぎてたー！！遅くなってごめんね😢Happy Birthday💖素敵な1年を過ごせますように✨ https//tco/iTfEsHCEbI"}
{"tweet_id":841809661686870017,"created_unixtime":1489538038070,"created_time":"Wed Mar 15 00:33:58 +0000 2017","lang":"en","displayname":"taylor_dance14","time_zone":"Atlantic Time (Canada)","msg":"RT rezelek Happy birthday taylor_dance14  Hope its been a good one☺️💓"}
{"tweet_id":841809661879771136,"created_unixtime":1489538038116,"created_time":"Wed Mar 15 00:33:58 +0000 2017","lang":"en","displayname":"KennaRage","time_zone":"","msg":"happy birthday s_wootten I hope you had the best day beautiful 💝✨"}
{"tweet_id":841809661317767169,"created_unixtime":1489538037982,"created_time":"Wed Mar 15 00:33:57 +0000 2017","lang":"en","displayname":"_FollowMyTrail","time_zone":"Eastern Time (US & Canada)","msg":"Happy Birthday to the most inspiring boss lady HeidiSomers ❤️🎉🎉"}
{"tweet_id":841809661800022016,"created_unixtime":1489538038097,"created_time":"Wed Mar 15 00:33:58 +0000 2017","lang":"und","displayname":"KeyianDC","time_zone":"","msg":"💔 https//tco/As8yHhTPFt"}
{"tweet_id":841809661657407489,"created_unixtime":1489538038063,"created_time":"Wed Mar 15 00:33:58 +0000 2017","lang":"en","displayname":"_jennyjiin","time_zone":"Pacific Time (US & Canada)","msg":"Happy Tuesday  jnj donateaphoto https//tco/zuPxXWgwhz https//tco/jngMlqJdcn"}
{"tweet_id":841809661821087744,"created_unixtime":1489538038102,"created_time":"Wed Mar 15 00:33:58 +0000 2017","lang":"en","displayname":"forregui","time_zone":"Buenos Aires","msg":"RT LaurenJauregui ConnorFranta so sad I missed you babe😭 youre amazing and thankyou❤️❤️"}
{"tweet_id":841809662223757313,"created_unixtime":1489538038198,"created_time":"Wed Mar 15 00:33:58 +0000 2017","lang":"en","displayname":"ErnmanSellsOut","time_zone":"Eastern Time (US & Canada)","msg":"Happy Birthday Phil Phillips https//tco/F3K0AUD2RJ"}
{"tweet_id":841809662479634432,"created_unixtime":1489538038259,"created_time":"Wed Mar 15 00:33:58 +0000 2017","lang":"en","displayname":"JadaLanaae","time_zone":"Quito","msg":"RT tammyrich_ The littlest shit makes me so happy I swear"}
{"tweet_id":841809662747926528,"created_unixtime":1489538038323,"created_time":"Wed Mar 15 00:33:58 +0000 2017","lang":"en","displayname":"MINGYUNEU","time_zone":"Pacific Time (US & Canada)","msg":"BONAOUS And Ill never finish for make you happy as long as with me"}
{"tweet_id":841809662303453184,"created_unixtime":1489538038217,"created_time":"Wed Mar 15 00:33:58 +0000 2017","lang":"en","displayname":"sgoldtho","time_zone":"Quito","msg":"RT TropRealtyMI Happy PiDay https//tco/10bzBtl5bo"}
{"tweet_id":841809662718709762,"created_unixtime":1489538038316,"created_time":"Wed Mar 15 00:33:58 +0000 2017","lang":"en","displayname":"NewJaeCity","time_zone":"Eastern Time (US & Canada)","msg":"KIARAH_ I dont even know All that over a happy birthday post"}
{"tweet_id":841809662496264192,"created_unixtime":1489538038263,"created_time":"Wed Mar 15 00:33:58 +0000 2017","lang":"en","displayname":"stankmushroom","time_zone":"Pacific Time (US & Canada)","msg":"flyingfreely94 TY VYY Im so sad  ur not going to Newark __"}
{"tweet_id":841809662089543683,"created_unixtime":1489538038166,"created_time":"Wed Mar 15 00:33:58 +0000 2017","lang":"en","displayname":"ranigill7","time_zone":"Casablanca","msg":"sagheer_usmani GOODMORNING FRIENDSWISHING YOU ALL  A SUPERB JOYFUL TWEDNESDAYSTAY BLESSED N HAPPYKEEP SMILI… https//tco/mJmpupoWpl"}
{"tweet_id":841809663247192064,"created_unixtime":1489538038442,"created_time":"Wed Mar 15 00:33:58 +0000 2017","lang":"en","displayname":"patrician0599","time_zone":"","msg":"RT preaching my main focus is to better myself be successful and be happy so if you arent contributing to that then i dont need you i…"}
{"tweet_id":841809664241197056,"created_unixtime":1489538038679,"created_time":"Wed Mar 15 00:33:58 +0000 2017","lang":"en","displayname":"shalom_blaise","time_zone":"Pacific Time (US & Canada)","msg":"RT D_Deji28 Do you guys know why he was killed A girl lied that he raped her and her brother shot him dead https//tco/IWDVDZp3rz"}
{"tweet_id":841809665696530432,"created_unixtime":1489538039026,"created_time":"Wed Mar 15 00:33:59 +0000 2017","lang":"en","displayname":"woozyasfuck","time_zone":"Eastern Time (US & Canada)","msg":"RT ChrisDVBBS Some people just dont want to see you happy  FVCK EM"}
{"tweet_id":841809665457553409,"created_unixtime":1489538038969,"created_time":"Wed Mar 15 00:33:58 +0000 2017","lang":"en","displayname":"zoey_maeee","time_zone":"","msg":"amsmit_ happy birthday gorgeous ❤"}
{"tweet_id":841809666053099520,"created_unixtime":1489538039111,"created_time":"Wed Mar 15 00:33:59 +0000 2017","lang":"en","displayname":"may_pinkpanda","time_zone":"","msg":"RT Deep00Inside 💜Have a Happy Birthday Wish you always be happy Moreover Thank you for making SANHA laugh ☺️ HappyJinJinDay https//t…"}
{"tweet_id":841809666334117888,"created_unixtime":1489538039178,"created_time":"Wed Mar 15 00:33:59 +0000 2017","lang":"en","displayname":"Hirohimura","time_zone":"","msg":"RT bwecht Happy Birthday to a guy that forever changed my life Dan Avidan Audrey amp I recorded a little message to celebrate https//t…"}
{"tweet_id":841809666380189696,"created_unixtime":1489538039189,"created_time":"Wed Mar 15 00:33:59 +0000 2017","lang":"en","displayname":"pandafunk1979","time_zone":"","msg":"RT CUTEST_ANlMALS this makes me so happy  https//tco/4ebwUxo9Hg"}
{"tweet_id":841809666493493248,"created_unixtime":1489538039216,"created_time":"Wed Mar 15 00:33:59 +0000 2017","lang":"tl","displayname":"CarmelitacDelu1","time_zone":"","msg":"RT OFCALDubKoTo OUR OHT 👇🏻 MGA KAADN 👊🏻👱‍♀️HAPPY TWEETING 😘ALDUBxDTBYTugOfHearts https//tco/s9kFScwzar"}
{"tweet_id":841809666418057216,"created_unixtime":1489538039198,"created_time":"Wed Mar 15 00:33:59 +0000 2017","lang":"en","displayname":"Jcsadventurer","time_zone":"","msg":"KianLawley the happy Fathers day one killed me Awh"}
{"tweet_id":841809666380259328,"created_unixtime":1489538039189,"created_time":"Wed Mar 15 00:33:59 +0000 2017","lang":"en","displayname":"drewsmaichard","time_zone":"","msg":"RT TropALDUBDFNDR Happy Tweeting😊 ALDUBxDTBYTugOfHearts AlDubBigGirlz AlDubBigBoyz ALDUBHashtagSQ  TropALDUB  yodabuda… "}
{"tweet_id":841809667223388160,"created_unixtime":1489538039390,"created_time":"Wed Mar 15 00:33:59 +0000 2017","lang":"en","displayname":"1AustinMitch","time_zone":"Casablanca","msg":"RT Stormzy1 Do what makes you happy mate"}
{"tweet_id":841809663314280448,"created_unixtime":1489538038458,"created_time":"Wed Mar 15 00:33:58 +0000 2017","lang":"ru","displayname":"sholda01","time_zone":"","msg":"RT yjhenj55537 привет любеш кейсы такчто заходи на https//tco/mRGU0WFoVQчерез вк или стим и получай каждый день 10 рублей"}
{"tweet_id":841809662181810176,"created_unixtime":1489538038188,"created_time":"Wed Mar 15 00:33:58 +0000 2017","lang":"en","displayname":"CajicEmily","time_zone":"","msg":"RT ajlamujic_ So happy Nick picked Vanessa 😍😍😭 https//tco/KoUl5zXfLh"}
{"tweet_id":841809663549046784,"created_unixtime":1489538038514,"created_time":"Wed Mar 15 00:33:58 +0000 2017","lang":"en","displayname":"roweenxjane","time_zone":"Pacific Time (US & Canada)","msg":"RT warriors DubNation please join us in wishing StephenCurry30 a very Happy Birthday 🎈 https//tco/cByjiIEk25"}
{"tweet_id":841809662924197888,"created_unixtime":1489538038365,"created_time":"Wed Mar 15 00:33:58 +0000 2017","lang":"en","displayname":"erniereppe","time_zone":"Central Time (US & Canada)","msg":"TimGundersonDC Were happy to have him Zimmer will turn him into an AllPro"}
{"tweet_id":841809664153124865,"created_unixtime":1489538038658,"created_time":"Wed Mar 15 00:33:58 +0000 2017","lang":"in","displayname":"jumjum_jumrotun","time_zone":"Jakarta","msg":"RT kamtoromandhoni Selamat Pagi IndonesiaSemoga aktivitas kita hari ini diberikan Rahmat amp Ridha oleh Allah SWTHappy Wednesday Mornin…"}
{"tweet_id":841809664178233344,"created_unixtime":1489538038664,"created_time":"Wed Mar 15 00:33:58 +0000 2017","lang":"en","displayname":"jmoneytice","time_zone":"","msg":"TessTweeted happy birthday 🎉"}
{"tweet_id":841809664052457474,"created_unixtime":1489538038634,"created_time":"Wed Mar 15 00:33:58 +0000 2017","lang":"en","displayname":"whittreidd","time_zone":"","msg":"RT kanyefeeI its sad to see a good person change"}
{"tweet_id":841809662659985409,"created_unixtime":1489538038302,"created_time":"Wed Mar 15 00:33:58 +0000 2017","lang":"en","displayname":"natalievb16","time_zone":"Eastern Time (US & Canada)","msg":"Just watched CharlesTrippy and AllieWess wedding vlog  I can only hope to half as happy as them"}
{"tweet_id":841809664744554496,"created_unixtime":1489538038799,"created_time":"Wed Mar 15 00:33:58 +0000 2017","lang":"en","displayname":"fergiiiiie","time_zone":"Eastern Time (US & Canada)","msg":"if you just got out of a relationship why go into another one or talk to someone else focus on yourself for a bit amp make yourself happy"}
{"tweet_id":841809665008799746,"created_unixtime":1489538038862,"created_time":"Wed Mar 15 00:33:58 +0000 2017","lang":"en","displayname":"anidalaa","time_zone":"Pacific Time (US & Canada)","msg":"RT nvturewins anidalaa happy birthday love"}
{"tweet_id":841809665134624768,"created_unixtime":1489538038892,"created_time":"Wed Mar 15 00:33:58 +0000 2017","lang":"en","displayname":"GoldielocksVamp","time_zone":"","msg":"MirthfulDapper loved happy was all that mattered even in bed Pleasing him in bed right was what mattered"}
{"tweet_id":841809665478557696,"created_unixtime":1489538038974,"created_time":"Wed Mar 15 00:33:58 +0000 2017","lang":"en","displayname":"SimonWerner__","time_zone":"","msg":"RT NASA Its PiDay It may be irrational but pi plays an important role in the work of scientists at NASA… "}
{"tweet_id":841809665637916672,"created_unixtime":1489538039012,"created_time":"Wed Mar 15 00:33:59 +0000 2017","lang":"en","displayname":"Amily_Clary","time_zone":"","msg":"RT halie_brewer Smiling because I couldnt be more happy 💜☺ https//tco/dV1HLpTNDS"}
{"tweet_id":841809666350977026,"created_unixtime":1489538039182,"created_time":"Wed Mar 15 00:33:59 +0000 2017","lang":"en","displayname":"Metric_R_n_B","time_zone":"Central Time (US & Canada)","msg":"RT DCTOP20 [EVENT REVIEW] DCTOP20s In Da City Happy Hour amp DMV Record Pool dctop20 https//tco/ABNNoI7P9O https//tco/6VpaOhAnPY"}
{"tweet_id":841809666648629248,"created_unixtime":1489538039253,"created_time":"Wed Mar 15 00:33:59 +0000 2017","lang":"en","displayname":"HoTsang1217","time_zone":"","msg":"RT mlcsalad GlaizaNews glaizaredux GlaizaNatics16 HoTsang1217 Happy Anniversary Gnews amp Congratulations Godbless"}
{"tweet_id":841809666657083393,"created_unixtime":1489538039255,"created_time":"Wed Mar 15 00:33:59 +0000 2017","lang":"en","displayname":"FrankHana","time_zone":"Pacific Time (US & Canada)","msg":"Big Fails  That Kind Of Mother You Are Very Happy Its Not Yours https//tco/lgecS94PRN"}
{"tweet_id":841809667080642561,"created_unixtime":1489538039356,"created_time":"Wed Mar 15 00:33:59 +0000 2017","lang":"en","displayname":"JSpringerley","time_zone":"","msg":"RT mbchavez86 Seeing you both thise happy makes me so happy tooGoodvibes amp happinessMaymay amp EdwardMBMayWard [pctto] https//tco…"}
{"tweet_id":841809667076567040,"created_unixtime":1489538039355,"created_time":"Wed Mar 15 00:33:59 +0000 2017","lang":"en","displayname":"asstractive_","time_zone":"Athens","msg":"fuck with myself is the first Banks song i heard in stjxdes car and i remember being sad cause i didnt know the lyrics at the time and"}
{"tweet_id":841809667084951553,"created_unixtime":1489538039357,"created_time":"Wed Mar 15 00:33:59 +0000 2017","lang":"en","displayname":"JudyMacInnis","time_zone":"Atlantic Time (Canada)","msg":"RT cbuniversity Its PiDay which also happens to be Albert Einsteins birthday Happy 314 everyone  https//tco/hvHTGxvMWg"}
{"tweet_id":841809667407912965,"created_unixtime":1489538039434,"created_time":"Wed Mar 15 00:33:59 +0000 2017","lang":"ja","displayname":"yulya_ABC","time_zone":"Bangkok","msg":"soya_stg 宗弥さんだいじょぶ？お誕生日おめでとうございます！❤I wish you be happy ✨"}
{"tweet_id":841809667244322817,"created_unixtime":1489538039395,"created_time":"Wed Mar 15 00:33:59 +0000 2017","lang":"en","displayname":"griermania","time_zone":"","msg":"Aww he looks so happy to see her TheFosters"}
{"tweet_id":841809667491807232,"created_unixtime":1489538039454,"created_time":"Wed Mar 15 00:33:59 +0000 2017","lang":"en","displayname":"Siegel_DECA","time_zone":"Central Time (US & Canada)","msg":"RT DECAInc Happy DECA Advisor  Happy DECA Chapter 😉👍🏻 kaiteycrosby has 5 ways to keep your advisor smiling https//tco/uS6BU79ocn"}
{"tweet_id":841809667630145536,"created_unixtime":1489538039487,"created_time":"Wed Mar 15 00:33:59 +0000 2017","lang":"en","displayname":"babyfajita","time_zone":"Pacific Time (US & Canada)","msg":"RT kiwicabelIo mary what the fuck 😂😂😂😂 https//tco/jO9byrUL8V"}
{"tweet_id":841809667512770566,"created_unixtime":1489538039459,"created_time":"Wed Mar 15 00:33:59 +0000 2017","lang":"en","displayname":"StyleBlueprint","time_zone":"Central Time (US & Canada)","msg":"The Rich History of Oak Hall Happy 155th Birthday StyleBlueprint SBMemphis https//tco/Njd347RIaf"}
{"tweet_id":841809667131088896,"created_unixtime":1489538039368,"created_time":"Wed Mar 15 00:33:59 +0000 2017","lang":"en","displayname":"mvungho","time_zone":"","msg":"Goodnight 💙 thank you so much Seungjun for making my day so happy https//tco/VF4VCs2CKA"}
{"tweet_id":841809667932143616,"created_unixtime":1489538039559,"created_time":"Wed Mar 15 00:33:59 +0000 2017","lang":"en","displayname":"_TheMoralArc","time_zone":"Pacific Time (US & Canada)","msg":"RT neiltyson 314  Happy Piday to Gregorian calendar users who reckon dates with month followed by day separated by period omitting year"}
{"tweet_id":841809666799763457,"created_unixtime":1489538039289,"created_time":"Wed Mar 15 00:33:59 +0000 2017","lang":"en","displayname":"madison_ebsch","time_zone":"","msg":"RT govsangels Happy Birthday rachel_hil 🎁🎈🎂 Be the amazing girl you are endless and I hope your dreams come trueeee 👑💕😍 https//tco/vdN…"}
{"tweet_id":841809668280324100,"created_unixtime":1489538039642,"created_time":"Wed Mar 15 00:33:59 +0000 2017","lang":"en","displayname":"Sangoladango","time_zone":"Greenland","msg":"N4gaiyume hhhhhnnn yes you all are and i just ahhhhIM SO SAD I WAS SO SCARED TO ASK SNOW FOR RQ WHEN YOURE ALL… https//tco/wyACzpBjXv"}
{"tweet_id":841809668225794048,"created_unixtime":1489538039629,"created_time":"Wed Mar 15 00:33:59 +0000 2017","lang":"en","displayname":"ChaseSupport","time_zone":"Eastern Time (US & Canada)","msg":"carmenye_ We are happy to hear you are taking full advantage of the reward points and thank you for the shoutout JO"}
{"tweet_id":841809668494262273,"created_unixtime":1489538039693,"created_time":"Wed Mar 15 00:33:59 +0000 2017","lang":"en","displayname":"Emilio_johnson1","time_zone":"Central Time (US & Canada)","msg":"So happy my car is street legal 👅"}
{"tweet_id":841809668976578561,"created_unixtime":1489538039808,"created_time":"Wed Mar 15 00:33:59 +0000 2017","lang":"en","displayname":"JacquelineTala7","time_zone":"","msg":"RT DaveD_40 Nina says Good Morning Twitterworld Happy TongueOutTuesday everyone Have a great tunatuesday today🌞❤🐾🐱🐾❤… "}
{"tweet_id":841809667709886464,"created_unixtime":1489538039506,"created_time":"Wed Mar 15 00:33:59 +0000 2017","lang":"en","displayname":"AGMLLCdamonbyrd","time_zone":"","msg":"Happy customer ☀️🌭🍔🌽👨🏻‍🍳 https//tco/iNZ8jvZ0YR"}
{"tweet_id":841809669903552513,"created_unixtime":1489538040029,"created_time":"Wed Mar 15 00:34:00 +0000 2017","lang":"en","displayname":"paveseskiii","time_zone":"","msg":"RT jesssssie__ So happy that I wont have to look at this snow at all next week"}
{"tweet_id":841809670100541440,"created_unixtime":1489538040076,"created_time":"Wed Mar 15 00:34:00 +0000 2017","lang":"en","displayname":"HimawariKaz","time_zone":"Tokyo","msg":"RT BreedersCup Happy Birthday to 2015 BreedersCup Vegas Dirt Mile Champion Liams Map Standing at LanesEndFarms 📸… "}
{"tweet_id":841809670205538306,"created_unixtime":1489538040101,"created_time":"Wed Mar 15 00:34:00 +0000 2017","lang":"en","displayname":"Rajkuma67674403","time_zone":"","msg":"AnilKapoor Ileana_Official theathiyashetty arjunk26 BazmeeAnees     Happy Holi"}
{"tweet_id":841809670046126080,"created_unixtime":1489538040063,"created_time":"Wed Mar 15 00:34:00 +0000 2017","lang":"en","displayname":"singer4ever15","time_zone":"","msg":"RT glovisual have you ever been so sad that you just really want to be alone but at the same time you really wish there was someone who…"}
{"tweet_id":841809670293536768,"created_unixtime":1489538040122,"created_time":"Wed Mar 15 00:34:00 +0000 2017","lang":"en","displayname":"Mizuho_uekw","time_zone":"","msg":"show_tdmto 🍓Happy White Day🍫"}
{"tweet_id":841809670725492736,"created_unixtime":1489538040225,"created_time":"Wed Mar 15 00:34:00 +0000 2017","lang":"en","displayname":"boyinlust","time_zone":"Pacific Time (US & Canada)","msg":"RT yoongibts bts episode HAPPY WHITE DAY FROM BTS 1 yoongi 😭💖 https//tco/k4AL97UH8M"}
{"tweet_id":841809669039501312,"created_unixtime":1489538039823,"created_time":"Wed Mar 15 00:33:59 +0000 2017","lang":"en","displayname":"AdamKoslen","time_zone":"","msg":"Happy PiDay 3point14 https//tco/3R1Zd2uglI"}
{"tweet_id":841809670465544192,"created_unixtime":1489538040163,"created_time":"Wed Mar 15 00:34:00 +0000 2017","lang":"en","displayname":"JosieBeilke","time_zone":"","msg":"Thank you Kenz😊 love you so much 💗 https//tco/WsJzZjnHHr"}
{"tweet_id":841809671203643392,"created_unixtime":1489538040339,"created_time":"Wed Mar 15 00:34:00 +0000 2017","lang":"en","displayname":"princesalupita0","time_zone":"","msg":"RT DQvoutes • the worst feeling you can ever have is when the person you want has other people making them happy 😭😔 •"}
{"tweet_id":841809670805311488,"created_unixtime":1489538040244,"created_time":"Wed Mar 15 00:34:00 +0000 2017","lang":"en","displayname":"sarah_shoe_09","time_zone":"Eastern Time (US & Canada)","msg":"RT soIute sometimes the best way to be happy is to learn to let go of things you tried hard to hold on to that are no longer good for you"}
{"tweet_id":841809671107317762,"created_unixtime":1489538040316,"created_time":"Wed Mar 15 00:34:00 +0000 2017","lang":"en","displayname":"nkagr2706","time_zone":"","msg":"PiyushGoyal very happy to see you in morning"}
{"tweet_id":841809671551836160,"created_unixtime":1489538040422,"created_time":"Wed Mar 15 00:34:00 +0000 2017","lang":"en","displayname":"_nataliecortezz","time_zone":"","msg":"RT alisaburiel _nataliecortezz happy birthday 🎈🎊🎉💗"}
{"tweet_id":841809670427811846,"created_unixtime":1489538040154,"created_time":"Wed Mar 15 00:34:00 +0000 2017","lang":"en","displayname":"junryl0814","time_zone":"","msg":"RT kanyefeeI its sad to see a good person change"}
{"tweet_id":841809671165997057,"created_unixtime":1489538040330,"created_time":"Wed Mar 15 00:34:00 +0000 2017","lang":"en","displayname":"a_ylinart","time_zone":"Atlantic Time (Canada)","msg":"RT EiramAydni Ill always care about my character more than my reputation i have to live with myselfI have to be happy with myself in…"}
{"tweet_id":841809671316987904,"created_unixtime":1489538040366,"created_time":"Wed Mar 15 00:34:00 +0000 2017","lang":"en","displayname":"parjiminstan","time_zone":"","msg":"RT bts_bighit [Episode] HAPPY WHITE DAY FROM BTS 1 https//tco/Kk7XrnfG3x2 https//tco/dUxXeGBvhG"}
{"tweet_id":841809671459606531,"created_unixtime":1489538040400,"created_time":"Wed Mar 15 00:34:00 +0000 2017","lang":"en","displayname":"I_am_deGroot","time_zone":"","msg":"shanndaws this actually makes me so sad no one deserves to be hurt especially like this 😔"}
{"tweet_id":841809671212134400,"created_unixtime":1489538040341,"created_time":"Wed Mar 15 00:34:00 +0000 2017","lang":"en","displayname":"haleyMdurham","time_zone":"","msg":"i dont care who your with now as long as they makes you happy but just know it kills me to see you with someone else"}
{"tweet_id":841809671904194560,"created_unixtime":1489538040506,"created_time":"Wed Mar 15 00:34:00 +0000 2017","lang":"en","displayname":"suri_susan","time_zone":"Atlantic Time (Canada)","msg":"RT SpotON_PURRFECT Happy Snowing                💗           My winter wonderful lt 3Action  💎https//tco/kEuwWnhvt7"}
{"tweet_id":841809671610605569,"created_unixtime":1489538040436,"created_time":"Wed Mar 15 00:34:00 +0000 2017","lang":"en","displayname":"jauregui20L75H3","time_zone":"","msg":"RT 5HVotingStats Scared Of Happy FifthHarmony YouKnowYouLoveThem radiodisney"}
{"tweet_id":841809672206086144,"created_unixtime":1489538040578,"created_time":"Wed Mar 15 00:34:00 +0000 2017","lang":"en","displayname":"ZaraCottage","time_zone":"Pacific Time (US & Canada)","msg":"AnnahMariahRuby Soo happy Im sure soul families will see Already ordered mine 😊 books AnnMarieRuby"}
{"tweet_id":841809672122253312,"created_unixtime":1489538040558,"created_time":"Wed Mar 15 00:34:00 +0000 2017","lang":"en","displayname":"a_deeb17","time_zone":"","msg":"RT MeninistTweet Happy pi dayThe Falcons blew a 283 lead314283  31the warriors blew a 31 lead in the NBA Finals"}
{"tweet_id":841809672755601408,"created_unixtime":1489538040709,"created_time":"Wed Mar 15 00:34:00 +0000 2017","lang":"en","displayname":"StellarJ_bird","time_zone":"","msg":"Mags4Trump POTUS kylegriffin1Whats sad is that you actually seem to invest realworld self worth in that Dude you need a girlfriend"}
{"tweet_id":841809672625610752,"created_unixtime":1489538040678,"created_time":"Wed Mar 15 00:34:00 +0000 2017","lang":"en","displayname":"slinganswers","time_zone":"","msg":"pixelbeat Apologies for the delay Id be happy to look into this issue with you in a DM if you are still interested IS"}
{"tweet_id":841809672898138112,"created_unixtime":1489538040743,"created_time":"Wed Mar 15 00:34:00 +0000 2017","lang":"en","displayname":"cavenigger","time_zone":"","msg":"RT pressplayok Whoaaa how did we miss this brilliant NJOMZA track https//tco/v2acdmcVkE"}
{"tweet_id":841809672625631232,"created_unixtime":1489538040678,"created_time":"Wed Mar 15 00:34:00 +0000 2017","lang":"en","displayname":"EvanShea23","time_zone":"","msg":"RT hayleyyjacobss EvanShea23 Happy Birthday Ev  hope you have an amazing day  Thanks for everything 💜💜 https//tco/am5A9S272H"}
{"tweet_id":841809673045053440,"created_unixtime":1489538040778,"created_time":"Wed Mar 15 00:34:00 +0000 2017","lang":"en","displayname":"stephanielica","time_zone":"Pacific Time (US & Canada)","msg":"RT mmegxan happy birthday steph 💖 i hope youve had a great day🎉 stephanielica"}
{"tweet_id":841809673145671680,"created_unixtime":1489538040802,"created_time":"Wed Mar 15 00:34:00 +0000 2017","lang":"en","displayname":"MegaZinta07","time_zone":"","msg":"RT realpreityzinta Happy Holi everyone 😍May the festival of colours bring all the happiness light amp colour into ur lives amp take away… "}
{"tweet_id":841809673233788928,"created_unixtime":1489538040823,"created_time":"Wed Mar 15 00:34:00 +0000 2017","lang":"en","displayname":"KingNicole_","time_zone":"Central Time (US & Canada)","msg":"RT troytheblackguy All she wanted to do was say happy birthday to her friend but twitter just couldnt let her live lmaooo https//tco/X…"}
{"tweet_id":841809672919224321,"created_unixtime":1489538040748,"created_time":"Wed Mar 15 00:34:00 +0000 2017","lang":"en","displayname":"Vuible","time_zone":"","msg":"God knew you were going to be special to someonethats why he created you Be happy with yourself and know you are loved"}
{"tweet_id":841809672738861056,"created_unixtime":1489538040705,"created_time":"Wed Mar 15 00:34:00 +0000 2017","lang":"fr","displayname":"Clarar_rrrr","time_zone":"Amsterdam","msg":"Beh Juliettev63  pourquoi tfais pas comme elle  Easy non  https//tco/HDb14H77zk"}
{"tweet_id":841809673439313920,"created_unixtime":1489538040872,"created_time":"Wed Mar 15 00:34:00 +0000 2017","lang":"en","displayname":"GottaGetLifted","time_zone":"Eastern Time (US & Canada)","msg":"RT yungblkhrt ur too much of a hoe for all dat https//tco/Yub7zHFrGu"}
{"tweet_id":841809673539993601,"created_unixtime":1489538040896,"created_time":"Wed Mar 15 00:34:00 +0000 2017","lang":"en","displayname":"AngoMcDango","time_zone":"","msg":"Happy birthday Dan Avidan I look at a photo of you every morning for strength"}
{"tweet_id":841809674571771904,"created_unixtime":1489538041142,"created_time":"Wed Mar 15 00:34:01 +0000 2017","lang":"en","displayname":"TaylorPettitt","time_zone":"Eastern Time (US & Canada)","msg":"RT breanabutlerx TaylorPettitt HAPPY BIRTHDAYYYY LOVE ❤️ 🎉💖"}
{"tweet_id":841809675192475649,"created_unixtime":1489538041290,"created_time":"Wed Mar 15 00:34:01 +0000 2017","lang":"en","displayname":"Zaty_Ahmad99","time_zone":"","msg":"RT TheFunnyTeens so annoying when ppl are like ur always laughin u laugh at everything its not that funny like OK sorry im a happy…"}
{"tweet_id":841809675066699777,"created_unixtime":1489538041260,"created_time":"Wed Mar 15 00:34:01 +0000 2017","lang":"en","displayname":"BriStephens_","time_zone":"Pacific Time (US & Canada)","msg":"RT lingerie_addict In an industry thats all to happy to discard women once they reach the age of 25 campaigns like this are necessary… "}
{"tweet_id":841809673233752066,"created_unixtime":1489538040823,"created_time":"Wed Mar 15 00:34:00 +0000 2017","lang":"en","displayname":"_wineveryday_","time_zone":"","msg":"Happy Birthday BigSims50 😂 https//tco/ZV0mXUxQyn"}
{"tweet_id":841809674626334721,"created_unixtime":1489538041155,"created_time":"Wed Mar 15 00:34:01 +0000 2017","lang":"en","displayname":"dinahjane_18","time_zone":"","msg":"RT LittleMix NoMoreSadSongs for REAL❌❤️ weve made a SpotifyUK playlist with some happy songs☺️ what should we add X the girl… "}
{"tweet_id":841809675217588224,"created_unixtime":1489538041296,"created_time":"Wed Mar 15 00:34:01 +0000 2017","lang":"tl","displayname":"maichard161","time_zone":"","msg":"RT jaysondmx Yung mga nag hahanap ng FAs ko Eto thread From 2015 to july 2016 reposted nung first Aniv 🙂… "}
{"tweet_id":841809674944970753,"created_unixtime":1489538041231,"created_time":"Wed Mar 15 00:34:01 +0000 2017","lang":"en","displayname":"cocktailpartie","time_zone":"Pacific Time (US & Canada)","msg":"RT LLUpdates March 15th is Umi Sonadas birthday Happy birthday Umi 💙園田海未生誕祭2017 https//tco/fRdJUZyY8A"}
{"tweet_id":841809675624505344,"created_unixtime":1489538041393,"created_time":"Wed Mar 15 00:34:01 +0000 2017","lang":"en","displayname":"6KingMirel","time_zone":"","msg":"RT GGMSTL Lifes too short to tolerate shit that doesnt make you happy"}
{"tweet_id":841809674362097664,"created_unixtime":1489538041092,"created_time":"Wed Mar 15 00:34:01 +0000 2017","lang":"en","displayname":"itsQUEENbri_","time_zone":"Eastern Time (US & Canada)","msg":"RT D_Deji28 Do you guys know why he was killed A girl lied that he raped her and her brother shot him dead https//tco/IWDVDZp3rz"}
{"tweet_id":841809675385462784,"created_unixtime":1489538041336,"created_time":"Wed Mar 15 00:34:01 +0000 2017","lang":"en","displayname":"DBlackwell5","time_zone":"","msg":"RT BoozDataScience Happy PiDay  datahumor https//tco/0ilUF6Z8IC"}
{"tweet_id":841809674433396736,"created_unixtime":1489538041109,"created_time":"Wed Mar 15 00:34:01 +0000 2017","lang":"en","displayname":"smithkaty62","time_zone":"","msg":"speech ppl put stuff like second in the state 😛🔥👏🏼☺️ in their bios but tbh Im just happy if Andrew and I think we performed our best"}
{"tweet_id":841809675431604226,"created_unixtime":1489538041347,"created_time":"Wed Mar 15 00:34:01 +0000 2017","lang":"en","displayname":"DobrevOwnsMe","time_zone":"Quito","msg":"I think that even if they had made that huge mistake it would have ruined both ships and that would have been the w… https//tco/jiJkd9dtpT"}
{"tweet_id":841809675897135104,"created_unixtime":1489538041458,"created_time":"Wed Mar 15 00:34:01 +0000 2017","lang":"en","displayname":"Lokeshlogu_msw","time_zone":"","msg":"RT harbhajan_singh Holi celebrations amp Birthday of wife MYLIFE❤ Geeta_Basra 🎂🎂🎂💑🌈stay happy lots of love😘😘 ❤️❤❤️ https//tco/OOOJ9sH9…"}
{"tweet_id":841809675318247425,"created_unixtime":1489538041320,"created_time":"Wed Mar 15 00:34:01 +0000 2017","lang":"en","displayname":"alfredomusic","time_zone":"Pacific Time (US & Canada)","msg":"Happy Birthday to my mentor producer and friend Quincy Jones Honored and humbled to learn from one of the greates… https//tco/qezioRmdXo"}
{"tweet_id":841809675884589056,"created_unixtime":1489538041455,"created_time":"Wed Mar 15 00:34:01 +0000 2017","lang":"und","displayname":"taylorheckman7","time_zone":"","msg":" https//tco/zVhVKwS5T1"}
{"tweet_id":841809676266221568,"created_unixtime":1489538041546,"created_time":"Wed Mar 15 00:34:01 +0000 2017","lang":"en","displayname":"gr00vyp","time_zone":"Pacific Time (US & Canada)","msg":"Its impossible to always keep them happy"}
{"tweet_id":841809675003822081,"created_unixtime":1489538041245,"created_time":"Wed Mar 15 00:34:01 +0000 2017","lang":"es","displayname":"Jungsugav","time_zone":"Pacific Time (US & Canada)","msg":"r5ftbts euuu vez no te sientas sad que me rompes el corazón  lt/3 https//tco/piZWKuMGdU"}
{"tweet_id":841809674429169664,"created_unixtime":1489538041108,"created_time":"Wed Mar 15 00:34:01 +0000 2017","lang":"en","displayname":"EmilyBa65737859","time_zone":"","msg":"Hayyyyy find new girl and be happy  https//tco/jC5uYA4Rt5 https//tco/dVUdCONKk9"}
{"tweet_id":841809675872010240,"created_unixtime":1489538041452,"created_time":"Wed Mar 15 00:34:01 +0000 2017","lang":"en","displayname":"bizcoachdan","time_zone":"","msg":"Definition Funeral Director A guy who tries to look sad during a 15000 funeral"}
{"tweet_id":841809676673118208,"created_unixtime":1489538041643,"created_time":"Wed Mar 15 00:34:01 +0000 2017","lang":"en","displayname":"yatomode","time_zone":"","msg":"Why I am sad over something that has nothing to do with me"}
{"tweet_id":841809676467552258,"created_unixtime":1489538041594,"created_time":"Wed Mar 15 00:34:01 +0000 2017","lang":"en","displayname":"shiroihime","time_zone":"Pacific Time (US & Canada)","msg":"RT chika___n Riku Your feelings made me so happy and it was delicious I wonder if I made you smile too https//tco/bkCsHGLPDe"}
{"tweet_id":841809676954157056,"created_unixtime":1489538041710,"created_time":"Wed Mar 15 00:34:01 +0000 2017","lang":"en","displayname":"surfinchef61","time_zone":"Eastern Time (US & Canada)","msg":"RT TammyDSanford3 Happy Birthday Michael mhall55nine 🎂 https//tco/4Ce8yZhhEx"}
{"tweet_id":841809673439313920,"created_unixtime":1489538040872,"created_time":"Wed Mar 15 00:34:00 +0000 2017","lang":"en","displayname":"GottaGetLifted","time_zone":"Eastern Time (US & Canada)","msg":"RT yungblkhrt ur too much of a hoe for all dat https//tco/Yub7zHFrGu"}
{"tweet_id":841809677956481025,"created_unixtime":1489538041949,"created_time":"Wed Mar 15 00:34:01 +0000 2017","lang":"en","displayname":"BlaqqRob","time_zone":"","msg":"Our layover is in Vegas and I still contend the folks playing the airport slot machines is both hilarious and sad all at the same time"}
{"tweet_id":841809678128488448,"created_unixtime":1489538041990,"created_time":"Wed Mar 15 00:34:01 +0000 2017","lang":"tl","displayname":"_MervzZZ_","time_zone":"Hong Kong","msg":"RT balot_quinto happy 7th monthsary teamalonenomore 😘😘😘adnfestbabies lady_schantei BatangBachuchai ninz0517  misyugirls 😭😭😭 https…"}
{"tweet_id":841809678057197568,"created_unixtime":1489538041973,"created_time":"Wed Mar 15 00:34:01 +0000 2017","lang":"en","displayname":"YoursTruly_99","time_zone":"","msg":"RT EricaArias88 YoursTruly_99 happy birthday leti 😘😘💕 hope you have a great day 🎊 miss you😗"}
{"tweet_id":841809677969047552,"created_unixtime":1489538041952,"created_time":"Wed Mar 15 00:34:01 +0000 2017","lang":"en","displayname":"gnunis1892","time_zone":"Kuala Lumpur","msg":"Congrats once again https//tco/LXfBSfR0cb"}
{"tweet_id":841809678237630464,"created_unixtime":1489538042016,"created_time":"Wed Mar 15 00:34:02 +0000 2017","lang":"en","displayname":"bfurgerson92","time_zone":"","msg":"RT HornyFacts I just want you to be happy and maybe a little bit naked"}
{"tweet_id":841809677650395140,"created_unixtime":1489538041876,"created_time":"Wed Mar 15 00:34:01 +0000 2017","lang":"en","displayname":"FiImMemes","time_zone":"Pacific Time (US & Canada)","msg":"RT hidden saying im tired when youre actually sad"}
{"tweet_id":841809678376026112,"created_unixtime":1489538042049,"created_time":"Wed Mar 15 00:34:02 +0000 2017","lang":"en","displayname":"EdwinL__","time_zone":"","msg":"RT richthekid Focus on what makes you happy"}
{"tweet_id":841809678996709376,"created_unixtime":1489538042197,"created_time":"Wed Mar 15 00:34:02 +0000 2017","lang":"ja","displayname":"GMTA_11","time_zone":"","msg":"RT meimei_anime_ 今日は1番推している海未ちゃんの誕生日！！Happy Birthday！！海未ちゃんは天使のようにかわいい！最高すぎます！3月15日は園田海未の誕生日 園田海未生誕祭2017ラブライバーはRT 海未ちゃん生誕祭… "}
{"tweet_id":841809679105814529,"created_unixtime":1489538042223,"created_time":"Wed Mar 15 00:34:02 +0000 2017","lang":"en","displayname":"wcn_titanradio","time_zone":"Eastern Time (US & Canada)","msg":"Happy Birthday Einstein Albert Einstein was born 138 years ago today https//tco/20IPny7RCg"}
{"tweet_id":841809678510235648,"created_unixtime":1489538042081,"created_time":"Wed Mar 15 00:34:02 +0000 2017","lang":"en","displayname":"YourManNASA","time_zone":"Eastern Time (US & Canada)","msg":"As always excited people happy to be in the house"}
{"tweet_id":841809679210708992,"created_unixtime":1489538042248,"created_time":"Wed Mar 15 00:34:02 +0000 2017","lang":"en","displayname":"juliagorny","time_zone":"","msg":"RT mgrigorovv juliagorny happy sweet 16 to my bff😚💘🙌🏼 love spending literally everyday with you amp cant wait for Sam Hunt 😍… "}
{"tweet_id":841809679579664385,"created_unixtime":1489538042336,"created_time":"Wed Mar 15 00:34:02 +0000 2017","lang":"en","displayname":"itsdenangel","time_zone":"Pacific Time (US & Canada)","msg":"RT dailytxtmsg You make me happy Please stay"}
{"tweet_id":841809679391068160,"created_unixtime":1489538042291,"created_time":"Wed Mar 15 00:34:02 +0000 2017","lang":"en","displayname":"JCoIeNO","time_zone":"Pacific Time (US & Canada)","msg":"RT hidden saying im tired when youre actually sad"}
{"tweet_id":841809679122587648,"created_unixtime":1489538042227,"created_time":"Wed Mar 15 00:34:02 +0000 2017","lang":"en","displayname":"Atrill__","time_zone":"Central Time (US & Canada)","msg":"RT RapSpotlights RT if youre happy that Kodak Black is out and making new music 🔥 https//tco/8wyxkj92Su"}
{"tweet_id":841809679638491136,"created_unixtime":1489538042350,"created_time":"Wed Mar 15 00:34:02 +0000 2017","lang":"en","displayname":"jenngem","time_zone":"Pacific Time (US & Canada)","msg":"RT MOMITFORWARD Q6 DOES FOOD MAKE YOU HAPPY WHAT DISHES MAKE YOU THE HAPPIEST AvoHappiness GNO PLS RT"}
{"tweet_id":841809679835529216,"created_unixtime":1489538042397,"created_time":"Wed Mar 15 00:34:02 +0000 2017","lang":"en","displayname":"mclifford82","time_zone":"Pacific Time (US & Canada)","msg":"LittleVioletBel crehage maddow thats really sad"}
{"tweet_id":841809680024387585,"created_unixtime":1489538042442,"created_time":"Wed Mar 15 00:34:02 +0000 2017","lang":"en","displayname":"a_jenaee","time_zone":"Central Time (US & Canada)","msg":"RT XLNB The corrupt media and failing Rachel Maddow desperate Anything to stop us from Making America Great Again Fake… "}
{"tweet_id":841809679844024320,"created_unixtime":1489538042399,"created_time":"Wed Mar 15 00:34:02 +0000 2017","lang":"en","displayname":"melodysuth","time_zone":"","msg":"RT melodysuth I was finally able to get tickets to your show in Denver this Friday So happy ❤ https//tco/e35kBKyB7T"}
{"tweet_id":841809680187953156,"created_unixtime":1489538042481,"created_time":"Wed Mar 15 00:34:02 +0000 2017","lang":"en","displayname":"RegionVIMegan","time_zone":"","msg":"MovieTavern so sad ours at Mill Run is closing 😭"}
{"tweet_id":841809680175378432,"created_unixtime":1489538042478,"created_time":"Wed Mar 15 00:34:02 +0000 2017","lang":"en","displayname":"KKosanda","time_zone":"","msg":"Happy Birthday OrhnAlaina hope your day was as great as you🤗"}
{"tweet_id":841809680234090501,"created_unixtime":1489538042492,"created_time":"Wed Mar 15 00:34:02 +0000 2017","lang":"en","displayname":"foreverkvngkay","time_zone":"Pacific Time (US & Canada)","msg":"RT kestrelambrose “Get yourself a black spiritual feminist from Erykah Badu Twitter and be happy like Ace Hood” 🤸🏾‍♀️ https//tco/t9RwN…"}
{"tweet_id":841809680422838272,"created_unixtime":1489538042537,"created_time":"Wed Mar 15 00:34:02 +0000 2017","lang":"en","displayname":"LilBoat","time_zone":"Pacific Time (US & Canada)","msg":"RT hidden saying im tired when youre actually sad"}
{"tweet_id":841809681207123968,"created_unixtime":1489538042724,"created_time":"Wed Mar 15 00:34:02 +0000 2017","lang":"en","displayname":"jeanghon","time_zone":"","msg":"RT NOCONTEXTOFFlCE happy NationalMeatballDay  https//tco/tSkZb0IN2w"}
{"tweet_id":841809680510930944,"created_unixtime":1489538042558,"created_time":"Wed Mar 15 00:34:02 +0000 2017","lang":"en","displayname":"CodyMakaveli","time_zone":"","msg":"RT Fact Psychology says the person who tries to keep everyone happy often ends up feeling the loneliest"}
{"tweet_id":841809681836322816,"created_unixtime":1489538042874,"created_time":"Wed Mar 15 00:34:02 +0000 2017","lang":"en","displayname":"MelissaMmedrano","time_zone":"","msg":"my bestie leaves to Colorado in an hour and im actually really sad 😢"}
{"tweet_id":841809677893668864,"created_unixtime":1489538041934,"created_time":"Wed Mar 15 00:34:01 +0000 2017","lang":"en","displayname":"Darling_Way","time_zone":"Central Time (US & Canada)","msg":"Happy Steak amp BJ Day Oh and Happy Pie Day ~Live And Love Beautifully~happytuesday darlingway bj steak pie… https//tco/rcJI2dxpFz"}
{"tweet_id":841809682289197056,"created_unixtime":1489538042982,"created_time":"Wed Mar 15 00:34:02 +0000 2017","lang":"en","displayname":"Kylaelizabeth","time_zone":"Pacific Time (US & Canada)","msg":"Okay the meth heads in breaking bad season 2 FUCKING PISS ME OFF IM SO DISGUSTED AND SAD FOR THE LIL BABY GUY😔"}
{"tweet_id":841809682029133824,"created_unixtime":1489538042920,"created_time":"Wed Mar 15 00:34:02 +0000 2017","lang":"und","displayname":"tuuuckerr","time_zone":"","msg":"RT Fxshion2Society No https//tco/rBiwWklCeb"}
{"tweet_id":841809682306080768,"created_unixtime":1489538042986,"created_time":"Wed Mar 15 00:34:02 +0000 2017","lang":"en","displayname":"lyd_bruns","time_zone":"Pacific Time (US & Canada)","msg":"Happy birthday _ashleygribben  Have a great rest of ur night girly 💗💗😻😻"}
{"tweet_id":841809681576300544,"created_unixtime":1489538042812,"created_time":"Wed Mar 15 00:34:02 +0000 2017","lang":"en","displayname":"chelslatz","time_zone":"","msg":"This would make me very happy https//tco/Zys4qsEUN7"}
{"tweet_id":841809682700345344,"created_unixtime":1489538043080,"created_time":"Wed Mar 15 00:34:03 +0000 2017","lang":"en","displayname":"Nykairaa","time_zone":"","msg":"Kinda sad how dry my phone is lol"}
{"tweet_id":841809682939371520,"created_unixtime":1489538043137,"created_time":"Wed Mar 15 00:34:03 +0000 2017","lang":"en","displayname":"igrace529","time_zone":"","msg":"RT graze28 ALDUB  SAGOT  ALDUBxDTBYTugOfHearts Happy tweeting 💛chie_chie26 mhellopez19 zenkmm Buenomely27 emzsmf https//t…"}
{"tweet_id":841809683178496000,"created_unixtime":1489538043194,"created_time":"Wed Mar 15 00:34:03 +0000 2017","lang":"en","displayname":"Jimmy3Stacks","time_zone":"Eastern Time (US & Canada)","msg":"RT aayteez Jimmy3Stacks happy birthday my alpha yeng ching 🎉🤘🏾"}
{"tweet_id":841809683224580096,"created_unixtime":1489538043205,"created_time":"Wed Mar 15 00:34:03 +0000 2017","lang":"en","displayname":"heyestebann","time_zone":"Pacific Time (US & Canada)","msg":"its sad when even the smallest guy at the gym has an even bigger back than me"}
{"tweet_id":841809683233005568,"created_unixtime":1489538043207,"created_time":"Wed Mar 15 00:34:03 +0000 2017","lang":"en","displayname":"DrakesSonn","time_zone":"","msg":"RT Ambie_xx3 Cant wait until Im happy 😊"}
{"tweet_id":841809683467915264,"created_unixtime":1489538043263,"created_time":"Wed Mar 15 00:34:03 +0000 2017","lang":"en","displayname":"Lori_rosel","time_zone":"","msg":"RT rob7dagr At the end of the day the most important thing is that Miho is happy because Aimi is happy Who makes them happy Tommy LL…"}
{"tweet_id":841809683690147840,"created_unixtime":1489538043316,"created_time":"Wed Mar 15 00:34:03 +0000 2017","lang":"en","displayname":"sugasparks","time_zone":"","msg":"when to_dreaming_boy closed i swear i was rlly sad bc thats the only ym fansite now momentous love  ahhh things happen "}
{"tweet_id":841809683576950784,"created_unixtime":1489538043289,"created_time":"Wed Mar 15 00:34:03 +0000 2017","lang":"en","displayname":"pf_lua","time_zone":"Brasilia","msg":"Welcome to Curious CatWere happy to have you her — Vamos  https//tco/peBmmTliaB"}
{"tweet_id":841809683409117184,"created_unixtime":1489538043249,"created_time":"Wed Mar 15 00:34:03 +0000 2017","lang":"en","displayname":"Farah_Rahimah","time_zone":"Kuala Lumpur","msg":"RT NicolDavid Still very happy  lovingmytrophy psafloridablanca https//tco/fxHQU9rikD"}
{"tweet_id":841809683090423810,"created_unixtime":1489538043173,"created_time":"Wed Mar 15 00:34:03 +0000 2017","lang":"en","displayname":"LynneaPhillips","time_zone":"Eastern Time (US & Canada)","msg":"This is good SMSports https//tco/1Aa5BqJYkP"}
{"tweet_id":841809683220377600,"created_unixtime":1489538043204,"created_time":"Wed Mar 15 00:34:03 +0000 2017","lang":"en","displayname":"eunwoo_waka","time_zone":"","msg":"JINJIN♡Happy Birthday☆｡ﾟASTROHappyJinJinDay JINJIN https//tco/a5dRuWOSHY"}
{"tweet_id":841809684361236480,"created_unixtime":1489538043476,"created_time":"Wed Mar 15 00:34:03 +0000 2017","lang":"en","displayname":"helenasome","time_zone":"Hanoi","msg":"12 Tricks To Make Your Girl Happy Are Revealed 3 Is So Obvious https//tco/boIy1WqG6E"}
{"tweet_id":841809683967037440,"created_unixtime":1489538043382,"created_time":"Wed Mar 15 00:34:03 +0000 2017","lang":"en","displayname":"beasterdrew5H","time_zone":"Mexico City","msg":"RT iambeckyg cosmopolitanmx cover is finally out 💙🙏🏽 so happy and blessed https//tco/IMntIV4GRu"}
{"tweet_id":841809681114910720,"created_unixtime":1489538042702,"created_time":"Wed Mar 15 00:34:02 +0000 2017","lang":"en","displayname":"RhettGardner22","time_zone":"Mountain Time (US & Canada)","msg":"Happy birthday josty_17 from shane_gersich9 and I https//tco/Qwiorrj5hp"}
{"tweet_id":841809684579422208,"created_unixtime":1489538043528,"created_time":"Wed Mar 15 00:34:03 +0000 2017","lang":"en","displayname":"tcpetrescue","time_zone":"Central Time (US & Canada)","msg":"Our Happy Tail Tuesday comes from Gimli FKA Stormtrooper who was adopted 3 months ago Heres what his family has https//tco/WqqeCiRoYo"}
{"tweet_id":841809684960956416,"created_unixtime":1489538043619,"created_time":"Wed Mar 15 00:34:03 +0000 2017","lang":"en","displayname":"aayaskhan143","time_zone":"","msg":"RT prosenjitbumba Happy birthday to Mr Perfectionist of the industry aamir_khan many many happy returns of the day"}
{"tweet_id":841809684801716224,"created_unixtime":1489538043581,"created_time":"Wed Mar 15 00:34:03 +0000 2017","lang":"en","displayname":"texasbug","time_zone":"America/Chicago","msg":"RT TheSecretForYou Psychology says you realize you love someone when you want them to be happy even if its not with you"}
{"tweet_id":841809684726194177,"created_unixtime":1489538043563,"created_time":"Wed Mar 15 00:34:03 +0000 2017","lang":"en","displayname":"starkspectre","time_zone":"Rome","msg":"hey guys read this fic to be happy and celebrate stevetony day https//tco/PF9T2pjz80"}
{"tweet_id":841809685057495041,"created_unixtime":1489538043642,"created_time":"Wed Mar 15 00:34:03 +0000 2017","lang":"en","displayname":"starlessnite06","time_zone":"","msg":"RT bernadetgbab stay happy dear Miho55Nishida LLWaves https//tco/IGPaVDDbV7"}
{"tweet_id":841809685158232064,"created_unixtime":1489538043666,"created_time":"Wed Mar 15 00:34:03 +0000 2017","lang":"en","displayname":"ayoitsjvson","time_zone":"","msg":"RT Machinima Happy PiDay everyone What better way to celebrate than some Attack of the Show​ nostalgia with oliviamunn https//tco/3…"}
{"tweet_id":841809685414088704,"created_unixtime":1489538043727,"created_time":"Wed Mar 15 00:34:03 +0000 2017","lang":"en","displayname":"perfect_pancake","time_zone":"","msg":"because sometimes i still get sad about it 🤷🏻‍♀️"}
{"tweet_id":841809685707661314,"created_unixtime":1489538043797,"created_time":"Wed Mar 15 00:34:03 +0000 2017","lang":"en","displayname":"hannah7247","time_zone":"","msg":"RT DeMarcoGigi stuck between let people do what makes them happy and why is this girl wearing a tail in highschool"}
{"tweet_id":841809685485359105,"created_unixtime":1489538043744,"created_time":"Wed Mar 15 00:34:03 +0000 2017","lang":"en","displayname":"LAMBTATUMCENA","time_zone":"America/New_York","msg":"RT ramblingsloa “I do not exist to impress the worldI exist to live my life in a way that will make me happy ”― Richard Bach"}
{"tweet_id":841809685825093632,"created_unixtime":1489538043825,"created_time":"Wed Mar 15 00:34:03 +0000 2017","lang":"en","displayname":"Ixxbel","time_zone":"La Paz","msg":"RT yayyiiiii_ seeing my boo after a long time makes me so happy "}
{"tweet_id":841809686127087617,"created_unixtime":1489538043897,"created_time":"Wed Mar 15 00:34:03 +0000 2017","lang":"en","displayname":"m_wells21","time_zone":"Central Time (US & Canada)","msg":"Im so stressed and busy but oh my god Im so happy with my life"}
{"tweet_id":841809686361997313,"created_unixtime":1489538043953,"created_time":"Wed Mar 15 00:34:03 +0000 2017","lang":"en","displayname":"anngeeliinna","time_zone":"","msg":"RT graceeklein happy birthday to my sweetest child i love you very much count von count hope it was a good one 💕💓💕💓💓💕💓 https//…"}
{"tweet_id":841809686357762048,"created_unixtime":1489538043952,"created_time":"Wed Mar 15 00:34:03 +0000 2017","lang":"en","displayname":"shalom_blaise","time_zone":"Pacific Time (US & Canada)","msg":"RT D_Deji28 Do you guys know why he was killed A girl lied that he raped her and her brother shot him dead https//tco/IWDVDZp3rz"}
{"tweet_id":841809686433271810,"created_unixtime":1489538043970,"created_time":"Wed Mar 15 00:34:03 +0000 2017","lang":"en","displayname":"writersblock08","time_zone":"London","msg":"barbjungr Whereas the men even looked sad and in need of care They were all totally wrong and weak but begged for sympathy A shambles"}
{"tweet_id":841809686408052736,"created_unixtime":1489538043964,"created_time":"Wed Mar 15 00:34:03 +0000 2017","lang":"en","displayname":"n__hidayah","time_zone":"Singapore","msg":"RT stnratqh_ So happy for the new clothes and accompanied by my friends 😋💓"}
{"tweet_id":841809687154573314,"created_unixtime":1489538044142,"created_time":"Wed Mar 15 00:34:04 +0000 2017","lang":"en","displayname":"Shamzymae","time_zone":"Pacific Time (US & Canada)","msg":"RT thelms141 Shamzymae slumangyao imsweetfaith KayeAgapi SweetievashR happy morning too ❤❤❤JaDines 3PinyaSarapYrsNadine555TUNAyP…"}
{"tweet_id":841809687121129475,"created_unixtime":1489538044134,"created_time":"Wed Mar 15 00:34:04 +0000 2017","lang":"en","displayname":"Mochila","time_zone":"Central America","msg":"so happy i started working out and dieting best ive ever felt the best ive ever looked and the happiest ive ever been"}
{"tweet_id":841809686793981952,"created_unixtime":1489538044056,"created_time":"Wed Mar 15 00:34:04 +0000 2017","lang":"en","displayname":"juliademple","time_zone":"","msg":"RT laina622 Happy Pi Day https//tco/IlgUwp20yD"}
{"tweet_id":841809687683063808,"created_unixtime":1489538044268,"created_time":"Wed Mar 15 00:34:04 +0000 2017","lang":"tl","displayname":"CaunteRose","time_zone":"","msg":"RT MaichardManila kayo na kayo na talaga ang HAPPY BANANAS 😂😂😂  pati saging destiny rin 😂😂🍌🍌🍌🍌aldenrichards02 mainedcm… "}
{"tweet_id":841809688048091137,"created_unixtime":1489538044355,"created_time":"Wed Mar 15 00:34:04 +0000 2017","lang":"en","displayname":"imaginaryfan","time_zone":"Santiago","msg":"i just keep thinking that the whole purpose of the curse amp therefore the show was for the eq but really regina to have a happy ending so"}
{"tweet_id":841809688475779072,"created_unixtime":1489538044457,"created_time":"Wed Mar 15 00:34:04 +0000 2017","lang":"en","displayname":"shaylestewart","time_zone":"","msg":"Happy birthday love I hope youve had the best day 💓 hey_bay_bay3"}
{"tweet_id":841809688316502018,"created_unixtime":1489538044419,"created_time":"Wed Mar 15 00:34:04 +0000 2017","lang":"en","displayname":"iAmSundayJR","time_zone":"London","msg":"RT Stormzy1 Do what makes you happy mate"}
{"tweet_id":841809687485931520,"created_unixtime":1489538044221,"created_time":"Wed Mar 15 00:34:04 +0000 2017","lang":"en","displayname":"m_Jupeter","time_zone":"","msg":"RT FEATYONGGUK himchan always takes care of the members and makes sure that theyre happy and loved baps actual sunshine https//tco/b…"}
{"tweet_id":841809688425594880,"created_unixtime":1489538044445,"created_time":"Wed Mar 15 00:34:04 +0000 2017","lang":"en","displayname":"makaelasowder","time_zone":"","msg":"RT kanyefeeI its sad to see a good person change"}
{"tweet_id":841809688547196928,"created_unixtime":1489538044474,"created_time":"Wed Mar 15 00:34:04 +0000 2017","lang":"en","displayname":"KaileylovesLife","time_zone":"","msg":"lets friends sing happy birthday to my momFizzy Im in love with your daughter"}
{"tweet_id":841809688534622208,"created_unixtime":1489538044471,"created_time":"Wed Mar 15 00:34:04 +0000 2017","lang":"en","displayname":"xrisbxth","time_zone":"","msg":"RT Diegoo_IX If you aint happy when you see me doing good dont ever call me your friend rt"}
{"tweet_id":841809688694001665,"created_unixtime":1489538044509,"created_time":"Wed Mar 15 00:34:04 +0000 2017","lang":"en","displayname":"HippiePriestly","time_zone":"","msg":"RT richthekid Focus on what makes you happy"}
{"tweet_id":841809688891125760,"created_unixtime":1489538044556,"created_time":"Wed Mar 15 00:34:04 +0000 2017","lang":"en","displayname":"beckamae_","time_zone":"Pacific Time (US & Canada)","msg":"Are you okay You always seem sad and I wish you we — idk tbh but thanku ily 💗 https//tco/gC4BXcjc1Z"}
{"tweet_id":841809689528565760,"created_unixtime":1489538044708,"created_time":"Wed Mar 15 00:34:04 +0000 2017","lang":"en","displayname":"veroserranoo","time_zone":"","msg":"RT HornyFacts So annoying when ppl r like ur always laughing U laugh at everything Its not that funny like OK sorry Im a happy pe…"}
{"tweet_id":841809689205719041,"created_unixtime":1489538044631,"created_time":"Wed Mar 15 00:34:04 +0000 2017","lang":"en","displayname":"TattedDope","time_zone":"Amsterdam","msg":"RT hidden saying im tired when youre actually sad"}
{"tweet_id":841809689847451648,"created_unixtime":1489538044784,"created_time":"Wed Mar 15 00:34:04 +0000 2017","lang":"en","displayname":"itsnotcrims","time_zone":"","msg":"Happy birthday JayAndreas hope you have a lovely day"}
{"tweet_id":841809690296180739,"created_unixtime":1489538044891,"created_time":"Wed Mar 15 00:34:04 +0000 2017","lang":"en","displayname":"wareisallyson","time_zone":"Arizona","msg":"chloe_mixon happy children make me happy💖 you must be the best mom 😘"}
{"tweet_id":841809689876791296,"created_unixtime":1489538044791,"created_time":"Wed Mar 15 00:34:04 +0000 2017","lang":"en","displayname":"rospaterson1","time_zone":"","msg":"FBI RT FBIMostWanted Happy 67th Birthday to the FBI Ten Most Wanted Fugitives List created on March 14 1950 https//tco/64RZ1D2ELo"}
{"tweet_id":841809689667092480,"created_unixtime":1489538044741,"created_time":"Wed Mar 15 00:34:04 +0000 2017","lang":"en","displayname":"Elwood_Super","time_zone":"Eastern Time (US & Canada)","msg":"Giancarloyeah funny Glad I made at least one person happy today"}
{"tweet_id":841809690480787456,"created_unixtime":1489538044935,"created_time":"Wed Mar 15 00:34:04 +0000 2017","lang":"en","displayname":"idek","time_zone":"Arizona","msg":"RT hidden saying im tired when youre actually sad"}
{"tweet_id":841809690321379329,"created_unixtime":1489538044897,"created_time":"Wed Mar 15 00:34:04 +0000 2017","lang":"en","displayname":"AmysTaskBitch","time_zone":"","msg":"RT DirkHooper On March 17 is Goddess Rosies birthdayPlease follow GoddessRosieT to see more great photos like this and wish… "}
{"tweet_id":841809690799546368,"created_unixtime":1489538045011,"created_time":"Wed Mar 15 00:34:05 +0000 2017","lang":"en","displayname":"c255666a459a495","time_zone":"","msg":"RT Maree71439592 🆘Sad New MomFETAVery Scared😿TBD 3/15/17💔 Adopt/Foster/Pledge/RTKilling at12PM🆘😿https//tco/HOn1dyztpF https/…"}
{"tweet_id":841809691239895040,"created_unixtime":1489538045116,"created_time":"Wed Mar 15 00:34:05 +0000 2017","lang":"en","displayname":"kucridkacrud","time_zone":"Pacific Time (US & Canada)","msg":"Happy bday krucilskeep on dagelan yaaa 😘 https//tco/FckrwTm4QH"}
{"tweet_id":841809691114147841,"created_unixtime":1489538045086,"created_time":"Wed Mar 15 00:34:05 +0000 2017","lang":"en","displayname":"bitemelikeabllt","time_zone":"Eastern Time (US & Canada)","msg":"Somehow still awake I was in that everythings funny phase for a few hours but now Im winding down into the zombie/sad phase "}
{"tweet_id":841809691030228992,"created_unixtime":1489538045066,"created_time":"Wed Mar 15 00:34:05 +0000 2017","lang":"en","displayname":"jess_yeoh","time_zone":"Eastern Time (US & Canada)","msg":"hansonmusic Happy Birthday Taylor 🍻🎊🎉"}
{"tweet_id":841809688861802500,"created_unixtime":1489538044549,"created_time":"Wed Mar 15 00:34:04 +0000 2017","lang":"en","displayname":"jarmstrong03","time_zone":"","msg":"Happy snowday to my LBPSB peeps Stay safe Enjoy shovelling out https//tco/qqY4uJwWzh"}
{"tweet_id":841809691609071617,"created_unixtime":1489538045204,"created_time":"Wed Mar 15 00:34:05 +0000 2017","lang":"en","displayname":"pressure","time_zone":"Eastern Time (US & Canada)","msg":"RT hidden saying im tired when youre actually sad"}
{"tweet_id":841809691554516992,"created_unixtime":1489538045191,"created_time":"Wed Mar 15 00:34:05 +0000 2017","lang":"en","displayname":"HeyIts_Meraaaa","time_zone":"Eastern Time (US & Canada)","msg":"RT WORLDSTAR Happy Birthday Merlin SantanaRIP 🙏 https//tco/bfajhHFb86"}
{"tweet_id":841809692439515136,"created_unixtime":1489538045402,"created_time":"Wed Mar 15 00:34:05 +0000 2017","lang":"en","displayname":"bIessly","time_zone":"Pacific Time (US & Canada)","msg":"RT hidden saying im tired when youre actually sad"}
{"tweet_id":841809692619821056,"created_unixtime":1489538045445,"created_time":"Wed Mar 15 00:34:05 +0000 2017","lang":"en","displayname":"luwik0","time_zone":"Mountain Time (US & Canada)","msg":"RT xismahan luwik0 happy birthday Love you Hope cali is treating u well ❤️❤️❤️"}
{"tweet_id":841809692691177472,"created_unixtime":1489538045462,"created_time":"Wed Mar 15 00:34:05 +0000 2017","lang":"en","displayname":"elizasfloriana","time_zone":"Pacific Time (US & Canada)","msg":"wtf kim was the only writer i kinda didnt hate im actually sad The100"}
{"tweet_id":841809692934471681,"created_unixtime":1489538045520,"created_time":"Wed Mar 15 00:34:05 +0000 2017","lang":"en","displayname":"Sovan_hentai","time_zone":"Pacific Time (US & Canada)","msg":"slightbeats happy bday take care have fun"}
{"tweet_id":841809693093834752,"created_unixtime":1489538045558,"created_time":"Wed Mar 15 00:34:05 +0000 2017","lang":"en","displayname":"Crooklyngirl_","time_zone":"Eastern Time (US & Canada)","msg":"RT CultureFUBU Happy Birthday Merlin SantanaRIP https//tco/0K4quO4M5g"}
{"tweet_id":841809692070428672,"created_unixtime":1489538045314,"created_time":"Wed Mar 15 00:34:05 +0000 2017","lang":"en","displayname":"_Deshonee","time_zone":"","msg":"RT troytheblackguy All she wanted to do was say happy birthday to her friend but twitter just couldnt let her live lmaooo https//tco/X…"}
{"tweet_id":841809693718659072,"created_unixtime":1489538045707,"created_time":"Wed Mar 15 00:34:05 +0000 2017","lang":"en","displayname":"KeerutC","time_zone":"","msg":"RT zainapadda happy birthday keerut thanks for always being one of my best friends ily a milli💕🎂🎉👯 KeerutC https//tco/CxZltAwxZi"}
{"tweet_id":841809687485931520,"created_unixtime":1489538044221,"created_time":"Wed Mar 15 00:34:04 +0000 2017","lang":"en","displayname":"m_Jupeter","time_zone":"","msg":"RT FEATYONGGUK himchan always takes care of the members and makes sure that theyre happy and loved baps actual sunshine https//tco/b…"}
{"tweet_id":841809693706194946,"created_unixtime":1489538045704,"created_time":"Wed Mar 15 00:34:05 +0000 2017","lang":"en","displayname":"snapchatfeels","time_zone":"Eastern Time (US & Canada)","msg":"RT hidden saying im tired when youre actually sad"}
{"tweet_id":841809693848809473,"created_unixtime":1489538045738,"created_time":"Wed Mar 15 00:34:05 +0000 2017","lang":"en","displayname":"BishhhhhyBoy","time_zone":"","msg":"Happy Birthday to me"}
{"tweet_id":841809693974618112,"created_unixtime":1489538045768,"created_time":"Wed Mar 15 00:34:05 +0000 2017","lang":"en","displayname":"FirstYoungDad","time_zone":"Central Time (US & Canada)","msg":"RT XLNB The corrupt media and failing Rachel Maddow desperate Anything to stop us from Making America Great Again Fake… "}
{"tweet_id":841809693983014913,"created_unixtime":1489538045770,"created_time":"Wed Mar 15 00:34:05 +0000 2017","lang":"en","displayname":"TouchMy_JulZ","time_zone":"Hawaii","msg":"RT LOUDassgirl Happy birthday TouchMy_JulZ"}
{"tweet_id":841809693446160384,"created_unixtime":1489538045642,"created_time":"Wed Mar 15 00:34:05 +0000 2017","lang":"en","displayname":"irlnikki","time_zone":"Eastern Time (US & Canada)","msg":"RT badgerboxes Happy Gideon Grey Day~ https//tco/h2AhregQZ5"}
{"tweet_id":841809694238814208,"created_unixtime":1489538045831,"created_time":"Wed Mar 15 00:34:05 +0000 2017","lang":"en","displayname":"milliethelion","time_zone":"","msg":"sometimes i think about psych and get sad"}
{"tweet_id":841809693702004736,"created_unixtime":1489538045703,"created_time":"Wed Mar 15 00:34:05 +0000 2017","lang":"en","displayname":"RobReactor","time_zone":"","msg":"HAPPY TUESDAY 😃💛 Music CookingLiveme HeyItsMarioJose https//tco/EvqE8ELWrg https//tco/Zv4wslmxdQ"}
{"tweet_id":841809694205202433,"created_unixtime":1489538045823,"created_time":"Wed Mar 15 00:34:05 +0000 2017","lang":"en","displayname":"Poinsettiabunny","time_zone":"","msg":"RT Nanakoblaze A bit late but happy white day 😘😘😘 双星の陰陽師 https//tco/IV0bHaT5q3"}
{"tweet_id":841809693714472962,"created_unixtime":1489538045706,"created_time":"Wed Mar 15 00:34:05 +0000 2017","lang":"en","displayname":"alrenharmony","time_zone":"","msg":"RT 5HVotingStats Scared Of Happy FifthHarmony YouKnowYouLoveThem radiodisney"}
{"tweet_id":841809691118264320,"created_unixtime":1489538045087,"created_time":"Wed Mar 15 00:34:05 +0000 2017","lang":"en","displayname":"MacyMontie","time_zone":"","msg":"Happy 18th Im actually going to miss you next year🎉🎊💗💖💞 https//tco/Tjj0Nmq9jd"}
{"tweet_id":841809694662496256,"created_unixtime":1489538045932,"created_time":"Wed Mar 15 00:34:05 +0000 2017","lang":"en","displayname":"VSPPorn","time_zone":"London","msg":"RT hidden saying im tired when youre actually sad"}
{"tweet_id":841809694503116800,"created_unixtime":1489538045894,"created_time":"Wed Mar 15 00:34:05 +0000 2017","lang":"en","displayname":"eyankee","time_zone":"","msg":"RT RWPUSA Another White House ethics complaint from our team at CREW  Sad https//tco/jm2kvIUMhH"}
{"tweet_id":841809694670888960,"created_unixtime":1489538045934,"created_time":"Wed Mar 15 00:34:05 +0000 2017","lang":"en","displayname":"MilansMomma","time_zone":"Central Time (US & Canada)","msg":"RT keshbella Im so happy Like the real unbothered"}
{"tweet_id":841809694935015424,"created_unixtime":1489538045997,"created_time":"Wed Mar 15 00:34:05 +0000 2017","lang":"ja","displayname":"Redalba_","time_zone":"Jakarta","msg":"RT BELCORNO ラテアート【高町なのは】＠魔法少女リリカルなのは本日お誕生日で一杯。Happy Birthday高町なのは生誕祭 高町なのは生誕祭2017 yukari_tamura https//tco/lqCKadLb5R"}
{"tweet_id":841809694851186688,"created_unixtime":1489538045977,"created_time":"Wed Mar 15 00:34:05 +0000 2017","lang":"en","displayname":"CalebStefann","time_zone":"Arizona","msg":"RT BdotAdot5 Happy Birthday Brudder ✊🏽💯 StephenCurry30 https//tco/fxunT808HC"}
{"tweet_id":841809695035789312,"created_unixtime":1489538046021,"created_time":"Wed Mar 15 00:34:06 +0000 2017","lang":"en","displayname":"lexydiaz","time_zone":"Central Time (US & Canada)","msg":"michyfdzx Happy Birthday mama I hope youve had a great day so far ily stay pretty"}
{"tweet_id":841809695648174080,"created_unixtime":1489538046167,"created_time":"Wed Mar 15 00:34:06 +0000 2017","lang":"en","displayname":"SexuaITalk","time_zone":"Eastern Time (US & Canada)","msg":"RT hidden saying im tired when youre actually sad"}
{"tweet_id":841809693429379072,"created_unixtime":1489538045638,"created_time":"Wed Mar 15 00:34:05 +0000 2017","lang":"en","displayname":"abbbystone","time_zone":"","msg":"Thxz for bein one of my besties Car  Now u can drive me around everywhere Ily forever and a day Happy 16th years… https//tco/fKZbsOeDV2"}
{"tweet_id":841809696021438468,"created_unixtime":1489538046256,"created_time":"Wed Mar 15 00:34:06 +0000 2017","lang":"en","displayname":"JTMProductions","time_zone":"Eastern Time (US & Canada)","msg":"That was a sad 30 seconds"}
{"tweet_id":841809695971127296,"created_unixtime":1489538046244,"created_time":"Wed Mar 15 00:34:06 +0000 2017","lang":"en","displayname":"kimjihuun","time_zone":"Lisbon","msg":"aigustds aaaaaaaa im so happy for you 💖✨"}
{"tweet_id":841809695094464512,"created_unixtime":1489538046035,"created_time":"Wed Mar 15 00:34:06 +0000 2017","lang":"ja","displayname":"michigon24","time_zone":"","msg":"RT welovesmapstay ☆お知らせ☆SMAPへのビデオメッセージ第2段をアップしました✨今回もスマヲタ動画のカリスマカルさん編集です🙌Happy White Day ～どうか届きますように～https//tco/yCB5jsf3NQ  ど…"}
{"tweet_id":841809695409094656,"created_unixtime":1489538046110,"created_time":"Wed Mar 15 00:34:06 +0000 2017","lang":"en","displayname":"Vercies","time_zone":"","msg":"RT EdmirSelimovic I hope all you I love winter people are happy Look what you did"}
{"tweet_id":841809695660748800,"created_unixtime":1489538046170,"created_time":"Wed Mar 15 00:34:06 +0000 2017","lang":"en","displayname":"CoralieArtu","time_zone":"Pacific Time (US & Canada)","msg":"RT juanjose_2008 Happy amp nice new weekGreyAki AracelisTorre19 KristinaStellaM mmpurcell39 NiceBoyKimo https//tco/qVgzjCC9NZ"}
{"tweet_id":841809696440872961,"created_unixtime":1489538046356,"created_time":"Wed Mar 15 00:34:06 +0000 2017","lang":"en","displayname":"BriCollins9","time_zone":"Eastern Time (US & Canada)","msg":"Sad knowing you cant get pukey drunk at your bfs house because he told you a long time ago he wont hold your hair"}
{"tweet_id":841809696574992388,"created_unixtime":1489538046388,"created_time":"Wed Mar 15 00:34:06 +0000 2017","lang":"ko","displayname":"Briunjinmons","time_zone":"","msg":"RT offclASTRO Happy birthday to you~ 진진형 22번째 생일을진심으로 축하해요🎉🎉 착하고 장난도 잘받아주고 리더쉽있는ㅎㅎ진진형 귀염댕이 아스트로 잘부탁드려요생일선물 나 HappyJINJINDay https//…"}
{"tweet_id":841809696436576256,"created_unixtime":1489538046355,"created_time":"Wed Mar 15 00:34:06 +0000 2017","lang":"en","displayname":"LogoTV","time_zone":"Eastern Time (US & Canada)","msg":"Happy PiDay kittens If you missed this episode and any others well be airing all DragRace seasons before the… https//tco/iPOemdwBqY"}
{"tweet_id":841809696445071361,"created_unixtime":1489538046357,"created_time":"Wed Mar 15 00:34:06 +0000 2017","lang":"en","displayname":"Ioverthoughts","time_zone":"Pacific Time (US & Canada)","msg":"RT hidden saying im tired when youre actually sad"}
{"tweet_id":841809696679972864,"created_unixtime":1489538046413,"created_time":"Wed Mar 15 00:34:06 +0000 2017","lang":"en","displayname":"Astrobi7","time_zone":"London","msg":"RT PhilipCJames Even if the Tories happy to let matter rest by paying fines iankatz1000 an honorable MP resigns a fraudulentlywon seat…"}
{"tweet_id":841809693760712704,"created_unixtime":1489538045717,"created_time":"Wed Mar 15 00:34:05 +0000 2017","lang":"en","displayname":"meganjgrove","time_zone":"Eastern Time (US & Canada)","msg":"Happy birthday to my fav Hope youve had a great day girlie miss you sooo much we must hang soon love you💗 https//tco/LQnnFxTUEo"}
{"tweet_id":841809696872923137,"created_unixtime":1489538046459,"created_time":"Wed Mar 15 00:34:06 +0000 2017","lang":"en","displayname":"Sxggs","time_zone":"Eastern Time (US & Canada)","msg":"tee_god_ Happy Birthday 🎈"}
{"tweet_id":841809696910630912,"created_unixtime":1489538046468,"created_time":"Wed Mar 15 00:34:06 +0000 2017","lang":"en","displayname":"holyangyeol","time_zone":"Pacific Time (US & Canada)","msg":"RT fxactivist the sad thing is this isnt the first time amber has talked about sm ignoring her https//tco/BHhopD2xFB"}
{"tweet_id":841809697267101697,"created_unixtime":1489538046553,"created_time":"Wed Mar 15 00:34:06 +0000 2017","lang":"en","displayname":"SassyHealer","time_zone":"Pacific Time (US & Canada)","msg":"Eye twitchesI do have other siblings that are equally annoying you knowWho needs his pity https//tco/geZH6Dcx8l"}
{"tweet_id":841809696889556992,"created_unixtime":1489538046463,"created_time":"Wed Mar 15 00:34:06 +0000 2017","lang":"en","displayname":"st_hansol","time_zone":"","msg":"RT kunpimookies They make me so happy theyre all so silly I dont know what I would do without got7 https//tco/OhAaMIhUZQ"}
{"tweet_id":841809697799835649,"created_unixtime":1489538046680,"created_time":"Wed Mar 15 00:34:06 +0000 2017","lang":"en","displayname":"colleeenbrown","time_zone":"","msg":"RT cairdyy30  if theres even a slight chance at getting something that will make you happy risk it Lifes too short amp happiness is to…"}
{"tweet_id":841809697443336192,"created_unixtime":1489538046595,"created_time":"Wed Mar 15 00:34:06 +0000 2017","lang":"en","displayname":"tumblrarts","time_zone":"Pacific Time (US & Canada)","msg":"RT hidden saying im tired when youre actually sad"}
{"tweet_id":841809698043056128,"created_unixtime":1489538046738,"created_time":"Wed Mar 15 00:34:06 +0000 2017","lang":"en","displayname":"MrHairulAnuar","time_zone":"Kuala Lumpur","msg":"RT hujanband HAPPY BIRTHDAY MohdNohSalleh  https//tco/6BQS3uc77z"}
{"tweet_id":841809697854353409,"created_unixtime":1489538046693,"created_time":"Wed Mar 15 00:34:06 +0000 2017","lang":"en","displayname":"RichiesTweetz","time_zone":"Central Time (US & Canada)","msg":"RT SN_Ohio Happy birthday StephenCurry30 heres a compilation video https//tco/JmYjJXLt65"}
{"tweet_id":841809698273796096,"created_unixtime":1489538046793,"created_time":"Wed Mar 15 00:34:06 +0000 2017","lang":"en","displayname":"BestofAnimalls","time_zone":"Pacific Time (US & Canada)","msg":"RT hidden saying im tired when youre actually sad"}
{"tweet_id":841809698403823616,"created_unixtime":1489538046824,"created_time":"Wed Mar 15 00:34:06 +0000 2017","lang":"en","displayname":"JamesBEYYYYY","time_zone":"","msg":"RT beytrash its sad that were driven to this point because Beyoncé doesnt talk to us https//tco/Q2loQ1qYru"}
{"tweet_id":841809698378645505,"created_unixtime":1489538046818,"created_time":"Wed Mar 15 00:34:06 +0000 2017","lang":"en","displayname":"VanessaBarger","time_zone":"Central Time (US & Canada)","msg":"Kim_Liggett I finished BLOOD amp SALT today It was awesome You are amazing and I was SO SO Happy when I saw there is a bk 2"}
{"tweet_id":841809697502040064,"created_unixtime":1489538046609,"created_time":"Wed Mar 15 00:34:06 +0000 2017","lang":"pt","displayname":"bertoly","time_zone":"Brasilia","msg":"E eu mais cinquentinha de pipoca Sad but true https//tco/KPwsp9R1b8"}
{"tweet_id":841809698902937600,"created_unixtime":1489538046943,"created_time":"Wed Mar 15 00:34:06 +0000 2017","lang":"en","displayname":"Brandomlg1244","time_zone":"","msg":"I am happy for GWEN she is my fav"}
{"tweet_id":841809699393560576,"created_unixtime":1489538047060,"created_time":"Wed Mar 15 00:34:07 +0000 2017","lang":"in","displayname":"kikieq","time_zone":"Jakarta","msg":"Happy Birthday Bumil Semoga sehat dan lancar proses melahirkan  Ghost with Fitria at smrt_singapore — https//tco/2h0P3ONh3N"}
{"tweet_id":841809699595001858,"created_unixtime":1489538047108,"created_time":"Wed Mar 15 00:34:07 +0000 2017","lang":"en","displayname":"liseve91","time_zone":"","msg":"GaelGarciaB could you wish my best friend AlonaDanger a very happy birthday"}
{"tweet_id":841809699448135681,"created_unixtime":1489538047073,"created_time":"Wed Mar 15 00:34:07 +0000 2017","lang":"en","displayname":"Deledrius","time_zone":"Pacific Time (US & Canada)","msg":"jennymedina No gloating from me  A heatwave in March isnt anything to be happy about nor proud of"}
{"tweet_id":841809699729211392,"created_unixtime":1489538047140,"created_time":"Wed Mar 15 00:34:07 +0000 2017","lang":"en","displayname":"marjlol2","time_zone":"Arizona","msg":"fruit salad is the only thing making me happy rn"}
{"tweet_id":841809699381104644,"created_unixtime":1489538047057,"created_time":"Wed Mar 15 00:34:07 +0000 2017","lang":"en","displayname":"alayna284","time_zone":"Eastern Time (US & Canada)","msg":"thanks  miss ya https//tco/pvX4a0O2LA"}
{"tweet_id":841809699074908161,"created_unixtime":1489538046984,"created_time":"Wed Mar 15 00:34:06 +0000 2017","lang":"en","displayname":"t_spiffy20","time_zone":"","msg":"Happy cake day G 😈 __smitty5 https//tco/jLncUliKPT"}
{"tweet_id":841809699381080064,"created_unixtime":1489538047057,"created_time":"Wed Mar 15 00:34:07 +0000 2017","lang":"en","displayname":"ambittchous","time_zone":"Midway Island","msg":"the thought that i might live my whole life without ever getting to meet tyler and josh and thank them in person makes me genuinely sad"}
{"tweet_id":841809699901124608,"created_unixtime":1489538047181,"created_time":"Wed Mar 15 00:34:07 +0000 2017","lang":"en","displayname":"JaySilk_","time_zone":"Tijuana","msg":"RT BdotAdot5 Happy Birthday Brudder ✊🏽💯 StephenCurry30 https//tco/fxunT808HC"}
{"tweet_id":841809700081537024,"created_unixtime":1489538047224,"created_time":"Wed Mar 15 00:34:07 +0000 2017","lang":"en","displayname":"myIostsoul","time_zone":"Eastern Time (US & Canada)","msg":"RT hidden saying im tired when youre actually sad"}
{"tweet_id":841809698651312128,"created_unixtime":1489538046883,"created_time":"Wed Mar 15 00:34:06 +0000 2017","lang":"en","displayname":"sorryimalyssa5","time_zone":"Mountain Time (US & Canada)","msg":"AWH IM SO HAPPY FOR YOU RYAN 😓💞 CONGRATULATIONS https//tco/oIWAzUoMI5"}
{"tweet_id":841809700031102976,"created_unixtime":1489538047212,"created_time":"Wed Mar 15 00:34:07 +0000 2017","lang":"en","displayname":"hanbinvirus","time_zone":"Singapore","msg":"glaucouxs are you sad Do u want a kiss"}
{"tweet_id":841809699259469824,"created_unixtime":1489538047028,"created_time":"Wed Mar 15 00:34:07 +0000 2017","lang":"en","displayname":"sparklingtrashm","time_zone":"","msg":"RT unbibs its 3/14 happy Pi π 314159265359 day https//tco/QSMtQI9mXJ"}
{"tweet_id":841809700635070464,"created_unixtime":1489538047356,"created_time":"Wed Mar 15 00:34:07 +0000 2017","lang":"en","displayname":"Farizrachman31","time_zone":"Jakarta","msg":"RT BetaKopites Happy 125 years old  LIVERPOOL FC 🔴🍻👊 https//tco/dzhiHquNfs"}
