{"tweet_id":841810146212909056,"created_unixtime":1489538153590,"created_time":"Wed Mar 15 00:35:53 +0000 2017","lang":"en","displayname":"streetsaheadliv","time_zone":"","msg":"JimButtPA we were newbies from NYC when you ran last We are politicalhappy to lend support for 18 if you decide to run state/federal "}
{"tweet_id":841810146732998657,"created_unixtime":1489538153714,"created_time":"Wed Mar 15 00:35:53 +0000 2017","lang":"en","displayname":"ConnerGuyer","time_zone":"Central Time (US & Canada)","msg":"RT robinthede Really Some are disappointed that maddow only has 2005 Like you would only be happy w/ 20 yrs of indepth tax analysis…"}
{"tweet_id":841810146808455168,"created_unixtime":1489538153732,"created_time":"Wed Mar 15 00:35:53 +0000 2017","lang":"en","displayname":"TLBKlaus","time_zone":"Central Time (US & Canada)","msg":"RT TheDoctorPuppet Happy piday doctorwho petercapaldi pearlmackie billpotts pie https//tco/2KayNRsZ8t"}
{"tweet_id":841810146623946756,"created_unixtime":1489538153688,"created_time":"Wed Mar 15 00:35:53 +0000 2017","lang":"en","displayname":"jestervanraeis","time_zone":"Quito","msg":"zimbio supercorp sanvers clexa peoples thinking of the eventual fight of fandoms when should be happy of the fact therere lgtbi ships"}
{"tweet_id":841810147169210368,"created_unixtime":1489538153818,"created_time":"Wed Mar 15 00:35:53 +0000 2017","lang":"en","displayname":"iixxviixcvii_","time_zone":"Atlantic Time (Canada)","msg":"_Glory6 desi__3 happy birthday 😌"}
{"tweet_id":841810147043364869,"created_unixtime":1489538153788,"created_time":"Wed Mar 15 00:35:53 +0000 2017","lang":"en","displayname":"amshru","time_zone":"Edinburgh","msg":"JohnMackayMP My patience is running out  Happy to talk with you about substantive issues but youre just being childish"}
{"tweet_id":841810147672502272,"created_unixtime":1489538153938,"created_time":"Wed Mar 15 00:35:53 +0000 2017","lang":"en","displayname":"Kaypo23","time_zone":"","msg":"realDonaldTrump While Im happy US CEOs are optimistic what about the real working people of this country Are the CEOs your only focus"}
{"tweet_id":841810147810844672,"created_unixtime":1489538153971,"created_time":"Wed Mar 15 00:35:53 +0000 2017","lang":"en","displayname":"kookie_monz","time_zone":"","msg":"RT cliffordsshug If youre ever feeling sad just remember that this video exists https//tco/HjEMGrNXhB"}
{"tweet_id":841810147911577600,"created_unixtime":1489538153995,"created_time":"Wed Mar 15 00:35:53 +0000 2017","lang":"en","displayname":"maegannnn_","time_zone":"","msg":"Never ever stop someone from being happy"}
{"tweet_id":841810148746240000,"created_unixtime":1489538154194,"created_time":"Wed Mar 15 00:35:54 +0000 2017","lang":"en","displayname":"563Scott","time_zone":"","msg":"quincy happy birthday Quincy Jones a great American hero"}
{"tweet_id":841810148834324480,"created_unixtime":1489538154215,"created_time":"Wed Mar 15 00:35:54 +0000 2017","lang":"en","displayname":"floresv02","time_zone":"Mountain Time (US & Canada)","msg":"RT MomItForward Q6 DOES FOOD MAKE YOU HAPPY WHAT DISHES MAKE YOU THE HAPPIEST AvoHappiness GNO PLS RT"}
{"tweet_id":841810149178253312,"created_unixtime":1489538154297,"created_time":"Wed Mar 15 00:35:54 +0000 2017","lang":"en","displayname":"mathews1015","time_zone":"","msg":"RT FBIMostWanted Happy 67th Birthday to the FBI Ten Most Wanted Fugitives List created on March 14 1950 https//tco/aaf7lqVtLn"}
{"tweet_id":841810149362749440,"created_unixtime":1489538154341,"created_time":"Wed Mar 15 00:35:54 +0000 2017","lang":"ja","displayname":"kodai7871","time_zone":"","msg":"RT KitaharaTomoe Pixivに投稿しましたHappy Birthday 海未ちゃん♥♥♥  北原朋萌｡◆コミ1[し40a] pixiv https//tco/4bE8kpFUCo3月15日は園田海未の誕生日園田海未生誕祭2017… "}
{"tweet_id":841810149807407109,"created_unixtime":1489538154447,"created_time":"Wed Mar 15 00:35:54 +0000 2017","lang":"en","displayname":"NVelie","time_zone":"","msg":"RT lukev67 Happy PiDay/Birthday of Albert Einstein"}
{"tweet_id":841810149840900097,"created_unixtime":1489538154455,"created_time":"Wed Mar 15 00:35:54 +0000 2017","lang":"en","displayname":"truth_pray","time_zone":"Pacific Time (US & Canada)","msg":"RT truth_pray AshleyJudd Needs to stay away from BigBlue UKWildcats BBGamesKY loves Trump She is a Drama Queen With 0… "}
{"tweet_id":841810148737851393,"created_unixtime":1489538154192,"created_time":"Wed Mar 15 00:35:54 +0000 2017","lang":"en","displayname":"JuicyJules69me","time_zone":"Europe/London","msg":"Happy Birthday to Me feel priviliged to treat me like a Queen all day 💷💳💷💳giftcards wishlist spoilme finsub… https//tco/7tIVLxcjht"}
{"tweet_id":841810150184828928,"created_unixtime":1489538154537,"created_time":"Wed Mar 15 00:35:54 +0000 2017","lang":"en","displayname":"Brightpasture","time_zone":"Mountain Time (US & Canada)","msg":"RT jhennig10 They are about to get down to business at the Annual Harvie Ranching Bull sale finningcanada and Agriterra happy… "}
{"tweet_id":841810150621081601,"created_unixtime":1489538154641,"created_time":"Wed Mar 15 00:35:54 +0000 2017","lang":"en","displayname":"TimGruenbaum","time_zone":"","msg":"RT neiltyson 314  Happy Piday to Gregorian calendar users who reckon dates with month followed by day separated by period omitting year"}
{"tweet_id":841810150616887296,"created_unixtime":1489538154640,"created_time":"Wed Mar 15 00:35:54 +0000 2017","lang":"en","displayname":"OhhMadss","time_zone":"Eastern Time (US & Canada)","msg":"RT ooo_whitttt happy 37 weeks💞👶🏼 https//tco/9MK5dkm6nn"}
{"tweet_id":841810150927220736,"created_unixtime":1489538154714,"created_time":"Wed Mar 15 00:35:54 +0000 2017","lang":"en","displayname":"tbhbreanna","time_zone":"Arizona","msg":"RT thelipstickgawd Yall really be mad amp upset with people just because they have good parents who help them out well after theyre out o…"}
{"tweet_id":841810151006916608,"created_unixtime":1489538154733,"created_time":"Wed Mar 15 00:35:54 +0000 2017","lang":"en","displayname":"JaniyahHolman","time_zone":"","msg":"RT ___xpauline A relationship without any arguements is fake asf idc idc idc dont nobody stay happy the whole time 😂🤦🏾‍♀️💀"}
{"tweet_id":841810151057289216,"created_unixtime":1489538154745,"created_time":"Wed Mar 15 00:35:54 +0000 2017","lang":"en","displayname":"papikellz_","time_zone":"Eastern Time (US & Canada)","msg":"NooAngell thank angel 💕happy belated I know I missed urs"}
{"tweet_id":841810151321526272,"created_unixtime":1489538154808,"created_time":"Wed Mar 15 00:35:54 +0000 2017","lang":"en","displayname":"Tracy77452","time_zone":"Pacific Time (US & Canada)","msg":"kinda sad kinda dont care anymore whatever"}
{"tweet_id":841810151510175744,"created_unixtime":1489538154853,"created_time":"Wed Mar 15 00:35:54 +0000 2017","lang":"en","displayname":"reeselaflexican","time_zone":"","msg":"RT breendabocz FABrezebabe reeselaflexican dorisarteaga_ looking at this picture makes me sad ☹️ wish we can all relive this day"}
{"tweet_id":841810151598370816,"created_unixtime":1489538154874,"created_time":"Wed Mar 15 00:35:54 +0000 2017","lang":"en","displayname":"cooperrebecca","time_zone":"Central Time (US & Canada)","msg":"RT MomItForward Q6 DOES FOOD MAKE YOU HAPPY WHAT DISHES MAKE YOU THE HAPPIEST AvoHappiness GNO PLS RT"}
{"tweet_id":841810151707357184,"created_unixtime":1489538154900,"created_time":"Wed Mar 15 00:35:54 +0000 2017","lang":"en","displayname":"_SCOTUS","time_zone":"Pacific Time (US & Canada)","msg":"KimDotcom Dems shouldnt be happy The serpent they created will turn on them one day Reform the CIA  NSA now"}
{"tweet_id":841810151384465408,"created_unixtime":1489538154823,"created_time":"Wed Mar 15 00:35:54 +0000 2017","lang":"en","displayname":"JonparkerW","time_zone":"","msg":"RT hidden saying im tired when youre actually sad"}
{"tweet_id":841810152009285632,"created_unixtime":1489538154972,"created_time":"Wed Mar 15 00:35:54 +0000 2017","lang":"en","displayname":"ReenualL","time_zone":"","msg":"RT TeamRangerOFC I want someone to look at me and think Shes my happy endingMBMayWard https//tco/0JSTGYYZXU"}
{"tweet_id":841810152093323266,"created_unixtime":1489538154992,"created_time":"Wed Mar 15 00:35:54 +0000 2017","lang":"en","displayname":"datsyuklover","time_zone":"","msg":"RT tws_pk Its late so we are going to wish you all goodnight Tonight we leave you with Dexter showing his sad eyes as he wa… "}
{"tweet_id":841810152592302080,"created_unixtime":1489538155111,"created_time":"Wed Mar 15 00:35:55 +0000 2017","lang":"en","displayname":"Chiefsp_","time_zone":"Pacific Time (US & Canada)","msg":"RT RoastMeDaily Bob Barker and Adam Sandler did a Happy Gilmore reunion skit and it was great https//tco/LCtdsSqoeZ"}
{"tweet_id":841810152722378752,"created_unixtime":1489538155142,"created_time":"Wed Mar 15 00:35:55 +0000 2017","lang":"en","displayname":"Immortal_King_K","time_zone":"","msg":"Immortal_King_K and it just makes me sad and I dont know how to respond"}
{"tweet_id":841810152898490369,"created_unixtime":1489538155184,"created_time":"Wed Mar 15 00:35:55 +0000 2017","lang":"en","displayname":"k_westphaln","time_zone":"","msg":"RT emilyslist Happy PiDay Mathematician Katherine Johnson did the calculations for the first space trip and first moon landing… "}
{"tweet_id":841810152772775936,"created_unixtime":1489538155154,"created_time":"Wed Mar 15 00:35:55 +0000 2017","lang":"en","displayname":"UmSabrinaa","time_zone":"Pacific Time (US & Canada)","msg":"RT eddiesooner hidden cardib_ But you ARE tiredof being sad"}
{"tweet_id":841810153032830977,"created_unixtime":1489538155216,"created_time":"Wed Mar 15 00:35:55 +0000 2017","lang":"en","displayname":"_jaylulu","time_zone":"Central Time (US & Canada)","msg":"RT ShawtyMaineee _jaylulu NoHarvard had to cause he happy as can be"}
{"tweet_id":841810152965738498,"created_unixtime":1489538155200,"created_time":"Wed Mar 15 00:35:55 +0000 2017","lang":"en","displayname":"march4progress","time_zone":"","msg":"RT ActualFlatticus Its my sad duty to announce that there is no line item for bribes from Russian oligarchs on a 1040 form https//t…"}
{"tweet_id":841810153317912576,"created_unixtime":1489538155284,"created_time":"Wed Mar 15 00:35:55 +0000 2017","lang":"ja","displayname":"naaatsu2000","time_zone":"","msg":"第一印象ヤバイやつHappy Birthday1Vl67JvPjyLfRNb"}
{"tweet_id":841810153343086593,"created_unixtime":1489538155290,"created_time":"Wed Mar 15 00:35:55 +0000 2017","lang":"en","displayname":"mukrin_syhh","time_zone":"","msg":"RT hidden saying im tired when youre actually sad"}
{"tweet_id":841810153607434240,"created_unixtime":1489538155353,"created_time":"Wed Mar 15 00:35:55 +0000 2017","lang":"en","displayname":"lilytheflowerrr","time_zone":"Atlantic Time (Canada)","msg":"Reconnecting with friends from way back in the day makes me happy"}
{"tweet_id":841810153699721217,"created_unixtime":1489538155375,"created_time":"Wed Mar 15 00:35:55 +0000 2017","lang":"en","displayname":"Indevassavel","time_zone":"Pacific Time (US & Canada)","msg":"RT 5HVotingStats Scared Of Happy FifthHarmony YouKnowYouLoveThem radiodisney"}
{"tweet_id":841810153972350983,"created_unixtime":1489538155440,"created_time":"Wed Mar 15 00:35:55 +0000 2017","lang":"en","displayname":"OzgurAldemiir","time_zone":"Quito","msg":"RT capsize Never regret something that once made you happy"}
{"tweet_id":841810153708093440,"created_unixtime":1489538155377,"created_time":"Wed Mar 15 00:35:55 +0000 2017","lang":"en","displayname":"stephdebaecke55","time_zone":"Eastern Time (US & Canada)","msg":"shannon__burke happy birthday pretty hope u had a great day xoxo💗❣"}
{"tweet_id":841810154496638976,"created_unixtime":1489538155565,"created_time":"Wed Mar 15 00:35:55 +0000 2017","lang":"en","displayname":"VenomousPie","time_zone":"","msg":"RT AnimaniacsQuote Happy PiDay https//tco/24GE5aPsbq"}
{"tweet_id":841810155239018496,"created_unixtime":1489538155742,"created_time":"Wed Mar 15 00:35:55 +0000 2017","lang":"en","displayname":"channymackk","time_zone":"Eastern Time (US & Canada)","msg":"RT XLNB The corrupt media and failing Rachel Maddow desperate Anything to stop us from Making America Great Again Fake… "}
{"tweet_id":841810155461197824,"created_unixtime":1489538155795,"created_time":"Wed Mar 15 00:35:55 +0000 2017","lang":"en","displayname":"eeeethhaaaannnn","time_zone":"","msg":"RT perility its sad when people can make everyone else happy but not themselves"}
{"tweet_id":841810155729690624,"created_unixtime":1489538155859,"created_time":"Wed Mar 15 00:35:55 +0000 2017","lang":"en","displayname":"julllllissa","time_zone":"","msg":"angela_m314 HAPPY BIRTHDAY CUTE THANG 💗"}
{"tweet_id":841810155918508032,"created_unixtime":1489538155904,"created_time":"Wed Mar 15 00:35:55 +0000 2017","lang":"en","displayname":"xo_bannely","time_zone":"Eastern Time (US & Canada)","msg":"RT JoseLuis_M10 Happy birthday 🎉 xo_bannely"}
{"tweet_id":841810156014997504,"created_unixtime":1489538155927,"created_time":"Wed Mar 15 00:35:55 +0000 2017","lang":"en","displayname":"luppee_1994","time_zone":"","msg":"Hopefully she makes him happy because thats all I ever wanted to do"}
{"tweet_id":841810156249878528,"created_unixtime":1489538155983,"created_time":"Wed Mar 15 00:35:55 +0000 2017","lang":"en","displayname":"comingdownkay","time_zone":"Pacific Time (US & Canada)","msg":"xowenm Im sad it took this long"}
{"tweet_id":841810156866359297,"created_unixtime":1489538156130,"created_time":"Wed Mar 15 00:35:56 +0000 2017","lang":"en","displayname":"fdzlenuar","time_zone":"Pacific Time (US & Canada)","msg":"RT UnusualFactPage Remember the five simple rules to be happyFree your heart from hatredFree your mind from worriesLive simplyGi…"}
{"tweet_id":841810156715294720,"created_unixtime":1489538156094,"created_time":"Wed Mar 15 00:35:56 +0000 2017","lang":"en","displayname":"FR0GBALL","time_zone":"","msg":"RT airolivforever FR0GBALL happy bday qt pie 😌✨"}
{"tweet_id":841810156832796672,"created_unixtime":1489538156122,"created_time":"Wed Mar 15 00:35:56 +0000 2017","lang":"en","displayname":"radoc_jeana","time_zone":"","msg":"RT xanria_018 If I was to die tonight I would die happy becasue I have met someone as beautiful as youALDUBxDTBYTugOfHearts"}
{"tweet_id":841810156384092160,"created_unixtime":1489538156015,"created_time":"Wed Mar 15 00:35:56 +0000 2017","lang":"en","displayname":"rort91","time_zone":"","msg":"Thats pretty sadand creepy https//tco/pDFnl31GPS"}
{"tweet_id":841810156757348352,"created_unixtime":1489538156104,"created_time":"Wed Mar 15 00:35:56 +0000 2017","lang":"en","displayname":"custardhao","time_zone":"Pacific Time (US & Canada)","msg":"i need to let go of shit and be happy for stuff"}
{"tweet_id":841810157080330240,"created_unixtime":1489538156181,"created_time":"Wed Mar 15 00:35:56 +0000 2017","lang":"en","displayname":"dejaaaabooo","time_zone":"Central Time (US & Canada)","msg":"Happy to be with my mom and little sister"}
{"tweet_id":841810157336121344,"created_unixtime":1489538156242,"created_time":"Wed Mar 15 00:35:56 +0000 2017","lang":"tl","displayname":"analizadd","time_zone":"","msg":"RT sunghyenaul pati saging dume destiny na rin 😂😂ALDUBxDTBYTugOfHearts https//tco/3Qx88bHpkE"}
{"tweet_id":841810157449449473,"created_unixtime":1489538156269,"created_time":"Wed Mar 15 00:35:56 +0000 2017","lang":"en","displayname":"a_camp30","time_zone":"","msg":"RT richthekid Focus on what makes you happy"}
{"tweet_id":841810157558476800,"created_unixtime":1489538156295,"created_time":"Wed Mar 15 00:35:56 +0000 2017","lang":"en","displayname":"mrsbrownie88","time_zone":"Central Time (US & Canada)","msg":"If youre happy youre successful"}
{"tweet_id":841810157562695685,"created_unixtime":1489538156296,"created_time":"Wed Mar 15 00:35:56 +0000 2017","lang":"und","displayname":"TuckerWeeks_24","time_zone":"","msg":"ThorntonAcademy sad"}
{"tweet_id":841810157994704897,"created_unixtime":1489538156399,"created_time":"Wed Mar 15 00:35:56 +0000 2017","lang":"en","displayname":"eazyyb","time_zone":"Central Time (US & Canada)","msg":"I literally have had dreams of seeing noname live and if I dont see her fr in Austin this week Im going to be sad forever"}
{"tweet_id":841810158267195392,"created_unixtime":1489538156464,"created_time":"Wed Mar 15 00:35:56 +0000 2017","lang":"en","displayname":"thepartyparents","time_zone":"Pacific Time (US & Canada)","msg":"RT MomItForward Q6 DOES FOOD MAKE YOU HAPPY WHAT DISHES MAKE YOU THE HAPPIEST AvoHappiness GNO PLS RT"}
{"tweet_id":841810158149763074,"created_unixtime":1489538156436,"created_time":"Wed Mar 15 00:35:56 +0000 2017","lang":"ja","displayname":"U7427","time_zone":"","msg":"本日はvery happyなmorningなので1日生きていられます´`久々に高校生ばりに早起きして家でた笑今日は頑張る日。詳細はこの後で👍✨みんなもハッピーな日になるといいね〜´`安全健康第一でみんないってらっしゃーい✨"}
{"tweet_id":841810158434971650,"created_unixtime":1489538156504,"created_time":"Wed Mar 15 00:35:56 +0000 2017","lang":"en","displayname":"Wolf_Job_Lover","time_zone":"","msg":"RT neiltyson 314  Happy Piday to Gregorian calendar users who reckon dates with month followed by day separated by period omitting year"}
{"tweet_id":841810158032416769,"created_unixtime":1489538156408,"created_time":"Wed Mar 15 00:35:56 +0000 2017","lang":"en","displayname":"lunamiranda23","time_zone":"Pacific Time (US & Canada)","msg":"Night doodle from a cute pinterest photo ❤️️☺️🌙 happy inspired background mood couple love… https//tco/RxtpRP2abj"}
{"tweet_id":841810158040809472,"created_unixtime":1489538156410,"created_time":"Wed Mar 15 00:35:56 +0000 2017","lang":"en","displayname":"XIII____","time_zone":"Atlantic Time (Canada)","msg":"RT D_Deji28 Do you guys know why he was killed A girl lied that he raped her and her brother shot him dead https//tco/IWDVDZp3rz"}
{"tweet_id":841810158250467330,"created_unixtime":1489538156460,"created_time":"Wed Mar 15 00:35:56 +0000 2017","lang":"en","displayname":"yastan9","time_zone":"","msg":"RT JadinePublicist Happy 3rd Year Anniversary JaDines Stay Strong 2014 • 2015 • 2016 • 2017 Salamat Ive learned a lot 😘LetOurPu…"}
{"tweet_id":841810158485422081,"created_unixtime":1489538156516,"created_time":"Wed Mar 15 00:35:56 +0000 2017","lang":"en","displayname":"marianoposst","time_zone":"Brasilia","msg":"RT AlexisYoungxox Happy hump day my sweet lovers Dont let the weather get you down make your own sunshine😋💋🌦 WednesdayWisdom https…"}
{"tweet_id":841810158686769153,"created_unixtime":1489538156564,"created_time":"Wed Mar 15 00:35:56 +0000 2017","lang":"en","displayname":"shansturgis","time_zone":"Eastern Time (US & Canada)","msg":"RT rohallma Sad indie songs are to CriminalMinds what upbeat Motown songs are to Scandal"}
{"tweet_id":841810158766325760,"created_unixtime":1489538156583,"created_time":"Wed Mar 15 00:35:56 +0000 2017","lang":"tl","displayname":"elclen52","time_zone":"","msg":"RT MaichardManila kayo na kayo na talaga ang HAPPY BANANAS 😂😂😂  pati saging destiny rin 😂😂🍌🍌🍌🍌aldenrichards02 mainedcm… "}
{"tweet_id":841810158539923457,"created_unixtime":1489538156529,"created_time":"Wed Mar 15 00:35:56 +0000 2017","lang":"en","displayname":"MackenzieAdams6","time_zone":"","msg":"Hayyyyy find new girl and be happy  https//tco/mt0IFGLjAJ https//tco/KRBzxRuajC"}
{"tweet_id":841810159194238978,"created_unixtime":1489538156685,"created_time":"Wed Mar 15 00:35:56 +0000 2017","lang":"en","displayname":"3balwinderkaur3","time_zone":"","msg":"RT theCandidDiva Jai Hind 🇮🇳 ampHappy Holi to my love charger Colour my soul in True hue of ur love MSGwishesToArmedForces Gurmeetramr…"}
{"tweet_id":841810159735324673,"created_unixtime":1489538156814,"created_time":"Wed Mar 15 00:35:56 +0000 2017","lang":"en","displayname":"conboytroye","time_zone":"Pacific Time (US & Canada)","msg":"this is sad"}
{"tweet_id":841810160251097088,"created_unixtime":1489538156937,"created_time":"Wed Mar 15 00:35:56 +0000 2017","lang":"en","displayname":"lovieserene","time_zone":"","msg":"RT lucyliciousmith Edward So happy to be here MBMayWard"}
{"tweet_id":841810160494370816,"created_unixtime":1489538156995,"created_time":"Wed Mar 15 00:35:56 +0000 2017","lang":"ja","displayname":"dpvfkYybPxCn5wX","time_zone":"Tokyo","msg":"RT shamakho_works 海未ちゃん描きました。happy birthday🎉lovelive園田海未生誕祭2017 3月15日は園田海未の誕生日 https//tco/haJCpEMlak"}
{"tweet_id":841810160377053184,"created_unixtime":1489538156967,"created_time":"Wed Mar 15 00:35:56 +0000 2017","lang":"en","displayname":"TheRealTreyDuce","time_zone":"Central Time (US & Canada)","msg":"Aaron__itOut 😂😂😂😂 thats funny af but also the sad truth 😔 miss you broseph"}
{"tweet_id":841810160309923840,"created_unixtime":1489538156951,"created_time":"Wed Mar 15 00:35:56 +0000 2017","lang":"en","displayname":"Gir1Pants","time_zone":"Eastern Time (US & Canada)","msg":"Ollee64 slalom26 kryopic He didnt Im sad"}
{"tweet_id":841810160788025344,"created_unixtime":1489538157065,"created_time":"Wed Mar 15 00:35:57 +0000 2017","lang":"en","displayname":"shinshiabot","time_zone":"","msg":"I make sure everyone is safe Seeing another crisis averted makes me happy"}
{"tweet_id":841810160632889344,"created_unixtime":1489538157028,"created_time":"Wed Mar 15 00:35:57 +0000 2017","lang":"en","displayname":"casas_jimmy","time_zone":"Central Time (US & Canada)","msg":"tl_gross ToddWhitaker Jeff_Zoul WellHappy Birthday"}
{"tweet_id":841810160880246785,"created_unixtime":1489538157087,"created_time":"Wed Mar 15 00:35:57 +0000 2017","lang":"en","displayname":"christine_oblea","time_zone":"","msg":"RT SolidNaddicts Nadine Lustre Disney child host and Nickelodeon Kids Choice Award winner Were so happy for you 💗 Congratulation… "}
{"tweet_id":841810160771321856,"created_unixtime":1489538157061,"created_time":"Wed Mar 15 00:35:57 +0000 2017","lang":"en","displayname":"GFitzPx","time_zone":"Pacific Time (US & Canada)","msg":"RT MCCEE_Prep Happy Pi day I am slowly convincing people to like biostats You will all be math nerds before you know it mccee USMLE…"}
{"tweet_id":841810160821628928,"created_unixtime":1489538157073,"created_time":"Wed Mar 15 00:35:57 +0000 2017","lang":"en","displayname":"Auld_Wat","time_zone":"Pacific Time (US & Canada)","msg":"Advice for a happy life https//tco/xN9kpWlAos"}
{"tweet_id":841810160725172224,"created_unixtime":1489538157050,"created_time":"Wed Mar 15 00:35:57 +0000 2017","lang":"en","displayname":"JodidaJxe","time_zone":"Pacific Time (US & Canada)","msg":"RT billyraycyrus Looks like its time to rock n roll MileyCyrus happy   Excited to hear more of the new stuff  Turn it loose  htt…"}
{"tweet_id":841810161035427840,"created_unixtime":1489538157124,"created_time":"Wed Mar 15 00:35:57 +0000 2017","lang":"en","displayname":"sayitchloe","time_zone":"","msg":"RT AmaziingPuppies Happy dog getting picked up at daycare  https//tco/VAKBpd8Yqi"}
{"tweet_id":841810161371119617,"created_unixtime":1489538157204,"created_time":"Wed Mar 15 00:35:57 +0000 2017","lang":"en","displayname":"JaahRosa15","time_zone":"","msg":"sad but trueeee"}
{"tweet_id":841810161685549056,"created_unixtime":1489538157279,"created_time":"Wed Mar 15 00:35:57 +0000 2017","lang":"en","displayname":"Haakiieem","time_zone":"Kuala Lumpur","msg":"RT MindsConsole Dont feel sad over someone who gave up on you feel sorry for them because they gave up on someone who would have never…"}
{"tweet_id":841810161358503937,"created_unixtime":1489538157201,"created_time":"Wed Mar 15 00:35:57 +0000 2017","lang":"en","displayname":"tayhorr","time_zone":"Quito","msg":"I get really sad when nobody turns for the artists on the voice I feel for them 😕"}
{"tweet_id":841810161702453253,"created_unixtime":1489538157283,"created_time":"Wed Mar 15 00:35:57 +0000 2017","lang":"en","displayname":"Illuminatebrian","time_zone":"Pacific Time (US & Canada)","msg":"Also shoutout to that girl in my section at the shawn concert who tried to get us to sing happy birthday as the power was out"}
{"tweet_id":841810161710841857,"created_unixtime":1489538157285,"created_time":"Wed Mar 15 00:35:57 +0000 2017","lang":"en","displayname":"thebeeskneesmel","time_zone":"Eastern Time (US & Canada)","msg":"Swan Lake w/my love SO HAPPY Weeee One of the most beautiful things Ive seen I tiptoed to… https//tco/qrwDE4doEE"}
{"tweet_id":841810162289655808,"created_unixtime":1489538157423,"created_time":"Wed Mar 15 00:35:57 +0000 2017","lang":"en","displayname":"Hendergun_Ninja","time_zone":"","msg":"MariaFCarieles AwesomeIva the sad thing is as a man it seems this is nothing compared to the info others are willingly selling re kids"}
{"tweet_id":841810162792968194,"created_unixtime":1489538157543,"created_time":"Wed Mar 15 00:35:57 +0000 2017","lang":"en","displayname":"OnSightMedia","time_zone":"Mountain Time (US & Canada)","msg":"RT OnlyInColorado Happy ColoradoStyle  PiDay piday2017 Rockies RoxWin🤚🤛🌵⚾️BSNRockiesPurplePride SpringBaseballColoRADo… "}
{"tweet_id":841810160876154880,"created_unixtime":1489538157086,"created_time":"Wed Mar 15 00:35:57 +0000 2017","lang":"en","displayname":"MarineSciSCHS","time_zone":"Quito","msg":"RT linds4fins Happy NationalPiDay Did you know that you can use Pi to calculate waves ocean tides ebb flow and the shapes o… "}
{"tweet_id":841810163300352000,"created_unixtime":1489538157664,"created_time":"Wed Mar 15 00:35:57 +0000 2017","lang":"en","displayname":"akswain312","time_zone":"","msg":"RT bt_dmb I hear that it is like the 26th anniversary of DMB Happy birthday to me amp Dave amp Carter amp Fonzy and Grux DMB manyyearsmanym…"}
{"tweet_id":841810163644420102,"created_unixtime":1489538157746,"created_time":"Wed Mar 15 00:35:57 +0000 2017","lang":"en","displayname":"ju_mestriner","time_zone":"Brasilia","msg":"RT CUTEST_ANlMALS this makes me so happy  https//tco/4ebwUxo9Hg"}
{"tweet_id":841810163912867844,"created_unixtime":1489538157810,"created_time":"Wed Mar 15 00:35:57 +0000 2017","lang":"en","displayname":"howrude_jude","time_zone":"Amsterdam","msg":"fredsirieix1 GalvinatWindows Thats gorgeous and no doubt you treated her like a complete princess Happy birthday young lady xx"}
{"tweet_id":841810163795394560,"created_unixtime":1489538157782,"created_time":"Wed Mar 15 00:35:57 +0000 2017","lang":"en","displayname":"kreimerrr","time_zone":"Mountain Time (US & Canada)","msg":"Happy Birthday Phi 💙💙https//tco/shN9X2NZJz"}
{"tweet_id":841810163929645056,"created_unixtime":1489538157814,"created_time":"Wed Mar 15 00:35:57 +0000 2017","lang":"en","displayname":"TeamOkkie_","time_zone":"Quito","msg":"Im so happy 😝"}
{"tweet_id":841810163967397889,"created_unixtime":1489538157823,"created_time":"Wed Mar 15 00:35:57 +0000 2017","lang":"en","displayname":"littIehugs","time_zone":"Riyadh","msg":"RT FEATYONGGUK himchan always takes care of the members and makes sure that theyre happy and loved baps actual sunshine https//tco/b…"}
{"tweet_id":841810164273438721,"created_unixtime":1489538157896,"created_time":"Wed Mar 15 00:35:57 +0000 2017","lang":"en","displayname":"kawaiesor","time_zone":"","msg":"RT lucyliciousmith Edward So happy to be here MBMayWard"}
{"tweet_id":841810164323868674,"created_unixtime":1489538157908,"created_time":"Wed Mar 15 00:35:57 +0000 2017","lang":"en","displayname":"deputyphilip","time_zone":"","msg":"RT laura_nelson A happy reliance on Uber has blinded a whole group of influential Americans to a real mobility crisis in the US… "}
{"tweet_id":841810164558753793,"created_unixtime":1489538157964,"created_time":"Wed Mar 15 00:35:57 +0000 2017","lang":"en","displayname":"Shatterhand1701","time_zone":"Central Time (US & Canada)","msg":"edwardjolmos So so very happy to hear youre coming back as Gaff in BladeRunner2049   SO SAY WE ALL"}
{"tweet_id":841810164797849602,"created_unixtime":1489538158021,"created_time":"Wed Mar 15 00:35:58 +0000 2017","lang":"en","displayname":"queenlorenes","time_zone":"Mid-Atlantic","msg":"RT billyraycyrus Looks like its time to rock n roll MileyCyrus happy   Excited to hear more of the new stuff  Turn it loose  htt…"}
{"tweet_id":841810164747522048,"created_unixtime":1489538158009,"created_time":"Wed Mar 15 00:35:58 +0000 2017","lang":"en","displayname":"CamNadell","time_zone":"Eastern Time (US & Canada)","msg":"Im sorry I try to make you happy I try my best to make you proud but all I feel like is a disappointment to you"}
{"tweet_id":841810164994973700,"created_unixtime":1489538158068,"created_time":"Wed Mar 15 00:35:58 +0000 2017","lang":"en","displayname":"maddieearl24","time_zone":"Quito","msg":"Happy Birthday KatelynScriv 🎉😀 Have a mindprobe for me 😎"}
{"tweet_id":841810165347287041,"created_unixtime":1489538158152,"created_time":"Wed Mar 15 00:35:58 +0000 2017","lang":"en","displayname":"otisbeaute","time_zone":"","msg":"Happy Birthday to this gorgeous woman she is great at what she does and always ready to impact… https//tco/UgNM1vkPO7"}
{"tweet_id":841810165301186560,"created_unixtime":1489538158141,"created_time":"Wed Mar 15 00:35:58 +0000 2017","lang":"en","displayname":"alyxandraxx","time_zone":"Central Time (US & Canada)","msg":"Never thought I could be so happy"}
{"tweet_id":841810165670207488,"created_unixtime":1489538158229,"created_time":"Wed Mar 15 00:35:58 +0000 2017","lang":"en","displayname":"sidiq_plantmana","time_zone":"Jakarta","msg":"RT neiltyson 314  Happy Piday to Gregorian calendar users who reckon dates with month followed by day separated by period omitting year"}
{"tweet_id":841810165829623808,"created_unixtime":1489538158267,"created_time":"Wed Mar 15 00:35:58 +0000 2017","lang":"en","displayname":"jessicadally9","time_zone":"","msg":"jaboy_jaja happy birthday Jaquez"}
{"tweet_id":841810165858934784,"created_unixtime":1489538158274,"created_time":"Wed Mar 15 00:35:58 +0000 2017","lang":"en","displayname":"BLINDKIDSHADOW_","time_zone":"","msg":"RT torikravitz Nick_Major Id be more than happy to talk to you about it more in private if you need clarification"}
{"tweet_id":841810166085443584,"created_unixtime":1489538158328,"created_time":"Wed Mar 15 00:35:58 +0000 2017","lang":"en","displayname":"FajIsmail","time_zone":"Krasnoyarsk","msg":"Good morning IskandarMsia 😁 happy world consumers day"}
{"tweet_id":841810166119075840,"created_unixtime":1489538158336,"created_time":"Wed Mar 15 00:35:58 +0000 2017","lang":"en","displayname":"jmblomer513","time_zone":"Eastern Time (US & Canada)","msg":"RT unbibs its 3/14 happy Pi π 314159265359 day https//tco/QSMtQI9mXJ"}
{"tweet_id":841810166752268288,"created_unixtime":1489538158487,"created_time":"Wed Mar 15 00:35:58 +0000 2017","lang":"en","displayname":"KekeAleman","time_zone":"","msg":"RT itsMarioSelman happy birthday sister it has been a good ole 16 years with you remember when i pooped in the bathtub yeah me neither…"}
{"tweet_id":841810166555148289,"created_unixtime":1489538158440,"created_time":"Wed Mar 15 00:35:58 +0000 2017","lang":"ja","displayname":"wendamorrison","time_zone":"Pacific Time (US & Canada)","msg":"RT nogizaka55 Happy Wednesday ☁️☁️ おはようございます。（🚶🌷六本木６丁目にて） https//tco/niKXcH6VM4"}
{"tweet_id":841810166668390400,"created_unixtime":1489538158467,"created_time":"Wed Mar 15 00:35:58 +0000 2017","lang":"und","displayname":"dailykloss","time_zone":"Pacific Time (US & Canada)","msg":"RT karliekloss 😱 https//tco/cLFx8OSj9e"}
{"tweet_id":841810166911766529,"created_unixtime":1489538158525,"created_time":"Wed Mar 15 00:35:58 +0000 2017","lang":"en","displayname":"ArabianPastry","time_zone":"Atlantic Time (Canada)","msg":"RT hidden saying im tired when youre actually sad"}
{"tweet_id":841810167175958529,"created_unixtime":1489538158588,"created_time":"Wed Mar 15 00:35:58 +0000 2017","lang":"en","displayname":"dorotheedion","time_zone":"Urumqi","msg":"mamshie10 annecurtissmith jascurtissmith Happy Birthday Maxinne 🎂🎉💕😘😍"}
{"tweet_id":841810164160294912,"created_unixtime":1489538157869,"created_time":"Wed Mar 15 00:35:57 +0000 2017","lang":"en","displayname":"A_Wern15","time_zone":"","msg":"Happy birthday meetch krebsyyy https//tco/njlEgHofwk"}
{"tweet_id":841810167624736769,"created_unixtime":1489538158695,"created_time":"Wed Mar 15 00:35:58 +0000 2017","lang":"en","displayname":"edishingshampu","time_zone":"Pacific Time (US & Canada)","msg":"Im happy 🙂"}
{"tweet_id":841810167620612097,"created_unixtime":1489538158694,"created_time":"Wed Mar 15 00:35:58 +0000 2017","lang":"en","displayname":"Ubb431nd","time_zone":"","msg":"I hope it makes you happy hes a good boy"}
{"tweet_id":841810167578664960,"created_unixtime":1489538158684,"created_time":"Wed Mar 15 00:35:58 +0000 2017","lang":"en","displayname":"Forever30ishMum","time_zone":"","msg":"MomItForward A6 Lol I like dishes that my kids like no complaints and Happy family  happy mom AvoHappiness gno"}
{"tweet_id":841810164277731329,"created_unixtime":1489538157897,"created_time":"Wed Mar 15 00:35:57 +0000 2017","lang":"en","displayname":"Alpha_Salami","time_zone":"London","msg":"RT D_Deji28 Do you guys know why he was killed A girl lied that he raped her and her brother shot him dead https//tco/IWDVDZp3rz"}
{"tweet_id":841810165758320640,"created_unixtime":1489538158250,"created_time":"Wed Mar 15 00:35:58 +0000 2017","lang":"en","displayname":"MeanE1969","time_zone":"","msg":"RT ramblingsloa “I do not exist to impress the worldI exist to live my life in a way that will make me happy ”― Richard Bach"}
{"tweet_id":841810168379789313,"created_unixtime":1489538158875,"created_time":"Wed Mar 15 00:35:58 +0000 2017","lang":"en","displayname":"VeraKali1","time_zone":"","msg":"RT swydersk 1961Et datsyuklover Jilliemary Judy_Cockerton dgp1496 ingebear09 Edie0326 JulesSmith4 hope2259… "}
{"tweet_id":841810168342016000,"created_unixtime":1489538158866,"created_time":"Wed Mar 15 00:35:58 +0000 2017","lang":"en","displayname":"KirstxnTM","time_zone":"","msg":"I was sad and then I remembered that Us The Duo and PTX follow me"}
{"tweet_id":841810168610410497,"created_unixtime":1489538158930,"created_time":"Wed Mar 15 00:35:58 +0000 2017","lang":"th","displayname":"euiw_cn","time_zone":"Bangkok","msg":"RT NamjoohyukTH Happy White Day 💕🍭วันนี้ที่เกาหลีเป็นวัน White Day ค่ะรอให้นางมาแฮปปี้ไม่น่าจะมี เกรงว่าจะรอเก้อ สาวๆอยากได้ลูกอม… "}
{"tweet_id":841810168690139136,"created_unixtime":1489538158949,"created_time":"Wed Mar 15 00:35:58 +0000 2017","lang":"und","displayname":"ShahadHebshi","time_zone":"","msg":"الأسود ليسَ لونٌ كئيب أو حزين أنهُ أنيقBlack is not a depressing or sad color its elegant"}
{"tweet_id":841810168623034368,"created_unixtime":1489538158933,"created_time":"Wed Mar 15 00:35:58 +0000 2017","lang":"en","displayname":"aleksewa_","time_zone":"London","msg":"To be honest I have nothing stopping me now from moving abroad as soon as I get enough money and that makes me so happy"}
{"tweet_id":841810168191041537,"created_unixtime":1489538158830,"created_time":"Wed Mar 15 00:35:58 +0000 2017","lang":"und","displayname":"sammymags28","time_zone":"Eastern Time (US & Canada)","msg":"😂 https//tco/CUieQ1Iw8C"}
{"tweet_id":841810169168199681,"created_unixtime":1489538159063,"created_time":"Wed Mar 15 00:35:59 +0000 2017","lang":"en","displayname":"FancyFour","time_zone":"Pacific Time (US & Canada)","msg":"FAKE NEWS SAD https//tco/yUn8EubM4B"}
{"tweet_id":841810169398943744,"created_unixtime":1489538159118,"created_time":"Wed Mar 15 00:35:59 +0000 2017","lang":"en","displayname":"ayenngl79","time_zone":"","msg":"RT WeLoveJaDine Happy third Anniversary JaDineLand 💜LetOurPurpleHeartsShineAt3 EL"}
{"tweet_id":841810169524760576,"created_unixtime":1489538159148,"created_time":"Wed Mar 15 00:35:59 +0000 2017","lang":"en","displayname":"BruceBulacan","time_zone":"","msg":"RT PatamaPost The worst kind of sad is not being able to explain why"}
{"tweet_id":841810169621229568,"created_unixtime":1489538159171,"created_time":"Wed Mar 15 00:35:59 +0000 2017","lang":"en","displayname":"BlueLudeDude","time_zone":"Quito","msg":"JackoWilson_FF Happy birthday dude 🎂🎂🎂"}
{"tweet_id":841810166035173377,"created_unixtime":1489538158316,"created_time":"Wed Mar 15 00:35:58 +0000 2017","lang":"en","displayname":"MissEdwards6","time_zone":"Pacific Time (US & Canada)","msg":"Happy Pi day from 5E amp Congrats to our Pi Day champions who got to enjoy some pie with friends keepmovingforward https//tco/7E4fJcpxax"}
{"tweet_id":841810169638060032,"created_unixtime":1489538159175,"created_time":"Wed Mar 15 00:35:59 +0000 2017","lang":"en","displayname":"Harleypaigeeeee","time_zone":"","msg":"RT D_Deji28 Do you guys know why he was killed A girl lied that he raped her and her brother shot him dead https//tco/IWDVDZp3rz"}
{"tweet_id":841810169784852480,"created_unixtime":1489538159210,"created_time":"Wed Mar 15 00:35:59 +0000 2017","lang":"en","displayname":"Aki070279","time_zone":"","msg":"RT lucyliciousmith Edward So happy to be here MBMayWard"}
{"tweet_id":841810169688424449,"created_unixtime":1489538159187,"created_time":"Wed Mar 15 00:35:59 +0000 2017","lang":"en","displayname":"rachelewers","time_zone":"","msg":"RT kanyefeeI its sad to see a good person change"}
{"tweet_id":841810170174889984,"created_unixtime":1489538159303,"created_time":"Wed Mar 15 00:35:59 +0000 2017","lang":"ja","displayname":"Liea____","time_zone":"","msg":"RT piecespace1 海未ちゃんHappy Birthday恥ずかしがりながらもアイドルとして可愛く振る舞う姿や、勝負事に対して一笑（生）懸命になる姿などが最高！園田海未生誕祭2017 3月15日は園田海未の誕生日… "}
{"tweet_id":841810170388729856,"created_unixtime":1489538159354,"created_time":"Wed Mar 15 00:35:59 +0000 2017","lang":"en","displayname":"asbinvancity","time_zone":"America/Vancouver","msg":"Aww he looks so sad 😔 https//tco/Z8k0rxvPC4"}
{"tweet_id":841810170736988160,"created_unixtime":1489538159437,"created_time":"Wed Mar 15 00:35:59 +0000 2017","lang":"en","displayname":"bIueguitar","time_zone":"Brasilia","msg":"SherriSaum1 a thing about Stef that you love with all your heart thefosterschat THANK U FOR SAYING HI TO MY GIRL SHES SO HAPPY"}
{"tweet_id":841810170682441733,"created_unixtime":1489538159424,"created_time":"Wed Mar 15 00:35:59 +0000 2017","lang":"en","displayname":"janaycovington","time_zone":"","msg":"RT troytheblackguy All she wanted to do was say happy birthday to her friend but twitter just couldnt let her live lmaooo https//tco/X…"}
{"tweet_id":841810171399700480,"created_unixtime":1489538159595,"created_time":"Wed Mar 15 00:35:59 +0000 2017","lang":"en","displayname":"MIIMDesigns","time_zone":"Eastern Time (US & Canada)","msg":"RT apartovi This is huge Legendary reidhoffman just did the NoroozChallenge LiveTogether with hadip and challenged other t… "}
{"tweet_id":841810171630358528,"created_unixtime":1489538159650,"created_time":"Wed Mar 15 00:35:59 +0000 2017","lang":"en","displayname":"_emilysiv","time_zone":"Hawaii","msg":"RT Stormzy1 Do what makes you happy mate"}
{"tweet_id":841810171781292032,"created_unixtime":1489538159686,"created_time":"Wed Mar 15 00:35:59 +0000 2017","lang":"in","displayname":"jaebumjinyoung","time_zone":"Hanoi","msg":"RT taehyungboo Happy yoongi is my favorite yoongi https//tco/KW7pOv02x4"}
{"tweet_id":841810171852648449,"created_unixtime":1489538159703,"created_time":"Wed Mar 15 00:35:59 +0000 2017","lang":"en","displayname":"VaneSangster1D","time_zone":"","msg":"RT alexaiono My happy place☺ https//tco/pgetrNhVIp"}
{"tweet_id":841810170854412289,"created_unixtime":1489538159465,"created_time":"Wed Mar 15 00:35:59 +0000 2017","lang":"en","displayname":"_ZBeckles","time_zone":"Eastern Time (US & Canada)","msg":"RT warriors DubNation please join us in wishing StephenCurry30 a very Happy Birthday 🎈 https//tco/cByjiIEk25"}
{"tweet_id":841810172762836992,"created_unixtime":1489538159920,"created_time":"Wed Mar 15 00:35:59 +0000 2017","lang":"en","displayname":"papikellz_","time_zone":"Eastern Time (US & Canada)","msg":"RT Panther_NoTiger papikellz_ happy birthday"}
{"tweet_id":841810172435603456,"created_unixtime":1489538159842,"created_time":"Wed Mar 15 00:35:59 +0000 2017","lang":"en","displayname":"Mynikitta_8813","time_zone":"","msg":"RT bing_lemon Happy for you team live theYANAsaur pilyadodong dunkindeyna marizdorde ginalingan nyo very good MBMayWard"}
{"tweet_id":841810171936436224,"created_unixtime":1489538159723,"created_time":"Wed Mar 15 00:35:59 +0000 2017","lang":"en","displayname":"kensanityxxxx","time_zone":"Pacific Time (US & Canada)","msg":"Happy Birthday StephenCurry30 🎁🎉🎈 from your 1 fan in the Philippines Keep winning DubNation https//tco/2V6CavDn4F"}
{"tweet_id":841810173182148610,"created_unixtime":1489538160020,"created_time":"Wed Mar 15 00:36:00 +0000 2017","lang":"en","displayname":"iamanjiemaniago","time_zone":"Urumqi","msg":"my main focus is to better myself be successful and be happy so if you arent contributing to that then i dont need you in my life"}
{"tweet_id":841810173148700672,"created_unixtime":1489538160012,"created_time":"Wed Mar 15 00:36:00 +0000 2017","lang":"en","displayname":"Summrluver","time_zone":"Quito","msg":"RT MomItForward Q6 DOES FOOD MAKE YOU HAPPY WHAT DISHES MAKE YOU THE HAPPIEST AvoHappiness GNO PLS RT"}
{"tweet_id":841810173098377217,"created_unixtime":1489538160000,"created_time":"Wed Mar 15 00:36:00 +0000 2017","lang":"en","displayname":"_michael_sean","time_zone":"","msg":"happy birthday brooke_kincaid"}
{"tweet_id":841810173446434817,"created_unixtime":1489538160083,"created_time":"Wed Mar 15 00:36:00 +0000 2017","lang":"en","displayname":"hydotion","time_zone":"Beijing","msg":"RT UnusualFactPage Remember the five simple rules to be happyFree your heart from hatredFree your mind from worriesLive simplyGi…"}
{"tweet_id":841810173958230016,"created_unixtime":1489538160205,"created_time":"Wed Mar 15 00:36:00 +0000 2017","lang":"en","displayname":"f_ABZ_ulous","time_zone":"Atlantic Time (Canada)","msg":"RT queen__feyin happy birthday🎂❤ f_ABZ_ulous"}
{"tweet_id":841810173014491137,"created_unixtime":1489538159980,"created_time":"Wed Mar 15 00:35:59 +0000 2017","lang":"en","displayname":"HarlanIsQueer","time_zone":"","msg":"Also Ive been happy for a suspiciously long time and I feel like it cant last for much longer"}
{"tweet_id":841810173689769984,"created_unixtime":1489538160141,"created_time":"Wed Mar 15 00:36:00 +0000 2017","lang":"en","displayname":"MRE_Columbus","time_zone":"","msg":"Happy TuesdayMREColumbus tuesday motivationfitness fitfood fitfam fitspo dowork… https//tco/4z8rF6PBuA"}
{"tweet_id":841810174205652994,"created_unixtime":1489538160264,"created_time":"Wed Mar 15 00:36:00 +0000 2017","lang":"en","displayname":"SyIviaPIIath","time_zone":"Central America","msg":"I thought how strange it had never occurred to me before that I was only purely happy until I was nine years old"}
{"tweet_id":841810174205661184,"created_unixtime":1489538160264,"created_time":"Wed Mar 15 00:36:00 +0000 2017","lang":"en","displayname":"sofyvarelaa","time_zone":"Eastern Time (US & Canada)","msg":"RT kikilicker HAPPY BIRTHDAY TO MY HEADASS LIL SIS 🎁🎈 HOPE UR DAY IS AS FAB AS I AM LMAO LOVE U HO🎉 cant believe ur still 12… "}
{"tweet_id":841810174176296960,"created_unixtime":1489538160257,"created_time":"Wed Mar 15 00:36:00 +0000 2017","lang":"en","displayname":"BabyTeddypender","time_zone":"West Central Africa","msg":"When your mood goes from happy to sad most of the time its because youre missing someone"}
{"tweet_id":841810174247591936,"created_unixtime":1489538160274,"created_time":"Wed Mar 15 00:36:00 +0000 2017","lang":"en","displayname":"CallmeTori93","time_zone":"Pacific Time (US & Canada)","msg":"RT AllyBrooke 😭 CONGRATULATIONS COLTON IM SO HAPPY FOR YOU 😭😭❤❤💍 ColtonLHaynes"}
{"tweet_id":841810174591537152,"created_unixtime":1489538160356,"created_time":"Wed Mar 15 00:36:00 +0000 2017","lang":"en","displayname":"ChangeSeats","time_zone":"","msg":"RT SenDeanHeller Happy to meet with Dr Kim Metcalf the Dean of unlvcoe Grateful for all our education facult… https//tco/A9kEiFBui6"}
{"tweet_id":841810174927024129,"created_unixtime":1489538160436,"created_time":"Wed Mar 15 00:36:00 +0000 2017","lang":"en","displayname":"eigenbom","time_zone":"Melbourne","msg":"RT eigenbom Heres a few procgenrelated links Ive collected Happy reading https//tco/2Sa71yZSO3"}
{"tweet_id":841810174591541252,"created_unixtime":1489538160356,"created_time":"Wed Mar 15 00:36:00 +0000 2017","lang":"en","displayname":"MommyMusings","time_zone":"Eastern Time (US & Canada)","msg":"Food makes me very happy I think desserts make me the happiest little splurges  🥑 MomItForward AvoHappiness… https//tco/uy9U2L0421"}
{"tweet_id":841810175317147648,"created_unixtime":1489538160529,"created_time":"Wed Mar 15 00:36:00 +0000 2017","lang":"en","displayname":"matt__green1","time_zone":"","msg":"RT richthekid Focus on what makes you happy"}
{"tweet_id":841810175417831424,"created_unixtime":1489538160553,"created_time":"Wed Mar 15 00:36:00 +0000 2017","lang":"en","displayname":"kaleesb","time_zone":"","msg":"RT RWPUSA Another White House ethics complaint from our team at CREW  Sad https//tco/jm2kvIUMhH"}
{"tweet_id":841810173714939904,"created_unixtime":1489538160147,"created_time":"Wed Mar 15 00:36:00 +0000 2017","lang":"en","displayname":"maddigatte","time_zone":"Central Time (US & Canada)","msg":"Thx bro ❕ https//tco/oU2AwHhgQv"}
{"tweet_id":841810175627522052,"created_unixtime":1489538160603,"created_time":"Wed Mar 15 00:36:00 +0000 2017","lang":"en","displayname":"3_may_bts","time_zone":"","msg":"RT bts_bighit [Episode] HAPPY WHITE DAY FROM BTS 1 https//tco/Kk7XrnfG3x2 https//tco/dUxXeGBvhG"}
{"tweet_id":841810176332161025,"created_unixtime":1489538160771,"created_time":"Wed Mar 15 00:36:00 +0000 2017","lang":"en","displayname":"7MsBrightside","time_zone":"Madrid","msg":"RT SincerelyTumblr So annoying when ppl are like ur always laughin U laugh at everything Its not that funny like OK sorry Im a hap…"}
{"tweet_id":841810177384894464,"created_unixtime":1489538161022,"created_time":"Wed Mar 15 00:36:01 +0000 2017","lang":"en","displayname":"elisamirah","time_zone":"Wellington","msg":"NSyafiqahRazmi awok happy belated birthday 🌸🌸 sorry lambat wish siapa suruh bday time aku closing 😝😝"}
{"tweet_id":841810178051837953,"created_unixtime":1489538161181,"created_time":"Wed Mar 15 00:36:01 +0000 2017","lang":"en","displayname":"Forever30ishMum","time_zone":"","msg":"RT MomItForward Q6 DOES FOOD MAKE YOU HAPPY WHAT DISHES MAKE YOU THE HAPPIEST AvoHappiness GNO PLS RT"}
{"tweet_id":841810178500517888,"created_unixtime":1489538161288,"created_time":"Wed Mar 15 00:36:01 +0000 2017","lang":"en","displayname":"cocakitty","time_zone":"","msg":"RT mookie000 Happywhiteday https//tco/iPJGm5MrFT"}
{"tweet_id":841810178186059776,"created_unixtime":1489538161213,"created_time":"Wed Mar 15 00:36:01 +0000 2017","lang":"en","displayname":"joseromero2866","time_zone":"","msg":"RT MeninistTweet Happy pi dayThe Falcons blew a 283 lead314283  31the warriors blew a 31 lead in the NBA Finals"}
{"tweet_id":841810178425147394,"created_unixtime":1489538161270,"created_time":"Wed Mar 15 00:36:01 +0000 2017","lang":"en","displayname":"SunnySweetDays","time_zone":"Eastern Time (US & Canada)","msg":"RT MOMITFORWARD Q6 DOES FOOD MAKE YOU HAPPY WHAT DISHES MAKE YOU THE HAPPIEST AvoHappiness GNO PLS RT"}
{"tweet_id":841810178773266433,"created_unixtime":1489538161353,"created_time":"Wed Mar 15 00:36:01 +0000 2017","lang":"es","displayname":"henrycawil","time_zone":"","msg":"sad amp míope"}
{"tweet_id":841810178647375872,"created_unixtime":1489538161323,"created_time":"Wed Mar 15 00:36:01 +0000 2017","lang":"en","displayname":"cyberpilate","time_zone":"Europe/Lisbon","msg":"RT robinthede Really Some are disappointed that maddow only has 2005 Like you would only be happy w/ 20 yrs of indepth tax analysis…"}
{"tweet_id":841810179339440128,"created_unixtime":1489538161488,"created_time":"Wed Mar 15 00:36:01 +0000 2017","lang":"en","displayname":"VennieKocsis","time_zone":"Pacific Time (US & Canada)","msg":"I think it depends  If its low blowing thats immature  But sometimes a space has to be called a spade yanno https//tco/3VJa43DDQw"}
{"tweet_id":841810179754680320,"created_unixtime":1489538161587,"created_time":"Wed Mar 15 00:36:01 +0000 2017","lang":"en","displayname":"HasifValentino","time_zone":"Singapore","msg":"RT AllahGreatQuran May Allah keep you safe well and always happy May tears of sorrow never touch your eyes and may He never let a smile…"}
{"tweet_id":841810179918307328,"created_unixtime":1489538161626,"created_time":"Wed Mar 15 00:36:01 +0000 2017","lang":"en","displayname":"c3r_b3rus","time_zone":"","msg":"im actually really happy the male character creator has makeup too this is great"}
{"tweet_id":841810179956060163,"created_unixtime":1489538161635,"created_time":"Wed Mar 15 00:36:01 +0000 2017","lang":"en","displayname":"demetrius_dgray","time_zone":"Central Time (US & Canada)","msg":"RT ralofamgoon I may not have everything but Im happy wit everything I got"}
{"tweet_id":841810179574325248,"created_unixtime":1489538161544,"created_time":"Wed Mar 15 00:36:01 +0000 2017","lang":"en","displayname":"DoopieDoOver","time_zone":"","msg":"I am such a happy camper 😙"}
{"tweet_id":841810175971450880,"created_unixtime":1489538160685,"created_time":"Wed Mar 15 00:36:00 +0000 2017","lang":"en","displayname":"Nandupower","time_zone":"Chennai","msg":"bphaneendra Many Happy Returns of the day mate Cheers"}
{"tweet_id":841810176290127872,"created_unixtime":1489538160761,"created_time":"Wed Mar 15 00:36:00 +0000 2017","lang":"en","displayname":"TroyPattee","time_zone":"Mountain Time (US & Canada)","msg":"RT MOMITFORWARD 6 DOES FOOD MAKE YOU HAPPY WHAT DISHES MAKE YOU THE HAPPIEST AvoHappiness GNO PLS RT"}
{"tweet_id":841810176151851009,"created_unixtime":1489538160728,"created_time":"Wed Mar 15 00:36:00 +0000 2017","lang":"en","displayname":"ThisMamas","time_zone":"Atlantic Time (Canada)","msg":"RT MOMITFORWARD Q6 DOES FOOD MAKE YOU HAPPY WHAT DISHES MAKE YOU THE HAPPIEST AvoHappiness GNO PLS RT"}
{"tweet_id":841810175992467457,"created_unixtime":1489538160690,"created_time":"Wed Mar 15 00:36:00 +0000 2017","lang":"en","displayname":"tobehoopers","time_zone":"Pacific Time (US & Canada)","msg":"NapTimePrincess happy on his farm"}
{"tweet_id":841810176244080640,"created_unixtime":1489538160750,"created_time":"Wed Mar 15 00:36:00 +0000 2017","lang":"en","displayname":"briana_davis10","time_zone":"","msg":"RT OfficiaIJCoIe do what youve got to do to be happy"}
{"tweet_id":841810176394977280,"created_unixtime":1489538160786,"created_time":"Wed Mar 15 00:36:00 +0000 2017","lang":"en","displayname":"ii_vram","time_zone":"","msg":"RT Legionofaldub Good morning banana mainedcm 💜Your your banana 🍌 na aldenrichards02 waiting ALDUBxDTBYTugOfHearts https//tco/A…"}
{"tweet_id":841810176307023876,"created_unixtime":1489538160765,"created_time":"Wed Mar 15 00:36:00 +0000 2017","lang":"en","displayname":"SunnySweetDays","time_zone":"Eastern Time (US & Canada)","msg":"A6 Food DOES make me happy and my family enjoys it when I cook I love comfort food and Mexican entrees Taco Tuesday   AvoHappiness GNO"}
{"tweet_id":841810176629866496,"created_unixtime":1489538160842,"created_time":"Wed Mar 15 00:36:00 +0000 2017","lang":"ja","displayname":"shirayuki_CRASH","time_zone":"Seoul","msg":"https//tco/EA5AUU2VVk 1216  2014年11月22日 TRIGGER★HAPPY"}
{"tweet_id":841810176852221953,"created_unixtime":1489538160895,"created_time":"Wed Mar 15 00:36:00 +0000 2017","lang":"en","displayname":"azurahan","time_zone":"Singapore","msg":"RT STcom Weather update Happy hump day Prepare your brollies for thundery showers in the afternoon"}
{"tweet_id":841810176948678656,"created_unixtime":1489538160918,"created_time":"Wed Mar 15 00:36:00 +0000 2017","lang":"en","displayname":"danielle_sam_","time_zone":"Pacific Time (US & Canada)","msg":"RT MichaelAnt3 Still sad that Im gonna miss the Lil Wayne concert tonight 😢😢"}
{"tweet_id":841810176936091648,"created_unixtime":1489538160915,"created_time":"Wed Mar 15 00:36:00 +0000 2017","lang":"en","displayname":"thedomesticdiva","time_zone":"Eastern Time (US & Canada)","msg":"RT MomItForward Q6 DOES FOOD MAKE YOU HAPPY WHAT DISHES MAKE YOU THE HAPPIEST AvoHappiness GNO PLS RT"}
{"tweet_id":841810176982175744,"created_unixtime":1489538160926,"created_time":"Wed Mar 15 00:36:00 +0000 2017","lang":"en","displayname":"amodernmomlife","time_zone":"Central Time (US & Canada)","msg":"A6 Food always makes me happy It feeds my soul I love to taste new dishes Fresh amp tasty meals make me the happi… https//tco/LXyECNu1hN"}
{"tweet_id":841810177498177536,"created_unixtime":1489538161049,"created_time":"Wed Mar 15 00:36:01 +0000 2017","lang":"en","displayname":"WeTooLiveEnt","time_zone":"Pacific Time (US & Canada)","msg":"RT richthekid Focus on what makes you happy"}
{"tweet_id":841810177833766912,"created_unixtime":1489538161129,"created_time":"Wed Mar 15 00:36:01 +0000 2017","lang":"en","displayname":"bored_in_jersey","time_zone":"","msg":"RT robinthede Really Some are disappointed that maddow only has 2005 Like you would only be happy w/ 20 yrs of indepth tax analysis…"}
{"tweet_id":841810178328608768,"created_unixtime":1489538161247,"created_time":"Wed Mar 15 00:36:01 +0000 2017","lang":"en","displayname":"ShoahAdolf","time_zone":"","msg":"RT RichardBSpencer ThaRightStuff It was at their second party after CPAC Someone defended me and Cerno turned into a Gorilla Had to…"}
{"tweet_id":841810178542575616,"created_unixtime":1489538161298,"created_time":"Wed Mar 15 00:36:01 +0000 2017","lang":"en","displayname":"hyatt44","time_zone":"Pacific Time (US & Canada)","msg":"RT SincerelyTumblr So annoying when ppl are like ur always laughin U laugh at everything Its not that funny like OK sorry Im a hap…"}
{"tweet_id":841810179029098496,"created_unixtime":1489538161414,"created_time":"Wed Mar 15 00:36:01 +0000 2017","lang":"es","displayname":"8aBrendy","time_zone":"Central Time (US & Canada)","msg":"Sigo Sad que mal"}
{"tweet_id":841810174075650048,"created_unixtime":1489538160233,"created_time":"Wed Mar 15 00:36:00 +0000 2017","lang":"en","displayname":"hberschbach","time_zone":"","msg":"Happy birthday hburchi18 ❤❤ love and miss you so much youre so old 😻😻 https//tco/iAzkNxrhjj"}
{"tweet_id":841810179817521152,"created_unixtime":1489538161602,"created_time":"Wed Mar 15 00:36:01 +0000 2017","lang":"en","displayname":"brea_anaya03","time_zone":"","msg":"Okay Ive actually missed Captain Cold so Im really happy to see him 😂 TheFlash"}
{"tweet_id":841810179012329472,"created_unixtime":1489538161410,"created_time":"Wed Mar 15 00:36:01 +0000 2017","lang":"en","displayname":"sarahmofizle","time_zone":"","msg":"RT peta Every pig should be free amp happy ❤️ https//tco/WHI434PA8k"}
{"tweet_id":841810178945257473,"created_unixtime":1489538161394,"created_time":"Wed Mar 15 00:36:01 +0000 2017","lang":"en","displayname":"SmoutMarie","time_zone":"","msg":"RT Animals1st Free at last Heartwarming moment sadeyed orangutan is freed from her crate prison https//tco/z9EgcGTuPE https//tco…"}
{"tweet_id":841810179977015296,"created_unixtime":1489538161640,"created_time":"Wed Mar 15 00:36:01 +0000 2017","lang":"en","displayname":"topayno","time_zone":"Brasilia","msg":"RT girlposts Someone When was the last time u were truly happyMe https//tco/wzhzedcF5P"}
{"tweet_id":841810179276574720,"created_unixtime":1489538161473,"created_time":"Wed Mar 15 00:36:01 +0000 2017","lang":"en","displayname":"Arkady62","time_zone":"Eastern Time (US & Canada)","msg":"RT TribeTobias Happy TobiasTuesday Dont miss our Outlander paintings of the Randall men signed by Tobias Menzies… "}
{"tweet_id":841810179645685760,"created_unixtime":1489538161561,"created_time":"Wed Mar 15 00:36:01 +0000 2017","lang":"en","displayname":"biremuslupin","time_zone":"Pacific Time (US & Canada)","msg":"RT NASA Its PiDay It may be irrational but pi plays an important role in the work of scientists at NASA… "}
{"tweet_id":841810180534820864,"created_unixtime":1489538161773,"created_time":"Wed Mar 15 00:36:01 +0000 2017","lang":"en","displayname":"saintjawn","time_zone":"Pacific Time (US & Canada)","msg":"RT soIute sometimes the best way to be happy is to learn to let go of things you tried hard to hold on to that are no longer good for you"}
{"tweet_id":841810180748664832,"created_unixtime":1489538161824,"created_time":"Wed Mar 15 00:36:01 +0000 2017","lang":"en","displayname":"blackdogdylan","time_zone":"","msg":"RT kalebhorton Saying America is optimistic because CEOs are optimistic is like saying prisoners are happy because you heard the w… "}
{"tweet_id":841810180610371584,"created_unixtime":1489538161791,"created_time":"Wed Mar 15 00:36:01 +0000 2017","lang":"en","displayname":"KaysHighLife","time_zone":"","msg":"RT richthekid Focus on what makes you happy"}
{"tweet_id":841810180874612737,"created_unixtime":1489538161854,"created_time":"Wed Mar 15 00:36:01 +0000 2017","lang":"en","displayname":"Jonnyarsenal","time_zone":"London","msg":"GeoffArsenal Feel free to show me I type before I fully think tweets through sometimes so happy to correct any misunderstanding 👍"}
{"tweet_id":841810180882984961,"created_unixtime":1489538161856,"created_time":"Wed Mar 15 00:36:01 +0000 2017","lang":"en","displayname":"RodneyPerkins18","time_zone":"","msg":"AshleyJudd I like trump Boo go hide Sad"}
{"tweet_id":841810181096919040,"created_unixtime":1489538161907,"created_time":"Wed Mar 15 00:36:01 +0000 2017","lang":"en","displayname":"JoAnnReinhold","time_zone":"Eastern Time (US & Canada)","msg":"RT ramblingsloa “I do not exist to impress the worldI exist to live my life in a way that will make me happy ”― Richard Bach"}
{"tweet_id":841810180954329091,"created_unixtime":1489538161873,"created_time":"Wed Mar 15 00:36:01 +0000 2017","lang":"en","displayname":"MaGicianMB","time_zone":"Casablanca","msg":"RT brownaandlovely keep my country out of ur emojis https//tco/cJznkcVFj4"}
{"tweet_id":841810181218480129,"created_unixtime":1489538161936,"created_time":"Wed Mar 15 00:36:01 +0000 2017","lang":"en","displayname":"DTW_Izzie","time_zone":"","msg":"RT matthaig1 Look Exciting news alert Benedict Cumberbatch is going to star in the adaptation of my new novel Am so happy https//t…"}
{"tweet_id":841810181335990272,"created_unixtime":1489538161964,"created_time":"Wed Mar 15 00:36:01 +0000 2017","lang":"en","displayname":"964thewave","time_zone":"Pacific Time (US & Canada)","msg":"Happy Wednesday You know were officially half way towards the weekend now right Sam x LateShow"}
{"tweet_id":841810181721866241,"created_unixtime":1489538162056,"created_time":"Wed Mar 15 00:36:02 +0000 2017","lang":"en","displayname":"jylmomIF","time_zone":"Mountain Time (US & Canada)","msg":"RT MOMITFORWARD 6 DOES FOOD MAKE YOU HAPPY WHAT DISHES MAKE YOU THE HAPPIEST AvoHappiness GNO PLS RT"}
{"tweet_id":841810181902200833,"created_unixtime":1489538162099,"created_time":"Wed Mar 15 00:36:02 +0000 2017","lang":"en","displayname":"2_Wildflowers","time_zone":"Eastern Time (US & Canada)","msg":"RT RegalBasil Ciara amp Keke Palmer keep yall mad as they live The sad part is I see BW doing most of the damage Cant be happy or caref…"}
{"tweet_id":841810181898043392,"created_unixtime":1489538162098,"created_time":"Wed Mar 15 00:36:02 +0000 2017","lang":"en","displayname":"TillikumLives","time_zone":"","msg":"its the 21st century version of a wetnurse exploitation of women both by gender and economic status gross sad… https//tco/SLYU5K8FUl"}
{"tweet_id":841810182166458369,"created_unixtime":1489538162162,"created_time":"Wed Mar 15 00:36:02 +0000 2017","lang":"en","displayname":"MohdSaifAlians4","time_zone":"","msg":"aliaa08    Wish u a many many happy returns of the day       HAPPY BIRTHDAY ALIAA"}
{"tweet_id":841810182447353857,"created_unixtime":1489538162229,"created_time":"Wed Mar 15 00:36:02 +0000 2017","lang":"en","displayname":"Georgiee_01","time_zone":"","msg":"RT iriskayell Happy early birthday to me 😛😛✨✨ https//tco/cTyprbKhhV"}
{"tweet_id":841810181801549825,"created_unixtime":1489538162075,"created_time":"Wed Mar 15 00:36:02 +0000 2017","lang":"en","displayname":"lvnnyates","time_zone":"","msg":"Boiled eggs with avacado and pb toast I love my breakfast AvoHappiness  gno https//tco/f10lrqSNEq"}
{"tweet_id":841810182074175488,"created_unixtime":1489538162140,"created_time":"Wed Mar 15 00:36:02 +0000 2017","lang":"en","displayname":"johizzle","time_zone":"Eastern Time (US & Canada)","msg":"ParkerMolloy another Meatball 🐾 https//tco/kwAKX2Fd91"}
{"tweet_id":841810182724288512,"created_unixtime":1489538162295,"created_time":"Wed Mar 15 00:36:02 +0000 2017","lang":"en","displayname":"MomGlenz","time_zone":"Mountain Time (US & Canada)","msg":"RT MomItForward Q6 DOES FOOD MAKE YOU HAPPY WHAT DISHES MAKE YOU THE HAPPIEST AvoHappiness GNO PLS RT"}
{"tweet_id":841810180438401024,"created_unixtime":1489538161750,"created_time":"Wed Mar 15 00:36:01 +0000 2017","lang":"en","displayname":"xcourtneyjanexx","time_zone":"Pacific Time (US & Canada)","msg":"RT ScottGShore Had about 10 steaks today already and my knobs sore Happy steak and blowjob day everyone"}
{"tweet_id":841810183374307328,"created_unixtime":1489538162450,"created_time":"Wed Mar 15 00:36:02 +0000 2017","lang":"en","displayname":"daryl_sharon","time_zone":"Singapore","msg":"Introvert in action I sense tranquility ALDUBxDTBYTugOfHearts https//tco/Zei1Sjv8Y6"}
{"tweet_id":841810183659577344,"created_unixtime":1489538162518,"created_time":"Wed Mar 15 00:36:02 +0000 2017","lang":"en","displayname":"diane_bristol4","time_zone":"","msg":"charliekirk11 typical yet sad"}
{"tweet_id":841810184154497024,"created_unixtime":1489538162636,"created_time":"Wed Mar 15 00:36:02 +0000 2017","lang":"en","displayname":"koshinmurasaki","time_zone":"International Date Line West","msg":"RT CuteOverloads THIS JUST MADE ME SO HAPPY https//tco/0X8oNeJpgd"}
{"tweet_id":841810183848374273,"created_unixtime":1489538162563,"created_time":"Wed Mar 15 00:36:02 +0000 2017","lang":"en","displayname":"AveSoprano","time_zone":"Pacific Time (US & Canada)","msg":"I took school as such a joke bruh its sad 😂"}
{"tweet_id":841810183227625473,"created_unixtime":1489538162415,"created_time":"Wed Mar 15 00:36:02 +0000 2017","lang":"en","displayname":"adorethequeen_","time_zone":"","msg":"RT C_spill4 Happy first birthday my princess  I love you soooo freaking much Im blessed to have you as my child Im forever… "}
{"tweet_id":841810183013642240,"created_unixtime":1489538162364,"created_time":"Wed Mar 15 00:36:02 +0000 2017","lang":"en","displayname":"LaurieDiStefan2","time_zone":"Central Time (US & Canada)","msg":"Im soooo sad  😥 GoPackGo https//tco/x92SM0Djfq"}
{"tweet_id":841810184380928003,"created_unixtime":1489538162690,"created_time":"Wed Mar 15 00:36:02 +0000 2017","lang":"en","displayname":"wc2YbakUX5a2guU","time_zone":"","msg":"BBCWorld Your family made my day  and I am very happy"}
{"tweet_id":841810184490102784,"created_unixtime":1489538162716,"created_time":"Wed Mar 15 00:36:02 +0000 2017","lang":"en","displayname":"alan_turbyfill","time_zone":"","msg":"RT CloydRivers Some kid told me Happy Pi Day Dropkicked his calculator and said America is the land of thick thighs and apple pies 17…"}
{"tweet_id":841810184913616896,"created_unixtime":1489538162817,"created_time":"Wed Mar 15 00:36:02 +0000 2017","lang":"ja","displayname":"janne_kashi","time_zone":"","msg":"君との時間は流れ星余計に君を眩しく映すよI’m so Happy"}
{"tweet_id":841810184532066305,"created_unixtime":1489538162726,"created_time":"Wed Mar 15 00:36:02 +0000 2017","lang":"en","displayname":"AvosfromMexico","time_zone":"Pacific Time (US & Canada)","msg":"luna12573 There should be more people as happy as you Share your AvoHappiness https//tco/8px885pATe"}
{"tweet_id":841810185270251521,"created_unixtime":1489538162902,"created_time":"Wed Mar 15 00:36:02 +0000 2017","lang":"es","displayname":"robertovllgs","time_zone":"Arizona","msg":"RT fernandanbs in mexico we dont say sad we say se le agüitó la cachora and i think thats beautiful"}
{"tweet_id":841810185576407040,"created_unixtime":1489538162975,"created_time":"Wed Mar 15 00:36:02 +0000 2017","lang":"en","displayname":"swiftsabrinas","time_zone":"Eastern Time (US & Canada)","msg":"intelligent women and girls that prove that the female pop is equally as smart if not smarter than the male pop make my heart so happy"}
{"tweet_id":841810186436255744,"created_unixtime":1489538163180,"created_time":"Wed Mar 15 00:36:03 +0000 2017","lang":"en","displayname":"AgustinaFoDevB","time_zone":"Buenos Aires","msg":"RT xlydiastilinski thank you teen wolfyou made me happyyou made me smile you are my home https//tco/GFN6bC2Fns"}
{"tweet_id":841810185890996224,"created_unixtime":1489538163050,"created_time":"Wed Mar 15 00:36:03 +0000 2017","lang":"en","displayname":"kirstyskorner","time_zone":"Eastern Time (US & Canada)","msg":"Thanks bebe ♡♡♡ ly nat https//tco/dhS5Dzd71f"}
{"tweet_id":841810187119919104,"created_unixtime":1489538163343,"created_time":"Wed Mar 15 00:36:03 +0000 2017","lang":"en","displayname":"alliauel","time_zone":"","msg":"RT emmaanderson162 alliauel happy birthday to you beautiful Hope your day was filled with lots of love and happiness 💛☀️"}
{"tweet_id":841810186847174656,"created_unixtime":1489538163278,"created_time":"Wed Mar 15 00:36:03 +0000 2017","lang":"es","displayname":"patricialangle","time_zone":"Central Time (US & Canada)","msg":"Science Confirms Mona Lisa Is Happy https//tco/eY8AYA1N04 vía hyperallergic"}
{"tweet_id":841810186641657857,"created_unixtime":1489538163229,"created_time":"Wed Mar 15 00:36:03 +0000 2017","lang":"en","displayname":"MsFrugalMommy","time_zone":"Eastern Time (US & Canada)","msg":"Spicy veggie bean chili topped w/ avocados makes me happy https//tco/R5lvOAR6oS MOMITFORWARD AvoHappiness GNO https//tco/G39SzDQffN"}
{"tweet_id":841810187581288448,"created_unixtime":1489538163453,"created_time":"Wed Mar 15 00:36:03 +0000 2017","lang":"en","displayname":"MohmedElakaad","time_zone":"","msg":" smiling doesnt necessarily mean youre happy Sometimes it just means youre strong  ✌🌸"}
{"tweet_id":841810186343989248,"created_unixtime":1489538163158,"created_time":"Wed Mar 15 00:36:03 +0000 2017","lang":"en","displayname":"welchhayley","time_zone":"Eastern Time (US & Canada)","msg":"RT ManCanddyPics COLTON HAYNES AND HIS BOYFRIEND ARE ENGAGED THIS MAKES ME SO HAPPY 😭 https//tco/dihGKd2CEI"}
{"tweet_id":841810187765874688,"created_unixtime":1489538163497,"created_time":"Wed Mar 15 00:36:03 +0000 2017","lang":"en","displayname":"pkell7","time_zone":"Eastern Time (US & Canada)","msg":"calsands12 I feel like its not happy at all"}
{"tweet_id":841810187765858304,"created_unixtime":1489538163497,"created_time":"Wed Mar 15 00:36:03 +0000 2017","lang":"en","displayname":"streeter_jaden","time_zone":"","msg":"ObeyyCollin it makes me happy chills me out"}
{"tweet_id":841810188231421952,"created_unixtime":1489538163608,"created_time":"Wed Mar 15 00:36:03 +0000 2017","lang":"en","displayname":"AvosfromMexico","time_zone":"Pacific Time (US & Canada)","msg":"GPTSitesandTips There should be more people as happy as you Share your AvoHappiness https//tco/8px885pATe"}
{"tweet_id":841810185962291200,"created_unixtime":1489538163067,"created_time":"Wed Mar 15 00:36:03 +0000 2017","lang":"en","displayname":"MelisssaTerrry","time_zone":"Eastern Time (US & Canada)","msg":"Johncruz152 happy birthday 😋 https//tco/4Wuw6dZDLs"}
{"tweet_id":841810188332064768,"created_unixtime":1489538163632,"created_time":"Wed Mar 15 00:36:03 +0000 2017","lang":"en","displayname":"hooper_jae13","time_zone":"","msg":"RT KarrisLikeParis the key to a happy life is taking care of YOURSELF 🌸 amp doing what makes you happy 💗"}
{"tweet_id":841810187967176704,"created_unixtime":1489538163545,"created_time":"Wed Mar 15 00:36:03 +0000 2017","lang":"en","displayname":"N_daisy_flower","time_zone":"Moscow","msg":"RT GoingInStyle Happy birthday to the suave impeccably stylish Michael Caine GoingInStyle https//tco/QCtHzE7BLy"}
{"tweet_id":841810188298555392,"created_unixtime":1489538163624,"created_time":"Wed Mar 15 00:36:03 +0000 2017","lang":"en","displayname":"Theflowolf","time_zone":"Amsterdam","msg":"mr_sosa1 happy birthday G"}
{"tweet_id":841810188101394433,"created_unixtime":1489538163577,"created_time":"Wed Mar 15 00:36:03 +0000 2017","lang":"en","displayname":"kourtneelynne","time_zone":"Eastern Time (US & Canada)","msg":"RT MomItForward Q6 DOES FOOD MAKE YOU HAPPY WHAT DISHES MAKE YOU THE HAPPIEST AvoHappiness GNO PLS RT"}
{"tweet_id":841810189108035585,"created_unixtime":1489538163817,"created_time":"Wed Mar 15 00:36:03 +0000 2017","lang":"en","displayname":"Xxxx_Jada_xxxX","time_zone":"Pacific Time (US & Canada)","msg":"RT IfSheStans if she stans colliscool she wishes her happy birthday "}
{"tweet_id":841810188009111554,"created_unixtime":1489538163555,"created_time":"Wed Mar 15 00:36:03 +0000 2017","lang":"en","displayname":"Babygurlie73","time_zone":"Central Time (US & Canada)","msg":"MomItForward A6 Yes it sure does I love a good Salad filled with protein and for dessert cheesecake makes me happy AvoHappiness gno"}
{"tweet_id":841810189116416001,"created_unixtime":1489538163819,"created_time":"Wed Mar 15 00:36:03 +0000 2017","lang":"en","displayname":"tldl1955","time_zone":"","msg":"RT CNN Sen Schumer on CBO report Do facts matter anymore to our colleagues to the President Does truth matter Sad a… "}
{"tweet_id":841810189284196352,"created_unixtime":1489538163859,"created_time":"Wed Mar 15 00:36:03 +0000 2017","lang":"en","displayname":"CometsMum","time_zone":"Quito","msg":"Sad Good luck w a WarrenBuffettowned corpgtTimHortons franchisees push back agnst costcutting changes cdnpoli  https//tco/iQHXqX7fk8"}
{"tweet_id":841810189837824001,"created_unixtime":1489538163991,"created_time":"Wed Mar 15 00:36:03 +0000 2017","lang":"en","displayname":"pyschoanahi","time_zone":"Central Time (US & Canada)","msg":"RT emofucc when i show people a list of reasons why im so sad https//tco/c986HezrtS"}
{"tweet_id":841810190009741314,"created_unixtime":1489538164032,"created_time":"Wed Mar 15 00:36:04 +0000 2017","lang":"en","displayname":"Hillarypch","time_zone":"","msg":"RT obxcurity saying “i’m tired” when you’re actually sad"}
{"tweet_id":841810190114689024,"created_unixtime":1489538164057,"created_time":"Wed Mar 15 00:36:04 +0000 2017","lang":"en","displayname":"kurochiinn","time_zone":"","msg":"yukimori_himeko LIKE I LOVE HIM SO MUCH I ALWAYS WANT HIM HAPPY"}
{"tweet_id":841810190659866624,"created_unixtime":1489538164187,"created_time":"Wed Mar 15 00:36:04 +0000 2017","lang":"en","displayname":"sabnam_kazi","time_zone":"Pacific Time (US & Canada)","msg":"Jisshusengupta many many happy returns of the day Jishu da 🍬🍬🍬Happy birthday🎂🎂🎂"}
{"tweet_id":841810189405831169,"created_unixtime":1489538163888,"created_time":"Wed Mar 15 00:36:03 +0000 2017","lang":"en","displayname":"RhioDevera29","time_zone":"Pacific Time (US & Canada)","msg":"HAPPY BIRTHDAY🎁🎈🎂 https//tco/o8PC7jr4Wp"}
{"tweet_id":841810190462787584,"created_unixtime":1489538164140,"created_time":"Wed Mar 15 00:36:04 +0000 2017","lang":"en","displayname":"LucoCarter","time_zone":"Pacific Time (US & Canada)","msg":"RT CallumWHUFC_ Happy birthday mate LucoCarter love you fella🤙🏻❤️🎉"}
{"tweet_id":841810190827704328,"created_unixtime":1489538164227,"created_time":"Wed Mar 15 00:36:04 +0000 2017","lang":"en","displayname":"garrettmarion13","time_zone":"Atlantic Time (Canada)","msg":"So happy with where Im at right now in life blessed"}
{"tweet_id":841810180279042048,"created_unixtime":1489538161712,"created_time":"Wed Mar 15 00:36:01 +0000 2017","lang":"en","displayname":"Christy41970","time_zone":"","msg":"BlogPaws Truffle_Brulee Caluvsdogs ChroniclesCardi MyBrownNewfies ThePlayfulKitty kolsnotes Congrats So happy for you BlogPawsChat"}
{"tweet_id":841810191154831361,"created_unixtime":1489538164305,"created_time":"Wed Mar 15 00:36:04 +0000 2017","lang":"en","displayname":"tv_leader","time_zone":"Central Time (US & Canada)","msg":"RT FBIMostWanted Happy 67th Birthday to the FBI Ten Most Wanted Fugitives List created on March 14 1950 https//tco/aaf7lqVtLn"}
{"tweet_id":841810191251308545,"created_unixtime":1489538164328,"created_time":"Wed Mar 15 00:36:04 +0000 2017","lang":"en","displayname":"fcsegura","time_zone":"","msg":"RT Crystaaal_31 Im sad I have to leave but Im glad im going home ❤️"}
{"tweet_id":841810191460913153,"created_unixtime":1489538164378,"created_time":"Wed Mar 15 00:36:04 +0000 2017","lang":"ja","displayname":"chun8chun8chun","time_zone":"Irkutsk","msg":"RT howahowapanayo 海未ちゃんHappy Birthday！園田海未生誕祭2017 https//tco/UDUdkiOLvY"}
{"tweet_id":841810187807776768,"created_unixtime":1489538163507,"created_time":"Wed Mar 15 00:36:03 +0000 2017","lang":"en","displayname":"carl_bull","time_zone":"","msg":"Must hurry only 31415 hours left to post  Happy PiDay everyone  Irrational and critical these are character… https//tco/YxNz9zzGz2"}
{"tweet_id":841810190110470144,"created_unixtime":1489538164056,"created_time":"Wed Mar 15 00:36:04 +0000 2017","lang":"en","displayname":"Jackpot3010","time_zone":"London","msg":"RT redrob58 Everybody is entitled to there opinion but for me Jose shouldve been boss after Fergie amp Im more than happy that hes ours…"}
{"tweet_id":841810191528075264,"created_unixtime":1489538164394,"created_time":"Wed Mar 15 00:36:04 +0000 2017","lang":"en","displayname":"honeyandlimeco","time_zone":"Pacific Time (US & Canada)","msg":"A6 MomItForward Usually homecooked comfort food makes me happy and warms my soul AvoHappiness gno avosfrommexico"}
{"tweet_id":841810190714433536,"created_unixtime":1489538164200,"created_time":"Wed Mar 15 00:36:04 +0000 2017","lang":"en","displayname":"Deliarose20","time_zone":"","msg":"I think a certain twitter account named Mrsbieber3600 should stop being so sad and get a life"}
{"tweet_id":841810191289053184,"created_unixtime":1489538164337,"created_time":"Wed Mar 15 00:36:04 +0000 2017","lang":"en","displayname":"eMazingLA","time_zone":"Pacific Time (US & Canada)","msg":"RT CamelotKids Happpppppyyyyy Birthdaaaay Ms Renae 😘 Happy Birthday to Youuuuuuuu ✨🎶 https//tco/r0DAXYEc1C"}
{"tweet_id":841810191981060100,"created_unixtime":1489538164502,"created_time":"Wed Mar 15 00:36:04 +0000 2017","lang":"en","displayname":"SophiaRoger1","time_zone":"Almaty","msg":"Happy gratuity relative to pushing on good terms france GoZceOt https//tco/xo3oMbKbX0"}
{"tweet_id":841810191603650560,"created_unixtime":1489538164412,"created_time":"Wed Mar 15 00:36:04 +0000 2017","lang":"en","displayname":"Amber_V_Mist","time_zone":"Eastern Time (US & Canada)","msg":"RT kalebhorton Saying America is optimistic because CEOs are optimistic is like saying prisoners are happy because you heard the w… "}
{"tweet_id":841810192014557185,"created_unixtime":1489538164510,"created_time":"Wed Mar 15 00:36:04 +0000 2017","lang":"en","displayname":"dianne727","time_zone":"Mountain Time (US & Canada)","msg":"PhilthCollins JuddApatow love TheRyanAdams paulrust Love Is Hell is sad bastard heartbreak perfection It sounds like cold winter air"}
{"tweet_id":841810191771344896,"created_unixtime":1489538164452,"created_time":"Wed Mar 15 00:36:04 +0000 2017","lang":"en","displayname":"NickBernabei","time_zone":"Brisbane","msg":"clare_fidler your little girl shares a very special birthday with a very prestigious football club Happy Birthd… https//tco/2rDUzwpiUi"}
{"tweet_id":841810190743814144,"created_unixtime":1489538164207,"created_time":"Wed Mar 15 00:36:04 +0000 2017","lang":"en","displayname":"skamnewton08","time_zone":"Quito","msg":"RT D_Deji28 Do you guys know why he was killed A girl lied that he raped her and her brother shot him dead https//tco/IWDVDZp3rz"}
{"tweet_id":841810192249548800,"created_unixtime":1489538164566,"created_time":"Wed Mar 15 00:36:04 +0000 2017","lang":"en","displayname":"lifeofmarissa07","time_zone":"","msg":"RT RiceGum Dont be Sad because Sad backwards is Das and Das not good 😔"}
{"tweet_id":841810192392159232,"created_unixtime":1489538164600,"created_time":"Wed Mar 15 00:36:04 +0000 2017","lang":"en","displayname":"svmmysvm","time_zone":"Mountain Time (US & Canada)","msg":"The fact that Im so sad to go home right now irritates me"}
{"tweet_id":841810189007355904,"created_unixtime":1489538163793,"created_time":"Wed Mar 15 00:36:03 +0000 2017","lang":"en","displayname":"fleury_megan","time_zone":"","msg":"i dont think my cat was too happy to see me https//tco/zfBU6KQFRG"}
{"tweet_id":841810193033904128,"created_unixtime":1489538164753,"created_time":"Wed Mar 15 00:36:04 +0000 2017","lang":"en","displayname":"Justinsbitch_94","time_zone":"","msg":"RT The_Best_Vines This girls story is funny and sad at the same time https//tco/5qR8kWJcE6"}
{"tweet_id":841810193470132224,"created_unixtime":1489538164857,"created_time":"Wed Mar 15 00:36:04 +0000 2017","lang":"en","displayname":"wally250trx","time_zone":"Eastern Time (US & Canada)","msg":"Happy National Pie day NationalPieDay Pie https//tco/ASPfFRp6vR"}
{"tweet_id":841810193465901057,"created_unixtime":1489538164856,"created_time":"Wed Mar 15 00:36:04 +0000 2017","lang":"en","displayname":"junbobbys","time_zone":"","msg":"RT junlhoe WERE GETTING A DOUBLE TITLE TRACK IM ON THE VERGE OF CRYING IM SO HAPPY IKON ARE COMING BACK IM GENUINELY SO HAPPY… "}
{"tweet_id":841810193881157632,"created_unixtime":1489538164955,"created_time":"Wed Mar 15 00:36:04 +0000 2017","lang":"en","displayname":"bIueguitar","time_zone":"Brasilia","msg":"SherriSaum1 a thing about Stef that you love with all your heart thefosterschat THANK U FOR SAYING HI TO MY GIRL SHES SO HAPPY lt3"}
{"tweet_id":841810192685711360,"created_unixtime":1489538164670,"created_time":"Wed Mar 15 00:36:04 +0000 2017","lang":"tl","displayname":"PaulineCosico","time_zone":"Alaska","msg":"Kung saan nagsimula ang lahat 🍻 Happy birthday besh 💖 https//tco/CyMWzy20s1"}
{"tweet_id":841810194090737664,"created_unixtime":1489538165005,"created_time":"Wed Mar 15 00:36:05 +0000 2017","lang":"en","displayname":"pawongramaoy","time_zone":"","msg":"RT crayonG_cn Happy White Valentines Day IBGDRGN https//tco/WCouHM7enV"}
{"tweet_id":841810194438975489,"created_unixtime":1489538165088,"created_time":"Wed Mar 15 00:36:05 +0000 2017","lang":"en","displayname":"Muryn_kinlee","time_zone":"","msg":"RT JustAGirIThing Someone When was the last time u were truly happy Me https//tco/YTSjNOreRU"}
{"tweet_id":841810194585669632,"created_unixtime":1489538165123,"created_time":"Wed Mar 15 00:36:05 +0000 2017","lang":"en","displayname":"rebecca_m29","time_zone":"","msg":"RT kobyy__duruu Thank youuu Becca you aint ft me no more 🙄🙄 https//tco/O7JJ9KjHsf"}
{"tweet_id":841810194690523136,"created_unixtime":1489538165148,"created_time":"Wed Mar 15 00:36:05 +0000 2017","lang":"en","displayname":"SyArcelie","time_zone":"","msg":"RT lucyliciousmith Edward So happy to be here MBMayWard"}
{"tweet_id":841810194594164736,"created_unixtime":1489538165125,"created_time":"Wed Mar 15 00:36:05 +0000 2017","lang":"en","displayname":"jacob_jensen98","time_zone":"Central Time (US & Canada)","msg":"Sad to know that having healthcare insurance food amp water are considered privileges and not basic needs to our government"}
{"tweet_id":841810194514370561,"created_unixtime":1489538165106,"created_time":"Wed Mar 15 00:36:05 +0000 2017","lang":"en","displayname":"abusch38","time_zone":"Eastern Time (US & Canada)","msg":"Happy PiDay https//tco/InIGA2LQOP"}
{"tweet_id":841810194854227969,"created_unixtime":1489538165187,"created_time":"Wed Mar 15 00:36:05 +0000 2017","lang":"en","displayname":"thatsclaudia","time_zone":"Greenland","msg":"RT especiallyfyou thatsclaudia Me too Conversation is what I wanted the most out of the s7 arc and what Im still the most sad about…"}
{"tweet_id":841810194996830209,"created_unixtime":1489538165221,"created_time":"Wed Mar 15 00:36:05 +0000 2017","lang":"en","displayname":"alfoster06","time_zone":"Central Time (US & Canada)","msg":"BQQuinn 41 Lives alone Has 3 cats Still killing itLifenot the cats 😕 I needed to be clear about the killingHappy Birthday"}
{"tweet_id":841810195252678657,"created_unixtime":1489538165282,"created_time":"Wed Mar 15 00:36:05 +0000 2017","lang":"en","displayname":"liseve91","time_zone":"","msg":"colinodonoghue1 could you wish my best friend AlonaDanger a very happy birthday"}
{"tweet_id":841810195374346241,"created_unixtime":1489538165311,"created_time":"Wed Mar 15 00:36:05 +0000 2017","lang":"en","displayname":"Shazeemshazam","time_zone":"","msg":"RT NatureNPS This is what happens when you have a building full of scientists and a laser👨🏽‍🔬👩🏾‍🔬⚡️3️⃣1️⃣4️⃣ Happy PiDay https//tco…"}
{"tweet_id":841810195521122308,"created_unixtime":1489538165346,"created_time":"Wed Mar 15 00:36:05 +0000 2017","lang":"en","displayname":"maryann34635533","time_zone":"","msg":"How sad is that that they hire illegals for cheap help wow"}
{"tweet_id":841810195604946945,"created_unixtime":1489538165366,"created_time":"Wed Mar 15 00:36:05 +0000 2017","lang":"en","displayname":"stellarite","time_zone":"Kuala Lumpur","msg":"RT kurodias happy birthday to my beautiful brave wonderful angel umi  ♡  ♡  ♡ 海未は私ですが2017園田海未生誕祭2017 https//tco/CYzgsbAZwY"}
{"tweet_id":841810195936358400,"created_unixtime":1489538165445,"created_time":"Wed Mar 15 00:36:05 +0000 2017","lang":"en","displayname":"eli_menachem","time_zone":"Atlantic Time (Canada)","msg":"RT HeartIessly I could literally lay up all day and chill with one person amp just be happy with that"}
{"tweet_id":841810196158545920,"created_unixtime":1489538165498,"created_time":"Wed Mar 15 00:36:05 +0000 2017","lang":"en","displayname":"GGigiisgolden","time_zone":"","msg":"RT OutlawsDancers Happy birthday dsnides23 🎉🎉 https//tco/X7mhnd7Cym"}
{"tweet_id":841810196162875398,"created_unixtime":1489538165499,"created_time":"Wed Mar 15 00:36:05 +0000 2017","lang":"en","displayname":"thelem0nadestan","time_zone":"","msg":"GregMilamSky SecretService SnoopDogg sad state of affairs when a clown in a music video is mistaken for the actual president😂"}
{"tweet_id":841810196255006721,"created_unixtime":1489538165521,"created_time":"Wed Mar 15 00:36:05 +0000 2017","lang":"en","displayname":"Texasjack1","time_zone":"","msg":"RT DepressedDarth Happy Pi Day https//tco/CeTdW0Kipm"}
{"tweet_id":841810196179652612,"created_unixtime":1489538165503,"created_time":"Wed Mar 15 00:36:05 +0000 2017","lang":"es","displayname":"a9051611_","time_zone":"Pacific Time (US & Canada)","msg":"estaria copado tener amigos con el mismo horario para que cuando este sad me pasen memes"}
{"tweet_id":841810193843404800,"created_unixtime":1489538164946,"created_time":"Wed Mar 15 00:36:04 +0000 2017","lang":"en","displayname":"AllEyesOn_TamME","time_zone":"Central Time (US & Canada)","msg":"Happy 1st Birthday to baby Girl💞💞🎉🎂 https//tco/pnzc5Jvt9z"}
{"tweet_id":841810196225765377,"created_unixtime":1489538165514,"created_time":"Wed Mar 15 00:36:05 +0000 2017","lang":"en","displayname":"alexa_tep","time_zone":"Atlantic Time (Canada)","msg":"RT nicoleesmalleyy It feels so awesome to be happy and smile day in and day out"}
{"tweet_id":841810196074754048,"created_unixtime":1489538165478,"created_time":"Wed Mar 15 00:36:05 +0000 2017","lang":"en","displayname":"cao_money","time_zone":"Arizona","msg":"RT skkaragoz10 Black ice will pose a danger for those that operate a motor vehicle a closure is the best option to ensure the saf… "}
{"tweet_id":841810196460670980,"created_unixtime":1489538165570,"created_time":"Wed Mar 15 00:36:05 +0000 2017","lang":"en","displayname":"HijackedCat","time_zone":"Lisbon","msg":"RT chika___n Nagi Happy white day♥️♥️ Do you remember our promise Together with you in this endless dream https//tco/X3kiKixXDJ"}
{"tweet_id":841810196620021761,"created_unixtime":1489538165608,"created_time":"Wed Mar 15 00:36:05 +0000 2017","lang":"en","displayname":"MasonZaneShow12","time_zone":"","msg":"Gutierrez down looking Ags push just the one across via a balk happy umpire 10 Texas AampM going to the bottom of the 4th"}
{"tweet_id":841810196380942342,"created_unixtime":1489538165551,"created_time":"Wed Mar 15 00:36:05 +0000 2017","lang":"en","displayname":"Elena_Loeffler","time_zone":"","msg":"Happy birthday Shan hope it was a good one xoxo❣️ shannon__burke"}
{"tweet_id":841810196863287296,"created_unixtime":1489538165666,"created_time":"Wed Mar 15 00:36:05 +0000 2017","lang":"en","displayname":"moneystackz701","time_zone":"Central Time (US & Canada)","msg":"RT Kashy33 Make being happy cool again [ 🌺 ]"}
{"tweet_id":841810196758421504,"created_unixtime":1489538165641,"created_time":"Wed Mar 15 00:36:05 +0000 2017","lang":"en","displayname":"ben_rubin13","time_zone":"","msg":"RT bird_addie happy birthday ben_rubin13"}
