{"tweet_id":841810773164859393,"created_unixtime":1489538303067,"created_time":"Wed Mar 15 00:38:23 +0000 2017","lang":"en","displayname":"BossTBillionx2","time_zone":"","msg":"GoldennStacks happy birthday 🎂😘"}
{"tweet_id":841810773043216385,"created_unixtime":1489538303038,"created_time":"Wed Mar 15 00:38:23 +0000 2017","lang":"en","displayname":"lyon1emporia","time_zone":"","msg":"RT CUTEST_ANlMALS this makes me so happy  https//tco/4ebwUxo9Hg"}
{"tweet_id":841810773311655936,"created_unixtime":1489538303102,"created_time":"Wed Mar 15 00:38:23 +0000 2017","lang":"en","displayname":"aihsra_l","time_zone":"","msg":"RT ByulieYerimie The m in mmm stands for /mess/ but they never fail to make us smile who needs /happy pills/ when you stan mmmhttps//…"}
{"tweet_id":841810773387108353,"created_unixtime":1489538303120,"created_time":"Wed Mar 15 00:38:23 +0000 2017","lang":"en","displayname":"HeyYoItsBrent","time_zone":"","msg":"NoelleFoley OriginalFunko and I would happy trade pops with you"}
{"tweet_id":841810773659721728,"created_unixtime":1489538303185,"created_time":"Wed Mar 15 00:38:23 +0000 2017","lang":"en","displayname":"jj_ayjay","time_zone":"","msg":"RT ElegantClothes I would be such a happy girl if all of this was mine https//tco/TLrbZHn8Hu"}
{"tweet_id":841810773567512576,"created_unixtime":1489538303163,"created_time":"Wed Mar 15 00:38:23 +0000 2017","lang":"und","displayname":"_seksi_samara_","time_zone":"Ljubljana","msg":"Sadašnja devojka mog bivšeg dečka je ovde upisana po imenu i prezimenu Sad mi je lakše"}
{"tweet_id":841810772216946689,"created_unixtime":1489538302841,"created_time":"Wed Mar 15 00:38:22 +0000 2017","lang":"en","displayname":"onemapsg","time_zone":"","msg":"Follow4Follow TFB TFBJP 500ADay 1000ADay happy dancing crazy celebrate happy dance smosh shimmy crazy d… https//tco/WFELDKDb0U"}
{"tweet_id":841810773387141121,"created_unixtime":1489538303120,"created_time":"Wed Mar 15 00:38:23 +0000 2017","lang":"en","displayname":"dungpaen","time_zone":"","msg":"RT PBBKAHOUSE I cried I was sad I was guilty I was everything Edward MBMayWard"}
{"tweet_id":841810773898870784,"created_unixtime":1489538303242,"created_time":"Wed Mar 15 00:38:23 +0000 2017","lang":"en","displayname":"Y2ktagAdam","time_zone":"","msg":"RT MzDivah67 Sad that racists like SteveKingIA are never held accountable for the nasty vile things that they say"}
{"tweet_id":841810772753707008,"created_unixtime":1489538302969,"created_time":"Wed Mar 15 00:38:22 +0000 2017","lang":"en","displayname":"minzeoc","time_zone":"Atlantic Time (Canada)","msg":"da only ugly thing on this account is the fact that petty fandom feuds over KPOP MUSIC have compelled u to attack s… https//tco/h51jEUdLO0"}
{"tweet_id":841810771537465346,"created_unixtime":1489538302679,"created_time":"Wed Mar 15 00:38:22 +0000 2017","lang":"en","displayname":"carolineloguee","time_zone":"","msg":"Happy birthday Liv You are truly one of a kind❤👯 https//tco/ZXiVvJcnX5"}
{"tweet_id":841810774385410048,"created_unixtime":1489538303358,"created_time":"Wed Mar 15 00:38:23 +0000 2017","lang":"en","displayname":"Robertbryces","time_zone":"","msg":"SteveKingIA SOMEBODY ELSES BABIESWTF are you talking about Even your clarification was patheticHowd you get elected in IOWASAD"}
{"tweet_id":841810774729224192,"created_unixtime":1489538303440,"created_time":"Wed Mar 15 00:38:23 +0000 2017","lang":"en","displayname":"sichengsac","time_zone":"Pacific Time (US & Canada)","msg":"i look like an emo boy josh looks like hes getting ready to enter the prison happily and yerin looks like shes h… https//tco/tJ2qWPEUZI"}
{"tweet_id":841810774859358209,"created_unixtime":1489538303471,"created_time":"Wed Mar 15 00:38:23 +0000 2017","lang":"en","displayname":"dave31_sam","time_zone":"Pacific Time (US & Canada)","msg":"RT NWACANADA2 EmekaGift happy birthday to the dogged fighter for freedom of oppressed people"}
{"tweet_id":841810775031267328,"created_unixtime":1489538303512,"created_time":"Wed Mar 15 00:38:23 +0000 2017","lang":"en","displayname":"CountryGirl_MW","time_zone":"","msg":"komedyante para always happyMBMayWard https//tco/7ioIQ9n060"}
{"tweet_id":841810775001972736,"created_unixtime":1489538303505,"created_time":"Wed Mar 15 00:38:23 +0000 2017","lang":"en","displayname":"TRULY__NIKKI","time_zone":"Central Time (US & Canada)","msg":"RT D_Deji28 Do you guys know why he was killed A girl lied that he raped her and her brother shot him dead https//tco/IWDVDZp3rz"}
{"tweet_id":841810775824056320,"created_unixtime":1489538303701,"created_time":"Wed Mar 15 00:38:23 +0000 2017","lang":"en","displayname":"Mifunayama","time_zone":"","msg":"RT choidms25 Happy   day      🐥🌱🌞 https//tco/kL7FHE557a"}
{"tweet_id":841810775635251201,"created_unixtime":1489538303656,"created_time":"Wed Mar 15 00:38:23 +0000 2017","lang":"en","displayname":"530_adam","time_zone":"Arizona","msg":"Happy hour on boss 🍻 Crush"}
{"tweet_id":841810776193150980,"created_unixtime":1489538303789,"created_time":"Wed Mar 15 00:38:23 +0000 2017","lang":"en","displayname":"juliacocuzzo","time_zone":"","msg":"RT xlizbertolinix I would melt if someone ever did this for me😭 https//tco/fS1QKqfq8J"}
{"tweet_id":841810776667054080,"created_unixtime":1489538303902,"created_time":"Wed Mar 15 00:38:23 +0000 2017","lang":"en","displayname":"Miranda1Mikayla","time_zone":"","msg":"RT pleasuring kinda sad kinda happy kinda dont care anymore"}
{"tweet_id":841810777178750976,"created_unixtime":1489538304024,"created_time":"Wed Mar 15 00:38:24 +0000 2017","lang":"en","displayname":"soyadesu","time_zone":"Kuala Lumpur","msg":"RT archivemin a happy mochi https//tco/v2YoMWmK47"}
{"tweet_id":841810776885211136,"created_unixtime":1489538303954,"created_time":"Wed Mar 15 00:38:23 +0000 2017","lang":"en","displayname":"tartancobweb","time_zone":"","msg":"RT PatricksPeople Have voted SNP for the leadership theyve shown in defending Scotlands interestsIn Scotref Im happy to stand with Y…"}
{"tweet_id":841810777338138624,"created_unixtime":1489538304062,"created_time":"Wed Mar 15 00:38:24 +0000 2017","lang":"es","displayname":"vanianapoles","time_zone":"","msg":"Que tu novia este muy fea y no subas fotos con ella 😂😂 que sad"}
{"tweet_id":841810777174642688,"created_unixtime":1489538304023,"created_time":"Wed Mar 15 00:38:24 +0000 2017","lang":"en","displayname":"briannadomenec1","time_zone":"","msg":"RT rejection all i ever wanted was to be happy and make others happy"}
{"tweet_id":841810777468219392,"created_unixtime":1489538304093,"created_time":"Wed Mar 15 00:38:24 +0000 2017","lang":"en","displayname":"Moski1213","time_zone":"Eastern Time (US & Canada)","msg":"RT KingEric55 Sad reality is that the political party that represents racism sexism religious bigotry and greed has the most reliable v…"}
{"tweet_id":841810776906174466,"created_unixtime":1489538303959,"created_time":"Wed Mar 15 00:38:23 +0000 2017","lang":"en","displayname":"gracekrawczyk00","time_zone":"","msg":"After going to my first official crew practice of the season https//tco/w8Tv4E7HXZ"}
{"tweet_id":841810778005090309,"created_unixtime":1489538304221,"created_time":"Wed Mar 15 00:38:24 +0000 2017","lang":"en","displayname":"bIueguitar","time_zone":"Brasilia","msg":"SherriSaum1 a thing about Stef that you love with all your heart thefosterschat THANK U FOR SAYING HI TO MY GIRL SHES SO HAPPY lt3 g"}
{"tweet_id":841810778143526912,"created_unixtime":1489538304254,"created_time":"Wed Mar 15 00:38:24 +0000 2017","lang":"pt","displayname":"kureijiubaggu","time_zone":"Brasilia","msg":"SailorOtaria o famoso hurr durr sad boys olha que engraçado piada suicida xD"}
{"tweet_id":841810778583887872,"created_unixtime":1489538304359,"created_time":"Wed Mar 15 00:38:24 +0000 2017","lang":"en","displayname":"keytrice___","time_zone":"","msg":"RT nyqueshhaa Life is too short to be anything but happy 💯☺️"}
{"tweet_id":841810778713931776,"created_unixtime":1489538304390,"created_time":"Wed Mar 15 00:38:24 +0000 2017","lang":"en","displayname":"dave31_sam","time_zone":"Pacific Time (US & Canada)","msg":"RT LuckyinsLucky EmekaGift Emeka God bless you as you celebrate today  happy birthday"}
{"tweet_id":841810779087110144,"created_unixtime":1489538304479,"created_time":"Wed Mar 15 00:38:24 +0000 2017","lang":"en","displayname":"Banheell","time_zone":"","msg":"RT BooksMsgs Ive changed No I just grew up I stopped letting people push me around I learned that I cant always be happy I accepte…"}
{"tweet_id":841810778864861184,"created_unixtime":1489538304426,"created_time":"Wed Mar 15 00:38:24 +0000 2017","lang":"en","displayname":"YoungAceFLE","time_zone":"Central Time (US & Canada)","msg":"Happy 314 day  2720 Cherokee https//tco/I2pyV57O84"}
{"tweet_id":841810776297992192,"created_unixtime":1489538303814,"created_time":"Wed Mar 15 00:38:23 +0000 2017","lang":"en","displayname":"haidenkreber","time_zone":"Eastern Time (US & Canada)","msg":"RT blakescott147 Happy one hundred days with the BFF 😛 https//tco/E5GcPpjoIx"}
{"tweet_id":841810779091402752,"created_unixtime":1489538304480,"created_time":"Wed Mar 15 00:38:24 +0000 2017","lang":"en","displayname":"xmaddiiee_","time_zone":"","msg":"RT FIirtationship Someone When was the last time u were truly happyMe https//tco/DoTGgDO6GB"}
{"tweet_id":841810779355594752,"created_unixtime":1489538304543,"created_time":"Wed Mar 15 00:38:24 +0000 2017","lang":"en","displayname":"smollest","time_zone":"Pacific Time (US & Canada)","msg":"Ive been really happy the past couple of days I found myself a boyfriend and more friends However"}
{"tweet_id":841810778953007105,"created_unixtime":1489538304447,"created_time":"Wed Mar 15 00:38:24 +0000 2017","lang":"en","displayname":"PrinsessKaren","time_zone":"","msg":"RT rhettandlink Happy Pi Day Who are you going to grab a slice with to celebrate https//tco/UGNpowXZvx"}
{"tweet_id":841810778936098816,"created_unixtime":1489538304443,"created_time":"Wed Mar 15 00:38:24 +0000 2017","lang":"en","displayname":"TerenceStanley4","time_zone":"","msg":"EDExplicit Yo My brother by another mother Just thinking of you Hope all is well and youre happy 😊  PEACE"}
{"tweet_id":841810779443761152,"created_unixtime":1489538304564,"created_time":"Wed Mar 15 00:38:24 +0000 2017","lang":"en","displayname":"Jerethomas13","time_zone":"","msg":"Happy birthday to this stud KameronD_2 🎉"}
{"tweet_id":841810779900801024,"created_unixtime":1489538304673,"created_time":"Wed Mar 15 00:38:24 +0000 2017","lang":"en","displayname":"AlyssaCantLie","time_zone":"","msg":"RT JustinTrudeau Happy PiDay Our government is committed to supporting science amp innovation for a stronger Canada And pie for a tasti…"}
{"tweet_id":841810778286096386,"created_unixtime":1489538304288,"created_time":"Wed Mar 15 00:38:24 +0000 2017","lang":"en","displayname":"McDowel73685369","time_zone":"","msg":"Happy PiDay Get Yours Here gtgtgt https//tco/k4Pg5XT9im https//tco/68lKc3veKe"}
{"tweet_id":841810779955462144,"created_unixtime":1489538304686,"created_time":"Wed Mar 15 00:38:24 +0000 2017","lang":"en","displayname":"iverson_ariel","time_zone":"","msg":"It feels so good to not care about him anymore Im so happy I say after stalking all of his social medias"}
{"tweet_id":841810779951194112,"created_unixtime":1489538304685,"created_time":"Wed Mar 15 00:38:24 +0000 2017","lang":"en","displayname":"redskins4416051","time_zone":"","msg":"RT FknNo1 I put on a happy face but inside Im giving the world my middle finger"}
{"tweet_id":841810780257439744,"created_unixtime":1489538304758,"created_time":"Wed Mar 15 00:38:24 +0000 2017","lang":"en","displayname":"fastylos","time_zone":"","msg":"☏ RINGRING ☏  Is for you Harry_Styles ↲Hi dearwould you like to make happy a little girl today and follow mePlease ❥I Love uX2571"}
{"tweet_id":841810780521697280,"created_unixtime":1489538304821,"created_time":"Wed Mar 15 00:38:24 +0000 2017","lang":"en","displayname":"Impulsex_","time_zone":"Atlantic Time (Canada)","msg":"RT pvszii How to keep a stud happy thread💓"}
{"tweet_id":841810780077076480,"created_unixtime":1489538304715,"created_time":"Wed Mar 15 00:38:24 +0000 2017","lang":"en","displayname":"landishelwig","time_zone":"Atlantic Time (Canada)","msg":"RT SarahPlz_ As long as youre happy who the hell cares"}
{"tweet_id":841810780332937218,"created_unixtime":1489538304776,"created_time":"Wed Mar 15 00:38:24 +0000 2017","lang":"en","displayname":"talitaflima14","time_zone":"","msg":"Thanks hunni😘😘💕 https//tco/jWvT99UbO0"}
{"tweet_id":841810780676800512,"created_unixtime":1489538304858,"created_time":"Wed Mar 15 00:38:24 +0000 2017","lang":"ja","displayname":"iVIXGjSNAHtTxtq","time_zone":"","msg":"RT HQ2as 海未ちゃんHappy Birthday🎉🎉🎉園田海未生誕祭2017 3月15日は園田海未の誕生日 ラブライバーと繋がりたい RTした人全員フォローする https//tco/PRk8XRzeae"}
{"tweet_id":841810780412559361,"created_unixtime":1489538304795,"created_time":"Wed Mar 15 00:38:24 +0000 2017","lang":"en","displayname":"karizzewonuts","time_zone":"Beijing","msg":"exorceesm and you are just one of those people who always always always makes me happy ☺️ i wab u so mats"}
{"tweet_id":841810780739801089,"created_unixtime":1489538304873,"created_time":"Wed Mar 15 00:38:24 +0000 2017","lang":"und","displayname":"ThriftyYinzr","time_zone":"","msg":"SAD https//tco/k615GUP3TD"}
{"tweet_id":841810780169334784,"created_unixtime":1489538304737,"created_time":"Wed Mar 15 00:38:24 +0000 2017","lang":"en","displayname":"_ParkGae_","time_zone":"","msg":"Happy Birthdah CocoSuch a special day Not my picture https//tco/OQK7KwjJjs"}
{"tweet_id":841810781159231488,"created_unixtime":1489538304973,"created_time":"Wed Mar 15 00:38:24 +0000 2017","lang":"en","displayname":"Timess__Twoo","time_zone":"","msg":"RT OleePrince Happy Sunday https//tco/HvYFu0iTUh"}
{"tweet_id":841810781163286528,"created_unixtime":1489538304974,"created_time":"Wed Mar 15 00:38:24 +0000 2017","lang":"en","displayname":"cahpulet","time_zone":"Pacific Time (US & Canada)","msg":"ball omg happy birthday lad miss u so much TheVampsCon"}
{"tweet_id":841810781175861248,"created_unixtime":1489538304977,"created_time":"Wed Mar 15 00:38:24 +0000 2017","lang":"en","displayname":"NurRahmanah","time_zone":"Kuala Lumpur","msg":"RT The_YUNiversity Happy Pi Day https//tco/7os5VCGOhm"}
{"tweet_id":841810781847007232,"created_unixtime":1489538305137,"created_time":"Wed Mar 15 00:38:25 +0000 2017","lang":"en","displayname":"KickingWKelly","time_zone":"Eastern Time (US & Canada)","msg":"RT thefarmgirlgabs Happy Pi Day These Glazed Apple Hand Pies are so easy to make https//tco/BUVGVWCkbK piday recipe dessert… "}
{"tweet_id":841810781608001538,"created_unixtime":1489538305080,"created_time":"Wed Mar 15 00:38:25 +0000 2017","lang":"en","displayname":"MissElise84","time_zone":"Eastern Time (US & Canada)","msg":"RT CultureFUBU Happy Birthday Merlin SantanaRIP https//tco/0K4quO4M5g"}
{"tweet_id":841810782253854720,"created_unixtime":1489538305234,"created_time":"Wed Mar 15 00:38:25 +0000 2017","lang":"en","displayname":"bugheadship","time_zone":"","msg":"RT RickyPDillon Happy pi day https//tco/PyJRimk7d3"}
{"tweet_id":841810781729509376,"created_unixtime":1489538305109,"created_time":"Wed Mar 15 00:38:25 +0000 2017","lang":"en","displayname":"7uzidoesit","time_zone":"","msg":"A brave bunch A sad story https//tco/WbF1Hhln6W"}
{"tweet_id":841810782442536960,"created_unixtime":1489538305279,"created_time":"Wed Mar 15 00:38:25 +0000 2017","lang":"ko","displayname":"pigrabbit87","time_zone":"","msg":"RT hyunminit 170311 OH happy DAY 서울 팬미팅보라빛 향기 일부분♥https//tco/43bMtd3v00BOGUMMY 박보검 ParkBoGum https//tco/xl0JEbP8f1"}
{"tweet_id":841810782425878528,"created_unixtime":1489538305275,"created_time":"Wed Mar 15 00:38:25 +0000 2017","lang":"en","displayname":"iam_ibraheem","time_zone":"","msg":"RT Stormzy1 Do what makes you happy mate"}
{"tweet_id":841810782413287424,"created_unixtime":1489538305272,"created_time":"Wed Mar 15 00:38:25 +0000 2017","lang":"en","displayname":"generalbri","time_zone":"","msg":"KDoodle08 Very sad to see but you did a wonderful job putting it together"}
{"tweet_id":841810782790668288,"created_unixtime":1489538305362,"created_time":"Wed Mar 15 00:38:25 +0000 2017","lang":"en","displayname":"lupitacanno","time_zone":"Eastern Time (US & Canada)","msg":"RT SincerelyTumblr So annoying when ppl are like ur always laughin U laugh at everything Its not that funny like OK sorry Im a hap…"}
{"tweet_id":841810782270689280,"created_unixtime":1489538305238,"created_time":"Wed Mar 15 00:38:25 +0000 2017","lang":"en","displayname":"bethscott21","time_zone":"London","msg":"Makes me sad that people from my uni have never been to Cadbury world some of them hadnt even heard of it💔"}
{"tweet_id":841810782635536385,"created_unixtime":1489538305325,"created_time":"Wed Mar 15 00:38:25 +0000 2017","lang":"tl","displayname":"Sehundipity","time_zone":"Beijing","msg":"Waaaaah thank you Chara 😘😘😘 saya ng sekai hahahaha https//tco/N15c4xiXqE"}
{"tweet_id":841810783059226624,"created_unixtime":1489538305426,"created_time":"Wed Mar 15 00:38:25 +0000 2017","lang":"en","displayname":"mavgirl0","time_zone":"","msg":"RT einnoc115 Wish I can turn back time and  go back to last Sunday at 1215 PM I could use some happy thoughts kellymonaco1 💕"}
{"tweet_id":841810782555930624,"created_unixtime":1489538305306,"created_time":"Wed Mar 15 00:38:25 +0000 2017","lang":"en","displayname":"neocltur","time_zone":"Pacific Time (US & Canada)","msg":"RT unbleachedkpop Happy Birthday to Astros precious leader 💕😭 HappyJinJinDay 별들의_리더_박진우_생일축하해 https//tco/d7VZsCTtGr"}
{"tweet_id":841810783386263552,"created_unixtime":1489538305504,"created_time":"Wed Mar 15 00:38:25 +0000 2017","lang":"en","displayname":"ThnkuObamas","time_zone":"Pacific Time (US & Canada)","msg":"RT RegalBasil Ciara amp Keke Palmer keep yall mad as they live The sad part is I see BW doing most of the damage Cant be happy or caref…"}
{"tweet_id":841810782606221312,"created_unixtime":1489538305318,"created_time":"Wed Mar 15 00:38:25 +0000 2017","lang":"en","displayname":"bigbluestu42","time_zone":"Eastern Time (US & Canada)","msg":"RT dawnellemurray It is sad  You are right  AshleyJudd GET HELP https//tco/b2o3pchJgv"}
{"tweet_id":841810783633850373,"created_unixtime":1489538305563,"created_time":"Wed Mar 15 00:38:25 +0000 2017","lang":"en","displayname":"teesshu","time_zone":"Pacific Time (US & Canada)","msg":"RT fictionaIs When you’re happy to just watch a show and avoid all of the fandom negativity and ship wars https//tco/wrssmMtdJn"}
{"tweet_id":841810783931576320,"created_unixtime":1489538305634,"created_time":"Wed Mar 15 00:38:25 +0000 2017","lang":"en","displayname":"jingIsAGirl","time_zone":"Pacific Time (US & Canada)","msg":"RT sjohns1218 Happy 3rd Anniversary JaDinesLetOurPurpleHeartsShineAt3"}
{"tweet_id":841810783923130368,"created_unixtime":1489538305632,"created_time":"Wed Mar 15 00:38:25 +0000 2017","lang":"en","displayname":"btsramonster","time_zone":"","msg":"RT cliffordsshug If youre ever feeling sad just remember that this video exists https//tco/HjEMGrNXhB"}
{"tweet_id":841810784191561728,"created_unixtime":1489538305696,"created_time":"Wed Mar 15 00:38:25 +0000 2017","lang":"en","displayname":"avidLIZQUENATIC","time_zone":"","msg":"RT wengwa Happy Morning people Excited much for this TheLQHeraldLaunch today Lets be positive today and just be happy for all our ble…"}
{"tweet_id":841810784506265600,"created_unixtime":1489538305771,"created_time":"Wed Mar 15 00:38:25 +0000 2017","lang":"en","displayname":"Wh0daman","time_zone":"London","msg":"Literally was happy earlier and now I feel like a pile of poop brilliant 👍"}
{"tweet_id":841810784736837633,"created_unixtime":1489538305826,"created_time":"Wed Mar 15 00:38:25 +0000 2017","lang":"en","displayname":"kayy_quarles","time_zone":"","msg":"RT sydbyd03 my main focus is to better myself be successful and be happy so if you arent contributing to that then i dont need you in…"}
{"tweet_id":841810784254603264,"created_unixtime":1489538305711,"created_time":"Wed Mar 15 00:38:25 +0000 2017","lang":"en","displayname":"xXJoseph2014Xx","time_zone":"Central Time (US & Canada)","msg":"RT WWERetweeting If youre happy to see Maryse RT this SDLive WWERetweeting wwe"}
{"tweet_id":841810784929763328,"created_unixtime":1489538305872,"created_time":"Wed Mar 15 00:38:25 +0000 2017","lang":"en","displayname":"Yelims__","time_zone":"","msg":"Bitch been throwing shade for a year nowGirl pack a lunch were celebrating with a picnicHappy sneakiversary😘"}
{"tweet_id":841810784753721345,"created_unixtime":1489538305830,"created_time":"Wed Mar 15 00:38:25 +0000 2017","lang":"en","displayname":"BDWiese","time_zone":"","msg":"RT Wurth_Midcom Happy PiDay Celebrate accordingly WEMidcom https//tco/WIMYnW3p7B"}
{"tweet_id":841810784648892416,"created_unixtime":1489538305805,"created_time":"Wed Mar 15 00:38:25 +0000 2017","lang":"en","displayname":"dave31_sam","time_zone":"Pacific Time (US & Canada)","msg":"RT LuckyinsLucky EmekaGift ubalysis happy birthday emeka"}
{"tweet_id":841810785227665408,"created_unixtime":1489538305943,"created_time":"Wed Mar 15 00:38:25 +0000 2017","lang":"en","displayname":"TheObamanista","time_zone":"Pacific Time (US & Canada)","msg":"RT qbanqt Sits back with ☕ docrocktex26 sad thing is wont matter https//tco/oaRPTJ6QRI"}
{"tweet_id":841810785294790657,"created_unixtime":1489538305959,"created_time":"Wed Mar 15 00:38:25 +0000 2017","lang":"en","displayname":"thekevinharkins","time_zone":"Eastern Time (US & Canada)","msg":"RT Walkerchapin19 Happy 20th birthday kevo I love you my man thekevinharkins"}
{"tweet_id":841810785584189440,"created_unixtime":1489538306028,"created_time":"Wed Mar 15 00:38:26 +0000 2017","lang":"en","displayname":"Abbi_sherfick","time_zone":"Atlantic Time (Canada)","msg":"Thanks BA ps Beth is thriving https//tco/GDqLbh1QBl"}
{"tweet_id":841810785949089793,"created_unixtime":1489538306115,"created_time":"Wed Mar 15 00:38:26 +0000 2017","lang":"en","displayname":"Constituents16","time_zone":"Pacific Time (US & Canada)","msg":"glen300sd replouiegohmert DailyCaller sad but probably true PSlike the avatar of Jihadi Ryan"}
{"tweet_id":841810785378701312,"created_unixtime":1489538305979,"created_time":"Wed Mar 15 00:38:25 +0000 2017","lang":"en","displayname":"kailaniskye","time_zone":"Quito","msg":"RT jadenjona A thread that makes me sad and happy at the same time https//tco/YeXAHhnwre"}
{"tweet_id":841810786221711361,"created_unixtime":1489538306180,"created_time":"Wed Mar 15 00:38:26 +0000 2017","lang":"en","displayname":"DivineHate444","time_zone":"","msg":"DoopieDoOver glad to hear that your happy Doopie"}
{"tweet_id":841810783000383488,"created_unixtime":1489538305412,"created_time":"Wed Mar 15 00:38:25 +0000 2017","lang":"en","displayname":"MadisynTaute","time_zone":"Central Time (US & Canada)","msg":"Happy sweet 16 baby girl You are so loved amp missed by many can only imagine how crazy life would be with you… https//tco/otKrNrUkc6"}
{"tweet_id":841810787467382785,"created_unixtime":1489538306477,"created_time":"Wed Mar 15 00:38:26 +0000 2017","lang":"en","displayname":"SyupeoMIN","time_zone":"Indiana (East)","msg":"Chants good vibes good vibes happy thoughts happy thoughtshttps//tco/sHzP0oG4HY"}
{"tweet_id":841810785617743872,"created_unixtime":1489538306036,"created_time":"Wed Mar 15 00:38:26 +0000 2017","lang":"en","displayname":"ChloeWa53682972","time_zone":"","msg":"Helloooo find new girl and be happy  https//tco/fvcsRZ4H6m https//tco/hV5JRooIav"}
{"tweet_id":841810787610050562,"created_unixtime":1489538306511,"created_time":"Wed Mar 15 00:38:26 +0000 2017","lang":"en","displayname":"diyluva","time_zone":"Mexico City","msg":"RT _Snape_ Happy PiDay https//tco/cI8NnnwW7o"}
{"tweet_id":841810787765112832,"created_unixtime":1489538306548,"created_time":"Wed Mar 15 00:38:26 +0000 2017","lang":"en","displayname":"daddysobi","time_zone":"Seoul","msg":"RT bts_bighit [Episode] HAPPY WHITE DAY FROM BTS 1 https//tco/Kk7XrnfG3x2 https//tco/dUxXeGBvhG"}
{"tweet_id":841810787630895104,"created_unixtime":1489538306516,"created_time":"Wed Mar 15 00:38:26 +0000 2017","lang":"en","displayname":"p_man_74","time_zone":"Irkutsk","msg":"RT RickyPDillon Happy pi day https//tco/PyJRimk7d3"}
{"tweet_id":841810787756830720,"created_unixtime":1489538306546,"created_time":"Wed Mar 15 00:38:26 +0000 2017","lang":"en","displayname":"Eastridge_Gabe","time_zone":"","msg":"happy birthday steezy  ❗️💥McSteezyPants"}
{"tweet_id":841810788050337793,"created_unixtime":1489538306616,"created_time":"Wed Mar 15 00:38:26 +0000 2017","lang":"en","displayname":"x0x0jennyyy","time_zone":"","msg":"RT aleelucero_ Just went through daisymarquez_  recent blogs and I just wanna say Im so glad your looking happy and popping baby girl k…"}
{"tweet_id":841810787689758721,"created_unixtime":1489538306530,"created_time":"Wed Mar 15 00:38:26 +0000 2017","lang":"en","displayname":"HelloIAmRichard","time_zone":"Mountain Time (US & Canada)","msg":"Math jokes 🤘🏻 https//tco/ZFMTtnGqL9"}
{"tweet_id":841810787698114560,"created_unixtime":1489538306532,"created_time":"Wed Mar 15 00:38:26 +0000 2017","lang":"en","displayname":"drjuliashaw","time_zone":"","msg":"RT novapbs Happy Birthday Einstein Discover the simple powerful ideas  the heart of relativity w/ Inside Einsteins Mind https//t…"}
{"tweet_id":841810787916255233,"created_unixtime":1489538306584,"created_time":"Wed Mar 15 00:38:26 +0000 2017","lang":"en","displayname":"_JeremyTerrell","time_zone":"Central Time (US & Canada)","msg":"slick__rik Happy Birthday"}
{"tweet_id":841810788230742016,"created_unixtime":1489538306659,"created_time":"Wed Mar 15 00:38:26 +0000 2017","lang":"en","displayname":"ElwinsKingin","time_zone":"Pacific Time (US & Canada)","msg":"RT richthekid Focus on what makes you happy"}
{"tweet_id":841810786200743936,"created_unixtime":1489538306175,"created_time":"Wed Mar 15 00:38:26 +0000 2017","lang":"en","displayname":"Kaylalu","time_zone":"Pacific Time (US & Canada)","msg":"Happy birthday gorgeous💖🎉madisonnaddiee https//tco/dpW7Ry57au"}
{"tweet_id":841810788310499328,"created_unixtime":1489538306678,"created_time":"Wed Mar 15 00:38:26 +0000 2017","lang":"en","displayname":"ninadelangel","time_zone":"","msg":"RT Originals Happy birthday danieljgillies https//tco/tvgcNYDmYo"}
{"tweet_id":841810788172079104,"created_unixtime":1489538306645,"created_time":"Wed Mar 15 00:38:26 +0000 2017","lang":"en","displayname":"mlarana75","time_zone":"","msg":"If U worry about what other ppl think you will start believing that negativity Screw what others think esp if U h… https//tco/edhCxoUu2f"}
{"tweet_id":841810787920433152,"created_unixtime":1489538306585,"created_time":"Wed Mar 15 00:38:26 +0000 2017","lang":"en","displayname":"JOSE_ALVARADO01","time_zone":"","msg":"RT richthekid Focus on what makes you happy"}
{"tweet_id":841810788755070976,"created_unixtime":1489538306784,"created_time":"Wed Mar 15 00:38:26 +0000 2017","lang":"und","displayname":"alicia921","time_zone":"Central Time (US & Canada)","msg":"allison16484967 a_ditzy1 https//tco/f8vZRBTDx8"}
{"tweet_id":841810788809641986,"created_unixtime":1489538306797,"created_time":"Wed Mar 15 00:38:26 +0000 2017","lang":"en","displayname":"NotNickSpitz","time_zone":"","msg":"If youre not making people happy what are you doing"}
{"tweet_id":841810788486656001,"created_unixtime":1489538306720,"created_time":"Wed Mar 15 00:38:26 +0000 2017","lang":"en","displayname":"leilakheirxx","time_zone":"","msg":"RT pugmom4evr forever listening to sad music bc I love suffering"}
{"tweet_id":841810789254193152,"created_unixtime":1489538306903,"created_time":"Wed Mar 15 00:38:26 +0000 2017","lang":"en","displayname":"dave31_sam","time_zone":"Pacific Time (US & Canada)","msg":"RT lekwa_uwa EmekaGift Many more years BossHappy Birthday🎂"}
{"tweet_id":841810789493280770,"created_unixtime":1489538306960,"created_time":"Wed Mar 15 00:38:26 +0000 2017","lang":"en","displayname":"ContestTuesday","time_zone":"","msg":"RT FknNo1 I put on a happy face but inside Im giving the world my middle finger"}
{"tweet_id":841810789552033792,"created_unixtime":1489538306974,"created_time":"Wed Mar 15 00:38:26 +0000 2017","lang":"en","displayname":"ahnaliese_","time_zone":"Central Time (US & Canada)","msg":"if you have any song suggestions the theme is fresh start  vibe is happy upbeat w/ freshsounding throwbacks "}
{"tweet_id":841810789635919876,"created_unixtime":1489538306994,"created_time":"Wed Mar 15 00:38:26 +0000 2017","lang":"en","displayname":"EinsteinPhD","time_zone":"Eastern Time (US & Canada)","msg":"RT EinsteinMed Happy Birthday and as always thanks for your name Albert Einstein https//tco/rZeG2Jm8V5 https//tco/Zgoh0QTi7L"}
{"tweet_id":841810789963059200,"created_unixtime":1489538307072,"created_time":"Wed Mar 15 00:38:27 +0000 2017","lang":"pt","displayname":"Pietra_Meow","time_zone":"Brasilia","msg":"pottersmotel Sad vou ficar apenas com a série"}
{"tweet_id":841810790109872128,"created_unixtime":1489538307107,"created_time":"Wed Mar 15 00:38:27 +0000 2017","lang":"en","displayname":"grigory_rasput","time_zone":"","msg":"RT sammypolsen12 realDonaldTrump RandPaul You never wanted to be president amp you were hoping you would lose u just wanted to show obam…"}
{"tweet_id":841810789371678720,"created_unixtime":1489538306931,"created_time":"Wed Mar 15 00:38:26 +0000 2017","lang":"en","displayname":"RodriguezJJohn","time_zone":"","msg":"😭😖😓😫😞😧😟😲😳What sad is that this is me https//tco/Hx2q8L2qze"}
{"tweet_id":841810790718046208,"created_unixtime":1489538307252,"created_time":"Wed Mar 15 00:38:27 +0000 2017","lang":"en","displayname":"spafan1","time_zone":"Eastern Time (US & Canada)","msg":"RichardMigliore Happy Birthday Mig"}
{"tweet_id":841810791066034177,"created_unixtime":1489538307335,"created_time":"Wed Mar 15 00:38:27 +0000 2017","lang":"en","displayname":"crystal_sin18","time_zone":"Pacific Time (US & Canada)","msg":"RT RyanDLeaf TheEllenShow You help change peoples lives You helped inspire me to be a better human being during the darkest o… "}
{"tweet_id":841810791032602626,"created_unixtime":1489538307327,"created_time":"Wed Mar 15 00:38:27 +0000 2017","lang":"en","displayname":"_sydneytaye_","time_zone":"Eastern Time (US & Canada)","msg":"happy bday girl hope youve had a great day🎉 erindonah0e"}
{"tweet_id":841810791271698432,"created_unixtime":1489538307384,"created_time":"Wed Mar 15 00:38:27 +0000 2017","lang":"en","displayname":"milkywaykai","time_zone":"","msg":"RT Mr_nyakahara Look to Oda with a gift and Dazai being happyIm crying https//tco/YZ7bV3kAMR"}
{"tweet_id":841810791678500864,"created_unixtime":1489538307481,"created_time":"Wed Mar 15 00:38:27 +0000 2017","lang":"en","displayname":"SportsRcollege","time_zone":"Pacific Time (US & Canada)","msg":"RT teamswagr Happy snow day from teamswagr in Boston Stay Cool 😎 Boston snowday bostoncollege… https//tco/po1xHoSjN6"}
{"tweet_id":841810791665934336,"created_unixtime":1489538307478,"created_time":"Wed Mar 15 00:38:27 +0000 2017","lang":"en","displayname":"fairycherries_","time_zone":"","msg":"RT caasihale losing control of the wheel while kissing your boo and flying into hell together https//tco/GPssfs0U5e"}
{"tweet_id":841810792022458368,"created_unixtime":1489538307563,"created_time":"Wed Mar 15 00:38:27 +0000 2017","lang":"en","displayname":"Madzz_Asston","time_zone":"Atlantic Time (Canada)","msg":"M_D_God happy birthday"}
{"tweet_id":841810791993090050,"created_unixtime":1489538307556,"created_time":"Wed Mar 15 00:38:27 +0000 2017","lang":"en","displayname":"Gurmal11","time_zone":"","msg":"RT ITwingDSS May the colors of holi continues to illuminate your life and guide you towards the path of success Happy Holi MSGwishingH…"}
{"tweet_id":841810792790016001,"created_unixtime":1489538307746,"created_time":"Wed Mar 15 00:38:27 +0000 2017","lang":"en","displayname":"Kotchoko","time_zone":"Brasilia","msg":"RT 5HVotingStats Scared Of Happy FifthHarmony YouKnowYouLoveThem radiodisney"}
{"tweet_id":841810792819359745,"created_unixtime":1489538307753,"created_time":"Wed Mar 15 00:38:27 +0000 2017","lang":"en","displayname":"BigBrownBomber","time_zone":"","msg":"RT SN_Ohio Happy birthday StephenCurry30 heres a compilation video https//tco/JmYjJXLt65"}
{"tweet_id":841810793045889024,"created_unixtime":1489538307807,"created_time":"Wed Mar 15 00:38:27 +0000 2017","lang":"en","displayname":"izthisizthat","time_zone":"","msg":"RT ___xpauline I want somebody to be geeked over me😍 who cant stand not talking to me who always miss me amp wanna make me happy 😩❤️"}
{"tweet_id":841810792970297344,"created_unixtime":1489538307789,"created_time":"Wed Mar 15 00:38:27 +0000 2017","lang":"und","displayname":"MyHoopGameCrazy","time_zone":"Pacific Time (US & Canada)","msg":"😂😂😂 https//tco/VHGHCypA3u"}
{"tweet_id":841810793041551362,"created_unixtime":1489538307806,"created_time":"Wed Mar 15 00:38:27 +0000 2017","lang":"en","displayname":"MadNile","time_zone":"","msg":"Thank you Nayeliiiii https//tco/maPsQ5cRkg"}
{"tweet_id":841810793192599552,"created_unixtime":1489538307842,"created_time":"Wed Mar 15 00:38:27 +0000 2017","lang":"en","displayname":"bowantsfood","time_zone":"Pacific Time (US & Canada)","msg":"RT stigmaera This makes me so fucking sad stop telling Him What To Do He should do whatever that makes him happy i a… "}
{"tweet_id":841810793054277633,"created_unixtime":1489538307809,"created_time":"Wed Mar 15 00:38:27 +0000 2017","lang":"en","displayname":"AjithkumarAk17","time_zone":"","msg":"RT iammanoj_77 Met Thala Ajith at chennai airport now Semma happy 😍😍 Thalaaaaaaa 😘😘😘"}
{"tweet_id":841810793687617536,"created_unixtime":1489538307960,"created_time":"Wed Mar 15 00:38:27 +0000 2017","lang":"en","displayname":"spiritualblogr","time_zone":"Pacific Time (US & Canada)","msg":"RT sobbed i hate getting so sad to the point where my body completely shuts down and all i can do is just lay there and think about all…"}
{"tweet_id":841810793817501697,"created_unixtime":1489538307991,"created_time":"Wed Mar 15 00:38:27 +0000 2017","lang":"en","displayname":"shebad32","time_zone":"Pacific Time (US & Canada)","msg":"Nggas say they happy for me but they praying I fail"}
{"tweet_id":841810793872150531,"created_unixtime":1489538308004,"created_time":"Wed Mar 15 00:38:28 +0000 2017","lang":"en","displayname":"Mifunayama","time_zone":"","msg":"RT choidms25 Happy  day   ~~🐥 🐑🐦🍀 https//tco/LYJU9BbwrB"}
{"tweet_id":841810793675034624,"created_unixtime":1489538307957,"created_time":"Wed Mar 15 00:38:27 +0000 2017","lang":"en","displayname":"Nathaly9613","time_zone":"","msg":"RT 5HVotingStats Scared Of Happy FifthHarmony YouKnowYouLoveThem radiodisney"}
{"tweet_id":841810793930846208,"created_unixtime":1489538308018,"created_time":"Wed Mar 15 00:38:28 +0000 2017","lang":"en","displayname":"AllinMyGlory_","time_zone":"Quito","msg":"Key_to_life6 Happy Birthday Geeee"}
{"tweet_id":841810793331077120,"created_unixtime":1489538307875,"created_time":"Wed Mar 15 00:38:27 +0000 2017","lang":"en","displayname":"AbbieHepburnx","time_zone":"","msg":"Happy birthday Con Cant wait until your Glasgow concert 45 days TheVampsCon TheVampsband TheVampsJames… https//tco/Bu0Sc8ku2G"}
{"tweet_id":841810793947619334,"created_unixtime":1489538308022,"created_time":"Wed Mar 15 00:38:28 +0000 2017","lang":"en","displayname":"TalarraH","time_zone":"","msg":"done like that https//tco/z5XtMV67oY"}
{"tweet_id":841810794220257281,"created_unixtime":1489538308087,"created_time":"Wed Mar 15 00:38:28 +0000 2017","lang":"en","displayname":"LvndMary","time_zone":"","msg":"So happy for my mom shes finally getting everything she wants"}
{"tweet_id":841810794807357440,"created_unixtime":1489538308227,"created_time":"Wed Mar 15 00:38:28 +0000 2017","lang":"en","displayname":"ElizabethO1973","time_zone":"","msg":"RT TSeitzgolf It is so sad to be in a restaurant or a store and see a couple when you can just see it in their eyes they are not happyd…"}
{"tweet_id":841810794786377728,"created_unixtime":1489538308222,"created_time":"Wed Mar 15 00:38:28 +0000 2017","lang":"en","displayname":"tvogvo","time_zone":"","msg":"RT KimDotcom Thank youTheOliverStone for the movielaurapoitras for the docuggreenwald for reportinglsjourneys for keeping him hap…"}
{"tweet_id":841810795415666688,"created_unixtime":1489538308372,"created_time":"Wed Mar 15 00:38:28 +0000 2017","lang":"en","displayname":"redrivergrl","time_zone":"Central Time (US & Canada)","msg":"RT Heminator Sad Joel Osteen Keeps Getting Picked Last For ‘Bible Trivia’ https//tco/c4erJPePco via TheBabylonBee"}
{"tweet_id":841810794052435968,"created_unixtime":1489538308047,"created_time":"Wed Mar 15 00:38:28 +0000 2017","lang":"ja","displayname":"riona_shi","time_zone":"","msg":"おはもーにん😆💓　断酒2653日目～🙊🍀✨　今日も素面で！✴💎happy💎✴な１日になりますように❄．＊朝から彼👨に「ビンゴとレッシーにも会えなくて寂しい😭💓」ってLINE送ったら、写真📷✨送ってくれた～😘💋… https//tco/l7gYu467Vn"}
{"tweet_id":841810795428208640,"created_unixtime":1489538308375,"created_time":"Wed Mar 15 00:38:28 +0000 2017","lang":"en","displayname":"lilliw44","time_zone":"Eastern Time (US & Canada)","msg":"RT netflix We hope youre happy Because you wont be ever again ASOUE Season 2 https//tco/MlXpqqs2dJ"}
{"tweet_id":841810795256250368,"created_unixtime":1489538308334,"created_time":"Wed Mar 15 00:38:28 +0000 2017","lang":"en","displayname":"paigeeoo","time_zone":"Helsinki","msg":"RT Simone_Biles thanks claudia 💋 hope all is well Xx https//tco/4G8RbMv1xZ"}
{"tweet_id":841810794845163520,"created_unixtime":1489538308236,"created_time":"Wed Mar 15 00:38:28 +0000 2017","lang":"en","displayname":"IshaniVerma_","time_zone":"","msg":"RT Naina341 Love these words from jiteshpillaai ❤️❤️aliaa08 HAPPY BIRTHDAY ALIA BHATT https//tco/Msax0HKqjG"}
{"tweet_id":841810795424038914,"created_unixtime":1489538308374,"created_time":"Wed Mar 15 00:38:28 +0000 2017","lang":"en","displayname":"joeloseiga","time_zone":"","msg":"RT KOWA_NGR Can this ever make you happy Who is serving who Source EiENigeria https//tco/CW5yBv78km"}
{"tweet_id":841810795721830400,"created_unixtime":1489538308445,"created_time":"Wed Mar 15 00:38:28 +0000 2017","lang":"en","displayname":"Kwesi__nAnA","time_zone":"","msg":"RT Stormzy1 Do what makes you happy mate"}
{"tweet_id":841810795864457220,"created_unixtime":1489538308479,"created_time":"Wed Mar 15 00:38:28 +0000 2017","lang":"en","displayname":"rajusunar52","time_zone":"","msg":"NayantharaU congrats dear nayna👏👏👏 maam 💐💐Im very happy 😃amp good morning  take care👸🌹😘"}
{"tweet_id":841810796128698368,"created_unixtime":1489538308542,"created_time":"Wed Mar 15 00:38:28 +0000 2017","lang":"en","displayname":"alex_santiago15","time_zone":"Atlantic Time (Canada)","msg":"RT marIboros you could spend 0 on me and I’d be happy af just spending time with you"}
{"tweet_id":841810795147231232,"created_unixtime":1489538308308,"created_time":"Wed Mar 15 00:38:28 +0000 2017","lang":"en","displayname":"ohwhynot2","time_zone":"Pacific Time (US & Canada)","msg":"Lidicelewis Thank you Im very sorry to hear about her but also amp this is sad weirdly relieved Hope these fans… https//tco/8PxoApja1j"}
{"tweet_id":841810795830890496,"created_unixtime":1489538308471,"created_time":"Wed Mar 15 00:38:28 +0000 2017","lang":"en","displayname":"PrincessLarysa","time_zone":"Eastern Time (US & Canada)","msg":"Me right now  happy lessSleep 😉 https//tco/WUV7gJ040W"}
{"tweet_id":841810797152034816,"created_unixtime":1489538308786,"created_time":"Wed Mar 15 00:38:28 +0000 2017","lang":"en","displayname":"YoungAceFLE","time_zone":"Central Time (US & Canada)","msg":"Happy 314 day https//tco/yFtwwafdXE"}
{"tweet_id":841810796992696320,"created_unixtime":1489538308748,"created_time":"Wed Mar 15 00:38:28 +0000 2017","lang":"en","displayname":"KissMyDimple","time_zone":"Eastern Time (US & Canada)","msg":"RT CultureFUBU Happy Birthday Merlin SantanaRIP https//tco/0K4quO4M5g"}
{"tweet_id":841810791774994432,"created_unixtime":1489538307504,"created_time":"Wed Mar 15 00:38:27 +0000 2017","lang":"en","displayname":"_Megs_Marie","time_zone":"","msg":"Never know how drawing Danny is gonna turn out ninjasexparty Happy Birthday Dan💕🎉 dannysexbang https//tco/RmDBoYZ5gD"}
{"tweet_id":841810797089157120,"created_unixtime":1489538308771,"created_time":"Wed Mar 15 00:38:28 +0000 2017","lang":"en","displayname":"Jaysimpa","time_zone":"","msg":"RT Simone_Biles happy birthday to all the march 14th babies  🖤"}
{"tweet_id":841810797269549056,"created_unixtime":1489538308814,"created_time":"Wed Mar 15 00:38:28 +0000 2017","lang":"en","displayname":"LtygerTyger","time_zone":"","msg":"RT JoyceMadalyne LtygerTyger happy birthday dude"}
{"tweet_id":841810797340819457,"created_unixtime":1489538308831,"created_time":"Wed Mar 15 00:38:28 +0000 2017","lang":"en","displayname":"beccmoyer","time_zone":"","msg":"RT SincerelyTumblr So annoying when ppl are like ur always laughin U laugh at everything Its not that funny like OK sorry Im a hap…"}
{"tweet_id":841810797567332352,"created_unixtime":1489538308885,"created_time":"Wed Mar 15 00:38:28 +0000 2017","lang":"und","displayname":"KlerAndrvud","time_zone":"Pacific Time (US & Canada)","msg":"ZuluPapaBravo KratkeVijesti Sad ne znam sta je uzbudljivije Azem ili Natasa😉"}
{"tweet_id":841810797084999680,"created_unixtime":1489538308770,"created_time":"Wed Mar 15 00:38:28 +0000 2017","lang":"en","displayname":"king_mystic","time_zone":"","msg":"RT Vulnerable its so sad and frustrating when you try your hardest but people still dont find it good enough"}
{"tweet_id":841810798171299840,"created_unixtime":1489538309029,"created_time":"Wed Mar 15 00:38:29 +0000 2017","lang":"en","displayname":"HelloIAmRichard","time_zone":"Mountain Time (US & Canada)","msg":"RT MarnMarnBarn Happy pi day to my fellow math lovers 💯 Now go eat sum pi https//tco/XeYTLEoI8a"}
{"tweet_id":841810798322180096,"created_unixtime":1489538309065,"created_time":"Wed Mar 15 00:38:29 +0000 2017","lang":"en","displayname":"avi33Tara","time_zone":"Pacific Time (US & Canada)","msg":"RT aim0519 Being happy comes from within😍 HappyWednesbaeEveryJuan🤗ilybibi mainedcm 💛ALDUBxDTBYTugOfHearts https//tco/aZIemeJayo"}
{"tweet_id":841810798947131392,"created_unixtime":1489538309214,"created_time":"Wed Mar 15 00:38:29 +0000 2017","lang":"en","displayname":"_Aronn93","time_zone":"","msg":"RT jjkxxkie Happy 5th years anniversary for NUEST sunbaenim~ Wish always be 5 dan stay for long time Lebih sukses kedepannya… "}
{"tweet_id":841810799291191297,"created_unixtime":1489538309296,"created_time":"Wed Mar 15 00:38:29 +0000 2017","lang":"en","displayname":"DenyseSedorchuk","time_zone":"","msg":"gwenstefani VoiceBlindsAmazing choices  I am so excited for this season  Beyond happy you are back  Go Team Gwen"}
{"tweet_id":841810798804635651,"created_unixtime":1489538309180,"created_time":"Wed Mar 15 00:38:29 +0000 2017","lang":"en","displayname":"Liddlelyssa_","time_zone":"","msg":"so glad to see me best friend happy 🤣😍 even tho im neglected at times 😪 https//tco/qQ2AAgmjHs"}
{"tweet_id":841810797194022912,"created_unixtime":1489538308796,"created_time":"Wed Mar 15 00:38:28 +0000 2017","lang":"en","displayname":"herb_jr","time_zone":"Pacific Time (US & Canada)","msg":"Ive been threw mad different phases like mazes to find my way and know  I happy days are not far away"}
{"tweet_id":841810800058683392,"created_unixtime":1489538309479,"created_time":"Wed Mar 15 00:38:29 +0000 2017","lang":"en","displayname":"Avagard","time_zone":"Alaska","msg":"Hey Toothless HoardsTrump voters You happy nowThis mess is what happens when you put a  totally unqualified person in an important job"}
{"tweet_id":841810799911919617,"created_unixtime":1489538309444,"created_time":"Wed Mar 15 00:38:29 +0000 2017","lang":"en","displayname":"AuDeMaRz718","time_zone":"Pacific Time (US & Canada)","msg":"Everybody wish an happy birthday to DJ_CHARLES_NYC 🎁🙌🏽 God bless 💪🏽"}
{"tweet_id":841810800297746432,"created_unixtime":1489538309536,"created_time":"Wed Mar 15 00:38:29 +0000 2017","lang":"ja","displayname":"mosan353829","time_zone":"","msg":"RT tsukiuta1 ☆Happy White Day②☆新「もうすぐ春だよーあったかくなってきたから眠いよー君の愛に包まれて眠ります」葵「こらこら（苦笑）。いつもありがとうございます！」※DLOK※壁紙などマナーを守って使ってくださいね https//t…"}
{"tweet_id":841810798041214977,"created_unixtime":1489538308998,"created_time":"Wed Mar 15 00:38:28 +0000 2017","lang":"en","displayname":"DiazRio99","time_zone":"","msg":"Happy Birthday to my bro Tonio 💪🏽💯 even thou you hit me for no reason you still my bro 😂❤️ HbTonio https//tco/ZOt084hKPY"}
{"tweet_id":841810800767561728,"created_unixtime":1489538309648,"created_time":"Wed Mar 15 00:38:29 +0000 2017","lang":"en","displayname":"dakodaaaaa","time_zone":"","msg":"RT richthekid Focus on what makes you happy"}
{"tweet_id":841810801010790400,"created_unixtime":1489538309706,"created_time":"Wed Mar 15 00:38:29 +0000 2017","lang":"ja","displayname":"smr_skm","time_zone":"Pacific Time (US & Canada)","msg":"RT BELCORNO ラテアート【園田海未】＠ラブライブ！LatteArt【Umi Sonoda】＠ Love Live本日お誕生日で一杯。Happy Birthday作成動画：https//tco/M7aP8M7SKK… "}
{"tweet_id":841810801606459392,"created_unixtime":1489538309848,"created_time":"Wed Mar 15 00:38:29 +0000 2017","lang":"en","displayname":"PShack3","time_zone":"","msg":"TDennis17 How clever to use a Caucasian model suggesting that Muslims are inclusive I think many women are just ignorant followers Sad"}
{"tweet_id":841810801807749121,"created_unixtime":1489538309896,"created_time":"Wed Mar 15 00:38:29 +0000 2017","lang":"en","displayname":"zoerivet","time_zone":"","msg":"marisarenee56  omg this just made me so happy I miss you so much 💗💗💗 https//tco/SD3FLrHJ14"}
{"tweet_id":841810802659098624,"created_unixtime":1489538310099,"created_time":"Wed Mar 15 00:38:30 +0000 2017","lang":"en","displayname":"TheNewTweetness","time_zone":"Arizona","msg":"notaxation GameOverGreggy I cant believe there actually wasnt a PS ILY XOXO episode this week this makes my heart sad and empty 😢"}
{"tweet_id":841810798892609536,"created_unixtime":1489538309201,"created_time":"Wed Mar 15 00:38:29 +0000 2017","lang":"en","displayname":"iampunkin12","time_zone":"","msg":"RT ohteenquotes Be happy and smile thats the best way to face life"}
{"tweet_id":841810798741753857,"created_unixtime":1489538309165,"created_time":"Wed Mar 15 00:38:29 +0000 2017","lang":"en","displayname":"KitchenBee","time_zone":"Amsterdam","msg":"This is very sad Lucky Peach magazine source of much pleasure is under threat it seems https//tco/VFDW3jg06B"}
{"tweet_id":841810799437967360,"created_unixtime":1489538309331,"created_time":"Wed Mar 15 00:38:29 +0000 2017","lang":"en","displayname":"InnocentAndSin","time_zone":"Central Time (US & Canada)","msg":"CharmAndDeceit I mean Im new to having one Honestly Im just happy to know Im not alone in whatever this is I smile and blush again "}
{"tweet_id":841810799291179008,"created_unixtime":1489538309296,"created_time":"Wed Mar 15 00:38:29 +0000 2017","lang":"en","displayname":"Oliviabirdy","time_zone":"","msg":"gexrgiia HAPPY BIRTHDAY TO THE MOST BEAUTIFUL LADY💖💖"}
{"tweet_id":841810799702167554,"created_unixtime":1489538309394,"created_time":"Wed Mar 15 00:38:29 +0000 2017","lang":"en","displayname":"nandaaa2305","time_zone":"Jakarta","msg":"I would be very happy to have u as my patient 😂😂😂 https//tco/GYmavzdw88"}
{"tweet_id":841810799710638080,"created_unixtime":1489538309396,"created_time":"Wed Mar 15 00:38:29 +0000 2017","lang":"en","displayname":"_AdoreTiffanie","time_zone":"Central Time (US & Canada)","msg":"RT troytheblackguy All she wanted to do was say happy birthday to her friend but twitter just couldnt let her live lmaooo https//tco/X…"}
{"tweet_id":841810799974879232,"created_unixtime":1489538309459,"created_time":"Wed Mar 15 00:38:29 +0000 2017","lang":"en","displayname":"TheColdBlazer","time_zone":"","msg":"RT MatPatGT A nerdy math joke for a nerdy holidayHappy Pi Day https//tco/jRxvuScUyn"}
{"tweet_id":841810800494940161,"created_unixtime":1489538309583,"created_time":"Wed Mar 15 00:38:29 +0000 2017","lang":"en","displayname":"MusicalKidrauhl","time_zone":"Central Time (US & Canada)","msg":"So so happy that I got accepted into UH 🐾🐾"}
{"tweet_id":841810800868175872,"created_unixtime":1489538309672,"created_time":"Wed Mar 15 00:38:29 +0000 2017","lang":"en","displayname":"jczala_18","time_zone":"","msg":"RT karaagescans Happy White DayRelease So My Dream Kinda Went Crazy Last Night  Can I Tell You About It MiSawa NSFW… "}
{"tweet_id":841810800788574210,"created_unixtime":1489538309653,"created_time":"Wed Mar 15 00:38:29 +0000 2017","lang":"en","displayname":"AnnTabbitha","time_zone":"","msg":"FREE Sample Pack of LivSo Hair Care https//tco/CRyR7Bm3iD via  Happy Tango"}
{"tweet_id":841810801149280256,"created_unixtime":1489538309739,"created_time":"Wed Mar 15 00:38:29 +0000 2017","lang":"en","displayname":"kjsheridan","time_zone":"Georgetown","msg":"RT dumptrump33 Just as well She is a sad worst lady and not even in the same league as Michelle Obama https//tco/AQZkFLPE2O"}
{"tweet_id":841810801589645312,"created_unixtime":1489538309844,"created_time":"Wed Mar 15 00:38:29 +0000 2017","lang":"en","displayname":"abbiinajya","time_zone":"","msg":"Happy Birthday AnujBhatia2 ☺️🎉"}
{"tweet_id":841810801568681988,"created_unixtime":1489538309839,"created_time":"Wed Mar 15 00:38:29 +0000 2017","lang":"und","displayname":"kaelyncawrse","time_zone":"Pacific Time (US & Canada)","msg":"babidoll___ https//tco/aCv216TK5G"}
{"tweet_id":841810802113953792,"created_unixtime":1489538309969,"created_time":"Wed Mar 15 00:38:29 +0000 2017","lang":"en","displayname":"LucasHuizenga","time_zone":"","msg":"RT robinthede Really Some are disappointed that maddow only has 2005 Like you would only be happy w/ 20 yrs of indepth tax analysis…"}
{"tweet_id":841810802147504129,"created_unixtime":1489538309977,"created_time":"Wed Mar 15 00:38:29 +0000 2017","lang":"en","displayname":"mummadear","time_zone":"Eastern Time (US & Canada)","msg":"MomItForward a6 comfort foods make me happy AvoHappiness gno"}
{"tweet_id":841810803091210241,"created_unixtime":1489538310202,"created_time":"Wed Mar 15 00:38:30 +0000 2017","lang":"en","displayname":"Think_Twyce","time_zone":"Atlantic Time (Canada)","msg":"And HAPPY Hoes Aint Hating 😛"}
{"tweet_id":841810803112202244,"created_unixtime":1489538310207,"created_time":"Wed Mar 15 00:38:30 +0000 2017","lang":"en","displayname":"eileenmaud2","time_zone":"London","msg":"RT melinda_de_ross ❤The characters are well developedampmade me want them to be happy❤ https//tco/vmsMUQhNl3 T4US IARTG https//tco…"}
{"tweet_id":841810803489701889,"created_unixtime":1489538310297,"created_time":"Wed Mar 15 00:38:30 +0000 2017","lang":"en","displayname":"LegalizeReal","time_zone":"Pacific Time (US & Canada)","msg":"sometimes family can fuck you over more than a friend sad truth"}
{"tweet_id":841810803661639680,"created_unixtime":1489538310338,"created_time":"Wed Mar 15 00:38:30 +0000 2017","lang":"en","displayname":"jalyn_lee24","time_zone":"","msg":"RT ohteenquotes Spend life with who makes you happy not with who you have to impress"}
{"tweet_id":841810803942543360,"created_unixtime":1489538310405,"created_time":"Wed Mar 15 00:38:30 +0000 2017","lang":"en","displayname":"sjafghari","time_zone":"","msg":"Also coming to the realization that Ive only ever dated nerds Im pretty happy with that"}
{"tweet_id":841810801124081664,"created_unixtime":1489538309733,"created_time":"Wed Mar 15 00:38:29 +0000 2017","lang":"en","displayname":"brinatte_","time_zone":"Central Time (US & Canada)","msg":"Happy 18th birthday to the best rat friend out there Love you so much you wild child 💚💚💚mia_casiano https//tco/M9p28SFICM"}
{"tweet_id":841810804441772032,"created_unixtime":1489538310524,"created_time":"Wed Mar 15 00:38:30 +0000 2017","lang":"en","displayname":"fastylos","time_zone":"","msg":"☏ RINGRING ☏  Is for you Harry_Styles ↲Hi dearwould you like to make happy a little girl today and follow mePlease ❥I Love uX2572"}
{"tweet_id":841810804626362368,"created_unixtime":1489538310568,"created_time":"Wed Mar 15 00:38:30 +0000 2017","lang":"en","displayname":"LyndaceeRenaa","time_zone":"Atlantic Time (Canada)","msg":"my goal 4 life is to make to be happy amp to make people happy if I cant at least make one person genuinely happy then I had failed my goal"}
{"tweet_id":841810804676677634,"created_unixtime":1489538310580,"created_time":"Wed Mar 15 00:38:30 +0000 2017","lang":"en","displayname":"DarleyNewman","time_zone":"Eastern Time (US & Canada)","msg":"RT babymeetscity So sad about this  ⚡️ “Childrens book author Amy Krouse Rosenthal dies at 51”https//tco/g0OOoSIkaY"}
{"tweet_id":841810804609449986,"created_unixtime":1489538310564,"created_time":"Wed Mar 15 00:38:30 +0000 2017","lang":"en","displayname":"vxnceneil","time_zone":"Pacific Time (US & Canada)","msg":"sad but tru 😩😂😂 https//tco/0ByoAMDWZI"}
{"tweet_id":841810804466950144,"created_unixtime":1489538310530,"created_time":"Wed Mar 15 00:38:30 +0000 2017","lang":"en","displayname":"RodionMark84","time_zone":"Eastern Time (US & Canada)","msg":"RT Jugalpatel Happy birthday to Einstein Without u Modern science wouldnt be where it is now Thanks for saving changing transforming…"}
{"tweet_id":841810804827660288,"created_unixtime":1489538310616,"created_time":"Wed Mar 15 00:38:30 +0000 2017","lang":"en","displayname":"carleysike","time_zone":"Pacific Time (US & Canada)","msg":"kill your darlings was so good vvv sad and made me mad"}
{"tweet_id":841810805297426432,"created_unixtime":1489538310728,"created_time":"Wed Mar 15 00:38:30 +0000 2017","lang":"en","displayname":"mimib991","time_zone":"","msg":"RT JustAGirIThing Someone When was the last time u were truly happy Me https//tco/YTSjNOreRU"}
{"tweet_id":841810805658124288,"created_unixtime":1489538310814,"created_time":"Wed Mar 15 00:38:30 +0000 2017","lang":"en","displayname":"plant_123","time_zone":"","msg":"FoxNews AshleyJudd kind of sad"}
{"tweet_id":841810805725249537,"created_unixtime":1489538310830,"created_time":"Wed Mar 15 00:38:30 +0000 2017","lang":"en","displayname":"AdamMillar","time_zone":"London","msg":"RoisinMed Then again maybe its better just to be happy as is the past destroys the moment the moment was perfect"}
{"tweet_id":841810805834289154,"created_unixtime":1489538310856,"created_time":"Wed Mar 15 00:38:30 +0000 2017","lang":"en","displayname":"evansrachelwood","time_zone":"Pacific Time (US & Canada)","msg":"I cant decide if its funny or sad that whenever someone mentions No Doubt my entire timeline assumes they STAN them obsessively"}
{"tweet_id":841810806056476672,"created_unixtime":1489538310909,"created_time":"Wed Mar 15 00:38:30 +0000 2017","lang":"en","displayname":"brianaarobinson","time_zone":"","msg":"allisontran_ happy birthday you glowing angel💖💖"}
{"tweet_id":841810805951623170,"created_unixtime":1489538310884,"created_time":"Wed Mar 15 00:38:30 +0000 2017","lang":"ja","displayname":"meb_nn10","time_zone":"","msg":"【連載マンガ】「ほしとくずDont worry Be happy CHAPTER01」を読みました！人気マンガが無料で読める！LINEマンガ今スグ読む→ https//tco/i7E2LzaSvS LINEマンガ"}
{"tweet_id":841810805888811008,"created_unixtime":1489538310869,"created_time":"Wed Mar 15 00:38:30 +0000 2017","lang":"en","displayname":"robertbobochang","time_zone":"","msg":"Last day on set of 2brokegirls its been a joy working here and am sad that its already over For now https//tco/ATMdK2AyW4"}
{"tweet_id":841810805683310592,"created_unixtime":1489538310820,"created_time":"Wed Mar 15 00:38:30 +0000 2017","lang":"en","displayname":"xkatiemcisaacx","time_zone":"Eastern Time (US & Canada)","msg":"Love you sooooo much Jay💗💗💗💗 xoxoxo https//tco/qoUBHL1baQ"}
{"tweet_id":841810806295695360,"created_unixtime":1489538310966,"created_time":"Wed Mar 15 00:38:30 +0000 2017","lang":"en","displayname":"mylilperfect","time_zone":"","msg":"Omg I havent been this happy since ponies ran through the streets of NY Seriously  TrumpTaxes rachelmaddow… https//tco/rd7aBNi4JT"}
{"tweet_id":841810806228566018,"created_unixtime":1489538310950,"created_time":"Wed Mar 15 00:38:30 +0000 2017","lang":"en","displayname":"dave31_sam","time_zone":"Pacific Time (US & Canada)","msg":"RT OrtizValdomiro Happy Birthday Day To EmekaGift May you live long    lover of Great BiafraAll Hail Biafra"}
{"tweet_id":841810806551519232,"created_unixtime":1489538311027,"created_time":"Wed Mar 15 00:38:31 +0000 2017","lang":"en","displayname":"BarkesRachel","time_zone":"","msg":"RT preaching if youre happy with someone forget about what everyone else says"}
{"tweet_id":841810806983557120,"created_unixtime":1489538311130,"created_time":"Wed Mar 15 00:38:31 +0000 2017","lang":"en","displayname":"Kolton_Griffin","time_zone":"","msg":"_Jack_jean happy birthday bro"}
{"tweet_id":841810805947527168,"created_unixtime":1489538310883,"created_time":"Wed Mar 15 00:38:30 +0000 2017","lang":"en","displayname":"Ben_Egenolf","time_zone":"","msg":"Happy bday BSzeszycki Have a great one u animal https//tco/KQUTG2dM86"}
{"tweet_id":841810807361015810,"created_unixtime":1489538311220,"created_time":"Wed Mar 15 00:38:31 +0000 2017","lang":"en","displayname":"fazerugfan123","time_zone":"","msg":"RT RricegummBrian FaZeRug I will be so happy but you probably wont follow me 😭😭😭 I hope you do"}
{"tweet_id":841810807713370112,"created_unixtime":1489538311304,"created_time":"Wed Mar 15 00:38:31 +0000 2017","lang":"en","displayname":"BrinEileen","time_zone":"","msg":"RT SavannahOwls 1808 3/14  Nope not happy with this stick  cornellfeeders https//tco/iw6fbG8FS3"}
{"tweet_id":841810808074059777,"created_unixtime":1489538311390,"created_time":"Wed Mar 15 00:38:31 +0000 2017","lang":"en","displayname":"soupdragon90","time_zone":"Pacific Time (US & Canada)","msg":"SeanSchemmel Happy Gokuversary"}
{"tweet_id":841810808157876224,"created_unixtime":1489538311410,"created_time":"Wed Mar 15 00:38:31 +0000 2017","lang":"en","displayname":"davebrewerx","time_zone":"Pacific Time (US & Canada)","msg":"Happy Magnum PI Day"}
{"tweet_id":841810807818194944,"created_unixtime":1489538311329,"created_time":"Wed Mar 15 00:38:31 +0000 2017","lang":"en","displayname":"PrettyFunnyNic","time_zone":"Eastern Time (US & Canada)","msg":"Listen to Happy Hour Comedy Radio podcast comedy  3  9  17 by Cave Radio Broadcasting via soundcloud https//tco/8iESLRtWfK"}
{"tweet_id":841810805259657216,"created_unixtime":1489538310719,"created_time":"Wed Mar 15 00:38:30 +0000 2017","lang":"en","displayname":"edibleskordei","time_zone":"Eastern Time (US & Canada)","msg":"NormaniMakesMeBeautiful Normani makes me feel beautiful and fierce and Im so happy to be a fan of hers ❤️ https//tco/cK88fgkIrp"}
{"tweet_id":841810806773813249,"created_unixtime":1489538311080,"created_time":"Wed Mar 15 00:38:31 +0000 2017","lang":"en","displayname":"Itsmirazjm","time_zone":"","msg":"Happy birthday lovely we love youuu so much TheVampsCon enjoy your day 🎉🎈❤❤ HappyBirthdayConnor https//tco/vsQZ8igYsY"}
{"tweet_id":841810808766119937,"created_unixtime":1489538311555,"created_time":"Wed Mar 15 00:38:31 +0000 2017","lang":"en","displayname":"amberrisc","time_zone":"","msg":"angelafattore awe dont let him keep you from being happy He did you dirty its time for you to have fun and live a little 💕"}
{"tweet_id":841810805536522241,"created_unixtime":1489538310785,"created_time":"Wed Mar 15 00:38:30 +0000 2017","lang":"en","displayname":"SharayaJeter","time_zone":"Eastern Time (US & Canada)","msg":"RT slythuga jadesydonia happy birthday ☺️"}
{"tweet_id":841810808254406656,"created_unixtime":1489538311433,"created_time":"Wed Mar 15 00:38:31 +0000 2017","lang":"en","displayname":"kittybravofan","time_zone":"Eastern Time (US & Canada)","msg":"Happy Birthday Einstein  Genius https//tco/ENnMojg2yN via YouTube"}
{"tweet_id":841810808808079360,"created_unixtime":1489538311565,"created_time":"Wed Mar 15 00:38:31 +0000 2017","lang":"en","displayname":"KizunaRemi","time_zone":"","msg":"RT RICEjuseyo [SNS I IG I TRANS]170314 BAP_Daehyun 대현 Day by day everyday everyday I am happy thanks to all of you I thank you… "}
{"tweet_id":841810809005191168,"created_unixtime":1489538311612,"created_time":"Wed Mar 15 00:38:31 +0000 2017","lang":"en","displayname":"berliegirlie24","time_zone":"","msg":"RT PieCommish Happy Pie Day Olivia is gonna tell you whats up videosTO  bestoftoronto bestofto… https//tco/O6l61SV3ul"}
{"tweet_id":841810808803844096,"created_unixtime":1489538311564,"created_time":"Wed Mar 15 00:38:31 +0000 2017","lang":"en","displayname":"AudreyJarka","time_zone":"","msg":"RT SoReIatable I hate that I cry out of frustration 95  of the time its not even cause Im sad its that Im so angry I cant control…"}
{"tweet_id":841810809235820544,"created_unixtime":1489538311667,"created_time":"Wed Mar 15 00:38:31 +0000 2017","lang":"en","displayname":"myaa__riouxx","time_zone":"Hawaii","msg":"HAPPY B DAY BABE ILYSM💗💗 taeleryahoo"}
{"tweet_id":841810809491673088,"created_unixtime":1489538311728,"created_time":"Wed Mar 15 00:38:31 +0000 2017","lang":"en","displayname":"_selenavega","time_zone":"Pacific Time (US & Canada)","msg":"amp sad that I can relate to Jonah Hill cause all my friends are soon to leave for college except me☹️"}
{"tweet_id":841810808363405312,"created_unixtime":1489538311459,"created_time":"Wed Mar 15 00:38:31 +0000 2017","lang":"en","displayname":"kendiimee","time_zone":"","msg":"Happy Birthday MelecioErwin  😊😊😘😘Stay bayot Stay happy 😂😂😂 https//tco/ZTf6nRygJ3"}
{"tweet_id":841810809592397824,"created_unixtime":1489538311752,"created_time":"Wed Mar 15 00:38:31 +0000 2017","lang":"en","displayname":"fernanda_yb","time_zone":"","msg":"RT CuteOverloads THIS JUST MADE ME SO HAPPY https//tco/0X8oNeJpgd"}
{"tweet_id":841810809546190848,"created_unixtime":1489538311741,"created_time":"Wed Mar 15 00:38:31 +0000 2017","lang":"en","displayname":"RowenaMonde","time_zone":"Pacific Time (US & Canada)","msg":"RT CultureFUBU Happy Birthday Merlin SantanaRIP https//tco/0K4quO4M5g"}
{"tweet_id":841810809663684610,"created_unixtime":1489538311769,"created_time":"Wed Mar 15 00:38:31 +0000 2017","lang":"en","displayname":"nolimitbroski","time_zone":"","msg":"RT D_Deji28 Do you guys know why he was killed A girl lied that he raped her and her brother shot him dead https//tco/IWDVDZp3rz"}
{"tweet_id":841810809797849088,"created_unixtime":1489538311801,"created_time":"Wed Mar 15 00:38:31 +0000 2017","lang":"en","displayname":"juuicyzaay","time_zone":"Pacific Time (US & Canada)","msg":"RT EastsideTC They mad cause I CAN and Im happy cause they CANT 👌🏾💯"}
{"tweet_id":841810810183729152,"created_unixtime":1489538311893,"created_time":"Wed Mar 15 00:38:31 +0000 2017","lang":"en","displayname":"kateelinfinn","time_zone":"","msg":"On a scale on 110 how sad is it to Postmate Taco Bell to my bed rn"}
{"tweet_id":841810809860825088,"created_unixtime":1489538311816,"created_time":"Wed Mar 15 00:38:31 +0000 2017","lang":"en","displayname":"ItsKay_Trina","time_zone":"Pacific Time (US & Canada)","msg":"RT D_Deji28 Do you guys know why he was killed A girl lied that he raped her and her brother shot him dead https//tco/IWDVDZp3rz"}
{"tweet_id":841810810049572864,"created_unixtime":1489538311861,"created_time":"Wed Mar 15 00:38:31 +0000 2017","lang":"und","displayname":"RileyAdams_24","time_zone":"","msg":"😂😂😂 https//tco/AjbOdg5jOs"}
{"tweet_id":841810811072872448,"created_unixtime":1489538312105,"created_time":"Wed Mar 15 00:38:32 +0000 2017","lang":"ja","displayname":"miinyan73","time_zone":"Tokyo","msg":"RT Re_non0 【311園田海未Birthday併せ】3/15Happy Birthday 海未ちゃん🎉🎂✨園田海未誕生祭0311園田海未生誕祭2017 https//tco/lFfd4wi81a"}
{"tweet_id":841810811345637376,"created_unixtime":1489538312170,"created_time":"Wed Mar 15 00:38:32 +0000 2017","lang":"en","displayname":"shaaybc","time_zone":"Quito","msg":"wake up everyday happy blessed n inspired to say the least"}
{"tweet_id":841810810330570752,"created_unixtime":1489538311928,"created_time":"Wed Mar 15 00:38:31 +0000 2017","lang":"en","displayname":"ssj4raditz","time_zone":"","msg":"RT badgerboxes Happy Gideon Grey Day~ https//tco/h2AhregQZ5"}
{"tweet_id":841810811333033984,"created_unixtime":1489538312167,"created_time":"Wed Mar 15 00:38:32 +0000 2017","lang":"en","displayname":"_blakwell","time_zone":"Central Time (US & Canada)","msg":"RT RickyPDillon Happy pi day https//tco/PyJRimk7d3"}
{"tweet_id":841810810628407297,"created_unixtime":1489538311999,"created_time":"Wed Mar 15 00:38:31 +0000 2017","lang":"en","displayname":"joyabsalon","time_zone":"Eastern Time (US & Canada)","msg":"TheMarkRomano SnoopDogg what an asshat Maybe someone will put a gun to his head and pull the trigger That would make me happy 🔫🔫🔫🔫"}
{"tweet_id":841810811685371904,"created_unixtime":1489538312251,"created_time":"Wed Mar 15 00:38:32 +0000 2017","lang":"en","displayname":"Thata__Cr","time_zone":"Pacific Time (US & Canada)","msg":"RT fantagiogroup [아스트로] 20170315 HAPPY BIRTHDAY JINJIN♥https//tco/V5gCN4Og73ASTRO JINJIN 진진 HAPPYJINJINDAY💕 https//tco/wheN9y…"}
{"tweet_id":841810811798577152,"created_unixtime":1489538312278,"created_time":"Wed Mar 15 00:38:32 +0000 2017","lang":"en","displayname":"pun_kass","time_zone":"","msg":"RT kashanacauley Weve all set a world record for how happy anyone can be when thinking about tax returns"}
{"tweet_id":841810812201250817,"created_unixtime":1489538312374,"created_time":"Wed Mar 15 00:38:32 +0000 2017","lang":"en","displayname":"sophiiee_91","time_zone":"","msg":"RT ZacEfron Happy birthday Simone_Biles Hope youre having an incredible day 🎉🎂🎉"}
{"tweet_id":841810812054446080,"created_unixtime":1489538312339,"created_time":"Wed Mar 15 00:38:32 +0000 2017","lang":"en","displayname":"mariahe3560","time_zone":"","msg":"RT jennalevine3663 Why is it so hard to be happy"}
{"tweet_id":841810808724111360,"created_unixtime":1489538311545,"created_time":"Wed Mar 15 00:38:31 +0000 2017","lang":"en","displayname":"dommyoliver18","time_zone":"Pacific Time (US & Canada)","msg":"Happy 18th birthday to my best friend since 6th grade❣️I hope you had a great day thanks for spending some of it w… https//tco/xtirZkulYn"}
{"tweet_id":841810812507312130,"created_unixtime":1489538312447,"created_time":"Wed Mar 15 00:38:32 +0000 2017","lang":"en","displayname":"AllyLoprete","time_zone":"Pacific Time (US & Canada)","msg":"The world is depressed unmotivated sad we r being inundated w/ sadnews https//tco/wh4nCrreYj mentalhealth Heal Goodenergy spirit"}
{"tweet_id":841810812968742913,"created_unixtime":1489538312557,"created_time":"Wed Mar 15 00:38:32 +0000 2017","lang":"en","displayname":"Singer77S","time_zone":"Pacific Time (US & Canada)","msg":"They need to get that their art does not make too many people happy with exception of some obsessed to the point of being mental idiots"}
{"tweet_id":841810812515848192,"created_unixtime":1489538312449,"created_time":"Wed Mar 15 00:38:32 +0000 2017","lang":"en","displayname":"KrisJGalvez","time_zone":"Eastern Time (US & Canada)","msg":"mnoobs22 bet theyre happy Emelin is still gunna play 20mins tonight though"}
{"tweet_id":841810812905881600,"created_unixtime":1489538312542,"created_time":"Wed Mar 15 00:38:32 +0000 2017","lang":"en","displayname":"kathybea1955","time_zone":"","msg":"RT 2020fight maddow sad trombone https//tco/ftAANqOZol"}
{"tweet_id":841810813425971201,"created_unixtime":1489538312666,"created_time":"Wed Mar 15 00:38:32 +0000 2017","lang":"en","displayname":"jadandenise","time_zone":"Central Time (US & Canada)","msg":"when Im sad I dont listen to sad music I listen to Gucci so even with tears streaming down my face I  remain the bad bitch that I am"}
{"tweet_id":841810813442748417,"created_unixtime":1489538312670,"created_time":"Wed Mar 15 00:38:32 +0000 2017","lang":"en","displayname":"GiantEagle","time_zone":"Eastern Time (US & Canada)","msg":"TimBowers62 Glad to hear Happy Pi Day"}
{"tweet_id":841810813635637250,"created_unixtime":1489538312716,"created_time":"Wed Mar 15 00:38:32 +0000 2017","lang":"en","displayname":"BALKARAN2","time_zone":"","msg":"AMENREMINISCE k678876 t b honestI was expecting fnf1folkal attraction kind so music but Im happy with one as welli lstn all those "}
{"tweet_id":841810813799284743,"created_unixtime":1489538312755,"created_time":"Wed Mar 15 00:38:32 +0000 2017","lang":"en","displayname":"heytayl0r_","time_zone":"Atlantic Time (Canada)","msg":"happy we got a snow day but Im greedy af so I hope we have another one tomorrow"}
{"tweet_id":841810813698617344,"created_unixtime":1489538312731,"created_time":"Wed Mar 15 00:38:32 +0000 2017","lang":"en","displayname":"madisonbstevens","time_zone":"","msg":"RT girlposts Someone When was the last time u were truly happyMe https//tco/wzhzedcF5P"}
{"tweet_id":841810814109683712,"created_unixtime":1489538312829,"created_time":"Wed Mar 15 00:38:32 +0000 2017","lang":"en","displayname":"xoxo_craig","time_zone":"Atlantic Time (Canada)","msg":"I will be so happy when I dont have to use the crappy laundry room in my dorm"}
{"tweet_id":841810814076125184,"created_unixtime":1489538312821,"created_time":"Wed Mar 15 00:38:32 +0000 2017","lang":"en","displayname":"NewhomesinTX","time_zone":"Eastern Time (US & Canada)","msg":"Happy birthday to my guy Eman Justice love you family"}
{"tweet_id":841810814612905984,"created_unixtime":1489538312949,"created_time":"Wed Mar 15 00:38:32 +0000 2017","lang":"en","displayname":"RyoRyoii","time_zone":"Bangkok","msg":"RT ILLUMlNATI Sad reality https//tco/MdEMXJQbN8"}
{"tweet_id":841810814520696832,"created_unixtime":1489538312927,"created_time":"Wed Mar 15 00:38:32 +0000 2017","lang":"en","displayname":"D_flowerchildxo","time_zone":"Atlantic Time (Canada)","msg":"Have a light heart and a happy soul 🕉"}
{"tweet_id":841810814478692355,"created_unixtime":1489538312917,"created_time":"Wed Mar 15 00:38:32 +0000 2017","lang":"en","displayname":"hannah_mateus","time_zone":"","msg":"thanks meanie / 🙂 https//tco/2ganWkXdGV"}
{"tweet_id":841810814608801792,"created_unixtime":1489538312948,"created_time":"Wed Mar 15 00:38:32 +0000 2017","lang":"en","displayname":"_dkjx21_","time_zone":"","msg":"RT _Laaajah_ MAKE HER HAPPY AND THICK 2017 😛"}
{"tweet_id":841810814512295936,"created_unixtime":1489538312925,"created_time":"Wed Mar 15 00:38:32 +0000 2017","lang":"en","displayname":"lilrvmirez","time_zone":"","msg":"RT catarina_34 happy dayzzzz🌞👅 https//tco/lg6WZ3wM2i"}
{"tweet_id":841810814445203459,"created_unixtime":1489538312909,"created_time":"Wed Mar 15 00:38:32 +0000 2017","lang":"en","displayname":"srsshelter","time_zone":"Eastern Time (US & Canada)","msg":"RT KimWeaverIA Thanks azmiaAKAmia We welcome all help at this time Please contact my volunteer coordinator samweaverforcongres… "}
{"tweet_id":841810818060713984,"created_unixtime":1489538313771,"created_time":"Wed Mar 15 00:38:33 +0000 2017","lang":"en","displayname":"diannadager","time_zone":"","msg":"RT fernandodmr diannadager Feliz Happy Birthday Cumpleaños 🎂🤡🤡🤡🤡🤡🤡"}
{"tweet_id":841810818475868161,"created_unixtime":1489538313870,"created_time":"Wed Mar 15 00:38:33 +0000 2017","lang":"ja","displayname":"Microkidkun","time_zone":"","msg":"今日も頑張る皆さんに…沢山のPeaceとLoveとHappyを！Hope"}
{"tweet_id":841810818132017155,"created_unixtime":1489538313788,"created_time":"Wed Mar 15 00:38:33 +0000 2017","lang":"es","displayname":"erickmyglow","time_zone":"Pacific Time (US & Canada)","msg":"RT yolatop me encantaria tener plata y ser independiente asi puedo ir a todos los conciertos de mis idolos sad"}
{"tweet_id":841810818169733120,"created_unixtime":1489538313797,"created_time":"Wed Mar 15 00:38:33 +0000 2017","lang":"en","displayname":"nhlwld","time_zone":"Pacific Time (US & Canada)","msg":"RT thepiff Happy PiDayHeres to being irrationalSee what I did there https//tco/r6QmPvWZo5"}
{"tweet_id":841810818257756160,"created_unixtime":1489538313818,"created_time":"Wed Mar 15 00:38:33 +0000 2017","lang":"ko","displayname":"Hanewnee_exol","time_zone":"Pacific Time (US & Canada)","msg":"RT LaNoblesse_0522 Happy White Valentine Day 늦어지만 해피 회이트 데이💕 SUHO 수호 https//tco/utBmXc37Wb https//tco/2xJAJ0oc4S"}
{"tweet_id":841810818446569473,"created_unixtime":1489538313863,"created_time":"Wed Mar 15 00:38:33 +0000 2017","lang":"en","displayname":"zoestrippy","time_zone":"Quito","msg":"RT chanizzy_ Im happy and YES Ima brag about being happy 😊"}
{"tweet_id":841810815145648129,"created_unixtime":1489538313076,"created_time":"Wed Mar 15 00:38:33 +0000 2017","lang":"en","displayname":"h4rmonyss","time_zone":"Central Time (US & Canada)","msg":"THIS IS SO SAD I WROTE IT IN KINDERGARTEN it says at recess i walk around and try to find someone to play with https//tco/bsa0P2HJIM"}
{"tweet_id":841810818639503360,"created_unixtime":1489538313909,"created_time":"Wed Mar 15 00:38:33 +0000 2017","lang":"en","displayname":"SebDufty","time_zone":"","msg":"RT Stormzy1 Do what makes you happy mate"}
{"tweet_id":841810814461980672,"created_unixtime":1489538312913,"created_time":"Wed Mar 15 00:38:32 +0000 2017","lang":"en","displayname":"flockmaster18","time_zone":"Pacific Time (US & Canada)","msg":"PepperNPals Dont worry Be happy https//tco/Dlp3iYv7ag"}
{"tweet_id":841810819180552197,"created_unixtime":1489538314038,"created_time":"Wed Mar 15 00:38:34 +0000 2017","lang":"en","displayname":"ohmygrlz","time_zone":"Santiago","msg":"RT bangtaened that lovely smile on yoongis face while watching hoseok he looks so happy i love sope https//tco/I4SkkiTCxQ"}
{"tweet_id":841810819268644865,"created_unixtime":1489538314059,"created_time":"Wed Mar 15 00:38:34 +0000 2017","lang":"en","displayname":"Parker_Coble","time_zone":"","msg":"RT 4everNeverTrump Regular reminder that this shouldve ended Trump Its a sad and tragic reflection of our country and our instituti… "}
{"tweet_id":841810817775460356,"created_unixtime":1489538313703,"created_time":"Wed Mar 15 00:38:33 +0000 2017","lang":"en","displayname":"tiffani","time_zone":"Eastern Time (US & Canada)","msg":"RT robinthede Really Some are disappointed that maddow only has 2005 Like you would only be happy w/ 20 yrs of indepth tax analysis…"}
{"tweet_id":841810817465102337,"created_unixtime":1489538313629,"created_time":"Wed Mar 15 00:38:33 +0000 2017","lang":"en","displayname":"buItaehyung","time_zone":"Brasilia","msg":"RT VinesGot7 Happy White Day 💗 https//tco/KU4o3Urzc2"}
{"tweet_id":841810815376330753,"created_unixtime":1489538313131,"created_time":"Wed Mar 15 00:38:33 +0000 2017","lang":"en","displayname":"gatiennexoxo","time_zone":"","msg":"happy birthday avery hope your day is as amazing as you ❤❤🎉🎉 https//tco/8cmLNspnpp"}
{"tweet_id":841810817863553025,"created_unixtime":1489538313724,"created_time":"Wed Mar 15 00:38:33 +0000 2017","lang":"en","displayname":"Mifunayama","time_zone":"","msg":"RT choidms25 Happy  day  ~~♡🌎🌞 https//tco/XJLYPPVNID"}
{"tweet_id":841810818228338688,"created_unixtime":1489538313811,"created_time":"Wed Mar 15 00:38:33 +0000 2017","lang":"en","displayname":"AppSame","time_zone":"Eastern Time (US & Canada)","msg":"RT RealKyleMorris Its always great fun watching JoyVBehar act foolish on The View Im sure she was happy OMAROSA wasnt there ➡️… "}
{"tweet_id":841810815405707264,"created_unixtime":1489538313138,"created_time":"Wed Mar 15 00:38:33 +0000 2017","lang":"en","displayname":"LivingLegend_23","time_zone":"Quito","msg":"you been mia on twitter all day now you wanna come and start trouble smh https//tco/V3Zw6zkMZ8"}
{"tweet_id":841810815481221121,"created_unixtime":1489538313156,"created_time":"Wed Mar 15 00:38:33 +0000 2017","lang":"en","displayname":"blastgray","time_zone":"","msg":"Your so pretty☺️💭 https//tco/x5i8aaRJ1l"}
{"tweet_id":841810815753830400,"created_unixtime":1489538313221,"created_time":"Wed Mar 15 00:38:33 +0000 2017","lang":"en","displayname":"pvrvn0id_","time_zone":"America/Detroit","msg":"RT Cyn_Santana Hmmm think I wanna eat ice cream watch sad movies and cry all night Send those movies in guys ☺"}
{"tweet_id":841810815690784768,"created_unixtime":1489538313206,"created_time":"Wed Mar 15 00:38:33 +0000 2017","lang":"en","displayname":"courtneymcnerdy","time_zone":"Eastern Time (US & Canada)","msg":"All of the ThisIsUs tweets reminds me TheCW_Legends is on tonight I need some badass time travelers in my life not more sad shit 😂"}
{"tweet_id":841810815560888322,"created_unixtime":1489538313175,"created_time":"Wed Mar 15 00:38:33 +0000 2017","lang":"en","displayname":"PoloFeindRL","time_zone":"Eastern Time (US & Canada)","msg":"RT NumbThePain This supposed to be a sad song and the bitch in the back jammin 💀💀 https//tco/2d6D9N2rcC"}
{"tweet_id":841810815904804864,"created_unixtime":1489538313257,"created_time":"Wed Mar 15 00:38:33 +0000 2017","lang":"en","displayname":"Mariaysp","time_zone":"Quito","msg":"RT CUTEST_ANlMALS this makes me so happy  https//tco/4ebwUxo9Hg"}
{"tweet_id":841810815976124418,"created_unixtime":1489538313274,"created_time":"Wed Mar 15 00:38:33 +0000 2017","lang":"en","displayname":"djcraigcase","time_zone":"","msg":"High and dry Sad day for the owner of this yacht ocean sea boat yacht caribbean sailboat… https//tco/2HLwNOFduE"}
{"tweet_id":841810816106078210,"created_unixtime":1489538313305,"created_time":"Wed Mar 15 00:38:33 +0000 2017","lang":"ja","displayname":"tm_jzx","time_zone":"","msg":"RT shige5131 Happy Birthday♡ うみちゃん！うみちゃんと出会えて本当に良かった園田海未生誕祭2017 3月15日は園田海未の誕生日  祝う人RT RTした人全員フォローする https//tco/1FBYETFK7O"}
{"tweet_id":841810815720296451,"created_unixtime":1489538313213,"created_time":"Wed Mar 15 00:38:33 +0000 2017","lang":"en","displayname":"Riot_Girl1160","time_zone":"Eastern Time (US & Canada)","msg":"Happy PiDay YAll https//tco/QmGDOzfCvl"}
{"tweet_id":841810816672374784,"created_unixtime":1489538313440,"created_time":"Wed Mar 15 00:38:33 +0000 2017","lang":"en","displayname":"pwilliams00","time_zone":"","msg":"Happy birthday brotha ellsy_17 looking forward to these next 4 years as teammates ✊🏼"}
{"tweet_id":841810816764641280,"created_unixtime":1489538313462,"created_time":"Wed Mar 15 00:38:33 +0000 2017","lang":"en","displayname":"BallLikeBert4L_","time_zone":"Quito","msg":"RT Alessandraylx Aquarius are not going to sugarcoat anything just to make you happy They rather be honest with you"}
{"tweet_id":841810816953286656,"created_unixtime":1489538313507,"created_time":"Wed Mar 15 00:38:33 +0000 2017","lang":"en","displayname":"beastieaw","time_zone":"Singapore","msg":"RT eeugeniamj beastieaw knovak832_novak smiley2410 LeeRock deb5881 JouDee_Langga dont be sad u have us 😌 beasties https//tco/…"}
{"tweet_id":841810815124660224,"created_unixtime":1489538313071,"created_time":"Wed Mar 15 00:38:33 +0000 2017","lang":"en","displayname":"HeidiARBryant","time_zone":"","msg":"Today our family is 2 We grow learn stumble and love more everyday Happy Anniversary Bryant Brood❤️ 👨🏻👩🏻👦🏻👦🏻… https//tco/XhSityIY3O"}
{"tweet_id":841810817892859905,"created_unixtime":1489538313731,"created_time":"Wed Mar 15 00:38:33 +0000 2017","lang":"en","displayname":"ElsieSaldana714","time_zone":"","msg":"Happy Birthday btw danieljgillies"}
{"tweet_id":841810817557385216,"created_unixtime":1489538313651,"created_time":"Wed Mar 15 00:38:33 +0000 2017","lang":"en","displayname":"towi_tho","time_zone":"","msg":"I cant even tell you how happy I was to find a giant stitch doll https//tco/XvGIyX5YLp"}
{"tweet_id":841810819600027648,"created_unixtime":1489538314138,"created_time":"Wed Mar 15 00:38:34 +0000 2017","lang":"en","displayname":"LiamCoady_","time_zone":"","msg":"RT Stormzy1 Do what makes you happy mate"}
{"tweet_id":841810819813859329,"created_unixtime":1489538314189,"created_time":"Wed Mar 15 00:38:34 +0000 2017","lang":"en","displayname":"igrace529","time_zone":"","msg":"good morning have a nice daymainedcm me too i am one happy banana😊ALDUBxDTBYTugOfHearts https//tco/LnGzc05zLg"}
{"tweet_id":841810819465719808,"created_unixtime":1489538314106,"created_time":"Wed Mar 15 00:38:34 +0000 2017","lang":"en","displayname":"CH2ISTINAa","time_zone":"Pacific Time (US & Canada)","msg":"RT _Lexstasyyyy HAPPY TUESDAY FOLKS https//tco/iJeaL1ZOGH"}
{"tweet_id":841810820132614145,"created_unixtime":1489538314265,"created_time":"Wed Mar 15 00:38:34 +0000 2017","lang":"ja","displayname":"bat_shu2ys","time_zone":"","msg":"RT ShrimppeachRm 💚Happy Birthday💚いつも元気をありがとう！！この前のももクリでのファンサとっても嬉しかったです！これからも応援してます！！有安杏果生誕祭"}
{"tweet_id":841810819960700928,"created_unixtime":1489538314224,"created_time":"Wed Mar 15 00:38:34 +0000 2017","lang":"en","displayname":"Damiciel_","time_zone":"Central Time (US & Canada)","msg":"RT SoReIatable I hate that I cry out of frustration 95  of the time its not even cause Im sad its that Im so angry I cant control…"}
{"tweet_id":841810819109265412,"created_unixtime":1489538314021,"created_time":"Wed Mar 15 00:38:34 +0000 2017","lang":"en","displayname":"cayla_oconnor","time_zone":"","msg":"RT ilovefIowers if ur sad https//tco/cwXvLBIWEu"}
{"tweet_id":841810819839070208,"created_unixtime":1489538314195,"created_time":"Wed Mar 15 00:38:34 +0000 2017","lang":"en","displayname":"balorftbellas","time_zone":"Atlantic Time (Canada)","msg":"RT coupdebanks Happy anniversary to the Bullet Club Four years already 🎉🎉 https//tco/0FRBcizstb"}
{"tweet_id":841810820375838720,"created_unixtime":1489538314323,"created_time":"Wed Mar 15 00:38:34 +0000 2017","lang":"en","displayname":"MeTaufiq","time_zone":"London","msg":"RT TOASTOTHEGOD Its Sad When Ur Own Friends Hate On You"}
{"tweet_id":841810820493389824,"created_unixtime":1489538314351,"created_time":"Wed Mar 15 00:38:34 +0000 2017","lang":"en","displayname":"evans_kaydee","time_zone":"","msg":"RT Vulnerable its so sad and frustrating when you try your hardest but people still dont find it good enough"}
{"tweet_id":841810820971536384,"created_unixtime":1489538314465,"created_time":"Wed Mar 15 00:38:34 +0000 2017","lang":"en","displayname":"Kadzis","time_zone":"Quito","msg":"dankennedy_nu writes on the latest GOP paradox Paul Ryan loving the CBO estimates and the Trumpster hating them https//tco/PA53IAyj3H"}
{"tweet_id":841810821122539521,"created_unixtime":1489538314501,"created_time":"Wed Mar 15 00:38:34 +0000 2017","lang":"en","displayname":"Tray_Day23","time_zone":"Pacific Time (US & Canada)","msg":"RT Double0_o Mfs dont wanna see you happy really"}
{"tweet_id":841810816999555073,"created_unixtime":1489538313518,"created_time":"Wed Mar 15 00:38:33 +0000 2017","lang":"en","displayname":"efneal","time_zone":"Quito","msg":"Pie for dinner Pie for dessert Happy PiDay https//tco/JRlZpinNFF"}
{"tweet_id":841810821026074624,"created_unixtime":1489538314478,"created_time":"Wed Mar 15 00:38:34 +0000 2017","lang":"en","displayname":"naturephotospa","time_zone":"Pacific Time (US & Canada)","msg":"RT 911PSY There’s a brief moment when you first wake up where you have no memories  A blissful blank slate a happy emptiness"}
{"tweet_id":841810821240000512,"created_unixtime":1489538314529,"created_time":"Wed Mar 15 00:38:34 +0000 2017","lang":"en","displayname":"Clinton23699865","time_zone":"","msg":"TBNRfrags Im happy to hear you like noah you and him are my favorite YouTubers"}
{"tweet_id":841810821466349568,"created_unixtime":1489538314583,"created_time":"Wed Mar 15 00:38:34 +0000 2017","lang":"en","displayname":"guacamellerz","time_zone":"Pacific Time (US & Canada)","msg":"RT mickeysnoel mickey and ian are still in contact and trevor aint too happy 👀 https//tco/onTdHU9YQE"}
{"tweet_id":841810821504212998,"created_unixtime":1489538314592,"created_time":"Wed Mar 15 00:38:34 +0000 2017","lang":"en","displayname":"aidagmz2006","time_zone":"","msg":"RT vanaqua DYK Sea otters hold hands while they nap to not drift away Its called rafting and its the cutest Happy… "}
{"tweet_id":841810821797797888,"created_unixtime":1489538314662,"created_time":"Wed Mar 15 00:38:34 +0000 2017","lang":"en","displayname":"chelseacturner","time_zone":"Eastern Time (US & Canada)","msg":"RT SaraBareilles You look inside your heart and find a pizza and remember that pizza is ALL our best friends https//tco/G79BuhSpba"}
{"tweet_id":841810821948694529,"created_unixtime":1489538314698,"created_time":"Wed Mar 15 00:38:34 +0000 2017","lang":"en","displayname":"fairyflossprnce","time_zone":"Krasnoyarsk","msg":"RT Lin_Manuel Me no math but happy you like all these numbers in this order https//tco/pU9iT5XbpV"}
{"tweet_id":841810821994823681,"created_unixtime":1489538314709,"created_time":"Wed Mar 15 00:38:34 +0000 2017","lang":"en","displayname":"dar020304","time_zone":"","msg":"RT OFCALDubKoTo WE DEFINE OUR SET OF EXPECTATIONS AND OUR STANDARDS TO REACH HAPPINESS WHICH WE ALL CALL CONTENTMENT 😊… "}
{"tweet_id":841810821709729793,"created_unixtime":1489538314641,"created_time":"Wed Mar 15 00:38:34 +0000 2017","lang":"en","displayname":"jalen_FrmWp","time_zone":"","msg":"RT D_Deji28 Do you guys know why he was killed A girl lied that he raped her and her brother shot him dead https//tco/IWDVDZp3rz"}
{"tweet_id":841810822326296576,"created_unixtime":1489538314788,"created_time":"Wed Mar 15 00:38:34 +0000 2017","lang":"en","displayname":"ddeannee","time_zone":"Mexico City","msg":"RT SoReIatable I hate that I cry out of frustration 95  of the time its not even cause Im sad its that Im so angry I cant control…"}
{"tweet_id":841810818962460672,"created_unixtime":1489538313986,"created_time":"Wed Mar 15 00:38:33 +0000 2017","lang":"en","displayname":"Sanny_Dabo","time_zone":"Atlantic Time (Canada)","msg":"Happy birthday to my fellow snapchat eunthusiast pun lover and great friend mk_fuj https//tco/ARqeyY3Atp"}
{"tweet_id":841810822468898817,"created_unixtime":1489538314822,"created_time":"Wed Mar 15 00:38:34 +0000 2017","lang":"en","displayname":"therealttuesdae","time_zone":"Pacific Time (US & Canada)","msg":"RT breadboycobyy happy gloday brother♥️ love you la bih ima turn up for both of us FreeGoon RestDuke 💙🍞 https//tco/dajd50bRny"}
{"tweet_id":841810823232258048,"created_unixtime":1489538315004,"created_time":"Wed Mar 15 00:38:35 +0000 2017","lang":"en","displayname":"_lannii","time_zone":"Eastern Time (US & Canada)","msg":"RT WhitePplQuote Wishing their parents a happy birthday on Instagram or Twitter when their parents dont have social media"}
{"tweet_id":841810822817026048,"created_unixtime":1489538314905,"created_time":"Wed Mar 15 00:38:34 +0000 2017","lang":"en","displayname":"kookamuffin","time_zone":"Eastern Time (US & Canada)","msg":"RT qbanqt Sits back with ☕ docrocktex26 sad thing is wont matter https//tco/oaRPTJ6QRI"}
{"tweet_id":841810823261577216,"created_unixtime":1489538315011,"created_time":"Wed Mar 15 00:38:35 +0000 2017","lang":"en","displayname":"JadineLovee","time_zone":"","msg":"RT JaDineNATION Happy 3rd loves 💜 We may now rest our pretty little fingers Thank you sa mga bumoto sa MYX 🙏🏼 Teamwork 👍🏼… "}
{"tweet_id":841810823597051904,"created_unixtime":1489538315091,"created_time":"Wed Mar 15 00:38:35 +0000 2017","lang":"en","displayname":"emighammy","time_zone":"","msg":"Happy birthday allisontran_ 😻😻 hope you have the best day you hot mama 💘💘"}
