{"tweet_id":841810930027626496,"created_unixtime":1489538340466,"created_time":"Wed Mar 15 00:39:00 +0000 2017","lang":"en","displayname":"Officialriaaa","time_zone":"Casablanca","msg":"Donating £5 can make you rich and happy in the world after"}
{"tweet_id":841810926483329024,"created_unixtime":1489538339621,"created_time":"Wed Mar 15 00:38:59 +0000 2017","lang":"en","displayname":"Iqnce","time_zone":"Pacific Time (US & Canada)","msg":"my theme is so cute thts so sad it doesnt wrk https//tco/eFgCcNipdI"}
{"tweet_id":841810930514198528,"created_unixtime":1489538340582,"created_time":"Wed Mar 15 00:39:00 +0000 2017","lang":"en","displayname":"alondramalf","time_zone":"","msg":"Same omg 😭 https//tco/mHKP9LSkr1"}
{"tweet_id":841810930526646272,"created_unixtime":1489538340585,"created_time":"Wed Mar 15 00:39:00 +0000 2017","lang":"en","displayname":"IkmalDan","time_zone":"Kuala Lumpur","msg":"sharkmint happy birthday syamin 🎉🎁🎂"}
{"tweet_id":841810930665181184,"created_unixtime":1489538340618,"created_time":"Wed Mar 15 00:39:00 +0000 2017","lang":"en","displayname":"eddy308","time_zone":"","msg":"RT UWBadgers Ron Dayyyyyyyyyyne 🏈🎂🙌 https//tco/xL8IfCPLol"}
{"tweet_id":841810930610671617,"created_unixtime":1489538340605,"created_time":"Wed Mar 15 00:39:00 +0000 2017","lang":"und","displayname":"lilybaekcoleen","time_zone":"Pacific Time (US & Canada)","msg":"🎈 https//tco/rBRgIOt6rb"}
{"tweet_id":841810931197779968,"created_unixtime":1489538340745,"created_time":"Wed Mar 15 00:39:00 +0000 2017","lang":"en","displayname":"baeksooluhan","time_zone":"Pacific Time (US & Canada)","msg":"RT Pikuchen EXO singing happy birthday to Jongdae then attacking him with confetti spray so when ksoo tried to wipe his face h… "}
{"tweet_id":841810930761576448,"created_unixtime":1489538340641,"created_time":"Wed Mar 15 00:39:00 +0000 2017","lang":"en","displayname":"turntUP_shawtyy","time_zone":"Eastern Time (US & Canada)","msg":"Long as Im laying beside you Im happy 🙄"}
{"tweet_id":841810931160121345,"created_unixtime":1489538340736,"created_time":"Wed Mar 15 00:39:00 +0000 2017","lang":"en","displayname":"jamie_lee_gray","time_zone":"","msg":"RT sayingsforgirls I could literally be happy af and my face would still look like this https//tco/sFpuBLlrRC"}
{"tweet_id":841810931139133440,"created_unixtime":1489538340731,"created_time":"Wed Mar 15 00:39:00 +0000 2017","lang":"en","displayname":"KTesque","time_zone":"Eastern Time (US & Canada)","msg":"Sad the country has to dig for the truth but if this is the only way to get the information then lets get on it https//tco/hKHjqbcxMy"}
{"tweet_id":841810930644185088,"created_unixtime":1489538340613,"created_time":"Wed Mar 15 00:39:00 +0000 2017","lang":"en","displayname":"Shes_CocoChanel","time_zone":"Eastern Time (US & Canada)","msg":"RT His_SmokingGun Niggas fuck up so bad amp say shit like As long as shes happy Im happy like yeah nigga Im happy w/o ya cheating… "}
{"tweet_id":841810931222962176,"created_unixtime":1489538340751,"created_time":"Wed Mar 15 00:39:00 +0000 2017","lang":"en","displayname":"JxckIsRad","time_zone":"Arizona","msg":"alittleriver_ Im glad youre happy I wish nothing but the best for you and your new family"}
{"tweet_id":841810932745433088,"created_unixtime":1489538341114,"created_time":"Wed Mar 15 00:39:01 +0000 2017","lang":"en","displayname":"grace134","time_zone":"Pacific Time (US & Canada)","msg":"Our boy name is excellent too but by definition I only get to use one and be sad about the other"}
{"tweet_id":841810932745572353,"created_unixtime":1489538341114,"created_time":"Wed Mar 15 00:39:01 +0000 2017","lang":"en","displayname":"Lily97one1","time_zone":"","msg":"Cest lanniversaire de ma petite EvaLongoria 🙈 Happy Birthday Eva 😘"}
{"tweet_id":841810932896550912,"created_unixtime":1489538341150,"created_time":"Wed Mar 15 00:39:01 +0000 2017","lang":"en","displayname":"GamingCufufy","time_zone":"Eastern Time (US & Canada)","msg":"I hate my shit life I hide it by trying to make other people feel happy"}
{"tweet_id":841810932665802756,"created_unixtime":1489538341095,"created_time":"Wed Mar 15 00:39:01 +0000 2017","lang":"en","displayname":"iamgarie","time_zone":"Alaska","msg":"RT Enya_Tran Happy weekend God bless for us JOCHARD SERYE SOONImRichardYap08 JodiStaMaria https//tco/PCQldVtaRs"}
{"tweet_id":841810933429243905,"created_unixtime":1489538341277,"created_time":"Wed Mar 15 00:39:01 +0000 2017","lang":"en","displayname":"MomItForward","time_zone":"Mountain Time (US & Canada)","msg":"A6 And my motherinlaws sugar cookies Are we allowed to say an unhealthy food makes us happy They are SO good AvoHappiness gno"}
{"tweet_id":841810931453693952,"created_unixtime":1489538340806,"created_time":"Wed Mar 15 00:39:00 +0000 2017","lang":"en","displayname":"mmeireles01","time_zone":"","msg":"AsapPams when we hittin up happy garden"}
{"tweet_id":841810932984619008,"created_unixtime":1489538341171,"created_time":"Wed Mar 15 00:39:01 +0000 2017","lang":"en","displayname":"smrn223","time_zone":"","msg":"RT srkkatrina79 Happy Birthday aliaa08 From all KatrinaKaif Fans and loversHappyBirthdayAliaBhattHAPPY BIRTHDAY ALIA BHATT https//…"}
{"tweet_id":841810933433421825,"created_unixtime":1489538341278,"created_time":"Wed Mar 15 00:39:01 +0000 2017","lang":"en","displayname":"danielle_blomm","time_zone":"Eastern Time (US & Canada)","msg":"RT Vulnerable its so sad and frustrating when you try your hardest but people still dont find it good enough"}
{"tweet_id":841810932850429952,"created_unixtime":1489538341139,"created_time":"Wed Mar 15 00:39:01 +0000 2017","lang":"en","displayname":"golden_mel","time_zone":"","msg":"RT Nelfeshne Thanks for the recent follow golden_mel YvonneBryans teresave1 Happy to connect  have a great Tuesday ⚡️ via https//t…"}
{"tweet_id":841810934184136704,"created_unixtime":1489538341457,"created_time":"Wed Mar 15 00:39:01 +0000 2017","lang":"en","displayname":"nomiibo4u","time_zone":"Pacific Time (US & Canada)","msg":"maddow cue sad tune from Price is Right"}
{"tweet_id":841810934079356929,"created_unixtime":1489538341432,"created_time":"Wed Mar 15 00:39:01 +0000 2017","lang":"en","displayname":"BestNaturePosts","time_zone":"Mountain Time (US & Canada)","msg":"RT CanceIlations sometimes the best way to be happy is to learn to let go of things you tried hard to hold on to that are no longer good…"}
{"tweet_id":841810933110439937,"created_unixtime":1489538341201,"created_time":"Wed Mar 15 00:39:01 +0000 2017","lang":"en","displayname":"AnnaBryant3","time_zone":"","msg":"Hayyyy find new girl and be happy  https//tco/2oqU0yCW1B https//tco/8kHQtVkrum"}
{"tweet_id":841810934339362817,"created_unixtime":1489538341494,"created_time":"Wed Mar 15 00:39:01 +0000 2017","lang":"en","displayname":"disappointtment","time_zone":"Eastern Time (US & Canada)","msg":"RT CanceIlations sometimes the best way to be happy is to learn to let go of things you tried hard to hold on to that are no longer good…"}
{"tweet_id":841810933504712705,"created_unixtime":1489538341295,"created_time":"Wed Mar 15 00:39:01 +0000 2017","lang":"en","displayname":"SBryan37","time_zone":"","msg":"My own creation Happy Birthday to me Wild Rice with steak asparagus onion tomato amp… https//tco/Hoc6BdFY3Y"}
{"tweet_id":841810934456844288,"created_unixtime":1489538341522,"created_time":"Wed Mar 15 00:39:01 +0000 2017","lang":"en","displayname":"fastylos","time_zone":"","msg":"☏ RINGRING ☏  Is for you Harry_Styles ↲Hi dearwould you like to make happy a little girl today and follow mePlease ❥I Love uX2577"}
{"tweet_id":841810934599311360,"created_unixtime":1489538341556,"created_time":"Wed Mar 15 00:39:01 +0000 2017","lang":"en","displayname":"softestpiglet","time_zone":"","msg":"i fell asleep right before dans liveshow im so sad i had been waiting and even uninstalled ig for this"}
{"tweet_id":841810934704168960,"created_unixtime":1489538341581,"created_time":"Wed Mar 15 00:39:01 +0000 2017","lang":"en","displayname":"Paulinaasss_cx","time_zone":"Pacific Time (US & Canada)","msg":"RT aniyzab21 If all you do is cheat in a relationship why be in one in the first place Just leave if youre not happy"}
{"tweet_id":841810933861228545,"created_unixtime":1489538341380,"created_time":"Wed Mar 15 00:39:01 +0000 2017","lang":"en","displayname":"Explorer","time_zone":"Atlantic Time (Canada)","msg":"Happy PiDay What pi sounds like – its first 31 decimals translated into notes and performed on various instrument… https//tco/vGZhuP2pUI"}
{"tweet_id":841810931789238273,"created_unixtime":1489538340886,"created_time":"Wed Mar 15 00:39:00 +0000 2017","lang":"en","displayname":"sarahfoy7","time_zone":"","msg":"happy happy birthday corrinn hope your day is as sick as your dance moves love you lots 💓 https//tco/QFSnglKgIu"}
{"tweet_id":841810934783963138,"created_unixtime":1489538341600,"created_time":"Wed Mar 15 00:39:01 +0000 2017","lang":"en","displayname":"gurveeena","time_zone":"Casablanca","msg":"RT Stormzy1 Do what makes you happy mate"}
{"tweet_id":841810934767198212,"created_unixtime":1489538341596,"created_time":"Wed Mar 15 00:39:01 +0000 2017","lang":"en","displayname":"Dadventurous","time_zone":"Mountain Time (US & Canada)","msg":"a6 If food made me happy Id be the happiest person in the world   gno AvoHappiness"}
{"tweet_id":841810935232647169,"created_unixtime":1489538341707,"created_time":"Wed Mar 15 00:39:01 +0000 2017","lang":"en","displayname":"LakenRobinette","time_zone":"","msg":"RT JustAGirIThing Someone When was the last time u were truly happy Me https//tco/YTSjNOreRU"}
{"tweet_id":841810935517872128,"created_unixtime":1489538341775,"created_time":"Wed Mar 15 00:39:01 +0000 2017","lang":"en","displayname":"TweetThatBlunt","time_zone":"Pacific Time (US & Canada)","msg":"RT WeedsPost Money doesnt buy happiness but it does buy weed and blunts And Ive never seen a person sad while smoking a blunt"}
{"tweet_id":841810935580901377,"created_unixtime":1489538341790,"created_time":"Wed Mar 15 00:39:01 +0000 2017","lang":"en","displayname":"tynachelle_16","time_zone":"","msg":"RT sobbed i hate getting so sad to the point where my body completely shuts down and all i can do is just lay there and think about all…"}
{"tweet_id":841810934670712832,"created_unixtime":1489538341573,"created_time":"Wed Mar 15 00:39:01 +0000 2017","lang":"ko","displayname":"Mirandai12356","time_zone":"","msg":"RT offclASTRO Happy birthday to you~ 진진형 22번째 생일을진심으로 축하해요🎉🎉 착하고 장난도 잘받아주고 리더쉽있는ㅎㅎ진진형 귀염댕이 아스트로 잘부탁드려요생일선물 나 HappyJINJINDay https//…"}
{"tweet_id":841810933500522500,"created_unixtime":1489538341294,"created_time":"Wed Mar 15 00:39:01 +0000 2017","lang":"en","displayname":"DEFUNDCBC","time_zone":"Eastern Time (US & Canada)","msg":"RT Franktmcveety What is sad about this is I have both shoulders damaged for yrs while being a firefighter and no doctors will opera… "}
{"tweet_id":841810935652188160,"created_unixtime":1489538341807,"created_time":"Wed Mar 15 00:39:01 +0000 2017","lang":"en","displayname":"RyGuy_Wimmer","time_zone":"Eastern Time (US & Canada)","msg":"Baysfeist11 happy birthday to my day 1 boogie T✊🏻🙌🏻"}
{"tweet_id":841810935568261120,"created_unixtime":1489538341787,"created_time":"Wed Mar 15 00:39:01 +0000 2017","lang":"en","displayname":"GlinskiMichelle","time_zone":"","msg":"JoyAnnReid You notice that when 1 argument is shot down they JUMP to another We finally ended up at job growth… https//tco/SGvYHzReJr"}
{"tweet_id":841810935958327296,"created_unixtime":1489538341880,"created_time":"Wed Mar 15 00:39:01 +0000 2017","lang":"en","displayname":"chelseyjanelle_","time_zone":"Pacific Time (US & Canada)","msg":"Happy bday nigga❤Supersayn_Manny"}
{"tweet_id":841810936176480258,"created_unixtime":1489538341932,"created_time":"Wed Mar 15 00:39:01 +0000 2017","lang":"en","displayname":"mutiIated","time_zone":"Pacific Time (US & Canada)","msg":"RT CanceIlations sometimes the best way to be happy is to learn to let go of things you tried hard to hold on to that are no longer good…"}
{"tweet_id":841810936184868865,"created_unixtime":1489538341934,"created_time":"Wed Mar 15 00:39:01 +0000 2017","lang":"en","displayname":"Ioveshawty","time_zone":"Eastern Time (US & Canada)","msg":"RT CanceIlations sometimes the best way to be happy is to learn to let go of things you tried hard to hold on to that are no longer good…"}
{"tweet_id":841810936264515584,"created_unixtime":1489538341953,"created_time":"Wed Mar 15 00:39:01 +0000 2017","lang":"en","displayname":"entrust","time_zone":"Eastern Time (US & Canada)","msg":"RT CanceIlations sometimes the best way to be happy is to learn to let go of things you tried hard to hold on to that are no longer good…"}
{"tweet_id":841810936184864768,"created_unixtime":1489538341934,"created_time":"Wed Mar 15 00:39:01 +0000 2017","lang":"en","displayname":"jadedvibe","time_zone":"Pacific Time (US & Canada)","msg":"RT CanceIlations sometimes the best way to be happy is to learn to let go of things you tried hard to hold on to that are no longer good…"}
{"tweet_id":841810936201641985,"created_unixtime":1489538341938,"created_time":"Wed Mar 15 00:39:01 +0000 2017","lang":"en","displayname":"PaintPorn","time_zone":"New Delhi","msg":"RT CanceIlations sometimes the best way to be happy is to learn to let go of things you tried hard to hold on to that are no longer good…"}
{"tweet_id":841810936163926016,"created_unixtime":1489538341929,"created_time":"Wed Mar 15 00:39:01 +0000 2017","lang":"en","displayname":"ExploreLense","time_zone":"London","msg":"RT CanceIlations sometimes the best way to be happy is to learn to let go of things you tried hard to hold on to that are no longer good…"}
{"tweet_id":841810936197480448,"created_unixtime":1489538341937,"created_time":"Wed Mar 15 00:39:01 +0000 2017","lang":"en","displayname":"JBTVDanatomy","time_zone":"","msg":"RT julieplec HAPPY HAPPY BIRTHDAY TO MY FRIEND AND PARTNERINEPIC kevwilliamson"}
{"tweet_id":841810936646184960,"created_unixtime":1489538342044,"created_time":"Wed Mar 15 00:39:02 +0000 2017","lang":"en","displayname":"HafaTay","time_zone":"Pacific Time (US & Canada)","msg":"jssykaley ugh he is so mangge I enjoy your snaps of him Happy Birthday Logan 🎉"}
{"tweet_id":841810936189091842,"created_unixtime":1489538341935,"created_time":"Wed Mar 15 00:39:01 +0000 2017","lang":"en","displayname":"Lacerate","time_zone":"Pacific Time (US & Canada)","msg":"RT CanceIlations sometimes the best way to be happy is to learn to let go of things you tried hard to hold on to that are no longer good…"}
{"tweet_id":841810936717426688,"created_unixtime":1489538342061,"created_time":"Wed Mar 15 00:39:02 +0000 2017","lang":"en","displayname":"HeyZhar27","time_zone":"Taipei","msg":"Thank you Lord for all the blessings 😇🙏 Happy payday everyone 😘"}
{"tweet_id":841810936163930112,"created_unixtime":1489538341929,"created_time":"Wed Mar 15 00:39:01 +0000 2017","lang":"en","displayname":"gossiped","time_zone":"","msg":"RT CanceIlations sometimes the best way to be happy is to learn to let go of things you tried hard to hold on to that are no longer good…"}
{"tweet_id":841810932930084865,"created_unixtime":1489538341158,"created_time":"Wed Mar 15 00:39:01 +0000 2017","lang":"en","displayname":"TroyPattee","time_zone":"Mountain Time (US & Canada)","msg":"A6 Yes food makes me happy Judging by my waistline Im a very happy person  gno AvoHappiness"}
{"tweet_id":841810934502965249,"created_unixtime":1489538341533,"created_time":"Wed Mar 15 00:39:01 +0000 2017","lang":"en","displayname":"isisx0","time_zone":"","msg":"RT lndepth if youre sad over a guy remember that you can create humans bleed for 7 days without dying amp swallow kids all guys do is l…"}
{"tweet_id":841810936906293249,"created_unixtime":1489538342106,"created_time":"Wed Mar 15 00:39:02 +0000 2017","lang":"en","displayname":"ReaIGoaIs","time_zone":"Pacific Time (US & Canada)","msg":"RT CanceIlations sometimes the best way to be happy is to learn to let go of things you tried hard to hold on to that are no longer good…"}
{"tweet_id":841810936998559744,"created_unixtime":1489538342128,"created_time":"Wed Mar 15 00:39:02 +0000 2017","lang":"en","displayname":"sixvibes","time_zone":"Pacific Time (US & Canada)","msg":"RT CanceIlations sometimes the best way to be happy is to learn to let go of things you tried hard to hold on to that are no longer good…"}
{"tweet_id":841810937136984064,"created_unixtime":1489538342161,"created_time":"Wed Mar 15 00:39:02 +0000 2017","lang":"en","displayname":"snapchatfeeIs","time_zone":"Pacific Time (US & Canada)","msg":"RT CanceIlations sometimes the best way to be happy is to learn to let go of things you tried hard to hold on to that are no longer good…"}
{"tweet_id":841810936398786560,"created_unixtime":1489538341985,"created_time":"Wed Mar 15 00:39:01 +0000 2017","lang":"en","displayname":"omfgpapi","time_zone":"Hawaii","msg":"RT CanceIlations sometimes the best way to be happy is to learn to let go of things you tried hard to hold on to that are no longer good…"}
{"tweet_id":841810937229262849,"created_unixtime":1489538342183,"created_time":"Wed Mar 15 00:39:02 +0000 2017","lang":"en","displayname":"sensuaIy","time_zone":"Eastern Time (US & Canada)","msg":"RT CanceIlations sometimes the best way to be happy is to learn to let go of things you tried hard to hold on to that are no longer good…"}
{"tweet_id":841810937069895680,"created_unixtime":1489538342145,"created_time":"Wed Mar 15 00:39:02 +0000 2017","lang":"en","displayname":"sexuaItouch","time_zone":"Pacific Time (US & Canada)","msg":"RT CanceIlations sometimes the best way to be happy is to learn to let go of things you tried hard to hold on to that are no longer good…"}
{"tweet_id":841810937095036930,"created_unixtime":1489538342151,"created_time":"Wed Mar 15 00:39:02 +0000 2017","lang":"en","displayname":"uncarefuIIy","time_zone":"Central Time (US & Canada)","msg":"RT CanceIlations sometimes the best way to be happy is to learn to let go of things you tried hard to hold on to that are no longer good…"}
{"tweet_id":841810934775595008,"created_unixtime":1489538341598,"created_time":"Wed Mar 15 00:39:01 +0000 2017","lang":"en","displayname":"TyJo_and_Jish_","time_zone":"","msg":"Honestly Tyler smiling makes me so happy ☺️ https//tco/VGXqQKxCfd"}
{"tweet_id":841810936881139712,"created_unixtime":1489538342100,"created_time":"Wed Mar 15 00:39:02 +0000 2017","lang":"en","displayname":"PurposeReaI","time_zone":"","msg":"RT CanceIlations sometimes the best way to be happy is to learn to let go of things you tried hard to hold on to that are no longer good…"}
{"tweet_id":841810937006944257,"created_unixtime":1489538342130,"created_time":"Wed Mar 15 00:39:02 +0000 2017","lang":"en","displayname":"sexpains","time_zone":"Central Time (US & Canada)","msg":"RT CanceIlations sometimes the best way to be happy is to learn to let go of things you tried hard to hold on to that are no longer good…"}
{"tweet_id":841810937682128897,"created_unixtime":1489538342291,"created_time":"Wed Mar 15 00:39:02 +0000 2017","lang":"en","displayname":"DarrenJones00","time_zone":"Brisbane","msg":"RT Variety New FireIsland teaser from LogoTV promises a wet and wild happy ending https//tco/eLmnC1OuaM https//tco/vAyW37VzFc"}
{"tweet_id":841810935593459713,"created_unixtime":1489538341793,"created_time":"Wed Mar 15 00:39:01 +0000 2017","lang":"en","displayname":"babyzabs","time_zone":"","msg":"RT giamaliva pisces cont artistic abilities are at its peak the most selfless of all signs will give u the world 2 make u… "}
{"tweet_id":841810937652871169,"created_unixtime":1489538342284,"created_time":"Wed Mar 15 00:39:02 +0000 2017","lang":"en","displayname":"benrich86","time_zone":"Central Time (US & Canada)","msg":"RT OBPeppers Happy birthday to Kaler Davis Hes the man Be sure to give him a shout out when you come in tonight https//tco/kDhJaCYr…"}
{"tweet_id":841810936323162112,"created_unixtime":1489538341967,"created_time":"Wed Mar 15 00:39:01 +0000 2017","lang":"en","displayname":"postmaolne","time_zone":"Atlantic Time (Canada)","msg":"RT CanceIlations sometimes the best way to be happy is to learn to let go of things you tried hard to hold on to that are no longer good…"}
{"tweet_id":841810938613268480,"created_unixtime":1489538342513,"created_time":"Wed Mar 15 00:39:02 +0000 2017","lang":"en","displayname":"MheannMalicdem","time_zone":"","msg":"RT serranodmarie tragedy_joan mainedcm aldenrichards02  happy day   its wed633 AM PH timeenjoy lng tayo friends ALDUBxDTBYTugO…"}
{"tweet_id":841810938957197312,"created_unixtime":1489538342595,"created_time":"Wed Mar 15 00:39:02 +0000 2017","lang":"en","displayname":"_Aronn93","time_zone":"","msg":"Wohoo amin thankyou kukii 5yearwithNUEST https//tco/0WNoEli2fs"}
{"tweet_id":841810938739228672,"created_unixtime":1489538342543,"created_time":"Wed Mar 15 00:39:02 +0000 2017","lang":"en","displayname":"RIVEMaroc","time_zone":"","msg":"Happy to announce that MoevenpickTanger is not only going to be again our partner but also 10  30 380V charging https//tco/0lQC1Mr4kE"}
{"tweet_id":841810939770949632,"created_unixtime":1489538342789,"created_time":"Wed Mar 15 00:39:02 +0000 2017","lang":"en","displayname":"jingIsAGirl","time_zone":"Pacific Time (US & Canada)","msg":"RT OTWOLThailand Happy 3rd Anniversary We Love JaDine Official Fans Club    OTWOL ThailandLetOurPurpleHeartsShineAt3 https//tco/O…"}
{"tweet_id":841810939641008129,"created_unixtime":1489538342758,"created_time":"Wed Mar 15 00:39:02 +0000 2017","lang":"en","displayname":"countrycrush1","time_zone":"Eastern Time (US & Canada)","msg":"RT madelinemerlo HAPPY COUNTRY CRUSH DAY EVERYBODYYYY 💗 available today on Amazon amp Walmart https//tco/yrMsg9ZUIN"}
{"tweet_id":841810939481591808,"created_unixtime":1489538342720,"created_time":"Wed Mar 15 00:39:02 +0000 2017","lang":"en","displayname":"maddiehayse","time_zone":"","msg":"thanks emma D https//tco/1rqO9ZA7HH"}
{"tweet_id":841810940039446530,"created_unixtime":1489538342853,"created_time":"Wed Mar 15 00:39:02 +0000 2017","lang":"en","displayname":"ISlappedYoMomsB","time_zone":"Atlantic Time (Canada)","msg":"RT 1desto_ Not everybody can do what we do so of course we take pride in it🤷🏽‍♀️💪🏽Happy Wednesday ☀️ https//tco/2a6El8Di1k"}
{"tweet_id":841810940349693952,"created_unixtime":1489538342927,"created_time":"Wed Mar 15 00:39:02 +0000 2017","lang":"en","displayname":"Gayatri__J","time_zone":"New Delhi","msg":"RT shanpalus sorry we got people to get excited about math for like four seconds https//tco/IoNQsKRjzA"}
{"tweet_id":841810938340757506,"created_unixtime":1489538342448,"created_time":"Wed Mar 15 00:39:02 +0000 2017","lang":"en","displayname":"azy_mack","time_zone":"","msg":"RT todderic_ i had a dream david dobrik required me to shave my happy trail for the vlogs"}
{"tweet_id":841810940525924352,"created_unixtime":1489538342969,"created_time":"Wed Mar 15 00:39:02 +0000 2017","lang":"en","displayname":"sam_breezy","time_zone":"Alaska","msg":"Tair_Uhh teamsteenZzz Happy Birthday steenz 🎉🎁hope its litty"}
{"tweet_id":841810940379160576,"created_unixtime":1489538342934,"created_time":"Wed Mar 15 00:39:02 +0000 2017","lang":"en","displayname":"UNREAL36","time_zone":"Zagreb","msg":"RT nieuwemarlean Playtime Happy day all 🐈🐈😘🌹🌼 https//tco/Bb7NNFoVPm"}
{"tweet_id":841810940316274688,"created_unixtime":1489538342919,"created_time":"Wed Mar 15 00:39:02 +0000 2017","lang":"en","displayname":"Mesha103_","time_zone":"","msg":"Im so happy with my life rn nbs"}
{"tweet_id":841810940886581248,"created_unixtime":1489538343055,"created_time":"Wed Mar 15 00:39:03 +0000 2017","lang":"en","displayname":"cherrypieblues_","time_zone":"Arizona","msg":"RT blankedsoul i love you but you make me so sad"}
{"tweet_id":841810940815384577,"created_unixtime":1489538343038,"created_time":"Wed Mar 15 00:39:03 +0000 2017","lang":"en","displayname":"juruokwaramoi__","time_zone":"Eastern Time (US & Canada)","msg":"Happy birthday steph_hill_  Hope your day has been nothing but the best bbg❤❤🎉"}
{"tweet_id":841810940941103104,"created_unixtime":1489538343068,"created_time":"Wed Mar 15 00:39:03 +0000 2017","lang":"en","displayname":"nicoleagapay","time_zone":"Beijing","msg":"RT AdorabIeAnimal THIS JUST MADE ME SO HAPPY https//tco/AsV7FQnJoN"}
{"tweet_id":841810939724877824,"created_unixtime":1489538342778,"created_time":"Wed Mar 15 00:39:02 +0000 2017","lang":"en","displayname":"LibDemHeadlines","time_zone":"London","msg":"RT 5liveSport I am so happy but I am cryingThis is what it means to be a LCFC fan tonight EmotionalLEISEV https//tco/0DQWr7T8…"}
{"tweet_id":841810940685357058,"created_unixtime":1489538343007,"created_time":"Wed Mar 15 00:39:03 +0000 2017","lang":"en","displayname":"Key_to_life6","time_zone":"Quito","msg":"RT THE_ButlerDavis Yo Happy Birthday to homie Key_to_life6 aka Key 40"}
{"tweet_id":841810941209538560,"created_unixtime":1489538343132,"created_time":"Wed Mar 15 00:39:03 +0000 2017","lang":"und","displayname":"zariqhazie","time_zone":"Kuala Lumpur","msg":"hanimMuhmmad https//tco/jvt8PFFuDy"}
{"tweet_id":841810941259988996,"created_unixtime":1489538343144,"created_time":"Wed Mar 15 00:39:03 +0000 2017","lang":"en","displayname":"meg_manning135","time_zone":"","msg":"RT Stormzy1 Do what makes you happy mate"}
{"tweet_id":841810942077804544,"created_unixtime":1489538343339,"created_time":"Wed Mar 15 00:39:03 +0000 2017","lang":"en","displayname":"HUNNIDProof_","time_zone":"Alaska","msg":"RT D_Deji28 Do you guys know why he was killed A girl lied that he raped her and her brother shot him dead https//tco/IWDVDZp3rz"}
{"tweet_id":841810942950273024,"created_unixtime":1489538343547,"created_time":"Wed Mar 15 00:39:03 +0000 2017","lang":"en","displayname":"GuramritSingh87","time_zone":"","msg":"RT MIT Happy snow day PiDay ❄️️❄️️❄️️ https//tco/gvEor9uhSM"}
{"tweet_id":841810943214530560,"created_unixtime":1489538343610,"created_time":"Wed Mar 15 00:39:03 +0000 2017","lang":"en","displayname":"YourCupofShanTi","time_zone":"Eastern Time (US & Canada)","msg":"Please dont say its steak and bj day https//tco/LDhsBBjeFf"}
{"tweet_id":841810942484746240,"created_unixtime":1489538343436,"created_time":"Wed Mar 15 00:39:03 +0000 2017","lang":"en","displayname":"DalynWertz","time_zone":"","msg":"So proud and happy for samuelknights https//tco/ubMt2rOE20"}
{"tweet_id":841810943575265282,"created_unixtime":1489538343696,"created_time":"Wed Mar 15 00:39:03 +0000 2017","lang":"en","displayname":"Teru_Sushi","time_zone":"Pacific Time (US & Canada)","msg":"Our happy hour is 💣💣💣💣🔥🔥🔥 Kirin Draft Beer Glass for 150 and Pitcher for 12 https//tco/UBgaBT5XzY"}
{"tweet_id":841810943923359744,"created_unixtime":1489538343779,"created_time":"Wed Mar 15 00:39:03 +0000 2017","lang":"en","displayname":"arcticmongeau","time_zone":"Pacific Time (US & Canada)","msg":"RT TanasArmyy arcticmongeau tanamongeau tell ari happy birthday pls ❤️💛its tomorrow"}
{"tweet_id":841810943889838081,"created_unixtime":1489538343771,"created_time":"Wed Mar 15 00:39:03 +0000 2017","lang":"en","displayname":"MikeLeonard241","time_zone":"","msg":"Happy pi day3️⃣⏺1️⃣4️⃣"}
{"tweet_id":841810943952736256,"created_unixtime":1489538343786,"created_time":"Wed Mar 15 00:39:03 +0000 2017","lang":"en","displayname":"Project_POH","time_zone":"","msg":"RT smiley2814 I wish DeMarcusWare a happy retirement and a great rest of his life You are a legend Thankful"}
{"tweet_id":841810943638134785,"created_unixtime":1489538343711,"created_time":"Wed Mar 15 00:39:03 +0000 2017","lang":"en","displayname":"mssophiarosee","time_zone":"Eastern Time (US & Canada)","msg":"RT karina_hefner i get so sad for no reason its so annoying"}
{"tweet_id":841810944275619840,"created_unixtime":1489538343863,"created_time":"Wed Mar 15 00:39:03 +0000 2017","lang":"en","displayname":"iamomarx","time_zone":"","msg":"RT richthekid Focus on what makes you happy"}
{"tweet_id":841810943927554053,"created_unixtime":1489538343780,"created_time":"Wed Mar 15 00:39:03 +0000 2017","lang":"en","displayname":"ZPD23","time_zone":"Central Time (US & Canada)","msg":"This is dope https//tco/IvUJJgn8o8"}
{"tweet_id":841810944338583552,"created_unixtime":1489538343878,"created_time":"Wed Mar 15 00:39:03 +0000 2017","lang":"en","displayname":"aaliyuuhh","time_zone":"Pacific Time (US & Canada)","msg":"RT _noemyromo Its sad to see what people turn into"}
{"tweet_id":841810944275673088,"created_unixtime":1489538343863,"created_time":"Wed Mar 15 00:39:03 +0000 2017","lang":"en","displayname":"ashleypdeluca1","time_zone":"Eastern Time (US & Canada)","msg":"Same https//tco/mjiEhbJvg4"}
{"tweet_id":841810943726223362,"created_unixtime":1489538343732,"created_time":"Wed Mar 15 00:39:03 +0000 2017","lang":"en","displayname":"kjzs_","time_zone":"Paris","msg":"Seobb is so cute sjhsjh0628 Happy belated White Day too~ https//tco/qhXUlW1fxW"}
{"tweet_id":841810944657350658,"created_unixtime":1489538343954,"created_time":"Wed Mar 15 00:39:03 +0000 2017","lang":"en","displayname":"zoelindsay11","time_zone":"","msg":"molllyhill19 happY birthdaY molly have a gooooood one❣️💫"}
{"tweet_id":841810945483587585,"created_unixtime":1489538344151,"created_time":"Wed Mar 15 00:39:04 +0000 2017","lang":"en","displayname":"LAlupusLady","time_zone":"Pacific Time (US & Canada)","msg":"Hi hcldr Amanda Lupus patient/advocateHappy Pi Day and hcldr"}
{"tweet_id":841810945395589121,"created_unixtime":1489538344130,"created_time":"Wed Mar 15 00:39:04 +0000 2017","lang":"en","displayname":"sjjc16","time_zone":"London","msg":"RT kashanacauley Weve all set a world record for how happy anyone can be when thinking about tax returns"}
{"tweet_id":841810945663938560,"created_unixtime":1489538344194,"created_time":"Wed Mar 15 00:39:04 +0000 2017","lang":"en","displayname":"handunham","time_zone":"","msg":"RT MadiFaithh Listening to sad music with your bffs is so relaxing"}
{"tweet_id":841810945357840388,"created_unixtime":1489538344121,"created_time":"Wed Mar 15 00:39:04 +0000 2017","lang":"en","displayname":"BreakfastAtBars","time_zone":"Central Time (US & Canada)","msg":"Happy Pi Day"}
{"tweet_id":841810945055813633,"created_unixtime":1489538344049,"created_time":"Wed Mar 15 00:39:04 +0000 2017","lang":"en","displayname":"NicoSalazarV","time_zone":"","msg":"RT MatPatGT A nerdy math joke for a nerdy holidayHappy Pi Day https//tco/jRxvuScUyn"}
{"tweet_id":841810945605218305,"created_unixtime":1489538344180,"created_time":"Wed Mar 15 00:39:04 +0000 2017","lang":"en","displayname":"katamariroll","time_zone":"Pacific Time (US & Canada)","msg":"RT BalboaPark What do you call a snake thats 314 feet longA πthon 🐍Happy PiDaysandiego snake sandiegozoo https//tco/x2aQlNJ…"}
{"tweet_id":841810945881997312,"created_unixtime":1489538344246,"created_time":"Wed Mar 15 00:39:04 +0000 2017","lang":"en","displayname":"junstrr","time_zone":"Pacific Time (US & Canada)","msg":"hearing abt how everyone at my school is getting so down bc of the portland weather makes me sad  dw everyone itll be ok"}
{"tweet_id":841810941620637697,"created_unixtime":1489538343230,"created_time":"Wed Mar 15 00:39:03 +0000 2017","lang":"en","displayname":"kindness0278","time_zone":"","msg":"RT lucyliciousmith Edward So happy to be here MBMayWard"}
{"tweet_id":841810941675159554,"created_unixtime":1489538343243,"created_time":"Wed Mar 15 00:39:03 +0000 2017","lang":"en","displayname":"meenarana18","time_zone":"","msg":"RT thesecret The whole point of life is to have fun to seek happiness to be happy That is your one and only purpose in life"}
{"tweet_id":841810941528399876,"created_unixtime":1489538343208,"created_time":"Wed Mar 15 00:39:03 +0000 2017","lang":"en","displayname":"neesejanay","time_zone":"Eastern Time (US & Canada)","msg":"Im sad asf watching this teeenagees locked up"}
{"tweet_id":841810942040104961,"created_unixtime":1489538343330,"created_time":"Wed Mar 15 00:39:03 +0000 2017","lang":"en","displayname":"VictorMwamba3","time_zone":"","msg":"Happy Birthday to my brother💯💪🏾 brotherdarknes0 go follow Bro rn"}
{"tweet_id":841810942287613955,"created_unixtime":1489538343389,"created_time":"Wed Mar 15 00:39:03 +0000 2017","lang":"en","displayname":"H2PITTBlue1","time_zone":"","msg":"DavidCayJ maddow DCReportMedia Lawrence How Sad  Please do your Best to NOT look Like the AHOLE you obviously Are"}
{"tweet_id":841810942233055232,"created_unixtime":1489538343376,"created_time":"Wed Mar 15 00:39:03 +0000 2017","lang":"en","displayname":"Kmolchen","time_zone":"Eastern Time (US & Canada)","msg":"RT paigereefer The only person that can make me genuinely happy is myself"}
{"tweet_id":841810942346297345,"created_unixtime":1489538343403,"created_time":"Wed Mar 15 00:39:03 +0000 2017","lang":"en","displayname":"irelandpapa328","time_zone":"","msg":"Happy Birthday CarliGable have a great day because its possible 😂😍"}
{"tweet_id":841810943218716674,"created_unixtime":1489538343611,"created_time":"Wed Mar 15 00:39:03 +0000 2017","lang":"en","displayname":"paigeeoo","time_zone":"Helsinki","msg":"RT Aly_Raisman Happy birthday to my lovely girl Simone_Biles She deserves the best day ever  20"}
{"tweet_id":841810943420047362,"created_unixtime":1489538343659,"created_time":"Wed Mar 15 00:39:03 +0000 2017","lang":"en","displayname":"madisontbentley","time_zone":"","msg":"Thank you https//tco/C2rx2N6QM3"}
{"tweet_id":841810945089368064,"created_unixtime":1489538344057,"created_time":"Wed Mar 15 00:39:04 +0000 2017","lang":"en","displayname":"mariaferraraa","time_zone":"","msg":"RT nakedmagic Im so happy these exists https//tco/6qnfsAlOfA"}
{"tweet_id":841810945567518720,"created_unixtime":1489538344171,"created_time":"Wed Mar 15 00:39:04 +0000 2017","lang":"en","displayname":"SecretHomeBaker","time_zone":"","msg":"More these Chocchip Cookies PLEASE Another gluten free order Happy hump day… https//tco/eLqOQP6Qtl"}
{"tweet_id":841810941259988996,"created_unixtime":1489538343144,"created_time":"Wed Mar 15 00:39:03 +0000 2017","lang":"en","displayname":"meg_manning135","time_zone":"","msg":"RT Stormzy1 Do what makes you happy mate"}
{"tweet_id":841810946083319810,"created_unixtime":1489538344294,"created_time":"Wed Mar 15 00:39:04 +0000 2017","lang":"en","displayname":"adityacharan","time_zone":"","msg":"RT DownWithDamon Happy Birthday StephenCurry30 Heres every time LeBron James blocked you in last years NBA Finals Memories https//t…"}
{"tweet_id":841810943608819712,"created_unixtime":1489538343704,"created_time":"Wed Mar 15 00:39:03 +0000 2017","lang":"en","displayname":"GracWalker","time_zone":"","msg":"RT MacieHuntleyy Happy Birthday Austin🎉😋💟thanks for suffering in Chem w me much love💗💗 GracWalker https//tco/YtYLw2f2O9"}
{"tweet_id":841810945877909504,"created_unixtime":1489538344245,"created_time":"Wed Mar 15 00:39:04 +0000 2017","lang":"en","displayname":"SummerKnight99","time_zone":"London","msg":"RT Adolfhibsta Never tell your friend theyre getting cheated on especially if they seem happy Stay in ya lane amp mind ur business"}
{"tweet_id":841810946284699648,"created_unixtime":1489538344342,"created_time":"Wed Mar 15 00:39:04 +0000 2017","lang":"en","displayname":"misslaceyyy","time_zone":"Eastern Time (US & Canada)","msg":"Lolz what Lacey actually said was if yall are mad stay fucking mad Ima still go to work make money and carry on with my happy ass 👑💄💋"}
{"tweet_id":841810938907000833,"created_unixtime":1489538342583,"created_time":"Wed Mar 15 00:39:02 +0000 2017","lang":"en","displayname":"foxxtrotx","time_zone":"London","msg":"RT NintendoAmerica Poochy heard the word Pi and got excited Happy PiDay https//tco/qLVabwbqi8"}
{"tweet_id":841810946456662020,"created_unixtime":1489538344383,"created_time":"Wed Mar 15 00:39:04 +0000 2017","lang":"en","displayname":"ThatGirl_Miaaa","time_zone":"","msg":"RT CultureFUBU Happy Birthday Merlin SantanaRIP https//tco/0K4quO4M5g"}
{"tweet_id":841810943789154304,"created_unixtime":1489538343747,"created_time":"Wed Mar 15 00:39:03 +0000 2017","lang":"en","displayname":"mafia7275H","time_zone":"Pacific Time (US & Canada)","msg":"RT 5HVotingStats Scared Of Happy FifthHarmony YouKnowYouLoveThem radiodisney"}
{"tweet_id":841810946725105664,"created_unixtime":1489538344447,"created_time":"Wed Mar 15 00:39:04 +0000 2017","lang":"en","displayname":"_Aronn93","time_zone":"","msg":"RT jjkxxkie Happy 5th years anniversary for NUEST sunbaenim~ Wish always be 5 dan stay for long time Lebih sukses kedepannya… "}
{"tweet_id":841810946754465793,"created_unixtime":1489538344454,"created_time":"Wed Mar 15 00:39:04 +0000 2017","lang":"en","displayname":"nicko_1434","time_zone":"","msg":"Happy Pi day all"}
{"tweet_id":841810946746122240,"created_unixtime":1489538344452,"created_time":"Wed Mar 15 00:39:04 +0000 2017","lang":"en","displayname":"CaptainLeeena","time_zone":"Abu Dhabi","msg":"RT passionfuI I high key just wanna make sure you’re happy as fuck"}
{"tweet_id":841810946226032640,"created_unixtime":1489538344328,"created_time":"Wed Mar 15 00:39:04 +0000 2017","lang":"en","displayname":"KizunaRemi","time_zone":"","msg":"RT ilovedaehyun [INSTAGRAM] 170314 BAP_Daehyun posted a photo  All day everyday Im happy because of all of you Thank you from t… "}
{"tweet_id":841810947127750656,"created_unixtime":1489538344543,"created_time":"Wed Mar 15 00:39:04 +0000 2017","lang":"ja","displayname":"chimerolove0228","time_zone":"","msg":"RT v0PnixGOqPcp9rN 海未ちゃんお誕生日おめでとう🎉🎉皆を引っ張ってくれるしっかりした所と稀に抜けている海未ちゃんが大好きだ♥Happy Birthday ♥園田海未生誕祭2017 3月15日は園田海未の誕生日… "}
{"tweet_id":841810947337535489,"created_unixtime":1489538344593,"created_time":"Wed Mar 15 00:39:04 +0000 2017","lang":"en","displayname":"GenieBaeee","time_zone":"Hawaii","msg":"RT sobbed i hate getting so sad to the point where my body completely shuts down and all i can do is just lay there and think about all…"}
{"tweet_id":841810947354292225,"created_unixtime":1489538344597,"created_time":"Wed Mar 15 00:39:04 +0000 2017","lang":"en","displayname":"BlazePizza","time_zone":"Pacific Time (US & Canada)","msg":"samiclairee Yep Happy PiDay 🍕 HowDoYouBlaze BlazePiDay"}
{"tweet_id":841810947526217729,"created_unixtime":1489538344638,"created_time":"Wed Mar 15 00:39:04 +0000 2017","lang":"en","displayname":"boise2030","time_zone":"","msg":"Happy PiDay from us here at Boise2030"}
{"tweet_id":841810947912171520,"created_unixtime":1489538344730,"created_time":"Wed Mar 15 00:39:04 +0000 2017","lang":"en","displayname":"faith09luvsyou","time_zone":"Eastern Time (US & Canada)","msg":"Happy birthday Amaya🎉 hope you had a great day🤗💜 actuallyamaya"}
{"tweet_id":841810948121849856,"created_unixtime":1489538344780,"created_time":"Wed Mar 15 00:39:04 +0000 2017","lang":"es","displayname":"kiarelysnicole_","time_zone":"Atlantic Time (Canada)","msg":"Sad pq hoy es blowjob day y ningún baby se lo merece"}
{"tweet_id":841810947220099074,"created_unixtime":1489538344565,"created_time":"Wed Mar 15 00:39:04 +0000 2017","lang":"pt","displayname":"thehungermiles","time_zone":"Santiago","msg":"RT chartsmcyrus Será que Turn It Loose é o titulo de alguma coisa relacionada a nova era de Miley 🤔 https//tco/U2DK1PKVKK"}
{"tweet_id":841810948100780032,"created_unixtime":1489538344775,"created_time":"Wed Mar 15 00:39:04 +0000 2017","lang":"in","displayname":"ohaizelnut","time_zone":"Jakarta","msg":"Ya tuhanku T____T https//tco/N3Gau7YMjr"}
{"tweet_id":841810948285390848,"created_unixtime":1489538344819,"created_time":"Wed Mar 15 00:39:04 +0000 2017","lang":"en","displayname":"dianaatuna","time_zone":"Beijing","msg":"Happy birthday bettinaamendoza Have a greaaaat day "}
{"tweet_id":841810948654546944,"created_unixtime":1489538344907,"created_time":"Wed Mar 15 00:39:04 +0000 2017","lang":"en","displayname":"LukeJohnson2014","time_zone":"","msg":"RT ShockerLIFE If you look closely you can see all the studentathletes who received a 314 GPA or higher in the Fall Semester H… "}
{"tweet_id":841810948126085120,"created_unixtime":1489538344781,"created_time":"Wed Mar 15 00:39:04 +0000 2017","lang":"in","displayname":"alisha_pree","time_zone":"Pacific Time (US & Canada)","msg":"RT DewiDedew_AM Mbak soffiemarchue saydont worry be happy akan ada gebrakan after aniv whatsonANTV kejutan invite PREETIKA RAO… "}
{"tweet_id":841810949027717120,"created_unixtime":1489538344996,"created_time":"Wed Mar 15 00:39:04 +0000 2017","lang":"hi","displayname":"draksbond","time_zone":"","msg":"RT iammamta29 रोये वो इस कदर उनकी लाश से लिपटकरकि लाश खुद उठ कर बोलीले तू मरजा पहलेउपर ही चढे जा रहा है इतनी गर्मी में। 😜😜😜😜😜😜Ha…"}
{"tweet_id":841810948394483713,"created_unixtime":1489538344845,"created_time":"Wed Mar 15 00:39:04 +0000 2017","lang":"en","displayname":"SmolTeenPegg","time_zone":"","msg":"He watches the TL a sad smile on his face https//tco/g4ZUbQJffI"}
{"tweet_id":841810949606531072,"created_unixtime":1489538345134,"created_time":"Wed Mar 15 00:39:05 +0000 2017","lang":"en","displayname":"haileyparks4","time_zone":"","msg":"Im finally genuinely happy"}
{"tweet_id":841810949325639680,"created_unixtime":1489538345067,"created_time":"Wed Mar 15 00:39:05 +0000 2017","lang":"en","displayname":"T_and_A_Racing","time_zone":"Central Time (US & Canada)","msg":"AshleyJudd is nuttier than squirrel dookie Please get her to a treatment center https//tco/PGPga3vORU"}
{"tweet_id":841810948524511232,"created_unixtime":1489538344876,"created_time":"Wed Mar 15 00:39:04 +0000 2017","lang":"en","displayname":"Tyson_Thorp","time_zone":"Pacific Time (US & Canada)","msg":"Rashard_Elijah Happy BDay Rashard"}
{"tweet_id":841810949594046464,"created_unixtime":1489538345131,"created_time":"Wed Mar 15 00:39:05 +0000 2017","lang":"en","displayname":"CesarGRBF","time_zone":"","msg":"RT ringelrei please I want them to be happy https//tco/mMMS2L9zbw"}
{"tweet_id":841810950239862784,"created_unixtime":1489538345285,"created_time":"Wed Mar 15 00:39:05 +0000 2017","lang":"en","displayname":"Jnada101","time_zone":"Pacific Time (US & Canada)","msg":"RT kalebhorton Saying America is optimistic because CEOs are optimistic is like saying prisoners are happy because you heard the w… "}
{"tweet_id":841810949703118849,"created_unixtime":1489538345157,"created_time":"Wed Mar 15 00:39:05 +0000 2017","lang":"en","displayname":"MaldonadoGrassi","time_zone":"Pacific Time (US & Canada)","msg":"Im sad Im counting down the time until my pizza is ready fml"}
{"tweet_id":841810950948810752,"created_unixtime":1489538345454,"created_time":"Wed Mar 15 00:39:05 +0000 2017","lang":"en","displayname":"Alisonnnx_","time_zone":"Atlantic Time (Canada)","msg":"RT geraIdriggins life is too short to be stressing over 1 PERSON THATS NOT GOOD FOR YOU WHEN THERES SOMEONE OUT THERE LOOKING FOR YOU TO…"}
{"tweet_id":841810950982406144,"created_unixtime":1489538345462,"created_time":"Wed Mar 15 00:39:05 +0000 2017","lang":"en","displayname":"DeMarco_42","time_zone":"","msg":"Happy birthday babewouldnt be able to get though English without you Have a good one 💯😘epietschmann9"}
{"tweet_id":841810950848167936,"created_unixtime":1489538345430,"created_time":"Wed Mar 15 00:39:05 +0000 2017","lang":"en","displayname":"Gwenda","time_zone":"Eastern Time (US & Canada)","msg":"DelilahSDawson Yes unfortunately I always am halfhappy halfdid I need this stuff"}
{"tweet_id":841810950701387776,"created_unixtime":1489538345395,"created_time":"Wed Mar 15 00:39:05 +0000 2017","lang":"en","displayname":"henddhesham7","time_zone":"","msg":"RT Nourannkhaleddd saying im tired when youre actually sad"}
{"tweet_id":841810951397621764,"created_unixtime":1489538345561,"created_time":"Wed Mar 15 00:39:05 +0000 2017","lang":"en","displayname":"bridgetteAscott","time_zone":"","msg":"Happy birthday Ashley I hope its as great as you are PS nice goal tonight 🎉🎉 ajperkins14"}
{"tweet_id":841810951586381824,"created_unixtime":1489538345606,"created_time":"Wed Mar 15 00:39:05 +0000 2017","lang":"en","displayname":"myerovich","time_zone":"","msg":"RT richthekid Focus on what makes you happy"}
{"tweet_id":841810951863209985,"created_unixtime":1489538345672,"created_time":"Wed Mar 15 00:39:05 +0000 2017","lang":"en","displayname":"badlandsftzayn","time_zone":"Eastern Time (US & Canada)","msg":"RT mickeysnoel mickey and ian are still in contact and trevor aint too happy 👀 https//tco/onTdHU9YQE"}
{"tweet_id":841810952018395136,"created_unixtime":1489538345709,"created_time":"Wed Mar 15 00:39:05 +0000 2017","lang":"en","displayname":"rachelcguz_","time_zone":"","msg":"RT Goddesseslnc A private life is a happy life  💯💯💯🙌🏾"}
{"tweet_id":841810952584626176,"created_unixtime":1489538345844,"created_time":"Wed Mar 15 00:39:05 +0000 2017","lang":"en","displayname":"imkumarsandy","time_zone":"","msg":"RT priyankachopra Happy birthday aamir_khan may this year bring you lots of happiness and joy Much love always"}
{"tweet_id":841810934502965249,"created_unixtime":1489538341533,"created_time":"Wed Mar 15 00:39:01 +0000 2017","lang":"en","displayname":"isisx0","time_zone":"","msg":"RT lndepth if youre sad over a guy remember that you can create humans bleed for 7 days without dying amp swallow kids all guys do is l…"}
{"tweet_id":841810952072781824,"created_unixtime":1489538345722,"created_time":"Wed Mar 15 00:39:05 +0000 2017","lang":"en","displayname":"VickieBergeron5","time_zone":"","msg":"Ocala_MattMan FoxNews AshleyJudd FoxNewsInsider thank you but I call them as I see them Sad"}
{"tweet_id":841810951804489728,"created_unixtime":1489538345658,"created_time":"Wed Mar 15 00:39:05 +0000 2017","lang":"en","displayname":"Tab22Tab","time_zone":"","msg":"RT Stephen_SNP Cold in Cove tonight  but hundreds of doors chapped and lots of happy constituents VoteSNP council17 https//tco/n7iZb…"}
{"tweet_id":841810952634933248,"created_unixtime":1489538345856,"created_time":"Wed Mar 15 00:39:05 +0000 2017","lang":"en","displayname":"pnoriega24","time_zone":"Mountain Time (US & Canada)","msg":"RT andibeth012 PRECIOUS HAPPY LOVE BUG DMPD FKG IRRESPONSIBLE OWNR FKU NH RESKILL 💉3/15 😈NYCACC SUPR SOCIAL FNDLY SMART LOVES PP… "}
{"tweet_id":841810953490554884,"created_unixtime":1489538346060,"created_time":"Wed Mar 15 00:39:06 +0000 2017","lang":"en","displayname":"juliaxfernandes","time_zone":"Central Time (US & Canada)","msg":"RT TOASTOTHEGOD Its Sad When Ur Own Friends Hate On You"}
{"tweet_id":841810953662521344,"created_unixtime":1489538346101,"created_time":"Wed Mar 15 00:39:06 +0000 2017","lang":"en","displayname":"https_mixed","time_zone":"Pacific Time (US & Canada)","msg":"RT brandonnembhard as long as youre happy ill be fine"}
{"tweet_id":841810949723975680,"created_unixtime":1489538345162,"created_time":"Wed Mar 15 00:39:05 +0000 2017","lang":"en","displayname":"makkaxchin","time_zone":"Pacific Time (US & Canada)","msg":"WOOT HAPPY 4 MIL PHIL https//tco/4tXf9K0ZR8"}
{"tweet_id":841810950357307392,"created_unixtime":1489538345313,"created_time":"Wed Mar 15 00:39:05 +0000 2017","lang":"en","displayname":"dommyoliver18","time_zone":"Pacific Time (US & Canada)","msg":"Happy birthday to my first friend at Seton👭 Im so blessed to have gone through high school w you as my best friend… https//tco/q2i78Rkwg3"}
{"tweet_id":841810949459828736,"created_unixtime":1489538345099,"created_time":"Wed Mar 15 00:39:05 +0000 2017","lang":"en","displayname":"VascoThe1st","time_zone":"Casablanca","msg":"RT D_Deji28 Do you guys know why he was killed A girl lied that he raped her and her brother shot him dead https//tco/IWDVDZp3rz"}
{"tweet_id":841810954270715904,"created_unixtime":1489538346246,"created_time":"Wed Mar 15 00:39:06 +0000 2017","lang":"en","displayname":"W8Wht","time_zone":"Central Time (US & Canada)","msg":"John_Ericksson DennisPerkins5 d_hirsty maddow Ohhh so very sad  Honest itll be hitting u in the face amp u still wont see well you"}
{"tweet_id":841810953809334273,"created_unixtime":1489538346136,"created_time":"Wed Mar 15 00:39:06 +0000 2017","lang":"en","displayname":"SimburgerL31","time_zone":"Central Time (US & Canada)","msg":"RT mattredmond22 if youre from STL you know what March 14th is really about HAPPY 314 https//tco/1gWWTaVI7v"}
{"tweet_id":841810953456893953,"created_unixtime":1489538346052,"created_time":"Wed Mar 15 00:39:06 +0000 2017","lang":"en","displayname":"PsnNuch","time_zone":"","msg":"RT ramblingsloa “I do not exist to impress the worldI exist to live my life in a way that will make me happy ”― Richard Bach"}
{"tweet_id":841810954425888768,"created_unixtime":1489538346283,"created_time":"Wed Mar 15 00:39:06 +0000 2017","lang":"en","displayname":"camitchell123","time_zone":"Central Time (US & Canada)","msg":"SnoopDogg my son use to look up to you Admired your commitment to little league He told me today you shouldnt be around kids sad"}
{"tweet_id":841810953939386368,"created_unixtime":1489538346167,"created_time":"Wed Mar 15 00:39:06 +0000 2017","lang":"en","displayname":"YarosisNancy","time_zone":"","msg":"RT cerrielang BASTARDSthese BEAUTIFUL anmials should live a perfect life in a natural inhabitatTHIS IS SOOO SADIT NE… "}
{"tweet_id":841810955369619456,"created_unixtime":1489538346508,"created_time":"Wed Mar 15 00:39:06 +0000 2017","lang":"en","displayname":"Madison_Smith77","time_zone":"Pacific Time (US & Canada)","msg":"All Parents Happy Because These Cartoons S3x Scene Were Not Broadcasted https//tco/bgadR3BaiM"}
{"tweet_id":841810955214426112,"created_unixtime":1489538346471,"created_time":"Wed Mar 15 00:39:06 +0000 2017","lang":"en","displayname":"kskftjally","time_zone":"Central Time (US & Canada)","msg":"RT saturnsxing IM NO LONGER SAD THE PAIN GONE CURLS ARE ALL I SEE https//tco/Tb1J6J7qwM"}
{"tweet_id":841810954480422914,"created_unixtime":1489538346296,"created_time":"Wed Mar 15 00:39:06 +0000 2017","lang":"en","displayname":"fastylos","time_zone":"","msg":"☏ RINGRING ☏  Is for you Harry_Styles ↲Hi dearwould you like to make happy a little girl today and follow mePlease ❥I Love uX2578"}
{"tweet_id":841810954937634816,"created_unixtime":1489538346405,"created_time":"Wed Mar 15 00:39:06 +0000 2017","lang":"en","displayname":"_simplyolivia_","time_zone":"","msg":"RT CUTEST_ANlMALS THIS JUST MADE ME SO HAPPY https//tco/ZUc2I04FNu"}
{"tweet_id":841810955256377344,"created_unixtime":1489538346481,"created_time":"Wed Mar 15 00:39:06 +0000 2017","lang":"en","displayname":"Briannamlarsen","time_zone":"Atlantic Time (Canada)","msg":"RT ceaiirra girls have NO respect when it comes to relationships these days and its truly so sad"}
{"tweet_id":841810955382091777,"created_unixtime":1489538346511,"created_time":"Wed Mar 15 00:39:06 +0000 2017","lang":"in","displayname":"santok_","time_zone":"Pacific Time (US & Canada)","msg":"RT InfiniteAPR_id Happy Monday Apple Users Tetap semangat menjalani hariMu https//tco/CAk6ZLyneG"}
{"tweet_id":841810955617071104,"created_unixtime":1489538346567,"created_time":"Wed Mar 15 00:39:06 +0000 2017","lang":"en","displayname":"bbycass__","time_zone":"Eastern Time (US & Canada)","msg":"RT AdorabIeAnimal THIS JUST MADE ME SO HAPPY https//tco/AsV7FQnJoN"}
{"tweet_id":841810955046666240,"created_unixtime":1489538346431,"created_time":"Wed Mar 15 00:39:06 +0000 2017","lang":"en","displayname":"publicdiarycs","time_zone":"","msg":"Im happy things are moving slowly I need time to think about all of this"}
{"tweet_id":841810955918962689,"created_unixtime":1489538346639,"created_time":"Wed Mar 15 00:39:06 +0000 2017","lang":"en","displayname":"BellaverB","time_zone":"","msg":"RT itsGirICode THIS DOGS REACTION TO GETTING ADOPTED MAKES ME SO HAPPY 😭❤️ https//tco/KA5Ipv0PUM"}
{"tweet_id":841810956376137728,"created_unixtime":1489538346748,"created_time":"Wed Mar 15 00:39:06 +0000 2017","lang":"en","displayname":"sam_breezy","time_zone":"Alaska","msg":"RT Tair_Uhh Happy birthday to the rustiest spoon I know teamsteenZzz 😂😂😂 https//tco/3mJU4EOT51"}
{"tweet_id":841810956313276417,"created_unixtime":1489538346733,"created_time":"Wed Mar 15 00:39:06 +0000 2017","lang":"en","displayname":"htr8000","time_zone":"Tokyo","msg":"RT Tayca_team8 2017314IDOL CONTENT EXPO ～Happy White Day～   新宿BLAZEぷちぱすぽ https//tco/Gpe5Wx10Lx"}
{"tweet_id":841810956581773312,"created_unixtime":1489538346797,"created_time":"Wed Mar 15 00:39:06 +0000 2017","lang":"en","displayname":"KizunaRemi","time_zone":"","msg":"RT cassie_babyz [170314 Daehyuns Instagram] Day after day every and every day I am happy thanks to everyone truly thank you🌹… "}
{"tweet_id":841810956363657217,"created_unixtime":1489538346745,"created_time":"Wed Mar 15 00:39:06 +0000 2017","lang":"en","displayname":"EtheProducer_","time_zone":"Eastern Time (US & Canada)","msg":"RT TheeNatureBoy Were so happy Even when we smiling out of fear"}
{"tweet_id":841810956363698176,"created_unixtime":1489538346745,"created_time":"Wed Mar 15 00:39:06 +0000 2017","lang":"en","displayname":"drz","time_zone":"Pacific Time (US & Canada)","msg":"Thanks Jared 🐝 Wiese for the follow I´m very happy about it"}
{"tweet_id":841810956573384704,"created_unixtime":1489538346795,"created_time":"Wed Mar 15 00:39:06 +0000 2017","lang":"en","displayname":"dccrabtree","time_zone":"Central Time (US & Canada)","msg":"RT girlposts Someone When was the last time u were truly happyMe https//tco/wzhzedcF5P"}
{"tweet_id":841810956460081152,"created_unixtime":1489538346768,"created_time":"Wed Mar 15 00:39:06 +0000 2017","lang":"en","displayname":"BJulissa97","time_zone":"Pacific Time (US & Canada)","msg":"RT AOIIWrightState Happy Pi Day from Alpha Omicron Pi ❤ https//tco/x9CZagtRw5"}
{"tweet_id":841810956887949312,"created_unixtime":1489538346870,"created_time":"Wed Mar 15 00:39:06 +0000 2017","lang":"en","displayname":"Georgette_NS","time_zone":"Pacific Time (US & Canada)","msg":"birthfrom_stars Happy 17th Birthday🌸🎀"}
{"tweet_id":841810956997009408,"created_unixtime":1489538346896,"created_time":"Wed Mar 15 00:39:06 +0000 2017","lang":"en","displayname":"AshleighKing_27","time_zone":"","msg":"Happy birthday pretty girl 💗💗 laynebeaver"}
{"tweet_id":841810957638623232,"created_unixtime":1489538347049,"created_time":"Wed Mar 15 00:39:07 +0000 2017","lang":"en","displayname":"sadgirllyss","time_zone":"Pacific Time (US & Canada)","msg":"RT anahixrodriguez Happy https//tco/dsU5QjzoXl"}
{"tweet_id":841810956938293252,"created_unixtime":1489538346882,"created_time":"Wed Mar 15 00:39:06 +0000 2017","lang":"en","displayname":"sifebook","time_zone":"Riyadh","msg":"RT WiStateJournal Packers Lance Kendricks happy to be back home in Wisconsin https//tco/kNewCYmPCu"}
{"tweet_id":841810957793812480,"created_unixtime":1489538347086,"created_time":"Wed Mar 15 00:39:07 +0000 2017","lang":"en","displayname":"goscipgirl","time_zone":"Pacific Time (US & Canada)","msg":"RT AllyBrooke 😭 CONGRATULATIONS COLTON IM SO HAPPY FOR YOU 😭😭❤❤💍 ColtonLHaynes"}
{"tweet_id":841810958179827712,"created_unixtime":1489538347178,"created_time":"Wed Mar 15 00:39:07 +0000 2017","lang":"en","displayname":"DestinyAris","time_zone":"","msg":"RT Parajae__ He knows just how to keep me happy ❤️ https//tco/g68jrAklVv"}
{"tweet_id":841810958758510592,"created_unixtime":1489538347316,"created_time":"Wed Mar 15 00:39:07 +0000 2017","lang":"en","displayname":"carlya90","time_zone":"","msg":"RT CuteOverloads THIS JUST MADE ME SO HAPPY https//tco/0X8oNeJpgd"}
{"tweet_id":841810952072781824,"created_unixtime":1489538345722,"created_time":"Wed Mar 15 00:39:05 +0000 2017","lang":"en","displayname":"VickieBergeron5","time_zone":"","msg":"Ocala_MattMan FoxNews AshleyJudd FoxNewsInsider thank you but I call them as I see them Sad"}
{"tweet_id":841810958762819584,"created_unixtime":1489538347317,"created_time":"Wed Mar 15 00:39:07 +0000 2017","lang":"en","displayname":"hannahsternisha","time_zone":"","msg":"RT emmywells999 Happy birthday Han❤️ hope you have a great day  Miss you hannahsternisha"}
{"tweet_id":841810959232466944,"created_unixtime":1489538347429,"created_time":"Wed Mar 15 00:39:07 +0000 2017","lang":"en","displayname":"LaborForBernie","time_zone":"Pacific Time (US & Canada)","msg":"RT RoseAnnDeMoro Happy Pi Day PiDay resist https//tco/WtRwHPsSL2"}
{"tweet_id":841810959257747456,"created_unixtime":1489538347435,"created_time":"Wed Mar 15 00:39:07 +0000 2017","lang":"en","displayname":"Deliesha29","time_zone":"Pacific Time (US & Canada)","msg":"RT Vulnerable its so sad and frustrating when you try your hardest but people still dont find it good enough"}
{"tweet_id":841810959484182528,"created_unixtime":1489538347489,"created_time":"Wed Mar 15 00:39:07 +0000 2017","lang":"ja","displayname":"patissiere_gole","time_zone":"","msg":"RT _mogu_momori 314 Happy White Day❤︎ガトーショコラを作りました  ˊᵕˋ  ♡°⑅コッタさんのココアパウダー最高✨😆💕💓デコレーションは gemomogemo さんのを見てずっとやってみたかったものです… "}
{"tweet_id":841810959039643648,"created_unixtime":1489538347383,"created_time":"Wed Mar 15 00:39:07 +0000 2017","lang":"en","displayname":"MindActivity","time_zone":"Eastern Time (US & Canada)","msg":"I finally found a way how to delete old tweets You might find it useful as well https//tco/fktc0u2LD6 happy deletetweets"}
{"tweet_id":841810959765196801,"created_unixtime":1489538347556,"created_time":"Wed Mar 15 00:39:07 +0000 2017","lang":"ja","displayname":"t__omo","time_zone":"Tokyo","msg":"sintaroemo お疲れしんちゃんー！HAPPY BIRTHDAY🎂🎉🎊㊗️ついに三十路まであと一歩◎20日名古屋行くから会えることを楽しみにしてる⁰▿⁰"}
{"tweet_id":841810959152865280,"created_unixtime":1489538347410,"created_time":"Wed Mar 15 00:39:07 +0000 2017","lang":"en","displayname":"Iris67067081","time_zone":"","msg":"RT JeanetteEliz Happy Tuesday everyone 😊 Have a beautiful March day 💝🌺💕 https//tco/3UWFDFAAU4"}
{"tweet_id":841810959769473024,"created_unixtime":1489538347557,"created_time":"Wed Mar 15 00:39:07 +0000 2017","lang":"en","displayname":"Mz_Kii","time_zone":"Pacific Time (US & Canada)","msg":"RT ___xpauline I want somebody to be geeked over me😍 who cant stand not talking to me who always miss me amp wanna make me happy 😩❤️"}
{"tweet_id":841810959626821632,"created_unixtime":1489538347523,"created_time":"Wed Mar 15 00:39:07 +0000 2017","lang":"en","displayname":"batcho333","time_zone":"","msg":"RT brynngaenge Happy Birthday batcho333 Sorry I didnt believe you and thanks for dedicating your shotgun to me 😘 youre almost to the…"}
{"tweet_id":841810960058793984,"created_unixtime":1489538347626,"created_time":"Wed Mar 15 00:39:07 +0000 2017","lang":"en","displayname":"zou2","time_zone":"Arizona","msg":"RT RWPUSA Another White House ethics complaint from our team at CREW  Sad https//tco/jm2kvIUMhH"}
{"tweet_id":841810959857553409,"created_unixtime":1489538347578,"created_time":"Wed Mar 15 00:39:07 +0000 2017","lang":"en","displayname":"KiddieGarcia","time_zone":"Pacific Time (US & Canada)","msg":"RT Itsashforde THIS MAKES ME HAPPY 😭 https//tco/MUK8Z7ZxCq"}
{"tweet_id":841810960071426048,"created_unixtime":1489538347629,"created_time":"Wed Mar 15 00:39:07 +0000 2017","lang":"en","displayname":"CookTheGreat","time_zone":"Central Time (US & Canada)","msg":"Happy birthday to you ShyThugg"}
{"tweet_id":841810960247472128,"created_unixtime":1489538347671,"created_time":"Wed Mar 15 00:39:07 +0000 2017","lang":"th","displayname":"kyokami","time_zone":"Bangkok","msg":"RT Tnz_Mitsu [SF]Yous amp I R18 NSFW Victuuri sskyfic Selfcast รหัสคืออายุวิคเตอร์ อายุยูริ ติดกันสี่หลักค่ะ HAPPY WHITE DAY https/…"}
{"tweet_id":841810959589097477,"created_unixtime":1489538347514,"created_time":"Wed Mar 15 00:39:07 +0000 2017","lang":"en","displayname":"Katelynhollida2","time_zone":"","msg":"RT mendezemma123 Happy as can 🐝 https//tco/kM1VXaWsOc"}
{"tweet_id":841810954480422914,"created_unixtime":1489538346296,"created_time":"Wed Mar 15 00:39:06 +0000 2017","lang":"en","displayname":"fastylos","time_zone":"","msg":"☏ RINGRING ☏  Is for you Harry_Styles ↲Hi dearwould you like to make happy a little girl today and follow mePlease ❥I Love uX2578"}
{"tweet_id":841810960453058561,"created_unixtime":1489538347720,"created_time":"Wed Mar 15 00:39:07 +0000 2017","lang":"en","displayname":"KaptKan1","time_zone":"Pacific Time (US & Canada)","msg":"RT thepiff Happy PiDayHeres to being irrationalSee what I did there https//tco/r6QmPvWZo5"}
{"tweet_id":841810960625025024,"created_unixtime":1489538347761,"created_time":"Wed Mar 15 00:39:07 +0000 2017","lang":"en","displayname":"gamchanyapun","time_zone":"Bangkok","msg":"RT ohteenquotes Spend life with who makes you happy not with who you have to impress"}
{"tweet_id":841810961010835457,"created_unixtime":1489538347853,"created_time":"Wed Mar 15 00:39:07 +0000 2017","lang":"en","displayname":"hunterkoch19","time_zone":"","msg":"jayvaunwilson6 happy birthday vaun✊🏾have a good one"}
{"tweet_id":841810955046666240,"created_unixtime":1489538346431,"created_time":"Wed Mar 15 00:39:06 +0000 2017","lang":"en","displayname":"publicdiarycs","time_zone":"","msg":"Im happy things are moving slowly I need time to think about all of this"}
{"tweet_id":841810960834678784,"created_unixtime":1489538347811,"created_time":"Wed Mar 15 00:39:07 +0000 2017","lang":"en","displayname":"MacenzieRies","time_zone":"","msg":"RT south_stanley Random FaceTimes make me happyRandom FaceTimes make me happyRandom FaceTimes make me happyRandom FaceTimes make… "}
{"tweet_id":841810961002520576,"created_unixtime":1489538347851,"created_time":"Wed Mar 15 00:39:07 +0000 2017","lang":"en","displayname":"ran_shal","time_zone":"","msg":"RT RanveerSinghtbt Happy birthday to my all time favorite aliaa08 wish you a very very Happy birthday and we cant wait to see u in G… "}
{"tweet_id":841810960692191233,"created_unixtime":1489538347777,"created_time":"Wed Mar 15 00:39:07 +0000 2017","lang":"en","displayname":"HannahPearce10","time_zone":"Casablanca","msg":"RT hollmurg Seeing people all loved up makes me bare happy proper fucking jealous but its so nice"}
{"tweet_id":841810961191247872,"created_unixtime":1489538347896,"created_time":"Wed Mar 15 00:39:07 +0000 2017","lang":"en","displayname":"ayu_faralisa","time_zone":"Singapore","msg":"RT syarafinx_ being too happy can be the scariest thing too because you just know that it wont last that long sometimes"}
{"tweet_id":841810961149353984,"created_unixtime":1489538347886,"created_time":"Wed Mar 15 00:39:07 +0000 2017","lang":"en","displayname":"gonzalez_prada","time_zone":"","msg":"RT Patti_Hearn Happy PiDay LWGMS https//tco/8U1qFoEYYF"}
{"tweet_id":841810960704802816,"created_unixtime":1489538347780,"created_time":"Wed Mar 15 00:39:07 +0000 2017","lang":"und","displayname":"jojomansouri","time_zone":"Athens","msg":"💙 https//tco/10Qy3Zyi2Z"}
{"tweet_id":841810961488986112,"created_unixtime":1489538347967,"created_time":"Wed Mar 15 00:39:07 +0000 2017","lang":"en","displayname":"akemi0468","time_zone":"","msg":"RT NASA Happy Pi Day Celebrate with our PiDay Challenge featuring math problems we must solve to explore space… "}
{"tweet_id":841810961430339584,"created_unixtime":1489538347953,"created_time":"Wed Mar 15 00:39:07 +0000 2017","lang":"en","displayname":"utdoyle","time_zone":"","msg":"RT dctf Please join us in wishing our legendary founder Dave Campbell a happy 92nd birthday TXHSFB… "}
{"tweet_id":841810960377626627,"created_unixtime":1489538347702,"created_time":"Wed Mar 15 00:39:07 +0000 2017","lang":"en","displayname":"antonjw","time_zone":"Amsterdam","msg":"A Celtic Union is on the cards England will be a sad tiny US lapdog bbc website didnt even report this https//tco/SSiXPmucCq"}
{"tweet_id":841810961816252416,"created_unixtime":1489538348045,"created_time":"Wed Mar 15 00:39:08 +0000 2017","lang":"en","displayname":"_xoxoHPee_","time_zone":"Eastern Time (US & Canada)","msg":"Im SO happy ion got no dealings w/ my childs pappy cus folk yall be letting them try tf outta yall"}
{"tweet_id":841810962378240000,"created_unixtime":1489538348179,"created_time":"Wed Mar 15 00:39:08 +0000 2017","lang":"en","displayname":"amarakaomoji","time_zone":"","msg":"RT mainearchive 03032017  FAN ART  paulranosa IG update  Happy Birthday mainedcm https//tco/F2uF7rEQ72"}
{"tweet_id":841810960247623680,"created_unixtime":1489538347671,"created_time":"Wed Mar 15 00:39:07 +0000 2017","lang":"en","displayname":"Erinhealyy","time_zone":"","msg":"mattywarner_ happy birthday ma wee Pablo have a good day see ye soon💖 https//tco/Zy2ZV7INBR"}
{"tweet_id":841810961770139648,"created_unixtime":1489538348034,"created_time":"Wed Mar 15 00:39:08 +0000 2017","lang":"en","displayname":"mrevansclass","time_zone":"","msg":"So sad  Searched whole house  no pie  Dear HyVee I want my chocolate pie  Daughter helped put stuff away No pie Tragic"}
{"tweet_id":841810962067927041,"created_unixtime":1489538348105,"created_time":"Wed Mar 15 00:39:08 +0000 2017","lang":"en","displayname":"Yashiraaaaaaaa","time_zone":"","msg":"If Puerto Rico wins my man wins so Ima be happy no matter what"}
{"tweet_id":841810961979854848,"created_unixtime":1489538348084,"created_time":"Wed Mar 15 00:39:08 +0000 2017","lang":"en","displayname":"__AlexissB","time_zone":"Eastern Time (US & Canada)","msg":"Happy birthday linds_9xo 🎉"}
{"tweet_id":841810962894209026,"created_unixtime":1489538348302,"created_time":"Wed Mar 15 00:39:08 +0000 2017","lang":"en","displayname":"_taybxo","time_zone":"","msg":"RT leannahaedo16 i could spend the whole day w my bf and the second he leaves im already sad amp miss him"}
{"tweet_id":841810962323783681,"created_unixtime":1489538348166,"created_time":"Wed Mar 15 00:39:08 +0000 2017","lang":"en","displayname":"Schafdaddy13","time_zone":"Central Time (US & Canada)","msg":"RT WhitePplQuote Wishing their parents a happy birthday on Instagram or Twitter when their parents dont have social media"}
{"tweet_id":841810962889998336,"created_unixtime":1489538348301,"created_time":"Wed Mar 15 00:39:08 +0000 2017","lang":"en","displayname":"avihruta","time_zone":"Pacific Time (US & Canada)","msg":"2005 eh GOTCHA sad trombone sound https//tco/oeY1lGE4pA"}
{"tweet_id":841810963636486144,"created_unixtime":1489538348479,"created_time":"Wed Mar 15 00:39:08 +0000 2017","lang":"en","displayname":"neily_guerrero","time_zone":"Tijuana","msg":"RT bts_bighit [Episode] HAPPY WHITE DAY FROM BTS 1 https//tco/Kk7XrnfG3x2 https//tco/dUxXeGBvhG"}
{"tweet_id":841810963699453953,"created_unixtime":1489538348494,"created_time":"Wed Mar 15 00:39:08 +0000 2017","lang":"en","displayname":"joseline_cuevas","time_zone":"","msg":"This is sad wtf https//tco/t7rLvhQMhM"}
{"tweet_id":841810963535937536,"created_unixtime":1489538348455,"created_time":"Wed Mar 15 00:39:08 +0000 2017","lang":"en","displayname":"KickThatHoe","time_zone":"Central Time (US & Canada)","msg":"RT WoahThatsE Trying to be this level of happy for the rest of my life 😉 https//tco/z9JYYHk4wX"}
{"tweet_id":841810964085387268,"created_unixtime":1489538348586,"created_time":"Wed Mar 15 00:39:08 +0000 2017","lang":"en","displayname":"OrdinaryZayyy","time_zone":"Pacific Time (US & Canada)","msg":"Happy Birthday Saziiiii Cam Newton 🎈 sazi8a"}
{"tweet_id":841810964567674880,"created_unixtime":1489538348701,"created_time":"Wed Mar 15 00:39:08 +0000 2017","lang":"en","displayname":"JonathanDill3","time_zone":"Arizona","msg":"RT dani_pitter These poor kids have no guidance at home to come out to their parents Awwww sad  TheFosters"}
{"tweet_id":841810964571951104,"created_unixtime":1489538348702,"created_time":"Wed Mar 15 00:39:08 +0000 2017","lang":"en","displayname":"monicoperez","time_zone":"Central Time (US & Canada)","msg":"Special Happy Birthday to my Dad in heaven you might not be with us physically but my love and… https//tco/dBWlHoPIZ4"}
{"tweet_id":841810962516713474,"created_unixtime":1489538348212,"created_time":"Wed Mar 15 00:39:08 +0000 2017","lang":"en","displayname":"raven71_dani","time_zone":"","msg":"Thanks tomchaplin for another night Ill never forget Your singing makes me so happy BürgerhausStollwerck… https//tco/41rPE2UohJ"}
{"tweet_id":841810964135710722,"created_unixtime":1489538348598,"created_time":"Wed Mar 15 00:39:08 +0000 2017","lang":"en","displayname":"AnthonyKidort","time_zone":"Pacific Time (US & Canada)","msg":"IM SO HAPPY SNART IS BACK CW_TheFlash FLASHtvwriters Wentworth"}
{"tweet_id":841810964957790208,"created_unixtime":1489538348794,"created_time":"Wed Mar 15 00:39:08 +0000 2017","lang":"en","displayname":"yeahtag","time_zone":"Eastern Time (US & Canada)","msg":"Awesome https//tco/21VxUQdkli"}
{"tweet_id":841810963766616068,"created_unixtime":1489538348510,"created_time":"Wed Mar 15 00:39:08 +0000 2017","lang":"en","displayname":"Joshhamiltonnnn","time_zone":"","msg":"Happy birthday Chloe hope you have a good one 🚗X"}
{"tweet_id":841810965951852544,"created_unixtime":1489538349031,"created_time":"Wed Mar 15 00:39:09 +0000 2017","lang":"en","displayname":"ayeriee","time_zone":"Asia/Manila","msg":"RT Julia_10969 If you are tired if there are sad thingsYou are welcome to come here again we are waiting on stage—"}
{"tweet_id":841810965956038656,"created_unixtime":1489538349032,"created_time":"Wed Mar 15 00:39:09 +0000 2017","lang":"en","displayname":"lottebettsdean","time_zone":"","msg":"RT donaeldunready sweden Beowulf great guy Geat guy but why come pillage Mercia afterwards Shouldve stuck to hunting Grendels Mother…"}
{"tweet_id":841810965863759878,"created_unixtime":1489538349010,"created_time":"Wed Mar 15 00:39:09 +0000 2017","lang":"en","displayname":"kriskliq97","time_zone":"Eastern Time (US & Canada)","msg":"RT Theorossi Happy PiDay YallAlwaysFinishIT https//tco/Hn0gjcaqf9"}
{"tweet_id":841810965842739200,"created_unixtime":1489538349005,"created_time":"Wed Mar 15 00:39:09 +0000 2017","lang":"en","displayname":"JanineKerr1","time_zone":"Arizona","msg":"RT USFWS Happy Birthday to The National WildlifeRefuge System 🎁https//tco/PO81heIh2g https//tco/I6En7vO6Cc"}
{"tweet_id":841810966018891776,"created_unixtime":1489538349047,"created_time":"Wed Mar 15 00:39:09 +0000 2017","lang":"en","displayname":"gimellemae15","time_zone":"Arizona","msg":"RT sarangleejulie Happy birthday gimellemae15 i love you beri beri mats God bless you 😘❤"}
{"tweet_id":841810965972815875,"created_unixtime":1489538349036,"created_time":"Wed Mar 15 00:39:09 +0000 2017","lang":"en","displayname":"steven_mikucki","time_zone":"","msg":"I just checked in at Happy Arts with mPLUSPlaces Download today  https//tco/De29hQuNTO"}
{"tweet_id":841810966107062272,"created_unixtime":1489538349068,"created_time":"Wed Mar 15 00:39:09 +0000 2017","lang":"en","displayname":"passtheflamingo","time_zone":"Pacific Time (US & Canada)","msg":"Happy 314 AKA piday please ignore the pool of goo around the edge of the crust and focus on… https//tco/vqOONCoegJ"}
{"tweet_id":841810966434197505,"created_unixtime":1489538349146,"created_time":"Wed Mar 15 00:39:09 +0000 2017","lang":"en","displayname":"PetsNPlaces","time_zone":"Central Time (US & Canada)","msg":"RT CUTEST_ANlMALS this makes me so happy  https//tco/is7F7BaXoX"}
{"tweet_id":841810962692898819,"created_unixtime":1489538348254,"created_time":"Wed Mar 15 00:39:08 +0000 2017","lang":"en","displayname":"tristasutter","time_zone":"Mountain Time (US & Canada)","msg":"Happy PiDay EdwardsDesserts pie is a great way to bring people together 😍EdwardsPieceOffering partner https//tco/9EO1CSvFPr"}
{"tweet_id":841810966690050049,"created_unixtime":1489538349207,"created_time":"Wed Mar 15 00:39:09 +0000 2017","lang":"en","displayname":"hdynne2007","time_zone":"","msg":"RT TropALDUBCAVITE TropALDUB ALDUBHashtagSQ yodabuda AlDubBigBoyz OFCALDubKoTo imcr8d4u Happy tweetingALDUBxDTBYTugOfHearts"}
{"tweet_id":841810967319134208,"created_unixtime":1489538349357,"created_time":"Wed Mar 15 00:39:09 +0000 2017","lang":"en","displayname":"Krishnaalexi","time_zone":"","msg":"cunanandane happy birthday dane💙 imysm see you soon godbless you mwa 😙"}
{"tweet_id":841810966975205376,"created_unixtime":1489538349275,"created_time":"Wed Mar 15 00:39:09 +0000 2017","lang":"en","displayname":"dreforest","time_zone":"","msg":"Y was i like that https//tco/eCSX6LLTJM"}
{"tweet_id":841810967122083840,"created_unixtime":1489538349310,"created_time":"Wed Mar 15 00:39:09 +0000 2017","lang":"es","displayname":"getoutofheere","time_zone":"","msg":"q vida sad "}
{"tweet_id":841810967319216129,"created_unixtime":1489538349357,"created_time":"Wed Mar 15 00:39:09 +0000 2017","lang":"en","displayname":"SciGirl_Jaz","time_zone":"","msg":"RT NASA Happy Pi Day Celebrate with our PiDay Challenge featuring math problems we must solve to explore space… "}
{"tweet_id":841810967478558720,"created_unixtime":1489538349395,"created_time":"Wed Mar 15 00:39:09 +0000 2017","lang":"en","displayname":"languidgold","time_zone":"","msg":"RT Misutorekun Happy White day 😘💙💙Tensemi haikyuu Semi Tendou https//tco/a8n8Y3Z99Z"}
{"tweet_id":841810967432331264,"created_unixtime":1489538349384,"created_time":"Wed Mar 15 00:39:09 +0000 2017","lang":"tl","displayname":"mjdayapan","time_zone":"","msg":"RT Bebegirlee12My Salamat sir J Nakaka miss ang ISALDUBxDTBYTugOfHearts https//tco/JhPIIvwWwQ"}
{"tweet_id":841810967948283904,"created_unixtime":1489538349507,"created_time":"Wed Mar 15 00:39:09 +0000 2017","lang":"in","displayname":"eruljustman","time_zone":"Pacific Time (US & Canada)","msg":"Alhamdulillahrase happy n semangat sangat pagi ni"}
{"tweet_id":841810967939932161,"created_unixtime":1489538349505,"created_time":"Wed Mar 15 00:39:09 +0000 2017","lang":"en","displayname":"TrillesttBaee","time_zone":"","msg":"I liked a YouTube video https//tco/UwaMBETNaL DA GIVEAWAY WINNER {beware sad ass ong"}
{"tweet_id":841810967650553857,"created_unixtime":1489538349436,"created_time":"Wed Mar 15 00:39:09 +0000 2017","lang":"en","displayname":"_tatiyy","time_zone":"Central Time (US & Canada)","msg":"RT SaluteMeImNia Im so happy that Sayyora amp Seven are now clicking the 2 prettiest in the house 💁🏼 bgc17"}
{"tweet_id":841810967981830145,"created_unixtime":1489538349515,"created_time":"Wed Mar 15 00:39:09 +0000 2017","lang":"ja","displayname":"qqmq7uv9k","time_zone":"","msg":"RT Ip1MAVq98Qa89DS 海未ちゃんHappy Birthday🎉😊海未ちゃんのおっちょこちょいなところが可愛くて大好きですこれからも皆のハートを撃ち抜いちゃってください！ラブアローシュート 3月15日は園田海未の誕生日… "}
{"tweet_id":841810968246145029,"created_unixtime":1489538349578,"created_time":"Wed Mar 15 00:39:09 +0000 2017","lang":"pt","displayname":"kaylaredman","time_zone":"Eastern Time (US & Canada)","msg":"RT Conklin1Amber soooooooo temporary https//tco/hNwoMl3aml"}
{"tweet_id":841810968703262721,"created_unixtime":1489538349687,"created_time":"Wed Mar 15 00:39:09 +0000 2017","lang":"en","displayname":"awkwrdlyexistng","time_zone":"","msg":"RT MatPatGT A nerdy math joke for a nerdy holidayHappy Pi Day https//tco/jRxvuScUyn"}
{"tweet_id":841810968095019008,"created_unixtime":1489538349542,"created_time":"Wed Mar 15 00:39:09 +0000 2017","lang":"en","displayname":"lisettesalina","time_zone":"","msg":"RT eliaaamo Im just so happy w life rn"}
{"tweet_id":841810969114288128,"created_unixtime":1489538349785,"created_time":"Wed Mar 15 00:39:09 +0000 2017","lang":"en","displayname":"angieinluv2","time_zone":"","msg":"RT CuteOverloads THIS JUST MADE ME SO HAPPY https//tco/0X8oNeJpgd"}
{"tweet_id":841810968384528384,"created_unixtime":1489538349611,"created_time":"Wed Mar 15 00:39:09 +0000 2017","lang":"en","displayname":"AnaLizzBeth","time_zone":"","msg":"Dont call all males or females hoes just because one didnt make you happy"}
{"tweet_id":841810969248579584,"created_unixtime":1489538349817,"created_time":"Wed Mar 15 00:39:09 +0000 2017","lang":"en","displayname":"boreamayo","time_zone":"Eastern Time (US & Canada)","msg":"thepups15 maddow hahaha yeah I saw fn terrible so sadthis gives the media a bad name"}
{"tweet_id":841810969273720833,"created_unixtime":1489538349823,"created_time":"Wed Mar 15 00:39:09 +0000 2017","lang":"en","displayname":"cpogco","time_zone":"","msg":"Happy Pi Day2121 N Clark StCelebrate with a Pizza Pot Pihappypiday cpogco pizzapotpie… https//tco/Tkwl7ay5Sp"}
{"tweet_id":841810969399562240,"created_unixtime":1489538349853,"created_time":"Wed Mar 15 00:39:09 +0000 2017","lang":"en","displayname":"KenAlexxx","time_zone":"Quito","msg":"I get sad looking at people getting married especially when I look back at how I thought my life was going to go 🤧😫😭"}
{"tweet_id":841810969525387264,"created_unixtime":1489538349883,"created_time":"Wed Mar 15 00:39:09 +0000 2017","lang":"en","displayname":"Seitannotsatan","time_zone":"","msg":"My fam gets so sad when marios leaves"}
{"tweet_id":841810970125176832,"created_unixtime":1489538350026,"created_time":"Wed Mar 15 00:39:10 +0000 2017","lang":"en","displayname":"wetrippymane318","time_zone":"","msg":"RT D_Deji28 Do you guys know why he was killed A girl lied that he raped her and her brother shot him dead https//tco/IWDVDZp3rz"}
{"tweet_id":841810949459828736,"created_unixtime":1489538345099,"created_time":"Wed Mar 15 00:39:05 +0000 2017","lang":"en","displayname":"VascoThe1st","time_zone":"Casablanca","msg":"RT D_Deji28 Do you guys know why he was killed A girl lied that he raped her and her brother shot him dead https//tco/IWDVDZp3rz"}
{"tweet_id":841810970662076416,"created_unixtime":1489538350154,"created_time":"Wed Mar 15 00:39:10 +0000 2017","lang":"und","displayname":"barabcina84","time_zone":"Belgrade","msg":"RT dragan_cufna SAD nisu protiv vojske Kosova misle da nije trenutak  https//tco/rm0cb2V8UL https//tco/dFDcXDbh1G"}
{"tweet_id":841810970888478720,"created_unixtime":1489538350208,"created_time":"Wed Mar 15 00:39:10 +0000 2017","lang":"ja","displayname":"ao_iolin","time_zone":"","msg":"RT BELCORNO ラテアート【園田海未】＠ラブライブ！LatteArt【Umi Sonoda】＠ Love Live本日お誕生日で一杯。Happy Birthday作成動画：https//tco/M7aP8M7SKK… "}
{"tweet_id":841810970192297985,"created_unixtime":1489538350042,"created_time":"Wed Mar 15 00:39:10 +0000 2017","lang":"en","displayname":"MegannSchroeder","time_zone":"Eastern Time (US & Canada)","msg":"RT CoultNicholas HAPPY 314DAY SAINT LOUIS MO https//tco/Ogiyf1MJ01"}
{"tweet_id":841810971022786561,"created_unixtime":1489538350240,"created_time":"Wed Mar 15 00:39:10 +0000 2017","lang":"en","displayname":"lingo_mauriz","time_zone":"","msg":"RT PBBKAHOUSE I cried I was sad I was guilty I was everything Edward MBMayWard"}
{"tweet_id":841810972578844672,"created_unixtime":1489538350611,"created_time":"Wed Mar 15 00:39:10 +0000 2017","lang":"en","displayname":"drwhoebayus","time_zone":"","msg":"Merry Grinchmas  Happy Who Year Dr Seuss XL Coffee Tea Mug Hallmark Thailand https//tco/FQkMQXlvrU drwho tardi… https//tco/qXypjGaMX4"}
{"tweet_id":841810972956319744,"created_unixtime":1489538350701,"created_time":"Wed Mar 15 00:39:10 +0000 2017","lang":"en","displayname":"elainemaisner","time_zone":"","msg":"RT DWHauthor If theres an anniversary edition put me down for five  happybirthday https//tco/5UK52Ln6kK"}
{"tweet_id":841810974453596160,"created_unixtime":1489538351058,"created_time":"Wed Mar 15 00:39:11 +0000 2017","lang":"tl","displayname":"jddhmghyp","time_zone":"Pacific Time (US & Canada)","msg":"Dai krizzadlc badlunga sad imong bana ba huhuhu my hobi https//tco/LaLFJGRAZA"}
{"tweet_id":841810974638198784,"created_unixtime":1489538351102,"created_time":"Wed Mar 15 00:39:11 +0000 2017","lang":"en","displayname":"viiictonara","time_zone":"Beijing","msg":"im still so sad  ara galang u dont deserve any of this"}
{"tweet_id":841810974801715202,"created_unixtime":1489538351141,"created_time":"Wed Mar 15 00:39:11 +0000 2017","lang":"en","displayname":"RoboG55","time_zone":"","msg":"RT masasei happy birthday HelloKakaCakes 😘 https//tco/oDJQjdU3IU"}
{"tweet_id":841810974285926400,"created_unixtime":1489538351018,"created_time":"Wed Mar 15 00:39:11 +0000 2017","lang":"en","displayname":"shaeripplexoxo","time_zone":"","msg":"RT kasialexander_ happy 16th honey 💖💖 so glad ive had u by my side all year love you shaeripplexoxo"}
{"tweet_id":841810973912637441,"created_unixtime":1489538350929,"created_time":"Wed Mar 15 00:39:10 +0000 2017","lang":"en","displayname":"_lumadhi","time_zone":"Quito","msg":"you aint ever gon be happy til you love yourz"}
{"tweet_id":841810974881398786,"created_unixtime":1489538351160,"created_time":"Wed Mar 15 00:39:11 +0000 2017","lang":"ja","displayname":"QbXMR8hYzRU2oTv","time_zone":"","msg":"RT IMOKO2002416 海未ちゃんHappy Birthday！いつもはキリッとしてるけどふとした、可愛とことかすごく好きっ！誕生日用にイラスト描いた！あと過去絵！園田海未生誕祭2017 ラブライバーと繋がりたい 絵描きさんと繋がりたい… "}
{"tweet_id":841810970817253376,"created_unixtime":1489538350191,"created_time":"Wed Mar 15 00:39:10 +0000 2017","lang":"en","displayname":"JuliaCucci","time_zone":"","msg":"Happy birthday jennamcphersoon  Hope you had the bestest day ever cutie😇😽👻💅🏻🌻"}
{"tweet_id":841810971370831872,"created_unixtime":1489538350323,"created_time":"Wed Mar 15 00:39:10 +0000 2017","lang":"en","displayname":"DanicaPoots","time_zone":"Beijing","msg":"Theyre indeed waking up early in the morning just to greet me It makes me happy 💘"}
{"tweet_id":841810971182137344,"created_unixtime":1489538350278,"created_time":"Wed Mar 15 00:39:10 +0000 2017","lang":"en","displayname":"LyndaceeRenaa","time_zone":"Atlantic Time (Canada)","msg":"LyndaceeRenaa I just want to be remember overall as a good person who that helped and made people happy lol"}
{"tweet_id":841810971605778432,"created_unixtime":1489538350379,"created_time":"Wed Mar 15 00:39:10 +0000 2017","lang":"en","displayname":"jessicascollan_","time_zone":"Eastern Time (US & Canada)","msg":"RT preaching my main focus is to better myself be successful and be happy so if you arent contributing to that then i dont need you i…"}
{"tweet_id":841810971182133249,"created_unixtime":1489538350278,"created_time":"Wed Mar 15 00:39:10 +0000 2017","lang":"en","displayname":"Rileyforemann","time_zone":"","msg":"charllleee this genuinely Makes me happy"}
{"tweet_id":841810971433791488,"created_unixtime":1489538350338,"created_time":"Wed Mar 15 00:39:10 +0000 2017","lang":"und","displayname":"Daniel_Iorio_","time_zone":"Eastern Time (US & Canada)","msg":"SAD https//tco/0sxNxM4YP7"}
{"tweet_id":841810970401996800,"created_unixtime":1489538350092,"created_time":"Wed Mar 15 00:39:10 +0000 2017","lang":"en","displayname":"ashleyyounng","time_zone":"Pacific Time (US & Canada)","msg":"THIS MAKES ME SO HAPPY https//tco/RDZiSEPGEa"}
{"tweet_id":841810963766616068,"created_unixtime":1489538348510,"created_time":"Wed Mar 15 00:39:08 +0000 2017","lang":"en","displayname":"Joshhamiltonnnn","time_zone":"","msg":"Happy birthday Chloe hope you have a good one 🚗X"}
{"tweet_id":841810972176089088,"created_unixtime":1489538350515,"created_time":"Wed Mar 15 00:39:10 +0000 2017","lang":"en","displayname":"SaintSiari","time_zone":"Arizona","msg":"RT deadhomosexual me an actual angel can confirm that yes we do feel sad https//tco/ulHoGS2BER"}
{"tweet_id":841810969378598917,"created_unixtime":1489538349848,"created_time":"Wed Mar 15 00:39:09 +0000 2017","lang":"en","displayname":"ElementPhantom","time_zone":"","msg":"Lunaa Happy Birthday Lunas mom"}
{"tweet_id":841810972167794689,"created_unixtime":1489538350513,"created_time":"Wed Mar 15 00:39:10 +0000 2017","lang":"en","displayname":"CampbellSawyer","time_zone":"","msg":"Hey happy birthday AKB2418 💞💞"}
{"tweet_id":841810972016812032,"created_unixtime":1489538350477,"created_time":"Wed Mar 15 00:39:10 +0000 2017","lang":"en","displayname":"kendylk7","time_zone":"","msg":"Seeing my best friends happy makes me even happier"}
{"tweet_id":841810972058755072,"created_unixtime":1489538350487,"created_time":"Wed Mar 15 00:39:10 +0000 2017","lang":"en","displayname":"BrattMC4824","time_zone":"","msg":"gwenstefani VoiceBlinds so very happy that your team is now full"}
{"tweet_id":841810972780179456,"created_unixtime":1489538350659,"created_time":"Wed Mar 15 00:39:10 +0000 2017","lang":"en","displayname":"cmsrnlmt","time_zone":"","msg":"There is no such thing as a limited nuclear warNo there isnt Sad that youd have to tell someone thisThan… https//tco/sa4n5XRFfz"}
{"tweet_id":841810973132435456,"created_unixtime":1489538350743,"created_time":"Wed Mar 15 00:39:10 +0000 2017","lang":"en","displayname":"kikiki_lin","time_zone":"","msg":"RT Kyle_MacLachlan Happy NationalPieDay https//tco/YIpXYBDATp"}
{"tweet_id":841810972725649408,"created_unixtime":1489538350646,"created_time":"Wed Mar 15 00:39:10 +0000 2017","lang":"en","displayname":"say33mz265","time_zone":"Quito","msg":"RT BoozDataScience Happy PiDay  datahumor https//tco/0ilUF6Z8IC"}
{"tweet_id":841810973312729088,"created_unixtime":1489538350786,"created_time":"Wed Mar 15 00:39:10 +0000 2017","lang":"en","displayname":"Apoplectic2013","time_zone":"","msg":"Seriously  Why dont we just medicate all Libs so that theyll always be in their Happy Place Libssuck https//tco/wfMIVsnPq9"}
{"tweet_id":841810973044412417,"created_unixtime":1489538350722,"created_time":"Wed Mar 15 00:39:10 +0000 2017","lang":"en","displayname":"deja_the_ghost6","time_zone":"","msg":"RT TyJo_and_Jish_ Honestly Tyler smiling makes me so happy ☺️ https//tco/VGXqQKxCfd"}
{"tweet_id":841810973715443712,"created_unixtime":1489538350882,"created_time":"Wed Mar 15 00:39:10 +0000 2017","lang":"en","displayname":"ikina_bblh55","time_zone":"Tokyo","msg":"RT verocalello pintsize73 Happyampmarvelous new week Marie 💞🌸💞🌸💞🌸😄 https//tco/VxnVJH12we"}
{"tweet_id":841810973195440128,"created_unixtime":1489538350758,"created_time":"Wed Mar 15 00:39:10 +0000 2017","lang":"en","displayname":"stevensjoseph45","time_zone":"","msg":"RT MusicMellie I have been snap happy lately and lucky for yall Im not scared of my weirdness 😆😆"}
{"tweet_id":841810973690220548,"created_unixtime":1489538350876,"created_time":"Wed Mar 15 00:39:10 +0000 2017","lang":"ja","displayname":"koikisaragi0214","time_zone":"","msg":"RT tsukiuta1 ☆Happy White Day③☆恋「俺たちにプランを任せて頂ければ、笑いの耐えないデートをご提供してみせます！」駆「そして体重１kgはかたい」恋「フラれるヤツ…！」※DLOK※壁紙などマナーを守って使ってくださいね https/…"}
{"tweet_id":841810973832929280,"created_unixtime":1489538350910,"created_time":"Wed Mar 15 00:39:10 +0000 2017","lang":"en","displayname":"Santoshsinhmar","time_zone":"","msg":"RT Gurmeetramrahim MSGwishesToArmedForces Jai Hind amp Happy Holi to the courageous Armed Forces who valiantly defend the honor of our… "}
{"tweet_id":841810973799325697,"created_unixtime":1489538350902,"created_time":"Wed Mar 15 00:39:10 +0000 2017","lang":"en","displayname":"emely2001","time_zone":"","msg":"RT COCONUTOILBAE me i think Im going to be happy one daymy depression https//tco/yl6mv9ohIC"}
{"tweet_id":841810973845475328,"created_unixtime":1489538350913,"created_time":"Wed Mar 15 00:39:10 +0000 2017","lang":"en","displayname":"makaylareyes_","time_zone":"","msg":"RT BlazePizza Happy PiDay Stop by  today amp get any pie for just 314 Inrestaurant only not valid at Disney Springs airpor… "}
