{"tweet_id":841810878852866048,"created_unixtime":1489538328265,"created_time":"Wed Mar 15 00:38:48 +0000 2017","lang":"en","displayname":"myahbelen","time_zone":"Arizona","msg":"RT dommyoliver18 Happy 18th birthday to my best friend since 6th grade❣️I hope you had a great day thanks for spending some of it w… "}
{"tweet_id":841810878752272385,"created_unixtime":1489538328241,"created_time":"Wed Mar 15 00:38:48 +0000 2017","lang":"en","displayname":"danika_mchugh","time_zone":"","msg":"emiliaaasteele happy birthday beautiful Hope your day has been the best💗💗 enjoy my fav video ever https//tco/3AxairAKBl"}
{"tweet_id":841810880329322496,"created_unixtime":1489538328617,"created_time":"Wed Mar 15 00:38:48 +0000 2017","lang":"en","displayname":"meganhorton99","time_zone":"","msg":"RT GwendalynPaige So happy with life ♥️😩"}
{"tweet_id":841810880715149312,"created_unixtime":1489538328709,"created_time":"Wed Mar 15 00:38:48 +0000 2017","lang":"en","displayname":"UIBGRG","time_zone":"Madrid","msg":"RT LIGO Happy PiDay  And happy birthday to the guy who started it all Albert Einstein  EinsteinWasRight"}
{"tweet_id":841810880727769088,"created_unixtime":1489538328712,"created_time":"Wed Mar 15 00:38:48 +0000 2017","lang":"en","displayname":"TayloRoo","time_zone":"Central Time (US & Canada)","msg":"i always get sad hearing mariah carey is a bummer nowadays bc i always think back to this cover and it KILLS me https//tco/Gra9Z1JDQE"}
{"tweet_id":841810881193304064,"created_unixtime":1489538328823,"created_time":"Wed Mar 15 00:38:48 +0000 2017","lang":"en","displayname":"itspandaaduh","time_zone":"Pacific Time (US & Canada)","msg":"RT sobbed do you ever feel ok but your sad at the same time you just want to talk to someone and hug them but you feel annoying so you ju…"}
{"tweet_id":841810881516322816,"created_unixtime":1489538328900,"created_time":"Wed Mar 15 00:38:48 +0000 2017","lang":"en","displayname":"Hobgoblin","time_zone":"Pacific Time (US & Canada)","msg":"PsyQoFH4D happy birthday nigga"}
{"tweet_id":841810881889558528,"created_unixtime":1489538328989,"created_time":"Wed Mar 15 00:38:48 +0000 2017","lang":"en","displayname":"octavioo_v","time_zone":"","msg":"RT AMonge23 octavioo_v  🎉🎊Happy Birthday man 🎉🎊"}
{"tweet_id":841810881440841728,"created_unixtime":1489538328882,"created_time":"Wed Mar 15 00:38:48 +0000 2017","lang":"en","displayname":"eprachar16","time_zone":"","msg":"Wise words by the man himself https//tco/mxaEmO5Vpu"}
{"tweet_id":841810881814122497,"created_unixtime":1489538328971,"created_time":"Wed Mar 15 00:38:48 +0000 2017","lang":"en","displayname":"shiratori_what","time_zone":"Dublin","msg":"RT Misutorekun Happy White day 😘💙💙Tensemi haikyuu Semi Tendou https//tco/a8n8Y3Z99Z"}
{"tweet_id":841810882262781953,"created_unixtime":1489538329078,"created_time":"Wed Mar 15 00:38:49 +0000 2017","lang":"en","displayname":"leilanithejet","time_zone":"","msg":"RT richthekid Focus on what makes you happy"}
{"tweet_id":841810878320250880,"created_unixtime":1489538328138,"created_time":"Wed Mar 15 00:38:48 +0000 2017","lang":"en","displayname":"wildcatsksu1","time_zone":"","msg":"RT TranslitPirate HAPPY PI DAY πRATES from the PCHS library https//tco/nlsihUJbZS https//tco/2S3LJ0Kd5N"}
{"tweet_id":841810878760681477,"created_unixtime":1489538328243,"created_time":"Wed Mar 15 00:38:48 +0000 2017","lang":"en","displayname":"LilliLoveYa","time_zone":"","msg":"RT sobbed i hate getting so sad to the point where my body completely shuts down and all i can do is just lay there and think about all…"}
{"tweet_id":841810875379990529,"created_unixtime":1489538327437,"created_time":"Wed Mar 15 00:38:47 +0000 2017","lang":"en","displayname":"bethamirite","time_zone":"Mountain Time (US & Canada)","msg":"how my family will find literally any excuse to get pizza and make a homemade pie happy pi day my friends https//tco/aXTt6L4VFt"}
{"tweet_id":841810878752280576,"created_unixtime":1489538328241,"created_time":"Wed Mar 15 00:38:48 +0000 2017","lang":"en","displayname":"richard_cezar","time_zone":"Central Time (US & Canada)","msg":"RT meilaan Happy Valentines Day Heres a free JosieTucker short story on my blogBlind Date Dunnit https//tco/2KIRbw9Z4J… "}
{"tweet_id":841810879230357505,"created_unixtime":1489538328355,"created_time":"Wed Mar 15 00:38:48 +0000 2017","lang":"en","displayname":"Irfan_Bakhtiar","time_zone":"Pacific Time (US & Canada)","msg":"RT OhBrokenMsgs Im so tired pretending to be happy and not being hurt"}
{"tweet_id":841810879058456576,"created_unixtime":1489538328314,"created_time":"Wed Mar 15 00:38:48 +0000 2017","lang":"pt","displayname":"yolatop","time_zone":"","msg":"RT joselyne_calero Necesito ir😣😣😣😣😣😣😣 https//tco/Q5UG4JQShR"}
{"tweet_id":841810879280762880,"created_unixtime":1489538328367,"created_time":"Wed Mar 15 00:38:48 +0000 2017","lang":"en","displayname":"MzVigil89","time_zone":"","msg":"If you have never experienced watching march madness games with meyou couldnt possibly understand how happy and excited it makes me"}
{"tweet_id":841810875598135300,"created_unixtime":1489538327489,"created_time":"Wed Mar 15 00:38:47 +0000 2017","lang":"en","displayname":"Jessica_Puchta","time_zone":"Eastern Time (US & Canada)","msg":"Dont you love it when you get so blissfully happy just so someone can tear you down to nothing"}
{"tweet_id":841810879389786112,"created_unixtime":1489538328393,"created_time":"Wed Mar 15 00:38:48 +0000 2017","lang":"tl","displayname":"ehh_syafa","time_zone":"Beijing","msg":"Happy bornday babe  19 tahun doh mu  Tuo blako doh sobat aku nih… https//tco/wMPFk3M4i9"}
{"tweet_id":841810878802550785,"created_unixtime":1489538328253,"created_time":"Wed Mar 15 00:38:48 +0000 2017","lang":"en","displayname":"FendyAffandi","time_zone":"","msg":"Happy birthday Idola 🙌🙌🙌 https//tco/Uxt6QyQcdJ"}
{"tweet_id":841810877414309888,"created_unixtime":1489538327922,"created_time":"Wed Mar 15 00:38:47 +0000 2017","lang":"en","displayname":"Dom_Trill4real","time_zone":"","msg":"I cant go out sad about no bitch"}
{"tweet_id":841810880358572032,"created_unixtime":1489538328624,"created_time":"Wed Mar 15 00:38:48 +0000 2017","lang":"en","displayname":"JsrMotorsports","time_zone":"","msg":"KalseyART happy belated birthday sorry Im late hope you had a great one"}
{"tweet_id":841810880304144384,"created_unixtime":1489538328611,"created_time":"Wed Mar 15 00:38:48 +0000 2017","lang":"en","displayname":"freesoul251","time_zone":"Rome","msg":"RT NASA Its PiDay It may be irrational but pi plays an important role in the work of scientists at NASA… "}
{"tweet_id":841810880505495553,"created_unixtime":1489538328659,"created_time":"Wed Mar 15 00:38:48 +0000 2017","lang":"en","displayname":"joshchilcoat93","time_zone":"","msg":"Happy bday Tate hope you had a good day😅 renaudtate"}
{"tweet_id":841810880757174272,"created_unixtime":1489538328719,"created_time":"Wed Mar 15 00:38:48 +0000 2017","lang":"en","displayname":"elizbeth_r","time_zone":"","msg":"RT AIanHangover I just wanna make you happy because I care and love you"}
{"tweet_id":841810880924921857,"created_unixtime":1489538328759,"created_time":"Wed Mar 15 00:38:48 +0000 2017","lang":"en","displayname":"anidalaa","time_zone":"Pacific Time (US & Canada)","msg":"RT OrganaPadme anidalaa Happy Birthday  lt3 hope you got a cute puppy D  https//tco/x4SeDRs2sz"}
{"tweet_id":841810881210114048,"created_unixtime":1489538328827,"created_time":"Wed Mar 15 00:38:48 +0000 2017","lang":"en","displayname":"jonesemma19","time_zone":"","msg":"RT Juliacali_ Aww your so sweet bby happy you like it❤ https//tco/aQSrZKTVoc"}
{"tweet_id":841810881696673793,"created_unixtime":1489538328943,"created_time":"Wed Mar 15 00:38:48 +0000 2017","lang":"en","displayname":"NicoleCalabro7","time_zone":"Quito","msg":"Oh some real shit Im happy"}
{"tweet_id":841810881902137344,"created_unixtime":1489538328992,"created_time":"Wed Mar 15 00:38:48 +0000 2017","lang":"en","displayname":"haroldjkurt","time_zone":"","msg":"RicaMarieGarcia MyVideoTalk is dead You still looking I am with the company MVT tried to copy Happy to share information if asked "}
{"tweet_id":841810880211869696,"created_unixtime":1489538328589,"created_time":"Wed Mar 15 00:38:48 +0000 2017","lang":"en","displayname":"LysneLysne","time_zone":"","msg":"JordanZenger1 happy bday💗💗 https//tco/HifP9aPwCz"}
{"tweet_id":841810881726054402,"created_unixtime":1489538328950,"created_time":"Wed Mar 15 00:38:48 +0000 2017","lang":"und","displayname":"Dzzle_D","time_zone":"Eastern Time (US & Canada)","msg":"da1don sad"}
{"tweet_id":841810882447331328,"created_unixtime":1489538329122,"created_time":"Wed Mar 15 00:38:49 +0000 2017","lang":"en","displayname":"aahmeerool","time_zone":"Pacific Time (US & Canada)","msg":"RT The_Best_Vines This girls story is funny and sad at the same time https//tco/5qR8kWJcE6"}
{"tweet_id":841810882871058432,"created_unixtime":1489538329223,"created_time":"Wed Mar 15 00:38:49 +0000 2017","lang":"en","displayname":"lilCatica","time_zone":"Amsterdam","msg":"RT richthekid Focus on what makes you happy"}
{"tweet_id":841810882745257984,"created_unixtime":1489538329193,"created_time":"Wed Mar 15 00:38:49 +0000 2017","lang":"en","displayname":"_VS___","time_zone":"Eastern Time (US & Canada)","msg":"my dad saw i was sad and got me Moes 😻😻😻"}
{"tweet_id":841810882585874433,"created_unixtime":1489538329155,"created_time":"Wed Mar 15 00:38:49 +0000 2017","lang":"und","displayname":"vibesfromkels","time_zone":"Pacific Time (US & Canada)","msg":"RT https//tco/cNybPhkxHQ"}
{"tweet_id":841810882808152064,"created_unixtime":1489538329208,"created_time":"Wed Mar 15 00:38:49 +0000 2017","lang":"en","displayname":"Hervoice__","time_zone":"Central Time (US & Canada)","msg":"RT Tuggy_tee Hervoice__ happy birthday 😘"}
{"tweet_id":841810883236007937,"created_unixtime":1489538329310,"created_time":"Wed Mar 15 00:38:49 +0000 2017","lang":"en","displayname":"LtygerTyger","time_zone":"","msg":"RT hannah_gorski Happy bday Dawson Hope u had a good one😛😛😛 LtygerTyger"}
{"tweet_id":841810883227615232,"created_unixtime":1489538329308,"created_time":"Wed Mar 15 00:38:49 +0000 2017","lang":"en","displayname":"__amourmky","time_zone":"","msg":"RT asiancrackbaby Im so SICK and TIRED of seeing girls harass their exs new gf like STOP LOOK AT URSELF GET URSELF TOGETHER THEY…"}
{"tweet_id":841810883487576064,"created_unixtime":1489538329370,"created_time":"Wed Mar 15 00:38:49 +0000 2017","lang":"en","displayname":"janettraygozaaa","time_zone":"","msg":"happy birthday Xavier 🤗🎉 RealGoldenKid"}
{"tweet_id":841810883185672193,"created_unixtime":1489538329298,"created_time":"Wed Mar 15 00:38:49 +0000 2017","lang":"en","displayname":"PDubsNicole","time_zone":"","msg":"kevwilliamson happy birthday 💀 https//tco/0HaOqtz9VB"}
{"tweet_id":841810883810480128,"created_unixtime":1489538329447,"created_time":"Wed Mar 15 00:38:49 +0000 2017","lang":"en","displayname":"sejunified","time_zone":"","msg":"HAPPY BIRTHDAY RIE  HAVE A NICE DAY 💕💕💕💕 i love you  httpsejoon"}
{"tweet_id":841810883542175744,"created_unixtime":1489538329383,"created_time":"Wed Mar 15 00:38:49 +0000 2017","lang":"en","displayname":"cocos755","time_zone":"","msg":"RT QuestNutrition RT amp TAG A FRIEND for a chance to win a box of Apple Pie Quest Bars 10 winners Happy PiDay🍎Must be following… "}
{"tweet_id":841810883722522628,"created_unixtime":1489538329426,"created_time":"Wed Mar 15 00:38:49 +0000 2017","lang":"en","displayname":"SpeciiaalK","time_zone":"Pacific Time (US & Canada)","msg":"RT hidden saying im tired when youre actually sad"}
{"tweet_id":841810883902902272,"created_unixtime":1489538329469,"created_time":"Wed Mar 15 00:38:49 +0000 2017","lang":"en","displayname":"fastylos","time_zone":"","msg":"☏ RINGRING ☏  Is for you Harry_Styles ↲Hi dearwould you like to make happy a little girl today and follow mePlease ❥I Love uX2575"}
{"tweet_id":841810883634380800,"created_unixtime":1489538329405,"created_time":"Wed Mar 15 00:38:49 +0000 2017","lang":"en","displayname":"Maaya_my_angel","time_zone":"Pacific Time (US & Canada)","msg":"nowplaying Happy×2 Days  CANDY ISLAND  THE IDOLMSTER CINDERELLA GIRLS ANIMATION PROJECT 04 Happy×2 Days https//tco/XAyN7MxRhV"}
{"tweet_id":841810884007739392,"created_unixtime":1489538329494,"created_time":"Wed Mar 15 00:38:49 +0000 2017","lang":"en","displayname":"MrGazz_ICT","time_zone":"London","msg":"RT AlexEtim_ wow im so happy we didnt vote for milliband now if this is strong government then i wonder what chaos would have… "}
{"tweet_id":841810884687233024,"created_unixtime":1489538329656,"created_time":"Wed Mar 15 00:38:49 +0000 2017","lang":"en","displayname":"Texdale","time_zone":"Central Time (US & Canada)","msg":"Simone_Biles Happy birthday lovely ladyYou make the world a better place HappyBirthday"}
{"tweet_id":841810885215694848,"created_unixtime":1489538329782,"created_time":"Wed Mar 15 00:38:49 +0000 2017","lang":"en","displayname":"AyeoAbbyRenee","time_zone":"","msg":"RT KerriAnn_98 Happy Happy Birthday AyeoAbbyRenee  I hope your day is amazing just like your sweet self I love and miss you so much…"}
{"tweet_id":841810884192276480,"created_unixtime":1489538329538,"created_time":"Wed Mar 15 00:38:49 +0000 2017","lang":"en","displayname":"KatherineRobi13","time_zone":"","msg":"Hiii find new girl and be happy  https//tco/xfjFIq3OSe https//tco/7ca2t6aa1f"}
{"tweet_id":841810884414566400,"created_unixtime":1489538329591,"created_time":"Wed Mar 15 00:38:49 +0000 2017","lang":"en","displayname":"LittleLocavore","time_zone":"Pacific Time (US & Canada)","msg":"Throwback to baking Pie with Janell pieholevan Happy Pie Dayhttps//tco/okBHOkYFlN https//tco/z5kj4TW8LE"}
{"tweet_id":841810884540407811,"created_unixtime":1489538329621,"created_time":"Wed Mar 15 00:38:49 +0000 2017","lang":"en","displayname":"allison_abella","time_zone":"Eastern Time (US & Canada)","msg":"Happy🔞 birthday to the guy thats twice my size😂 Hope you had an amazing day loser💩🎉 Shawty4Ever epietschmann9 https//tco/E4pQwbeFKh"}
{"tweet_id":841810885601591296,"created_unixtime":1489538329874,"created_time":"Wed Mar 15 00:38:49 +0000 2017","lang":"en","displayname":"YogirlBreezy94","time_zone":"","msg":"RT alexaiono My happy place☺ https//tco/pgetrNhVIp"}
{"tweet_id":841810885219909632,"created_unixtime":1489538329783,"created_time":"Wed Mar 15 00:38:49 +0000 2017","lang":"en","displayname":"suoukasa","time_zone":"Central Time (US & Canada)","msg":"tetotomos yES BUT NOW IM SAD"}
{"tweet_id":841810886012493824,"created_unixtime":1489538329972,"created_time":"Wed Mar 15 00:38:49 +0000 2017","lang":"en","displayname":"alovexaa_","time_zone":"","msg":"RT ericainwnderlnd I think its so sad that it can be so hard to make female friends"}
{"tweet_id":841810886033604611,"created_unixtime":1489538329977,"created_time":"Wed Mar 15 00:38:49 +0000 2017","lang":"en","displayname":"leeebonnie","time_zone":"","msg":"Zaddy forever RT CultureFUBU Happy Birthday Merlin SantanaRIP https//tco/uNEYVyTJpD"}
{"tweet_id":841810886536904706,"created_unixtime":1489538330097,"created_time":"Wed Mar 15 00:38:50 +0000 2017","lang":"en","displayname":"Gooberzilla","time_zone":"Pacific Time (US & Canada)","msg":"Ochan30 Which is a shame I like One Piece and Ive watched like 650 episodes I just cannae take it anymore Makes me sad"}
{"tweet_id":841810886918586369,"created_unixtime":1489538330188,"created_time":"Wed Mar 15 00:38:50 +0000 2017","lang":"en","displayname":"Joeyswife","time_zone":"","msg":"AP  I never realized just how many people hated their country until now  What a sad commentary for us"}
{"tweet_id":841810887279169536,"created_unixtime":1489538330274,"created_time":"Wed Mar 15 00:38:50 +0000 2017","lang":"en","displayname":"rezhiren","time_zone":"","msg":"RT Calvinn_Hobbes Happy 🍕 PiDay https//tco/UpLBGER3ZF"}
{"tweet_id":841810887346331648,"created_unixtime":1489538330290,"created_time":"Wed Mar 15 00:38:50 +0000 2017","lang":"en","displayname":"EllenLV","time_zone":"Pacific Time (US & Canada)","msg":"News3LV Oh so sad what a tragedy my heart goes out to him may she RIP"}
{"tweet_id":841810887396732928,"created_unixtime":1489538330302,"created_time":"Wed Mar 15 00:38:50 +0000 2017","lang":"en","displayname":"NevarezJaz","time_zone":"Eastern Time (US & Canada)","msg":"RT DAIZY____ NevarezJaz happy birthday Jaz 💗"}
{"tweet_id":841810887551799296,"created_unixtime":1489538330339,"created_time":"Wed Mar 15 00:38:50 +0000 2017","lang":"en","displayname":"EUNWOxO","time_zone":"Hawaii","msg":"RT fantagiogroup [아스트로] 20170315 HAPPY BIRTHDAY JINJIN♥https//tco/V5gCN4Og73ASTRO JINJIN 진진 HAPPYJINJINDAY💕 https//tco/wheN9y…"}
{"tweet_id":841810886163587072,"created_unixtime":1489538330008,"created_time":"Wed Mar 15 00:38:50 +0000 2017","lang":"en","displayname":"plus_socialgood","time_zone":"Atlantic Time (Canada)","msg":"Follow us on March 20 to receive 1 piece of happy content every minute Tell us what makes you happy with HappyDay… https//tco/GY5u8cSJNt"}
{"tweet_id":841810888076234752,"created_unixtime":1489538330464,"created_time":"Wed Mar 15 00:38:50 +0000 2017","lang":"en","displayname":"sylviasequoia","time_zone":"Amsterdam","msg":"OrvilleIV Good episode and well very written But I just have one question WHY He was the one with the cool shirts Sad Emoji"}
{"tweet_id":841810888134909952,"created_unixtime":1489538330478,"created_time":"Wed Mar 15 00:38:50 +0000 2017","lang":"en","displayname":"DownsAugust","time_zone":"","msg":"RT maddiewelborn trying to decide if you are happy or not is stupidyou are human u have thousands of different thoughts and emotions…"}
{"tweet_id":841810889032392704,"created_unixtime":1489538330692,"created_time":"Wed Mar 15 00:38:50 +0000 2017","lang":"en","displayname":"kassshole6","time_zone":"Alaska","msg":"RT ohteenquotes Spend life with who makes you happy not with who you have to impress"}
{"tweet_id":841810889422462976,"created_unixtime":1489538330785,"created_time":"Wed Mar 15 00:38:50 +0000 2017","lang":"en","displayname":"sophie_gerdes","time_zone":"","msg":"RT SincerelyTumblr So annoying when ppl are like ur always laughin U laugh at everything Its not that funny like OK sorry Im a hap…"}
{"tweet_id":841810889242116096,"created_unixtime":1489538330742,"created_time":"Wed Mar 15 00:38:50 +0000 2017","lang":"ja","displayname":"koikisaragi0214","time_zone":"","msg":"RT tsukiuta1 ☆Happy White Day②☆新「もうすぐ春だよーあったかくなってきたから眠いよー君の愛に包まれて眠ります」葵「こらこら（苦笑）。いつもありがとうございます！」※DLOK※壁紙などマナーを守って使ってくださいね https//t…"}
{"tweet_id":841810889221234688,"created_unixtime":1489538330737,"created_time":"Wed Mar 15 00:38:50 +0000 2017","lang":"en","displayname":"Colin_Hung","time_zone":"Central Time (US & Canada)","msg":"Happy Pi Day MikeGordonRyan hcldr"}
{"tweet_id":841810890009669632,"created_unixtime":1489538330925,"created_time":"Wed Mar 15 00:38:50 +0000 2017","lang":"en","displayname":"skpaopao","time_zone":"","msg":"740687 BottomShakeBotO most courageous day O most happy hourAMNDBots"}
{"tweet_id":841810889779093504,"created_unixtime":1489538330870,"created_time":"Wed Mar 15 00:38:50 +0000 2017","lang":"en","displayname":"02ihtihas","time_zone":"Pacific Time (US & Canada)","msg":"happy birthday cat_heinrich love suffering through english with you every morning and happy pi day 💙"}
{"tweet_id":841810889720401920,"created_unixtime":1489538330856,"created_time":"Wed Mar 15 00:38:50 +0000 2017","lang":"en","displayname":"SydneyESommer","time_zone":"","msg":"RT antoniodelotero me trying to maintain a social life go to school work drink water exercise text everyone back stay sane not… "}
{"tweet_id":841810890265645056,"created_unixtime":1489538330986,"created_time":"Wed Mar 15 00:38:50 +0000 2017","lang":"en","displayname":"dradago","time_zone":"","msg":"RT 21yonce I just wanna see bts im sad when that video cut off in the mid of everyone yelling and jumping it was like the doo… "}
{"tweet_id":841810890215313410,"created_unixtime":1489538330974,"created_time":"Wed Mar 15 00:38:50 +0000 2017","lang":"en","displayname":"NickPlacella","time_zone":"","msg":"Cstacc Happy Born Day Bro 😤🃏💯"}
{"tweet_id":841810890043330562,"created_unixtime":1489538330933,"created_time":"Wed Mar 15 00:38:50 +0000 2017","lang":"en","displayname":"MacewenNichole","time_zone":"","msg":"RT smokepurpp I do what the fuck I want I dont fucking care what anyone thinks Im happy"}
{"tweet_id":841810890760507392,"created_unixtime":1489538331104,"created_time":"Wed Mar 15 00:38:51 +0000 2017","lang":"en","displayname":"Chcam102","time_zone":"","msg":"NadlerJanet I love Jaime all in all but when he keeps saying hes happy where he is at I think its time to move up"}
{"tweet_id":841810891091918848,"created_unixtime":1489538331183,"created_time":"Wed Mar 15 00:38:51 +0000 2017","lang":"en","displayname":"thatdeetho","time_zone":"","msg":"late night conversations make me happy it makes me appreciate the value of life since thats all we talk about at night"}
{"tweet_id":841810891280605184,"created_unixtime":1489538331228,"created_time":"Wed Mar 15 00:38:51 +0000 2017","lang":"en","displayname":"_cheeze_meex","time_zone":"Urumqi","msg":"RT lucyliciousmith Edward So happy to be here MBMayWard"}
{"tweet_id":841810891066683392,"created_unixtime":1489538331177,"created_time":"Wed Mar 15 00:38:51 +0000 2017","lang":"en","displayname":"JnnCns","time_zone":"","msg":"RT PBBKAHOUSE I cried I was sad I was guilty I was everything Edward MBMayWard"}
{"tweet_id":841810891154710528,"created_unixtime":1489538331198,"created_time":"Wed Mar 15 00:38:51 +0000 2017","lang":"tl","displayname":"drewsmaichard","time_zone":"","msg":"RT Bebegirlee12My Salamat sir J Nakaka miss ang ISALDUBxDTBYTugOfHearts https//tco/JhPIIvwWwQ"}
{"tweet_id":841810891683241984,"created_unixtime":1489538331324,"created_time":"Wed Mar 15 00:38:51 +0000 2017","lang":"en","displayname":"haileyparks4","time_zone":"","msg":"Im genuinely happy and it feels amaizng"}
{"tweet_id":841810891708411905,"created_unixtime":1489538331330,"created_time":"Wed Mar 15 00:38:51 +0000 2017","lang":"en","displayname":"bennet_castillo","time_zone":"","msg":"RT OFCALDubKoTo WE DEFINE OUR SET OF EXPECTATIONS AND OUR STANDARDS TO REACH HAPPINESS WHICH WE ALL CALL CONTENTMENT 😊… "}
{"tweet_id":841810891863597057,"created_unixtime":1489538331367,"created_time":"Wed Mar 15 00:38:51 +0000 2017","lang":"ja","displayname":"kisa_garden","time_zone":"Tokyo","msg":"『朗報～！！』♪　HAPPY GARDEN　♪　｜https//tco/y5wmTwrOgg garden"}
{"tweet_id":841810891934973953,"created_unixtime":1489538331384,"created_time":"Wed Mar 15 00:38:51 +0000 2017","lang":"en","displayname":"delenasdragon","time_zone":"Eastern Time (US & Canada)","msg":"Bright side These people can never disappoint us ever again We got a confirmed happy ending and they cant take it from us"}
{"tweet_id":841810892182433792,"created_unixtime":1489538331443,"created_time":"Wed Mar 15 00:38:51 +0000 2017","lang":"en","displayname":"curt_17","time_zone":"London","msg":"RT Stormzy1 Do what makes you happy mate"}
{"tweet_id":841810892463390720,"created_unixtime":1489538331510,"created_time":"Wed Mar 15 00:38:51 +0000 2017","lang":"en","displayname":"richardknell","time_zone":"","msg":"Happy Birthday Tim Enjoy your day  Prospects2016"}
{"tweet_id":841810892547284993,"created_unixtime":1489538331530,"created_time":"Wed Mar 15 00:38:51 +0000 2017","lang":"en","displayname":"CarolWiley","time_zone":"Pacific Time (US & Canada)","msg":"Happy Pi Day A number of things to know about Pi  https//tco/PzdG5jhsYM via CNN"}
{"tweet_id":841810890898919424,"created_unixtime":1489538331137,"created_time":"Wed Mar 15 00:38:51 +0000 2017","lang":"tl","displayname":"c8a868b331a04d6","time_zone":"","msg":"RT sunghyenaul pati saging dume destiny na rin 😂😂ALDUBxDTBYTugOfHearts https//tco/3Qx88bHpkE"}
{"tweet_id":841810892505276416,"created_unixtime":1489538331520,"created_time":"Wed Mar 15 00:38:51 +0000 2017","lang":"en","displayname":"350Loudoun","time_zone":"Atlantic Time (Canada)","msg":"RT ClimateReality The Earths circumference is 24901 beautiful miles Dont forget there is no Planet B Happy PiDay https//tco/HM6r…"}
{"tweet_id":841810892090150912,"created_unixtime":1489538331421,"created_time":"Wed Mar 15 00:38:51 +0000 2017","lang":"en","displayname":"morganhunter13","time_zone":"","msg":"RT FLIRTATIOUS Im tryna be this happy with my boo https//tco/jCyo9rs8eA"}
{"tweet_id":841810892476014594,"created_unixtime":1489538331513,"created_time":"Wed Mar 15 00:38:51 +0000 2017","lang":"en","displayname":"mylove1ddl","time_zone":"Brasilia","msg":"RT About_The_Jade LittleMix SpotifyUK What about WINGS  That always makes me happy xxx"}
{"tweet_id":841810893461585920,"created_unixtime":1489538331748,"created_time":"Wed Mar 15 00:38:51 +0000 2017","lang":"en","displayname":"WhisperWell","time_zone":"","msg":"RT BillNye Happy 314 Day peoples"}
{"tweet_id":841810893730070528,"created_unixtime":1489538331812,"created_time":"Wed Mar 15 00:38:51 +0000 2017","lang":"en","displayname":"Jdogg6961Carlos","time_zone":"","msg":"RT samkalidi Happy Pi Day https//tco/nrfirnHPXQ"}
{"tweet_id":841810893881004033,"created_unixtime":1489538331848,"created_time":"Wed Mar 15 00:38:51 +0000 2017","lang":"en","displayname":"MAYWARDBICOLvrs","time_zone":"","msg":"RT PBBKAHOUSE I cried I was sad I was guilty I was everything Edward MBMayWard"}
{"tweet_id":841810893944041472,"created_unixtime":1489538331863,"created_time":"Wed Mar 15 00:38:51 +0000 2017","lang":"en","displayname":"Cjtuor","time_zone":"","msg":"buzzy452 Happy Birthday"}
{"tweet_id":841810894057177089,"created_unixtime":1489538331890,"created_time":"Wed Mar 15 00:38:51 +0000 2017","lang":"en","displayname":"tiara_ini","time_zone":"","msg":"RT DavidRoads I choose to be happy today https//tco/1bJzOsIC38"}
{"tweet_id":841810894044651520,"created_unixtime":1489538331887,"created_time":"Wed Mar 15 00:38:51 +0000 2017","lang":"en","displayname":"Boom_gummy","time_zone":"","msg":"o__ducky BOGUMMY 50 points to griffindor as Bogummy Potter finished Oh Happy Day Tour So cute 😊"}
{"tweet_id":841810894111817734,"created_unixtime":1489538331903,"created_time":"Wed Mar 15 00:38:51 +0000 2017","lang":"en","displayname":"Kid_Rayyan","time_zone":"Atlantic Time (Canada)","msg":"RT richthekid Focus on what makes you happy"}
{"tweet_id":841810894212407296,"created_unixtime":1489538331927,"created_time":"Wed Mar 15 00:38:51 +0000 2017","lang":"en","displayname":"DiscoverSelf","time_zone":"Eastern Time (US & Canada)","msg":"RT sammyapproves Happy PiDay Whats your favorite kind of pie ad https//tco/e95tOGrCiVpie sweets https//tco/tKhYjfHC2q"}
{"tweet_id":841810894287970304,"created_unixtime":1489538331945,"created_time":"Wed Mar 15 00:38:51 +0000 2017","lang":"en","displayname":"aud_squad1012","time_zone":"","msg":"RT neiltyson 314  Happy Piday to Gregorian calendar users who reckon dates with month followed by day separated by period omitting year"}
{"tweet_id":841810893927260160,"created_unixtime":1489538331859,"created_time":"Wed Mar 15 00:38:51 +0000 2017","lang":"en","displayname":"warp2lvl10","time_zone":"","msg":"RT ZinaRIHyaDavis You people need to stop making unhealthy people happy to be unhealthy This is obesity and not body shaming fee… "}
{"tweet_id":841810894451499008,"created_unixtime":1489538331984,"created_time":"Wed Mar 15 00:38:51 +0000 2017","lang":"und","displayname":"diddydondiddy","time_zone":"Pacific Time (US & Canada)","msg":"🎂 https//tco/7mzHECweI5"}
{"tweet_id":841810894107639813,"created_unixtime":1489538331902,"created_time":"Wed Mar 15 00:38:51 +0000 2017","lang":"en","displayname":"CajunPacker","time_zone":"","msg":"RT BravesOptions Happy Pi Day nerds amp Braves fans photo collage courtesy of BravesStats https//tco/eC05dnL76A"}
{"tweet_id":841810894837317632,"created_unixtime":1489538332076,"created_time":"Wed Mar 15 00:38:52 +0000 2017","lang":"en","displayname":"mclatterbu","time_zone":"Eastern Time (US & Canada)","msg":"RT seanhannity The Economist on split Separating the “good co” as analysts are calling 21st Century Fox from the newspaper bus… "}
{"tweet_id":841810895235821568,"created_unixtime":1489538332171,"created_time":"Wed Mar 15 00:38:52 +0000 2017","lang":"ja","displayname":"bscbmp1810","time_zone":"Pacific Time (US & Canada)","msg":"love15nyatsu 今日誕生日なのか！happy birthday🎂🎂🎂"}
{"tweet_id":841810894845816833,"created_unixtime":1489538332078,"created_time":"Wed Mar 15 00:38:52 +0000 2017","lang":"en","displayname":"camilleperches","time_zone":"Brasilia","msg":"cte_stark completely agree he is using this chaos that he created to make EU weaker Sad that people fall for that turkeydictator"}
{"tweet_id":841810895110037504,"created_unixtime":1489538332141,"created_time":"Wed Mar 15 00:38:52 +0000 2017","lang":"en","displayname":"ePrintedBooks","time_zone":"Central Time (US & Canada)","msg":"Im so happy to be able to work with each author to help fulfill dreams of publishing Writers AmWriting https//tco/mJTN23OV0S"}
{"tweet_id":841810895332356096,"created_unixtime":1489538332194,"created_time":"Wed Mar 15 00:38:52 +0000 2017","lang":"ht","displayname":"xocaitlynnnnn","time_zone":"","msg":"RT shaniii_7 lmao Rt ✊🏽 https//tco/46ht9rPwKm"}
{"tweet_id":841810895533707264,"created_unixtime":1489538332242,"created_time":"Wed Mar 15 00:38:52 +0000 2017","lang":"tr","displayname":"lllmatik","time_zone":"Pacific Time (US & Canada)","msg":"Burak Yeter  Happy https//tco/lBERXlwPly YouTube aracılığıyla"}
{"tweet_id":841810894812241923,"created_unixtime":1489538332070,"created_time":"Wed Mar 15 00:38:52 +0000 2017","lang":"en","displayname":"HyperKicker","time_zone":"Eastern Time (US & Canada)","msg":"Happy pi dayyyy"}
{"tweet_id":841810895386906625,"created_unixtime":1489538332207,"created_time":"Wed Mar 15 00:38:52 +0000 2017","lang":"en","displayname":"MeganApplegat","time_zone":"","msg":"RT natappleton15 happy bday Meg I love u pretty💕❣️☺️💞 sisters MeganApplegat https//tco/3sNBBwE0wz"}
{"tweet_id":841810895441391617,"created_unixtime":1489538332220,"created_time":"Wed Mar 15 00:38:52 +0000 2017","lang":"en","displayname":"mraet_","time_zone":"Pacific Time (US & Canada)","msg":"My niece understands that sometimes aunt tenzie gets sad sometimes and she gave me the biggest hug and kiss Shes six Six years old"}
{"tweet_id":841810895709831168,"created_unixtime":1489538332284,"created_time":"Wed Mar 15 00:38:52 +0000 2017","lang":"en","displayname":"__peachy___","time_zone":"","msg":"RT SincerelyTumblr So annoying when ppl are like ur always laughin U laugh at everything Its not that funny like OK sorry Im a hap…"}
{"tweet_id":841810896577953792,"created_unixtime":1489538332491,"created_time":"Wed Mar 15 00:38:52 +0000 2017","lang":"en","displayname":"frutelladevil","time_zone":"Jakarta","msg":"RT SincerelyTumblr So annoying when ppl are like ur always laughin U laugh at everything Its not that funny like OK sorry Im a hap…"}
{"tweet_id":841810896624189441,"created_unixtime":1489538332502,"created_time":"Wed Mar 15 00:38:52 +0000 2017","lang":"en","displayname":"f_lexn","time_zone":"","msg":"Do whatever you want to do If you want to cut your hair dye your hair try different clothes wear makeup etc Do whatever makes you happy"}
{"tweet_id":841810895185502208,"created_unixtime":1489538332159,"created_time":"Wed Mar 15 00:38:52 +0000 2017","lang":"en","displayname":"Edward_Tang_","time_zone":"","msg":"Happy Birthday to my best bud sophie_bourne https//tco/9fBTj1Zamd"}
{"tweet_id":841810897001570305,"created_unixtime":1489538332592,"created_time":"Wed Mar 15 00:38:52 +0000 2017","lang":"en","displayname":"A1Perriico","time_zone":"","msg":"MakeitReyna_22 ThereHeGo5 happy Birthday my nigga"}
{"tweet_id":841810896871645185,"created_unixtime":1489538332561,"created_time":"Wed Mar 15 00:38:52 +0000 2017","lang":"en","displayname":"Manecas_84","time_zone":"Lisbon","msg":" I sad is to late to apologize https//tco/QXbosPcZjy"}
{"tweet_id":841810896812929025,"created_unixtime":1489538332547,"created_time":"Wed Mar 15 00:38:52 +0000 2017","lang":"en","displayname":"lucilaAlfonso_c","time_zone":"","msg":"RT dinahjane97 happy belated bdayy to my sweet lil ray of sunshine❤from here on out ️LIVE each day like its your last Xx love us https…"}
{"tweet_id":841810897756553216,"created_unixtime":1489538332772,"created_time":"Wed Mar 15 00:38:52 +0000 2017","lang":"en","displayname":"cpullumkiki","time_zone":"Pacific Time (US & Canada)","msg":"RT BrooklynBeans1 Happy PiDay Its 314 which means were celebrating pi coffee style RT for a shot at a 40count variety pack… "}
{"tweet_id":841810897630826496,"created_unixtime":1489538332742,"created_time":"Wed Mar 15 00:38:52 +0000 2017","lang":"und","displayname":"maxtronro1","time_zone":"","msg":"RT stisnijovski Happy Birthday to my little angel Lina hope your dreams come true and hope you have a great birthday …"}
{"tweet_id":841810897664323585,"created_unixtime":1489538332750,"created_time":"Wed Mar 15 00:38:52 +0000 2017","lang":"en","displayname":"GoldStarMom","time_zone":"Pacific Time (US & Canada)","msg":"Followed  Sure could use some help Thanks https//tco/jjFVxsvcyI"}
{"tweet_id":841810898138324992,"created_unixtime":1489538332863,"created_time":"Wed Mar 15 00:38:52 +0000 2017","lang":"en","displayname":"GerrardinhoNo8","time_zone":"London","msg":"Happy Birthday our wonderful Klub LFC YNWA"}
{"tweet_id":841810897446285312,"created_unixtime":1489538332698,"created_time":"Wed Mar 15 00:38:52 +0000 2017","lang":"en","displayname":"ilikemints","time_zone":"Eastern Time (US & Canada)","msg":"pantalonesfuego happy birthday https//tco/tA9iH8B5TY"}
{"tweet_id":841810897874112512,"created_unixtime":1489538332800,"created_time":"Wed Mar 15 00:38:52 +0000 2017","lang":"en","displayname":"1Michael11960","time_zone":"","msg":"RT chattanoogafun Its NationalPiDay RT to wish our favorite Pie MoonPie a happy 100th birthday in 2017 https//tco/JN06r326oJ http…"}
{"tweet_id":841810898222227461,"created_unixtime":1489538332883,"created_time":"Wed Mar 15 00:38:52 +0000 2017","lang":"en","displayname":"krain723","time_zone":"","msg":"Actually its quite accurate but Im thinking it would be painful to try to teach you why https//tco/dZXtQbnIq9"}
{"tweet_id":841810898788405248,"created_unixtime":1489538333018,"created_time":"Wed Mar 15 00:38:53 +0000 2017","lang":"en","displayname":"terrene_price","time_zone":"","msg":"FloraDoe happy birthday😄"}
{"tweet_id":841810898352250881,"created_unixtime":1489538332914,"created_time":"Wed Mar 15 00:38:52 +0000 2017","lang":"en","displayname":"Tiarabby_","time_zone":"","msg":"RT _lilsunnyyy Talk to god more aint nothing wrong with you dont know what youre sad for you got clothes on your back and… "}
{"tweet_id":841810899228803072,"created_unixtime":1489538333123,"created_time":"Wed Mar 15 00:38:53 +0000 2017","lang":"tl","displayname":"jron21","time_zone":"","msg":"RT ALDENophileCLUB Pag may free time kayo magtanim kayo ng saging 🍌Para laginghappy 🙃 DTBYMahalNaNgaBa"}
{"tweet_id":841810898855596032,"created_unixtime":1489538333034,"created_time":"Wed Mar 15 00:38:53 +0000 2017","lang":"en","displayname":"paigeeoo","time_zone":"Helsinki","msg":"RT TheEllenShow Happy birthday StephenCurry30 amp Simone_Biles Together you’re 11 ft of talent and adorableness"}
{"tweet_id":841810902991093760,"created_unixtime":1489538334020,"created_time":"Wed Mar 15 00:38:54 +0000 2017","lang":"en","displayname":"sarahTOHOSHINKI","time_zone":"Kuala Lumpur","msg":"RT rulerofwind_sh EXO IS ALREADY HAPPY BY JUST PLAYING WITH THEIR HELIUM VOICE YES THIS IS THE GROUP I STAN 😂😂😂 https//tco/C1oj8RSwHS"}
{"tweet_id":841810903616036864,"created_unixtime":1489538334169,"created_time":"Wed Mar 15 00:38:54 +0000 2017","lang":"en","displayname":"Chelbaey","time_zone":"Pacific Time (US & Canada)","msg":"RT XLNB The corrupt media and failing Rachel Maddow desperate Anything to stop us from Making America Great Again Fake… "}
{"tweet_id":841810903016341504,"created_unixtime":1489538334026,"created_time":"Wed Mar 15 00:38:54 +0000 2017","lang":"en","displayname":"msuperstarsuraj","time_zone":"","msg":"Jisshusengupta Happy Birthday amp many many happy returns of the daystay_blessed and achieve more success in life God Bless you 💐🎂🍫🍭🍬🎂💐💐"}
{"tweet_id":841810899195248640,"created_unixtime":1489538333115,"created_time":"Wed Mar 15 00:38:53 +0000 2017","lang":"en","displayname":"HaileyAlaynee","time_zone":"Pacific Time (US & Canada)","msg":"RT _Snape_ Happy PiDay https//tco/cI8NnnwW7o"}
{"tweet_id":841810899409240064,"created_unixtime":1489538333166,"created_time":"Wed Mar 15 00:38:53 +0000 2017","lang":"en","displayname":"OpenDataMonkey","time_zone":"Pacific Time (US & Canada)","msg":"RT influyenperu uscourts Report is invaluable but please release as opendata consistent with federal policy and enable others to analyz…"}
{"tweet_id":841810899895631873,"created_unixtime":1489538333282,"created_time":"Wed Mar 15 00:38:53 +0000 2017","lang":"en","displayname":"madilynn_u","time_zone":"","msg":"RT dani_pitter These poor kids have no guidance at home to come out to their parents Awwww sad  TheFosters"}
{"tweet_id":841810899530739712,"created_unixtime":1489538333195,"created_time":"Wed Mar 15 00:38:53 +0000 2017","lang":"en","displayname":"dhopkins_34","time_zone":"Pacific Time (US & Canada)","msg":"RT emmma_bolton happy spring break🌊 https//tco/4IUlZRifRT"}
{"tweet_id":841810899262402560,"created_unixtime":1489538333131,"created_time":"Wed Mar 15 00:38:53 +0000 2017","lang":"en","displayname":"NestonCC","time_zone":"London","msg":"Congratulations to former NCC shrimper joehardyy on his transfer to BrentfordFC from ManCity Wishing you all th… https//tco/64SqBiKRnz"}
{"tweet_id":841810899262410754,"created_unixtime":1489538333131,"created_time":"Wed Mar 15 00:38:53 +0000 2017","lang":"en","displayname":"chlynnatl87","time_zone":"","msg":"colliscool HAPPY BIRTHDAY TO ONE OF MY FAVORITE PEOPLE😘💕 https//tco/bSluG0u1s2"}
{"tweet_id":841810900357017600,"created_unixtime":1489538333392,"created_time":"Wed Mar 15 00:38:53 +0000 2017","lang":"en","displayname":"HungerGames_101","time_zone":"Kuala Lumpur","msg":"Happy Hunger Games And may the odds be ever in your favor HungerGames"}
{"tweet_id":841810900126466048,"created_unixtime":1489538333337,"created_time":"Wed Mar 15 00:38:53 +0000 2017","lang":"en","displayname":"JenniferMunsey","time_zone":"","msg":"Happy Birthday  DesmondWalls2 Enjoyed shooting 📷 you this season 🎈🎉🎈"}
{"tweet_id":841810899849641984,"created_unixtime":1489538333271,"created_time":"Wed Mar 15 00:38:53 +0000 2017","lang":"en","displayname":"abzybeardy","time_zone":"","msg":"RT official_scrfc Keanos first goal for the club and celebration Danfernandez10 seemed quite happy about it https//tco/Emqmhgm2Yb"}
{"tweet_id":841810900357005312,"created_unixtime":1489538333392,"created_time":"Wed Mar 15 00:38:53 +0000 2017","lang":"en","displayname":"JEANsiiiing","time_zone":"Pacific Time (US & Canada)","msg":"RT ilovefIowers if ur sad https//tco/cwXvLBIWEu"}
{"tweet_id":841810900579360768,"created_unixtime":1489538333445,"created_time":"Wed Mar 15 00:38:53 +0000 2017","lang":"en","displayname":"GinaMilanovich","time_zone":"Pacific Time (US & Canada)","msg":"Im not even sad"}
{"tweet_id":841810899803373568,"created_unixtime":1489538333260,"created_time":"Wed Mar 15 00:38:53 +0000 2017","lang":"en","displayname":"zaryyyIvory","time_zone":"","msg":"RT fantagiogroup [아스트로] 20170315 HAPPY BIRTHDAY JINJIN♥https//tco/V5gCN4Og73ASTRO JINJIN 진진 HAPPYJINJINDAY💕 https//tco/wheN9y…"}
{"tweet_id":841810900847861760,"created_unixtime":1489538333509,"created_time":"Wed Mar 15 00:38:53 +0000 2017","lang":"en","displayname":"allisonamandaxx","time_zone":"Atlantic Time (Canada)","msg":"RT qlik On this National PiDay we’re just happy that you’re trying https//tco/8MqmKOPdMI"}
{"tweet_id":841810900742987777,"created_unixtime":1489538333484,"created_time":"Wed Mar 15 00:38:53 +0000 2017","lang":"en","displayname":"katehol51763278","time_zone":"Eastern Time (US & Canada)","msg":"RT MikeLevinCA If only Darrell Issa looked so happy to meet with his constituents  Time for him to go  I need your help now… "}
{"tweet_id":841810900755574788,"created_unixtime":1489538333487,"created_time":"Wed Mar 15 00:38:53 +0000 2017","lang":"en","displayname":"NancySchutz","time_zone":"","msg":"RT JohnBell Happy Birthday jessbergeault  Miss you loadz 💙 https//tco/bEJkz4HX3U"}
{"tweet_id":841810900747137024,"created_unixtime":1489538333485,"created_time":"Wed Mar 15 00:38:53 +0000 2017","lang":"en","displayname":"auntierez","time_zone":"Atlantic Time (Canada)","msg":"LynMullalyHunt nancyrosep Happyhappyjoyjoy 😘❤"}
{"tweet_id":841810901456019456,"created_unixtime":1489538333654,"created_time":"Wed Mar 15 00:38:53 +0000 2017","lang":"en","displayname":"boU_Knows","time_zone":"","msg":"RT realDonaldTrump Everytime someone tweets that I wear a wig realize to yourself that you are dealing with them  just another sad amp l…"}
{"tweet_id":841810901795770374,"created_unixtime":1489538333735,"created_time":"Wed Mar 15 00:38:53 +0000 2017","lang":"en","displayname":"teammcvamps4eva","time_zone":"Amsterdam","msg":"What are the three most important things for you to be happy — Speaking to JordanGoing out placesFood https//tco/hLzVr05Kzx"}
{"tweet_id":841810901967765504,"created_unixtime":1489538333776,"created_time":"Wed Mar 15 00:38:53 +0000 2017","lang":"en","displayname":"DailyXMenFacts","time_zone":"","msg":"RT RedShirtComics Happy Pi Day hostess fruitpies piday daredevil marvel imageoftheday https//tco/Ke1wB9AbTc"}
{"tweet_id":841810902051508224,"created_unixtime":1489538333796,"created_time":"Wed Mar 15 00:38:53 +0000 2017","lang":"en","displayname":"AL_KING2169","time_zone":"","msg":"StephenCurry30 HAppy Birthday 🎉"}
{"tweet_id":841810901728657408,"created_unixtime":1489538333719,"created_time":"Wed Mar 15 00:38:53 +0000 2017","lang":"en","displayname":"BriAnnaArabia","time_zone":"Eastern Time (US & Canada)","msg":"RT Vulnerable its so sad and frustrating when you try your hardest but people still dont find it good enough"}
{"tweet_id":841810901967769600,"created_unixtime":1489538333776,"created_time":"Wed Mar 15 00:38:53 +0000 2017","lang":"en","displayname":"Sno_That","time_zone":"Pacific Time (US & Canada)","msg":"RT NBA Happy Holiday https//tco/I8U2Xp8bkP"}
{"tweet_id":841810902160703488,"created_unixtime":1489538333822,"created_time":"Wed Mar 15 00:38:53 +0000 2017","lang":"en","displayname":"tay_mccurdy","time_zone":"Pacific Time (US & Canada)","msg":"theThumb until you return 🙂 https//tco/H2cz5KrfvF"}
{"tweet_id":841810902420754432,"created_unixtime":1489538333884,"created_time":"Wed Mar 15 00:38:53 +0000 2017","lang":"en","displayname":"tjlightcap14","time_zone":"","msg":"Naasir_Aakbar happy birthday bro"}
{"tweet_id":841810902798102528,"created_unixtime":1489538333974,"created_time":"Wed Mar 15 00:38:53 +0000 2017","lang":"ja","displayname":"caiottsr","time_zone":"","msg":"Kimmmaliit happy white day 😘😢 ごめんね1人にさせて😢😢😢"}
{"tweet_id":841810904819761152,"created_unixtime":1489538334456,"created_time":"Wed Mar 15 00:38:54 +0000 2017","lang":"ja","displayname":"Re_RmT0306","time_zone":"","msg":"RT mimorinumi777 Happy Birthday 海未ちゃん！🎯💙💘真面目でロングでツンデレな所とかドストライクです確実にアニメで1番好きなキャラです💘💘園田海未生誕祭2017315のうみちゃんたいむ… "}
{"tweet_id":841810904912076800,"created_unixtime":1489538334478,"created_time":"Wed Mar 15 00:38:54 +0000 2017","lang":"en","displayname":"faizlam1","time_zone":"","msg":"Mourinho still special one chelseafans https//tco/pC4WRx0p9R"}
{"tweet_id":841810904077463552,"created_unixtime":1489538334279,"created_time":"Wed Mar 15 00:38:54 +0000 2017","lang":"en","displayname":"k_savonnnnn","time_zone":"Atlantic Time (Canada)","msg":"RT india_kate This photo makes me so happy ☺️✨ RitaOra ANTMVH1 antmvh1 https//tco/PsC5hOSlDs"}
{"tweet_id":841810905423732736,"created_unixtime":1489538334600,"created_time":"Wed Mar 15 00:38:54 +0000 2017","lang":"en","displayname":"Moonlightbae_07","time_zone":"Pacific Time (US & Canada)","msg":"Are u guys happy now"}
{"tweet_id":841810905272877056,"created_unixtime":1489538334564,"created_time":"Wed Mar 15 00:38:54 +0000 2017","lang":"en","displayname":"___JazzyJas","time_zone":"","msg":"This sad like the paw paw story https//tco/stQl9kLmgy"}
{"tweet_id":841810905826512896,"created_unixtime":1489538334696,"created_time":"Wed Mar 15 00:38:54 +0000 2017","lang":"en","displayname":"flowersforjeon","time_zone":"","msg":"RT fantagiogroup [아스트로] 20170315 HAPPY BIRTHDAY JINJIN♥https//tco/V5gCN4Og73ASTRO JINJIN 진진 HAPPYJINJINDAY💕 https//tco/wheN9y…"}
{"tweet_id":841810905759395844,"created_unixtime":1489538334680,"created_time":"Wed Mar 15 00:38:54 +0000 2017","lang":"en","displayname":"KameronD_2","time_zone":"","msg":"RT kaseyd34 KameronD_2 happy bday cuz"}
{"tweet_id":841810906396950528,"created_unixtime":1489538334832,"created_time":"Wed Mar 15 00:38:54 +0000 2017","lang":"en","displayname":"JoshuaCale4","time_zone":"Eastern Time (US & Canada)","msg":"RT Panthers Happy Birthday to Panthers fan StephenCurry30 🎉 https//tco/IqYeQMedSF"}
{"tweet_id":841810906753466368,"created_unixtime":1489538334917,"created_time":"Wed Mar 15 00:38:54 +0000 2017","lang":"en","displayname":"chris_ihoop_2","time_zone":"","msg":"Happy birthday sonny_CB_WR"}
{"tweet_id":841810907164422145,"created_unixtime":1489538335015,"created_time":"Wed Mar 15 00:38:55 +0000 2017","lang":"ja","displayname":"arinnkoayaka","time_zone":"","msg":"RT wildtono 💙　HAPPY　WHITEDAY　💙男の子の告白シーンおみくじ作ってみました、いつもありがとうございます✨😊 https//tco/HfNIRx0cQa"}
{"tweet_id":841810906560512002,"created_unixtime":1489538334871,"created_time":"Wed Mar 15 00:38:54 +0000 2017","lang":"en","displayname":"renata_spagnolo","time_zone":"Brasilia","msg":"RT chelseaanoelle I get really happy when people block me like I effected ur life so much that u had to block me hahahah"}
{"tweet_id":841810907080597504,"created_unixtime":1489538334995,"created_time":"Wed Mar 15 00:38:54 +0000 2017","lang":"en","displayname":"shazhelen","time_zone":"","msg":"RT Stormzy1 Do what makes you happy mate"}
{"tweet_id":841810907177078784,"created_unixtime":1489538335018,"created_time":"Wed Mar 15 00:38:55 +0000 2017","lang":"en","displayname":"SamDohertyy","time_zone":"Eastern Time (US & Canada)","msg":"MariaPetracca1 happy birthday maria🎈😘❤️️"}
{"tweet_id":841810903775436800,"created_unixtime":1489538334207,"created_time":"Wed Mar 15 00:38:54 +0000 2017","lang":"en","displayname":"YuGeSKaNeSaN97","time_zone":"","msg":"Sad truth 😢 https//tco/hmxJSw3c7E"}
{"tweet_id":841810903850975233,"created_unixtime":1489538334225,"created_time":"Wed Mar 15 00:38:54 +0000 2017","lang":"en","displayname":"louisforpanicat","time_zone":"","msg":"RT gigglypjm the best concept happy bangtan https//tco/otU3ceclVU"}
{"tweet_id":841810904043933696,"created_unixtime":1489538334271,"created_time":"Wed Mar 15 00:38:54 +0000 2017","lang":"en","displayname":"IMossage","time_zone":"","msg":"RT JDBioprimer aniksingal Hey Anik I am so happy you have the customer happiness specialist position open I cant wait to talk to you g…"}
{"tweet_id":841810903720951808,"created_unixtime":1489538334194,"created_time":"Wed Mar 15 00:38:54 +0000 2017","lang":"en","displayname":"Appledectomy","time_zone":"Eastern Time (US & Canada)","msg":"RT Djermengandre NSFW Happy MacroMarch  https//tco/Q66lDLdZbP"}
{"tweet_id":841810904392073216,"created_unixtime":1489538334354,"created_time":"Wed Mar 15 00:38:54 +0000 2017","lang":"en","displayname":"ItsAlexisVilla","time_zone":"Pacific Time (US & Canada)","msg":"RT ayybigpoppa Happy birthday ItsAlexisVilla 🎉🎁"}
{"tweet_id":841810904173891584,"created_unixtime":1489538334302,"created_time":"Wed Mar 15 00:38:54 +0000 2017","lang":"en","displayname":"YoungQuavoIzzy","time_zone":"Arizona","msg":"RT KyleEdwards Someone When was the last time u were truly happyMe https//tco/xMYGex7hmH"}
{"tweet_id":841810904605900800,"created_unixtime":1489538334405,"created_time":"Wed Mar 15 00:38:54 +0000 2017","lang":"en","displayname":"AlaskaFit","time_zone":"Hawaii","msg":"Happy New Year Find out why Ginnys talking about the New Year in March Our latest Moms Everyday debuted during https//tco/Es7hcJvzGU"}
{"tweet_id":841810904467488769,"created_unixtime":1489538334372,"created_time":"Wed Mar 15 00:38:54 +0000 2017","lang":"ja","displayname":"LibraianLyrics","time_zone":"Irkutsk","msg":"HAPPY BIRTHDAY MALIA 【摩天楼の雨】"}
{"tweet_id":841810905054695424,"created_unixtime":1489538334512,"created_time":"Wed Mar 15 00:38:54 +0000 2017","lang":"en","displayname":"angela_m314","time_zone":"","msg":"RT julllllissa angela_m314 HAPPY BIRTHDAY CUTE THANG 💗"}
{"tweet_id":841810904442257408,"created_unixtime":1489538334366,"created_time":"Wed Mar 15 00:38:54 +0000 2017","lang":"en","displayname":"FycShow","time_zone":"","msg":"RT _daveyH Happy Birthday to WilliamHMacy seen here in the Coen Brothers 1996 masterpiece FARGO botd TheCinegogue… "}
{"tweet_id":841810904769540096,"created_unixtime":1489538334444,"created_time":"Wed Mar 15 00:38:54 +0000 2017","lang":"en","displayname":"LXYcs","time_zone":"Novosibirsk","msg":"sleepiests WELP LOOK THROUGH MY POSTS WHEN UR SAD"}
{"tweet_id":841810906682163200,"created_unixtime":1489538334900,"created_time":"Wed Mar 15 00:38:54 +0000 2017","lang":"en","displayname":"freyaheart","time_zone":"America/New_York","msg":"RT GameGrumps Happy Birthday Danny https//tco/Qc8I63RkPP"}
{"tweet_id":841810907755868162,"created_unixtime":1489538335156,"created_time":"Wed Mar 15 00:38:55 +0000 2017","lang":"en","displayname":"Farahraful","time_zone":"Eastern Time (US & Canada)","msg":"love uuuuuu thank you ❤❤❤😘😘😘 https//tco/A8oZ7I1W5T"}
{"tweet_id":841810908271673345,"created_unixtime":1489538335279,"created_time":"Wed Mar 15 00:38:55 +0000 2017","lang":"en","displayname":"igrace529","time_zone":"","msg":"RT ALDUBNATIONNCR Prayer is powerful its amazing what it can do Always stay happy at all timesRT amp spread love worldwide🌻🌻🌻… "}
{"tweet_id":841810907869007872,"created_unixtime":1489538335183,"created_time":"Wed Mar 15 00:38:55 +0000 2017","lang":"en","displayname":"AngryBus","time_zone":"Pacific Time (US & Canada)","msg":"RT kalebhorton Saying America is optimistic because CEOs are optimistic is like saying prisoners are happy because you heard the w… "}
{"tweet_id":841810907978186753,"created_unixtime":1489538335209,"created_time":"Wed Mar 15 00:38:55 +0000 2017","lang":"en","displayname":"beezerfrag","time_zone":"","msg":"RT andibeth012 PRECIOUS HAPPY LOVE BUG DMPD FKG IRRESPONSIBLE OWNR FKU NH RESKILL 💉3/15 😈NYCACC SUPR SOCIAL FNDLY SMART LOVES PP… "}
{"tweet_id":841810908338876417,"created_unixtime":1489538335295,"created_time":"Wed Mar 15 00:38:55 +0000 2017","lang":"en","displayname":"jordancongo_","time_zone":"","msg":"RT ImagineErotica Dating someone is so cool like hey I like you and you like me lets hangout and have inside jokes and kiss each other a…"}
{"tweet_id":841810907311267842,"created_unixtime":1489538335050,"created_time":"Wed Mar 15 00:38:55 +0000 2017","lang":"en","displayname":"NWRochGuy","time_zone":"","msg":"Shabbosgoy I missed it Sad"}
{"tweet_id":841810908800253958,"created_unixtime":1489538335405,"created_time":"Wed Mar 15 00:38:55 +0000 2017","lang":"en","displayname":"Key_to_life6","time_zone":"Quito","msg":"RT AllinMyGlory_ Key_to_life6 Happy Birthday Geeee"}
{"tweet_id":841810908825305088,"created_unixtime":1489538335411,"created_time":"Wed Mar 15 00:38:55 +0000 2017","lang":"ja","displayname":"nyhsHQ_03","time_zone":"","msg":"RT ryouchan0526 nyhsHQ_03 👏 ˊᵕˋ Happy Birthday👏 ˊᵕˋ この1年が素敵な年になりますよーに！！"}
{"tweet_id":841810908850622465,"created_unixtime":1489538335417,"created_time":"Wed Mar 15 00:38:55 +0000 2017","lang":"en","displayname":"kaithlinbpeak","time_zone":"","msg":"RT The_Best_Vines This girls story is funny and sad at the same time https//tco/5qR8kWJcE6"}
{"tweet_id":841810908649291780,"created_unixtime":1489538335369,"created_time":"Wed Mar 15 00:38:55 +0000 2017","lang":"en","displayname":"Mellow_Cop","time_zone":"","msg":"FOX CON PECAS happy https//tco/KKZs5Rtehn"}
{"tweet_id":841810909412573184,"created_unixtime":1489538335551,"created_time":"Wed Mar 15 00:38:55 +0000 2017","lang":"th","displayname":"Ikulrisnut","time_zone":"Jakarta","msg":"RT kissmemyfan_ [Fanart] 170314 Wuyifan  Happy White Day Crminaถังถัง เฉิงเจิ้ง เซี่ยมู่ เสี่ยวเฟยและอิ๋นเฉินมาสุขสันต์วันไวท์… "}
{"tweet_id":841810909030961156,"created_unixtime":1489538335460,"created_time":"Wed Mar 15 00:38:55 +0000 2017","lang":"en","displayname":"rafacult","time_zone":"","msg":"RT 5HVotingStats Scared Of Happy FifthHarmony YouKnowYouLoveThem radiodisney"}
{"tweet_id":841810909752360960,"created_unixtime":1489538335632,"created_time":"Wed Mar 15 00:38:55 +0000 2017","lang":"en","displayname":"_YoungQuin","time_zone":"Pacific Time (US & Canada)","msg":"RT nyqueshhaa Life is too short to be anything but happy 💯☺️"}
{"tweet_id":841810910255636480,"created_unixtime":1489538335752,"created_time":"Wed Mar 15 00:38:55 +0000 2017","lang":"en","displayname":"ThnkuObamas","time_zone":"Pacific Time (US & Canada)","msg":"RT keekee_mama Ppl on twitter be so miserable they see Keke Palmer being happy and goofy and think she must be on drugs 😂😭 get happy sis"}
{"tweet_id":841810909991452672,"created_unixtime":1489538335689,"created_time":"Wed Mar 15 00:38:55 +0000 2017","lang":"en","displayname":"jeffmooredpt","time_zone":"Pacific Time (US & Canada)","msg":"RT SandyHiltonPT Im going So happy for this one davis_only jeffmooredpt icephysio https//tco/kEgMyADAR6"}
{"tweet_id":841810908842209283,"created_unixtime":1489538335415,"created_time":"Wed Mar 15 00:38:55 +0000 2017","lang":"en","displayname":"yinkwok3","time_zone":"","msg":"Hey happy birthday Dont know what I ever did to deserve you ❤️ Gregschneidz https//tco/A8oMR6vyuR"}
{"tweet_id":841810909840445440,"created_unixtime":1489538335653,"created_time":"Wed Mar 15 00:38:55 +0000 2017","lang":"en","displayname":"IsabellaPopoff","time_zone":"Pacific Time (US & Canada)","msg":"happy birthday Zoe_baker27 miss you 💕"}
{"tweet_id":841810910276534272,"created_unixtime":1489538335757,"created_time":"Wed Mar 15 00:38:55 +0000 2017","lang":"ja","displayname":"KANIofficial_JP","time_zone":"Tokyo","msg":"Happy Birthday to Will I Am  今日はブラックアイドピーズのウィルアイアムのバースデー！ BEPのこの曲で今日も元気出して行きましょー！https//tco/OttdIlhsGw"}
{"tweet_id":841810909714604033,"created_unixtime":1489538335623,"created_time":"Wed Mar 15 00:38:55 +0000 2017","lang":"en","displayname":"Phumi_xo","time_zone":"","msg":"NmNokwakha Happy birthday Boo xx https//tco/c6ZGCa0cmS"}
{"tweet_id":841810910335266816,"created_unixtime":1489538335771,"created_time":"Wed Mar 15 00:38:55 +0000 2017","lang":"en","displayname":"bas___kazu10","time_zone":"","msg":"RT ripslyme_com Happy Birthday FUMIYA May this year be your best ever HBD 🎂 38 thanks https//tco/ZZKjeGUKSv"}
{"tweet_id":841810909349715969,"created_unixtime":1489538335536,"created_time":"Wed Mar 15 00:38:55 +0000 2017","lang":"en","displayname":"dtfjobros","time_zone":"Central Time (US & Canada)","msg":"RT billyraycyrus Looks like its time to rock n roll MileyCyrus happy   Excited to hear more of the new stuff  Turn it loose  htt…"}
{"tweet_id":841810910633177089,"created_unixtime":1489538335842,"created_time":"Wed Mar 15 00:38:55 +0000 2017","lang":"und","displayname":"_alexisfriday","time_zone":"Pacific Time (US & Canada)","msg":"happy"}
{"tweet_id":841810910704476160,"created_unixtime":1489538335859,"created_time":"Wed Mar 15 00:38:55 +0000 2017","lang":"en","displayname":"brendake32","time_zone":"","msg":"RT ItsMandy_ish Thats adorable and thoughtful ❤️ https//tco/eVEEeKbmXx"}
{"tweet_id":841810910788296706,"created_unixtime":1489538335879,"created_time":"Wed Mar 15 00:38:55 +0000 2017","lang":"en","displayname":"CalNurses","time_zone":"","msg":"RT RoseAnnDeMoro Happy Pi Day PiDay resist https//tco/WtRwHPsSL2"}
{"tweet_id":841810910461194240,"created_unixtime":1489538335801,"created_time":"Wed Mar 15 00:38:55 +0000 2017","lang":"en","displayname":"fblozusky37","time_zone":"","msg":"I just took one of those naps where you wake up wondering what year it is happy nationalnapday"}
{"tweet_id":841810911169937408,"created_unixtime":1489538335970,"created_time":"Wed Mar 15 00:38:55 +0000 2017","lang":"en","displayname":"elainemaisner","time_zone":"","msg":"RT Jenny_Brule Happiest of birthdays to you UNC Press Im proud to be one of your authors 📕 https//tco/8F2Wx5xxrg"}
{"tweet_id":841810911623012352,"created_unixtime":1489538336078,"created_time":"Wed Mar 15 00:38:56 +0000 2017","lang":"en","displayname":"f_ABZ_ulous","time_zone":"Atlantic Time (Canada)","msg":"RT fl4v1Asc0tto_ f_ABZ_ulous happy birthday hope you had a great day🙂💛"}
{"tweet_id":841810912457691137,"created_unixtime":1489538336277,"created_time":"Wed Mar 15 00:38:56 +0000 2017","lang":"en","displayname":"Charlton4Ms","time_zone":"","msg":"RT Nelly_Mo Happy 314 DAY STL STAND UP"}
{"tweet_id":841810909542662144,"created_unixtime":1489538335582,"created_time":"Wed Mar 15 00:38:55 +0000 2017","lang":"en","displayname":"Vane_Unchained","time_zone":"Rome","msg":"RT Simone_Biles happy birthday to all the march 14th babies  🖤"}
{"tweet_id":841810912981917696,"created_unixtime":1489538336402,"created_time":"Wed Mar 15 00:38:56 +0000 2017","lang":"en","displayname":"fansfordanneel","time_zone":"London","msg":"RT TheKaleOnline SPOTTED Queen DanneelHarris and happy Doggo enjoy a sunny moment in front of new baby TheFamilyBeer ☀️🍻 fbbeer… "}
{"tweet_id":841810913015484416,"created_unixtime":1489538336410,"created_time":"Wed Mar 15 00:38:56 +0000 2017","lang":"en","displayname":"_JingHan_","time_zone":"Singapore","msg":"RT risegfriend LOOK AT THOSE HAPPY AND RELIEVED TEARS THEY HAVE WORKED SO HARD TO GET HERE THEY DESERVED IT Fingertip1stWin https//tco…"}
{"tweet_id":841810913195917314,"created_unixtime":1489538336453,"created_time":"Wed Mar 15 00:38:56 +0000 2017","lang":"en","displayname":"ace__lexi","time_zone":"Pacific Time (US & Canada)","msg":"Im so grateful for julipetty shes such a great friend and positive person Im so happy we met in mth 067 💘"}
{"tweet_id":841810913971728384,"created_unixtime":1489538336638,"created_time":"Wed Mar 15 00:38:56 +0000 2017","lang":"ja","displayname":"fb_rena__M","time_zone":"","msg":"まっさはるくーん🐨おはようこんにちは~~☀️昨日ねバイト五連勤やっと終わって、happyなの笑🙋🏼🌸それとね！3/22のリリイベ行くよ！本当に楽しみ！💗💗💗待っててね！！お手紙も書いてく~📩以上レナでした🍓FlowBack_HARU"}
{"tweet_id":841810914064097281,"created_unixtime":1489538336660,"created_time":"Wed Mar 15 00:38:56 +0000 2017","lang":"en","displayname":"_cubesmpah_","time_zone":"","msg":"RT CuteOverloads THIS JUST MADE ME SO HAPPY https//tco/0X8oNeJpgd"}
{"tweet_id":841810914730889216,"created_unixtime":1489538336819,"created_time":"Wed Mar 15 00:38:56 +0000 2017","lang":"en","displayname":"Pussaluss123","time_zone":"Pacific Time (US & Canada)","msg":"marygnip BoyfromBurleigh chriskkenny What was once a good showeons agohas turned into a sad farce N these clowns keep finding this 💩"}
{"tweet_id":841810914210897923,"created_unixtime":1489538336695,"created_time":"Wed Mar 15 00:38:56 +0000 2017","lang":"en","displayname":"fastylos","time_zone":"","msg":"☏ RINGRING ☏  Is for you Harry_Styles ↲Hi dearwould you like to make happy a little girl today and follow mePlease ❥I Love uX2576"}
{"tweet_id":841810915179741184,"created_unixtime":1489538336926,"created_time":"Wed Mar 15 00:38:56 +0000 2017","lang":"en","displayname":"Anaka_njeri01","time_zone":"","msg":"I forgot to tweet happy pi day this morning Who tf am I"}
{"tweet_id":841810915121102848,"created_unixtime":1489538336912,"created_time":"Wed Mar 15 00:38:56 +0000 2017","lang":"en","displayname":"verodago","time_zone":"","msg":"RT qbanqt Sits back with ☕ docrocktex26 sad thing is wont matter https//tco/oaRPTJ6QRI"}
{"tweet_id":841810915498508288,"created_unixtime":1489538337002,"created_time":"Wed Mar 15 00:38:57 +0000 2017","lang":"en","displayname":"morisawa_enbot","time_zone":"Pacific Time (US & Canada)","msg":"I’m happy I raised you to be such a good kid you know~ Good boy good boy ♪"}
{"tweet_id":841810915599228933,"created_unixtime":1489538337026,"created_time":"Wed Mar 15 00:38:57 +0000 2017","lang":"en","displayname":"meisyt_","time_zone":"","msg":"RT happyfeetCara meisyt_ Happy Birthday Meisy 🎈🎈🎉🎉🍾🍾"}
{"tweet_id":841810915699830784,"created_unixtime":1489538337050,"created_time":"Wed Mar 15 00:38:57 +0000 2017","lang":"ja","displayname":"koikoi_kakeru12","time_zone":"Pacific Time (US & Canada)","msg":"RT tsukiuta1 ☆Happy White Day③☆恋「俺たちにプランを任せて頂ければ、笑いの耐えないデートをご提供してみせます！」駆「そして体重１kgはかたい」恋「フラれるヤツ…！」※DLOK※壁紙などマナーを守って使ってくださいね https/…"}
{"tweet_id":841810915167207424,"created_unixtime":1489538336923,"created_time":"Wed Mar 15 00:38:56 +0000 2017","lang":"en","displayname":"YoanBarata","time_zone":"Athens","msg":"RT dannyeslb Happy Birthday LFC 🔴⚪ https//tco/m4LNuRsJMD"}
{"tweet_id":841810915234320384,"created_unixtime":1489538336939,"created_time":"Wed Mar 15 00:38:56 +0000 2017","lang":"en","displayname":"TrapHaze","time_zone":"Buenos Aires","msg":"People does forget you dont need to them survive  live a Happy life and be a functional member of society"}
{"tweet_id":841810915834056704,"created_unixtime":1489538337082,"created_time":"Wed Mar 15 00:38:57 +0000 2017","lang":"en","displayname":"genevamarie_DL","time_zone":"","msg":"RT warriors DubNation please join us in wishing StephenCurry30 a very Happy Birthday 🎈 https//tco/cByjiIEk25"}
{"tweet_id":841810915821539328,"created_unixtime":1489538337079,"created_time":"Wed Mar 15 00:38:57 +0000 2017","lang":"en","displayname":"robfoale","time_zone":"","msg":"RT s_armitage Education is not the learning of facts but the training of the mind to think Happy Birthday Einstein https//tco/rrgh6…"}
{"tweet_id":841810915670425600,"created_unixtime":1489538337043,"created_time":"Wed Mar 15 00:38:57 +0000 2017","lang":"en","displayname":"gelukinmusic","time_zone":"Auckland","msg":"RT neiltyson 314  Happy Piday to Gregorian calendar users who reckon dates with month followed by day separated by period omitting year"}
{"tweet_id":841810915968274432,"created_unixtime":1489538337114,"created_time":"Wed Mar 15 00:38:57 +0000 2017","lang":"en","displayname":"Marianne_1960","time_zone":"","msg":"RT BeSeriousUSA We just freaking love ❤️ you JustinTrudeau Could you please come south and fix this shitshow too  America 🇺🇸 https/…"}
{"tweet_id":841810915867672578,"created_unixtime":1489538337090,"created_time":"Wed Mar 15 00:38:57 +0000 2017","lang":"en","displayname":"smcpherson_tx","time_zone":"Central Time (US & Canada)","msg":"RT smcpherson_tx A beautiful love story very sadhttps//tco/qsmQ0kJqxd"}
{"tweet_id":841810915930562561,"created_unixtime":1489538337105,"created_time":"Wed Mar 15 00:38:57 +0000 2017","lang":"en","displayname":"flemmoo","time_zone":"London","msg":"Happy birthday to our vegan king cavernclub10 idg how we are in no pics together but  I shall c u l8er for a classic boogie and zoot xoxo"}
{"tweet_id":841810911866306560,"created_unixtime":1489538336136,"created_time":"Wed Mar 15 00:38:56 +0000 2017","lang":"en","displayname":"Hasan_r23","time_zone":"Eastern Time (US & Canada)","msg":"Happy birthday to my dude StephenCurry30 a lil throwback to when I used to give him shooting lessons Day1s https//tco/YmrU4by64x"}
{"tweet_id":841810916043821061,"created_unixtime":1489538337132,"created_time":"Wed Mar 15 00:38:57 +0000 2017","lang":"en","displayname":"tim_bertolet","time_zone":"Eastern Time (US & Canada)","msg":"RT Calvinn_Hobbes Happy 🍕 PiDay https//tco/UpLBGER3ZF"}
{"tweet_id":841810916488450048,"created_unixtime":1489538337238,"created_time":"Wed Mar 15 00:38:57 +0000 2017","lang":"en","displayname":"stephaniencves","time_zone":"Eastern Time (US & Canada)","msg":"RT sadgirlkms me im sadtherapist nice to meet u im sadme https//tco/Nta3enWTtP"}
{"tweet_id":841810916404523008,"created_unixtime":1489538337218,"created_time":"Wed Mar 15 00:38:57 +0000 2017","lang":"en","displayname":"camfrmexit16","time_zone":"","msg":"RT D_Deji28 Do you guys know why he was killed A girl lied that he raped her and her brother shot him dead https//tco/IWDVDZp3rz"}
{"tweet_id":841810916467478528,"created_unixtime":1489538337233,"created_time":"Wed Mar 15 00:38:57 +0000 2017","lang":"en","displayname":"GioPontiFan","time_zone":"Quito","msg":"RT MikePWInsider Saw Ben Affleck announced he completed rehab  Happy he is getting help he needs  Nest of luck to him"}
{"tweet_id":841810916563914752,"created_unixtime":1489538337256,"created_time":"Wed Mar 15 00:38:57 +0000 2017","lang":"en","displayname":"clxbparadise","time_zone":"Central Time (US & Canada)","msg":"😂😂😂 damn layup https//tco/DFT5XuU4ol"}
{"tweet_id":841810917461524482,"created_unixtime":1489538337470,"created_time":"Wed Mar 15 00:38:57 +0000 2017","lang":"en","displayname":"mxngolassi","time_zone":"London","msg":"RT marIboros you could spend 0 on me and I’d be happy af just spending time with you"}
{"tweet_id":841810917453115392,"created_unixtime":1489538337468,"created_time":"Wed Mar 15 00:38:57 +0000 2017","lang":"en","displayname":"MzBrownShugah","time_zone":"Eastern Time (US & Canada)","msg":"Gone too soon RT CultureFUBU Happy Birthday Merlin SantanaRIP https//tco/YZ0O2xqdg0"}
{"tweet_id":841810917117566976,"created_unixtime":1489538337388,"created_time":"Wed Mar 15 00:38:57 +0000 2017","lang":"en","displayname":"gwen_savino","time_zone":"","msg":"macy_zajac14 happy birthday  Miss you so much  hope you had a amazing day😊😊🎉🎉"}
{"tweet_id":841810917754986496,"created_unixtime":1489538337540,"created_time":"Wed Mar 15 00:38:57 +0000 2017","lang":"en","displayname":"LScudera","time_zone":"Arizona","msg":"RT JustAGirIThing Someone When was the last time u were truly happy Me https//tco/YTSjNOreRU"}
{"tweet_id":841810917805371392,"created_unixtime":1489538337552,"created_time":"Wed Mar 15 00:38:57 +0000 2017","lang":"ja","displayname":"hiro0227hiro","time_zone":"","msg":"RT RuriLive 海未ちゃんHappy Birthday♡Ü🌴⛱🐠園田海未生誕祭2017 3月15日は園田海未の誕生日   るりめろんの加工 https//tco/mXMSE51QA5"}
{"tweet_id":841810917646057472,"created_unixtime":1489538337514,"created_time":"Wed Mar 15 00:38:57 +0000 2017","lang":"en","displayname":"snownextdoor","time_zone":"","msg":"RT D_Deji28 Do you guys know why he was killed A girl lied that he raped her and her brother shot him dead https//tco/IWDVDZp3rz"}
{"tweet_id":841810918098919425,"created_unixtime":1489538337622,"created_time":"Wed Mar 15 00:38:57 +0000 2017","lang":"en","displayname":"Leslieee04","time_zone":"","msg":"RT TheXOPodcast Imagine finally meeting ur favorite artist in the world amp asking for a picinstead youre told that you make him si… "}
{"tweet_id":841810918526795776,"created_unixtime":1489538337724,"created_time":"Wed Mar 15 00:38:57 +0000 2017","lang":"en","displayname":"ACosmicRose","time_zone":"America/Los_Angeles","msg":"RT AnimaniacsQuote Happy PiDay https//tco/24GE5aPsbq"}
{"tweet_id":841810918530994176,"created_unixtime":1489538337725,"created_time":"Wed Mar 15 00:38:57 +0000 2017","lang":"en","displayname":"Boobaloo","time_zone":"Pacific Time (US & Canada)","msg":"RT MisterMetokur You are not equipped to discuss economics with me Hangs up on youHoly shit that was some sad fucking shit https…"}
{"tweet_id":841810918656761856,"created_unixtime":1489538337755,"created_time":"Wed Mar 15 00:38:57 +0000 2017","lang":"ja","displayname":"pichitchai60","time_zone":"","msg":"RT Apink__jp [Hayoung ]Happy ホワイトデーをすごして ください~！Apink ByeBye 3月29日リリース mini5月号掲載 https//tco/sEl1RkM2BX"}
{"tweet_id":841810918543622144,"created_unixtime":1489538337728,"created_time":"Wed Mar 15 00:38:57 +0000 2017","lang":"en","displayname":"Dinosaur_el","time_zone":"Central Time (US & Canada)","msg":"HOLYxKEYEL Yoooooo Bless up mane Happy Earthstrong G Smoke a pound nigga"}
{"tweet_id":841810918774312960,"created_unixtime":1489538337783,"created_time":"Wed Mar 15 00:38:57 +0000 2017","lang":"en","displayname":"UNREAL36","time_zone":"Zagreb","msg":"RT nieuwemarlean Playtime LOL Happy day/evening everyone 😊🌹🌼🐈🎈🌷 https//tco/4nYKfHLD5d"}
{"tweet_id":841810918925254656,"created_unixtime":1489538337819,"created_time":"Wed Mar 15 00:38:57 +0000 2017","lang":"en","displayname":"akearra13","time_zone":"","msg":"RT Vulnerable its so sad and frustrating when you try your hardest but people still dont find it good enough"}
{"tweet_id":841810918816256000,"created_unixtime":1489538337793,"created_time":"Wed Mar 15 00:38:57 +0000 2017","lang":"en","displayname":"fayelambie","time_zone":"Casablanca","msg":"People who genuinely hold good conversation make me so happy ❤❤"}
{"tweet_id":841810919005011968,"created_unixtime":1489538337838,"created_time":"Wed Mar 15 00:38:57 +0000 2017","lang":"en","displayname":"emmamccrannn","time_zone":"","msg":"whats calling off another day gonna do except make everyone happy "}
{"tweet_id":841810919080435712,"created_unixtime":1489538337856,"created_time":"Wed Mar 15 00:38:57 +0000 2017","lang":"en","displayname":"Wompist","time_zone":"Pacific Time (US & Canada)","msg":"That hurt me right in my heart  https//tco/phVcVzpHoH"}
{"tweet_id":841810919575318528,"created_unixtime":1489538337974,"created_time":"Wed Mar 15 00:38:57 +0000 2017","lang":"en","displayname":"LinaSkbumi","time_zone":"","msg":"RT xcintakiehlx Happy Birthday KHADIJAH_LOVERZ all the best and GBU💙"}
{"tweet_id":841810919004999684,"created_unixtime":1489538337838,"created_time":"Wed Mar 15 00:38:57 +0000 2017","lang":"en","displayname":"onetwkk","time_zone":"Brasilia","msg":"RT juiceblends_ when i was 1380 miles away from u for 7 months takin flights back n forth now im a few miles away n my❤️is full… "}
{"tweet_id":841810919839551488,"created_unixtime":1489538338037,"created_time":"Wed Mar 15 00:38:58 +0000 2017","lang":"en","displayname":"WineWoodinville","time_zone":"Pacific Time (US & Canada)","msg":"RT SolStoneWinery Happy National Pie Day Our Stoners Red just screams pair me with cherry pie Trust me SolStoneWine PiDay… "}
{"tweet_id":841810919730618375,"created_unixtime":1489538338011,"created_time":"Wed Mar 15 00:38:58 +0000 2017","lang":"en","displayname":"thegoodduke","time_zone":"","msg":"NickieLuse just sad that you have to deal with so much sunshine and warmth"}
{"tweet_id":841810920091205632,"created_unixtime":1489538338097,"created_time":"Wed Mar 15 00:38:58 +0000 2017","lang":"en","displayname":"alexis_leee","time_zone":"Central Time (US & Canada)","msg":"So happy for kaylajaso9  amp nunez9513 on their baby boy😍"}
{"tweet_id":841810920242311169,"created_unixtime":1489538338133,"created_time":"Wed Mar 15 00:38:58 +0000 2017","lang":"en","displayname":"KA_ON_VI","time_zone":"Quito","msg":"Im a happy Kayla  I got pretzel mampms"}
{"tweet_id":841810920254894080,"created_unixtime":1489538338136,"created_time":"Wed Mar 15 00:38:58 +0000 2017","lang":"en","displayname":"shyshy723","time_zone":"","msg":"RT BaoziHana Happy white day ❤️🙈yurionice pockygame https//tco/sgVW1ZA7yn"}
{"tweet_id":841810920636571648,"created_unixtime":1489538338227,"created_time":"Wed Mar 15 00:38:58 +0000 2017","lang":"en","displayname":"Amyjulissaa","time_zone":"Eastern Time (US & Canada)","msg":"i feel sad"}
{"tweet_id":841810920451973120,"created_unixtime":1489538338183,"created_time":"Wed Mar 15 00:38:58 +0000 2017","lang":"en","displayname":"yentot02","time_zone":"","msg":"RT itsGirICode THIS DOGS REACTION TO GETTING ADOPTED MAKES ME SO HAPPY 😭❤️ https//tco/KA5Ipv0PUM"}
{"tweet_id":841810920686915585,"created_unixtime":1489538338239,"created_time":"Wed Mar 15 00:38:58 +0000 2017","lang":"en","displayname":"briadams7","time_zone":"","msg":"today is a sad day amp i am a sad person someone help idk what is going on"}
{"tweet_id":841810921097945088,"created_unixtime":1489538338337,"created_time":"Wed Mar 15 00:38:58 +0000 2017","lang":"en","displayname":"Hockeymom9803","time_zone":"Atlantic Time (Canada)","msg":"CarolLuvsHockey  Happy Birthday🎂🎉"}
{"tweet_id":841810920569479168,"created_unixtime":1489538338211,"created_time":"Wed Mar 15 00:38:58 +0000 2017","lang":"en","displayname":"jarpadorable","time_zone":"Mid-Atlantic","msg":"That was the day Misha was beaten Hes hiding the wound with his finger Im sad to remember this but happy caus… https//tco/2prNtOTBvG"}
{"tweet_id":841810921521594368,"created_unixtime":1489538338438,"created_time":"Wed Mar 15 00:38:58 +0000 2017","lang":"en","displayname":"Parker_Rush","time_zone":"Central Time (US & Canada)","msg":"Ha Trump trolls are out in force on Twitter with the most hilarious threats It makes me very happy to see the moron brigade in a panic"}
{"tweet_id":841810921521577989,"created_unixtime":1489538338438,"created_time":"Wed Mar 15 00:38:58 +0000 2017","lang":"en","displayname":"Matty2fatty89","time_zone":"","msg":"RT xboxuk On this day in 2002 the original Xbox launched in the UK  happy birthday 🎂🎉 15YearsofXbox https//tco/QrT8ybF7ju"}
{"tweet_id":841810921668390912,"created_unixtime":1489538338473,"created_time":"Wed Mar 15 00:38:58 +0000 2017","lang":"en","displayname":"luv_urself5512","time_zone":"","msg":"I was watching collateral beauty and feeling so emotional rn but I am also so worried and sad cuz I heard  bad news"}
{"tweet_id":841810922146562049,"created_unixtime":1489538338587,"created_time":"Wed Mar 15 00:38:58 +0000 2017","lang":"en","displayname":"IndulgeEats","time_zone":"","msg":"Happy Pie Day Its also our Third Anniversary TODAY 🎉🎉 and we just wanted to say thank… https//tco/sUCppxMLvh"}
{"tweet_id":841810921794211840,"created_unixtime":1489538338503,"created_time":"Wed Mar 15 00:38:58 +0000 2017","lang":"en","displayname":"gunzS91","time_zone":"","msg":"Correction She ☝🏽 https//tco/p8EBdQUEmm"}
{"tweet_id":841810922515517440,"created_unixtime":1489538338675,"created_time":"Wed Mar 15 00:38:58 +0000 2017","lang":"en","displayname":"algeepowerscum","time_zone":"","msg":"breecalidream she was my 2 but then thankfully I woke up and it just makes me so sad"}
{"tweet_id":841810922243018752,"created_unixtime":1489538338610,"created_time":"Wed Mar 15 00:38:58 +0000 2017","lang":"en","displayname":"braybrownfield","time_zone":"","msg":"RT amberi__ so happy w my life"}
{"tweet_id":841810922272395265,"created_unixtime":1489538338617,"created_time":"Wed Mar 15 00:38:58 +0000 2017","lang":"en","displayname":"carlinjackylin","time_zone":"","msg":"Jaidenkrogers happy bday happy to have a hilldale friend on ivy❤😍"}
{"tweet_id":841810922721148929,"created_unixtime":1489538338724,"created_time":"Wed Mar 15 00:38:58 +0000 2017","lang":"en","displayname":"DiDollaa","time_zone":"Eastern Time (US & Canada)","msg":"RT _idonttweet Naa this teacher make me miss shattuck at least it was worth going to his class https//tco/pmn4I79bwG"}
{"tweet_id":841810922809249801,"created_unixtime":1489538338745,"created_time":"Wed Mar 15 00:38:58 +0000 2017","lang":"en","displayname":"tellallyour","time_zone":"Pacific Time (US & Canada)","msg":"RT kashanacauley Weve all set a world record for how happy anyone can be when thinking about tax returns"}
{"tweet_id":841810919730647040,"created_unixtime":1489538338011,"created_time":"Wed Mar 15 00:38:58 +0000 2017","lang":"en","displayname":"paigehorton11","time_zone":"Quito","msg":"Happy birthday child youre finally legal in the great white north I hope your day is as special as you 💞… https//tco/ccfPRJnaLO"}
{"tweet_id":841810923287384064,"created_unixtime":1489538338859,"created_time":"Wed Mar 15 00:38:58 +0000 2017","lang":"en","displayname":"jonesemma19","time_zone":"","msg":"RT Juliacali_ Awe any time love happy you like it it means the world ❤☺️ https//tco/70RrXN2OeL"}
{"tweet_id":841810922771492869,"created_unixtime":1489538338736,"created_time":"Wed Mar 15 00:38:58 +0000 2017","lang":"en","displayname":"stereoxhoran","time_zone":"Pacific Time (US & Canada)","msg":"hearing this town tonight at the olly gig made me v v happy 😊😊 ollyofficial NiallOfficial https//tco/m58DIPGXuF"}
{"tweet_id":841810923794907136,"created_unixtime":1489538338980,"created_time":"Wed Mar 15 00:38:58 +0000 2017","lang":"ja","displayname":"heekyungx0","time_zone":"Eastern Time (US & Canada)","msg":"RT shamakho_works 海未ちゃん描きました。happy birthday🎉lovelive園田海未生誕祭2017 3月15日は園田海未の誕生日 https//tco/haJCpEMlak"}
{"tweet_id":841810923098644483,"created_unixtime":1489538338814,"created_time":"Wed Mar 15 00:38:58 +0000 2017","lang":"en","displayname":"sid_stephens","time_zone":"","msg":"happy birthday shoulder buddy going to miss FNLs with you💜💜💜 Savannahisbrown https//tco/hPWICfqJD8"}
{"tweet_id":841810924193366021,"created_unixtime":1489538339075,"created_time":"Wed Mar 15 00:38:59 +0000 2017","lang":"en","displayname":"ali5onc00k","time_zone":"Dublin","msg":"RT Stormzy1 Do what makes you happy mate"}
{"tweet_id":841810925006995456,"created_unixtime":1489538339269,"created_time":"Wed Mar 15 00:38:59 +0000 2017","lang":"en","displayname":"ayeitsjocyyy","time_zone":"","msg":"RT alexaiono My happy place☺ https//tco/pgetrNhVIp"}
{"tweet_id":841810924591800320,"created_unixtime":1489538339170,"created_time":"Wed Mar 15 00:38:59 +0000 2017","lang":"en","displayname":"paigeeoo","time_zone":"Helsinki","msg":"RT Simone_Biles Thanks G  😊 hope to see you soon https//tco/SfrxVat51X"}
{"tweet_id":841810925208363008,"created_unixtime":1489538339317,"created_time":"Wed Mar 15 00:38:59 +0000 2017","lang":"en","displayname":"suparna99","time_zone":"Kolkata","msg":"RT itsmohitsehgal Happy Holi everyone  https//tco/7cTOqvUllF"}
{"tweet_id":841810924797321216,"created_unixtime":1489538339219,"created_time":"Wed Mar 15 00:38:59 +0000 2017","lang":"en","displayname":"_hannahco","time_zone":"","msg":"Happy birthday Taayylor0  Hope u had a rockin day you deserve it 💕😜🎉"}
{"tweet_id":841810925388673025,"created_unixtime":1489538339360,"created_time":"Wed Mar 15 00:38:59 +0000 2017","lang":"en","displayname":"andsmagic","time_zone":"Hawaii","msg":"RT IMAX This brilliant fatherdaughter duo wishes you all a happy PiDay https//tco/M9SBT00okL"}
{"tweet_id":841810925074186240,"created_unixtime":1489538339285,"created_time":"Wed Mar 15 00:38:59 +0000 2017","lang":"en","displayname":"capschick","time_zone":"Eastern Time (US & Canada)","msg":"Kuzya baby wooooooooooooo I am a happy happy girl right now❤❤❤❤❤❤❤"}
{"tweet_id":841810925246132224,"created_unixtime":1489538339326,"created_time":"Wed Mar 15 00:38:59 +0000 2017","lang":"en","displayname":"purposebaldwinz","time_zone":"Pacific Time (US & Canada)","msg":"RT yourgurljordan whenever i get sad i remember that i literally took this picture with no zoom https//tco/UtzNqoF8SQ"}
{"tweet_id":841810925485092864,"created_unixtime":1489538339383,"created_time":"Wed Mar 15 00:38:59 +0000 2017","lang":"en","displayname":"Hakubo2180","time_zone":"","msg":"I know i can make u smile and happyBut i dont have a chance to do that "}
{"tweet_id":841810925455843328,"created_unixtime":1489538339376,"created_time":"Wed Mar 15 00:38:59 +0000 2017","lang":"en","displayname":"FIELHouston","time_zone":"Mountain Time (US & Canada)","msg":"RT davidleebron Very good article in HoustonChron by Lomi Kriel on very sad deportation of Houston father Jose Escobar https//tco/mUP…"}
{"tweet_id":841810925673840640,"created_unixtime":1489538339428,"created_time":"Wed Mar 15 00:38:59 +0000 2017","lang":"en","displayname":"abbir98","time_zone":"","msg":"RT ucsdbookstore Happy Pi Day 3/14 PiDay https//tco/GpsUkmggRx"}
{"tweet_id":841810925288058882,"created_unixtime":1489538339336,"created_time":"Wed Mar 15 00:38:59 +0000 2017","lang":"en","displayname":"datScottishJcat","time_zone":"London","msg":"RT brianhwhittaker I said happy womans day and someone still had to be offended  Cant some people just be happy"}
{"tweet_id":841810925711679490,"created_unixtime":1489538339437,"created_time":"Wed Mar 15 00:38:59 +0000 2017","lang":"en","displayname":"xrosesmendes","time_zone":"Amsterdam","msg":"RT sobbed do you ever feel ok but your sad at the same time you just want to talk to someone and hug them but you feel annoying so you ju…"}
{"tweet_id":841810925464256513,"created_unixtime":1489538339378,"created_time":"Wed Mar 15 00:38:59 +0000 2017","lang":"en","displayname":"Showtime","time_zone":"Central Time (US & Canada)","msg":"RT ParamountAustin Were loving this geofilter SHO_DyingUpHere Happy SXSW premiere week https//tco/pTOeGJcOx7"}
{"tweet_id":841810926177267714,"created_unixtime":1489538339548,"created_time":"Wed Mar 15 00:38:59 +0000 2017","lang":"en","displayname":"1sdoowregit","time_zone":"Brasilia","msg":"RT WTA VenusesWilliams so happy with her performance she decided to dance 💃 BNPPO17 https//tco/cYP4FQPqsp"}
{"tweet_id":841810926558957568,"created_unixtime":1489538339639,"created_time":"Wed Mar 15 00:38:59 +0000 2017","lang":"en","displayname":"dobrevkon","time_zone":"Mid-Atlantic","msg":"kevwilliamson happy bday much love and peace in you life Thank you one more time for make TVD ❤"}
{"tweet_id":841810926357614593,"created_unixtime":1489538339591,"created_time":"Wed Mar 15 00:38:59 +0000 2017","lang":"en","displayname":"DCUKING","time_zone":"Eastern Time (US & Canada)","msg":"RT cumcumlover 💧 Happy with the wand 💧 https//tco/kZEdfOulzJ"}
{"tweet_id":841810926634467331,"created_unixtime":1489538339657,"created_time":"Wed Mar 15 00:38:59 +0000 2017","lang":"en","displayname":"taktikalmajik","time_zone":"","msg":"AshleyJudd What sad is you have a powerful voiceand know your fans are idiots regressiveleft limousineliberal"}
{"tweet_id":841810927372533760,"created_unixtime":1489538339833,"created_time":"Wed Mar 15 00:38:59 +0000 2017","lang":"en","displayname":"justin_tren","time_zone":"","msg":"RT d_qgaby 73 This song makes me so sad bc no one has ever dedicated this song to me when it should have been / https//tco/G5IebTmC30"}
{"tweet_id":841810927217401856,"created_unixtime":1489538339796,"created_time":"Wed Mar 15 00:38:59 +0000 2017","lang":"ja","displayname":"qqmq7uv9k","time_zone":"","msg":"RT yfmllakagami 海未ちゃんHappy Birthdayラブアローシュート 園田海未生誕祭2017 RTした人全員フォローする https//tco/9ZMc4jHrpK"}
{"tweet_id":841810926458281984,"created_unixtime":1489538339615,"created_time":"Wed Mar 15 00:38:59 +0000 2017","lang":"en","displayname":"ambloh","time_zone":"","msg":"RT purelydallas these are my favorite pictures ever look at how cute amp happy they are https//tco/L64MHxW1r4"}
{"tweet_id":841810927485874177,"created_unixtime":1489538339860,"created_time":"Wed Mar 15 00:38:59 +0000 2017","lang":"en","displayname":"giselacostaaa","time_zone":"","msg":"RT Fanyxo_ Little things make me so happy"}
{"tweet_id":841810927783632896,"created_unixtime":1489538339931,"created_time":"Wed Mar 15 00:38:59 +0000 2017","lang":"en","displayname":"Ajoxc","time_zone":"Pacific Time (US & Canada)","msg":"I miss my niece her little bratty ass makes me so happy"}
{"tweet_id":841810927808786432,"created_unixtime":1489538339937,"created_time":"Wed Mar 15 00:38:59 +0000 2017","lang":"en","displayname":"jmarr039","time_zone":"","msg":"RT krystinaaaa26 Happy Pi Day math fucking sucks dick"}
{"tweet_id":841810927662075904,"created_unixtime":1489538339902,"created_time":"Wed Mar 15 00:38:59 +0000 2017","lang":"en","displayname":"timidpcy","time_zone":"Central Time (US & Canada)","msg":"RT JEONSOMI_INTL [PIC] SOMI update Happy White Day💕💕💕전소미 JYP https//tco/utRU2e4CQ3"}
{"tweet_id":841810926034661376,"created_unixtime":1489538339514,"created_time":"Wed Mar 15 00:38:59 +0000 2017","lang":"en","displayname":"SashaEdward","time_zone":"","msg":"Why were you so sad today — I wasnt stressed and then my Spanish teacher fucke https//tco/gVabIl4r9Q"}
{"tweet_id":841810928060518401,"created_unixtime":1489538339997,"created_time":"Wed Mar 15 00:38:59 +0000 2017","lang":"en","displayname":"Fregoso04Gina","time_zone":"","msg":"RT USFWSRefuges Happy 114th Birthday to us This weeks photo essay offers a wildlife extravaganza to mark the occasion… "}
{"tweet_id":841810927859175424,"created_unixtime":1489538339949,"created_time":"Wed Mar 15 00:38:59 +0000 2017","lang":"en","displayname":"RomanCrosswell","time_zone":"","msg":"Mother nature Happy early spring everyone PSYCH I unleash upon you STELLA"}
{"tweet_id":841810927813033985,"created_unixtime":1489538339938,"created_time":"Wed Mar 15 00:38:59 +0000 2017","lang":"en","displayname":"LotsOfLaughs_","time_zone":"Eastern Time (US & Canada)","msg":"RT D_Deji28 Do you guys know why he was killed A girl lied that he raped her and her brother shot him dead https//tco/IWDVDZp3rz"}
{"tweet_id":841810928425394176,"created_unixtime":1489538340084,"created_time":"Wed Mar 15 00:39:00 +0000 2017","lang":"en","displayname":"baileenadams","time_zone":"Eastern Time (US & Canada)","msg":"baileenadams I just laughed about this tweet before tweeting for 20 sad minutes"}
{"tweet_id":841810928286879745,"created_unixtime":1489538340051,"created_time":"Wed Mar 15 00:39:00 +0000 2017","lang":"en","displayname":"FredAlert69","time_zone":"Pacific Time (US & Canada)","msg":"RT TheRickyDavila Sad scary and true https//tco/PDiydJc3W0"}
{"tweet_id":841810928740007936,"created_unixtime":1489538340159,"created_time":"Wed Mar 15 00:39:00 +0000 2017","lang":"en","displayname":"dankennedy_nu","time_zone":"Eastern Time (US & Canada)","msg":"RT Kadzis dankennedy_nu writes on the latest GOP paradox Paul Ryan loving the CBO estimates and the Trumpster hating them https//tco…"}
{"tweet_id":841810928798588928,"created_unixtime":1489538340173,"created_time":"Wed Mar 15 00:39:00 +0000 2017","lang":"en","displayname":"ayenngl79","time_zone":"","msg":"RT JaDinexWolves HAPPY 3RD ANNIVERSARY BEST FANS IN THE WORLD 💜 LetOurPurpleHeartsShineAt3 https//tco/9gL71MXt3x"}
