{"tweet_id":841810402824593409,"created_unixtime":1489538214771,"created_time":"Wed Mar 15 00:36:54 +0000 2017","lang":"en","displayname":"DebDarkPetal","time_zone":"Rome","msg":"RT isaiahmustafa arosende Happy Pi day dadjokes https//tco/xLanA0i6jx"}
{"tweet_id":841810402975588352,"created_unixtime":1489538214807,"created_time":"Wed Mar 15 00:36:54 +0000 2017","lang":"en","displayname":"EldahshanHala","time_zone":"","msg":"RT kanyefeeI its sad to see a good person change"}
{"tweet_id":841810403252363265,"created_unixtime":1489538214873,"created_time":"Wed Mar 15 00:36:54 +0000 2017","lang":"tl","displayname":"nafesa_km","time_zone":"","msg":"RT sunghyenaul pati saging dume destiny na rin 😂😂ALDUBxDTBYTugOfHearts https//tco/3Qx88bHpkE"}
{"tweet_id":841810403545952256,"created_unixtime":1489538214943,"created_time":"Wed Mar 15 00:36:54 +0000 2017","lang":"en","displayname":"PatyVillanuevaN","time_zone":"Central Time (US & Canada)","msg":"RT billyraycyrus Looks like its time to rock n roll MileyCyrus happy   Excited to hear more of the new stuff  Turn it loose  htt…"}
{"tweet_id":841810403638165504,"created_unixtime":1489538214965,"created_time":"Wed Mar 15 00:36:54 +0000 2017","lang":"en","displayname":"Dorothy04521717","time_zone":"","msg":"RT aim0519 Being happy comes from within😍 HappyWednesbaeEveryJuan🤗ilybibi mainedcm 💛ALDUBxDTBYTugOfHearts https//tco/aZIemeJayo"}
{"tweet_id":841810403478929409,"created_unixtime":1489538214927,"created_time":"Wed Mar 15 00:36:54 +0000 2017","lang":"en","displayname":"_TheBobster","time_zone":"Mountain Time (US & Canada)","msg":"JPelleaux10 happy birthday brotha Hope you have a good one"}
{"tweet_id":841810400861650945,"created_unixtime":1489538214303,"created_time":"Wed Mar 15 00:36:54 +0000 2017","lang":"en","displayname":"MrQristian","time_zone":"Pacific Time (US & Canada)","msg":"RT Madonna A Big Thank You from all the Happy Hippies at Home of Hope Orphanage in Malawi 😂🎉💛 MileyCyrus 🌍💘🙌🏻 The kids love… "}
{"tweet_id":841810403294363648,"created_unixtime":1489538214883,"created_time":"Wed Mar 15 00:36:54 +0000 2017","lang":"en","displayname":"SimplyBungalow","time_zone":"Central Time (US & Canada)","msg":"Happy Pi Daybecause any excuse to eat Pie works for menationalpiday pie… https//tco/KjiHmK15ng"}
{"tweet_id":841810404040941569,"created_unixtime":1489538215061,"created_time":"Wed Mar 15 00:36:55 +0000 2017","lang":"en","displayname":"EveryBrokenWave","time_zone":"Quito","msg":"RT kashanacauley Weve all set a world record for how happy anyone can be when thinking about tax returns"}
{"tweet_id":841810404204457984,"created_unixtime":1489538215100,"created_time":"Wed Mar 15 00:36:55 +0000 2017","lang":"en","displayname":"brendanguyenn","time_zone":"","msg":"RT bbadolfoo Happy birthday Brenda🎉 https//tco/0GNkNRPbpR"}
{"tweet_id":841810403709591554,"created_unixtime":1489538214982,"created_time":"Wed Mar 15 00:36:54 +0000 2017","lang":"en","displayname":"_sarah_smile","time_zone":"America/New_York","msg":"RT FancyFour FAKE NEWS SAD https//tco/yUn8EubM4B"}
{"tweet_id":841810404510593024,"created_unixtime":1489538215173,"created_time":"Wed Mar 15 00:36:55 +0000 2017","lang":"tl","displayname":"TTSunbaenim","time_zone":"Hong Kong","msg":"jinusual saang somewhere naman ay sa ap gagawa pa tayo graphic organizer sad"}
{"tweet_id":841810403566989313,"created_unixtime":1489538214948,"created_time":"Wed Mar 15 00:36:54 +0000 2017","lang":"en","displayname":"DjDaJucieman","time_zone":"","msg":"Happy Birthday Zaria look what I found 😂😭 Zariaisbae https//tco/QzlLTPaLH5"}
{"tweet_id":841810404418306048,"created_unixtime":1489538215151,"created_time":"Wed Mar 15 00:36:55 +0000 2017","lang":"en","displayname":"anahixrodriguez","time_zone":"","msg":"Happy https//tco/dsU5QjzoXl"}
{"tweet_id":841810404728754177,"created_unixtime":1489538215225,"created_time":"Wed Mar 15 00:36:55 +0000 2017","lang":"en","displayname":"JennyFulle","time_zone":"Pacific Time (US & Canada)","msg":"This seasons VEEP will seem more like a drama than comedy Sad"}
{"tweet_id":841810404485525504,"created_unixtime":1489538215167,"created_time":"Wed Mar 15 00:36:55 +0000 2017","lang":"en","displayname":"musical_genuis","time_zone":"Pacific Time (US & Canada)","msg":"RT keshbella Im so happy Like the real unbothered"}
{"tweet_id":841810404229562368,"created_unixtime":1489538215106,"created_time":"Wed Mar 15 00:36:55 +0000 2017","lang":"en","displayname":"ultljooheon","time_zone":"Pacific Time (US & Canada)","msg":"MONSTA X AND IKON COMEBACKS IM SO HAPPY AND OVERWHELMED IM SOBBING https//tco/4xZjz33UET"}
{"tweet_id":841810404632326144,"created_unixtime":1489538215202,"created_time":"Wed Mar 15 00:36:55 +0000 2017","lang":"en","displayname":"BHS_VTfT","time_zone":"","msg":"RT EducatorsRising Happy PiDay What are you doing in your classroom to celebrate https//tco/gqYk762Kiy"}
{"tweet_id":841810404783325184,"created_unixtime":1489538215238,"created_time":"Wed Mar 15 00:36:55 +0000 2017","lang":"en","displayname":"Yesss_Queeeeen","time_zone":"Atlantic Time (Canada)","msg":"RT giamaliva taurus cont but once theyre committed its settled will do everything in their power to make you happy over… "}
{"tweet_id":841810404934217729,"created_unixtime":1489538215274,"created_time":"Wed Mar 15 00:36:55 +0000 2017","lang":"en","displayname":"WikiRonpa","time_zone":"Pacific Time (US & Canada)","msg":"RT hopekanan HAPPY BIRTHDAY TO THIS LITTLE RAY OF SUNSHINE ID FIGHT AN ENTIRE ARMY FOR YOU 七海千秋生誕祭2017 https//tco/7eirxQuWZT"}
{"tweet_id":841810404959481857,"created_unixtime":1489538215280,"created_time":"Wed Mar 15 00:36:55 +0000 2017","lang":"en","displayname":"arabesuku","time_zone":"","msg":"RT lostpanda Happy Pi day https//tco/tMJq9uUeRk"}
{"tweet_id":841810404875620352,"created_unixtime":1489538215260,"created_time":"Wed Mar 15 00:36:55 +0000 2017","lang":"en","displayname":"ahsyluim","time_zone":"Brasilia","msg":"GalGadot im so happy for you you deserve all the love and positivity of the world i love you very much congratulations wonder mon"}
{"tweet_id":841810405349445632,"created_unixtime":1489538215373,"created_time":"Wed Mar 15 00:36:55 +0000 2017","lang":"en","displayname":"dar020304","time_zone":"","msg":"RT TropALDUBDFNDR Happy Tweeting😊 ALDUBxDTBYTugOfHearts AlDubBigGirlz AlDubBigBoyz ALDUBHashtagSQ  TropALDUB  yodabuda… "}
{"tweet_id":841810405081112580,"created_unixtime":1489538215309,"created_time":"Wed Mar 15 00:36:55 +0000 2017","lang":"en","displayname":"Heartslikeadrum","time_zone":"Central Time (US & Canada)","msg":"tribal tattoos and he dont know what it means but I heard he makes you happy so thats fine by me but still im just keepin it real"}
{"tweet_id":841810405685121024,"created_unixtime":1489538215453,"created_time":"Wed Mar 15 00:36:55 +0000 2017","lang":"en","displayname":"LIFEWITHJUAREZ","time_zone":"Pacific Time (US & Canada)","msg":"Im sad bc I cant download flurry so I cant wait the twins "}
{"tweet_id":841810405995372545,"created_unixtime":1489538215527,"created_time":"Wed Mar 15 00:36:55 +0000 2017","lang":"en","displayname":"may_ed_ren","time_zone":"","msg":"RT maywardUn Happy si Edward MBMayWard"}
{"tweet_id":841810405345374209,"created_unixtime":1489538215372,"created_time":"Wed Mar 15 00:36:55 +0000 2017","lang":"en","displayname":"nrlainfrhn","time_zone":"Kuala Lumpur","msg":"Happy Birthday my dearest You might be cold but youre very clingy… https//tco/MXPs5b0f16"}
{"tweet_id":841810404745572352,"created_unixtime":1489538215229,"created_time":"Wed Mar 15 00:36:55 +0000 2017","lang":"en","displayname":"kittylover1313","time_zone":"Eastern Time (US & Canada)","msg":"RT MomItForward Q6 DOES FOOD MAKE YOU HAPPY WHAT DISHES MAKE YOU THE HAPPIEST AvoHappiness GNO PLS RT"}
{"tweet_id":841810405529915392,"created_unixtime":1489538215416,"created_time":"Wed Mar 15 00:36:55 +0000 2017","lang":"en","displayname":"simply_merrica","time_zone":"","msg":"RT preaching if youre happy with someone forget about what everyone else says"}
{"tweet_id":841810405940973573,"created_unixtime":1489538215514,"created_time":"Wed Mar 15 00:36:55 +0000 2017","lang":"en","displayname":"ErinLawes","time_zone":"","msg":"RT RWPUSA Another White House ethics complaint from our team at CREW  Sad https//tco/jm2kvIUMhH"}
{"tweet_id":841810406242889728,"created_unixtime":1489538215586,"created_time":"Wed Mar 15 00:36:55 +0000 2017","lang":"en","displayname":"maichard161","time_zone":"","msg":"RT TropALDUBDFNDR Happy Tweeting😊 ALDUBxDTBYTugOfHearts AlDubBigGirlz AlDubBigBoyz ALDUBHashtagSQ  TropALDUB  yodabuda… "}
{"tweet_id":841810406192508928,"created_unixtime":1489538215574,"created_time":"Wed Mar 15 00:36:55 +0000 2017","lang":"en","displayname":"jhamfelicitas","time_zone":"","msg":"RT SAMazingCavite Happy 2M views sa when we were young sammangubat  https//tco/A93B9OT7x8"}
{"tweet_id":841810406200995840,"created_unixtime":1489538215576,"created_time":"Wed Mar 15 00:36:55 +0000 2017","lang":"en","displayname":"1u1u__","time_zone":"Pacific Time (US & Canada)","msg":"RT ZinaRIHyaDavis You people need to stop making unhealthy people happy to be unhealthy This is obesity and not body shaming fee… "}
{"tweet_id":841810406209421315,"created_unixtime":1489538215578,"created_time":"Wed Mar 15 00:36:55 +0000 2017","lang":"pt","displayname":"RBD_rebelde_MX","time_zone":"","msg":"RT BrasilWeskin Hoje o ator e amigo de Paul e Phoebe Daniel Gillies está completando 41 anos ❤🎉HappyBirthdayDanielGillies HAPPY… "}
{"tweet_id":841810406293270529,"created_unixtime":1489538215598,"created_time":"Wed Mar 15 00:36:55 +0000 2017","lang":"en","displayname":"AlexaRosati","time_zone":"Atlantic Time (Canada)","msg":"RT miriakram HAPPY BIRTHDAY ALEXIAAAA🎉💗🎉💗 I love u so so much and hope you had the best day Also why do we never take any pics… "}
{"tweet_id":841810407215964160,"created_unixtime":1489538215818,"created_time":"Wed Mar 15 00:36:55 +0000 2017","lang":"en","displayname":"dude_itsKevin","time_zone":"Pacific Time (US & Canada)","msg":"RT zachbraff Happy pi day https//tco/h1PZdLscl4"}
{"tweet_id":841810406922321921,"created_unixtime":1489538215748,"created_time":"Wed Mar 15 00:36:55 +0000 2017","lang":"en","displayname":"saldua_pirl","time_zone":"","msg":"RT PBBKAHOUSE I cried I was sad I was guilty I was everything Edward MBMayWard"}
{"tweet_id":841810407203454976,"created_unixtime":1489538215815,"created_time":"Wed Mar 15 00:36:55 +0000 2017","lang":"en","displayname":"tinaax0tatum","time_zone":"Eastern Time (US & Canada)","msg":"Too busy enjoying my life and being happy to put up with irrelevant people and issues"}
{"tweet_id":841810407564042240,"created_unixtime":1489538215901,"created_time":"Wed Mar 15 00:36:55 +0000 2017","lang":"tl","displayname":"eileilllllllll","time_zone":"Pacific Time (US & Canada)","msg":"stress pako sa matress https//tco/2ntfcI1gZd"}
{"tweet_id":841810407518019585,"created_unixtime":1489538215890,"created_time":"Wed Mar 15 00:36:55 +0000 2017","lang":"en","displayname":"vidriomio","time_zone":"Mountain Time (US & Canada)","msg":"RT IMDb Mmm pie Happy PiDay https//tco/W18nXrANph"}
{"tweet_id":841810407576739840,"created_unixtime":1489538215904,"created_time":"Wed Mar 15 00:36:55 +0000 2017","lang":"en","displayname":"MereMckaylen","time_zone":"","msg":"RT AbbyHaislop Happy birthday to this sister of mine called MereMckaylen 😍 glad were sisses sis 👯 https//tco/n5huhhFpH9"}
{"tweet_id":841810407530590209,"created_unixtime":1489538215893,"created_time":"Wed Mar 15 00:36:55 +0000 2017","lang":"en","displayname":"DavidLucero","time_zone":"Pacific Time (US & Canada)","msg":"RT AndreaFeczko Brand new YouTube video Happy TravelTuesday https//tco/Mgap1WqRqh"}
{"tweet_id":841810407593545728,"created_unixtime":1489538215908,"created_time":"Wed Mar 15 00:36:55 +0000 2017","lang":"en","displayname":"luraellen","time_zone":"Mountain Time (US & Canada)","msg":"Theyre constantly beating us in these things now https//tco/8aoTPjzKIy"}
{"tweet_id":841810407954223104,"created_unixtime":1489538215994,"created_time":"Wed Mar 15 00:36:55 +0000 2017","lang":"en","displayname":"StarryPuff26","time_zone":"","msg":"RT MatPatGT A nerdy math joke for a nerdy holidayHappy Pi Day https//tco/jRxvuScUyn"}
{"tweet_id":841810407559970816,"created_unixtime":1489538215900,"created_time":"Wed Mar 15 00:36:55 +0000 2017","lang":"und","displayname":"ghara_hara","time_zone":"","msg":"RT irmaroxas3 Air ALDUBxDTBYTugOfHearts https//tco/Yo0mOijOJS"}
{"tweet_id":841810408214302720,"created_unixtime":1489538216056,"created_time":"Wed Mar 15 00:36:56 +0000 2017","lang":"en","displayname":"dani_pitter","time_zone":"Eastern Time (US & Canada)","msg":"These poor kids have no guidance at home to come out to their parents Awwww sad  TheFosters"}
{"tweet_id":841810408218349569,"created_unixtime":1489538216057,"created_time":"Wed Mar 15 00:36:56 +0000 2017","lang":"en","displayname":"kassidye23","time_zone":"","msg":"RT CommonWhiteGrls This makes me so happy https//tco/6G1UDSKwAI"}
{"tweet_id":841810408570679296,"created_unixtime":1489538216141,"created_time":"Wed Mar 15 00:36:56 +0000 2017","lang":"en","displayname":"muizz_10","time_zone":"Pacific Time (US & Canada)","msg":"RT ohteenquotes Spend life with who makes you happy not with who you have to impress"}
{"tweet_id":841810407677431810,"created_unixtime":1489538215928,"created_time":"Wed Mar 15 00:36:55 +0000 2017","lang":"pt","displayname":"AnaLepikson","time_zone":"","msg":"mari_reboucas temos que fazer isso um dia Green https//tco/Q4p9hK85os"}
{"tweet_id":841810408700796928,"created_unixtime":1489538216172,"created_time":"Wed Mar 15 00:36:56 +0000 2017","lang":"en","displayname":"Daniel_Monbrod","time_zone":"","msg":"Happy bday kuke guy lilmangs22"}
{"tweet_id":841810408776249344,"created_unixtime":1489538216190,"created_time":"Wed Mar 15 00:36:56 +0000 2017","lang":"en","displayname":"ThaTrapGodd","time_zone":"","msg":"Great words  https//tco/NIG7kYaFQj"}
{"tweet_id":841810408063275009,"created_unixtime":1489538216020,"created_time":"Wed Mar 15 00:36:56 +0000 2017","lang":"en","displayname":"e_montttt","time_zone":"Hawaii","msg":"Made me so happy 😭😂😂😂 https//tco/WcA82ksJxa"}
{"tweet_id":841810409187299329,"created_unixtime":1489538216288,"created_time":"Wed Mar 15 00:36:56 +0000 2017","lang":"en","displayname":"Zayngalforevah","time_zone":"Pacific Time (US & Canada)","msg":"And he ❤ https//tco/s9ui8DyuAF"}
{"tweet_id":841810409464123392,"created_unixtime":1489538216354,"created_time":"Wed Mar 15 00:36:56 +0000 2017","lang":"en","displayname":"CMartinn42","time_zone":"","msg":"RT Abzi_Official Collin is so good at making me happy wtf"}
{"tweet_id":841810409128615937,"created_unixtime":1489538216274,"created_time":"Wed Mar 15 00:36:56 +0000 2017","lang":"en","displayname":"smrn223","time_zone":"","msg":"RT aliaanators [TREND] Be Ready To Trend  HAPPY BIRTHDAY ALIA BHATT  Today At 1030 PM ISTRT amp Spread https//tco/WXXqsCQjQp"}
{"tweet_id":841810409036341248,"created_unixtime":1489538216252,"created_time":"Wed Mar 15 00:36:56 +0000 2017","lang":"en","displayname":"TheEmilJay","time_zone":"Eastern Time (US & Canada)","msg":"probably should have included these details in the original tweet you ratings monger sad https//tco/XTqMao68UD"}
{"tweet_id":841810408759521281,"created_unixtime":1489538216186,"created_time":"Wed Mar 15 00:36:56 +0000 2017","lang":"en","displayname":"socobb02","time_zone":"","msg":"tashacobbs Happy Birthday"}
{"tweet_id":841810409988472832,"created_unixtime":1489538216479,"created_time":"Wed Mar 15 00:36:56 +0000 2017","lang":"en","displayname":"MKatwood","time_zone":"Central Time (US & Canada)","msg":"buttsIug ianjq ahh thank you so much It makes me so happy to see you guys from the show team liking it you all rock"}
{"tweet_id":841810409543852033,"created_unixtime":1489538216373,"created_time":"Wed Mar 15 00:36:56 +0000 2017","lang":"en","displayname":"redraiderkeller","time_zone":"","msg":"RT DoubleTVarsity Happy Birthday to the West Texas legend amp former TexasTechFB Head Coach Spike Dykes Our FearlessChampion… "}
{"tweet_id":841810410453925888,"created_unixtime":1489538216590,"created_time":"Wed Mar 15 00:36:56 +0000 2017","lang":"und","displayname":"willsmiththe3rd","time_zone":"","msg":"imbusybeingcute sad"}
{"tweet_id":841810410382733312,"created_unixtime":1489538216573,"created_time":"Wed Mar 15 00:36:56 +0000 2017","lang":"ko","displayname":"RNB178","time_zone":"","msg":"RT FF14_TENSHIELD 파이널판타지14 패치 33 추가 지역소르 카이 Sohr Khai는 드래곤족 언어로so[h]r  apology / k[h]ai  sad 슬픈 사죄라는 뜻을 담고 있습니다소[호]르 크… "}
{"tweet_id":841810410672087041,"created_unixtime":1489538216642,"created_time":"Wed Mar 15 00:36:56 +0000 2017","lang":"en","displayname":"rosemcmx","time_zone":"Pacific Time (US & Canada)","msg":"RT __daniiinicole Happy birthday to me💗🎉 Buuut why was I singing to myself😂 https//tco/RFYrie2rm8"}
{"tweet_id":841810410269470720,"created_unixtime":1489538216546,"created_time":"Wed Mar 15 00:36:56 +0000 2017","lang":"en","displayname":"feeFahifofum","time_zone":"London","msg":"JayAndreas happy burrrrrday bro 🕺🏽🎉"}
{"tweet_id":841810410550448128,"created_unixtime":1489538216613,"created_time":"Wed Mar 15 00:36:56 +0000 2017","lang":"en","displayname":"alyssamedina55","time_zone":"","msg":"RT famousryannn Pretty sad I didnt get to perform w/ drumline one last time for my senior rally but im still happyampproud of them… "}
{"tweet_id":841810410990845952,"created_unixtime":1489538216718,"created_time":"Wed Mar 15 00:36:56 +0000 2017","lang":"en","displayname":"ninclarz","time_zone":"","msg":"RT PBBKAHOUSE I cried I was sad I was guilty I was everything Edward MBMayWard"}
{"tweet_id":841810411255025664,"created_unixtime":1489538216781,"created_time":"Wed Mar 15 00:36:56 +0000 2017","lang":"en","displayname":"atiqahjapar","time_zone":"Kuala Lumpur","msg":"Happy birthday Radin_Era 🎂🎂"}
{"tweet_id":841810411108339713,"created_unixtime":1489538216746,"created_time":"Wed Mar 15 00:36:56 +0000 2017","lang":"en","displayname":"maddiehayse","time_zone":"","msg":"thanks peyton https//tco/l9UTln2kFA"}
{"tweet_id":841810410856681472,"created_unixtime":1489538216686,"created_time":"Wed Mar 15 00:36:56 +0000 2017","lang":"en","displayname":"KizunaRemi","time_zone":"","msg":"RT transforbap 170314 Daehyun [IG]Each day everyday Im happy thanks to you all Thank you from the bottom of my heart🌹 baby… "}
{"tweet_id":841810411594891264,"created_unixtime":1489538216862,"created_time":"Wed Mar 15 00:36:56 +0000 2017","lang":"en","displayname":"MitchCaldecott","time_zone":"BST","msg":"jackkburkee Happy birthday burkey bro 😎"}
{"tweet_id":841810411519381504,"created_unixtime":1489538216844,"created_time":"Wed Mar 15 00:36:56 +0000 2017","lang":"en","displayname":"irinamatlock","time_zone":"Eastern Time (US & Canada)","msg":"Refugee students are not happyGo home to your countryWhy did you come here to dictate your willYou have NO right… https//tco/nRUsf83rFv"}
{"tweet_id":841810411871707136,"created_unixtime":1489538216928,"created_time":"Wed Mar 15 00:36:56 +0000 2017","lang":"en","displayname":"clarity_paris","time_zone":"","msg":"RT doodoggrimes richard tells sad story about his family dyingmorgan https//tco/OIYAvB20cQ"}
{"tweet_id":841810412060389376,"created_unixtime":1489538216973,"created_time":"Wed Mar 15 00:36:56 +0000 2017","lang":"en","displayname":"hale4jesus","time_zone":"","msg":"RT ActualFlatticus Its my sad duty to announce that there is no line item for bribes from Russian oligarchs on a 1040 form https//t…"}
{"tweet_id":841810412303749120,"created_unixtime":1489538217031,"created_time":"Wed Mar 15 00:36:57 +0000 2017","lang":"en","displayname":"sugaplant","time_zone":"","msg":"RT Finding__emily when your playlist is all sad songs and you wonder why your always in your feels bc same"}
{"tweet_id":841810410630180864,"created_unixtime":1489538216632,"created_time":"Wed Mar 15 00:36:56 +0000 2017","lang":"en","displayname":"KnotsBakery","time_zone":"Central Time (US & Canada)","msg":"Happy piday  Had my fav 🍓rhubarb ready to make and then had to add in key lime because it SNOWED today ❄️ and I w… https//tco/b94F83UQ61"}
{"tweet_id":841810412559466496,"created_unixtime":1489538217092,"created_time":"Wed Mar 15 00:36:57 +0000 2017","lang":"en","displayname":"frtoastnbooks","time_zone":"","msg":"Happy piday all https//tco/EJunuZgBPm"}
{"tweet_id":841810412228206592,"created_unixtime":1489538217013,"created_time":"Wed Mar 15 00:36:57 +0000 2017","lang":"en","displayname":"xo_yaneisee","time_zone":"","msg":"RT Cyn_Santana Hmmm think I wanna eat ice cream watch sad movies and cry all night Send those movies in guys ☺"}
{"tweet_id":841810412857364482,"created_unixtime":1489538217163,"created_time":"Wed Mar 15 00:36:57 +0000 2017","lang":"en","displayname":"saterienne_","time_zone":"","msg":"JGDerp the grenade throw at the window made me pretty sad too"}
{"tweet_id":841810412584677378,"created_unixtime":1489538217098,"created_time":"Wed Mar 15 00:36:57 +0000 2017","lang":"en","displayname":"journeyfulton","time_zone":"Mountain Time (US & Canada)","msg":"Got the fountain up and running A few pieces of the desert right by our front door makes us happy https//tco/GtyNQmzK39"}
{"tweet_id":841810413121556480,"created_unixtime":1489538217226,"created_time":"Wed Mar 15 00:36:57 +0000 2017","lang":"en","displayname":"1517_082014","time_zone":"Pacific Time (US & Canada)","msg":"RT peachcream_jh 170314 happy white day🍬 재현https//tco/z1tasMTVEd https//tco/2UzzcKA6yn"}
{"tweet_id":841810413192806400,"created_unixtime":1489538217243,"created_time":"Wed Mar 15 00:36:57 +0000 2017","lang":"ja","displayname":"tm_jzx","time_zone":"","msg":"RT lovelive_kot うみちゃーん♡Happy Birthdayヽ〃･ω･ﾉ☆ﾟ’･☆ラブアローシュート♡♡これからも大好きだよ♡園田海未生誕祭2017 園田海未好きな人RT RTした人全員フォローする… "}
{"tweet_id":841810410948952065,"created_unixtime":1489538216708,"created_time":"Wed Mar 15 00:36:56 +0000 2017","lang":"en","displayname":"ucscwipa","time_zone":"","msg":"Happy 314159 day apsmarch https//tco/DncTfOS256"}
{"tweet_id":841810413356486656,"created_unixtime":1489538217282,"created_time":"Wed Mar 15 00:36:57 +0000 2017","lang":"en","displayname":"MeganApplegat","time_zone":"","msg":"RT abbykirkk happy birthday baby 💗 hope you have a great day love you MeganApplegat https//tco/uH7noZRtEQ"}
{"tweet_id":841810413469732869,"created_unixtime":1489538217309,"created_time":"Wed Mar 15 00:36:57 +0000 2017","lang":"en","displayname":"brendan_toland","time_zone":"","msg":"RT Joe_Gatto Happy birthday to the guy that puts the cool in Q  hope you had a great day my friend BQQuinn"}
{"tweet_id":841810413444562945,"created_unixtime":1489538217303,"created_time":"Wed Mar 15 00:36:57 +0000 2017","lang":"en","displayname":"_evenlygorgeous","time_zone":"Eastern Time (US & Canada)","msg":"RT JayJayDailey Key literally is jealous of anyone who is pretty or receives attention smh BGC17 just sad"}
{"tweet_id":841810413373218816,"created_unixtime":1489538217286,"created_time":"Wed Mar 15 00:36:57 +0000 2017","lang":"en","displayname":"dhbartley","time_zone":"","msg":"McJacob way to go Jacob So happy for you"}
{"tweet_id":841810412932878338,"created_unixtime":1489538217181,"created_time":"Wed Mar 15 00:36:57 +0000 2017","lang":"en","displayname":"RetiredNavyCPO","time_zone":"","msg":"Trump makes Afghanistan happy by offering a clear plan 4 peace and economic renewal  gets Saudi Arabia to aid wit… https//tco/a8SI2KZMGi"}
{"tweet_id":841810413641732096,"created_unixtime":1489538217350,"created_time":"Wed Mar 15 00:36:57 +0000 2017","lang":"en","displayname":"hi_its_Monique","time_zone":"","msg":"RT preaching my main focus is to better myself be successful and be happy so if you arent contributing to that then i dont need you i…"}
{"tweet_id":841810413666852865,"created_unixtime":1489538217356,"created_time":"Wed Mar 15 00:36:57 +0000 2017","lang":"en","displayname":"liseve91","time_zone":"","msg":"shep689 could you wish my best friend AlonaDanger a very happy birthday"}
{"tweet_id":841810413696237568,"created_unixtime":1489538217363,"created_time":"Wed Mar 15 00:36:57 +0000 2017","lang":"en","displayname":"georgec_78","time_zone":"Eastern Time (US & Canada)","msg":"RT kalebhorton Saying America is optimistic because CEOs are optimistic is like saying prisoners are happy because you heard the w… "}
{"tweet_id":841810413960499202,"created_unixtime":1489538217426,"created_time":"Wed Mar 15 00:36:57 +0000 2017","lang":"en","displayname":"AshleyDeAmber","time_zone":"Central Time (US & Canada)","msg":"Been a minute but the love still strong Happy birthday fam khalillcash ❤"}
{"tweet_id":841810414270726144,"created_unixtime":1489538217500,"created_time":"Wed Mar 15 00:36:57 +0000 2017","lang":"en","displayname":"karmenjoness","time_zone":"Arizona","msg":"my box logo supreme hoodie just came amp im beyond happy 😊"}
{"tweet_id":841810413998202880,"created_unixtime":1489538217435,"created_time":"Wed Mar 15 00:36:57 +0000 2017","lang":"tl","displayname":"So_Damn_Trill","time_zone":"Pacific Time (US & Canada)","msg":"RT IamDeeMoneey Kaay teeezy https//tco/WayA9XlmE0"}
{"tweet_id":841810413444562944,"created_unixtime":1489538217303,"created_time":"Wed Mar 15 00:36:57 +0000 2017","lang":"en","displayname":"NOTJUSTOK","time_zone":"Central Time (US & Canada)","msg":"Happy birthday to the boss of YBNL and the one and only Baddosneh olamide_YBNL  Greater heights in life and mus… https//tco/tdDuXLdTwo"}
{"tweet_id":841810414602182658,"created_unixtime":1489538217579,"created_time":"Wed Mar 15 00:36:57 +0000 2017","lang":"en","displayname":"phantem03","time_zone":"","msg":"To all my Twitter friends A very Happy Birthday  to gilbert221games i wish him a very exciting BIRTHDAY 😀😀😀😀"}
{"tweet_id":841810414711259136,"created_unixtime":1489538217605,"created_time":"Wed Mar 15 00:36:57 +0000 2017","lang":"en","displayname":"cboyle999","time_zone":"","msg":"paulkrugman  you people made Trump almost inevitable by taking the working class man for granted Ill be happy to see him burn it all down"}
{"tweet_id":841810414971244544,"created_unixtime":1489538217667,"created_time":"Wed Mar 15 00:36:57 +0000 2017","lang":"en","displayname":"belarmino_d","time_zone":"","msg":"RT ALDUBNATIONNCR Prayer is powerful its amazing what it can do Always stay happy at all timesRT amp spread love worldwide🌻🌻🌻… "}
{"tweet_id":841810415000539136,"created_unixtime":1489538217674,"created_time":"Wed Mar 15 00:36:57 +0000 2017","lang":"en","displayname":"nino_beverly","time_zone":"","msg":"RT WeLoveJaDine Happy third Anniversary JaDineLand 💜LetOurPurpleHeartsShineAt3 EL"}
{"tweet_id":841810415088766976,"created_unixtime":1489538217695,"created_time":"Wed Mar 15 00:36:57 +0000 2017","lang":"en","displayname":"judyep444","time_zone":"Pacific Time (US & Canada)","msg":"MomItForward  A6 food makes me very happy  I love to eat  chocolate is at the top of the list  gno avohappiness"}
{"tweet_id":841810414866464768,"created_unixtime":1489538217642,"created_time":"Wed Mar 15 00:36:57 +0000 2017","lang":"en","displayname":"mintygreene","time_zone":"Eastern Time (US & Canada)","msg":"One of my favs 💛 https//tco/VvviYqRn6G"}
{"tweet_id":841810412156903424,"created_unixtime":1489538216996,"created_time":"Wed Mar 15 00:36:56 +0000 2017","lang":"en","displayname":"anyaelef","time_zone":"","msg":"Happy Pi day from River and I ✨ Its a piecaken I promise https//tco/cdyVc4zr2A"}
{"tweet_id":841810415340281856,"created_unixtime":1489538217755,"created_time":"Wed Mar 15 00:36:57 +0000 2017","lang":"ja","displayname":"k_nk_y","time_zone":"","msg":"ヤバ♥めっちゃ嬉しい´♡ω♡`/ありがとうˊ˘ˋ｡♪°るんるん https//tco/8zb7VdU4PX"}
{"tweet_id":841810414958718977,"created_unixtime":1489538217664,"created_time":"Wed Mar 15 00:36:57 +0000 2017","lang":"en","displayname":"infosecwar","time_zone":"Pacific Time (US & Canada)","msg":"RT FBIMostWanted Happy 67th Birthday to the FBI Ten Most Wanted Fugitives List created on March 14 1950 https//tco/R1Y0B4H4Ie in"}
{"tweet_id":841810414971285504,"created_unixtime":1489538217667,"created_time":"Wed Mar 15 00:36:57 +0000 2017","lang":"en","displayname":"CallMe_PRETTYC","time_zone":"Eastern Time (US & Canada)","msg":"x_gabrielaaa go shake that ass for a rich nigga  you wont be sad nomo"}
{"tweet_id":841810415541719044,"created_unixtime":1489538217803,"created_time":"Wed Mar 15 00:36:57 +0000 2017","lang":"en","displayname":"DisShitForevvva","time_zone":"Pacific Time (US & Canada)","msg":"RT krystaallynn_ i aint never going out sad over no nigga upgrade ya self baby 🤗 show him what hes missing "}
{"tweet_id":841810415692742658,"created_unixtime":1489538217839,"created_time":"Wed Mar 15 00:36:57 +0000 2017","lang":"en","displayname":"Spyro276Tw","time_zone":"","msg":"RT GameGrumps Happy Birthday Danny https//tco/Qc8I63RkPP"}
{"tweet_id":841810416166666240,"created_unixtime":1489538217952,"created_time":"Wed Mar 15 00:36:57 +0000 2017","lang":"en","displayname":"im_AGORILLA","time_zone":"","msg":"RT heykeiana Happy Birthday to me 🌞 https//tco/YgZLkycxvV"}
{"tweet_id":841810416313487360,"created_unixtime":1489538217987,"created_time":"Wed Mar 15 00:36:57 +0000 2017","lang":"en","displayname":"Korbyn_Wyatt95","time_zone":"","msg":"Happy Easter 🐇"}
{"tweet_id":841810416237969408,"created_unixtime":1489538217969,"created_time":"Wed Mar 15 00:36:57 +0000 2017","lang":"en","displayname":"ukuleletits","time_zone":"Central Time (US & Canada)","msg":" IM SO HAPPY  https//tco/XYPzUPAOes"}
{"tweet_id":841810416560943104,"created_unixtime":1489538218046,"created_time":"Wed Mar 15 00:36:58 +0000 2017","lang":"en","displayname":"moneysvgparent","time_zone":"Central Time (US & Canada)","msg":"RT MomItForward Q6 DOES FOOD MAKE YOU HAPPY WHAT DISHES MAKE YOU THE HAPPIEST AvoHappiness GNO PLS RT"}
{"tweet_id":841810416426721281,"created_unixtime":1489538218014,"created_time":"Wed Mar 15 00:36:58 +0000 2017","lang":"en","displayname":"TGoben","time_zone":"","msg":"RT RoastMeDaily Bob Barker and Adam Sandler did a Happy Gilmore reunion skit and it was great https//tco/LCtdsSqoeZ"}
{"tweet_id":841810416841838592,"created_unixtime":1489538218113,"created_time":"Wed Mar 15 00:36:58 +0000 2017","lang":"en","displayname":"PollHereford","time_zone":"Pacific Time (US & Canada)","msg":"RT AbrasiveGhost Folks ask why I have a therapy goose if all it does is shit everywhere amp attack people but the answer is simple thats…"}
{"tweet_id":841810417127153669,"created_unixtime":1489538218181,"created_time":"Wed Mar 15 00:36:58 +0000 2017","lang":"en","displayname":"emmmaglenn","time_zone":"","msg":"RT preaching my main focus is to better myself be successful and be happy so if you arent contributing to that then i dont need you i…"}
{"tweet_id":841810417110401028,"created_unixtime":1489538218177,"created_time":"Wed Mar 15 00:36:58 +0000 2017","lang":"en","displayname":"BodineKenneth","time_zone":"","msg":"abiiigaiiil__ Happy Birthday"}
{"tweet_id":841810417437483008,"created_unixtime":1489538218255,"created_time":"Wed Mar 15 00:36:58 +0000 2017","lang":"en","displayname":"joshuansol","time_zone":"Asia/Jakarta","msg":"hoshiibun Familyy marttt happy birtdayyyyy miss you miss you miss youuuu💕💕💕"}
{"tweet_id":841810417806536704,"created_unixtime":1489538218343,"created_time":"Wed Mar 15 00:36:58 +0000 2017","lang":"en","displayname":"IrmanSeleman","time_zone":"Kuala Lumpur","msg":"RT postingcuteness DONT BE SAD JUST WATCH THESE PENGUINS CHASING A BUTTERFLY https//tco/Jo5s08sTqh"}
{"tweet_id":841810417705975811,"created_unixtime":1489538218319,"created_time":"Wed Mar 15 00:36:58 +0000 2017","lang":"en","displayname":"rss1937","time_zone":"Baghdad","msg":"joudkhayat Happy birthday joud☹️💙  enjoy it💙💙"}
{"tweet_id":841810418008002560,"created_unixtime":1489538218391,"created_time":"Wed Mar 15 00:36:58 +0000 2017","lang":"en","displayname":"carolperaltasa_","time_zone":"","msg":"RT 5HVotingStats Scared Of Happy FifthHarmony YouKnowYouLoveThem radiodisney"}
{"tweet_id":841810418024693760,"created_unixtime":1489538218395,"created_time":"Wed Mar 15 00:36:58 +0000 2017","lang":"ja","displayname":"fhQTHtz1xFQSekO","time_zone":"","msg":"RT fukasaru1007 🎁Happy🎉Birthday🎂海未ちゃん！誕生日おめでとう♡可愛くて、友達想いでまっすぐ？な海未ちゃんが大好きです♡勧誘も何も出来なくてごめんなさい来年は絶対やるから！文字数が園田海未生誕祭… "}
{"tweet_id":841810417701814272,"created_unixtime":1489538218318,"created_time":"Wed Mar 15 00:36:58 +0000 2017","lang":"en","displayname":"Chris_Zinicola","time_zone":"","msg":"RT D_Deji28 Do you guys know why he was killed A girl lied that he raped her and her brother shot him dead https//tco/IWDVDZp3rz"}
{"tweet_id":841810417869590528,"created_unixtime":1489538218358,"created_time":"Wed Mar 15 00:36:58 +0000 2017","lang":"en","displayname":"paggie_","time_zone":"Hawaii","msg":"RT CusfuI if youre sad over a guy remember that you can create humans bleed for 7 days without dying amp swallow kids all guys do is li…"}
{"tweet_id":841810418058334210,"created_unixtime":1489538218403,"created_time":"Wed Mar 15 00:36:58 +0000 2017","lang":"en","displayname":"Haeven20","time_zone":"","msg":"RT Haeven20 Happy PiDay https//tco/UU2wCqPVPf"}
{"tweet_id":841810417978626048,"created_unixtime":1489538218384,"created_time":"Wed Mar 15 00:36:58 +0000 2017","lang":"en","displayname":"yasseros007","time_zone":"Quito","msg":"Happy Birthday Quincy Jones  QuincyDJones"}
{"tweet_id":841810418720894976,"created_unixtime":1489538218561,"created_time":"Wed Mar 15 00:36:58 +0000 2017","lang":"und","displayname":"pin_wadee","time_zone":"","msg":"RT yuyukiiiii Happy white day แบ๊วกว่านี่อีกค่ะ555555🍭  Yugyeom https//tco/GBa72BFy7z"}
{"tweet_id":841810418867752960,"created_unixtime":1489538218596,"created_time":"Wed Mar 15 00:36:58 +0000 2017","lang":"en","displayname":"kionam26","time_zone":"","msg":"RT SincerelyTumblr So annoying when ppl are like ur always laughin U laugh at everything Its not that funny like OK sorry Im a hap…"}
{"tweet_id":841810418473553925,"created_unixtime":1489538218502,"created_time":"Wed Mar 15 00:36:58 +0000 2017","lang":"en","displayname":"RubyRosexiao","time_zone":"Mountain Time (US & Canada)","msg":"Gamer_Of_Hope_ //hey just waisted to say happy birthday even tho we dont talk but you follow me so happy birthday 🎁🎊🎈🎂🎉"}
{"tweet_id":841810418595057664,"created_unixtime":1489538218531,"created_time":"Wed Mar 15 00:36:58 +0000 2017","lang":"und","displayname":"lhernnn","time_zone":"","msg":"awwww https//tco/1eOtzVnq0F"}
{"tweet_id":841810419266273280,"created_unixtime":1489538218691,"created_time":"Wed Mar 15 00:36:58 +0000 2017","lang":"en","displayname":"Polybandit","time_zone":"","msg":"RT GameGrumps Happy Birthday Danny https//tco/Qc8I63RkPP"}
{"tweet_id":841810419501084672,"created_unixtime":1489538218747,"created_time":"Wed Mar 15 00:36:58 +0000 2017","lang":"en","displayname":"jazzynicholeee","time_zone":"Pacific Time (US & Canada)","msg":"RT hannahclarkiee I wish we could all be in love amp happy"}
{"tweet_id":841810419236798464,"created_unixtime":1489538218684,"created_time":"Wed Mar 15 00:36:58 +0000 2017","lang":"en","displayname":"ykpmarh","time_zone":"Seoul","msg":"RT offclASTRO_6 [PIC] 170315 Fantagio Official Fancafe Update Happy Birthday 아스트로 JinJjn 3HappyJinJinDay https//tco/OBQkUhcmHG"}
{"tweet_id":841810419425591297,"created_unixtime":1489538218729,"created_time":"Wed Mar 15 00:36:58 +0000 2017","lang":"en","displayname":"sarrahhmartinez","time_zone":"Arizona","msg":"To_____ Im so happy for you"}
{"tweet_id":841810419656347651,"created_unixtime":1489538218784,"created_time":"Wed Mar 15 00:36:58 +0000 2017","lang":"en","displayname":"abrigale_dawn77","time_zone":"","msg":"RT preaching my main focus is to better myself be successful and be happy so if you arent contributing to that then i dont need you i…"}
{"tweet_id":841810420100816896,"created_unixtime":1489538218890,"created_time":"Wed Mar 15 00:36:58 +0000 2017","lang":"en","displayname":"raed_zayn","time_zone":"Baghdad","msg":"RT papermagazine Watch this Versace Versus clip and bask in how totally happy zaynmalik and GiGiHadid are together… "}
{"tweet_id":841810420109303809,"created_unixtime":1489538218892,"created_time":"Wed Mar 15 00:36:58 +0000 2017","lang":"en","displayname":"Necation","time_zone":"Pacific Time (US & Canada)","msg":"Im so lonely lol sad🤷🏽‍♂️"}
{"tweet_id":841810419824136192,"created_unixtime":1489538218824,"created_time":"Wed Mar 15 00:36:58 +0000 2017","lang":"en","displayname":"vibinc","time_zone":"Central Time (US & Canada)","msg":"Note the ALL CAPS SAD https//tco/uNHetJeUMQ"}
{"tweet_id":841810420176412672,"created_unixtime":1489538218908,"created_time":"Wed Mar 15 00:36:58 +0000 2017","lang":"en","displayname":"Lalesca214","time_zone":"","msg":"RT MichaelNarducci “All happy families are alike– Leo TolstoyTheOriginals  MARCH17th https//tco/Ge1qbkIlvi"}
{"tweet_id":841810420025442304,"created_unixtime":1489538218872,"created_time":"Wed Mar 15 00:36:58 +0000 2017","lang":"en","displayname":"anidalaa","time_zone":"Pacific Time (US & Canada)","msg":"RT reyeverdeen anidalaa Happy Birthday Cailey 🎉 Hope you have a wonderful day 💕"}
{"tweet_id":841810420239351809,"created_unixtime":1489538218923,"created_time":"Wed Mar 15 00:36:58 +0000 2017","lang":"en","displayname":"peyton_pringle","time_zone":"","msg":"RT painintheassliz some puppy is happy https//tco/1d3jfSFWb0"}
{"tweet_id":841810420428079104,"created_unixtime":1489538218968,"created_time":"Wed Mar 15 00:36:58 +0000 2017","lang":"en","displayname":"corruptedchriss","time_zone":"Central Time (US & Canada)","msg":"RT TOASTOTHEGOD Its Sad When Ur Own Friends Hate On You"}
{"tweet_id":841810420927148036,"created_unixtime":1489538219087,"created_time":"Wed Mar 15 00:36:59 +0000 2017","lang":"ja","displayname":"Sena86902725","time_zone":"","msg":"RT haruraru1205 海未ちゃん！！♡ﾟ･Happy Birthday･ﾟ♡ 園田海未生誕祭2017  3月15日は園田海未の誕生日  ラブライブ  RTした人全員フォローする https//tco/dLOPX46WKF"}
{"tweet_id":841810420939673600,"created_unixtime":1489538219090,"created_time":"Wed Mar 15 00:36:59 +0000 2017","lang":"en","displayname":"CarlaMarie808","time_zone":"Hawaii","msg":"RT kbernandino Happy Pi day The only day where math and pie is celebrated on the same day"}
{"tweet_id":841810420851707904,"created_unixtime":1489538219069,"created_time":"Wed Mar 15 00:36:59 +0000 2017","lang":"en","displayname":"aprilangelica","time_zone":"Eastern Time (US & Canada)","msg":"Sad about Lucky Peach no longer publishing after May I didnt read every issue but it was really important to me"}
{"tweet_id":841810421128523776,"created_unixtime":1489538219135,"created_time":"Wed Mar 15 00:36:59 +0000 2017","lang":"en","displayname":"lushcosmetics","time_zone":"Pacific Time (US & Canada)","msg":"allieddumas We see no problem here 😉 Your hair and skin must be so happy with all these treats to pamper it"}
{"tweet_id":841810421271142400,"created_unixtime":1489538219169,"created_time":"Wed Mar 15 00:36:59 +0000 2017","lang":"en","displayname":"nelle14randle","time_zone":"","msg":"RT NeshaMcfarland nelle14randle HAPPY BIRTHDAY sis sending you lots of love amp all the positively this world has to offer I cant wa… "}
{"tweet_id":841810421522825217,"created_unixtime":1489538219229,"created_time":"Wed Mar 15 00:36:59 +0000 2017","lang":"en","displayname":"hollss23","time_zone":"Pacific Time (US & Canada)","msg":"RT ryannnshively ALL OF THESE PROMPOSALS MAKE ME SO HAPPY"}
{"tweet_id":841810421807890433,"created_unixtime":1489538219297,"created_time":"Wed Mar 15 00:36:59 +0000 2017","lang":"en","displayname":"nadialfrost","time_zone":"","msg":"RT Theorossi Happy PiDay YallAlwaysFinishIT https//tco/Hn0gjcaqf9"}
{"tweet_id":841810421883457536,"created_unixtime":1489538219315,"created_time":"Wed Mar 15 00:36:59 +0000 2017","lang":"en","displayname":"yawsuke","time_zone":"","msg":"RT ringelrei please I want them to be happy https//tco/mMMS2L9zbw"}
{"tweet_id":841810421992562688,"created_unixtime":1489538219341,"created_time":"Wed Mar 15 00:36:59 +0000 2017","lang":"en","displayname":"jnxii","time_zone":"Central Time (US & Canada)","msg":"sars_____ happy birthday boo💖"}
{"tweet_id":841810421912875009,"created_unixtime":1489538219322,"created_time":"Wed Mar 15 00:36:59 +0000 2017","lang":"en","displayname":"LeviathanAurora","time_zone":"","msg":"krain723 Hypocrisy Not even close to the proper word but jack and davidbrockdc arent buying the best Sad"}
{"tweet_id":841810422026104833,"created_unixtime":1489538219349,"created_time":"Wed Mar 15 00:36:59 +0000 2017","lang":"en","displayname":"yolundalindsey","time_zone":"","msg":"RT OmggRhi DO NOT PURPOSELY DO SHIT TO MAKE ME MAD THEN GET MAD THAT IM MAD FUCK U THOUGHT I WAS GONNA BE AFTER PISSING ME OFF HAPPY"}
{"tweet_id":841810422340583424,"created_unixtime":1489538219424,"created_time":"Wed Mar 15 00:36:59 +0000 2017","lang":"ja","displayname":"melomelochuxo","time_zone":"","msg":"RT shamakho_works 海未ちゃん描きました。happy birthday🎉lovelive園田海未生誕祭2017 3月15日は園田海未の誕生日 https//tco/haJCpEMlak"}
{"tweet_id":841810422445481984,"created_unixtime":1489538219449,"created_time":"Wed Mar 15 00:36:59 +0000 2017","lang":"ja","displayname":"lin_yinpin","time_zone":"Taipei","msg":"RT tsukiuta1 ☆Happy White Day③☆恋「俺たちにプランを任せて頂ければ、笑いの耐えないデートをご提供してみせます！」駆「そして体重１kgはかたい」恋「フラれるヤツ…！」※DLOK※壁紙などマナーを守って使ってくださいね https/…"}
{"tweet_id":841810422286163968,"created_unixtime":1489538219411,"created_time":"Wed Mar 15 00:36:59 +0000 2017","lang":"en","displayname":"AyaaHatem1","time_zone":"","msg":"RT ohteenquotes Spend life with who makes you happy not with who you have to impress"}
{"tweet_id":841810422407741441,"created_unixtime":1489538219440,"created_time":"Wed Mar 15 00:36:59 +0000 2017","lang":"en","displayname":"C_Cdr_","time_zone":"Pacific Time (US & Canada)","msg":"Hays https//tco/CpZJFvUr9W"}
{"tweet_id":841810421422120962,"created_unixtime":1489538219205,"created_time":"Wed Mar 15 00:36:59 +0000 2017","lang":"en","displayname":"Amanda_Bolden","time_zone":"Central Time (US & Canada)","msg":"Thank you boo ❤😘 https//tco/CtNTOiysP3"}
{"tweet_id":841810422357463042,"created_unixtime":1489538219428,"created_time":"Wed Mar 15 00:36:59 +0000 2017","lang":"en","displayname":"sbrewer55","time_zone":"Central Time (US & Canada)","msg":"Happy Birthday Grace😎 GracWalker"}
{"tweet_id":841810422646878209,"created_unixtime":1489538219497,"created_time":"Wed Mar 15 00:36:59 +0000 2017","lang":"en","displayname":"laurenpichette","time_zone":"","msg":"i love spending my whole day writing and listening to amazing musicals it makes me a happy lauroon😊"}
{"tweet_id":841810422772731910,"created_unixtime":1489538219527,"created_time":"Wed Mar 15 00:36:59 +0000 2017","lang":"en","displayname":"lanca_c_lee","time_zone":"Quito","msg":"RT neiltyson 314  Happy Piday to Gregorian calendar users who reckon dates with month followed by day separated by period omitting year"}
{"tweet_id":841810422839840769,"created_unixtime":1489538219543,"created_time":"Wed Mar 15 00:36:59 +0000 2017","lang":"en","displayname":"lauren_grace152","time_zone":"","msg":"devvincorrwin YouNow im sad now"}
{"tweet_id":841810422995001344,"created_unixtime":1489538219580,"created_time":"Wed Mar 15 00:36:59 +0000 2017","lang":"en","displayname":"_rents3","time_zone":"Mid-Atlantic","msg":"RT jarpad Happy Birthday to two things that bring me great joy  Happy14Sadie Happy2AKF spnfamily https//tco/184ReLYfSU"}
{"tweet_id":841810422860795905,"created_unixtime":1489538219548,"created_time":"Wed Mar 15 00:36:59 +0000 2017","lang":"en","displayname":"svt_17666","time_zone":"Central Time (US & Canada)","msg":"RT Koreaboo Happy Birthday to Lee Hwi Jae’s twins Lee Seo Eon and Lee Seo Jun 🎉🎂🤗 https//tco/xtjHommriu"}
{"tweet_id":841810423343017990,"created_unixtime":1489538219663,"created_time":"Wed Mar 15 00:36:59 +0000 2017","lang":"pt","displayname":"DonPetrova","time_zone":"","msg":"sjvpjm ao sadMBMayWard"}
{"tweet_id":841810423368298497,"created_unixtime":1489538219669,"created_time":"Wed Mar 15 00:36:59 +0000 2017","lang":"en","displayname":"henryhalltx","time_zone":"","msg":"RT 3jstone For all the amazing math teachers Happy PiDay risdgreatness https//tco/Tg9GKBxki1"}
{"tweet_id":841810423267635200,"created_unixtime":1489538219645,"created_time":"Wed Mar 15 00:36:59 +0000 2017","lang":"en","displayname":"Thorgirl11","time_zone":"Mountain Time (US & Canada)","msg":"Happy Tuesday 😁AmericanHousewife KatyEMixon"}
{"tweet_id":841810422982422528,"created_unixtime":1489538219577,"created_time":"Wed Mar 15 00:36:59 +0000 2017","lang":"en","displayname":"Jmillz_05","time_zone":"","msg":"RT BdotAdot5 Happy Birthday Brudder ✊🏽💯 StephenCurry30 https//tco/fxunT808HC"}
{"tweet_id":841810423796125696,"created_unixtime":1489538219771,"created_time":"Wed Mar 15 00:36:59 +0000 2017","lang":"en","displayname":"jenoconnell","time_zone":"Dublin","msg":"Fachtna_Kelly FionaNess Beautiful both of you And so very sad 🌱"}
{"tweet_id":841810423917731840,"created_unixtime":1489538219800,"created_time":"Wed Mar 15 00:36:59 +0000 2017","lang":"en","displayname":"annaspire","time_zone":"Central Time (US & Canada)","msg":"RT lostpanda Happy Pi day https//tco/tMJq9uUeRk"}
{"tweet_id":841810425016664064,"created_unixtime":1489538220062,"created_time":"Wed Mar 15 00:37:00 +0000 2017","lang":"en","displayname":"arielisfishy","time_zone":"Eastern Time (US & Canada)","msg":"RT RoamingMil Im a biracial Asian immigrant who condones race mixing amp hates racial tribalismTrust me I dont like the altri… "}
{"tweet_id":841810423389253633,"created_unixtime":1489538219674,"created_time":"Wed Mar 15 00:36:59 +0000 2017","lang":"en","displayname":"otabitch","time_zone":"London","msg":"he was just there sittin and mourning his wallet and he just looks at her  shes so happy He happy too https//tco/2RZX1hkrrP"}
{"tweet_id":841810425561804800,"created_unixtime":1489538220192,"created_time":"Wed Mar 15 00:37:00 +0000 2017","lang":"en","displayname":"ShayTheShooter","time_zone":"Central Time (US & Canada)","msg":"Im happy with nothingimagine me when I got it"}
{"tweet_id":841810425687748609,"created_unixtime":1489538220222,"created_time":"Wed Mar 15 00:37:00 +0000 2017","lang":"en","displayname":"Syriahhh","time_zone":"","msg":"RT BlazePizza Happy PiDay Stop by  today amp get any pie for just 314 Inrestaurant only not valid at Disney Springs airpor… "}
{"tweet_id":841810422680428544,"created_unixtime":1489538219505,"created_time":"Wed Mar 15 00:36:59 +0000 2017","lang":"en","displayname":"SarahAnnS_","time_zone":"","msg":"Happy birthday aharz7 im sorry your day isnt as lit as you are in this picture🎉🎉 https//tco/vlF0TmY0EZ"}
{"tweet_id":841810426425954304,"created_unixtime":1489538220398,"created_time":"Wed Mar 15 00:37:00 +0000 2017","lang":"en","displayname":"sammyapproves","time_zone":"Pacific Time (US & Canada)","msg":"MOMITFORWARD A6 Food makes me very happy I love a big burrito with a wheat tortilla and lots of avocado AvoHappiness GNO"}
{"tweet_id":841810427428368384,"created_unixtime":1489538220637,"created_time":"Wed Mar 15 00:37:00 +0000 2017","lang":"en","displayname":"MindLifeFacts_","time_zone":"Bucharest","msg":"People who are sad are likely to spend more money than those who are happy"}
{"tweet_id":841810426790838272,"created_unixtime":1489538220485,"created_time":"Wed Mar 15 00:37:00 +0000 2017","lang":"en","displayname":"jphalwaysgold","time_zone":"","msg":"RT JOEL9ONE Happy 314 day to my St Lunatics"}
{"tweet_id":841810427801681921,"created_unixtime":1489538220726,"created_time":"Wed Mar 15 00:37:00 +0000 2017","lang":"en","displayname":"Natm_1017","time_zone":"","msg":"RT 5HVotingStats Scared Of Happy FifthHarmony YouKnowYouLoveThem radiodisney"}
{"tweet_id":841810423980556288,"created_unixtime":1489538219815,"created_time":"Wed Mar 15 00:36:59 +0000 2017","lang":"ja","displayname":"Hs913Ne","time_zone":"","msg":"RT bungosd_anime 【HAPPY WHITEDAY】3月14日はホワイトデー！敦君と芥川先輩がお返しを配る大役を任せられたみたいですね。誰がどの贈呈品を用意したんでしょうか？皆さまよいホワイトデーを❤︎　bungosd https//tco/3T6cK…"}
{"tweet_id":841810424404279296,"created_unixtime":1489538219916,"created_time":"Wed Mar 15 00:36:59 +0000 2017","lang":"en","displayname":"mummadear","time_zone":"Eastern Time (US & Canada)","msg":"RT MomItForward Q6 DOES FOOD MAKE YOU HAPPY WHAT DISHES MAKE YOU THE HAPPIEST AvoHappiness GNO PLS RT"}
{"tweet_id":841810424379146241,"created_unixtime":1489538219910,"created_time":"Wed Mar 15 00:36:59 +0000 2017","lang":"en","displayname":"HardyJack_","time_zone":"London","msg":"RT Stormzy1 Do what makes you happy mate"}
{"tweet_id":841810425075265536,"created_unixtime":1489538220076,"created_time":"Wed Mar 15 00:37:00 +0000 2017","lang":"en","displayname":"Chombymaniac","time_zone":"","msg":"RT 9GAG Face Youre uglyBody Youre fatBrain Youre stupidLife You suckFood Come here babe youll be happy with me"}
{"tweet_id":841810424194555904,"created_unixtime":1489538219866,"created_time":"Wed Mar 15 00:36:59 +0000 2017","lang":"en","displayname":"Potonsi","time_zone":"Pretoria","msg":"RT BashitwaFilm Fantastic Thabang You rock I will email the book right now Happy Reading And I will also read your blog as well https…"}
{"tweet_id":841810425301868544,"created_unixtime":1489538220130,"created_time":"Wed Mar 15 00:37:00 +0000 2017","lang":"und","displayname":"kennyfrmdablocc","time_zone":"","msg":"exposed https//tco/tzA1uYTZzN"}
{"tweet_id":841810425419337728,"created_unixtime":1489538220158,"created_time":"Wed Mar 15 00:37:00 +0000 2017","lang":"en","displayname":"Jacksonathx","time_zone":"Buenos Aires","msg":"Sadcallate https//tco/wE9uVqdmQO"}
{"tweet_id":841810426014777344,"created_unixtime":1489538220300,"created_time":"Wed Mar 15 00:37:00 +0000 2017","lang":"en","displayname":"Bernierayz","time_zone":"","msg":"RT JakeHoyer28 Happy birthday to the big brotha Bernierayz https//tco/bOOWXSEGcV"}
{"tweet_id":841810427008958464,"created_unixtime":1489538220537,"created_time":"Wed Mar 15 00:37:00 +0000 2017","lang":"en","displayname":"PBasteyns","time_zone":"","msg":"RT KarlyBonehead Happy Bones Day 🙆BONESonFOX I cant wait for tonights episode 😭🙆 https//tco/enD4Tec65T"}
{"tweet_id":841810427352907776,"created_unixtime":1489538220619,"created_time":"Wed Mar 15 00:37:00 +0000 2017","lang":"en","displayname":"AppleSupport","time_zone":"Pacific Time (US & Canada)","msg":"iloveporkchops2 Hi there Does this happen while listening over WiFi Cellular or both Were happy to help out https//tco/GDrqU22YpT"}
{"tweet_id":841810428170706944,"created_unixtime":1489538220814,"created_time":"Wed Mar 15 00:37:00 +0000 2017","lang":"en","displayname":"Dadventurous","time_zone":"Mountain Time (US & Canada)","msg":"RT MOMITFORWARD 6 DOES FOOD MAKE YOU HAPPY WHAT DISHES MAKE YOU THE HAPPIEST AvoHappiness GNO PLS RT"}
{"tweet_id":841810428065939456,"created_unixtime":1489538220789,"created_time":"Wed Mar 15 00:37:00 +0000 2017","lang":"en","displayname":"wilyaret","time_zone":"","msg":"RT ohteenquotes Spend life with who makes you happy not with who you have to impress"}
{"tweet_id":841810428082704384,"created_unixtime":1489538220793,"created_time":"Wed Mar 15 00:37:00 +0000 2017","lang":"en","displayname":"PatchworkNerd","time_zone":"Central Time (US & Canada)","msg":"tipsy_writer A1 Their hope and ability to see the world for its possibilities It helps keep me out of my sad cloud TipsyChat"}
{"tweet_id":841810428095303680,"created_unixtime":1489538220796,"created_time":"Wed Mar 15 00:37:00 +0000 2017","lang":"en","displayname":"BlessedMama86","time_zone":"Eastern Time (US & Canada)","msg":"A6 Food totally makes me happy Mac and cheese is the dish that makes the happiest AvoHappiness GNO"}
{"tweet_id":841810428258791424,"created_unixtime":1489538220835,"created_time":"Wed Mar 15 00:37:00 +0000 2017","lang":"en","displayname":"David_Kaneda","time_zone":"Pacific Time (US & Canada)","msg":"Happy PiDay from our Oakland office We love celebrating this sweet mathematical holiday every year https//tco/jbU6b5yRHJ"}
{"tweet_id":841810428548251648,"created_unixtime":1489538220904,"created_time":"Wed Mar 15 00:37:00 +0000 2017","lang":"en","displayname":"AXIIXS_SANTOS","time_zone":"Lisbon","msg":"RT picschangsub I love you with all my heart Youre my sun and i hope you are healthy I want to make you happy like you do to me… "}
{"tweet_id":841810428627943425,"created_unixtime":1489538220923,"created_time":"Wed Mar 15 00:37:00 +0000 2017","lang":"en","displayname":"liltaylaidlow","time_zone":"Eastern Time (US & Canada)","msg":"RT richthekid Focus on what makes you happy"}
{"tweet_id":841810427516489728,"created_unixtime":1489538220658,"created_time":"Wed Mar 15 00:37:00 +0000 2017","lang":"en","displayname":"alicia_marie725","time_zone":"Central Time (US & Canada)","msg":"RT JMU dabody52 Happy Birthday from JMUGivingDay Headquarters https//tco/1ezgx0ESic https//tco/hTUr43b0hH"}
{"tweet_id":841810428657336320,"created_unixtime":1489538220930,"created_time":"Wed Mar 15 00:37:00 +0000 2017","lang":"en","displayname":"jylmomIF","time_zone":"Mountain Time (US & Canada)","msg":"A6 Food makes me sooooo happy I actually cried once I loved the food so much At an Italian place in NYC AvoHappiness gno"}
{"tweet_id":841810428728504320,"created_unixtime":1489538220947,"created_time":"Wed Mar 15 00:37:00 +0000 2017","lang":"en","displayname":"SalGonzalesRun","time_zone":"","msg":"RT neiltyson 314  Happy Piday to Gregorian calendar users who reckon dates with month followed by day separated by period omitting year"}
{"tweet_id":841810429030592512,"created_unixtime":1489538221019,"created_time":"Wed Mar 15 00:37:01 +0000 2017","lang":"en","displayname":"JoniHPetSitter","time_zone":"Eastern Time (US & Canada)","msg":"Rude/Mean much Torres  Yeah youve probably got a sad past but being cold to Lt Laura isnt kosher with me NCIS_CBS NCIS"}
{"tweet_id":841810426123956224,"created_unixtime":1489538220326,"created_time":"Wed Mar 15 00:37:00 +0000 2017","lang":"en","displayname":"Naoko_ATC","time_zone":"","msg":"Happy PiDay Yeah I was hungry https//tco/6LIDFjf51b"}
{"tweet_id":841810428762107904,"created_unixtime":1489538220955,"created_time":"Wed Mar 15 00:37:00 +0000 2017","lang":"en","displayname":"elisa_cx","time_zone":"","msg":"It makes me really happy seeing things like this because all pets no matter how nonexotic they are deserve prope… https//tco/mLHaNukqAf"}
{"tweet_id":841810429168951296,"created_unixtime":1489538221052,"created_time":"Wed Mar 15 00:37:01 +0000 2017","lang":"en","displayname":"groovyyvette","time_zone":"Pacific Time (US & Canada)","msg":"RT AOIIWrightState Happy Pi Day from Alpha Omicron Pi ❤ https//tco/x9CZagtRw5"}
{"tweet_id":841810429097598976,"created_unixtime":1489538221035,"created_time":"Wed Mar 15 00:37:01 +0000 2017","lang":"en","displayname":"Smile4Tae","time_zone":"Pacific Time (US & Canada)","msg":"RT cliffordsshug If youre ever feeling sad just remember that this video exists https//tco/HjEMGrNXhB"}
{"tweet_id":841810430184034304,"created_unixtime":1489538221294,"created_time":"Wed Mar 15 00:37:01 +0000 2017","lang":"en","displayname":"megggannnnn","time_zone":"","msg":"RT aretheyIoyals when youre extra happy and life is going great for u and ur skin is clear and nothing makes u sad and u feel loved http…"}
{"tweet_id":841810429747826690,"created_unixtime":1489538221190,"created_time":"Wed Mar 15 00:37:01 +0000 2017","lang":"en","displayname":"NiftyThriftyCo","time_zone":"Eastern Time (US & Canada)","msg":"MomItForward a6 food makes me sooo happy my fav is avocado and chips gno AvoHappiness"}
{"tweet_id":841810430364270592,"created_unixtime":1489538221337,"created_time":"Wed Mar 15 00:37:01 +0000 2017","lang":"en","displayname":"MohdAshraaf27","time_zone":"Kuala Lumpur","msg":"RT preaching if youre happy with someone forget about what everyone else says"}
{"tweet_id":841810428799930368,"created_unixtime":1489538220964,"created_time":"Wed Mar 15 00:37:00 +0000 2017","lang":"en","displayname":"kenzieb0314","time_zone":"","msg":"RT brownsierra94 Happy Birthday Kenzie Im so glade I got to spend spring break with you kenzieb0314 https//tco/2AKZnMM7cM"}
{"tweet_id":841810429345128450,"created_unixtime":1489538221094,"created_time":"Wed Mar 15 00:37:01 +0000 2017","lang":"en","displayname":"syafiQahzalfa","time_zone":"","msg":"RT NadiaSyafiqahNN thank you apah 😘😘 https//tco/iFciOdDyy6"}
{"tweet_id":841810430356017152,"created_unixtime":1489538221335,"created_time":"Wed Mar 15 00:37:01 +0000 2017","lang":"en","displayname":"emilyblethen_","time_zone":"Atlantic Time (Canada)","msg":"Happy 18th💗💗 hope it was fab maddie you deserve it Ily🔞💜 Maddie_Cleary89"}
{"tweet_id":841810429101916160,"created_unixtime":1489538221036,"created_time":"Wed Mar 15 00:37:01 +0000 2017","lang":"en","displayname":"_c_a_r_a___","time_zone":"Atlantic Time (Canada)","msg":"RT viennakendall Want to be happy Go after what you want love yourself and live a life youre proud of"}
{"tweet_id":841810429928067072,"created_unixtime":1489538221233,"created_time":"Wed Mar 15 00:37:01 +0000 2017","lang":"en","displayname":"divinanna_","time_zone":"Alaska","msg":"RT PoeticalIylost Sometimes the best way to be happy is to learn to let go of things you tried hard to hold on to that are no longer good…"}
{"tweet_id":841810429236150273,"created_unixtime":1489538221068,"created_time":"Wed Mar 15 00:37:01 +0000 2017","lang":"en","displayname":"Itskaylaa7","time_zone":"Central Time (US & Canada)","msg":"love this https//tco/tlUWNqz85m"}
{"tweet_id":841810429827518466,"created_unixtime":1489538221209,"created_time":"Wed Mar 15 00:37:01 +0000 2017","lang":"en","displayname":"deimeke03","time_zone":"","msg":"RT TheAHL Happy PiDay hockey fans https//tco/hyA6CDVI5T"}
{"tweet_id":841810430691438593,"created_unixtime":1489538221415,"created_time":"Wed Mar 15 00:37:01 +0000 2017","lang":"tl","displayname":"NishaFan2","time_zone":"","msg":"RT AnushkaSharma Yeh hamari matching skirt dekh rahe hain aap log Maine hi Aamir ji ko gift ki thi Gift se mujhe yaad aaya Happy… "}
{"tweet_id":841810428934160384,"created_unixtime":1489538220996,"created_time":"Wed Mar 15 00:37:00 +0000 2017","lang":"en","displayname":"army_rahma","time_zone":"Pacific Time (US & Canada)","msg":"RT cliffordsshug If youre ever feeling sad just remember that this video exists https//tco/HjEMGrNXhB"}
{"tweet_id":841810431563907072,"created_unixtime":1489538221623,"created_time":"Wed Mar 15 00:37:01 +0000 2017","lang":"en","displayname":"DanskinHistory","time_zone":"","msg":"RT Shalomon2 Happy Birthday Ms Danskin🎉🎉🎉 DanskinHistory"}
{"tweet_id":841810429038993408,"created_unixtime":1489538221021,"created_time":"Wed Mar 15 00:37:01 +0000 2017","lang":"en","displayname":"ThisMamas","time_zone":"Atlantic Time (Canada)","msg":"A6 MomItForward  I have a Love/Hate with food  The Comfort foods during the winter make me happy then I ate too much AvoHappiness GNO"}
{"tweet_id":841810430683185153,"created_unixtime":1489538221413,"created_time":"Wed Mar 15 00:37:01 +0000 2017","lang":"en","displayname":"ajaaaay__","time_zone":"Eastern Time (US & Canada)","msg":"Awww😭 happy birthday pretty❤ https//tco/GkG0H8vPL9"}
{"tweet_id":841810431593308161,"created_unixtime":1489538221630,"created_time":"Wed Mar 15 00:37:01 +0000 2017","lang":"en","displayname":"Ariadne_Nunez26","time_zone":"","msg":"RT JustAGirIThing Someone When was the last time u were truly happy Me https//tco/YTSjNOreRU"}
{"tweet_id":841810431417147393,"created_unixtime":1489538221588,"created_time":"Wed Mar 15 00:37:01 +0000 2017","lang":"en","displayname":"tyuntasia","time_zone":"","msg":"RT troytheblackguy All she wanted to do was say happy birthday to her friend but twitter just couldnt let her live lmaooo https//tco/X…"}
{"tweet_id":841810431538782209,"created_unixtime":1489538221617,"created_time":"Wed Mar 15 00:37:01 +0000 2017","lang":"en","displayname":"RevoarInfo","time_zone":"Brasilia","msg":"uvv121111 DrEddyMD Xxpzz serkanTeber7 kilokeal So sad because you unfollowed Helio_Flor Wanna say why https//tco/g4cU5yc9cm"}
{"tweet_id":841810431253614594,"created_unixtime":1489538221549,"created_time":"Wed Mar 15 00:37:01 +0000 2017","lang":"en","displayname":"Kate_Schiesser1","time_zone":"","msg":"RT TheEllenShow Happy PiDay https//tco/CnXZht25DU"}
{"tweet_id":841810431702368257,"created_unixtime":1489538221656,"created_time":"Wed Mar 15 00:37:01 +0000 2017","lang":"en","displayname":"lanzuini72","time_zone":"","msg":"midnight what are they gonna call it So Happy Its Thursdays news  Use the first letter of the words before news"}
{"tweet_id":841810431526207489,"created_unixtime":1489538221614,"created_time":"Wed Mar 15 00:37:01 +0000 2017","lang":"en","displayname":"bIueguitar","time_zone":"Brasilia","msg":"SherriSaum1 a thing about Stef that you love with all your heart thefosterschat THANK U FOR SAYING HI TO MY GIRLlt3 SHES SO HAPPY ILYSM"}
{"tweet_id":841810432285270017,"created_unixtime":1489538221795,"created_time":"Wed Mar 15 00:37:01 +0000 2017","lang":"en","displayname":"DobermanPetra","time_zone":"Pacific Time (US & Canada)","msg":"HeidiStea Feeling safe and happy just looking at this😄🐶🎀✨"}
{"tweet_id":841810431391997952,"created_unixtime":1489538221582,"created_time":"Wed Mar 15 00:37:01 +0000 2017","lang":"en","displayname":"princessreneehi","time_zone":"","msg":"RT ohteenquotes Spend life with who makes you happy not with who you have to impress"}
{"tweet_id":841810432021139456,"created_unixtime":1489538221732,"created_time":"Wed Mar 15 00:37:01 +0000 2017","lang":"en","displayname":"tiasharpe21","time_zone":"","msg":"watching ncis makes me so happy  amp idk why 😭"}
{"tweet_id":841810432151056384,"created_unixtime":1489538221763,"created_time":"Wed Mar 15 00:37:01 +0000 2017","lang":"tl","displayname":"yollypungangar1","time_zone":"","msg":"RT Bebegirlee12My Salamat sir J Nakaka miss ang ISALDUBxDTBYTugOfHearts https//tco/JhPIIvwWwQ"}
{"tweet_id":841810432541130752,"created_unixtime":1489538221856,"created_time":"Wed Mar 15 00:37:01 +0000 2017","lang":"en","displayname":"ykpmarh","time_zone":"Seoul","msg":"RT offclASTRO_6 [PIC] 170315 Fantagio Official Fancafe Update Happy Birthday 아스트로 JinJjn 2HappyJinJinDay https//tco/Kkm4ikvQ5N"}
{"tweet_id":841810432205721601,"created_unixtime":1489538221776,"created_time":"Wed Mar 15 00:37:01 +0000 2017","lang":"en","displayname":"deeznanas","time_zone":"","msg":"RT leeludallas99 Im so happy for you D❤ https//tco/FxGEjOp2NC"}
{"tweet_id":841810431874342912,"created_unixtime":1489538221697,"created_time":"Wed Mar 15 00:37:01 +0000 2017","lang":"en","displayname":"slothgoth_","time_zone":"","msg":"RT VinesGot7 Happy White Day 💗 https//tco/KU4o3Urzc2"}
{"tweet_id":841810432482451457,"created_unixtime":1489538221842,"created_time":"Wed Mar 15 00:37:01 +0000 2017","lang":"en","displayname":"kk23nie","time_zone":"","msg":"kriscine6513 happy birthday Cineng 😘"}
{"tweet_id":841810429940776960,"created_unixtime":1489538221236,"created_time":"Wed Mar 15 00:37:01 +0000 2017","lang":"en","displayname":"xXJoseph2014Xx","time_zone":"Central Time (US & Canada)","msg":"RT WWERetweeting If youre happy to see The Miz RT this SDLive WWERetweeting wwe"}
{"tweet_id":841810431488495617,"created_unixtime":1489538221605,"created_time":"Wed Mar 15 00:37:01 +0000 2017","lang":"en","displayname":"whensmyvacation","time_zone":"","msg":"A6 Crunchy fruits and veggies make me happy I LOVE fresh fruit AvoHappiness GNO"}
{"tweet_id":841810430108475392,"created_unixtime":1489538221276,"created_time":"Wed Mar 15 00:37:01 +0000 2017","lang":"ja","displayname":"paradaisumax777","time_zone":"","msg":"RT umimarulove happy berth  day  海未一緒に喜びたいやつRT https//tco/FtbxmalSQz"}
{"tweet_id":841810433312940032,"created_unixtime":1489538222040,"created_time":"Wed Mar 15 00:37:02 +0000 2017","lang":"en","displayname":"mexjenner","time_zone":"","msg":"RT soIute sometimes the best way to be happy is to learn to let go of things you tried hard to hold on to that are no longer good for you"}
{"tweet_id":841810433468071936,"created_unixtime":1489538222077,"created_time":"Wed Mar 15 00:37:02 +0000 2017","lang":"ja","displayname":"mosan353829","time_zone":"","msg":"RT tsukiuta1 ☆Happy White Day⑤☆陽「いっつも、愛をありがとね☆ちゃ〜んと届いてるよ！大好き♪」夜「やれやれ…陽が調子に乗る日です（笑）。でも、皆さんの応援を感じているのは俺も同じです。ありがとうございます！」※DLOK… "}
{"tweet_id":841810433543553025,"created_unixtime":1489538222095,"created_time":"Wed Mar 15 00:37:02 +0000 2017","lang":"ja","displayname":"runo_ly2","time_zone":"","msg":"森岡さんHappy Birthday♪絶対忘れないよまたお会いしましょう…"}
{"tweet_id":841810433468190720,"created_unixtime":1489538222077,"created_time":"Wed Mar 15 00:37:02 +0000 2017","lang":"en","displayname":"__ShesCharming","time_zone":"Central Time (US & Canada)","msg":"Why do dudes think you finna be sad over them forever No imma move on 😂✌🏽"}
{"tweet_id":841810433916903424,"created_unixtime":1489538222184,"created_time":"Wed Mar 15 00:37:02 +0000 2017","lang":"en","displayname":"Im_selfless","time_zone":"Beijing","msg":"RT ShutangInaDre Pretending to be happy is never easy"}
{"tweet_id":841810434076352513,"created_unixtime":1489538222222,"created_time":"Wed Mar 15 00:37:02 +0000 2017","lang":"en","displayname":"MS_Waltner","time_zone":"","msg":"RT ramblingsloa “I do not exist to impress the worldI exist to live my life in a way that will make me happy ”― Richard Bach"}
{"tweet_id":841810434034417664,"created_unixtime":1489538222212,"created_time":"Wed Mar 15 00:37:02 +0000 2017","lang":"en","displayname":"BaileyMcKinley_","time_zone":"","msg":"RT PoeticalIylost Sometimes the best way to be happy is to learn to let go of things you tried hard to hold on to that are no longer good…"}
{"tweet_id":841810434080542721,"created_unixtime":1489538222223,"created_time":"Wed Mar 15 00:37:02 +0000 2017","lang":"en","displayname":"CatLadyFierce","time_zone":"","msg":"realDonaldTrump Taking credit for something you had nothing to do with is almost as bad as the stream of LIES LIES LIES Sad"}
{"tweet_id":841810434592264193,"created_unixtime":1489538222345,"created_time":"Wed Mar 15 00:37:02 +0000 2017","lang":"en","displayname":"sumsumsuma","time_zone":"","msg":"RT NatureNPS This is what happens when you have a building full of scientists and a laser👨🏽‍🔬👩🏾‍🔬⚡️3️⃣1️⃣4️⃣ Happy PiDay https//tco…"}
{"tweet_id":841810435242250240,"created_unixtime":1489538222500,"created_time":"Wed Mar 15 00:37:02 +0000 2017","lang":"en","displayname":"CynthiaCozzo","time_zone":"","msg":"RT RWPUSA Another White House ethics complaint from our team at CREW  Sad https//tco/jm2kvIUMhH"}
{"tweet_id":841810434621636608,"created_unixtime":1489538222352,"created_time":"Wed Mar 15 00:37:02 +0000 2017","lang":"en","displayname":"_scribblezz","time_zone":"","msg":"RT alexaiono My happy place☺ https//tco/pgetrNhVIp"}
{"tweet_id":841810434441240580,"created_unixtime":1489538222309,"created_time":"Wed Mar 15 00:37:02 +0000 2017","lang":"en","displayname":"godricslauren","time_zone":"Madrid","msg":"RT flirshyluthor Kara and Lena Supercorp  Happy little pill https//tco/r9r79HsSHx"}
{"tweet_id":841810435686842368,"created_unixtime":1489538222606,"created_time":"Wed Mar 15 00:37:02 +0000 2017","lang":"en","displayname":"rish_ella","time_zone":"","msg":"RT PBBKAHOUSE I cried I was sad I was guilty I was everything Edward MBMayWard"}
{"tweet_id":841810435368210434,"created_unixtime":1489538222530,"created_time":"Wed Mar 15 00:37:02 +0000 2017","lang":"en","displayname":"_OneAndOnly__","time_zone":"Mountain Time (US & Canada)","msg":"RT D_Deji28 Do you guys know why he was killed A girl lied that he raped her and her brother shot him dead https//tco/IWDVDZp3rz"}
{"tweet_id":841810435573727233,"created_unixtime":1489538222579,"created_time":"Wed Mar 15 00:37:02 +0000 2017","lang":"en","displayname":"DrTEHolmes","time_zone":"","msg":"Happy Cotton Anniversary to an amazing couple  Love you both so much  A beautiful wedding and a beautiful life amp forever together"}
{"tweet_id":841810435812732928,"created_unixtime":1489538222636,"created_time":"Wed Mar 15 00:37:02 +0000 2017","lang":"en","displayname":"jackstillfly","time_zone":"Pacific Time (US & Canada)","msg":"RT carlytyrell Happy international womans day Here are some of my favourite live shots with the gals going in hard https//tco/mMzKROu…"}
{"tweet_id":841810435661733889,"created_unixtime":1489538222600,"created_time":"Wed Mar 15 00:37:02 +0000 2017","lang":"ja","displayname":"tm_jzx","time_zone":"","msg":"RT MONSTER3170 Happy Birthday 海未！園田海未生誕祭2017 RTした人全員フォローする https//tco/WsGIEWuLe2"}
{"tweet_id":841810435863113728,"created_unixtime":1489538222648,"created_time":"Wed Mar 15 00:37:02 +0000 2017","lang":"en","displayname":"vancolley","time_zone":"Eastern Time (US & Canada)","msg":"RT Barryfran1 AllWaltrip vancolley when you are around happy people they make you happy 😊"}
{"tweet_id":841810436282437632,"created_unixtime":1489538222748,"created_time":"Wed Mar 15 00:37:02 +0000 2017","lang":"ko","displayname":"chanivee","time_zone":"","msg":"RT offclASTRO Happy birthday to you~ 진진형 22번째 생일을진심으로 축하해요🎉🎉 착하고 장난도 잘받아주고 리더쉽있는ㅎㅎ진진형 귀염댕이 아스트로 잘부탁드려요생일선물 나 HappyJINJINDay https//…"}
{"tweet_id":841810435678584833,"created_unixtime":1489538222604,"created_time":"Wed Mar 15 00:37:02 +0000 2017","lang":"en","displayname":"cremekake0330","time_zone":"Atlantic Time (Canada)","msg":"BQQuinn HAPPY BIRTHDAY Q"}
{"tweet_id":841810436601335810,"created_unixtime":1489538222824,"created_time":"Wed Mar 15 00:37:02 +0000 2017","lang":"en","displayname":"JayAndreas","time_zone":"London","msg":"RT Avs_Chanel I love this guy so much JayAndreas Happy Birthday hunnie even though Im sick we still gonna turn all the way up 💜😂😘💫✨"}
{"tweet_id":841810435619885057,"created_unixtime":1489538222590,"created_time":"Wed Mar 15 00:37:02 +0000 2017","lang":"en","displayname":"Paula2Christine","time_zone":"Central Time (US & Canada)","msg":"So happy"}
{"tweet_id":841810436953522177,"created_unixtime":1489538222908,"created_time":"Wed Mar 15 00:37:02 +0000 2017","lang":"en","displayname":"Marizbabyy","time_zone":"Pacific Time (US & Canada)","msg":"RT NBAcom Happy 29th Birthday StephenCurry30 Celebrate w/some of his best plays from this season… "}
{"tweet_id":841810437272301568,"created_unixtime":1489538222984,"created_time":"Wed Mar 15 00:37:02 +0000 2017","lang":"en","displayname":"RadenOnParades","time_zone":"","msg":"Its the end but Im still so happy ❤️❤️😭"}
{"tweet_id":841810436974641153,"created_unixtime":1489538222913,"created_time":"Wed Mar 15 00:37:02 +0000 2017","lang":"en","displayname":"jaydduuhh","time_zone":"","msg":"RT mayamilann 🤦🏾‍♀️ and some happy weightthats all https//tco/RsDUKMcfq0"}
{"tweet_id":841810437641515009,"created_unixtime":1489538223072,"created_time":"Wed Mar 15 00:37:03 +0000 2017","lang":"en","displayname":"Itskaylaa7","time_zone":"Central Time (US & Canada)","msg":"RT BdotAdot5 Happy Birthday Brudder ✊🏽💯 StephenCurry30 https//tco/fxunT808HC"}
{"tweet_id":841810437956026368,"created_unixtime":1489538223147,"created_time":"Wed Mar 15 00:37:03 +0000 2017","lang":"en","displayname":"maichard161","time_zone":"","msg":"RT ALDUBNATIONNCR Prayer is powerful its amazing what it can do Always stay happy at all timesRT amp spread love worldwide🌻🌻🌻… "}
{"tweet_id":841810437536677888,"created_unixtime":1489538223047,"created_time":"Wed Mar 15 00:37:03 +0000 2017","lang":"en","displayname":"AvosfromMexico","time_zone":"Pacific Time (US & Canada)","msg":"Junior_2802 There should be more people as happy as you Share your AvoHappiness https//tco/8px885pATe"}
{"tweet_id":841810437444378624,"created_unixtime":1489538223025,"created_time":"Wed Mar 15 00:37:03 +0000 2017","lang":"en","displayname":"AvosfromMexico","time_zone":"Pacific Time (US & Canada)","msg":"taverasj_15 There should be more people as happy as you Share your AvoHappiness https//tco/8px885pATe"}
{"tweet_id":841810437905764353,"created_unixtime":1489538223135,"created_time":"Wed Mar 15 00:37:03 +0000 2017","lang":"en","displayname":"H_Bahrinia","time_zone":"Baghdad","msg":"RT Rafaholics Nadal “I played a good match no Very aggressive with my serve serving well hitting good forehands good backha… "}
{"tweet_id":841810438270652416,"created_unixtime":1489538223222,"created_time":"Wed Mar 15 00:37:03 +0000 2017","lang":"en","displayname":"lecithinfalls","time_zone":"Central Time (US & Canada)","msg":"RogueCPI false happy alarm"}
{"tweet_id":841810431391997952,"created_unixtime":1489538221582,"created_time":"Wed Mar 15 00:37:01 +0000 2017","lang":"en","displayname":"princessreneehi","time_zone":"","msg":"RT ohteenquotes Spend life with who makes you happy not with who you have to impress"}
{"tweet_id":841810437977042944,"created_unixtime":1489538223152,"created_time":"Wed Mar 15 00:37:03 +0000 2017","lang":"en","displayname":"aggmh","time_zone":"Central Time (US & Canada)","msg":"Exactly https//tco/YL20dWYh5e"}
{"tweet_id":841810438769778691,"created_unixtime":1489538223341,"created_time":"Wed Mar 15 00:37:03 +0000 2017","lang":"en","displayname":"monleayturralde","time_zone":"Alaska","msg":"Hes singing sad songs againwhy baby Inspirits are always behind youwell stand by your side always wowwh"}
{"tweet_id":841810437897359360,"created_unixtime":1489538223133,"created_time":"Wed Mar 15 00:37:03 +0000 2017","lang":"en","displayname":"SimpleJak_","time_zone":"","msg":"RT zachbraff Happy Birthday edsheeran  Too bad Kit was too worried about Winter coming to make out with us https//tco/n776VZhSTA"}
{"tweet_id":841810439289810944,"created_unixtime":1489538223465,"created_time":"Wed Mar 15 00:37:03 +0000 2017","lang":"en","displayname":"Dhyasmine","time_zone":"Alaska","msg":"RT 9GAG Face Youre uglyBody Youre fatBrain Youre stupidLife You suckFood Come here babe youll be happy with me"}
{"tweet_id":841810439029710848,"created_unixtime":1489538223403,"created_time":"Wed Mar 15 00:37:03 +0000 2017","lang":"ja","displayname":"GgWIoAAR5sPvUyf","time_zone":"","msg":"RT lovelive_kot うみちゃーん♡Happy Birthdayヽ〃･ω･ﾉ☆ﾟ’･☆ラブアローシュート♡♡これからも大好きだよ♡園田海未生誕祭2017 園田海未好きな人RT RTした人全員フォローする… "}
{"tweet_id":841810439214370816,"created_unixtime":1489538223447,"created_time":"Wed Mar 15 00:37:03 +0000 2017","lang":"en","displayname":"__katebowman","time_zone":"","msg":"Im so happy _Kate_Donoghue has an iPhone again and I get too see her 100 second stories everyday 🙃"}
{"tweet_id":841810439277182977,"created_unixtime":1489538223462,"created_time":"Wed Mar 15 00:37:03 +0000 2017","lang":"ja","displayname":"letta_uthr","time_zone":"","msg":"キャンさんHappy Birthday☆｡ﾟ今日はなんとしてもキャンさんに癒されたいので急いで帰る！ いつも潤してくれてありがとうヽ´ー｀ノ"}
{"tweet_id":841810435917647873,"created_unixtime":1489538222661,"created_time":"Wed Mar 15 00:37:02 +0000 2017","lang":"en","displayname":"kristen8lewis","time_zone":"Atlantic Time (Canada)","msg":"cjalto333 happy birthday https//tco/uo0LIxxb3B"}
{"tweet_id":841810439839264768,"created_unixtime":1489538223596,"created_time":"Wed Mar 15 00:37:03 +0000 2017","lang":"ja","displayname":"fieldoor1","time_zone":"Tokyo","msg":"Sad苦"}
{"tweet_id":841810439382151170,"created_unixtime":1489538223487,"created_time":"Wed Mar 15 00:37:03 +0000 2017","lang":"en","displayname":"loy_cia","time_zone":"","msg":"RT 30secondsofmcr Happy birthday to the incredible James Dewees 💥 https//tco/f2h5gXAC3h"}
{"tweet_id":841810439801454596,"created_unixtime":1489538223587,"created_time":"Wed Mar 15 00:37:03 +0000 2017","lang":"en","displayname":"anne2queen","time_zone":"","msg":"RT PBBKAHOUSE I cried I was sad I was guilty I was everything Edward MBMayWard"}
{"tweet_id":841810439977615360,"created_unixtime":1489538223629,"created_time":"Wed Mar 15 00:37:03 +0000 2017","lang":"en","displayname":"_mushell_","time_zone":"","msg":"RT PeachMeadows only miserable people are bullys amp thats a fact no one who is happy ever has the urge to bring others down remember t…"}
{"tweet_id":841810440959156224,"created_unixtime":1489538223863,"created_time":"Wed Mar 15 00:37:03 +0000 2017","lang":"en","displayname":"Youngsta_5","time_zone":"","msg":"RT nyqueshhaa Life is too short to be anything but happy 💯☺️"}
{"tweet_id":841810440971722752,"created_unixtime":1489538223866,"created_time":"Wed Mar 15 00:37:03 +0000 2017","lang":"en","displayname":"Nayelicz17","time_zone":"","msg":"MadNile Happy Birthday Emad🎉"}
{"tweet_id":841810441290506240,"created_unixtime":1489538223942,"created_time":"Wed Mar 15 00:37:03 +0000 2017","lang":"en","displayname":"aliciaghaider","time_zone":"","msg":"RT SincerelyTumblr So annoying when ppl are like ur always laughin U laugh at everything Its not that funny like OK sorry Im a hap…"}
{"tweet_id":841810441160531968,"created_unixtime":1489538223911,"created_time":"Wed Mar 15 00:37:03 +0000 2017","lang":"en","displayname":"Hannah_hayes577","time_zone":"","msg":"RT soIute sometimes the best way to be happy is to learn to let go of things you tried hard to hold on to that are no longer good for you"}
{"tweet_id":841810440875319296,"created_unixtime":1489538223843,"created_time":"Wed Mar 15 00:37:03 +0000 2017","lang":"es","displayname":"OhHiTiffany","time_zone":"Central Time (US & Canada)","msg":"Esas tus tapas 3 semanas que no ibas 😂 https//tco/lXvNIlfuMt"}
{"tweet_id":841810441344962560,"created_unixtime":1489538223955,"created_time":"Wed Mar 15 00:37:03 +0000 2017","lang":"und","displayname":"coenclemente","time_zone":"Hawaii","msg":"RT Fxshion2Society No https//tco/rBiwWklCeb"}
{"tweet_id":841810440875323392,"created_unixtime":1489538223843,"created_time":"Wed Mar 15 00:37:03 +0000 2017","lang":"en","displayname":"AvosfromMexico","time_zone":"Pacific Time (US & Canada)","msg":"leesakistler There should be more people as happy as you Share your AvoHappiness https//tco/8px885pATe"}
{"tweet_id":841810440405540864,"created_unixtime":1489538223731,"created_time":"Wed Mar 15 00:37:03 +0000 2017","lang":"en","displayname":"Madilason","time_zone":"Eastern Time (US & Canada)","msg":"RT hidden saying im tired when youre actually sad"}
{"tweet_id":841810441919696897,"created_unixtime":1489538224092,"created_time":"Wed Mar 15 00:37:04 +0000 2017","lang":"en","displayname":"treyarmbrecht","time_zone":"Eastern Time (US & Canada)","msg":"if youre sad for whatever reason just remember that theres allllways someone out there that has it worse than you"}
{"tweet_id":841810442343268352,"created_unixtime":1489538224193,"created_time":"Wed Mar 15 00:37:04 +0000 2017","lang":"en","displayname":"shaenicole__","time_zone":"","msg":"RT insecuring IF HE HAS A GIRLFRIEND THAT MEANS LEAVE HIM ALONE DONT TEXT HIM DONT CALL HIM  DONT HIT HIM UP GO GET YOUR OWN MAN AND L…"}
{"tweet_id":841810442037133312,"created_unixtime":1489538224120,"created_time":"Wed Mar 15 00:37:04 +0000 2017","lang":"en","displayname":"stilesys","time_zone":"","msg":"RT deeplyobriens she finally has someone who makes her happy treats her right and loves her more than anything in the world and she… "}
{"tweet_id":841810442787921923,"created_unixtime":1489538224299,"created_time":"Wed Mar 15 00:37:04 +0000 2017","lang":"en","displayname":"RAPublishing","time_zone":"Eastern Time (US & Canada)","msg":"This is not your parents’ Neverland and Peter Pan is not a happygolucky leader looking out for the welfare of https//tco/nSSDF89Nou"}
{"tweet_id":841810442938920960,"created_unixtime":1489538224335,"created_time":"Wed Mar 15 00:37:04 +0000 2017","lang":"in","displayname":"ayang_sheeda","time_zone":"","msg":"Bile tau pasal n terus mak yang nya happy sangat[呲牙][呲牙] https//tco/G2dslPihSc"}
{"tweet_id":841810442976677888,"created_unixtime":1489538224344,"created_time":"Wed Mar 15 00:37:04 +0000 2017","lang":"en","displayname":"__teaaaaa","time_zone":"Central Time (US & Canada)","msg":"RT D_Deji28 Do you guys know why he was killed A girl lied that he raped her and her brother shot him dead https//tco/IWDVDZp3rz"}
{"tweet_id":841810443119263744,"created_unixtime":1489538224378,"created_time":"Wed Mar 15 00:37:04 +0000 2017","lang":"en","displayname":"mickeysbrows","time_zone":"","msg":"RT mickeysnoel mickey and ian are still in contact and trevor aint too happy 👀 https//tco/onTdHU9YQE"}
{"tweet_id":841810442913763328,"created_unixtime":1489538224329,"created_time":"Wed Mar 15 00:37:04 +0000 2017","lang":"en","displayname":"HaukisRnD","time_zone":"Athens","msg":"two beers in sentimental drunk sad"}
{"tweet_id":841810443131879424,"created_unixtime":1489538224381,"created_time":"Wed Mar 15 00:37:04 +0000 2017","lang":"en","displayname":"ritaOHIO1","time_zone":"","msg":"RT JoyNBR Love Im so happy that exists a lot of Photos amp videos to show me how beautiful youre since always GeorgeMichael https//tco…"}
{"tweet_id":841810443479982080,"created_unixtime":1489538224464,"created_time":"Wed Mar 15 00:37:04 +0000 2017","lang":"en","displayname":"DHecei","time_zone":"Pacific Time (US & Canada)","msg":"RT RealJamesWoods Exactly https//tco/8crp4k0ggY"}
{"tweet_id":841810443853279233,"created_unixtime":1489538224553,"created_time":"Wed Mar 15 00:37:04 +0000 2017","lang":"en","displayname":"paigeeoo","time_zone":"Helsinki","msg":"RT Simone_Biles thanks ellie 😘 kill it this year https//tco/D5PiGvPJcR"}
{"tweet_id":841810443182182400,"created_unixtime":1489538224393,"created_time":"Wed Mar 15 00:37:04 +0000 2017","lang":"en","displayname":"linsteadnjh","time_zone":"","msg":"Happy ThatcherTuesday Hearties by Lori_P22 erinkrakow https//tco/DgsCjOJLMC"}
{"tweet_id":841810443031195648,"created_unixtime":1489538224357,"created_time":"Wed Mar 15 00:37:04 +0000 2017","lang":"en","displayname":"ranigill7","time_zone":"Casablanca","msg":"manisingh2010 GOODMORNING FRIENDSSTAY BLESSED AND HAPPY  WEDNESDAYKEEP SMILINGSTAY COOL N CALMGBU https//tco/yN90z1wszk"}
{"tweet_id":841810444184608771,"created_unixtime":1489538224632,"created_time":"Wed Mar 15 00:37:04 +0000 2017","lang":"en","displayname":"emma_hidy","time_zone":"Mountain Time (US & Canada)","msg":"RT truTVjokers Hey Buckaroo How are you Lets hear it for our man Q HAPPY BIRTHDAY BQQuinn https//tco/OnmW2FybLZ"}
{"tweet_id":841810444654411777,"created_unixtime":1489538224744,"created_time":"Wed Mar 15 00:37:04 +0000 2017","lang":"en","displayname":"PattiMcGlone","time_zone":"Eastern Time (US & Canada)","msg":"RT Simone_Biles happy birthday to all the march 14th babies  🖤"}
{"tweet_id":841810444868186114,"created_unixtime":1489538224795,"created_time":"Wed Mar 15 00:37:04 +0000 2017","lang":"ja","displayname":"kuro2_kaori","time_zone":"","msg":"RT tsukiuta1 ☆Happy White Day⑤☆陽「いっつも、愛をありがとね☆ちゃ〜んと届いてるよ！大好き♪」夜「やれやれ…陽が調子に乗る日です（笑）。でも、皆さんの応援を感じているのは俺も同じです。ありがとうございます！」※DLOK… "}
