{"tweet_id":841810642445205504,"created_unixtime":1489538271901,"created_time":"Wed Mar 15 00:37:51 +0000 2017","lang":"en","displayname":"Smash3FrmDT_","time_zone":"Eastern Time (US & Canada)","msg":"Happy as hell ion got school 2mm regardless 😭😭"}
{"tweet_id":841810642495524865,"created_unixtime":1489538271913,"created_time":"Wed Mar 15 00:37:51 +0000 2017","lang":"en","displayname":"killahmamajama","time_zone":"Central Time (US & Canada)","msg":"HalfOnionInABag imagin8ion Nope mine is still in tact But I havent any 🍿 SAD"}
{"tweet_id":841810642982076416,"created_unixtime":1489538272029,"created_time":"Wed Mar 15 00:37:52 +0000 2017","lang":"en","displayname":"NevarezJaz","time_zone":"Eastern Time (US & Canada)","msg":"RT rodriguezabby_ NevarezJaz happy birthday jaz 💅🏿🎉🎈"}
{"tweet_id":841810641920917505,"created_unixtime":1489538271776,"created_time":"Wed Mar 15 00:37:51 +0000 2017","lang":"en","displayname":"Kenzie_Brown101","time_zone":"","msg":"Happy birthday to the person that change☺️☺️mentally 😂😂😂😂😂😚😍😍😍 https//tco/Wvwtft5KYv"}
{"tweet_id":841810643380539392,"created_unixtime":1489538272124,"created_time":"Wed Mar 15 00:37:52 +0000 2017","lang":"en","displayname":"skylarpierce18","time_zone":"","msg":"RT kerrionF4 Happy birthday syrup buddy AKA SKYLAR HOPE youve had a good day 💪🏾💪🏾💪🏾 https//tco/FAflBPQKTr"}
{"tweet_id":841810644131172352,"created_unixtime":1489538272303,"created_time":"Wed Mar 15 00:37:52 +0000 2017","lang":"en","displayname":"xdelmar59","time_zone":"Pacific Time (US & Canada)","msg":"But youll take the time to Tweet about it Dumbass https//tco/8ULdWSnBB8"}
{"tweet_id":841810644177457152,"created_unixtime":1489538272314,"created_time":"Wed Mar 15 00:37:52 +0000 2017","lang":"en","displayname":"Steven202010","time_zone":"","msg":"chicagotheband Happy Birthday Walt"}
{"tweet_id":841810644156465152,"created_unixtime":1489538272309,"created_time":"Wed Mar 15 00:37:52 +0000 2017","lang":"en","displayname":"NelsonCarterJr","time_zone":"Paris","msg":"RT Olympics gymnastics  phenomenal domination of nadiacomaneci10 and Simone_Biles  Happy birthday Simone https//tco/NuvULbB8JI"}
{"tweet_id":841810644370354176,"created_unixtime":1489538272360,"created_time":"Wed Mar 15 00:37:52 +0000 2017","lang":"en","displayname":"nay_babesx3","time_zone":"Eastern Time (US & Canada)","msg":"Jaaaaayyyyyy ❤️❤️❤️❤️❤️ lorddddddd am I happy to see youuuuu JohnWesleyShipp TheFlash"}
{"tweet_id":841810644684935168,"created_unixtime":1489538272435,"created_time":"Wed Mar 15 00:37:52 +0000 2017","lang":"en","displayname":"LaoShanLong","time_zone":"","msg":"RT Sargon_of_Akkad How much do you think those 2 minutes cost you in dollars Im happy to refund you since its an issue for you http…"}
{"tweet_id":841810643955113985,"created_unixtime":1489538272261,"created_time":"Wed Mar 15 00:37:52 +0000 2017","lang":"en","displayname":"jclanoe","time_zone":"London","msg":"His name is Michael Caine Happy birthday Monsieur Real name Maurice Joseph Micklewhite Maurice hey 84 today https//tco/we2BD0wh8N"}
{"tweet_id":841810645070819328,"created_unixtime":1489538272527,"created_time":"Wed Mar 15 00:37:52 +0000 2017","lang":"en","displayname":"casualhalle","time_zone":"","msg":"RT Sylvieamx Pisces is playful friendly carefree romantic happy charming smart creative easygoing fun open minded and mysterio…"}
{"tweet_id":841810645209219072,"created_unixtime":1489538272560,"created_time":"Wed Mar 15 00:37:52 +0000 2017","lang":"en","displayname":"amarilisparra","time_zone":"","msg":"RT ImagineErotica Never settle for anyone who isnt absolutely insanely amp foolishly happy to be with you"}
{"tweet_id":841810645167276033,"created_unixtime":1489538272550,"created_time":"Wed Mar 15 00:37:52 +0000 2017","lang":"en","displayname":"dave31_sam","time_zone":"Pacific Time (US & Canada)","msg":"RT RealHopeInie Happy birthday boss mazi EMEKA gift god bless u amen EmekaGift"}
{"tweet_id":841810645431406592,"created_unixtime":1489538272613,"created_time":"Wed Mar 15 00:37:52 +0000 2017","lang":"en","displayname":"GoSnackGo","time_zone":"","msg":"PartyPrat Oh my god he looks so happy in his lil hoodie"}
{"tweet_id":841810645511221248,"created_unixtime":1489538272632,"created_time":"Wed Mar 15 00:37:52 +0000 2017","lang":"und","displayname":"nosodslona","time_zone":"","msg":"Smaracu vas sutra jer sad idem da spavam nastavice se"}
{"tweet_id":841810645670490112,"created_unixtime":1489538272670,"created_time":"Wed Mar 15 00:37:52 +0000 2017","lang":"ja","displayname":"himariloves","time_zone":"Pacific Time (US & Canada)","msg":"´_●｀  100リフォローします。refollowjp happy picoftheday photooftheday"}
{"tweet_id":841810645221818369,"created_unixtime":1489538272563,"created_time":"Wed Mar 15 00:37:52 +0000 2017","lang":"en","displayname":"boxofhamsters","time_zone":"America/New_York","msg":"twinkle is a fucked up song to listen to when ur sad because it will only make u sadder"}
{"tweet_id":841810645800558592,"created_unixtime":1489538272701,"created_time":"Wed Mar 15 00:37:52 +0000 2017","lang":"en","displayname":"dddarado","time_zone":"Bangkok","msg":"RT BAPdomination my shining star all i want is for you to be Healthy amp Happy pls take care no need to hurry back well be here waiti… "}
{"tweet_id":841810645616082948,"created_unixtime":1489538272657,"created_time":"Wed Mar 15 00:37:52 +0000 2017","lang":"en","displayname":"dailydigger","time_zone":"Pacific Time (US & Canada)","msg":"HAPPY BORNDAY Q oneofmyfewheroes https//tco/r97FtUv9sp"}
{"tweet_id":841810645200830464,"created_unixtime":1489538272558,"created_time":"Wed Mar 15 00:37:52 +0000 2017","lang":"en","displayname":"louisdenton93","time_zone":"","msg":"RT D_Deji28 Do you guys know why he was killed A girl lied that he raped her and her brother shot him dead https//tco/IWDVDZp3rz"}
{"tweet_id":841810647050530816,"created_unixtime":1489538272999,"created_time":"Wed Mar 15 00:37:52 +0000 2017","lang":"en","displayname":"SuperAzura","time_zone":"Pacific Time (US & Canada)","msg":"I was sad when JonTron left Game Grumps but I guess they dodged a bullet"}
{"tweet_id":841810647683801089,"created_unixtime":1489538273150,"created_time":"Wed Mar 15 00:37:53 +0000 2017","lang":"en","displayname":"six1__2one","time_zone":"","msg":"RT kjdpics HAPPY BABY https//tco/9huZ4Bs8jy"}
{"tweet_id":841810646241026052,"created_unixtime":1489538272806,"created_time":"Wed Mar 15 00:37:52 +0000 2017","lang":"tr","displayname":"m3655_m","time_zone":"","msg":"RT Hakyolislamm Tevbesiz ibadet sahih olmaz Caferi Sadık ks"}
{"tweet_id":841810647444783110,"created_unixtime":1489538273093,"created_time":"Wed Mar 15 00:37:53 +0000 2017","lang":"en","displayname":"NelebZap","time_zone":"Atlantic Time (Canada)","msg":"offclASTRO  HAPPY BIRTHDAY JIN JIN 😍😍😍😍🎊🎉🎊🎉🎊 THE BEST LEADEEER I LOVE YOU SO MUCH 🎆🎆🎊🎉"}
{"tweet_id":841810646438182912,"created_unixtime":1489538272853,"created_time":"Wed Mar 15 00:37:52 +0000 2017","lang":"en","displayname":"TheScarOfJ","time_zone":"Central Time (US & Canada)","msg":"Happy TOOLsday 🤘🔧 https//tco/2zmc0WHtA1"}
{"tweet_id":841810646199107585,"created_unixtime":1489538272796,"created_time":"Wed Mar 15 00:37:52 +0000 2017","lang":"en","displayname":"mugencosmic","time_zone":"","msg":"RT Amadeus46Art Its 3/14 today Happy opPi day https//tco/ohQOG9KGZx"}
{"tweet_id":841810647612551169,"created_unixtime":1489538273133,"created_time":"Wed Mar 15 00:37:53 +0000 2017","lang":"en","displayname":"devonvazquezz","time_zone":"","msg":"I googled how long golden retrievers live and it said 1012 years and Im really fucking sad now cause my dog is 10 years old 😿😿😿😿😿😿"}
{"tweet_id":841810647511887872,"created_unixtime":1489538273109,"created_time":"Wed Mar 15 00:37:53 +0000 2017","lang":"en","displayname":"bIueguitar","time_zone":"Brasilia","msg":"SherriSaum1 a thing about Stef that you love with all your heart thefosterschat THANK U FOR SAYING HI TO MY GIRL SHES SO HAPPY lt3 o"}
{"tweet_id":841810645561438209,"created_unixtime":1489538272644,"created_time":"Wed Mar 15 00:37:52 +0000 2017","lang":"en","displayname":"HorridPineapple","time_zone":"Pacific Time (US & Canada)","msg":"Finally got this and Im so happy 😭💕 KathleenLights1 ColourPopCo https//tco/Ay5QIZEero"}
{"tweet_id":841810648640061440,"created_unixtime":1489538273378,"created_time":"Wed Mar 15 00:37:53 +0000 2017","lang":"en","displayname":"JadineLovee","time_zone":"","msg":"RT WeLoveJaDine Happy third Anniversary JaDineLand 💜LetOurPurpleHeartsShineAt3 EL"}
{"tweet_id":841810648375926784,"created_unixtime":1489538273315,"created_time":"Wed Mar 15 00:37:53 +0000 2017","lang":"en","displayname":"achankiir","time_zone":"","msg":"RT CultureFUBU Happy Birthday Merlin SantanaRIP https//tco/0K4quO4M5g"}
{"tweet_id":841810648157810688,"created_unixtime":1489538273263,"created_time":"Wed Mar 15 00:37:53 +0000 2017","lang":"en","displayname":"ethio_goddess_","time_zone":"","msg":"RT _QueenBee6 thank you so much baby💗💞 i love yoou https//tco/L6Gj0VAHHX"}
{"tweet_id":841810648401092608,"created_unixtime":1489538273321,"created_time":"Wed Mar 15 00:37:53 +0000 2017","lang":"en","displayname":"KarlieAnnShanks","time_zone":"","msg":"RT ceshanks98 This little pumpkin is 17 today Happy Birthday Sis KarlieAnnShanks https//tco/gfkWI6RQhp"}
{"tweet_id":841810648715669505,"created_unixtime":1489538273396,"created_time":"Wed Mar 15 00:37:53 +0000 2017","lang":"en","displayname":"philstandish","time_zone":"London","msg":"Happy birthday paulpogba Youve your whole future ahead of you Just be you amp youll achieve great things at this great club mufc believe"}
{"tweet_id":841810646253621248,"created_unixtime":1489538272809,"created_time":"Wed Mar 15 00:37:52 +0000 2017","lang":"en","displayname":"ardnaxelax","time_zone":"Central Time (US & Canada)","msg":"Love u babe happy birthday 💚 Aguilar97G https//tco/UOiP4ZJVna"}
{"tweet_id":841810648577236994,"created_unixtime":1489538273363,"created_time":"Wed Mar 15 00:37:53 +0000 2017","lang":"en","displayname":"DeniseeeMarieee","time_zone":"Quito","msg":"This tweetIve been thinking about it all day https//tco/S7h7gdk3zY"}
{"tweet_id":841810648203911168,"created_unixtime":1489538273274,"created_time":"Wed Mar 15 00:37:53 +0000 2017","lang":"ja","displayname":"sato_sne","time_zone":"","msg":"RT MONSTER3170 Happy Birthday 海未！園田海未生誕祭2017 RTした人全員フォローする https//tco/WsGIEWuLe2"}
{"tweet_id":841810648912805888,"created_unixtime":1489538273443,"created_time":"Wed Mar 15 00:37:53 +0000 2017","lang":"en","displayname":"fineartgalaxy","time_zone":"Eastern Time (US & Canada)","msg":"RT Maree71439592 🆘Sad New MomFETAVery Scared😿TBD 3/15/17💔 Adopt/Foster/Pledge/RTKilling at12PM🆘😿https//tco/HOn1dyztpF https/…"}
{"tweet_id":841810649172844544,"created_unixtime":1489538273505,"created_time":"Wed Mar 15 00:37:53 +0000 2017","lang":"en","displayname":"AlgeThe","time_zone":"","msg":"Finally watching this so sad to see these exceptional Presidents in comparison to what we have now"}
{"tweet_id":841810648971517952,"created_unixtime":1489538273457,"created_time":"Wed Mar 15 00:37:53 +0000 2017","lang":"en","displayname":"louisforpanicat","time_zone":"","msg":"RT archivemin a happy mochi https//tco/v2YoMWmK47"}
{"tweet_id":841810649084706817,"created_unixtime":1489538273484,"created_time":"Wed Mar 15 00:37:53 +0000 2017","lang":"en","displayname":"YTTBWYTevin","time_zone":"Mountain Time (US & Canada)","msg":"Happy Rejection yall Lets all continue to do our best and not let another persons decision damage our perception/love of our own art"}
{"tweet_id":841810649608994816,"created_unixtime":1489538273609,"created_time":"Wed Mar 15 00:37:53 +0000 2017","lang":"en","displayname":"EvertMcfadden","time_zone":"Hanoi","msg":"All Parents Happy Because These Cartoons S3x Scene Were Not Broadcasted https//tco/30u0eXPsJ5"}
{"tweet_id":841810650066219008,"created_unixtime":1489538273718,"created_time":"Wed Mar 15 00:37:53 +0000 2017","lang":"en","displayname":"MaggieCMitchell","time_zone":"","msg":"RT KatePaigePhilli happy national napping day to everyone who been sleeping on me"}
{"tweet_id":841810649927847936,"created_unixtime":1489538273685,"created_time":"Wed Mar 15 00:37:53 +0000 2017","lang":"en","displayname":"NotActullyFunny","time_zone":"","msg":"TheDudeFromToto Aww my sister likes Ryan Ross and that makes me happy"}
{"tweet_id":841810649789419521,"created_unixtime":1489538273652,"created_time":"Wed Mar 15 00:37:53 +0000 2017","lang":"en","displayname":"dave31_sam","time_zone":"Pacific Time (US & Canada)","msg":"RT OkeyChidiebere emekagift happy birthday to you"}
{"tweet_id":841810650431139840,"created_unixtime":1489538273805,"created_time":"Wed Mar 15 00:37:53 +0000 2017","lang":"en","displayname":"amberrskyy_","time_zone":"","msg":"RT jaclynn1738 As long as Im happy yall could stay hatinnn"}
{"tweet_id":841810650233987072,"created_unixtime":1489538273758,"created_time":"Wed Mar 15 00:37:53 +0000 2017","lang":"und","displayname":"murathan_dinc","time_zone":"","msg":"RT kitapherif KörBaykuş SadıkHidayet https//tco/Hj9J3HLZmD"}
{"tweet_id":841810650791845890,"created_unixtime":1489538273891,"created_time":"Wed Mar 15 00:37:53 +0000 2017","lang":"en","displayname":"rinillu","time_zone":"Pacific Time (US & Canada)","msg":"RT schoolidolu 🗺 Happy Birthday Umi 🏹🎂Get 5 free love gems 💝 in LLSIF EN now Vote for your favorite cards →… "}
{"tweet_id":841810650821201926,"created_unixtime":1489538273898,"created_time":"Wed Mar 15 00:37:53 +0000 2017","lang":"en","displayname":"Im_gks","time_zone":"","msg":"RT varshasinghmcx HAPPY BIRTHDAY ALIA BHATT aliaa08 https//tco/fhW92Wlilp"}
{"tweet_id":841810651240665088,"created_unixtime":1489538273998,"created_time":"Wed Mar 15 00:37:53 +0000 2017","lang":"en","displayname":"cravinqcoffee","time_zone":"Central Time (US & Canada)","msg":"RT preaching my main focus is to better myself be successful and be happy so if you arent contributing to that then i dont need you i…"}
{"tweet_id":841810651282563073,"created_unixtime":1489538274008,"created_time":"Wed Mar 15 00:37:54 +0000 2017","lang":"en","displayname":"josephcooney9","time_zone":"","msg":"Happy birthday Shark Miss you bro hope OSU is treating you well✌🏽🎉 TheShark237"}
{"tweet_id":841810651232239616,"created_unixtime":1489538273996,"created_time":"Wed Mar 15 00:37:53 +0000 2017","lang":"en","displayname":"teenmom2central","time_zone":"Eastern Time (US & Canada)","msg":"RT ChelseaHouska KailLowry happy birthday pretty mama https//tco/Ti8aLBzo5u"}
{"tweet_id":841810651433508865,"created_unixtime":1489538274044,"created_time":"Wed Mar 15 00:37:54 +0000 2017","lang":"en","displayname":"Casablancacasa8","time_zone":"","msg":"RT mbchavez86 Seeing you both thise happy makes me so happy tooGoodvibes amp happinessMaymay amp EdwardMBMayWard [pctto] https//tco…"}
{"tweet_id":841810651676790784,"created_unixtime":1489538274102,"created_time":"Wed Mar 15 00:37:54 +0000 2017","lang":"en","displayname":"kyaaaaamura","time_zone":"","msg":"RT CUTEST_ANlMALS this makes me so happy  https//tco/4ebwUxo9Hg"}
{"tweet_id":841810651660079104,"created_unixtime":1489538274098,"created_time":"Wed Mar 15 00:37:54 +0000 2017","lang":"en","displayname":"jvzmynn","time_zone":"","msg":"RT CultureFUBU Happy Birthday Merlin SantanaRIP https//tco/0K4quO4M5g"}
{"tweet_id":841810651404226561,"created_unixtime":1489538274037,"created_time":"Wed Mar 15 00:37:54 +0000 2017","lang":"en","displayname":"LeePat8","time_zone":"","msg":"RT FBIMostWanted Happy 67th Birthday to the FBI Ten Most Wanted Fugitives List created on March 14 1950 https//tco/aaf7lqVtLn"}
{"tweet_id":841810652108865537,"created_unixtime":1489538274205,"created_time":"Wed Mar 15 00:37:54 +0000 2017","lang":"en","displayname":"CarlaOehme","time_zone":"","msg":"RogueLeaks happy for you _"}
{"tweet_id":841810652347826176,"created_unixtime":1489538274262,"created_time":"Wed Mar 15 00:37:54 +0000 2017","lang":"en","displayname":"_jackattackk","time_zone":"Arizona","msg":"RT SoReIatable I hate that I cry out of frustration 95  of the time its not even cause Im sad its that Im so angry I cant control…"}
{"tweet_id":841810652482174976,"created_unixtime":1489538274294,"created_time":"Wed Mar 15 00:37:54 +0000 2017","lang":"en","displayname":"KatelynScriv","time_zone":"","msg":"RT maddieearl24 Happy Birthday KatelynScriv 🎉😀 Have a mindprobe for me 😎"}
{"tweet_id":841810652192755712,"created_unixtime":1489538274225,"created_time":"Wed Mar 15 00:37:54 +0000 2017","lang":"en","displayname":"emhutch2","time_zone":"","msg":"RT tabbybell02 Happy birthday raylie ❤ love you https//tco/Bb2g7PAX5t"}
{"tweet_id":841810652217917440,"created_unixtime":1489538274231,"created_time":"Wed Mar 15 00:37:54 +0000 2017","lang":"en","displayname":"Trev_Bx","time_zone":"Quito","msg":"MissTRJohnson happy birthday"}
{"tweet_id":841810652377300992,"created_unixtime":1489538274269,"created_time":"Wed Mar 15 00:37:54 +0000 2017","lang":"en","displayname":"lauren__knott","time_zone":"Casablanca","msg":"Its so refreshing to be happy with assignment results😊😊😊😊"}
{"tweet_id":841810652700254212,"created_unixtime":1489538274346,"created_time":"Wed Mar 15 00:37:54 +0000 2017","lang":"en","displayname":"bedmanisagirl","time_zone":"Pacific Time (US & Canada)","msg":"hypogaeous well if youre not feeling good idk if id recommend listening to it lmao its rly sad to me and could cause more dissociation"}
{"tweet_id":841810652985417728,"created_unixtime":1489538274414,"created_time":"Wed Mar 15 00:37:54 +0000 2017","lang":"en","displayname":"BGhimself","time_zone":"","msg":"SteveKingIA you are a sad little racist bigot you stand as a perfect example of what America shouldnt be and who shouldnt be in power🖕"}
{"tweet_id":841810652960305153,"created_unixtime":1489538274408,"created_time":"Wed Mar 15 00:37:54 +0000 2017","lang":"en","displayname":"hensley_kali","time_zone":"","msg":"I just finished Vampire Diaries  I am soooo soooo sad 😭😭💔💔"}
{"tweet_id":841810652930818050,"created_unixtime":1489538274401,"created_time":"Wed Mar 15 00:37:54 +0000 2017","lang":"en","displayname":"JadineLovee","time_zone":"","msg":"RT JadinePublicist Happy 3rd Year Anniversary JaDines Stay Strong 2014 • 2015 • 2016 • 2017 Salamat Ive learned a lot 😘LetOurPu…"}
{"tweet_id":841810652993847300,"created_unixtime":1489538274416,"created_time":"Wed Mar 15 00:37:54 +0000 2017","lang":"en","displayname":"drodriguez_3262","time_zone":"","msg":"RT mynephilim hoseok is the king of the stage the king of fanservice the king of kings hes the happy virus he deserves the world and…"}
{"tweet_id":841810652893196289,"created_unixtime":1489538274392,"created_time":"Wed Mar 15 00:37:54 +0000 2017","lang":"en","displayname":"MarkJDoran","time_zone":"London","msg":"RT The_Animal_Team BLUE is a 2yo Border Collie Although blind BLUE is happy amp playful Needs experienced owner to build confidence… "}
{"tweet_id":841810652918362112,"created_unixtime":1489538274398,"created_time":"Wed Mar 15 00:37:54 +0000 2017","lang":"en","displayname":"LiyahEbbbs","time_zone":"Pacific Time (US & Canada)","msg":"RT _againstbasics Tell em like Soulja Boy😩 https//tco/TN2z20y7nJ"}
{"tweet_id":841810653291536385,"created_unixtime":1489538274487,"created_time":"Wed Mar 15 00:37:54 +0000 2017","lang":"en","displayname":"toby27roby","time_zone":"","msg":"RT Pure_Plexity toby27roby Happy Birthday G Hope its been good 👌"}
{"tweet_id":841810653480378368,"created_unixtime":1489538274532,"created_time":"Wed Mar 15 00:37:54 +0000 2017","lang":"en","displayname":"aztlan1947","time_zone":"","msg":"politico The purge of the independent US lawyers by Donald Trump is a Stalinist philosophy  So far Putin is happy with his man"}
{"tweet_id":841810653866266625,"created_unixtime":1489538274624,"created_time":"Wed Mar 15 00:37:54 +0000 2017","lang":"en","displayname":"dreamybohn","time_zone":"Central Time (US & Canada)","msg":"RT G_Eazy Simone_Biles happy birthday homie Sending hella love your way ❤️"}
{"tweet_id":841810654000480256,"created_unixtime":1489538274656,"created_time":"Wed Mar 15 00:37:54 +0000 2017","lang":"en","displayname":"Jayden_Clairee","time_zone":"","msg":"RT ohteenquotes Spend life with who makes you happy not with who you have to impress"}
{"tweet_id":841810653874688003,"created_unixtime":1489538274626,"created_time":"Wed Mar 15 00:37:54 +0000 2017","lang":"en","displayname":"kimglassman","time_zone":"Quito","msg":"RT sesamestreet 314159265358979323846264338327950288419716939937510 it goes on forever Ah ah ah ⚡ ⚡ ⚡ Happy PiDay https//tco/uQ…"}
{"tweet_id":841810654130393091,"created_unixtime":1489538274687,"created_time":"Wed Mar 15 00:37:54 +0000 2017","lang":"en","displayname":"jassyycrazy91","time_zone":"Alaska","msg":"RT lucyliciousmith Edward So happy to be here MBMayWard"}
{"tweet_id":841810654675783680,"created_unixtime":1489538274817,"created_time":"Wed Mar 15 00:37:54 +0000 2017","lang":"en","displayname":"andrewabraham_","time_zone":"","msg":"RT mtnviewdeca LAST WEEK TO SELL MDA SHAMROCKS 10 at least due by next Monday happy selling everyone 🍀"}
{"tweet_id":841810654826659844,"created_unixtime":1489538274853,"created_time":"Wed Mar 15 00:37:54 +0000 2017","lang":"en","displayname":"goodart_miles","time_zone":"","msg":"RT murphsta55 Happy 31415926535897932384626433832795028841971693993751058209749445923078164062862089986280348253421170679821480865132823…"}
{"tweet_id":841810654390583297,"created_unixtime":1489538274749,"created_time":"Wed Mar 15 00:37:54 +0000 2017","lang":"en","displayname":"_justJordan_BG","time_zone":"Atlantic Time (Canada)","msg":"RT D_Deji28 Do you guys know why he was killed A girl lied that he raped her and her brother shot him dead https//tco/IWDVDZp3rz"}
{"tweet_id":841810654646362112,"created_unixtime":1489538274810,"created_time":"Wed Mar 15 00:37:54 +0000 2017","lang":"tl","displayname":"azthegreat25","time_zone":"Urumqi","msg":"Expectation gusto ko maggig mamayaReality walang budget wala pang sahodHAHAHA https//tco/7mkl93bTH6"}
{"tweet_id":841810655023849472,"created_unixtime":1489538274900,"created_time":"Wed Mar 15 00:37:54 +0000 2017","lang":"en","displayname":"athenavlogs","time_zone":"Pacific Time (US & Canada)","msg":"RT nakedmagic Im so happy these exists https//tco/6qnfsAlOfA"}
{"tweet_id":841810654822563841,"created_unixtime":1489538274852,"created_time":"Wed Mar 15 00:37:54 +0000 2017","lang":"en","displayname":"AyeItsCierraBSM","time_zone":"Central Time (US & Canada)","msg":"RT D_Deji28 Do you guys know why he was killed A girl lied that he raped her and her brother shot him dead https//tco/IWDVDZp3rz"}
{"tweet_id":841810654881284097,"created_unixtime":1489538274866,"created_time":"Wed Mar 15 00:37:54 +0000 2017","lang":"en","displayname":"GuyFromOverTher","time_zone":"","msg":"Communism_Kills Im guessing he didnt pay enough taxes to make Maddow happy"}
{"tweet_id":841810654612852737,"created_unixtime":1489538274802,"created_time":"Wed Mar 15 00:37:54 +0000 2017","lang":"en","displayname":"oliemibou","time_zone":"","msg":"RT Knuffle_Bunny Happy early St Patricks Day Massachusetts  Be the LIGHT amp FIGHT for the American Dream https//tco/lxiAsEKiDf"}
{"tweet_id":841810655346810880,"created_unixtime":1489538274977,"created_time":"Wed Mar 15 00:37:54 +0000 2017","lang":"de","displayname":"FycShow","time_zone":"","msg":"RT TheCinegogue Pi 1998 dir Darren AronofskyHappy PiDay  https//tco/uOte86W70p"}
{"tweet_id":841810655825010690,"created_unixtime":1489538275091,"created_time":"Wed Mar 15 00:37:55 +0000 2017","lang":"en","displayname":"AmandaGillette1","time_zone":"","msg":"RT Cartermb1324 As long as youre happy it shouldnt matter what people say or think"}
{"tweet_id":841810655774670848,"created_unixtime":1489538275079,"created_time":"Wed Mar 15 00:37:55 +0000 2017","lang":"en","displayname":"garotoexemplar","time_zone":"Mid-Atlantic","msg":"The Voice 2017 Blind Audition  Gaby Borromeo Happy https//tco/TuSIyfyhUy lt3 TeamAdam"}
{"tweet_id":841810656068280321,"created_unixtime":1489538275149,"created_time":"Wed Mar 15 00:37:55 +0000 2017","lang":"en","displayname":"ethanjordon_","time_zone":"Pacific Time (US & Canada)","msg":"dennismint happy birthday denny❤ i hope you had a greattttt day"}
{"tweet_id":841810656357683200,"created_unixtime":1489538275218,"created_time":"Wed Mar 15 00:37:55 +0000 2017","lang":"en","displayname":"Avery_Willz","time_zone":"Eastern Time (US & Canada)","msg":"RT D_Deji28 Do you guys know why he was killed A girl lied that he raped her and her brother shot him dead https//tco/IWDVDZp3rz"}
{"tweet_id":841810656382881795,"created_unixtime":1489538275224,"created_time":"Wed Mar 15 00:37:55 +0000 2017","lang":"en","displayname":"GGeneral74","time_zone":"Eastern Time (US & Canada)","msg":"RT D_Deji28 Do you guys know why he was killed A girl lied that he raped her and her brother shot him dead https//tco/IWDVDZp3rz"}
{"tweet_id":841810656739368960,"created_unixtime":1489538275309,"created_time":"Wed Mar 15 00:37:55 +0000 2017","lang":"pt","displayname":"guurlit","time_zone":"","msg":"este é o som que m deixa sad no 1o seg logohttps//tco/xiVWijDhgy"}
{"tweet_id":841810656345096192,"created_unixtime":1489538275215,"created_time":"Wed Mar 15 00:37:55 +0000 2017","lang":"en","displayname":"WPXIKellieB","time_zone":"Central Time (US & Canada)","msg":"RT albyox Happy to welcome chasepwilliams to Channel 11 sports the WPXI team amp Pittsburgh Follow him Tweet him Say hell… "}
{"tweet_id":841810655602597889,"created_unixtime":1489538275038,"created_time":"Wed Mar 15 00:37:55 +0000 2017","lang":"en","displayname":"wonderrussett","time_zone":"","msg":"Happy birthday colliscool I love you v much 💜💜 hope its been a great 🎉 https//tco/jivscGDln1"}
{"tweet_id":841810657024585729,"created_unixtime":1489538275377,"created_time":"Wed Mar 15 00:37:55 +0000 2017","lang":"en","displayname":"gexrgiia","time_zone":"London","msg":"RT meg_howells98 Happy birthday to my girlllll 🌷 hope you have the best day ever cant wait to celebrate with you tonight Love ya… "}
{"tweet_id":841810657074900992,"created_unixtime":1489538275389,"created_time":"Wed Mar 15 00:37:55 +0000 2017","lang":"en","displayname":"orgy_crane","time_zone":"","msg":"RT gentsgoodgirl Morning Twitter  Happy tittytuesday tugtuesday 420girls inkedgirls MrParkerIsALuckyMan HugeNaturals… "}
{"tweet_id":841810657209159680,"created_unixtime":1489538275421,"created_time":"Wed Mar 15 00:37:55 +0000 2017","lang":"en","displayname":"kelisaaaa","time_zone":"","msg":"RT richthekid Focus on what makes you happy"}
{"tweet_id":841810657552957440,"created_unixtime":1489538275503,"created_time":"Wed Mar 15 00:37:55 +0000 2017","lang":"en","displayname":"alexxskaggs","time_zone":"Pacific Time (US & Canada)","msg":"RT passionfuI I high key just wanna make sure you’re happy as fuck"}
{"tweet_id":841810656307339264,"created_unixtime":1489538275206,"created_time":"Wed Mar 15 00:37:55 +0000 2017","lang":"en","displayname":"averyykiewit","time_zone":"","msg":"RT UnusualFactPage Remember the five simple rules to be happyFree your heart from hatredFree your mind from worriesLive simplyGi…"}
{"tweet_id":841810657326559232,"created_unixtime":1489538275449,"created_time":"Wed Mar 15 00:37:55 +0000 2017","lang":"en","displayname":"Luminerica","time_zone":"Eastern Time (US & Canada)","msg":"alequiaa Im really happy cause that was so fast youre so popular YOU CAN DO IIIIIIIIIIT"}
{"tweet_id":841810657238487041,"created_unixtime":1489538275428,"created_time":"Wed Mar 15 00:37:55 +0000 2017","lang":"en","displayname":"_Jack_jean","time_zone":"Pacific Time (US & Canada)","msg":"RT simbi__sulaiman Happy birthday🎈 _Jack_jean"}
{"tweet_id":841810657569775617,"created_unixtime":1489538275507,"created_time":"Wed Mar 15 00:37:55 +0000 2017","lang":"en","displayname":"HallyuStar22","time_zone":"","msg":"RT lucyliciousmith Edward So happy to be here MBMayWard"}
{"tweet_id":841810657452412928,"created_unixtime":1489538275479,"created_time":"Wed Mar 15 00:37:55 +0000 2017","lang":"en","displayname":"taylorcarter001","time_zone":"Atlantic Time (Canada)","msg":"read something sad about a dog and cried for 20 minutesif that doesnt explain my life rn idk what does"}
{"tweet_id":841810657615863808,"created_unixtime":1489538275518,"created_time":"Wed Mar 15 00:37:55 +0000 2017","lang":"en","displayname":"jeonaces","time_zone":"Sydney","msg":"RT H0NEYBABEII jeonaces if anyone makes you sad tell me Ill fite them Ill be like fight me Kno XD https//tco/Uira7iCfEc"}
{"tweet_id":841810657947205632,"created_unixtime":1489538275597,"created_time":"Wed Mar 15 00:37:55 +0000 2017","lang":"en","displayname":"nurnabihah_a","time_zone":"","msg":"Happy birthday Qamarina"}
{"tweet_id":841810657708199936,"created_unixtime":1489538275540,"created_time":"Wed Mar 15 00:37:55 +0000 2017","lang":"en","displayname":"RachelKaiulani","time_zone":"Pacific Time (US & Canada)","msg":"Thank you Ally J Love and miss you💘 https//tco/X9PDhYbFxd"}
{"tweet_id":841810657590841348,"created_unixtime":1489538275512,"created_time":"Wed Mar 15 00:37:55 +0000 2017","lang":"en","displayname":"garotoexemplar","time_zone":"Mid-Atlantic","msg":"The Voice 2017 Blind Audition  Gaby Borromeo Happy https//tco/oK1fKPp2qX lt3 TeamAdam"}
{"tweet_id":841810657892814848,"created_unixtime":1489538275584,"created_time":"Wed Mar 15 00:37:55 +0000 2017","lang":"en","displayname":"Lva_x3","time_zone":"","msg":"RT D_Deji28 Do you guys know why he was killed A girl lied that he raped her and her brother shot him dead https//tco/IWDVDZp3rz"}
{"tweet_id":841810657649516545,"created_unixtime":1489538275526,"created_time":"Wed Mar 15 00:37:55 +0000 2017","lang":"en","displayname":"Streeball_DASH","time_zone":"Central Time (US & Canada)","msg":"Im kinda happy rn"}
{"tweet_id":841810657880227841,"created_unixtime":1489538275581,"created_time":"Wed Mar 15 00:37:55 +0000 2017","lang":"en","displayname":"tipdiddytips1","time_zone":"","msg":"RT OleePrince Happy Sunday https//tco/HvYFu0iTUh"}
{"tweet_id":841810657565597696,"created_unixtime":1489538275506,"created_time":"Wed Mar 15 00:37:55 +0000 2017","lang":"en","displayname":"ernestvar","time_zone":"","msg":"RT XXXHallOfFame francescalexxx was born in Los Angeles California US in December 28 The gorgeous MILFHappy Birthday https//tc…"}
{"tweet_id":841810658819637248,"created_unixtime":1489538275805,"created_time":"Wed Mar 15 00:37:55 +0000 2017","lang":"ja","displayname":"irisuandhuruura","time_zone":"","msg":"RT anilove_you ♡Happy うみちゃん Birthday♡今日はしっかり者の海未ちゃんの誕生日！！皆でお祝いしましょー！！うっみうみうー〃gtωlt★園田海未生誕祭2017 3月15日は園田海未の誕生日  祝う人RT… "}
{"tweet_id":841810659033681923,"created_unixtime":1489538275856,"created_time":"Wed Mar 15 00:37:55 +0000 2017","lang":"en","displayname":"Rea_ofSunshine_","time_zone":"","msg":"RT DontSayMaName What harm can come to you by building others up Why do we not all want to see others happy with themselves"}
{"tweet_id":841810658672971776,"created_unixtime":1489538275770,"created_time":"Wed Mar 15 00:37:55 +0000 2017","lang":"en","displayname":"YoDaddysWorld","time_zone":"","msg":"RT Gabbymedrano17 happy ☯️ https//tco/walF0U73wx"}
{"tweet_id":841810658748428290,"created_unixtime":1489538275788,"created_time":"Wed Mar 15 00:37:55 +0000 2017","lang":"en","displayname":"mariahmaarie","time_zone":"Eastern Time (US & Canada)","msg":"RT AlexErnst happy international womens day life wouldnt be possible without women dont ever forget that"}
{"tweet_id":841810658723270656,"created_unixtime":1489538275782,"created_time":"Wed Mar 15 00:37:55 +0000 2017","lang":"en","displayname":"rvaLuJ","time_zone":"Atlantic Time (Canada)","msg":"RT comermd NancyPelosi The most disillusioned Dem in DC Raising Money for a Disillusioned Al Jazeera Puppet Sad GA06… "}
{"tweet_id":841810659495022593,"created_unixtime":1489538275966,"created_time":"Wed Mar 15 00:37:55 +0000 2017","lang":"en","displayname":"TruckinSquirrel","time_zone":"Arizona","msg":"RT CUTEST_ANlMALS this makes me so happy  https//tco/4ebwUxo9Hg"}
{"tweet_id":841810659599880192,"created_unixtime":1489538275991,"created_time":"Wed Mar 15 00:37:55 +0000 2017","lang":"en","displayname":"_Sean_Adams_","time_zone":"","msg":"RT icecoldrosegold icecoldrosegold Sad Just heard from fbi this poll was RIGGED by FAKE NEWS media SEE YOU IN COURT THE SECURITY O… "}
{"tweet_id":841810659650154498,"created_unixtime":1489538276003,"created_time":"Wed Mar 15 00:37:56 +0000 2017","lang":"tl","displayname":"MaryaChayong","time_zone":"","msg":"RT sunghyenaul pati saging dume destiny na rin 😂😂ALDUBxDTBYTugOfHearts https//tco/3Qx88bHpkE"}
{"tweet_id":841810659864117248,"created_unixtime":1489538276054,"created_time":"Wed Mar 15 00:37:56 +0000 2017","lang":"en","displayname":"andyblanton","time_zone":"","msg":"RT rexchapman zach_hopewell22  congrats homeboy Proud and happy for you AHS amp your pops moms amp fam Kentucky 3rdRegion POY Design…"}
{"tweet_id":841810659855720449,"created_unixtime":1489538276052,"created_time":"Wed Mar 15 00:37:56 +0000 2017","lang":"en","displayname":"brittany_b15","time_zone":"","msg":"RT laurynnturnerr no one has to understand why you do what you do as long as its what is making you happy"}
{"tweet_id":841810660182896641,"created_unixtime":1489538276130,"created_time":"Wed Mar 15 00:37:56 +0000 2017","lang":"en","displayname":"Alirehmankhan1","time_zone":"","msg":"RT IntThings Do what you love and whatever makes you happy Be good to the people that are good to you Cut off negativity Dont settle…"}
{"tweet_id":841810660262592513,"created_unixtime":1489538276149,"created_time":"Wed Mar 15 00:37:56 +0000 2017","lang":"en","displayname":"LizzML5","time_zone":"Central Time (US & Canada)","msg":"RT lachlynfuller Why be in a relationship if ur not happy Be with someone who makes living and laughing a little easier"}
{"tweet_id":841810660107399168,"created_unixtime":1489538276112,"created_time":"Wed Mar 15 00:37:56 +0000 2017","lang":"en","displayname":"HunterGlenn89","time_zone":"Quito","msg":"BQQuinn happy birthday Love the show and podcast"}
{"tweet_id":841810657729114113,"created_unixtime":1489538275545,"created_time":"Wed Mar 15 00:37:55 +0000 2017","lang":"en","displayname":"rissaroney","time_zone":"","msg":"So happy with the add on from Alec 😍 https//tco/UtwbkmDKJg"}
{"tweet_id":841810660061192193,"created_unixtime":1489538276101,"created_time":"Wed Mar 15 00:37:56 +0000 2017","lang":"en","displayname":"Cocahighness","time_zone":"","msg":"RT Hollywo71145492 Happy 84th Birthday to the legendary actor Michael Caine 14 March 1933 https//tco/fZQyKpo3wn"}
{"tweet_id":841810660321312768,"created_unixtime":1489538276163,"created_time":"Wed Mar 15 00:37:56 +0000 2017","lang":"en","displayname":"Queenbaebrat","time_zone":"","msg":"RT passionfuI I high key just wanna make sure you’re happy as fuck"}
{"tweet_id":841810660182888449,"created_unixtime":1489538276130,"created_time":"Wed Mar 15 00:37:56 +0000 2017","lang":"en","displayname":"ConnorJ3010","time_zone":"Eastern Time (US & Canada)","msg":"RT RoastMeDaily Bob Barker and Adam Sandler did a Happy Gilmore reunion skit and it was great https//tco/LCtdsSqoeZ"}
{"tweet_id":841810660623286274,"created_unixtime":1489538276235,"created_time":"Wed Mar 15 00:37:56 +0000 2017","lang":"en","displayname":"bIueguitar","time_zone":"Brasilia","msg":"SherriSaum1 a thing about Stef that you love with all your heart thefosterschat THANK U FOR SAYING HI TO MY GIRL SHES SO HAPPY lt3 p"}
{"tweet_id":841810660686213120,"created_unixtime":1489538276250,"created_time":"Wed Mar 15 00:37:56 +0000 2017","lang":"en","displayname":"jphargovan","time_zone":"","msg":"RT kabirLfc Happy Birthday my Beloved LFC  U always will be my 1st amp last lover😍😍😍😘😘😘LFC HappyBirthday YNWA 😘😘😘 https//tco/rO…"}
{"tweet_id":841810658257702912,"created_unixtime":1489538275671,"created_time":"Wed Mar 15 00:37:55 +0000 2017","lang":"en","displayname":"UnknownFilms","time_zone":"Central Time (US & Canada)","msg":"Happy to be in SGF participating in a City Council candidate QampAHometownElection Thanks to GregHolmanNL and… https//tco/FZ7gyWTtdN"}
{"tweet_id":841810661000720384,"created_unixtime":1489538276325,"created_time":"Wed Mar 15 00:37:56 +0000 2017","lang":"en","displayname":"lilybaekcoleen","time_zone":"Pacific Time (US & Canada)","msg":"RT rulerofwind_sh EXO IS ALREADY HAPPY BY JUST PLAYING WITH THEIR HELIUM VOICE YES THIS IS THE GROUP I STAN 😂😂😂 https//tco/C1oj8RSwHS"}
{"tweet_id":841810661088874500,"created_unixtime":1489538276346,"created_time":"Wed Mar 15 00:37:56 +0000 2017","lang":"en","displayname":"MissMurderMind","time_zone":"Eastern Time (US & Canada)","msg":"My only goal in life is to be as happy as this lil mousie https//tco/MfA2WVT3gN"}
{"tweet_id":841810660333891585,"created_unixtime":1489538276166,"created_time":"Wed Mar 15 00:37:56 +0000 2017","lang":"en","displayname":"monica_shah","time_zone":"Eastern Time (US & Canada)","msg":"RT MomItForward Q6 DOES FOOD MAKE YOU HAPPY WHAT DISHES MAKE YOU THE HAPPIEST AvoHappiness GNO PLS RT"}
{"tweet_id":841810661411815424,"created_unixtime":1489538276423,"created_time":"Wed Mar 15 00:37:56 +0000 2017","lang":"en","displayname":"SelenaNeill","time_zone":"","msg":"Could literally stay on the phone to Cbrearley for days she makes me happy ❤️"}
{"tweet_id":841810661176971264,"created_unixtime":1489538276367,"created_time":"Wed Mar 15 00:37:56 +0000 2017","lang":"en","displayname":"_NayLuv","time_zone":"Central Time (US & Canada)","msg":"RT chicagobulls Happy PiDay https//tco/Kl7pkyDtbJ"}
{"tweet_id":841810661638193152,"created_unixtime":1489538276477,"created_time":"Wed Mar 15 00:37:56 +0000 2017","lang":"en","displayname":"_eunicemaria_","time_zone":"Pacific Time (US & Canada)","msg":"RT hennythoughts i have a soft spot for people who have manners thank yous youre welcomes smiling door holding yes maam yes sir…"}
{"tweet_id":841810661810278401,"created_unixtime":1489538276518,"created_time":"Wed Mar 15 00:37:56 +0000 2017","lang":"en","displayname":"Bubbles_Amazing","time_zone":"","msg":"RT SoReIatable I hate that I cry out of frustration 95  of the time its not even cause Im sad its that Im so angry I cant control…"}
{"tweet_id":841810661927718913,"created_unixtime":1489538276546,"created_time":"Wed Mar 15 00:37:56 +0000 2017","lang":"en","displayname":"babyclaw","time_zone":"","msg":"deanwinchester JensenAckles Happy pi day"}
{"tweet_id":841810661940240384,"created_unixtime":1489538276549,"created_time":"Wed Mar 15 00:37:56 +0000 2017","lang":"tl","displayname":"ThersaFloro","time_zone":"","msg":"RT dhang02_ Bloomingfreshhappy anu pa bahahahaMBMayWard Ctto https//tco/r7smeyo3RV"}
{"tweet_id":841810662716243968,"created_unixtime":1489538276734,"created_time":"Wed Mar 15 00:37:56 +0000 2017","lang":"en","displayname":"Carson_Conklin_","time_zone":"","msg":"_NickGolonk_ Happy Birthday man Ill be in G Vegas in 2 weeks 🎉☠️"}
{"tweet_id":841810663437611008,"created_unixtime":1489538276906,"created_time":"Wed Mar 15 00:37:56 +0000 2017","lang":"tl","displayname":"GabBorjaaa","time_zone":"Beijing","msg":"Happy birthday chileanooo  🎉🎉🎉😁😁😁 Kailan debut HAHAHA"}
{"tweet_id":841810663424970752,"created_unixtime":1489538276903,"created_time":"Wed Mar 15 00:37:56 +0000 2017","lang":"en","displayname":"Jammybear2","time_zone":"Beijing","msg":"RT Avlem25 ellina_gen japple003 cpjayloni MaElenaNieto marcisles  Happy is a choice being kind is a positive traits 2 have ALDUBxD…"}
{"tweet_id":841810663181811712,"created_unixtime":1489538276845,"created_time":"Wed Mar 15 00:37:56 +0000 2017","lang":"en","displayname":"brattymaknaes","time_zone":"Atlantic Time (Canada)","msg":"RT Iovekth taehyung is so incredibly attractive im so sad https//tco/4TXNFfEKgQ"}
{"tweet_id":841810663320260609,"created_unixtime":1489538276878,"created_time":"Wed Mar 15 00:37:56 +0000 2017","lang":"en","displayname":"Harleylachick","time_zone":"","msg":"ABC_TheCatch Love this show  Happy its back on"}
{"tweet_id":841810663685025792,"created_unixtime":1489538276965,"created_time":"Wed Mar 15 00:37:56 +0000 2017","lang":"en","displayname":"LaurenLinto1","time_zone":"","msg":"RT dolanhalo Come holla at your girl GraysonDolan LaurenLinto1 https//tco/aXolDjtrzT"}
{"tweet_id":841810663051821056,"created_unixtime":1489538276814,"created_time":"Wed Mar 15 00:37:56 +0000 2017","lang":"en","displayname":"sprintcare","time_zone":"Eastern Time (US & Canada)","msg":"LivingDoll_91 Hi there Wed be happy to assist you and review this for you Please DM us so we can help GJ"}
{"tweet_id":841810661143400448,"created_unixtime":1489538276359,"created_time":"Wed Mar 15 00:37:56 +0000 2017","lang":"en","displayname":"LakeNonaSGA","time_zone":"Eastern Time (US & Canada)","msg":"Happy Pie Day Thank you to the teachers who volunteered to get pied to benefit the Leukemia and  Lymphoma societ… https//tco/iPXUaAzRF9"}
{"tweet_id":841810663995527168,"created_unixtime":1489538277039,"created_time":"Wed Mar 15 00:37:57 +0000 2017","lang":"en","displayname":"allyboly","time_zone":"Eastern Time (US & Canada)","msg":"RT mattredmond22 if youre from STL you know what March 14th is really about HAPPY 314 https//tco/1gWWTaVI7v"}
{"tweet_id":841810664104460288,"created_unixtime":1489538277065,"created_time":"Wed Mar 15 00:37:57 +0000 2017","lang":"tl","displayname":"jingIsAGirl","time_zone":"Pacific Time (US & Canada)","msg":"RT mommy_chasdiel taray oh naka 3 years na pala LetOurPurpleHeartsShineAt3 https//tco/fX4WIcqcLW"}
{"tweet_id":841810664188329984,"created_unixtime":1489538277085,"created_time":"Wed Mar 15 00:37:57 +0000 2017","lang":"en","displayname":"shakilahabib","time_zone":"Hawaii","msg":"Happy birthday ibuuuuu 💕 https//tco/J4JfDw902h"}
{"tweet_id":841810664448389120,"created_unixtime":1489538277147,"created_time":"Wed Mar 15 00:37:57 +0000 2017","lang":"en","displayname":"pattylaurel","time_zone":"Hong Kong","msg":"Happy Anniversary to our belobabylove family 💕💕 Weve been enveloped in lots of Belo Baby TLC… https//tco/YdSsrTzv7e"}
{"tweet_id":841810664515604481,"created_unixtime":1489538277163,"created_time":"Wed Mar 15 00:37:57 +0000 2017","lang":"en","displayname":"matthewrattle98","time_zone":"Casablanca","msg":"RT Stormzy1 Do what makes you happy mate"}
{"tweet_id":841810663974555649,"created_unixtime":1489538277034,"created_time":"Wed Mar 15 00:37:57 +0000 2017","lang":"en","displayname":"rachbattista","time_zone":"","msg":"Happy birthday peggy__c 🌻🌻🌻 "}
{"tweet_id":841810664695955456,"created_unixtime":1489538277206,"created_time":"Wed Mar 15 00:37:57 +0000 2017","lang":"en","displayname":"_BriGilbert_","time_zone":"Pacific Time (US & Canada)","msg":"RT BeFitWorld Think positive Exercise daily Eat healthy Work hard Stay Strong Worry less Dance more Love often Be Happy 🙏🏼"}
{"tweet_id":841810665094418432,"created_unixtime":1489538277301,"created_time":"Wed Mar 15 00:37:57 +0000 2017","lang":"en","displayname":"Maggie22517","time_zone":"","msg":"RT avatarmax123 Obamacare passed due to the stupidity of American voters amp NancyPelosi saying pass it to see whats in it Very sa… "}
{"tweet_id":841810665262178305,"created_unixtime":1489538277341,"created_time":"Wed Mar 15 00:37:57 +0000 2017","lang":"en","displayname":"tmills528","time_zone":"Quito","msg":"Happy birthday shelby_noel16 hope u have had a fantastic day ily ily 💕"}
{"tweet_id":841810665585106944,"created_unixtime":1489538277418,"created_time":"Wed Mar 15 00:37:57 +0000 2017","lang":"en","displayname":"ivyantoniokim14","time_zone":"","msg":"RT cupcakejimins min yoongi  owns a record label that competes with jungkooks  has to have his way when he doesnt no one is… "}
{"tweet_id":841810665895419904,"created_unixtime":1489538277492,"created_time":"Wed Mar 15 00:37:57 +0000 2017","lang":"en","displayname":"Silvi_102","time_zone":"Irkutsk","msg":"RT TheDoctorPuppet Happy piday doctorwho petercapaldi pearlmackie billpotts pie https//tco/2KayNRsZ8t"}
{"tweet_id":841810666184929280,"created_unixtime":1489538277561,"created_time":"Wed Mar 15 00:37:57 +0000 2017","lang":"en","displayname":"niicolle_15","time_zone":"Atlantic Time (Canada)","msg":"psa youll never be able to make everyone happy so if youre going to put effort into someone make sure its yourself"}
{"tweet_id":841810666537148417,"created_unixtime":1489538277645,"created_time":"Wed Mar 15 00:37:57 +0000 2017","lang":"en","displayname":"qaelbabe","time_zone":"","msg":"RT ALDUBNATIONNCR Prayer is powerful its amazing what it can do Always stay happy at all timesRT amp spread love worldwide🌻🌻🌻… "}
{"tweet_id":841810666344353792,"created_unixtime":1489538277599,"created_time":"Wed Mar 15 00:37:57 +0000 2017","lang":"en","displayname":"JMiccolo","time_zone":"","msg":"maddow Happy ImPieachment day Seriously"}
{"tweet_id":841810666268819456,"created_unixtime":1489538277581,"created_time":"Wed Mar 15 00:37:57 +0000 2017","lang":"en","displayname":"NikkiCalvillo","time_zone":"Central Time (US & Canada)","msg":"RT thelipstickgawd Yall really be mad amp upset with people just because they have good parents who help them out well after theyre out o…"}
{"tweet_id":841810666570829824,"created_unixtime":1489538277653,"created_time":"Wed Mar 15 00:37:57 +0000 2017","lang":"en","displayname":"BOSS_EG3","time_zone":"","msg":"RT kasslynnn do what makes you happy yall frfrfr "}
{"tweet_id":841810667279597568,"created_unixtime":1489538277822,"created_time":"Wed Mar 15 00:37:57 +0000 2017","lang":"en","displayname":"babybird_33","time_zone":"","msg":"topstarnews Happy Birthday JacksonI wish you happiness and health all the time The most important  is your health  Please take care "}
{"tweet_id":841810667279536128,"created_unixtime":1489538277822,"created_time":"Wed Mar 15 00:37:57 +0000 2017","lang":"en","displayname":"katynoellescott","time_zone":"Pacific Time (US & Canada)","msg":"RT NASA Its PiDay It may be irrational but pi plays an important role in the work of scientists at NASA… "}
{"tweet_id":841810667396976640,"created_unixtime":1489538277850,"created_time":"Wed Mar 15 00:37:57 +0000 2017","lang":"en","displayname":"Rickiyah1","time_zone":"","msg":"I hate coming home to a bunch of hostile grumps when Ive had a good happy day😶"}
{"tweet_id":841810665295757312,"created_unixtime":1489538277349,"created_time":"Wed Mar 15 00:37:57 +0000 2017","lang":"en","displayname":"PaytonDickman","time_zone":"","msg":"Happy Bday hunny 💖🎂😉 bonny_basse https//tco/hbRZmbw9Ul"}
{"tweet_id":841810666415624193,"created_unixtime":1489538277616,"created_time":"Wed Mar 15 00:37:57 +0000 2017","lang":"en","displayname":"NestonCC","time_zone":"London","msg":"Congratulations to former NCC shrimper joehardyy on his transfer to BrentfordFC https//tco/ECBedw1enJ"}
{"tweet_id":841810667539640320,"created_unixtime":1489538277884,"created_time":"Wed Mar 15 00:37:57 +0000 2017","lang":"in","displayname":"haviz_alviano","time_zone":"Jakarta","msg":"RT atie_zee Happy basuday deranda alias denachan makin sukses smangat sekolah sama JKT48 nya smoga thun ini masuk SSK😊 Dena_JKT48 JKT…"}
{"tweet_id":841810667111886849,"created_unixtime":1489538277782,"created_time":"Wed Mar 15 00:37:57 +0000 2017","lang":"en","displayname":"HagermanCassie","time_zone":"Pacific Time (US & Canada)","msg":"RT cambogle Shout out to the people who are constantly making sure everyone else is happy… make sure you’re not forgetting about your own…"}
{"tweet_id":841810667761934336,"created_unixtime":1489538277937,"created_time":"Wed Mar 15 00:37:57 +0000 2017","lang":"en","displayname":"karahillmann","time_zone":"","msg":"RT principallopez Its ACTION week and this is the way the Tartans act Maybe we should rethink this activity Get your attitude right TA…"}
{"tweet_id":841810667627765761,"created_unixtime":1489538277905,"created_time":"Wed Mar 15 00:37:57 +0000 2017","lang":"en","displayname":"kyramin04","time_zone":"","msg":"RT breazy98 Kyra still has the best tweets ever idc what you say https//tco/tuNuVNs7nA"}
{"tweet_id":841810667313209344,"created_unixtime":1489538277830,"created_time":"Wed Mar 15 00:37:57 +0000 2017","lang":"en","displayname":"milesrunner262","time_zone":"Eastern Time (US & Canada)","msg":"Happy Pi Day I may have to cheer for the Rockies this year https//tco/ozdbWp15iB"}
{"tweet_id":841810668466581504,"created_unixtime":1489538278105,"created_time":"Wed Mar 15 00:37:58 +0000 2017","lang":"en","displayname":"tamanochi","time_zone":"","msg":"RT AnimaIOverdose AWWWWWWWWW HES SO HAPPY https//tco/yxlSTZe9c4"}
{"tweet_id":841810668126932993,"created_unixtime":1489538278024,"created_time":"Wed Mar 15 00:37:58 +0000 2017","lang":"en","displayname":"emlatimer","time_zone":"","msg":"Happy Birthday Alyssa🎉 Hope you had a rockin day 🎁🎈AlyssaDimauro"}
{"tweet_id":841810668353421312,"created_unixtime":1489538278078,"created_time":"Wed Mar 15 00:37:58 +0000 2017","lang":"en","displayname":"HilkNatasha","time_zone":"","msg":"RT D_Deji28 Do you guys know why he was killed A girl lied that he raped her and her brother shot him dead https//tco/IWDVDZp3rz"}
{"tweet_id":841810668684734464,"created_unixtime":1489538278157,"created_time":"Wed Mar 15 00:37:58 +0000 2017","lang":"en","displayname":"caminaheaven","time_zone":"Mid-Atlantic","msg":"RT themikeinator Happy Pi day"}
{"tweet_id":841810668827381760,"created_unixtime":1489538278191,"created_time":"Wed Mar 15 00:37:58 +0000 2017","lang":"en","displayname":"GettySenpai","time_zone":"","msg":"Its amazing how attractive someone can be by just being mad positive and happy I look at them like unicorns 😐 ur nt normal too happy"}
{"tweet_id":841810665580965888,"created_unixtime":1489538277417,"created_time":"Wed Mar 15 00:37:57 +0000 2017","lang":"tl","displayname":"jnvnsrglr","time_zone":"Urumqi","msg":"May paswimming si Mayor 😍 LosArcos SAsGoneWild Nightswimming Happy JnArizala iaminahsaliva AteMoAbeng https//tco/v1mNHKUkN3"}
{"tweet_id":841810669011906562,"created_unixtime":1489538278235,"created_time":"Wed Mar 15 00:37:58 +0000 2017","lang":"en","displayname":"jackierice42","time_zone":"","msg":"RT ariellewallace3 jackierice42 happy birthday jackie🎉🍾 I hope today was as amazing as you are dont celebrate too hard love ya sweet…"}
{"tweet_id":841810669188050944,"created_unixtime":1489538278277,"created_time":"Wed Mar 15 00:37:58 +0000 2017","lang":"en","displayname":"HeyJenna17","time_zone":"Eastern Time (US & Canada)","msg":"Im so happy they put Petes Dragon on netflix so now I can watch it everyday"}
{"tweet_id":841810669234184192,"created_unixtime":1489538278288,"created_time":"Wed Mar 15 00:37:58 +0000 2017","lang":"en","displayname":"acarreno78","time_zone":"Central Time (US & Canada)","msg":"RT MomItForward Q6 DOES FOOD MAKE YOU HAPPY WHAT DISHES MAKE YOU THE HAPPIEST AvoHappiness GNO PLS RT"}
{"tweet_id":841810669494272000,"created_unixtime":1489538278350,"created_time":"Wed Mar 15 00:37:58 +0000 2017","lang":"en","displayname":"heemrm","time_zone":"","msg":"joonmrm im good feeling a bit sleepy and my tum hurts a little but im happy and you"}
{"tweet_id":841810667128688640,"created_unixtime":1489538277786,"created_time":"Wed Mar 15 00:37:57 +0000 2017","lang":"en","displayname":"_emmaroseee","time_zone":"Eastern Time (US & Canada)","msg":"Happy 20th u crazy woman🌷 cant believe u made it🍻 riley__crooke https//tco/QR7PgJyjYu"}
{"tweet_id":841810669938737152,"created_unixtime":1489538278456,"created_time":"Wed Mar 15 00:37:58 +0000 2017","lang":"en","displayname":"AsgarOlivia","time_zone":"","msg":"RT Fanghoul2 ALDUBxDTBYTugOfHearts Respect https//tco/BZlizl76NU"}
{"tweet_id":841810670836363264,"created_unixtime":1489538278670,"created_time":"Wed Mar 15 00:37:58 +0000 2017","lang":"en","displayname":"saruhalbert","time_zone":"Pacific Time (US & Canada)","msg":"RT principallopez Its ACTION week and this is the way the Tartans act Maybe we should rethink this activity Get your attitude right TA…"}
{"tweet_id":841810670710587393,"created_unixtime":1489538278640,"created_time":"Wed Mar 15 00:37:58 +0000 2017","lang":"en","displayname":"Alivia_Ann12","time_zone":"","msg":"RT SoReIatable I hate that I cry out of frustration 95  of the time its not even cause Im sad its that Im so angry I cant control…"}
{"tweet_id":841810671117471745,"created_unixtime":1489538278737,"created_time":"Wed Mar 15 00:37:58 +0000 2017","lang":"en","displayname":"teenmom2central","time_zone":"Eastern Time (US & Canada)","msg":"RT Sierra2231 Happy Birthday to my lovely beautiful and wonderful KailLowry Ill see you soon and cant wait for our next adv… "}
{"tweet_id":841810670739963904,"created_unixtime":1489538278647,"created_time":"Wed Mar 15 00:37:58 +0000 2017","lang":"en","displayname":"876ix_savage","time_zone":"","msg":"Dont need multiple women to be happy b 💯 I just need that one person 💓👑"}
{"tweet_id":841810671603970049,"created_unixtime":1489538278853,"created_time":"Wed Mar 15 00:37:58 +0000 2017","lang":"en","displayname":"ACTIndivisible","time_zone":"Central Time (US & Canada)","msg":"RT RWPUSA Another White House ethics complaint from our team at CREW  Sad https//tco/jm2kvIUMhH"}
{"tweet_id":841810671754858496,"created_unixtime":1489538278889,"created_time":"Wed Mar 15 00:37:58 +0000 2017","lang":"en","displayname":"christine_oblea","time_zone":"","msg":"RT JaDineNATION Congratulations for winning Nadine and Happy 3rd Anniversary JADINE NATION 💜 YeyyyyyNadineWinsTheBlimp https//tc…"}
{"tweet_id":841810671641718784,"created_unixtime":1489538278862,"created_time":"Wed Mar 15 00:37:58 +0000 2017","lang":"en","displayname":"noellezar","time_zone":"Pacific Time (US & Canada)","msg":"If ur sad just look at this Jacenorman https//tco/ASH42aMzEO"}
{"tweet_id":841810672006520832,"created_unixtime":1489538278949,"created_time":"Wed Mar 15 00:37:58 +0000 2017","lang":"en","displayname":"ShrutiMathur17","time_zone":"","msg":"TheVampsCon Happy birthday Angel I hope your special day will bring you lots of happiness love and fun You deserve them a lot Enjoy"}
{"tweet_id":841810671809527812,"created_unixtime":1489538278902,"created_time":"Wed Mar 15 00:37:58 +0000 2017","lang":"en","displayname":"_ajkadolph","time_zone":"","msg":"So happy JohnWesleyShipp is back today TheFlash"}
{"tweet_id":841810671838887936,"created_unixtime":1489538278909,"created_time":"Wed Mar 15 00:37:58 +0000 2017","lang":"en","displayname":"sgriffin777","time_zone":"","msg":"RT robinthede Really Some are disappointed that maddow only has 2005 Like you would only be happy w/ 20 yrs of indepth tax analysis…"}
{"tweet_id":841810672266694656,"created_unixtime":1489538279011,"created_time":"Wed Mar 15 00:37:59 +0000 2017","lang":"en","displayname":"nicoledanyelle_","time_zone":"","msg":"RT annicanns I am not a bad person for the way Im choosing to be happy"}
{"tweet_id":841810672136642561,"created_unixtime":1489538278980,"created_time":"Wed Mar 15 00:37:58 +0000 2017","lang":"en","displayname":"GrimMorality","time_zone":"","msg":"Happy Birthday to me 😍🔥😍 https//tco/pIxX36z3kE"}
{"tweet_id":841810672455368704,"created_unixtime":1489538279056,"created_time":"Wed Mar 15 00:37:59 +0000 2017","lang":"en","displayname":"Jackieramirez89","time_zone":"Pacific Time (US & Canada)","msg":"RT Fanyxo_ Little things make me so happy"}
{"tweet_id":841810672031797252,"created_unixtime":1489538278955,"created_time":"Wed Mar 15 00:37:58 +0000 2017","lang":"en","displayname":"RFergusonnn","time_zone":"Amsterdam","msg":"RT Stormzy1 Do what makes you happy mate"}
{"tweet_id":841810672098897922,"created_unixtime":1489538278971,"created_time":"Wed Mar 15 00:37:58 +0000 2017","lang":"en","displayname":"TracyKHilbun","time_zone":"America/New_York","msg":"Happy PiDay https//tco/dTk1W2EYj5"}
{"tweet_id":841810672824475648,"created_unixtime":1489538279144,"created_time":"Wed Mar 15 00:37:59 +0000 2017","lang":"en","displayname":"toby27roby","time_zone":"","msg":"RT cieraarenee happy birthday toby27roby miss you 💚"}
{"tweet_id":841810672551882752,"created_unixtime":1489538279079,"created_time":"Wed Mar 15 00:37:59 +0000 2017","lang":"en","displayname":"emilykburgesss","time_zone":"","msg":"lol this is me https//tco/HeYRP4Nrd4"}
{"tweet_id":841810673311002624,"created_unixtime":1489538279260,"created_time":"Wed Mar 15 00:37:59 +0000 2017","lang":"en","displayname":"brookeat_","time_zone":"Pacific Time (US & Canada)","msg":"RT Cyn_Santana Hmmm think I wanna eat ice cream watch sad movies and cry all night Send those movies in guys ☺"}
{"tweet_id":841810673478729728,"created_unixtime":1489538279300,"created_time":"Wed Mar 15 00:37:59 +0000 2017","lang":"en","displayname":"_ninaxoxo__","time_zone":"","msg":"RT passionfuI I high key just wanna make sure you’re happy as fuck"}
{"tweet_id":841810673181044738,"created_unixtime":1489538279229,"created_time":"Wed Mar 15 00:37:59 +0000 2017","lang":"en","displayname":"maddiehayse","time_zone":"","msg":"thank youuu D https//tco/E0kTXxYSWA"}
{"tweet_id":841810673780809729,"created_unixtime":1489538279372,"created_time":"Wed Mar 15 00:37:59 +0000 2017","lang":"en","displayname":"___xpauline","time_zone":"Hawaii","msg":"I want somebody to be geeked over me😍 who cant stand not talking to me who always miss me amp wanna make me happy 😩❤️"}
{"tweet_id":841810674196000768,"created_unixtime":1489538279471,"created_time":"Wed Mar 15 00:37:59 +0000 2017","lang":"en","displayname":"jujuhaili","time_zone":"","msg":"RT hidden saying im tired when youre actually sad"}
{"tweet_id":841810674351128576,"created_unixtime":1489538279508,"created_time":"Wed Mar 15 00:37:59 +0000 2017","lang":"en","displayname":"JadineLovee","time_zone":"","msg":"RT JaDinexWolves HAPPY 3RD ANNIVERSARY BEST FANS IN THE WORLD 💜 LetOurPurpleHeartsShineAt3 https//tco/9gL71MXt3x"}
{"tweet_id":841810674258964480,"created_unixtime":1489538279486,"created_time":"Wed Mar 15 00:37:59 +0000 2017","lang":"en","displayname":"jesylnelsons","time_zone":"Central Time (US & Canada)","msg":"RT TheLaunchMag Happy Birthday Merlin SantanaRIP https//tco/nPmanF6qYN"}
{"tweet_id":841810673839427585,"created_unixtime":1489538279386,"created_time":"Wed Mar 15 00:37:59 +0000 2017","lang":"en","displayname":"BandiSailaja","time_zone":"","msg":"RT Perimeter Happy PiDay and HappyBirthday AlbertEinstein too https//tco/W3JpVejck8"}
{"tweet_id":841810674783289345,"created_unixtime":1489538279611,"created_time":"Wed Mar 15 00:37:59 +0000 2017","lang":"en","displayname":"ohdogone","time_zone":"","msg":"Happy Pi Day  Celebrate wisely your microwave is watching  PiDay  AmericanPie"}
{"tweet_id":841810674690981889,"created_unixtime":1489538279589,"created_time":"Wed Mar 15 00:37:59 +0000 2017","lang":"en","displayname":"CrenshaawMafia","time_zone":"","msg":"RT Cyn_Santana Hmmm think I wanna eat ice cream watch sad movies and cry all night Send those movies in guys ☺"}
{"tweet_id":841810675013885952,"created_unixtime":1489538279666,"created_time":"Wed Mar 15 00:37:59 +0000 2017","lang":"en","displayname":"Wr3cksauce","time_zone":"Pacific Time (US & Canada)","msg":"scumfuk happy early birthday"}
{"tweet_id":841810673021681664,"created_unixtime":1489538279191,"created_time":"Wed Mar 15 00:37:59 +0000 2017","lang":"en","displayname":"OwenBenjamin","time_zone":"Pacific Time (US & Canada)","msg":"Happy family photo https//tco/AS5RPwdgwN"}
{"tweet_id":841810674955259904,"created_unixtime":1489538279652,"created_time":"Wed Mar 15 00:37:59 +0000 2017","lang":"en","displayname":"AthleneE","time_zone":"","msg":"SarahGreenmore happy pi day Little nerd humor today"}
{"tweet_id":841810675223670784,"created_unixtime":1489538279716,"created_time":"Wed Mar 15 00:37:59 +0000 2017","lang":"en","displayname":"5taystr0ng","time_zone":"Brasilia","msg":"RT hidden saying im tired when youre actually sad"}
{"tweet_id":841810675949309952,"created_unixtime":1489538279889,"created_time":"Wed Mar 15 00:37:59 +0000 2017","lang":"en","displayname":"bIueguitar","time_zone":"Brasilia","msg":"q SherriSaum1 a thing about Stef that you love with all your heart thefosterschat THANK U FOR SAYING HI TO MY GIRL SHES SO HAPPY lt3"}
{"tweet_id":841810675789885440,"created_unixtime":1489538279851,"created_time":"Wed Mar 15 00:37:59 +0000 2017","lang":"und","displayname":"irene_ritz","time_zone":"","msg":"Oml 😂 https//tco/dMrvSYd3gn"}
{"tweet_id":841810676154826752,"created_unixtime":1489538279938,"created_time":"Wed Mar 15 00:37:59 +0000 2017","lang":"en","displayname":"Official_Jake_S","time_zone":"","msg":"vincenzoj28 happy birthday bro"}
{"tweet_id":841810675999637505,"created_unixtime":1489538279901,"created_time":"Wed Mar 15 00:37:59 +0000 2017","lang":"en","displayname":"sopprins","time_zone":"","msg":"RT Elverojaguar Happy monday for all 🍃🍀😸🐾🎈😽🐾🎈😻🐾🎈🐾🐾🐾🐾 https//tco/GCN1xRX8y1"}
{"tweet_id":841810676427317250,"created_unixtime":1489538280003,"created_time":"Wed Mar 15 00:38:00 +0000 2017","lang":"tl","displayname":"jhamfelicitas","time_zone":"","msg":"RT sammangubat Happy 250K LikesNapanood niyo po ba yung performance ko kanina sa Its ShowtimeYou can watch it here https//tco/…"}
{"tweet_id":841810676456787970,"created_unixtime":1489538280010,"created_time":"Wed Mar 15 00:38:00 +0000 2017","lang":"en","displayname":"EvanMcCabe48","time_zone":"","msg":"superwebstercsd back in my day we had to walk 7 miles barefoot in the snow and then take Dykstras pop quiz on precipitation Sad"}
{"tweet_id":841810676402262017,"created_unixtime":1489538279997,"created_time":"Wed Mar 15 00:37:59 +0000 2017","lang":"en","displayname":"mmpepe_","time_zone":"Atlantic Time (Canada)","msg":"RT akaDaniDaniels Happy Steak and Blowjob Day New Blowjob Video up at https//tco/QoKLFs16H3  https//tco/Q8ClXSCc2x"}
{"tweet_id":841810676515401728,"created_unixtime":1489538280024,"created_time":"Wed Mar 15 00:38:00 +0000 2017","lang":"en","displayname":"butterfli253","time_zone":"","msg":"RT FEATYONGGUK himchan always takes care of the members and makes sure that theyre happy and loved baps actual sunshine https//tco/b…"}
{"tweet_id":841810676607733760,"created_unixtime":1489538280046,"created_time":"Wed Mar 15 00:38:00 +0000 2017","lang":"en","displayname":"Richmond_Lee","time_zone":"Quito","msg":"WeeabooNinja Im very happy for you I cant wait to get a Switch"}
{"tweet_id":841810676775550976,"created_unixtime":1489538280086,"created_time":"Wed Mar 15 00:38:00 +0000 2017","lang":"en","displayname":"CallMeJayy__","time_zone":"Eastern Time (US & Canada)","msg":"RT D_Deji28 Do you guys know why he was killed A girl lied that he raped her and her brother shot him dead https//tco/IWDVDZp3rz"}
{"tweet_id":841810677580873732,"created_unixtime":1489538280278,"created_time":"Wed Mar 15 00:38:00 +0000 2017","lang":"en","displayname":"malicoat_babeyy","time_zone":"Mountain Time (US & Canada)","msg":"RT JustAGirIThing Someone When was the last time u were truly happy Me https//tco/YTSjNOreRU"}
{"tweet_id":841810677710901248,"created_unixtime":1489538280309,"created_time":"Wed Mar 15 00:38:00 +0000 2017","lang":"en","displayname":"CarlaOehme","time_zone":"","msg":"RT RogueLeaks Finally Im free and he will be served the justice he deserves jail we can move on with our healingIve never felt so…"}
{"tweet_id":841810677769502720,"created_unixtime":1489538280323,"created_time":"Wed Mar 15 00:38:00 +0000 2017","lang":"en","displayname":"ChyphenLill","time_zone":"Eastern Time (US & Canada)","msg":"i may look happy but im completely broken"}
{"tweet_id":841810678008573952,"created_unixtime":1489538280380,"created_time":"Wed Mar 15 00:38:00 +0000 2017","lang":"en","displayname":"_nataliaabutt","time_zone":"","msg":"Its been a day since peewee left to TPG and Im already sad i have nothing to look forward to on the weekends anymore but its coo 🤕"}
{"tweet_id":841810678247747584,"created_unixtime":1489538280437,"created_time":"Wed Mar 15 00:38:00 +0000 2017","lang":"en","displayname":"katierw80","time_zone":"","msg":"MomItForward A6 Everything about food makes me happy Ice cream is a fav Hear there is avocado ice cream GNO AvoHappiness"}
{"tweet_id":841810678566551552,"created_unixtime":1489538280513,"created_time":"Wed Mar 15 00:38:00 +0000 2017","lang":"en","displayname":"MicaelaRoman","time_zone":"","msg":"RT passionfuI I high key just wanna make sure you’re happy as fuck"}
{"tweet_id":841810677928976385,"created_unixtime":1489538280361,"created_time":"Wed Mar 15 00:38:00 +0000 2017","lang":"en","displayname":"javamom66","time_zone":"","msg":"RT SOS_KY No other govt sector does this When were not happy with our military do we start a new one to compete with them NoHB520 …"}
{"tweet_id":841810678662991874,"created_unixtime":1489538280536,"created_time":"Wed Mar 15 00:38:00 +0000 2017","lang":"zh","displayname":"mbbinhyuk","time_zone":"Pacific Time (US & Canada)","msg":"RT june007780 Happy JinJin Day ❤️생일축하해용🎂  然後補了上週缺了的大哥😂ASTRO JINJIN 진진 MJ HAPPYJINJINDAY https//tco/zRRnEyhvjC"}
{"tweet_id":841810678553968640,"created_unixtime":1489538280510,"created_time":"Wed Mar 15 00:38:00 +0000 2017","lang":"en","displayname":"AlecMabie24","time_zone":"Central Time (US & Canada)","msg":"Brock_Stull Happy Birthday bro Have a good one"}
{"tweet_id":841810677547302913,"created_unixtime":1489538280270,"created_time":"Wed Mar 15 00:38:00 +0000 2017","lang":"en","displayname":"bvogel18","time_zone":"","msg":"happy birthday to this precious lil human love you lots ❤🎈🎉 mad1e2000 https//tco/pCCCBNsS8Z"}
{"tweet_id":841810678901960705,"created_unixtime":1489538280593,"created_time":"Wed Mar 15 00:38:00 +0000 2017","lang":"tl","displayname":"Regin76Regina","time_zone":"","msg":"RT jaysondmx Yung mga nag hahanap ng FAs ko Eto thread From 2015 to july 2016 reposted nung first Aniv 🙂… "}
{"tweet_id":841810678956601346,"created_unixtime":1489538280606,"created_time":"Wed Mar 15 00:38:00 +0000 2017","lang":"en","displayname":"AnnaJasinski1","time_zone":"Pacific Time (US & Canada)","msg":"Happy birthday Lane_Hein thanks for fun times and being a good bud🙃"}
{"tweet_id":841810679371771904,"created_unixtime":1489538280705,"created_time":"Wed Mar 15 00:38:00 +0000 2017","lang":"en","displayname":"09Lavenis","time_zone":"","msg":"RT PBBKAHOUSE I cried I was sad I was guilty I was everything Edward MBMayWard"}
{"tweet_id":841810679115993088,"created_unixtime":1489538280644,"created_time":"Wed Mar 15 00:38:00 +0000 2017","lang":"en","displayname":"kayjaydee_","time_zone":"Pacific Time (US & Canada)","msg":"RT ayant__ seeing him makes me sooo happy  and he just dont understand😭"}
{"tweet_id":841810679396999170,"created_unixtime":1489538280711,"created_time":"Wed Mar 15 00:38:00 +0000 2017","lang":"en","displayname":"areannajohns122","time_zone":"","msg":"RT barrybrianna49 Its so sad how the people u used to be best friends w ampshare ur entire life w dont even communicate w u anymore ampu act…"}
{"tweet_id":841810679468306432,"created_unixtime":1489538280728,"created_time":"Wed Mar 15 00:38:00 +0000 2017","lang":"en","displayname":"LynchReonna","time_zone":"","msg":"RT D_Deji28 Do you guys know why he was killed A girl lied that he raped her and her brother shot him dead https//tco/IWDVDZp3rz"}
{"tweet_id":841810679610892288,"created_unixtime":1489538280762,"created_time":"Wed Mar 15 00:38:00 +0000 2017","lang":"en","displayname":"jjxmxo","time_zone":"","msg":"RT richthekid Focus on what makes you happy"}
{"tweet_id":841810679396999169,"created_unixtime":1489538280711,"created_time":"Wed Mar 15 00:38:00 +0000 2017","lang":"en","displayname":"XavierDLeau","time_zone":"Eastern Time (US & Canada)","msg":"he was so fine https//tco/DFkYaXB9lp"}
{"tweet_id":841810679199850496,"created_unixtime":1489538280664,"created_time":"Wed Mar 15 00:38:00 +0000 2017","lang":"en","displayname":"R_W_Adams","time_zone":"Eastern Time (US & Canada)","msg":"RT AbrasiveGhost Folks ask why I have a therapy goose if all it does is shit everywhere amp attack people but the answer is simple thats…"}
{"tweet_id":841810679552196608,"created_unixtime":1489538280748,"created_time":"Wed Mar 15 00:38:00 +0000 2017","lang":"en","displayname":"derousselle30","time_zone":"","msg":"RT D_Deji28 Do you guys know why he was killed A girl lied that he raped her and her brother shot him dead https//tco/IWDVDZp3rz"}
{"tweet_id":841810680193802240,"created_unixtime":1489538280901,"created_time":"Wed Mar 15 00:38:00 +0000 2017","lang":"en","displayname":"WrightTaliesin","time_zone":"Pacific Time (US & Canada)","msg":"RT Guggenheim Happy PiDay The iconic oculus in our museums rotunda contains 12 “pie slices” of glass https//tco/YOqT8yHOLm https//…"}
{"tweet_id":841810680164569088,"created_unixtime":1489538280894,"created_time":"Wed Mar 15 00:38:00 +0000 2017","lang":"en","displayname":"breadboycobyy","time_zone":"","msg":"RT breadboycobyy happy gloday brother♥️ love you la bih ima turn up for both of us FreeGoon RestDuke 💙🍞 https//tco/dajd50bRny"}
{"tweet_id":841810679942287361,"created_unixtime":1489538280841,"created_time":"Wed Mar 15 00:38:00 +0000 2017","lang":"en","displayname":"syqau","time_zone":"Hawaii","msg":"RT jsell1023 indigoblue65 syqau POTUS you are just wrong and transparently bias SAD"}
{"tweet_id":841810680697176064,"created_unixtime":1489538281021,"created_time":"Wed Mar 15 00:38:01 +0000 2017","lang":"ja","displayname":"k_on19911127","time_zone":"Osaka","msg":"RT qRxjWDAk0jmNPqj Happy Birthday！🎉👏おめでおおおお！園田海未生誕祭 園田海未生誕祭2017 3月15日は園田海未の誕生日 RTした人全員フォローする ラブライバーはRTラブライブ https//tco/Hca…"}
{"tweet_id":841810680885977088,"created_unixtime":1489538281066,"created_time":"Wed Mar 15 00:38:01 +0000 2017","lang":"en","displayname":"WillSmithTwts","time_zone":"Tijuana","msg":"You dont need too many people to be happy Just a few real ones who appreciate you for who you are"}
{"tweet_id":841810681401901056,"created_unixtime":1489538281189,"created_time":"Wed Mar 15 00:38:01 +0000 2017","lang":"en","displayname":"Krizzia171","time_zone":"","msg":"RT fthotladies I smile to make people happy but in my head it’s just to hide the pain so that people don’t ask me what’s wrong ALDUBxD…"}
{"tweet_id":841810680365883393,"created_unixtime":1489538280942,"created_time":"Wed Mar 15 00:38:00 +0000 2017","lang":"und","displayname":"yvng_han","time_zone":"","msg":"11111111111111111 https//tco/ommQ7LRpcT"}
{"tweet_id":841810681552818176,"created_unixtime":1489538281225,"created_time":"Wed Mar 15 00:38:01 +0000 2017","lang":"ja","displayname":"rubiyoshimaru","time_zone":"","msg":"RT shige5131 Happy Birthday♡ うみちゃん！うみちゃんと出会えて本当に良かった園田海未生誕祭2017 3月15日は園田海未の誕生日  祝う人RT RTした人全員フォローする https//tco/1FBYETFK7O"}
{"tweet_id":841810680634343425,"created_unixtime":1489538281006,"created_time":"Wed Mar 15 00:38:01 +0000 2017","lang":"en","displayname":"ItsKevinBruh","time_zone":"","msg":"RT richthekid Focus on what makes you happy"}
{"tweet_id":841810680957292544,"created_unixtime":1489538281083,"created_time":"Wed Mar 15 00:38:01 +0000 2017","lang":"en","displayname":"JMaraCarey","time_zone":"","msg":"RT 5HVotingStats Scared Of Happy FifthHarmony YouKnowYouLoveThem radiodisney"}
{"tweet_id":841810681406054400,"created_unixtime":1489538281190,"created_time":"Wed Mar 15 00:38:01 +0000 2017","lang":"en","displayname":"KobusEdward","time_zone":"","msg":"RT richthekid Focus on what makes you happy"}
{"tweet_id":841810681217323008,"created_unixtime":1489538281145,"created_time":"Wed Mar 15 00:38:01 +0000 2017","lang":"en","displayname":"vinyltaehyung","time_zone":"","msg":"RT yoongisoutfit 1 yoongi i dont think you should be rich to be happy i just need health family and music HappySugaDay ♥️ https/…"}
{"tweet_id":841810681041178624,"created_unixtime":1489538281103,"created_time":"Wed Mar 15 00:38:01 +0000 2017","lang":"en","displayname":"hannah_cabanna","time_zone":"Central Time (US & Canada)","msg":"RT ShockerLIFE If you look closely you can see all the studentathletes who received a 314 GPA or higher in the Fall Semester H… "}
{"tweet_id":841810681133334530,"created_unixtime":1489538281125,"created_time":"Wed Mar 15 00:38:01 +0000 2017","lang":"en","displayname":"itsshanzy_","time_zone":"","msg":"prnncssshrl happy birthday gorg 😋"}
{"tweet_id":841810682274291713,"created_unixtime":1489538281397,"created_time":"Wed Mar 15 00:38:01 +0000 2017","lang":"en","displayname":"leafykook","time_zone":"","msg":"RT namjoonsunrise NAMJOON LOOKS SO HAPPY AND HE IS ENJOYING LIFE https//tco/b3T9ysWTFs"}
{"tweet_id":841810681338957826,"created_unixtime":1489538281174,"created_time":"Wed Mar 15 00:38:01 +0000 2017","lang":"en","displayname":"FalaLeticia","time_zone":"Brasilia","msg":"RT keatingseve Im a villain and villains dont get happy endings https//tco/9Ij10kIkJH"}
{"tweet_id":841810680533544961,"created_unixtime":1489538280982,"created_time":"Wed Mar 15 00:38:00 +0000 2017","lang":"en","displayname":"Shamzymae","time_zone":"Pacific Time (US & Canada)","msg":"Happy 3rd Anniversary JaDines💜💜💜LetOurPurpleHeartsShineAt3"}
{"tweet_id":841810682614042628,"created_unixtime":1489538281478,"created_time":"Wed Mar 15 00:38:01 +0000 2017","lang":"en","displayname":"tenkifu","time_zone":"","msg":"RT torihimeminya OH MY GOD THIS WEEK HAS BEEN LITERAL HELL BUT I RANKED 3RD FOR TORI IM SO HAPPY I COULD CRY I LOVE HIM SOSOSO… "}
{"tweet_id":841810681917665280,"created_unixtime":1489538281312,"created_time":"Wed Mar 15 00:38:01 +0000 2017","lang":"ja","displayname":"itutpap","time_zone":"Tokyo","msg":"iTunes19位　あんさんぶるスターズ！  Happy Elements KK　価格：入手　リリース日：2015年5月1日 https//tco/nu193C2HjH"}
{"tweet_id":841810682177806336,"created_unixtime":1489538281374,"created_time":"Wed Mar 15 00:38:01 +0000 2017","lang":"en","displayname":"ThatKidAtFAU","time_zone":"Eastern Time (US & Canada)","msg":"Happy PiDay Eat sum pie to celebr8"}
{"tweet_id":841810682358169601,"created_unixtime":1489538281417,"created_time":"Wed Mar 15 00:38:01 +0000 2017","lang":"en","displayname":"fronterac","time_zone":"Central Time (US & Canada)","msg":"Happy PiDay Its Pi Day Here are 314 facts about pi  The Vergehttps//tco/R4oRW2dktY https//tco/ZFnAEbU6ur"}
{"tweet_id":841810682429476865,"created_unixtime":1489538281434,"created_time":"Wed Mar 15 00:38:01 +0000 2017","lang":"en","displayname":"SweetSweetHazza","time_zone":"Pacific Time (US & Canada)","msg":"Harry_Styles Youre the reason of my smile I love you and Im proud of you I would be very happy if you follow me one day ❤️  763"}
{"tweet_id":841810682748190721,"created_unixtime":1489538281510,"created_time":"Wed Mar 15 00:38:01 +0000 2017","lang":"en","displayname":"JadineLovee","time_zone":"","msg":"RT RealTillIMetYou Happy third anniversary JaDines ange LetOurPurpleHeartsShineAt3"}
{"tweet_id":841810683226406912,"created_unixtime":1489538281624,"created_time":"Wed Mar 15 00:38:01 +0000 2017","lang":"en","displayname":"wafflequeen123","time_zone":"","msg":"JoeyGraceffa YouTube why are you even asking YYYYYAAAAASSSSSS QUEEN DO IT only if it makes you happy though"}
{"tweet_id":841810683712872449,"created_unixtime":1489538281740,"created_time":"Wed Mar 15 00:38:01 +0000 2017","lang":"en","displayname":"aenahooolic","time_zone":"Taipei","msg":"Not so happy with my daily routine every work Cant eat a meal before going to work amp cant even eat breakfast here at home 😓"}
{"tweet_id":841810683830382594,"created_unixtime":1489538281768,"created_time":"Wed Mar 15 00:38:01 +0000 2017","lang":"en","displayname":"lizz199531","time_zone":"","msg":"RT 5HVotingStats Scared Of Happy FifthHarmony YouKnowYouLoveThem radiodisney"}
{"tweet_id":841810683821973505,"created_unixtime":1489538281766,"created_time":"Wed Mar 15 00:38:01 +0000 2017","lang":"en","displayname":"Baz4peace","time_zone":"Pacific Time (US & Canada)","msg":"RT Baz4peace Its sad sad sadwhile the world community carisbrook5 realDonaldTrump nikkihaley MiaFarrow BiancaJagger… "}
{"tweet_id":841810683377283072,"created_unixtime":1489538281660,"created_time":"Wed Mar 15 00:38:01 +0000 2017","lang":"en","displayname":"sssabrrss","time_zone":"","msg":"RT weareallnuggets Im sorry youre sadIf youre sad you shouldnt beBecause sad backwards is dasAnd das not goodGo buy yourself…"}
{"tweet_id":841810683964579840,"created_unixtime":1489538281800,"created_time":"Wed Mar 15 00:38:01 +0000 2017","lang":"en","displayname":"NiKS2NASTY","time_zone":"","msg":"you know whats sad i cant say lets study human anatomy with a sexy undertone cause i actually do have to study it and its not as fun"}
{"tweet_id":841810684249804801,"created_unixtime":1489538281868,"created_time":"Wed Mar 15 00:38:01 +0000 2017","lang":"en","displayname":"MommysBlckParty","time_zone":"Quito","msg":"RT MomItForward Q6 DOES FOOD MAKE YOU HAPPY WHAT DISHES MAKE YOU THE HAPPIEST AvoHappiness GNO PLS RT"}
{"tweet_id":841810684430168065,"created_unixtime":1489538281911,"created_time":"Wed Mar 15 00:38:01 +0000 2017","lang":"en","displayname":"estatile4","time_zone":"","msg":"sarahhh_24 emilyy_shayy happy birthday beauties Miss you both and love u gals hope youve had a fab day today✨💓💫💛🎉🍸"}
{"tweet_id":841810684522373120,"created_unixtime":1489538281933,"created_time":"Wed Mar 15 00:38:01 +0000 2017","lang":"en","displayname":"Cak__Ram","time_zone":"","msg":"Awesome 😋 https//tco/opYZdvPIxj"}
{"tweet_id":841810684358856704,"created_unixtime":1489538281894,"created_time":"Wed Mar 15 00:38:01 +0000 2017","lang":"en","displayname":"amarilisparra","time_zone":"","msg":"RT ImagineErotica Dating someone is so cool like hey I like you and you like me lets hangout and have inside jokes and kiss each other a…"}
{"tweet_id":841810684639891456,"created_unixtime":1489538281961,"created_time":"Wed Mar 15 00:38:01 +0000 2017","lang":"en","displayname":"TWFedIT","time_zone":"Eastern Time (US & Canada)","msg":"RT FBIMostWanted Happy 67th Birthday to the FBI Ten Most Wanted Fugitives List created on March 14 1950 https//tco/aaf7lqVtLn"}
{"tweet_id":841810684488912896,"created_unixtime":1489538281925,"created_time":"Wed Mar 15 00:38:01 +0000 2017","lang":"en","displayname":"thnksfrjtrhmn","time_zone":"","msg":"RT patrickstumpbot You make me so sad This is my sad face  Thats me sad"}
{"tweet_id":841810684837007360,"created_unixtime":1489538282008,"created_time":"Wed Mar 15 00:38:02 +0000 2017","lang":"en","displayname":"swdavies49","time_zone":"","msg":"FancyPantsMer what makes the two of you happy and functional"}
{"tweet_id":841810685189275648,"created_unixtime":1489538282092,"created_time":"Wed Mar 15 00:38:02 +0000 2017","lang":"en","displayname":"ajazmine_","time_zone":"Arizona","msg":"RT the_undergod ajazmine_ happy birthday G May life forever bless this year for you🎈🎈🎉🎊"}
{"tweet_id":841810684908257280,"created_unixtime":1489538282025,"created_time":"Wed Mar 15 00:38:02 +0000 2017","lang":"ja","displayname":"y0u0b","time_zone":"Tokyo","msg":"更新！makes me happy 2 utuku https//tco/vNF9idnekl"}
{"tweet_id":841810684233043968,"created_unixtime":1489538281864,"created_time":"Wed Mar 15 00:38:01 +0000 2017","lang":"en","displayname":"_TheRealMayer_","time_zone":"Atlantic Time (Canada)","msg":"RT XLNB The corrupt media and failing Rachel Maddow desperate Anything to stop us from Making America Great Again Fake… "}
{"tweet_id":841810682685325312,"created_unixtime":1489538281495,"created_time":"Wed Mar 15 00:38:01 +0000 2017","lang":"en","displayname":"youssef_etreby","time_zone":"","msg":"momenessa21 happy birthday💕💕"}
{"tweet_id":841810685009002497,"created_unixtime":1489538282049,"created_time":"Wed Mar 15 00:38:02 +0000 2017","lang":"en","displayname":"PatrickGriffi","time_zone":"","msg":"Thank you Hanna❤☺️ https//tco/GAIFyqleSc"}
{"tweet_id":841810685331968000,"created_unixtime":1489538282126,"created_time":"Wed Mar 15 00:38:02 +0000 2017","lang":"en","displayname":"cIits","time_zone":"Atlantic Time (Canada)","msg":"RT Vulnerable its so sad and frustrating when you try your hardest but people still dont find it good enough"}
{"tweet_id":841810685940109312,"created_unixtime":1489538282271,"created_time":"Wed Mar 15 00:38:02 +0000 2017","lang":"en","displayname":"ritapeters77","time_zone":"Eastern Time (US & Canada)","msg":"BQQuinn happy birthday Q Youre not alone with cats Unless you want pussy of a different kind get out there and make it happen"}
{"tweet_id":841810681951358976,"created_unixtime":1489538281320,"created_time":"Wed Mar 15 00:38:01 +0000 2017","lang":"en","displayname":"Coach_Amann","time_zone":"Eastern Time (US & Canada)","msg":"RT Simone_Biles happy birthday to all the march 14th babies  🖤"}
{"tweet_id":841810686225264641,"created_unixtime":1489538282339,"created_time":"Wed Mar 15 00:38:02 +0000 2017","lang":"en","displayname":"nandaaa2305","time_zone":"Jakarta","msg":"I would be very happy yo have u as my patient 😂😂😂 https//tco/GYmavzdw88"}
{"tweet_id":841810686174982144,"created_unixtime":1489538282327,"created_time":"Wed Mar 15 00:38:02 +0000 2017","lang":"en","displayname":"tmsjub5","time_zone":"","msg":"RT CHS_Voice ALERT School is closed tomorrow Wednesday Early notice b/c Mr Hoose wanted to allow time to plan Stay safe amp warm and…"}
{"tweet_id":841810686430789633,"created_unixtime":1489538282388,"created_time":"Wed Mar 15 00:38:02 +0000 2017","lang":"en","displayname":"Chantic","time_zone":"Greenland","msg":"RT DusklightMemory teach me brailletame the darkpoint out the sweet liesunraveling my mindsuffering devotionmy hearts bubble bu… "}
{"tweet_id":841810686007226369,"created_unixtime":1489538282287,"created_time":"Wed Mar 15 00:38:02 +0000 2017","lang":"en","displayname":"sonyavolz","time_zone":"Eastern Time (US & Canada)","msg":"Elizabeth Ann is somewhere in there  So happy she got this opportunity with her youth leadership group https//tco/Dxao2mEupR"}
{"tweet_id":841810686745366528,"created_unixtime":1489538282463,"created_time":"Wed Mar 15 00:38:02 +0000 2017","lang":"en","displayname":"hafizwatimin","time_zone":"","msg":"RT NurAdibahAyuni Happy birthday to my fav nyett Lebiuucoomuchh nxdixrozlxn 🐒💕💕💕 https//tco/foDvCXxnIJ"}
{"tweet_id":841810686737031170,"created_unixtime":1489538282461,"created_time":"Wed Mar 15 00:38:02 +0000 2017","lang":"en","displayname":"eliannalamadrid","time_zone":"","msg":"RT passionfuI I high key just wanna make sure you’re happy as fuck"}
{"tweet_id":841810686980325381,"created_unixtime":1489538282519,"created_time":"Wed Mar 15 00:38:02 +0000 2017","lang":"en","displayname":"rsfreebird","time_zone":"Eastern Time (US & Canada)","msg":"RT PA7KY Happy to announce that as of the 27th March I will be managing the UK Partnership for Twitch  Looking forward sta… "}
{"tweet_id":841810687420592129,"created_unixtime":1489538282624,"created_time":"Wed Mar 15 00:38:02 +0000 2017","lang":"en","displayname":"acks99","time_zone":"","msg":"RT KenJennings The Ugly Duckling is my favorite story about how if youre unpopular amp sad you might still turn it around if your look…"}
{"tweet_id":841810687378747393,"created_unixtime":1489538282614,"created_time":"Wed Mar 15 00:38:02 +0000 2017","lang":"en","displayname":"sixvibes","time_zone":"Pacific Time (US & Canada)","msg":"RT sobbed i hate getting so sad to the point where my body completely shuts down and all i can do is just lay there and think about all…"}
{"tweet_id":841810687454240768,"created_unixtime":1489538282632,"created_time":"Wed Mar 15 00:38:02 +0000 2017","lang":"en","displayname":"scenicvibe","time_zone":"Eastern Time (US & Canada)","msg":"RT Vulnerable its so sad and frustrating when you try your hardest but people still dont find it good enough"}
{"tweet_id":841810687772975104,"created_unixtime":1489538282708,"created_time":"Wed Mar 15 00:38:02 +0000 2017","lang":"en","displayname":"sexwnatcha","time_zone":"","msg":"RT PoeticalIylost you gotta understand that ill never be the type to beg you to stay if you decide to leave ill be sad but i wont ch…"}
{"tweet_id":841810686921568256,"created_unixtime":1489538282505,"created_time":"Wed Mar 15 00:38:02 +0000 2017","lang":"en","displayname":"NevarezJaz","time_zone":"Eastern Time (US & Canada)","msg":"RT dazekins NevarezJaz aw youre so pretty happy birthday "}
{"tweet_id":841810688469274624,"created_unixtime":1489538282874,"created_time":"Wed Mar 15 00:38:02 +0000 2017","lang":"en","displayname":"Silenceful","time_zone":"London","msg":"RT sobbed i hate getting so sad to the point where my body completely shuts down and all i can do is just lay there and think about all…"}
{"tweet_id":841810688490233856,"created_unixtime":1489538282879,"created_time":"Wed Mar 15 00:38:02 +0000 2017","lang":"en","displayname":"preaching","time_zone":"Pacific Time (US & Canada)","msg":"RT Vulnerable its so sad and frustrating when you try your hardest but people still dont find it good enough"}
{"tweet_id":841810688850841600,"created_unixtime":1489538282965,"created_time":"Wed Mar 15 00:38:02 +0000 2017","lang":"en","displayname":"ItsmeHiromi","time_zone":"","msg":"RT ZacEfron Happy birthday Simone_Biles Hope youre having an incredible day 🎉🎂🎉"}
{"tweet_id":841810687198416897,"created_unixtime":1489538282571,"created_time":"Wed Mar 15 00:38:02 +0000 2017","lang":"en","displayname":"Katiep3147","time_zone":"Central Time (US & Canada)","msg":"Thanks you bad thang😜 ily https//tco/gACEbEbP0L"}
{"tweet_id":841810688603521025,"created_unixtime":1489538282906,"created_time":"Wed Mar 15 00:38:02 +0000 2017","lang":"en","displayname":"AvosfromMexico","time_zone":"Pacific Time (US & Canada)","msg":"starspowers There should be more people as happy as you Share your AvoHappiness https//tco/8px885pATe"}
{"tweet_id":841810689073205248,"created_unixtime":1489538283018,"created_time":"Wed Mar 15 00:38:03 +0000 2017","lang":"en","displayname":"Cak__Ram","time_zone":"","msg":"RT glad_ys03 happy buttday 💋 let me know what you think mybooty nungging retweet https//tco/RfWz9lbLKQ"}
