{"tweet_id":841809949042728960,"created_unixtime":1489538106581,"created_time":"Wed Mar 15 00:35:06 +0000 2017","lang":"en","displayname":"vkooktaehkook","time_zone":"","msg":"RT RM_ARCHIVE they make me so happy 😊 i love best friends https//tco/DQszn1ARR8"}
{"tweet_id":841809949093064704,"created_unixtime":1489538106593,"created_time":"Wed Mar 15 00:35:06 +0000 2017","lang":"en","displayname":"ManyParada","time_zone":"Eastern Time (US & Canada)","msg":"RT Ionerboo I think Im afraid to be happy because whenever I get too happy something bad always happens"}
{"tweet_id":841809948996689920,"created_unixtime":1489538106570,"created_time":"Wed Mar 15 00:35:06 +0000 2017","lang":"en","displayname":"David_F_Radford","time_zone":"Eastern Time (US & Canada)","msg":"Why is the world community China ignoring the plight of North Koreans So sad Definitely will pray for there https//tco/Fkqo1z5nMD"}
{"tweet_id":841809949223227392,"created_unixtime":1489538106624,"created_time":"Wed Mar 15 00:35:06 +0000 2017","lang":"en","displayname":"WeekndDruggs","time_zone":"","msg":"RT preaching my main focus is to better myself be successful and be happy so if you arent contributing to that then i dont need you i…"}
{"tweet_id":841809949068013568,"created_unixtime":1489538106587,"created_time":"Wed Mar 15 00:35:06 +0000 2017","lang":"en","displayname":"TheSwoleSan","time_zone":"Central Time (US & Canada)","msg":"RT unbibs its 3/14 happy Pi π 314159265359 day https//tco/QSMtQI9mXJ"}
{"tweet_id":841809949504245760,"created_unixtime":1489538106691,"created_time":"Wed Mar 15 00:35:06 +0000 2017","lang":"en","displayname":"leokhaled","time_zone":"","msg":"RT hidden saying im tired when youre actually sad"}
{"tweet_id":841809949604814848,"created_unixtime":1489538106715,"created_time":"Wed Mar 15 00:35:06 +0000 2017","lang":"ko","displayname":"Diemus_Omg","time_zone":"Pacific Time (US & Canada)","msg":"RT FF14_TENSHIELD 파이널판타지14 패치 33 추가 지역소르 카이 Sohr Khai는 드래곤족 언어로so[h]r  apology / k[h]ai  sad 슬픈 사죄라는 뜻을 담고 있습니다소[호]르 크… "}
{"tweet_id":841809949445509120,"created_unixtime":1489538106677,"created_time":"Wed Mar 15 00:35:06 +0000 2017","lang":"en","displayname":"PatricksPeople","time_zone":"London","msg":"Have voted SNP for the leadership theyve shown in defending Scotlands interestsIn Scotref Im happy to stand with Yessers of all parties"}
{"tweet_id":841809949390974976,"created_unixtime":1489538106664,"created_time":"Wed Mar 15 00:35:06 +0000 2017","lang":"en","displayname":"karamagica","time_zone":"Central Time (US & Canada)","msg":"RT lostpanda Happy Pi day https//tco/tMJq9uUeRk"}
{"tweet_id":841809949541994496,"created_unixtime":1489538106700,"created_time":"Wed Mar 15 00:35:06 +0000 2017","lang":"en","displayname":"milliea12","time_zone":"Georgetown","msg":"Ohhh yesss Happy birthday bro https//tco/1aCGSumN4H"}
{"tweet_id":841809950082916352,"created_unixtime":1489538106829,"created_time":"Wed Mar 15 00:35:06 +0000 2017","lang":"ja","displayname":"cbr250yu","time_zone":"","msg":"日々の生活にhappyをプラスする｜ハピタス https//tco/o60elYVo1J …"}
{"tweet_id":841809949957206017,"created_unixtime":1489538106799,"created_time":"Wed Mar 15 00:35:06 +0000 2017","lang":"en","displayname":"softshirt","time_zone":"Eastern Time (US & Canada)","msg":"RT dontdje this deadass doesnt even look like me but u can see how red my nose is through the filter how sad https//tco/bmDXlV4BAp"}
{"tweet_id":841809949214822400,"created_unixtime":1489538106622,"created_time":"Wed Mar 15 00:35:06 +0000 2017","lang":"en","displayname":"jetlaggedjones","time_zone":"","msg":"RT ArtCultureking Happy 314day working on a whole animation this is the first character DABBIT https//tco/t7rssr8UZz"}
{"tweet_id":841809949957226497,"created_unixtime":1489538106799,"created_time":"Wed Mar 15 00:35:06 +0000 2017","lang":"en","displayname":"katieauger12","time_zone":"Eastern Time (US & Canada)","msg":"So happy I got to see my favorite person tonight ❤😍  Saint Johns… https//tco/flDy2uhoUC"}
{"tweet_id":841809950263382016,"created_unixtime":1489538106872,"created_time":"Wed Mar 15 00:35:06 +0000 2017","lang":"en","displayname":"justtingodin","time_zone":"","msg":"RT Johnnaburchell Someone come into my life and make me happy thx"}
{"tweet_id":841809950422650887,"created_unixtime":1489538106910,"created_time":"Wed Mar 15 00:35:06 +0000 2017","lang":"en","displayname":"chris_drop","time_zone":"","msg":"cavs CavsPistons Im loving it right now Im so happy jrsmith his back back on the threepoint line putting in work"}
{"tweet_id":841809950452113408,"created_unixtime":1489538106917,"created_time":"Wed Mar 15 00:35:06 +0000 2017","lang":"en","displayname":"EvaOsipyants","time_zone":"Eastern Time (US & Canada)","msg":"RT kashanacauley Weve all set a world record for how happy anyone can be when thinking about tax returns"}
{"tweet_id":841809950494060545,"created_unixtime":1489538106927,"created_time":"Wed Mar 15 00:35:06 +0000 2017","lang":"en","displayname":"palomalomalita","time_zone":"","msg":"RT cadillacmattt Cant believe you went to see my nana without me https//tco/xYcGMWD6Is"}
{"tweet_id":841809950586236928,"created_unixtime":1489538106949,"created_time":"Wed Mar 15 00:35:06 +0000 2017","lang":"en","displayname":"kath_erinejm","time_zone":"","msg":"RT neiltyson 314  Happy Piday to Gregorian calendar users who reckon dates with month followed by day separated by period omitting year"}
{"tweet_id":841809950707982336,"created_unixtime":1489538106978,"created_time":"Wed Mar 15 00:35:06 +0000 2017","lang":"en","displayname":"ava_m_anne","time_zone":"Quito","msg":"So happy Jess is taking a stand and making Nick and Reagan be a couple without her NewGirl"}
{"tweet_id":841809950825410560,"created_unixtime":1489538107006,"created_time":"Wed Mar 15 00:35:07 +0000 2017","lang":"en","displayname":"frrainey","time_zone":"","msg":"RT TRASH_MOBB not happy not sad kinda just floating"}
{"tweet_id":841809950829625345,"created_unixtime":1489538107007,"created_time":"Wed Mar 15 00:35:07 +0000 2017","lang":"en","displayname":"67Chester","time_zone":"Atlantic Time (Canada)","msg":"RT JuliaGrantham2 67Chester Thank You Very kind of you happy rest of the week 🌊🌴 https//tco/9A1uMjE0gt"}
{"tweet_id":841809951076966401,"created_unixtime":1489538107066,"created_time":"Wed Mar 15 00:35:07 +0000 2017","lang":"en","displayname":"CSLCHSnMore","time_zone":"Pacific Time (US & Canada)","msg":"Thanks Paul Very sad situation https//tco/3iqGQpwmJS"}
{"tweet_id":841809951274201088,"created_unixtime":1489538107113,"created_time":"Wed Mar 15 00:35:07 +0000 2017","lang":"en","displayname":"sabrinoski_65","time_zone":"","msg":"RT reIates im so happy i grew up in a time where we played hide and seek amp played on the street with friends rather than playing on an i…"}
{"tweet_id":841809951362301952,"created_unixtime":1489538107134,"created_time":"Wed Mar 15 00:35:07 +0000 2017","lang":"en","displayname":"chooses","time_zone":"Eastern Time (US & Canada)","msg":"RT preaching my main focus is to better myself be successful and be happy so if you arent contributing to that then i dont need you i…"}
{"tweet_id":841809951639113730,"created_unixtime":1489538107200,"created_time":"Wed Mar 15 00:35:07 +0000 2017","lang":"en","displayname":"ohgrace_xo","time_zone":"Hawaii","msg":"finesssa lol yeah thats literally all I watched on Hulu 😂😂😂 sad"}
{"tweet_id":841809951400067078,"created_unixtime":1489538107143,"created_time":"Wed Mar 15 00:35:07 +0000 2017","lang":"en","displayname":"Alejandroooo69","time_zone":"Eastern Time (US & Canada)","msg":"RT GREENeggs_n_HAN This is literally my life https//tco/LiqaTNTaOg"}
{"tweet_id":841809952016617472,"created_unixtime":1489538107290,"created_time":"Wed Mar 15 00:35:07 +0000 2017","lang":"en","displayname":"se_lenaaaaa","time_zone":"","msg":"RT kanyefeeI its sad to see a good person change"}
{"tweet_id":841809949747499008,"created_unixtime":1489538106749,"created_time":"Wed Mar 15 00:35:06 +0000 2017","lang":"en","displayname":"ProAmSports","time_zone":"Mountain Time (US & Canada)","msg":"Happy Oilers PiDay from the YEG ProAmFancave grantfuhr https//tco/YKxdmN24Iq https//tco/19Tn0rsRce"}
{"tweet_id":841809951894978560,"created_unixtime":1489538107261,"created_time":"Wed Mar 15 00:35:07 +0000 2017","lang":"en","displayname":"rachaelgulch","time_zone":"","msg":"looking at pictures from Florida last yet is making me so sad I just want warm weather"}
{"tweet_id":841809952347967488,"created_unixtime":1489538107369,"created_time":"Wed Mar 15 00:35:07 +0000 2017","lang":"en","displayname":"soIute","time_zone":"Mazatlan","msg":"RT preaching my main focus is to better myself be successful and be happy so if you arent contributing to that then i dont need you i…"}
{"tweet_id":841809952289247235,"created_unixtime":1489538107355,"created_time":"Wed Mar 15 00:35:07 +0000 2017","lang":"en","displayname":"Capt_Chameleon","time_zone":"Central Time (US & Canada)","msg":"i want to cry im so happy 😭😭"}
{"tweet_id":841809952146636801,"created_unixtime":1489538107321,"created_time":"Wed Mar 15 00:35:07 +0000 2017","lang":"en","displayname":"TrixxBitchxx","time_zone":"Eastern Time (US & Canada)","msg":"RT D_Deji28 Do you guys know why he was killed A girl lied that he raped her and her brother shot him dead https//tco/IWDVDZp3rz"}
{"tweet_id":841809952565952512,"created_unixtime":1489538107421,"created_time":"Wed Mar 15 00:35:07 +0000 2017","lang":"en","displayname":"Sad_andloney_","time_zone":"Pacific Time (US & Canada)","msg":"RT soIute sometimes the best way to be happy is to learn to let go of things you tried hard to hold on to that are no longer good for you"}
{"tweet_id":841809952582840320,"created_unixtime":1489538107425,"created_time":"Wed Mar 15 00:35:07 +0000 2017","lang":"en","displayname":"sleepiests","time_zone":"Pacific Time (US & Canada)","msg":"to give u advice and all of that also u and amanda are the absolute cutest together  i hope u both are very very happy "}
{"tweet_id":841809952754806786,"created_unixtime":1489538107466,"created_time":"Wed Mar 15 00:35:07 +0000 2017","lang":"en","displayname":"mscarol1031","time_zone":"","msg":"realDonaldTrump markets so sad you think Fox news are on your team they are just making you look and sound stupidSad man you are"}
{"tweet_id":841809953102868480,"created_unixtime":1489538107549,"created_time":"Wed Mar 15 00:35:07 +0000 2017","lang":"en","displayname":"lucyliciousmith","time_zone":"","msg":"Edward So happy to be here MBMayWard"}
{"tweet_id":841809952956129280,"created_unixtime":1489538107514,"created_time":"Wed Mar 15 00:35:07 +0000 2017","lang":"en","displayname":"xZetaa_","time_zone":"","msg":"RT MauArtist The Shooter A 3 pg wordless comic story Happy Friday comicbooks https//tco/5UlfXRDCRR"}
{"tweet_id":841809953400659970,"created_unixtime":1489538107620,"created_time":"Wed Mar 15 00:35:07 +0000 2017","lang":"en","displayname":"jcrndng_","time_zone":"Pacific Time (US & Canada)","msg":"Happy Birthday Reina🎂🎈 Goodluck today Ez na p6 sayo birthday mo eh haha enjoy your day☺️Reinatokits"}
{"tweet_id":841809953719369729,"created_unixtime":1489538107696,"created_time":"Wed Mar 15 00:35:07 +0000 2017","lang":"en","displayname":"aadc01026","time_zone":"","msg":"RT bts_bighit [Episode] HAPPY WHITE DAY FROM BTS 1 https//tco/Kk7XrnfG3x2 https//tco/dUxXeGBvhG"}
{"tweet_id":841809952754798592,"created_unixtime":1489538107466,"created_time":"Wed Mar 15 00:35:07 +0000 2017","lang":"en","displayname":"Concre_Quili","time_zone":"London","msg":"RT ConcpDonna Where everthing has a happy end ConcpijaBookska https//tco/PLoxMtV2YQ"}
{"tweet_id":841809953354596355,"created_unixtime":1489538107609,"created_time":"Wed Mar 15 00:35:07 +0000 2017","lang":"es","displayname":"ImStylesCox","time_zone":"Pacific Time (US & Canada)","msg":"RT mellamanfredy Hoy tendremos algo de Happy Weels que en mi vida he jugado y un vídeo en MeLlamanFredy 😉¿Cómo lleváis el día 🙈"}
{"tweet_id":841809953904041986,"created_unixtime":1489538107740,"created_time":"Wed Mar 15 00:35:07 +0000 2017","lang":"en","displayname":"praises","time_zone":"Central Time (US & Canada)","msg":"RT preaching my main focus is to better myself be successful and be happy so if you arent contributing to that then i dont need you i…"}
{"tweet_id":841809954000506880,"created_unixtime":1489538107763,"created_time":"Wed Mar 15 00:35:07 +0000 2017","lang":"en","displayname":"x_cachet","time_zone":"Pacific Time (US & Canada)","msg":"I almost just broke my leg happy snowday"}
{"tweet_id":841809954138931201,"created_unixtime":1489538107796,"created_time":"Wed Mar 15 00:35:07 +0000 2017","lang":"en","displayname":"Amfb1_s2","time_zone":"Brasilia","msg":"im sad but still laughting"}
{"tweet_id":841809954432471040,"created_unixtime":1489538107866,"created_time":"Wed Mar 15 00:35:07 +0000 2017","lang":"en","displayname":"edgary1","time_zone":"Pacific Time (US & Canada)","msg":"RT rrbchoir Happy birthday to this guy Hands down one of the coolest around bismeaux https//tco/s6J4t9R2ac"}
{"tweet_id":841809952771579905,"created_unixtime":1489538107470,"created_time":"Wed Mar 15 00:35:07 +0000 2017","lang":"en","displayname":"Lildyce504","time_zone":"Central Time (US & Canada)","msg":"Thank you for finally cutting down the 4 man booth on SDLive No more circus WWE https//tco/qADMZydO9K"}
{"tweet_id":841809954314964993,"created_unixtime":1489538107838,"created_time":"Wed Mar 15 00:35:07 +0000 2017","lang":"en","displayname":"cuteassrae","time_zone":"","msg":"_jaylaawaylaa happy birthday bitchhhhhh 🙌🏾I already know you lit 😂 enjoy your day sis 💙"}
{"tweet_id":841809954088591360,"created_unixtime":1489538107784,"created_time":"Wed Mar 15 00:35:07 +0000 2017","lang":"en","displayname":"ClaritySol","time_zone":"Central Time (US & Canada)","msg":"This is what happens with a building full of scientists  a laser👨🏽‍🔬👩🏾‍🔬⚡️3️⃣1️⃣4️⃣ Happy PiDay https//tco/e5LdwWvOTk RT NatureNPS"}
{"tweet_id":841809954839261184,"created_unixtime":1489538107963,"created_time":"Wed Mar 15 00:35:07 +0000 2017","lang":"en","displayname":"AydranRamos","time_zone":"Pacific Time (US & Canada)","msg":"RT Fact Dogs cannot feel guilt They can only feel sad because their owner is yelling at them"}
{"tweet_id":841809954449309696,"created_unixtime":1489538107870,"created_time":"Wed Mar 15 00:35:07 +0000 2017","lang":"en","displayname":"_ThttGuyMon","time_zone":"Central Time (US & Canada)","msg":"RT nyqueshhaa Life is too short to be anything but happy 💯☺️"}
{"tweet_id":841809953887260672,"created_unixtime":1489538107736,"created_time":"Wed Mar 15 00:35:07 +0000 2017","lang":"en","displayname":"alyssaacorrine","time_zone":"Mountain Time (US & Canada)","msg":"Im SAD arty doesnt deserve this https//tco/YCaIgppDUS"}
{"tweet_id":841809954893848576,"created_unixtime":1489538107976,"created_time":"Wed Mar 15 00:35:07 +0000 2017","lang":"en","displayname":"Zen_Master_","time_zone":"Quito","msg":"RT BestEarthPix Happy lizard https//tco/l6XW5YntJL"}
{"tweet_id":841809954575118336,"created_unixtime":1489538107900,"created_time":"Wed Mar 15 00:35:07 +0000 2017","lang":"en","displayname":"krispy855","time_zone":"","msg":"I get so excited for my team I cry all the time but happy tears we pump each other up so much"}
{"tweet_id":841809954906488833,"created_unixtime":1489538107979,"created_time":"Wed Mar 15 00:35:07 +0000 2017","lang":"en","displayname":"Bhe741","time_zone":"","msg":"RT Salvesayson Don`t be sad because it`s over Smile because it happened ALDUBxDTBYTugOfHearts"}
{"tweet_id":841809954763862016,"created_unixtime":1489538107945,"created_time":"Wed Mar 15 00:35:07 +0000 2017","lang":"en","displayname":"LUClDITY","time_zone":"Mountain Time (US & Canada)","msg":"RT preaching my main focus is to better myself be successful and be happy so if you arent contributing to that then i dont need you i…"}
{"tweet_id":841809955137044485,"created_unixtime":1489538108034,"created_time":"Wed Mar 15 00:35:08 +0000 2017","lang":"en","displayname":"grace134","time_zone":"Pacific Time (US & Canada)","msg":"I was hoping for a boy and it IS a boy and Im pumped HOWEVER Im sad to say goodbye to our girl name which is perf Grace Beatrix 😍"}
{"tweet_id":841809954726137856,"created_unixtime":1489538107936,"created_time":"Wed Mar 15 00:35:07 +0000 2017","lang":"en","displayname":"MIMI_A1067931","time_zone":"Central Time (US & Canada)","msg":"RT Maree71439592 🆘Sad New MomFETAVery Scared😿TBD 3/15/17💔 Adopt/Foster/Pledge/RTKilling at12PM🆘😿https//tco/HOn1dyztpF https/…"}
{"tweet_id":841809954835181569,"created_unixtime":1489538107962,"created_time":"Wed Mar 15 00:35:07 +0000 2017","lang":"en","displayname":"sound_of_sirens","time_zone":"Pacific Time (US & Canada)","msg":"RT champagne_lefty Fascist love festBrexit https//tco/2mrej6yzI4"}
{"tweet_id":841809954818387970,"created_unixtime":1489538107958,"created_time":"Wed Mar 15 00:35:07 +0000 2017","lang":"en","displayname":"soapysivan","time_zone":"Eastern Time (US & Canada)","msg":"RT tbhbyron i just wanna travel the world and have fun and take pictures and explore and just be happy genuinely happy"}
{"tweet_id":841809954487042050,"created_unixtime":1489538107879,"created_time":"Wed Mar 15 00:35:07 +0000 2017","lang":"en","displayname":"iBe_Sean","time_zone":"Eastern Time (US & Canada)","msg":"ANNsTreasure_ happy birthday 🍾🍾"}
{"tweet_id":841809955401437184,"created_unixtime":1489538108097,"created_time":"Wed Mar 15 00:35:08 +0000 2017","lang":"en","displayname":"ChrissySwift","time_zone":"Central Time (US & Canada)","msg":"brivs11 happy bday hunnnnnnni💞💞💞💞💞"}
{"tweet_id":841809954919051264,"created_unixtime":1489538107982,"created_time":"Wed Mar 15 00:35:07 +0000 2017","lang":"en","displayname":"Taylluh","time_zone":"","msg":"RT D_Deji28 Do you guys know why he was killed A girl lied that he raped her and her brother shot him dead https//tco/IWDVDZp3rz"}
{"tweet_id":841809955770458112,"created_unixtime":1489538108185,"created_time":"Wed Mar 15 00:35:08 +0000 2017","lang":"en","displayname":"calliemgriffith","time_zone":"Pacific Time (US & Canada)","msg":"RT pipesmalone there was a point in my life when i didnt think id be this happy ever again amp now i cant believe i ever let someone mak…"}
{"tweet_id":841809955271266304,"created_unixtime":1489538108066,"created_time":"Wed Mar 15 00:35:08 +0000 2017","lang":"in","displayname":"gurorihapusara","time_zone":"Jakarta","msg":"Ini penyebab kenapa bangsa Indonesia belum bahagia menurut Albert Einstein Happy birthday anyway pak Einstein https//tco/YFGOAtO5QA"}
{"tweet_id":841809955627900928,"created_unixtime":1489538108151,"created_time":"Wed Mar 15 00:35:08 +0000 2017","lang":"en","displayname":"_Mochahontess","time_zone":"Pacific Time (US & Canada)","msg":"RT CAntReallyTALIA Its TONKA TUESDAY 🖐🏾 I just wanna wish the kid a HAPPY birthday and continue to look over all of us ✊🏾💛💜"}
{"tweet_id":841809956374511616,"created_unixtime":1489538108329,"created_time":"Wed Mar 15 00:35:08 +0000 2017","lang":"en","displayname":"Kiayra_Clark","time_zone":"Central Time (US & Canada)","msg":"Our neighbors woke up Sydney and she just kinda crawled into bed with me all sad like My poor child"}
{"tweet_id":841809956928143360,"created_unixtime":1489538108461,"created_time":"Wed Mar 15 00:35:08 +0000 2017","lang":"en","displayname":"Judgment","time_zone":"Mountain Time (US & Canada)","msg":"RT preaching my main focus is to better myself be successful and be happy so if you arent contributing to that then i dont need you i…"}
{"tweet_id":841809956877795328,"created_unixtime":1489538108449,"created_time":"Wed Mar 15 00:35:08 +0000 2017","lang":"en","displayname":"JackieBear1872","time_zone":"Pacific Time (US & Canada)","msg":"RT brimarcuswatson Sad but true and no indyref2 https//tco/lIRLfKs6zd"}
{"tweet_id":841809955795664896,"created_unixtime":1489538108191,"created_time":"Wed Mar 15 00:35:08 +0000 2017","lang":"en","displayname":"CluelessJackie","time_zone":"Atlantic Time (Canada)","msg":"Finished The Seven Deadly Sins and Im fucking sad about it"}
{"tweet_id":841809957322334208,"created_unixtime":1489538108555,"created_time":"Wed Mar 15 00:35:08 +0000 2017","lang":"en","displayname":"LasVegas_Injury","time_zone":"Pacific Time (US & Canada)","msg":"RT SkinCareCRL https//tco/8iSd5QDMl7 Happy MicroneedleMonday  The Science Behind BeautySo excited to offer InnoPen… "}
{"tweet_id":841809957129461761,"created_unixtime":1489538108509,"created_time":"Wed Mar 15 00:35:08 +0000 2017","lang":"en","displayname":"AnInspiringMom","time_zone":"La Paz","msg":"RT MOMITFORWARD Q6 DOES FOOD MAKE YOU HAPPY WHAT DISHES MAKE YOU THE HAPPIEST AvoHappiness GNO PLS RT"}
{"tweet_id":841809957238501377,"created_unixtime":1489538108535,"created_time":"Wed Mar 15 00:35:08 +0000 2017","lang":"en","displayname":"SweetSweetHazza","time_zone":"Pacific Time (US & Canada)","msg":"Harry_Styles Youre the reason of my smile I love you and Im proud of you I would be very happy if you follow me one day ❤️  756"}
{"tweet_id":841809956424818688,"created_unixtime":1489538108341,"created_time":"Wed Mar 15 00:35:08 +0000 2017","lang":"en","displayname":"KellySpaine","time_zone":"","msg":"RT sonaliluthar HAPPY FRIENDIVERSARY TO MY BFF ILY 🎉❤🍰 https//tco/j3opOS6aCS"}
{"tweet_id":841809957783707649,"created_unixtime":1489538108665,"created_time":"Wed Mar 15 00:35:08 +0000 2017","lang":"en","displayname":"mrdestinyph","time_zone":"Jakarta","msg":"RT lqjjk a happy bunny https//tco/BDODvRcYT1"}
{"tweet_id":841809957586628609,"created_unixtime":1489538108618,"created_time":"Wed Mar 15 00:35:08 +0000 2017","lang":"en","displayname":"alfredcaulkin","time_zone":"Atlantic Time (Canada)","msg":"erikaandfrida Thanks Happy to see you too together  and Welcome to America Were not all jerks"}
{"tweet_id":841809957355954176,"created_unixtime":1489538108563,"created_time":"Wed Mar 15 00:35:08 +0000 2017","lang":"und","displayname":"AlienFishQueen","time_zone":"Eastern Time (US & Canada)","msg":"RT vxrbxl happy π day🍴💖 https//tco/HzFW5nCfiA"}
{"tweet_id":841809957976739840,"created_unixtime":1489538108711,"created_time":"Wed Mar 15 00:35:08 +0000 2017","lang":"en","displayname":"pasteIdream","time_zone":"Pacific Time (US & Canada)","msg":"RT preaching my main focus is to better myself be successful and be happy so if you arent contributing to that then i dont need you i…"}
{"tweet_id":841809957372743680,"created_unixtime":1489538108567,"created_time":"Wed Mar 15 00:35:08 +0000 2017","lang":"en","displayname":"scsocialservice","time_zone":"America/New_York","msg":"DSS was happy to be part of todays Job Fair https//tco/tvjPz6aZcp"}
{"tweet_id":841809958123515905,"created_unixtime":1489538108746,"created_time":"Wed Mar 15 00:35:08 +0000 2017","lang":"en","displayname":"iWorkTheHardest","time_zone":"Eastern Time (US & Canada)","msg":"Seeing my homies from Lex kill in college sports makes me happy as hell"}
{"tweet_id":841809957792169984,"created_unixtime":1489538108667,"created_time":"Wed Mar 15 00:35:08 +0000 2017","lang":"en","displayname":"_TheEQ_","time_zone":"Pacific Time (US & Canada)","msg":"These dam hormones first they tell me to be happy cuties love dovie then they turn around bring on the wet slop… https//tco/bYNYZJxpyO"}
{"tweet_id":841809958870126594,"created_unixtime":1489538108924,"created_time":"Wed Mar 15 00:35:08 +0000 2017","lang":"en","displayname":"fIeekin","time_zone":"Central Time (US & Canada)","msg":"RT preaching my main focus is to better myself be successful and be happy so if you arent contributing to that then i dont need you i…"}
{"tweet_id":841809956911370244,"created_unixtime":1489538108457,"created_time":"Wed Mar 15 00:35:08 +0000 2017","lang":"en","displayname":"tambour1ne","time_zone":"Pacific Time (US & Canada)","msg":"Happy Pi Day I got a box of pizza for 314 Im blessed https//tco/ZZDh2bSSSh"}
{"tweet_id":841809959369154560,"created_unixtime":1489538109043,"created_time":"Wed Mar 15 00:35:09 +0000 2017","lang":"en","displayname":"NadaAJones","time_zone":"","msg":"landpsychology 22Words OMG 😲 I cant believe that wow thats sad 😭"}
{"tweet_id":841809959687979013,"created_unixtime":1489538109119,"created_time":"Wed Mar 15 00:35:09 +0000 2017","lang":"en","displayname":"xocult","time_zone":"Pacific Time (US & Canada)","msg":"RT preaching my main focus is to better myself be successful and be happy so if you arent contributing to that then i dont need you i…"}
{"tweet_id":841809959482466304,"created_unixtime":1489538109070,"created_time":"Wed Mar 15 00:35:09 +0000 2017","lang":"en","displayname":"Lil_Vittless","time_zone":"","msg":"RT neiltyson 314  Happy Piday to Gregorian calendar users who reckon dates with month followed by day separated by period omitting year"}
{"tweet_id":841809959910273025,"created_unixtime":1489538109172,"created_time":"Wed Mar 15 00:35:09 +0000 2017","lang":"en","displayname":"mckxtie","time_zone":"","msg":"happy birthday michael scott"}
{"tweet_id":841809960396832768,"created_unixtime":1489538109288,"created_time":"Wed Mar 15 00:35:09 +0000 2017","lang":"en","displayname":"TannerLPer","time_zone":"Pacific Time (US & Canada)","msg":"RT BigsFishingAdv3 This is Skyler and today is his birthday Hes a big part of our team and has helped us so much Happy birthday… "}
{"tweet_id":841809960510054405,"created_unixtime":1489538109315,"created_time":"Wed Mar 15 00:35:09 +0000 2017","lang":"en","displayname":"soliditary","time_zone":"Eastern Time (US & Canada)","msg":"RT preaching my main focus is to better myself be successful and be happy so if you arent contributing to that then i dont need you i…"}
{"tweet_id":841809960614866946,"created_unixtime":1489538109340,"created_time":"Wed Mar 15 00:35:09 +0000 2017","lang":"en","displayname":"artoraXlovesXu","time_zone":"","msg":"naked happy girls video https//tco/eN5ItowfLQ"}
{"tweet_id":841809960380035073,"created_unixtime":1489538109284,"created_time":"Wed Mar 15 00:35:09 +0000 2017","lang":"en","displayname":"MikePWInsider","time_zone":"Eastern Time (US & Canada)","msg":"Saw Ben Affleck announced he completed rehab  Happy he is getting help he needs  Nest of luck to him"}
{"tweet_id":841809961097220097,"created_unixtime":1489538109455,"created_time":"Wed Mar 15 00:35:09 +0000 2017","lang":"en","displayname":"KhunJayTH","time_zone":"Pacific Time (US & Canada)","msg":"RT peachcream_jh 170314 happy white day🍬 재현https//tco/z1tasMTVEd https//tco/2UzzcKA6yn"}
{"tweet_id":841809960958857217,"created_unixtime":1489538109422,"created_time":"Wed Mar 15 00:35:09 +0000 2017","lang":"en","displayname":"holyvanderjesus","time_zone":"Baghdad","msg":"RT FreddyAmazin Someone When was the last time u were truly happyMe https//tco/0lG917uPtK"}
{"tweet_id":841809961252491265,"created_unixtime":1489538109492,"created_time":"Wed Mar 15 00:35:09 +0000 2017","lang":"en","displayname":"TheHolyIndigo","time_zone":"","msg":"Im happy with just making contact with aliens so far thats groundbreaking paradigm shifting stuff"}
{"tweet_id":841809961441153025,"created_unixtime":1489538109537,"created_time":"Wed Mar 15 00:35:09 +0000 2017","lang":"en","displayname":"damarzzs","time_zone":"","msg":"RT warriors DubNation please join us in wishing StephenCurry30 a very Happy Birthday 🎈 https//tco/cByjiIEk25"}
{"tweet_id":841809961449537536,"created_unixtime":1489538109539,"created_time":"Wed Mar 15 00:35:09 +0000 2017","lang":"en","displayname":"yuneithh","time_zone":"","msg":"in case you havent noticed yes I love my body yes I am happy with it and no theres absolutely nothing wrong with that at all "}
{"tweet_id":841809961193730048,"created_unixtime":1489538109478,"created_time":"Wed Mar 15 00:35:09 +0000 2017","lang":"en","displayname":"davidspeakman7","time_zone":"","msg":"RT YohannAuvitu Happy Tuesday  ❄️😅 blizzard2017 https//tco/ntFvxrnC8C"}
{"tweet_id":841809961894080513,"created_unixtime":1489538109645,"created_time":"Wed Mar 15 00:35:09 +0000 2017","lang":"en","displayname":"itsdenangel","time_zone":"Pacific Time (US & Canada)","msg":"RT dailytxtmsg IF HE HAS A GIRL LEAVE HIM ALONE THAT MEANS DONT TEXT HIM DONT CALL HIM amp DONT HIT HIM UP GO GET YOUR OWN MAN AND LET…"}
{"tweet_id":841809961780932609,"created_unixtime":1489538109618,"created_time":"Wed Mar 15 00:35:09 +0000 2017","lang":"en","displayname":"Autisable","time_zone":"Eastern Time (US & Canada)","msg":"RT FinFit_LLC Happy NationalPiDay  Here’s a few money saving tips today  Enjoyhttps//tco/KjWtyEg3K5"}
{"tweet_id":841809961978068992,"created_unixtime":1489538109665,"created_time":"Wed Mar 15 00:35:09 +0000 2017","lang":"en","displayname":"WillowsMomma_","time_zone":"Quito","msg":"Rewatching coven bc Im sad"}
{"tweet_id":841809962187739137,"created_unixtime":1489538109715,"created_time":"Wed Mar 15 00:35:09 +0000 2017","lang":"en","displayname":"jhayriel18","time_zone":"Pacific Time (US & Canada)","msg":"RT tinluvsmaichard Makulay na umaga happy banana mainedcm Imagine this boy happy to see a banana you as ADN Love you https//tco/…"}
{"tweet_id":841809961965486080,"created_unixtime":1489538109662,"created_time":"Wed Mar 15 00:35:09 +0000 2017","lang":"en","displayname":"Fvckookiee","time_zone":"","msg":"RT SM0LBEANJIMIN I love yoongis reaction to hoseok please protect them both at all costs seeing him happy makes me so happy 😭👏💓 https…"}
{"tweet_id":841809962363904001,"created_unixtime":1489538109757,"created_time":"Wed Mar 15 00:35:09 +0000 2017","lang":"en","displayname":"ChloeNgai","time_zone":"","msg":"RT hidden saying im tired when youre actually sad"}
{"tweet_id":841809961147600896,"created_unixtime":1489538109467,"created_time":"Wed Mar 15 00:35:09 +0000 2017","lang":"en","displayname":"Nickinanami","time_zone":"Quito","msg":"Im sorry im late but I love you and happy birthday my queen https//tco/hvS1coaBf8"}
{"tweet_id":841809961827110912,"created_unixtime":1489538109629,"created_time":"Wed Mar 15 00:35:09 +0000 2017","lang":"en","displayname":"btsforevar","time_zone":"Pacific Time (US & Canada)","msg":"RT cliffordsshug If youre ever feeling sad just remember that this video exists https//tco/HjEMGrNXhB"}
{"tweet_id":841809962443538432,"created_unixtime":1489538109776,"created_time":"Wed Mar 15 00:35:09 +0000 2017","lang":"en","displayname":"MarylouOnting","time_zone":"","msg":"RT mom_norie Somebody visited somebody whIle taping ❤❤❤❤❤❤❤🍃🍃🍃🍃🍃🍃🍃🍃🍃🍃🍃 https//tco/N2znV2x8vt"}
{"tweet_id":841809962254888961,"created_unixtime":1489538109731,"created_time":"Wed Mar 15 00:35:09 +0000 2017","lang":"en","displayname":"distant","time_zone":"Central Time (US & Canada)","msg":"RT preaching my main focus is to better myself be successful and be happy so if you arent contributing to that then i dont need you i…"}
{"tweet_id":841809961390882821,"created_unixtime":1489538109525,"created_time":"Wed Mar 15 00:35:09 +0000 2017","lang":"en","displayname":"schristine25","time_zone":"","msg":"found my happy place ❤ https//tco/m2fzjtIqIe"}
{"tweet_id":841809962112278528,"created_unixtime":1489538109697,"created_time":"Wed Mar 15 00:35:09 +0000 2017","lang":"en","displayname":"TehDeminz","time_zone":"Central Time (US & Canada)","msg":"RT ActualFlatticus Its my sad duty to announce that there is no line item for bribes from Russian oligarchs on a 1040 form https//t…"}
{"tweet_id":841809962280058880,"created_unixtime":1489538109737,"created_time":"Wed Mar 15 00:35:09 +0000 2017","lang":"en","displayname":"xkdivirgilio","time_zone":"Central Time (US & Canada)","msg":"MelvinBayer29 aww Sad times"}
{"tweet_id":841809962670161921,"created_unixtime":1489538109830,"created_time":"Wed Mar 15 00:35:09 +0000 2017","lang":"ja","displayname":"aizhiwangying","time_zone":"","msg":"愛知学院大学🎓袴和服卒業卒業式happyやっとhappniesswow https//tco/YNhobTz6yB"}
{"tweet_id":841809962380713984,"created_unixtime":1489538109761,"created_time":"Wed Mar 15 00:35:09 +0000 2017","lang":"en","displayname":"susanmariedials","time_zone":"Quito","msg":"FOXTV Reason to reNewGirl  4 Keep the NewGirl fans happy amp we promise to follow the lizmeriwether train amp watch ThinIce NewGirlonFOX"}
{"tweet_id":841809962762305536,"created_unixtime":1489538109852,"created_time":"Wed Mar 15 00:35:09 +0000 2017","lang":"en","displayname":"hoe_bi","time_zone":"","msg":"RT Aspa_Stav Who can make Yoongi happyJung Hoseok Thats the right answer https//tco/C27JeDJyQu"}
{"tweet_id":841809962972127232,"created_unixtime":1489538109902,"created_time":"Wed Mar 15 00:35:09 +0000 2017","lang":"en","displayname":"WishFmOfficial","time_zone":"London","msg":"Happy Wednesday You know were officially half way towards the weekend now right Sam x LateShow"}
{"tweet_id":841809962342989824,"created_unixtime":1489538109752,"created_time":"Wed Mar 15 00:35:09 +0000 2017","lang":"en","displayname":"lahnick_","time_zone":"","msg":"Happy birthday bruddah 🎉 quuaan3"}
{"tweet_id":841809963190255616,"created_unixtime":1489538109954,"created_time":"Wed Mar 15 00:35:09 +0000 2017","lang":"en","displayname":"softastroIogy","time_zone":"Pacific Time (US & Canada)","msg":"RT preaching my main focus is to better myself be successful and be happy so if you arent contributing to that then i dont need you i…"}
{"tweet_id":841809963123003392,"created_unixtime":1489538109938,"created_time":"Wed Mar 15 00:35:09 +0000 2017","lang":"en","displayname":"maddy_marx","time_zone":"","msg":"RT laurennthhomas maddy_marx happy birthday cute girl i hope its been good so far 💕"}
{"tweet_id":841809962934362112,"created_unixtime":1489538109893,"created_time":"Wed Mar 15 00:35:09 +0000 2017","lang":"en","displayname":"ghara_hara","time_zone":"","msg":"RT irmaroxas3 DIRT ALDUBxDTBYTugOfHearts https//tco/Yo0mOijOJS"}
{"tweet_id":841809962871459841,"created_unixtime":1489538109878,"created_time":"Wed Mar 15 00:35:09 +0000 2017","lang":"en","displayname":"marshmallowii","time_zone":"Pacific Time (US & Canada)","msg":"RT WarriorFrmNorth Just be happy https//tco/ZfIi7e9Bvr"}
{"tweet_id":841809963777368064,"created_unixtime":1489538110094,"created_time":"Wed Mar 15 00:35:10 +0000 2017","lang":"en","displayname":"FLIRTATIOUSPAPI","time_zone":"Pacific Time (US & Canada)","msg":"RT threadwithpics CrybabyAlways in her feelings Has hella sad songsAlways having to wipe her tearsShe always goes back to the… "}
{"tweet_id":841809963517399040,"created_unixtime":1489538110032,"created_time":"Wed Mar 15 00:35:10 +0000 2017","lang":"en","displayname":"little_jacket_","time_zone":"Central Time (US & Canada)","msg":"i cant believe NO ONE wished me a happy pi day pi"}
{"tweet_id":841809963320246274,"created_unixtime":1489538109985,"created_time":"Wed Mar 15 00:35:09 +0000 2017","lang":"en","displayname":"meganxrl","time_zone":"Eastern Time (US & Canada)","msg":"RT VP44 Happy 55th Barack A brother to me a best friend forever https//tco/uNsxouTKOO"}
{"tweet_id":841809951517491202,"created_unixtime":1489538107171,"created_time":"Wed Mar 15 00:35:07 +0000 2017","lang":"en","displayname":"DayBlockBrewing","time_zone":"Central Time (US & Canada)","msg":"Tshirt amp Beer for 20 – I Shirt You Not  Stop in for a Tshirt amp beer bundle during our extended Happy Hour 2 –… https//tco/v6JdvqMKw2"}
{"tweet_id":841809964360380416,"created_unixtime":1489538110233,"created_time":"Wed Mar 15 00:35:10 +0000 2017","lang":"en","displayname":"kendyll_brown22","time_zone":"","msg":"RT JustAGirIThing Someone When was the last time u were truly happy Me https//tco/YTSjNOreRU"}
{"tweet_id":841809964398174208,"created_unixtime":1489538110242,"created_time":"Wed Mar 15 00:35:10 +0000 2017","lang":"en","displayname":"kassie_mendoza","time_zone":"","msg":"RT ohaicutie being sad is such a waste of time"}
{"tweet_id":841809964431728646,"created_unixtime":1489538110250,"created_time":"Wed Mar 15 00:35:10 +0000 2017","lang":"en","displayname":"Red_Eminence","time_zone":"Pacific Time (US & Canada)","msg":"AmoralFemme ~ of sweet little nonsense words He doesnt understand the tears It worries himHave I made you sad Milady I only ~"}
{"tweet_id":841809964339347457,"created_unixtime":1489538110228,"created_time":"Wed Mar 15 00:35:10 +0000 2017","lang":"en","displayname":"NoTechBen","time_zone":"","msg":"This makes me ohsohappy https//tco/bWl62w8R8J"}
{"tweet_id":841809964448530435,"created_unixtime":1489538110254,"created_time":"Wed Mar 15 00:35:10 +0000 2017","lang":"en","displayname":"g_johnson721","time_zone":"","msg":"One of my favorite shirts has some holes in it Ive had it since I was 6 this is very sad"}
{"tweet_id":841809964729421824,"created_unixtime":1489538110321,"created_time":"Wed Mar 15 00:35:10 +0000 2017","lang":"en","displayname":"yuyunadaa","time_zone":"Kuala Lumpur","msg":"miirusz happy birthday kak mirah stay pretty"}
{"tweet_id":841809964536553472,"created_unixtime":1489538110275,"created_time":"Wed Mar 15 00:35:10 +0000 2017","lang":"en","displayname":"linnea_molotov","time_zone":"","msg":"pwnz0r3d just happy to make you smile so I can imagine all of the missing teeth you have"}
{"tweet_id":841809964695986177,"created_unixtime":1489538110313,"created_time":"Wed Mar 15 00:35:10 +0000 2017","lang":"en","displayname":"HermanWasHere","time_zone":"","msg":"RT mikebrez5 Im so happy Jay doesnt have to deal with the Chicago media idiots anymore"}
{"tweet_id":841809963957800961,"created_unixtime":1489538110137,"created_time":"Wed Mar 15 00:35:10 +0000 2017","lang":"en","displayname":"MIMI_A1067931","time_zone":"Central Time (US & Canada)","msg":"RT LesleyKempson Maree71439592 FETA MUST BE SAVED ASAPLOVELY kittyFRIENDLY shySAD misses her 2 14wk kittens at shelterNEEDS to…"}
{"tweet_id":841809964784062464,"created_unixtime":1489538110334,"created_time":"Wed Mar 15 00:35:10 +0000 2017","lang":"en","displayname":"coIeactivity","time_zone":"","msg":"RT preaching my main focus is to better myself be successful and be happy so if you arent contributing to that then i dont need you i…"}
{"tweet_id":841809965207683072,"created_unixtime":1489538110435,"created_time":"Wed Mar 15 00:35:10 +0000 2017","lang":"en","displayname":"Jared36swaller","time_zone":"","msg":"Im really happy with life and the people in it right now"}
{"tweet_id":841809965341798401,"created_unixtime":1489538110467,"created_time":"Wed Mar 15 00:35:10 +0000 2017","lang":"en","displayname":"JYHMania","time_zone":"Kuala Lumpur","msg":"RT dmtroll Without this guy we wont have little happy moments in the latest episodes of Defendant https//tco/Fkv4lRlNjQ"}
{"tweet_id":841809965429882881,"created_unixtime":1489538110488,"created_time":"Wed Mar 15 00:35:10 +0000 2017","lang":"en","displayname":"ClaudiaGodmaire","time_zone":"Eastern Time (US & Canada)","msg":"RT ClaudiaGodmaire I think my life is finally starting to fall into place and I couldnt be more happy Im beyond blessed☺💕"}
{"tweet_id":841809963219582976,"created_unixtime":1489538109961,"created_time":"Wed Mar 15 00:35:09 +0000 2017","lang":"en","displayname":"SuburbanHurt","time_zone":"Pacific Time (US & Canada)","msg":"If you go to bed early you dont have to worry about being sad https//tco/OkK3We6L0y"}
{"tweet_id":841809965518016512,"created_unixtime":1489538110509,"created_time":"Wed Mar 15 00:35:10 +0000 2017","lang":"in","displayname":"loy_qammarul","time_zone":"Kuala Lumpur","msg":"RT imanrosdi_ Apa pon result akuaku tetap happy kalau kawan aku berjaya"}
{"tweet_id":841809965262217216,"created_unixtime":1489538110448,"created_time":"Wed Mar 15 00:35:10 +0000 2017","lang":"en","displayname":"SophChristinax","time_zone":"Pacific Time (US & Canada)","msg":"l0veshan happy birthday sweetie ❤ I hope you have an amazing 21st xxx"}
{"tweet_id":841809965941571584,"created_unixtime":1489538110610,"created_time":"Wed Mar 15 00:35:10 +0000 2017","lang":"en","displayname":"FamilyUpdateAU","time_zone":"Canberra","msg":"RT MultipleBirths  Happy Multiple Birth Awareness Week Multiple Birth Awareness Week MBAW runs from the 12‐19th March https/…"}
{"tweet_id":841809965912342528,"created_unixtime":1489538110603,"created_time":"Wed Mar 15 00:35:10 +0000 2017","lang":"en","displayname":"zedoaria","time_zone":"London","msg":"i was having fun with mx and now im sad over bts i played myself"}
{"tweet_id":841809966004494337,"created_unixtime":1489538110625,"created_time":"Wed Mar 15 00:35:10 +0000 2017","lang":"en","displayname":"Peach_Ppeach","time_zone":"Hanoi","msg":"RT thibautcourtois Happy with our win 👏🏻 CFC 💙 marcosalonso03 https//tco/bL9ps5DKAc"}
{"tweet_id":841809965945872384,"created_unixtime":1489538110611,"created_time":"Wed Mar 15 00:35:10 +0000 2017","lang":"en","displayname":"RoneshVijayaku1","time_zone":"","msg":"Happy Birthday to StephenCurry30 🎂🎉🎈🏀👏"}
{"tweet_id":841809966310817792,"created_unixtime":1489538110698,"created_time":"Wed Mar 15 00:35:10 +0000 2017","lang":"en","displayname":"cherishkimmee","time_zone":"Eastern Time (US & Canada)","msg":"RT RWPUSA Another White House ethics complaint from our team at CREW  Sad https//tco/jm2kvIUMhH"}
{"tweet_id":841809966776344577,"created_unixtime":1489538110809,"created_time":"Wed Mar 15 00:35:10 +0000 2017","lang":"en","displayname":"whatevrz","time_zone":"London","msg":"RT SincerelyTumblr So annoying when ppl are like ur always laughin U laugh at everything Its not that funny like OK sorry Im a hap…"}
{"tweet_id":841809967321649152,"created_unixtime":1489538110939,"created_time":"Wed Mar 15 00:35:10 +0000 2017","lang":"en","displayname":"MommyMusings","time_zone":"Eastern Time (US & Canada)","msg":"RT MomItForward Q6 DOES FOOD MAKE YOU HAPPY WHAT DISHES MAKE YOU THE HAPPIEST AvoHappiness GNO PLS RT"}
{"tweet_id":841809967485198336,"created_unixtime":1489538110978,"created_time":"Wed Mar 15 00:35:10 +0000 2017","lang":"en","displayname":"Qalmoush","time_zone":"Cairo","msg":"RT zachbraff Happy Birthday edsheeran  Too bad Kit was too worried about Winter coming to make out with us https//tco/n776VZhSTA"}
{"tweet_id":841809967787192321,"created_unixtime":1489538111050,"created_time":"Wed Mar 15 00:35:11 +0000 2017","lang":"en","displayname":"TwitTwats18","time_zone":"Chennai","msg":"RT Swamy39 harikusum1970  I will be happy to be the First Informer/ Petitioner"}
{"tweet_id":841809966533095424,"created_unixtime":1489538110751,"created_time":"Wed Mar 15 00:35:10 +0000 2017","lang":"en","displayname":"Posterazzi_com","time_zone":"Eastern Time (US & Canada)","msg":"Happy Birthday Steph Curry Have a look at our best selling Curry posters to celebrate https//tco/vnLVYJCCsz https//tco/XWw1NMFI5u"}
{"tweet_id":841809964695924736,"created_unixtime":1489538110313,"created_time":"Wed Mar 15 00:35:10 +0000 2017","lang":"en","displayname":"jssykaley","time_zone":"Guam","msg":"HAPPY 1ST BIRTHDAY MY LOGAN BEAR NINA LOVES YOU SO MUCH 💓💓 https//tco/fuAcHmxJck"}
{"tweet_id":841809968638582785,"created_unixtime":1489538111253,"created_time":"Wed Mar 15 00:35:11 +0000 2017","lang":"en","displayname":"prkgmn","time_zone":"","msg":"RT cliffordsshug If youre ever feeling sad just remember that this video exists https//tco/HjEMGrNXhB"}
{"tweet_id":841809968873521154,"created_unixtime":1489538111309,"created_time":"Wed Mar 15 00:35:11 +0000 2017","lang":"en","displayname":"SadistRifle","time_zone":"Pacific Time (US & Canada)","msg":" If she does need help or my 2 cents ill be happy to apply"}
{"tweet_id":841809968961482753,"created_unixtime":1489538111330,"created_time":"Wed Mar 15 00:35:11 +0000 2017","lang":"tl","displayname":"vilmaluv","time_zone":"","msg":"RT MaichardManila kayo na kayo na talaga ang HAPPY BANANAS 😂😂😂  pati saging destiny rin 😂😂🍌🍌🍌🍌aldenrichards02 mainedcm… "}
{"tweet_id":841809968823189504,"created_unixtime":1489538111297,"created_time":"Wed Mar 15 00:35:11 +0000 2017","lang":"en","displayname":"Jessicalynn308","time_zone":"Pacific Time (US & Canada)","msg":"Christina and I are so happy https//tco/0FqmVovgzE"}
{"tweet_id":841809969196425217,"created_unixtime":1489538111386,"created_time":"Wed Mar 15 00:35:11 +0000 2017","lang":"en","displayname":"MomLuvsSPORTZ","time_zone":"Eastern Time (US & Canada)","msg":"RT MomItForward Q6 DOES FOOD MAKE YOU HAPPY WHAT DISHES MAKE YOU THE HAPPIEST AvoHappiness GNO PLS RT"}
{"tweet_id":841809966877048832,"created_unixtime":1489538110833,"created_time":"Wed Mar 15 00:35:10 +0000 2017","lang":"en","displayname":"TimberframeCorp","time_zone":"Pacific Time (US & Canada)","msg":"Planning on building a timber frame home or structure We’re happy to ship our structures to anywhere in Canada amp U… https//tco/SjsF3sgxuQ"}
{"tweet_id":841809968810483713,"created_unixtime":1489538111294,"created_time":"Wed Mar 15 00:35:11 +0000 2017","lang":"en","displayname":"maywardUn","time_zone":"Beijing","msg":"Happy si Edward MBMayWard"}
{"tweet_id":841809969380913152,"created_unixtime":1489538111430,"created_time":"Wed Mar 15 00:35:11 +0000 2017","lang":"ko","displayname":"hvcexplicit","time_zone":"Pacific Time (US & Canada)","msg":"RT offclASTRO Happy birthday to you~ 진진형 22번째 생일을진심으로 축하해요🎉🎉 착하고 장난도 잘받아주고 리더쉽있는ㅎㅎ진진형 귀염댕이 아스트로 잘부탁드려요생일선물 나 HappyJINJINDay https//…"}
{"tweet_id":841809969263476736,"created_unixtime":1489538111402,"created_time":"Wed Mar 15 00:35:11 +0000 2017","lang":"en","displayname":"renatalarico","time_zone":"Hawaii","msg":"Thanks Morgan 😘 https//tco/9MPwpl2Otf"}
{"tweet_id":841809969456463872,"created_unixtime":1489538111448,"created_time":"Wed Mar 15 00:35:11 +0000 2017","lang":"en","displayname":"lynngenee","time_zone":"","msg":"ILY JUSTIN youre the best ❤️❤️❤️ https//tco/ZLToIfA6In"}
{"tweet_id":841809969590726656,"created_unixtime":1489538111480,"created_time":"Wed Mar 15 00:35:11 +0000 2017","lang":"en","displayname":"_CrownMEBeauty","time_zone":"Quito","msg":"RT keshbella Im so happy Like the real unbothered"}
{"tweet_id":841809969414471680,"created_unixtime":1489538111438,"created_time":"Wed Mar 15 00:35:11 +0000 2017","lang":"en","displayname":"kytimes2","time_zone":"","msg":"RT Mannequindolan When youre listening to a sad song and pretend to be in the music video DolanTwinsNewVideo https//tco/GFOctqZGoC"}
{"tweet_id":841809969678831624,"created_unixtime":1489538111501,"created_time":"Wed Mar 15 00:35:11 +0000 2017","lang":"en","displayname":"halfmoonlouis","time_zone":"Pacific Time (US & Canada)","msg":"i love louis so much i hope wherever he is hes feeling happy and relaxed and respected he deserves the world"}
{"tweet_id":841809969662033925,"created_unixtime":1489538111497,"created_time":"Wed Mar 15 00:35:11 +0000 2017","lang":"und","displayname":"Queeen__Veeee","time_zone":"","msg":"RT Fxshion2Society No https//tco/rBiwWklCeb"}
{"tweet_id":841809969242640385,"created_unixtime":1489538111397,"created_time":"Wed Mar 15 00:35:11 +0000 2017","lang":"en","displayname":"kelly_lake18","time_zone":"","msg":"RT GameOfThrones Happy GameofThrones PiDay https//tco/N1spcVNHuw"}
{"tweet_id":841809970186280961,"created_unixtime":1489538111622,"created_time":"Wed Mar 15 00:35:11 +0000 2017","lang":"en","displayname":"tiacinnyhi","time_zone":"","msg":"Nick amp Vanessa dont look happy at all He was happier sitting next to Raven even though he broke her heart"}
{"tweet_id":841809969703968769,"created_unixtime":1489538111507,"created_time":"Wed Mar 15 00:35:11 +0000 2017","lang":"en","displayname":"xdarilynn__","time_zone":"Hawaii","msg":"RT D_Deji28 Do you guys know why he was killed A girl lied that he raped her and her brother shot him dead https//tco/IWDVDZp3rz"}
{"tweet_id":841809970408579072,"created_unixtime":1489538111675,"created_time":"Wed Mar 15 00:35:11 +0000 2017","lang":"en","displayname":"DrusillaDavies7","time_zone":"Pacific Time (US & Canada)","msg":"RT isaiahmustafa arosende Happy Pi day dadjokes https//tco/xLanA0i6jx"}
{"tweet_id":841809970395983872,"created_unixtime":1489538111672,"created_time":"Wed Mar 15 00:35:11 +0000 2017","lang":"en","displayname":"alexei_licea","time_zone":"","msg":"RT kalebhorton Saying America is optimistic because CEOs are optimistic is like saying prisoners are happy because you heard the w… "}
{"tweet_id":841809971130040322,"created_unixtime":1489538111847,"created_time":"Wed Mar 15 00:35:11 +0000 2017","lang":"en","displayname":"Reeve_Research","time_zone":"Darwin","msg":"RT JustinTrudeau Happy PiDay Our government is committed to supporting science amp innovation for a stronger Canada And pie for a tasti…"}
{"tweet_id":841809971041955840,"created_unixtime":1489538111826,"created_time":"Wed Mar 15 00:35:11 +0000 2017","lang":"en","displayname":"bIueguitar","time_zone":"Brasilia","msg":"SherriSaum1 a thing about Stef that you love with all your heart thefosterschat THANK U FOR SAYING HI TO MY GIRL SHES SO HAPPY "}
{"tweet_id":841809971008299008,"created_unixtime":1489538111818,"created_time":"Wed Mar 15 00:35:11 +0000 2017","lang":"en","displayname":"Rawlathulislam","time_zone":"Sri Jayawardenepura","msg":"May Allah keep you safe well and always happy May tears of sorrow never touch your eyes and may He never let a smile leave your face"}
{"tweet_id":841809971511681024,"created_unixtime":1489538111938,"created_time":"Wed Mar 15 00:35:11 +0000 2017","lang":"es","displayname":"ariida","time_zone":"Eastern Time (US & Canada)","msg":"Cosa sad número 2 Comer lechuga 😭🥗🥙"}
{"tweet_id":841809971159416832,"created_unixtime":1489538111854,"created_time":"Wed Mar 15 00:35:11 +0000 2017","lang":"en","displayname":"MikuLCDA","time_zone":"Buenos Aires","msg":"RT bts_bighit [Episode] HAPPY WHITE DAY FROM BTS 1 https//tco/Kk7XrnfG3x2 https//tco/dUxXeGBvhG"}
{"tweet_id":841809971071336448,"created_unixtime":1489538111833,"created_time":"Wed Mar 15 00:35:11 +0000 2017","lang":"in","displayname":"PrinceOfSpfld","time_zone":"","msg":"RT OhMyRob_ Nah b 🇩🇴 https//tco/oqxdfcBjN6"}
{"tweet_id":841809971398508544,"created_unixtime":1489538111911,"created_time":"Wed Mar 15 00:35:11 +0000 2017","lang":"en","displayname":"giveawaydoto","time_zone":"Pacific Time (US & Canada)","msg":"Woken up to see I have 8 million subscribers Cant even express how grateful I am and how happy you all make me thank you so much guys"}
{"tweet_id":841809970681286658,"created_unixtime":1489538111740,"created_time":"Wed Mar 15 00:35:11 +0000 2017","lang":"en","displayname":"Polybandit","time_zone":"","msg":"RT bwecht Happy Birthday to a guy that forever changed my life Dan Avidan Audrey amp I recorded a little message to celebrate https//t…"}
{"tweet_id":841809972077907968,"created_unixtime":1489538112073,"created_time":"Wed Mar 15 00:35:12 +0000 2017","lang":"en","displayname":"jjeessoo","time_zone":"","msg":"RT MOMITFORWARD Q6 DOES FOOD MAKE YOU HAPPY WHAT DISHES MAKE YOU THE HAPPIEST AvoHappiness GNO PLS RT"}
{"tweet_id":841809972514062337,"created_unixtime":1489538112177,"created_time":"Wed Mar 15 00:35:12 +0000 2017","lang":"en","displayname":"1214leoholt","time_zone":"Central Time (US & Canada)","msg":"RT neiltyson 314  Happy Piday to Gregorian calendar users who reckon dates with month followed by day separated by period omitting year"}
{"tweet_id":841809971956338688,"created_unixtime":1489538112044,"created_time":"Wed Mar 15 00:35:12 +0000 2017","lang":"en","displayname":"LorddHaveMercy","time_zone":"","msg":"someone who finally realizes this 👏🏽 https//tco/xk8ON76XgV"}
{"tweet_id":841809971473977345,"created_unixtime":1489538111929,"created_time":"Wed Mar 15 00:35:11 +0000 2017","lang":"en","displayname":"SharkysCafe","time_zone":"Eastern Time (US & Canada)","msg":"1/2 Priced drinks for Late Night Happy Hour 1011pm https//tco/TggtWy3dWl"}
{"tweet_id":841809972837154816,"created_unixtime":1489538112254,"created_time":"Wed Mar 15 00:35:12 +0000 2017","lang":"en","displayname":"dradago","time_zone":"","msg":"Im so happy ash is happy yall THEY ARE HAPPY Im so glad that they have a loving boyfriend and people that care abt them Im tearing up"}
{"tweet_id":841809972463849472,"created_unixtime":1489538112165,"created_time":"Wed Mar 15 00:35:12 +0000 2017","lang":"en","displayname":"WSAVariellas","time_zone":"Central Time (US & Canada)","msg":"RT WSAVKrisA Bringing the science from the studio and live in the field~ 314 Happy Pi Day from Kris amp WSAVariellas of Storm Te… "}
{"tweet_id":841809972816154624,"created_unixtime":1489538112249,"created_time":"Wed Mar 15 00:35:12 +0000 2017","lang":"en","displayname":"AKoritsas","time_zone":"","msg":"jacksterjack99 happy for ya big man ‼️"}
{"tweet_id":841809973399158786,"created_unixtime":1489538112388,"created_time":"Wed Mar 15 00:35:12 +0000 2017","lang":"en","displayname":"Timcanpies","time_zone":"Pacific Time (US & Canada)","msg":"RT umi_ebot Being able to welcome my birthday every year like this makes me happy Lets have another great year together"}
{"tweet_id":841809973696847872,"created_unixtime":1489538112459,"created_time":"Wed Mar 15 00:35:12 +0000 2017","lang":"en","displayname":"Happy_cat20","time_zone":"Eastern Time (US & Canada)","msg":"The hardest job Happy ever took was fishing for the Winged Fishes which tasted horrible Happybot"}
{"tweet_id":841809973843656706,"created_unixtime":1489538112494,"created_time":"Wed Mar 15 00:35:12 +0000 2017","lang":"en","displayname":"clarkency28","time_zone":"Pacific Time (US & Canada)","msg":"I dont care how we met Im just happy we did"}
{"tweet_id":841809973990592512,"created_unixtime":1489538112529,"created_time":"Wed Mar 15 00:35:12 +0000 2017","lang":"en","displayname":"savageashh","time_zone":"","msg":"RT richthekid Focus on what makes you happy"}
{"tweet_id":841809973206216704,"created_unixtime":1489538112342,"created_time":"Wed Mar 15 00:35:12 +0000 2017","lang":"en","displayname":"Elisa_A98","time_zone":"","msg":"RT yohomegrl_jordy The beginning of this year I was so happy and now Im just so miserable"}
{"tweet_id":841809973977968641,"created_unixtime":1489538112526,"created_time":"Wed Mar 15 00:35:12 +0000 2017","lang":"en","displayname":"cookmatt24","time_zone":"","msg":"RT meganlizblack happy birthday to my psychotic hilarious bff of a sistaaaaa hope mom takes you to dinner  love you… "}
{"tweet_id":841809973902508032,"created_unixtime":1489538112508,"created_time":"Wed Mar 15 00:35:12 +0000 2017","lang":"es","displayname":"cristian1001284","time_zone":"Bogota","msg":"He añadido un vídeo a una lista de reproducción de YouTube https//tco/wlQfdJlKw5  2Pac  If I Die Young NEW 2017 Sad"}
{"tweet_id":841809972472217600,"created_unixtime":1489538112167,"created_time":"Wed Mar 15 00:35:12 +0000 2017","lang":"en","displayname":"Namian_","time_zone":"Pacific Time (US & Canada)","msg":"Best stream by far today shadowversegame stopped by and gave me a shoutout hit 16k in Masters was number 1 on t… https//tco/PXYaWyvmJc"}
{"tweet_id":841809973734719488,"created_unixtime":1489538112468,"created_time":"Wed Mar 15 00:35:12 +0000 2017","lang":"en","displayname":"RadicalBreezyy","time_zone":"","msg":"RT KelliAmirah Beaches make me happy 🏝 https//tco/LOJ3x1YmHb"}
{"tweet_id":841809974414172162,"created_unixtime":1489538112630,"created_time":"Wed Mar 15 00:35:12 +0000 2017","lang":"en","displayname":"alliesylviax_","time_zone":"Eastern Time (US & Canada)","msg":"RT jaelianamarie hating hoes aintt happy and happy hoes aintt hating 🤷🏽‍♀️✨"}
{"tweet_id":841809974292553728,"created_unixtime":1489538112601,"created_time":"Wed Mar 15 00:35:12 +0000 2017","lang":"ja","displayname":"ChiiLovesTatt","time_zone":"Pacific Time (US & Canada)","msg":"RT 1717frappuccino ✩海未ちゃんHappy Birthday✩いつも頑張り屋さんな海未ちゃん。頑張る人は素敵✨でしょ？加工もしてみました！どうかな？あなたに届け！ 園田海未生誕祭2017 3月15日は園田海未の誕生日… "}
{"tweet_id":841809974082867205,"created_unixtime":1489538112551,"created_time":"Wed Mar 15 00:35:12 +0000 2017","lang":"en","displayname":"juliecookies","time_zone":"Central Time (US & Canada)","msg":"RT MOMITFORWARD Q6 DOES FOOD MAKE YOU HAPPY WHAT DISHES MAKE YOU THE HAPPIEST AvoHappiness GNO PLS RT"}
{"tweet_id":841809974586146818,"created_unixtime":1489538112671,"created_time":"Wed Mar 15 00:35:12 +0000 2017","lang":"en","displayname":"junoviedj","time_zone":"","msg":"RT Rai94066834 MaywardUpdate they are my happy pill My medicine for homesickness MBMayWard"}
{"tweet_id":841809974854619137,"created_unixtime":1489538112735,"created_time":"Wed Mar 15 00:35:12 +0000 2017","lang":"en","displayname":"Rajveer_Chana","time_zone":"London","msg":"RT Stormzy1 Do what makes you happy mate"}
{"tweet_id":841809974888144896,"created_unixtime":1489538112743,"created_time":"Wed Mar 15 00:35:12 +0000 2017","lang":"und","displayname":"therealtatiii","time_zone":"","msg":"RT _germyy 🎯🎯🎯🎯🎯 https//tco/DLGGNjZMLR"}
{"tweet_id":841809975164919808,"created_unixtime":1489538112809,"created_time":"Wed Mar 15 00:35:12 +0000 2017","lang":"en","displayname":"olivia_gulyas","time_zone":"","msg":"Happy birthday girly💜🌸 zoeboothe1"}
{"tweet_id":841809975299137536,"created_unixtime":1489538112841,"created_time":"Wed Mar 15 00:35:12 +0000 2017","lang":"en","displayname":"myhotCaffeine","time_zone":"Singapore","msg":"RT natalietran I’m as happy as my online presence suggests"}
{"tweet_id":841809974829416450,"created_unixtime":1489538112729,"created_time":"Wed Mar 15 00:35:12 +0000 2017","lang":"en","displayname":"BurtonKelso","time_zone":"","msg":"cmbrookins This is so sad"}
{"tweet_id":841809975886385152,"created_unixtime":1489538112981,"created_time":"Wed Mar 15 00:35:12 +0000 2017","lang":"en","displayname":"Cassiddyy8","time_zone":"","msg":"RT tmcclung14 man do I ever wish I could look in a mirror and be happy with what I saw"}
{"tweet_id":841809975819292678,"created_unixtime":1489538112965,"created_time":"Wed Mar 15 00:35:12 +0000 2017","lang":"en","displayname":"Anna_MorganUK","time_zone":"London","msg":"RT Stormzy1 Do what makes you happy mate"}
{"tweet_id":841809976314191872,"created_unixtime":1489538113083,"created_time":"Wed Mar 15 00:35:13 +0000 2017","lang":"en","displayname":"__jadoredior","time_zone":"Central Time (US & Canada)","msg":"RT KayyLucci i be in all these bad moods cant never be fucking happy dawg"}
{"tweet_id":841809976922275840,"created_unixtime":1489538113228,"created_time":"Wed Mar 15 00:35:13 +0000 2017","lang":"en","displayname":"Catherine88028","time_zone":"Pacific Time (US & Canada)","msg":"Im sad hurt angry mad disappointed But you know what Ill put on a happy face and move on It will hurt but I will survive"}
{"tweet_id":841809976842690560,"created_unixtime":1489538113209,"created_time":"Wed Mar 15 00:35:13 +0000 2017","lang":"en","displayname":"juliecookies","time_zone":"Central Time (US & Canada)","msg":"A6 Of course food makes me happy  As long as it tastes good The dish depends on my mood haha AvoHappiness GNO"}
{"tweet_id":841809976909811712,"created_unixtime":1489538113225,"created_time":"Wed Mar 15 00:35:13 +0000 2017","lang":"en","displayname":"iSalesGirl","time_zone":"Central Time (US & Canada)","msg":"LoveItUP via kellyriggs The Sad State of Sales Training  The vast majority of sales training is incredibly i https//tco/orVo851TeP"}
{"tweet_id":841809976863662081,"created_unixtime":1489538113214,"created_time":"Wed Mar 15 00:35:13 +0000 2017","lang":"en","displayname":"rs3099","time_zone":"Central Time (US & Canada)","msg":"lily_marston I hope I win I would melt into a puddle of happy tears if I did"}
{"tweet_id":841809976540692480,"created_unixtime":1489538113137,"created_time":"Wed Mar 15 00:35:13 +0000 2017","lang":"en","displayname":"laurenmashley_","time_zone":"","msg":"RT laurenalyssa__ oomf makes me sooooo happy"}
{"tweet_id":841809976838479872,"created_unixtime":1489538113208,"created_time":"Wed Mar 15 00:35:13 +0000 2017","lang":"en","displayname":"JBrooks191","time_zone":"","msg":"NewBlackMan Quincy is one of my favorites Happy Birthday"}
{"tweet_id":841809977358581760,"created_unixtime":1489538113332,"created_time":"Wed Mar 15 00:35:13 +0000 2017","lang":"en","displayname":"Katie_Purlee","time_zone":"","msg":"angelgoodrich14 happy birthday baby girl 💜"}
{"tweet_id":841809977283100672,"created_unixtime":1489538113314,"created_time":"Wed Mar 15 00:35:13 +0000 2017","lang":"en","displayname":"McReginaa","time_zone":"Central Time (US & Canada)","msg":"RT CultureFUBU Happy Birthday Merlin SantanaRIP https//tco/0K4quO4M5g"}
{"tweet_id":841809977799004160,"created_unixtime":1489538113437,"created_time":"Wed Mar 15 00:35:13 +0000 2017","lang":"en","displayname":"WilkoChris_","time_zone":"","msg":"People booing Miz always makes me happy because hes HEEL and thats what they should do SDLive MizTV"}
{"tweet_id":841809977345941505,"created_unixtime":1489538113329,"created_time":"Wed Mar 15 00:35:13 +0000 2017","lang":"en","displayname":"nurulatiqah119","time_zone":"","msg":"RT Koreaboo Happy Birthday to Lee Hwi Jae’s twins Lee Seo Eon and Lee Seo Jun 🎉🎂🤗 https//tco/xtjHommriu"}
{"tweet_id":841809978868473857,"created_unixtime":1489538113692,"created_time":"Wed Mar 15 00:35:13 +0000 2017","lang":"en","displayname":"itsdenangel","time_zone":"Pacific Time (US & Canada)","msg":"RT dailytxtmsg If it doesnt make you happy its not worth your time"}
{"tweet_id":841809973684404224,"created_unixtime":1489538112456,"created_time":"Wed Mar 15 00:35:12 +0000 2017","lang":"en","displayname":"Sarah123Murphy","time_zone":"","msg":"HAPPY BIRTHDAY BABE  🎉🎁💜 The big 23 today and I couldnt be happier being the one spending it with you again  👫… https//tco/JrY9tr7gJF"}
{"tweet_id":841809978965020674,"created_unixtime":1489538113715,"created_time":"Wed Mar 15 00:35:13 +0000 2017","lang":"en","displayname":"705_riahhhh","time_zone":"","msg":"RT Vulnerable its so sad and frustrating when you try your hardest but people still dont find it good enough"}
{"tweet_id":841809979334115329,"created_unixtime":1489538113803,"created_time":"Wed Mar 15 00:35:13 +0000 2017","lang":"en","displayname":"kelceyyoungg","time_zone":"","msg":"I never thought it would be this hard to be genuinely happy "}
{"tweet_id":841809979178930177,"created_unixtime":1489538113766,"created_time":"Wed Mar 15 00:35:13 +0000 2017","lang":"en","displayname":"ChristinaGreig","time_zone":"Edinburgh","msg":"Im so happy Im not the only one who thought this https//tco/zSLvUxWI5d"}
{"tweet_id":841809979824726016,"created_unixtime":1489538113920,"created_time":"Wed Mar 15 00:35:13 +0000 2017","lang":"en","displayname":"StephanieArduo","time_zone":"Pacific Time (US & Canada)","msg":"RT MsFrugalMommy RT MOMITFORWARD Q6 DOES FOOD MAKE YOU HAPPY WHAT DISHES MAKE YOU THE HAPPIEST AvoHappiness GNO PLS RT"}
{"tweet_id":841809979258593280,"created_unixtime":1489538113785,"created_time":"Wed Mar 15 00:35:13 +0000 2017","lang":"es","displayname":"katiazeneth","time_zone":"Mexico City","msg":"Que les valga jajajaja https//tco/EpnkUjz3U9"}
{"tweet_id":841809979896127488,"created_unixtime":1489538113937,"created_time":"Wed Mar 15 00:35:13 +0000 2017","lang":"en","displayname":"JoshCPFC","time_zone":"Pacific Time (US & Canada)","msg":"RT Stormzy1 Do what makes you happy mate"}
{"tweet_id":841809979883503616,"created_unixtime":1489538113934,"created_time":"Wed Mar 15 00:35:13 +0000 2017","lang":"ja","displayname":"ssssds19","time_zone":"","msg":"【連載マンガ】「ほしとくずDont worry Be happy CHAPTER01」を読みました！人気マンガが無料で読める！LINEマンガ今スグ読む→ https//tco/4JzgXTkMk5 LINEマンガ"}
{"tweet_id":841809980282015745,"created_unixtime":1489538114029,"created_time":"Wed Mar 15 00:35:14 +0000 2017","lang":"en","displayname":"rrmw925","time_zone":"","msg":"RT KeepCaImTweets Be happy Be who you wanna be If others dont like it then let them be Happiness is a choice Life isnt about pleas…"}
{"tweet_id":841809980848254976,"created_unixtime":1489538114164,"created_time":"Wed Mar 15 00:35:14 +0000 2017","lang":"en","displayname":"vtrevino_","time_zone":"","msg":"RT marIboros all girls really want is a guy to make her super happy all the time and to always be there for them"}
{"tweet_id":841809980978155520,"created_unixtime":1489538114195,"created_time":"Wed Mar 15 00:35:14 +0000 2017","lang":"tl","displayname":"jaguilar102465","time_zone":"","msg":"RT sunghyenaul pati saging dume destiny na rin 😂😂ALDUBxDTBYTugOfHearts https//tco/3Qx88bHpkE"}
{"tweet_id":841809979648667648,"created_unixtime":1489538113878,"created_time":"Wed Mar 15 00:35:13 +0000 2017","lang":"en","displayname":"painintheassliz","time_zone":"Pacific Time (US & Canada)","msg":"some puppy is happy https//tco/1d3jfSFWb0"}
{"tweet_id":841809981456424960,"created_unixtime":1489538114309,"created_time":"Wed Mar 15 00:35:14 +0000 2017","lang":"en","displayname":"CHreads","time_zone":"Eastern Time (US & Canada)","msg":"RT Scholastic Happy PiDay Pi and pie for everyone https//tco/eO3ALSvkkH"}
{"tweet_id":841809981615808513,"created_unixtime":1489538114347,"created_time":"Wed Mar 15 00:35:14 +0000 2017","lang":"en","displayname":"Iyricz","time_zone":"Pacific Time (US & Canada)","msg":"RT Musicnews_feed Happy NationalNappingDay https//tco/cfH4l85qpK"}
{"tweet_id":841809982001713153,"created_unixtime":1489538114439,"created_time":"Wed Mar 15 00:35:14 +0000 2017","lang":"en","displayname":"KierstenLarsen","time_zone":"Hawaii","msg":"RT katiebardfield Happy birthday the the gorgeous and talented KierstenLarsen I hope your day was the best😻🎉💞"}
{"tweet_id":841809981712306176,"created_unixtime":1489538114370,"created_time":"Wed Mar 15 00:35:14 +0000 2017","lang":"en","displayname":"anidalaa","time_zone":"Pacific Time (US & Canada)","msg":"AW THANK YOU SOFIA💗 https//tco/bUA502L8us"}
{"tweet_id":841809982102224896,"created_unixtime":1489538114463,"created_time":"Wed Mar 15 00:35:14 +0000 2017","lang":"en","displayname":"_jacob_heilig_","time_zone":"Arizona","msg":"RyanTNgo happy bday my guy love your asian ass you finally got another job again just dont quit like you did before hahhaa jk 😂😂❤️"}
{"tweet_id":841809981267677184,"created_unixtime":1489538114264,"created_time":"Wed Mar 15 00:35:14 +0000 2017","lang":"en","displayname":"AlfieL0nd0n","time_zone":"London","msg":"RT Herzspalter Youll knock me overI wanted something happy with these boys MASSIVE thanks to my bro BelovedMischief fo… "}
{"tweet_id":841809982232395776,"created_unixtime":1489538114494,"created_time":"Wed Mar 15 00:35:14 +0000 2017","lang":"en","displayname":"MzDivah67","time_zone":"America/New_York","msg":"Sad that racists like SteveKingIA are never held accountable for the nasty vile things that they say"}
{"tweet_id":841809982370770944,"created_unixtime":1489538114527,"created_time":"Wed Mar 15 00:35:14 +0000 2017","lang":"en","displayname":"sobaproducer","time_zone":"Central Time (US & Canada)","msg":"RT chika___n Nagi Happy white day♥️♥️ Do you remember our promise Together with you in this endless dream https//tco/X3kiKixXDJ"}
{"tweet_id":841809982475640837,"created_unixtime":1489538114552,"created_time":"Wed Mar 15 00:35:14 +0000 2017","lang":"en","displayname":"SincerlyHoney","time_zone":"Eastern Time (US & Canada)","msg":"I think the only thing that will make me happy is I was to find an apartment and move"}
{"tweet_id":841809982127509505,"created_unixtime":1489538114469,"created_time":"Wed Mar 15 00:35:14 +0000 2017","lang":"en","displayname":"Liasbeautylife","time_zone":"","msg":"ChristinaDryde hey love i see ur following beth itd make me very happy if u took a moment amp checked my new video💗https//tco/sKZBdlvRDe"}
{"tweet_id":841809982924324864,"created_unixtime":1489538114659,"created_time":"Wed Mar 15 00:35:14 +0000 2017","lang":"th","displayname":"jomsuda11","time_zone":"","msg":"RT 158notshort Sunny is Happy pillชอบอันนี้ กำลังเก็กสวยกันอยู่แล้วพอซันนี่เริ่มหลุดหัวเราะ ก็ขำกันหมดเหมือนโรคติดต่อ https//tco/XaMs…"}
{"tweet_id":841809983285125120,"created_unixtime":1489538114745,"created_time":"Wed Mar 15 00:35:14 +0000 2017","lang":"en","displayname":"Gerrard_Grant8","time_zone":"","msg":"RT Stormzy1 Do what makes you happy mate"}
{"tweet_id":841809983054462979,"created_unixtime":1489538114690,"created_time":"Wed Mar 15 00:35:14 +0000 2017","lang":"en","displayname":"bia_agui_s2s2","time_zone":"","msg":"RT chwndIerriggs Hi Chandler Could Read the text that I made for you Done with great care if you can follow me I will be super hap… "}
{"tweet_id":841809983327031296,"created_unixtime":1489538114755,"created_time":"Wed Mar 15 00:35:14 +0000 2017","lang":"en","displayname":"angel_of_truths","time_zone":"Pacific Time (US & Canada)","msg":"mate // they get sad n lash out angry  but realize animal must also he involved n say no too"}
{"tweet_id":841809982836338688,"created_unixtime":1489538114638,"created_time":"Wed Mar 15 00:35:14 +0000 2017","lang":"en","displayname":"bootsk6656","time_zone":"","msg":"RT BillNye Happy 314 Day peoples"}
{"tweet_id":841809982630834176,"created_unixtime":1489538114589,"created_time":"Wed Mar 15 00:35:14 +0000 2017","lang":"en","displayname":"Hiltzzzz","time_zone":"","msg":"RT RobertaLeighann Sad for it to come to an end but it was definitely worth it https//tco/004q3NCAno"}
{"tweet_id":841809983184474112,"created_unixtime":1489538114721,"created_time":"Wed Mar 15 00:35:14 +0000 2017","lang":"en","displayname":"meowpar85","time_zone":"","msg":"RT MomItForward Q6 DOES FOOD MAKE YOU HAPPY WHAT DISHES MAKE YOU THE HAPPIEST AvoHappiness GNO PLS RT"}
{"tweet_id":841809981359968256,"created_unixtime":1489538114286,"created_time":"Wed Mar 15 00:35:14 +0000 2017","lang":"en","displayname":"nothnksfrthmmrs","time_zone":"Eastern Time (US & Canada)","msg":"GalGadot is honestly so perfect I love her so much and Im so happy shes having a baby Shes so wonderful and smart and beautiful and sw"}
{"tweet_id":841809982790197248,"created_unixtime":1489538114627,"created_time":"Wed Mar 15 00:35:14 +0000 2017","lang":"en","displayname":"KovachMarketing","time_zone":"Pacific Time (US & Canada)","msg":"Happy PiDay https//tco/BQrxmYM0Ms"}
{"tweet_id":841809984014839808,"created_unixtime":1489538114919,"created_time":"Wed Mar 15 00:35:14 +0000 2017","lang":"en","displayname":"sherry1128_svt","time_zone":"Beijing","msg":"RT lilyest06 [PHOTO] NUEST COLLECTION in ~SHOWTIME 4~ Photobook 뉴이스트 NUEST 5YearswithNUEST NUESTNEWS Happy 5th anniversar… "}
{"tweet_id":841809983570382848,"created_unixtime":1489538114813,"created_time":"Wed Mar 15 00:35:14 +0000 2017","lang":"en","displayname":"femjiyong","time_zone":"Pacific Time (US & Canada)","msg":"femjiyong all the comments are positive im happy https//tco/ZxAgH5rFZZ"}
{"tweet_id":841809984430133248,"created_unixtime":1489538115018,"created_time":"Wed Mar 15 00:35:15 +0000 2017","lang":"en","displayname":"Firstistss","time_zone":"","msg":"RT error_419 Happy birthday Brian and Scott ArianaGrande ShesTheOne radiodisney https//tco/2LVCztMbbf"}
{"tweet_id":841809984262402052,"created_unixtime":1489538114978,"created_time":"Wed Mar 15 00:35:14 +0000 2017","lang":"en","displayname":"tayw1135","time_zone":"Central Time (US & Canada)","msg":"RT ActualFlatticus Its my sad duty to announce that there is no line item for bribes from Russian oligarchs on a 1040 form https//t…"}
{"tweet_id":841809984182657024,"created_unixtime":1489538114959,"created_time":"Wed Mar 15 00:35:14 +0000 2017","lang":"en","displayname":"Aylingnav","time_zone":"","msg":"RT guadalooopy happy I wont be flying solo to prom this year 😌 https//tco/vJBBgM0pgK"}
{"tweet_id":841809981603221506,"created_unixtime":1489538114344,"created_time":"Wed Mar 15 00:35:14 +0000 2017","lang":"en","displayname":"laurisa_","time_zone":"Quito","msg":"S/o to the real OG KTB katiebyers1996 happy birthday wanq https//tco/2hqMdvRddJ"}
{"tweet_id":841809984849608705,"created_unixtime":1489538115118,"created_time":"Wed Mar 15 00:35:15 +0000 2017","lang":"en","displayname":"LaurienVdk","time_zone":"","msg":"RT hidden saying im tired when youre actually sad"}
{"tweet_id":841809984866402304,"created_unixtime":1489538115122,"created_time":"Wed Mar 15 00:35:15 +0000 2017","lang":"es","displayname":"Reuma_Tismo","time_zone":"America/Argentina/Buenos_Aires","msg":"RT Andrea_ococ mi inicio de tumblr está lleno de happy pi day entonces creí que era Ciro el de los reblogs pero era cleveland"}
{"tweet_id":841809984803504129,"created_unixtime":1489538115107,"created_time":"Wed Mar 15 00:35:15 +0000 2017","lang":"en","displayname":"MHS_CCC","time_zone":"Atlantic Time (Canada)","msg":"RT elkinspointe Thank you Katha Stuart for being a great advocate for our students and schools  Happy Board Appreciation Week https//t…"}
{"tweet_id":841809983801053189,"created_unixtime":1489538114868,"created_time":"Wed Mar 15 00:35:14 +0000 2017","lang":"en","displayname":"TheTylorDavis","time_zone":"","msg":"RT soIute sometimes the best way to be happy is to learn to let go of things you tried hard to hold on to that are no longer good for you"}
{"tweet_id":841809984987963393,"created_unixtime":1489538115151,"created_time":"Wed Mar 15 00:35:15 +0000 2017","lang":"en","displayname":"njanemanio","time_zone":"Pacific Time (US & Canada)","msg":"Jaocabrera1 Happy Birthday Anne Curtis 💋💕🎉🎊😘 Love you Friend 😉😊"}
{"tweet_id":841809985390620672,"created_unixtime":1489538115247,"created_time":"Wed Mar 15 00:35:15 +0000 2017","lang":"th","displayname":"jasmintt","time_zone":"Bangkok","msg":"RT MARKLEE_TH [🦁] Happy White Day ค่ะ ~ มารับความรักจากเจ้ามาร์คลีกันนะคะ 😘💕 MARK MARKLEE NCT https//tco/OxGTPyIhCP"}
{"tweet_id":841809985130639361,"created_unixtime":1489538115185,"created_time":"Wed Mar 15 00:35:15 +0000 2017","lang":"en","displayname":"kieran_hurley","time_zone":"London","msg":"Seanchuckle um happy birthday I suppose or just early onset midlife existential questioning"}
{"tweet_id":841809985487159296,"created_unixtime":1489538115270,"created_time":"Wed Mar 15 00:35:15 +0000 2017","lang":"en","displayname":"AllisonGroff","time_zone":"","msg":"Im trying to be happy with out you"}
{"tweet_id":841809985608814592,"created_unixtime":1489538115299,"created_time":"Wed Mar 15 00:35:15 +0000 2017","lang":"en","displayname":"jordanolson24","time_zone":"","msg":"RT pIzstfu u deserve to be w/ somebody that loves appreciates amp will do anything to make u happy dont fuck w/ anything less its not w…"}
{"tweet_id":841809985340342276,"created_unixtime":1489538115235,"created_time":"Wed Mar 15 00:35:15 +0000 2017","lang":"en","displayname":"CamEdwards","time_zone":"Central Time (US & Canada)","msg":"RT lkeane Happy to learn TitosVodka is now supporting a different animal welfare group Not antihunting HSUS which only give… "}
{"tweet_id":841809985944313856,"created_unixtime":1489538115379,"created_time":"Wed Mar 15 00:35:15 +0000 2017","lang":"en","displayname":"Miller_Sara13","time_zone":"","msg":"RT eastonnt Happy birthday Srh Mllr ❤️👌🏼😤😳 Miller_Sara13 et"}
{"tweet_id":841809982723092481,"created_unixtime":1489538114611,"created_time":"Wed Mar 15 00:35:14 +0000 2017","lang":"en","displayname":"mathnasium33596","time_zone":"Atlantic Time (Canada)","msg":"Happy PiDay piday2017 pimoonpies pizza mathnasium https//tco/AsdssqqEih"}
{"tweet_id":841809986187628545,"created_unixtime":1489538115437,"created_time":"Wed Mar 15 00:35:15 +0000 2017","lang":"en","displayname":"PahOlivX3","time_zone":"","msg":"RT ohteenquotes Spend life with who makes you happy not with who you have to impress"}
{"tweet_id":841809986342785024,"created_unixtime":1489538115474,"created_time":"Wed Mar 15 00:35:15 +0000 2017","lang":"en","displayname":"KingDesWoodfork","time_zone":"Mountain Time (US & Canada)","msg":"Ive never been more happy with where Im at so its wraps on any amp all other shit"}
{"tweet_id":841809987093565440,"created_unixtime":1489538115653,"created_time":"Wed Mar 15 00:35:15 +0000 2017","lang":"en","displayname":"_aminalovee","time_zone":"","msg":"ruwxydx_ HAPPY motherfuckin GLO DAY LIL SIS ❤️❤️👸🎉🎉🎈🎈🎈"}
{"tweet_id":841809987307462656,"created_unixtime":1489538115704,"created_time":"Wed Mar 15 00:35:15 +0000 2017","lang":"en","displayname":"anabalza","time_zone":"","msg":"RT neiltyson 314  Happy Piday to Gregorian calendar users who reckon dates with month followed by day separated by period omitting year"}
{"tweet_id":841809987429105666,"created_unixtime":1489538115733,"created_time":"Wed Mar 15 00:35:15 +0000 2017","lang":"en","displayname":"216Rob","time_zone":"","msg":"Its really sadAll my VAs have to deal with this as well as myse"}
{"tweet_id":841809987680768001,"created_unixtime":1489538115793,"created_time":"Wed Mar 15 00:35:15 +0000 2017","lang":"en","displayname":"Allikuja","time_zone":"Eastern Time (US & Canada)","msg":"SeviduBlaca of course 💗 we bovine gotta support each other to be a happy healthy herd 🐮❤️"}
{"tweet_id":841809987676585985,"created_unixtime":1489538115792,"created_time":"Wed Mar 15 00:35:15 +0000 2017","lang":"en","displayname":"AnInspiringMom","time_zone":"La Paz","msg":"RT MomItForward Q6 DOES FOOD MAKE YOU HAPPY WHAT DISHES MAKE YOU THE HAPPIEST AvoHappiness GNO PLS RT"}
{"tweet_id":841809987785637888,"created_unixtime":1489538115818,"created_time":"Wed Mar 15 00:35:15 +0000 2017","lang":"en","displayname":"Mariahriley84","time_zone":"","msg":"RT mikkmarkk Sad how one relationship can damage someone forever"}
{"tweet_id":841809988628566016,"created_unixtime":1489538116019,"created_time":"Wed Mar 15 00:35:16 +0000 2017","lang":"en","displayname":"_TeamHina","time_zone":"","msg":"RT fatimak45131764 Wow it was a marvellous performanceHappy 2 c u hina di Maza a gaya dekh k amphope we see u on tv vry soon eyehinakha…"}
{"tweet_id":841809988175728641,"created_unixtime":1489538115911,"created_time":"Wed Mar 15 00:35:15 +0000 2017","lang":"en","displayname":"Fulllippss","time_zone":"","msg":"RT SontaMeshay Bitches be starving for friends its SAD😩"}
{"tweet_id":841809988335108097,"created_unixtime":1489538115949,"created_time":"Wed Mar 15 00:35:15 +0000 2017","lang":"en","displayname":"outerspcae","time_zone":"Pacific Time (US & Canada)","msg":"wally looks so heartbroken and sad i just fucking want to go through my screen and hug him so tight he needs a hug someone give him a hug"}
{"tweet_id":841809988150530051,"created_unixtime":1489538115905,"created_time":"Wed Mar 15 00:35:15 +0000 2017","lang":"en","displayname":"smatajay","time_zone":"New Delhi","msg":"core strengthening is very important bro 👍👍💪💪💪💪💪 Good day 👍👍👍 https//tco/0EZhYIC6gJ"}
{"tweet_id":841809988456595456,"created_unixtime":1489538115978,"created_time":"Wed Mar 15 00:35:15 +0000 2017","lang":"ja","displayname":"K568488598","time_zone":"Pacific Time (US & Canada)","msg":"RT sala_direction 海未ちゃん🎉Happy Birthday🎂💗園田海未生誕祭2017 RTした人全員フォローする お祝いする人RT ラブライバーはRT https//tco/Qwkyo6IhQ4"}
{"tweet_id":841809988544786432,"created_unixtime":1489538115999,"created_time":"Wed Mar 15 00:35:15 +0000 2017","lang":"en","displayname":"ColinDaboyz97","time_zone":"","msg":"sammosherr happy birthday 😎"}
{"tweet_id":841809988825702401,"created_unixtime":1489538116066,"created_time":"Wed Mar 15 00:35:16 +0000 2017","lang":"en","displayname":"nadiaaa_26","time_zone":"Pacific Time (US & Canada)","msg":"RT Simone_Biles thanks Zac☺️ xoxo https//tco/TQxYv1mJmJ"}
{"tweet_id":841809988196700160,"created_unixtime":1489538115916,"created_time":"Wed Mar 15 00:35:15 +0000 2017","lang":"en","displayname":"A_Droflow04","time_zone":"Quito","msg":"Ayyye thank you🤘 https//tco/Mt6rtNMZZS"}
{"tweet_id":841809989140271104,"created_unixtime":1489538116141,"created_time":"Wed Mar 15 00:35:16 +0000 2017","lang":"en","displayname":"akemi0468","time_zone":"","msg":"RT UniversalORL Happy Pop PiDayEscorts self out of the Internet https//tco/hVfAkgkQzp"}
{"tweet_id":841809988817412101,"created_unixtime":1489538116064,"created_time":"Wed Mar 15 00:35:16 +0000 2017","lang":"en","displayname":"fsouththth","time_zone":"","msg":"RT hidden saying im tired when youre actually sad"}
{"tweet_id":841809988557393922,"created_unixtime":1489538116002,"created_time":"Wed Mar 15 00:35:16 +0000 2017","lang":"und","displayname":"logangaines_","time_zone":"","msg":"Happy Birthday AlbertEinstein ππππ ππππ PiDay https//tco/HwdEjmONCb"}
{"tweet_id":841809989652045824,"created_unixtime":1489538116263,"created_time":"Wed Mar 15 00:35:16 +0000 2017","lang":"ja","displayname":"momokusa114","time_zone":"","msg":"RT nilad_otomate 【Happy White Day to you！】鴻上滉の場合（CV岡本信彦）　ニルアド https//tco/YcV33yYhOs"}
{"tweet_id":841809988767092738,"created_unixtime":1489538116052,"created_time":"Wed Mar 15 00:35:16 +0000 2017","lang":"en","displayname":"AndreaRock97","time_zone":"Buenos Aires","msg":"RT PLLlittletheory They look so happy❤ PLL https//tco/aBTK5sEpSW"}
{"tweet_id":841809989392035840,"created_unixtime":1489538116201,"created_time":"Wed Mar 15 00:35:16 +0000 2017","lang":"en","displayname":"BriCDePauw","time_zone":"Central Time (US & Canada)","msg":"Happy PI Day 314"}
{"tweet_id":841809989899448320,"created_unixtime":1489538116322,"created_time":"Wed Mar 15 00:35:16 +0000 2017","lang":"ja","displayname":"3jsbtshiyokobe","time_zone":"","msg":"RT eKOREA2 即日発送！【リツイで抽プレ】EXO HAPPY LOTTO BOX！ご注文はこちらから⇒https//tco/iDCymexGFSフォロー＆RTで抽選1名様にEXO公式グッズプレゼントhttps//tco/d1qZuGYrIx"}
{"tweet_id":841809986221162496,"created_unixtime":1489538115445,"created_time":"Wed Mar 15 00:35:15 +0000 2017","lang":"en","displayname":"C_Z_Bear","time_zone":"","msg":"Brique_a_Braq sarahbmount aww happy anniversary kind of yall"}
{"tweet_id":841809989576593408,"created_unixtime":1489538116245,"created_time":"Wed Mar 15 00:35:16 +0000 2017","lang":"en","displayname":"csixcraig","time_zone":"Arizona","msg":"_simplyyaja_ happy birthday 😊"}
{"tweet_id":841809989979254784,"created_unixtime":1489538116341,"created_time":"Wed Mar 15 00:35:16 +0000 2017","lang":"en","displayname":"anidalaa","time_zone":"Pacific Time (US & Canada)","msg":"RT RebelSugarcube anidalaa HAPPY BIRTHDAY CAILEY https//tco/ZECBuAeGQ7"}
{"tweet_id":841809990566391808,"created_unixtime":1489538116481,"created_time":"Wed Mar 15 00:35:16 +0000 2017","lang":"en","displayname":"Papinder13","time_zone":"","msg":"RT Gurmeetramrahim MSGwishesToArmedForces Jai Hind amp Happy Holi to the courageous Armed Forces who valiantly defend the honor of http…"}
{"tweet_id":841809989631115265,"created_unixtime":1489538116258,"created_time":"Wed Mar 15 00:35:16 +0000 2017","lang":"en","displayname":"ItsVianney_","time_zone":"Eastern Time (US & Canada)","msg":"RT supershayne Me Happy birthday Pi thanks for circles or whateverPi Its not actually my birthdayMe Dude stop being so damn comp…"}
{"tweet_id":841809989568233472,"created_unixtime":1489538116243,"created_time":"Wed Mar 15 00:35:16 +0000 2017","lang":"en","displayname":"orlandriaharden","time_zone":"Mountain Time (US & Canada)","msg":"I love having tez post notification on because he truly loves his fans and he does anything to make them all happy… https//tco/VcEHGgTqoQ"}
{"tweet_id":841809990469976064,"created_unixtime":1489538116458,"created_time":"Wed Mar 15 00:35:16 +0000 2017","lang":"en","displayname":"Kromaatikse","time_zone":"Helsinki","msg":"RT theawkwardyeti Happy PiDay https//tco/7Dz72ARIwg"}
{"tweet_id":841809989735989250,"created_unixtime":1489538116283,"created_time":"Wed Mar 15 00:35:16 +0000 2017","lang":"en","displayname":"KDandTJ","time_zone":"","msg":"Happy Birthday Simone_Biles"}
{"tweet_id":841809990633562113,"created_unixtime":1489538116497,"created_time":"Wed Mar 15 00:35:16 +0000 2017","lang":"en","displayname":"Abbyporterxo","time_zone":"","msg":"so so happy rbn got my circle small👯👯 and my boo👫💑💖💙"}
{"tweet_id":841809991191339008,"created_unixtime":1489538116630,"created_time":"Wed Mar 15 00:35:16 +0000 2017","lang":"ja","displayname":"___ayaji","time_zone":"","msg":"kitk_ldh1207 happyは掛けないと思う。そう信じてる。スーツかな久しぶりに！！社会人か、頑張れ！！！"}
{"tweet_id":841809991111720965,"created_unixtime":1489538116611,"created_time":"Wed Mar 15 00:35:16 +0000 2017","lang":"ja","displayname":"ayaseeli4","time_zone":"Pacific Time (US & Canada)","msg":"RT shamakho_works 海未ちゃん描きました。happy birthday🎉lovelive園田海未生誕祭2017 3月15日は園田海未の誕生日 https//tco/haJCpEMlak"}
{"tweet_id":841809990876835841,"created_unixtime":1489538116555,"created_time":"Wed Mar 15 00:35:16 +0000 2017","lang":"en","displayname":"BestPartOfToday","time_zone":"Mountain Time (US & Canada)","msg":"Yes he was wearing pants https//tco/FvDrVyeaAG"}
{"tweet_id":841809991136874496,"created_unixtime":1489538116617,"created_time":"Wed Mar 15 00:35:16 +0000 2017","lang":"en","displayname":"sara_ketchale","time_zone":"","msg":"tbh im not happy about school being cancelled tomorrow ugh"}
{"tweet_id":841809991761776640,"created_unixtime":1489538116766,"created_time":"Wed Mar 15 00:35:16 +0000 2017","lang":"en","displayname":"skyler_mcmillan","time_zone":"","msg":"RT wheelingprobs Bob Barker and Adam Sandler did a Happy Gilmore reunion skit and it was great https//tco/nKwOyTvBWZ"}
{"tweet_id":841809991623405568,"created_unixtime":1489538116733,"created_time":"Wed Mar 15 00:35:16 +0000 2017","lang":"en","displayname":"lizethhh_07","time_zone":"Pacific Time (US & Canada)","msg":"RT ixo98_ I want to be as happy as DJ Khaleds son Asahd"}
{"tweet_id":841809991975682048,"created_unixtime":1489538116817,"created_time":"Wed Mar 15 00:35:16 +0000 2017","lang":"en","displayname":"JoAnnRoss","time_zone":"Pacific Time (US & Canada)","msg":"YasmineGalenorn Yes And I write better when Im happy It really was gorgeous but asthma isnt worth it I am keeping eyeshadow  trio"}
{"tweet_id":841809992348913664,"created_unixtime":1489538116906,"created_time":"Wed Mar 15 00:35:16 +0000 2017","lang":"en","displayname":"JAMAICAFEDEGREE","time_zone":"","msg":"RT IoneIyme maybe now i wont be so sad"}
{"tweet_id":841809992214753280,"created_unixtime":1489538116874,"created_time":"Wed Mar 15 00:35:16 +0000 2017","lang":"en","displayname":"hapuck1016","time_zone":"Pacific Time (US & Canada)","msg":"Lawrence This is sad but they were blind and now we all are so ashame of this guy"}
{"tweet_id":841809992252448768,"created_unixtime":1489538116883,"created_time":"Wed Mar 15 00:35:16 +0000 2017","lang":"ja","displayname":"Lbsha7090","time_zone":"","msg":"happy birthday サプライズ西野カナのコンサートグッズを買いに来たフリして…いいなと思ったらRThttps//tco/MdjNcxCtNn"}
{"tweet_id":841809992395157504,"created_unixtime":1489538116917,"created_time":"Wed Mar 15 00:35:16 +0000 2017","lang":"en","displayname":"Emsilbernagel","time_zone":"","msg":"RT RelatableQuote Someone When was the last time u were truly happyMe https//tco/FEJsQsjyl5"}
{"tweet_id":841809992504156160,"created_unixtime":1489538116943,"created_time":"Wed Mar 15 00:35:16 +0000 2017","lang":"en","displayname":"robilynn53","time_zone":"","msg":"viallnicholas28 nick so happy for you and Vanessa Hang in there and be patient with each other Looking forward to see you dance"}
{"tweet_id":841809992562950147,"created_unixtime":1489538116957,"created_time":"Wed Mar 15 00:35:16 +0000 2017","lang":"en","displayname":"hancagle","time_zone":"Quito","msg":"RT Kendragarden I believe in Ewoks happy hour and Rachel Maddow"}
{"tweet_id":841809991929630720,"created_unixtime":1489538116806,"created_time":"Wed Mar 15 00:35:16 +0000 2017","lang":"en","displayname":"sunkissedkookie","time_zone":"","msg":"prncemin you havent heard my voice i dont think trust me my voice is so deep its sad"}
{"tweet_id":841809992453885954,"created_unixtime":1489538116931,"created_time":"Wed Mar 15 00:35:16 +0000 2017","lang":"en","displayname":"erin_manning4","time_zone":"Atlantic Time (Canada)","msg":"tmanning_91 ryanbruss13 3rd pic makes my heart happy"}
{"tweet_id":841809992718143490,"created_unixtime":1489538116994,"created_time":"Wed Mar 15 00:35:16 +0000 2017","lang":"en","displayname":"kkeennaaddii","time_zone":"","msg":"RT AdorabIeAnimal THIS JUST MADE ME SO HAPPY https//tco/AsV7FQnJoN"}
{"tweet_id":841809992588115968,"created_unixtime":1489538116963,"created_time":"Wed Mar 15 00:35:16 +0000 2017","lang":"en","displayname":"jadadderall","time_zone":"Atlantic Time (Canada)","msg":"RT Amortalia_ 🎯 yall siced get out https//tco/IlRyQYVFTS"}
{"tweet_id":841809990419599361,"created_unixtime":1489538116446,"created_time":"Wed Mar 15 00:35:16 +0000 2017","lang":"en","displayname":"MukherjiRatna","time_zone":"","msg":"PravsAhuja19 SrBachchan Swetaprasad19 Thekkapoor yadavsunanda08 BeejalBhatt prashantkawadia StLouisgirl123… https//tco/hfKp08RHd1"}
{"tweet_id":841809993254936576,"created_unixtime":1489538117122,"created_time":"Wed Mar 15 00:35:17 +0000 2017","lang":"en","displayname":"itzelangelalvez","time_zone":"","msg":"RT FedEx You say π we say pie Either way happy PiDay https//tco/A2KsHuJIAT"}
{"tweet_id":841809992990769153,"created_unixtime":1489538117059,"created_time":"Wed Mar 15 00:35:17 +0000 2017","lang":"en","displayname":"Clearskies68","time_zone":"","msg":"RT Animals1st Free at last Heartwarming moment sadeyed orangutan is freed from her crate prison https//tco/z9EgcGTuPE https//tco…"}
{"tweet_id":841809993166917633,"created_unixtime":1489538117101,"created_time":"Wed Mar 15 00:35:17 +0000 2017","lang":"und","displayname":"xo_fatty","time_zone":"","msg":"😓 https//tco/sFbE4Eyaah"}
{"tweet_id":841809993603067904,"created_unixtime":1489538117205,"created_time":"Wed Mar 15 00:35:17 +0000 2017","lang":"en","displayname":"WePublicHealth","time_zone":"Brisbane","msg":"RT NatureNPS This is what happens when you have a building full of scientists and a laser👨🏽‍🔬👩🏾‍🔬⚡️3️⃣1️⃣4️⃣ Happy PiDay https//tco…"}
{"tweet_id":841809994089668612,"created_unixtime":1489538117321,"created_time":"Wed Mar 15 00:35:17 +0000 2017","lang":"en","displayname":"bhadjoon","time_zone":"Pacific Time (US & Canada)","msg":"RT wickedrydia and i just want their happiness because i love them so much and they make me so happy and they deserve the whole world"}
{"tweet_id":841809993397600256,"created_unixtime":1489538117156,"created_time":"Wed Mar 15 00:35:17 +0000 2017","lang":"en","displayname":"forevermiami_30","time_zone":"Pacific Time (US & Canada)","msg":"RT joelleGotIt A father confronts his sons killer I can feel his pain too sad https//tco/TQU027V9Eq"}
{"tweet_id":841809994131623940,"created_unixtime":1489538117331,"created_time":"Wed Mar 15 00:35:17 +0000 2017","lang":"en","displayname":"__prima","time_zone":"Mountain Time (US & Canada)","msg":"im just a big ol dumb sad loserbut im still cute tho"}
{"tweet_id":841809994433630208,"created_unixtime":1489538117403,"created_time":"Wed Mar 15 00:35:17 +0000 2017","lang":"en","displayname":"reallylameguy","time_zone":"","msg":"Finished hisuis route going to go lay in bed and be sad for a few hours"}
{"tweet_id":841809991480795136,"created_unixtime":1489538116699,"created_time":"Wed Mar 15 00:35:16 +0000 2017","lang":"en","displayname":"ALouiseHoward","time_zone":"","msg":"Happy birthday Nanc I hope you have a good daysorry these are such old photos 💕 __nancyball https//tco/in1iC139SG"}
{"tweet_id":841809994727206912,"created_unixtime":1489538117473,"created_time":"Wed Mar 15 00:35:17 +0000 2017","lang":"en","displayname":"AyamiSweety93","time_zone":"","msg":"RT CUTEST_ANlMALS this makes me so happy  https//tco/4ebwUxo9Hg"}
{"tweet_id":841809995058544641,"created_unixtime":1489538117552,"created_time":"Wed Mar 15 00:35:17 +0000 2017","lang":"en","displayname":"christinadslp","time_zone":"Eastern Time (US & Canada)","msg":"RT AnimalsOnIy look how happy dad is https//tco/gxfHZ1hnzK"}
{"tweet_id":841809994915942400,"created_unixtime":1489538117518,"created_time":"Wed Mar 15 00:35:17 +0000 2017","lang":"en","displayname":"jmregier","time_zone":"","msg":"RT TeamUSA Happy birthday Simone_Biles​ 🎂💙 TeamUSA amp OlympicChannel https//tco/L1XeFgHU97"}
{"tweet_id":841809994970456064,"created_unixtime":1489538117531,"created_time":"Wed Mar 15 00:35:17 +0000 2017","lang":"en","displayname":"DjCardCracker","time_zone":"Central Time (US & Canada)","msg":"RT jazzyxjeffin HappyPiDay and Happy Birthday Albert Einstein👑 https//tco/UR02YbAIyr"}
{"tweet_id":841809995020832768,"created_unixtime":1489538117543,"created_time":"Wed Mar 15 00:35:17 +0000 2017","lang":"en","displayname":"gabsclaramella","time_zone":"","msg":"RT Chidolue Live to be happy and be happy to be living"}
